dataset,action,path,shape_ok,has_nan,has_inf,wrist_norm,mid_scale,global_min,global_max,mean,std,palm_sign_z,wrist_ok,mid_scale_ok
droh_3d,ok,./test/skeleton_final_v2/ok/IMG_6289.npy,1,0,0,0.0,0.9999961853027344,-0.6628121733665466,2.219374895095825,0.3567657768726349,0.6940540075302124,1.0,1,1
droh_3d,ok,./test/skeleton_final_v2/ok/IMG_6290.npy,1,0,0,0.0,0.9999949336051941,-1.0183343887329102,2.1805312633514404,0.3483907878398895,0.759188175201416,1.0,1,1
droh_3d,ok,./test/skeleton_final_v2/ok/IMG_6292.npy,1,0,0,0.0,0.9999954700469971,-1.0966904163360596,2.2400569915771484,0.3673267364501953,0.7241457104682922,1.0,1,1
droh_3d,ok,./test/skeleton_final_v2/ok/IMG_6327.npy,1,0,0,0.0,0.9999946355819702,-0.9101018309593201,2.0942845344543457,0.31742754578590393,0.7459818720817566,1.0,1,1
droh_3d,ok,./test/skeleton_final_v2/ok/IMG_6329.npy,1,0,0,0.0,0.9999948143959045,-1.1749613285064697,2.035562038421631,0.2266286015510559,0.7517940402030945,1.0,1,1
droh_3d,ok,./test/skeleton_final_v2/ok/IMG_6362.npy,1,0,0,0.0,0.9999943375587463,-0.7522596716880798,2.0058107376098633,0.30788642168045044,0.6530438661575317,1.0,1,1
droh_3d,ok,./test/skeleton_final_v2/ok/IMG_6363.npy,1,0,0,0.0,0.9999947547912598,-0.885989248752594,1.8679008483886719,0.2802645266056061,0.6897523999214172,1.0,1,1
droh_3d,ok,./test/skeleton_final_v2/ok/IMG_6396.npy,1,0,0,0.0,0.9999954700469971,-0.8225173354148865,2.180915355682373,0.3264399766921997,0.7346373796463013,1.0,1,1
droh_3d,ok,./test/skeleton_final_v2/ok/IMG_6434.npy,1,0,0,0.0,0.9999944567680359,-0.6649267673492432,2.5791733264923096,0.4063532054424286,0.8304601311683655,1.0,1,1
droh_3d,ok,./test/skeleton_final_v2/ok/IMG_6437.npy,1,0,0,0.0,0.9999955892562866,-0.7193531394004822,1.9809679985046387,0.3012945055961609,0.6919041872024536,1.0,1,1
droh_3d,ok,./test/skeleton_final_v2/ok/IMG_6472.npy,1,0,0,0.0,0.9999954104423523,-0.555953323841095,2.195139169692993,0.45770564675331116,0.648262619972229,1.0,1,1
droh_3d,ok,./test/skeleton_final_v2/ok/IMG_6474.npy,1,0,0,0.0,0.9999956488609314,-0.4679304361343384,2.19606876373291,0.4746881425380707,0.552020251750946,1.0,1,1
droh_3d,ok,./test/skeleton_final_v2/ok/IMG_6512.npy,1,0,0,0.0,0.9999957084655762,-1.0183018445968628,2.247941493988037,0.32751110196113586,0.8411670327186584,1.0,1,1
droh_3d,ok,./test/skeleton_final_v2/ok/IMG_6554.npy,1,0,0,0.0,0.999994158744812,-0.8270272612571716,2.297093391418457,0.3782554566860199,0.6760406494140625,1.0,1,1
droh_3d,ok,./test/skeleton_final_v2/ok/IMG_6555.npy,1,0,0,0.0,0.9999961853027344,-0.8070412278175354,2.2491276264190674,0.32334214448928833,0.7697409391403198,1.0,1,1
droh_3d,ok,./test/skeleton_final_v2/ok/IMG_6591.npy,1,0,0,0.0,0.9999963045120239,-0.8605132102966309,1.6508560180664062,0.2758212387561798,0.7195778489112854,1.0,1,1
droh_3d,ok,./test/skeleton_final_v2/ok/IMG_6623.npy,1,0,0,0.0,0.999994695186615,-1.2341713905334473,2.3751461505889893,0.3485759496688843,0.8332644104957581,1.0,1,1
droh_3d,ok,./test/skeleton_final_v2/ok/IMG_6624.npy,1,0,0,0.0,0.9999958276748657,-1.2527016401290894,2.1065146923065186,0.30715182423591614,0.7806026339530945,1.0,1,1
droh_3d,ok,./test/skeleton_final_v2/ok/IMG_6712.npy,1,0,0,0.0,0.9999960064888,-0.9012007117271423,2.303156614303589,0.3558921217918396,0.7803676724433899,1.0,1,1
droh_3d,ok,./test/skeleton_final_v2/ok/IMG_6714.npy,1,0,0,0.0,0.9999957084655762,-0.8632357716560364,2.4345438480377197,0.36397799849510193,0.818934977054596,1.0,1,1
droh_3d,ok,./test/skeleton_final_v2/ok/IMG_6738.npy,1,0,0,0.0,0.9999948143959045,-0.2768685519695282,2.0621285438537598,0.5030962228775024,0.5480993390083313,1.0,1,1
droh_3d,ok,./test/skeleton_final_v2/ok/IMG_6803.npy,1,0,0,0.0,0.9999938607215881,-0.8299157619476318,2.2358200550079346,0.42463746666908264,0.8000805377960205,1.0,1,1
droh_3d,ok,./test/skeleton_final_v2/ok/IMG_6805.npy,1,0,0,0.0,0.9999948740005493,-1.0819584131240845,2.1514663696289062,0.3472121059894562,0.7623417377471924,1.0,1,1
droh_3d,ok,./test/skeleton_final_v2/ok/IMG_6834.npy,1,0,0,0.0,0.9999949932098389,-0.3030646741390228,2.003021717071533,0.4557439982891083,0.5625365972518921,1.0,1,1
droh_3d,ok,./test/skeleton_final_v2/ok/IMG_6835.npy,1,0,0,0.0,0.999995231628418,-1.0216680765151978,1.9149069786071777,0.3026891052722931,0.6845443844795227,1.0,1,1
droh_3d,ok,./test/skeleton_final_v2/ok/IMG_6937.npy,1,0,0,0.0,0.9999959468841553,-1.107163667678833,2.1961801052093506,0.2934497892856598,0.7878692746162415,1.0,1,1
droh_3d,ok,./test/skeleton_final_v2/ok/IMG_6938.npy,1,0,0,0.0,0.999995231628418,-0.44642412662506104,2.294387102127075,0.44390082359313965,0.7224486470222473,1.0,1,1
droh_3d,ok,./test/skeleton_final_v2/ok/IMG_6967.npy,1,0,0,0.0,0.999995768070221,-0.9181599020957947,2.1934990882873535,0.34108680486679077,0.7605055570602417,1.0,1,1
droh_3d,ok,./test/skeleton_final_v2/ok/IMG_6968.npy,1,0,0,0.0,0.9999958276748657,-0.8314862251281738,2.075009822845459,0.3298095464706421,0.6984697580337524,1.0,1,1
droh_3d,ok,./test/skeleton_final_v2/ok/IMG_6969.npy,1,0,0,0.0,0.9999944567680359,-0.9428747892379761,2.4007043838500977,0.31158995628356934,0.9453063011169434,1.0,1,1
droh_3d,ok,./test/skeleton_final_v2/ok/IMG_6970.npy,1,0,0,0.0,0.9999949932098389,-1.1687370538711548,2.1799392700195312,0.3517533838748932,0.7840830683708191,1.0,1,1
droh_3d,ok,./test/skeleton_final_v2/ok/IMG_7001.npy,1,0,0,0.0,0.9999962449073792,-0.6703170537948608,2.101566791534424,0.2839791774749756,0.7028520107269287,1.0,1,1
droh_3d,ok,./test/skeleton_final_v2/ok/IMG_7036.npy,1,0,0,0.0,0.9999963045120239,-0.40948453545570374,2.3628602027893066,0.46625563502311707,0.6952509880065918,1.0,1,1
droh_3d,ok,./test/skeleton_final_v2/ok/IMG_7037.npy,1,0,0,0.0,0.9999967813491821,-0.4208027720451355,2.2263665199279785,0.4784533679485321,0.682395875453949,1.0,1,1
droh_3d,ok,./test/skeleton_final_v2/ok/IMG_7038.npy,1,0,0,0.0,0.9999967217445374,-0.44394436478614807,2.290916681289673,0.49179303646087646,0.7009727358818054,1.0,1,1
droh_3d,ok,./test/skeleton_final_v2/ok/IMG_7070.npy,1,0,0,0.0,0.9999953508377075,-0.42640820145606995,2.2133188247680664,0.5432827472686768,0.67471843957901,1.0,1,1
droh_3d,ok,./test/skeleton_final_v2/ok/IMG_7072.npy,1,0,0,0.0,0.999995768070221,-0.5900266170501709,1.9864954948425293,0.42450377345085144,0.5520706176757812,1.0,1,1
droh_3d,ok,./test/skeleton_final_v2/ok/IMG_7073.npy,1,0,0,0.0,0.9999957084655762,-0.34346845746040344,1.9627054929733276,0.4468303918838501,0.5751181840896606,1.0,1,1
droh_3d,ok,./test/skeleton_final_v2/ok/IMG_7227.npy,1,0,0,0.0,0.999995231628418,-0.46935412287712097,1.9545924663543701,0.34844258427619934,0.6218836903572083,1.0,1,1
droh_3d,ok,./test/skeleton_final_v2/ok/IMG_7228.npy,1,0,0,0.0,0.999994695186615,-1.0565359592437744,2.4544568061828613,0.4206581115722656,0.8378680944442749,1.0,1,1
droh_3d,ok,./test/skeleton_final_v2/ok/IMG_7258.npy,1,0,0,0.0,0.9999958276748657,-0.9330059289932251,2.415823459625244,0.36552920937538147,0.830551028251648,1.0,1,1
droh_3d,ok,./test/skeleton_final_v2/ok/IMG_7259.npy,1,0,0,0.0,0.9999953508377075,-0.6145893335342407,2.351461410522461,0.39415884017944336,0.6932503581047058,1.0,1,1
droh_3d,ok,./test/skeleton_final_v2/ok/IMG_7260.npy,1,0,0,0.0,0.9999955892562866,-0.5530017614364624,2.6168429851531982,0.4305332601070404,0.845053493976593,1.0,1,1
droh_3d,ok,./test/skeleton_final_v2/ok/IMG_7288.npy,1,0,0,0.0,0.9999952912330627,-0.5767852067947388,2.280195713043213,0.40856221318244934,0.7410317063331604,1.0,1,1
droh_3d,ok,./test/skeleton_final_v2/ok/IMG_7290.npy,1,0,0,0.0,0.9999956488609314,-0.7107052803039551,2.0954301357269287,0.33326801657676697,0.6653507351875305,1.0,1,1
droh_3d,ok,./test/skeleton_final_v2/ok/IMG_7291.npy,1,0,0,0.0,0.9999959468841553,-0.6887093186378479,2.0866379737854004,0.3445723056793213,0.6745397448539734,1.0,1,1
droh_3d,ok,./test/skeleton_final_v2/ok/IMG_7322.npy,1,0,0,0.0,0.9999961853027344,-1.2349319458007812,2.191293478012085,0.29480335116386414,0.796424388885498,1.0,1,1
droh_3d,ok,./test/skeleton_final_v2/ok/IMG_7323.npy,1,0,0,0.0,0.999996542930603,-0.6010517477989197,1.9646239280700684,0.30672940611839294,0.6789512634277344,1.0,1,1
droh_3d,ok,./test/skeleton_final_v2/ok/IMG_7351.npy,1,0,0,0.0,0.9999963641166687,-0.8244608044624329,2.1025118827819824,0.272041916847229,0.7739319801330566,1.0,1,1
droh_3d,ok,./test/skeleton_final_v2/ok/IMG_7352.npy,1,0,0,0.0,0.9999958872795105,-0.6260107159614563,2.0977752208709717,0.34524279832839966,0.6760973334312439,1.0,1,1
droh_3d,ok,./test/skeleton_final_v2/ok/IMG_7354.npy,1,0,0,0.0,0.9999951720237732,-0.6187598705291748,2.3810033798217773,0.5019237995147705,0.7211228013038635,1.0,1,1
droh_3d,ok,./test/skeleton_final_v2/ok/IMG_7355.npy,1,0,0,0.0,0.9999955296516418,-0.5669661164283752,2.464370012283325,0.531678318977356,0.8322979211807251,1.0,1,1
droh_3d,ok,./test/skeleton_final_v2/ok/IMG_7391.npy,1,0,0,0.0,0.9999957084655762,-0.9340459108352661,2.017086982727051,0.3067658543586731,0.6674677729606628,1.0,1,1
droh_3d,ok,./test/skeleton_final_v2/ok/IMG_7394.npy,1,0,0,0.0,0.9999956488609314,-0.9286261200904846,2.2502670288085938,0.3633078336715698,0.7410331964492798,1.0,1,1
droh_3d,ok,./test/skeleton_final_v2/ok/IMG_7416.npy,1,0,0,0.0,0.9999942779541016,-0.28556424379348755,2.6662886142730713,0.5909997224807739,0.7759957313537598,1.0,1,1
droh_3d,ok,./test/skeleton_final_v2/ok/IMG_7418.npy,1,0,0,0.0,0.9999955892562866,-0.3639028072357178,2.1161141395568848,0.4428069293498993,0.6056505441665649,1.0,1,1
droh_3d,ok,./test/skeleton_final_v2/ok/IMG_7448.npy,1,0,0,0.0,0.9999943971633911,-0.941158652305603,2.439864158630371,0.36463117599487305,0.8191768527030945,1.0,1,1
droh_3d,ok,./test/skeleton_final_v2/ok/IMG_7484.npy,1,0,0,0.0,0.9999955296516418,-0.20731833577156067,1.9923449754714966,0.4392325282096863,0.5480560064315796,1.0,1,1
droh_3d,ok,./test/skeleton_final_v2/ok/IMG_7529.npy,1,0,0,0.0,0.9999960660934448,-0.43042486906051636,2.3367793560028076,0.4839901328086853,0.6694158315658569,1.0,1,1
droh_3d,ok,./test/skeleton_final_v2/ok/IMG_7550.npy,1,0,0,0.0,0.9999963045120239,-1.097744107246399,2.2396352291107178,0.3367820382118225,0.7691057324409485,1.0,1,1
droh_3d,ok,./test/skeleton_final_v2/ok/IMG_7581.npy,1,0,0,0.0,0.9999963641166687,-0.6663894653320312,2.27008318901062,0.5342501997947693,0.6901025772094727,1.0,1,1
droh_3d,ok,./test/skeleton_final_v2/ok/IMG_7582.npy,1,0,0,0.0,0.9999963045120239,-0.9261976480484009,2.2660651206970215,0.3399292826652527,0.7633975148200989,1.0,1,1
droh_3d,ok,./test/skeleton_final_v2/ok/IMG_7583.npy,1,0,0,0.0,0.9999962449073792,-0.813271701335907,2.1991426944732666,0.358986496925354,0.707459568977356,1.0,1,1
droh_3d,ok,./test/skeleton_final_v2/ok/IMG_7584.npy,1,0,0,0.0,0.9999963045120239,-0.8947389125823975,2.279183864593506,0.34555545449256897,0.7792384624481201,1.0,1,1
droh_3d,ok,./test/skeleton_final_v2/ok/IMG_7585.npy,1,0,0,0.0,0.9999958276748657,-0.6913032531738281,2.314574718475342,0.37901771068573,0.8046876788139343,1.0,1,1
droh_3d,ok,./test/skeleton_final_v2/ok/IMG_7613.npy,1,0,0,0.0,0.9999957084655762,-0.6933446526527405,2.210205078125,0.35955536365509033,0.7089509963989258,1.0,1,1
droh_3d,ok,./test/skeleton_final_v2/ok/IMG_7614.npy,1,0,0,0.0,0.9999950528144836,-0.8090237379074097,2.206068992614746,0.22959977388381958,0.68229740858078,1.0,1,1
droh_3d,ok,./test/skeleton_final_v2/ok/IMG_7616.npy,1,0,0,0.0,0.999995768070221,-0.7416609525680542,2.220712900161743,0.34045010805130005,0.7233947515487671,1.0,1,1
droh_3d,ok,./test/skeleton_final_v2/ok/IMG_7617.npy,1,0,0,0.0,0.9999950528144836,-0.6517606973648071,2.4981815814971924,0.3720819354057312,0.8285191059112549,1.0,1,1
droh_3d,ok,./test/skeleton_final_v2/ok/IMG_7618.npy,1,0,0,0.0,0.9999954104423523,-0.770675003528595,2.5308189392089844,0.41274890303611755,0.8257770538330078,1.0,1,1
droh_3d,ok,./test/skeleton_final_v2/ok/IMG_7655.npy,1,0,0,0.0,0.9999955892562866,-0.77953040599823,2.1793930530548096,0.322866827249527,0.7110239267349243,1.0,1,1
droh_3d,ok,./test/skeleton_final_v2/ok/IMG_7656.npy,1,0,0,0.0,0.9999962449073792,-0.6853817105293274,2.077509880065918,0.34718507528305054,0.6713863015174866,1.0,1,1
droh_3d,ok,./test/skeleton_final_v2/ok/IMG_7657.npy,1,0,0,0.0,0.9999949932098389,-0.9395127892494202,1.8744401931762695,0.3604292869567871,0.6742681264877319,1.0,1,1
droh_3d,ok,./test/skeleton_final_v2/ok/IMG_7660.npy,1,0,0,0.0,0.9999963045120239,-0.46801257133483887,1.9060295820236206,0.3313402831554413,0.6732242703437805,1.0,1,1
droh_3d,ok,./test/skeleton_final_v2/ok/IMG_7690.npy,1,0,0,0.0,0.9999954700469971,-0.45946842432022095,2.1510114669799805,0.41724202036857605,0.6545136570930481,1.0,1,1
droh_3d,ok,./test/skeleton_final_v2/ok/IMG_7691.npy,1,0,0,0.0,0.9999952912330627,-0.40939679741859436,1.930145263671875,0.44141367077827454,0.5900319814682007,1.0,1,1
droh_3d,ok,./test/skeleton_final_v2/ok/IMG_7693.npy,1,0,0,0.0,0.9999939799308777,-0.32263118028640747,2.5428779125213623,0.4547278881072998,0.8489634394645691,1.0,1,1
droh_3d,ok,./test/skeleton_final_v2/ok/IMG_7722.npy,1,0,0,0.0,0.9999949932098389,-0.33697906136512756,2.320115566253662,0.5417376756668091,0.6577848196029663,1.0,1,1
droh_3d,ok,./test/skeleton_final_v2/ok/IMG_7723.npy,1,0,0,0.0,0.999995231628418,-0.40938863158226013,2.4315836429595947,0.5189872980117798,0.7050052881240845,1.0,1,1
droh_3d,ok,./test/skeleton_final_v2/ok/IMG_7753.npy,1,0,0,0.0,0.9999961256980896,-0.92384934425354,2.002376079559326,0.3340230882167816,0.7584920525550842,1.0,1,1
droh_3d,ok,./test/skeleton_final_v2/ok/IMG_7756.npy,1,0,0,0.0,0.9999958276748657,-0.965223491191864,1.9255080223083496,0.33015933632850647,0.7226446866989136,1.0,1,1
droh_3d,ok,./test/skeleton_final_v2/ok/IMG_7782.npy,1,0,0,0.0,0.9999951720237732,-0.3146127164363861,2.283808469772339,0.5673983693122864,0.6581153273582458,1.0,1,1
droh_3d,ok,./test/skeleton_final_v2/ok/IMG_7783.npy,1,0,0,0.0,0.999994695186615,-0.9457656145095825,2.20112943649292,0.3192494809627533,0.7563961148262024,1.0,1,1
droh_3d,ok,./test/skeleton_final_v2/ok/IMG_7786.npy,1,0,0,0.0,0.9999950528144836,-1.1082727909088135,2.077056646347046,0.2739374041557312,0.769223690032959,1.0,1,1
droh_3d,ok,./test/skeleton_final_v2/ok/IMG_7854.npy,1,0,0,0.0,0.9999959468841553,-0.6582575440406799,2.230736017227173,0.323259174823761,0.7249249219894409,1.0,1,1
droh_3d,ok,./test/skeleton_final_v2/ok/IMG_7887.npy,1,0,0,0.0,0.9999963045120239,-0.8337612748146057,2.07672119140625,0.3051163852214813,0.7613130211830139,1.0,1,1
droh_3d,ok,./test/skeleton_final_v2/ok/IMG_7888.npy,1,0,0,0.0,0.9999954700469971,-1.1438716650009155,2.3352699279785156,0.3712364137172699,0.9060564041137695,1.0,1,1
droh_3d,ok,./test/skeleton_final_v2/ok/IMG_7890.npy,1,0,0,0.0,0.9999961256980896,-0.5147696137428284,2.0229594707489014,0.3432444930076599,0.6553561091423035,1.0,1,1
droh_3d,ok,./test/skeleton_final_v2/ok/IMG_7891.npy,1,0,0,0.0,0.9999963045120239,-0.6837839484214783,2.06669282913208,0.32690247893333435,0.6668757796287537,1.0,1,1
droh_3d,ok,./test/skeleton_final_v2/ok/IMG_7922.npy,1,0,0,0.0,0.9999958872795105,-0.8742893934249878,1.8410333395004272,0.35511305928230286,0.6690510511398315,1.0,1,1
droh_3d,ok,./test/skeleton_final_v2/ok/IMG_7948.npy,1,0,0,0.0,0.9999959468841553,-0.6358382701873779,2.465752601623535,0.4205448031425476,0.7989752292633057,1.0,1,1
droh_3d,ok,./test/skeleton_final_v2/ok/IMG_7950.npy,1,0,0,0.0,0.999995768070221,-0.6583817601203918,2.258866548538208,0.386810302734375,0.7492842078208923,1.0,1,1
droh_3d,ok,./test/skeleton_final_v2/ok/IMG_7951.npy,1,0,0,0.0,0.9999960660934448,-0.616749107837677,2.2473597526550293,0.32836979627609253,0.7561056613922119,1.0,1,1
droh_3d,ok,./test/skeleton_final_v2/ok/IMG_7980.npy,1,0,0,0.0,0.9999961256980896,-0.6587309837341309,2.0187599658966064,0.42576873302459717,0.6443101763725281,1.0,1,1
droh_3d,ok,./test/skeleton_final_v2/ok/IMG_8014.npy,1,0,0,0.0,0.9999958276748657,-0.46218886971473694,2.016972064971924,0.33557090163230896,0.6489124298095703,1.0,1,1
droh_3d,ok,./test/skeleton_final_v2/ok/IMG_8046.npy,1,0,0,0.0,0.9999949932098389,-0.7218073606491089,2.53336238861084,0.3545861840248108,0.7990437150001526,1.0,1,1
droh_3d,ok,./test/skeleton_final_v2/ok/IMG_8047.npy,1,0,0,0.0,0.9999960064888,-0.8501225113868713,2.082052707672119,0.3123532831668854,0.6840542554855347,1.0,1,1
droh_3d,ok,./test/skeleton_final_v2/ok/IMG_8049.npy,1,0,0,0.0,0.9999956488609314,-0.785568118095398,2.270632266998291,0.2973339855670929,0.7745062112808228,1.0,1,1
droh_3d,ok,./test/skeleton_final_v2/ok/IMG_8087.npy,1,0,0,0.0,0.9999949336051941,-1.0552977323532104,1.954790711402893,0.364516943693161,0.7789746522903442,1.0,1,1
droh_3d,ok,./test/skeleton_final_v2/ok/IMG_8088.npy,1,0,0,0.0,0.9999963641166687,-0.6817219853401184,2.43867564201355,0.3718278408050537,0.7964004874229431,1.0,1,1
droh_3d,ok,./test/skeleton_final_v2/ok/IMG_8089.npy,1,0,0,0.0,0.9999968409538269,-0.39944612979888916,2.090230941772461,0.4731043875217438,0.6466555595397949,1.0,1,1
droh_3d,ok,./test/skeleton_final_v2/ok/IMG_8091.npy,1,0,0,0.0,0.9999973177909851,-0.5362958908081055,1.939061164855957,0.37280410528182983,0.6798922419548035,1.0,1,1
droh_3d,ok,./test/skeleton_final_v2/ok/IMG_8109.npy,1,0,0,0.0,0.9999952912330627,-1.0034736394882202,2.2791635990142822,0.2912549674510956,0.7703131437301636,1.0,1,1
droh_3d,ok,./test/skeleton_final_v2/ok/IMG_8110.npy,1,0,0,0.0,0.9999950528144836,-0.4149778187274933,2.0226619243621826,0.34209704399108887,0.6658107042312622,1.0,1,1
droh_3d,ok,./test/skeleton_final_v2/ok/IMG_8177.npy,1,0,0,0.0,0.9999955296516418,-0.6243157386779785,2.0346755981445312,0.4537372291088104,0.6108537912368774,1.0,1,1
droh_3d,ok,./test/skeleton_final_v2/ok/IMG_8178.npy,1,0,0,0.0,0.9999951720237732,-0.9025672674179077,2.2435948848724365,0.3370238244533539,0.7499099969863892,1.0,1,1
droh_3d,paper,./test/skeleton_final_v2/paper/IMG_6274.npy,1,0,0,0.0,0.9999955892562866,-0.900303065776825,2.2549045085906982,0.422528475522995,0.7710320353507996,1.0,1,1
droh_3d,paper,./test/skeleton_final_v2/paper/IMG_6275.npy,1,0,0,0.0,0.9999967813491821,-0.6818843483924866,2.1144042015075684,0.44640597701072693,0.6887478232383728,1.0,1,1
droh_3d,paper,./test/skeleton_final_v2/paper/IMG_6276.npy,1,0,0,0.0,0.9999952912330627,-1.276036262512207,2.235081434249878,0.39191314578056335,0.8410834670066833,1.0,1,1
droh_3d,paper,./test/skeleton_final_v2/paper/IMG_6277.npy,1,0,0,0.0,0.9999958872795105,-1.247947335243225,2.045194625854492,0.3549775183200836,0.7746672034263611,1.0,1,1
droh_3d,paper,./test/skeleton_final_v2/paper/IMG_6279.npy,1,0,0,0.0,0.9999966025352478,-0.25211301445961,2.1328318119049072,0.41755571961402893,0.6803971529006958,1.0,1,1
droh_3d,paper,./test/skeleton_final_v2/paper/IMG_6280.npy,1,0,0,0.0,0.999997079372406,-0.4954506754875183,2.057267189025879,0.4097135365009308,0.6780149340629578,1.0,1,1
droh_3d,paper,./test/skeleton_final_v2/paper/IMG_6323.npy,1,0,0,0.0,0.9999949336051941,-1.515940546989441,2.1902029514312744,0.3891792297363281,0.8202031850814819,1.0,1,1
droh_3d,paper,./test/skeleton_final_v2/paper/IMG_6324.npy,1,0,0,0.0,0.9999950528144836,-1.1171109676361084,2.185858964920044,0.4103955030441284,0.7820730209350586,1.0,1,1
droh_3d,paper,./test/skeleton_final_v2/paper/IMG_6325.npy,1,0,0,0.0,0.9999955296516418,-1.1957653760910034,2.1541552543640137,0.3677200675010681,0.7501629590988159,1.0,1,1
droh_3d,paper,./test/skeleton_final_v2/paper/IMG_6326.npy,1,0,0,0.0,0.9999929666519165,-0.3294636905193329,2.1552059650421143,0.45343902707099915,0.6516392827033997,1.0,1,1
droh_3d,paper,./test/skeleton_final_v2/paper/IMG_6355.npy,1,0,0,0.0,0.9999955892562866,-1.385311245918274,2.0753612518310547,0.3322760760784149,0.7878047823905945,1.0,1,1
droh_3d,paper,./test/skeleton_final_v2/paper/IMG_6358.npy,1,0,0,0.0,0.9999951720237732,-0.48748183250427246,2.0754234790802,0.37782183289527893,0.7182785868644714,1.0,1,1
droh_3d,paper,./test/skeleton_final_v2/paper/IMG_6359.npy,1,0,0,0.0,0.9999955892562866,-1.1597942113876343,2.2838170528411865,0.4338795244693756,0.7556575536727905,1.0,1,1
droh_3d,paper,./test/skeleton_final_v2/paper/IMG_6391.npy,1,0,0,0.0,0.9999963641166687,-0.5290995240211487,1.9125570058822632,0.3578314781188965,0.6664461493492126,1.0,1,1
droh_3d,paper,./test/skeleton_final_v2/paper/IMG_6392.npy,1,0,0,0.0,0.9999955296516418,-1.1926846504211426,2.0999808311462402,0.42253801226615906,0.7716062068939209,1.0,1,1
droh_3d,paper,./test/skeleton_final_v2/paper/IMG_6393.npy,1,0,0,0.0,0.9999952912330627,-1.2210304737091064,1.9346883296966553,0.4070013761520386,0.7168365120887756,1.0,1,1
droh_3d,paper,./test/skeleton_final_v2/paper/IMG_6395.npy,1,0,0,0.0,0.9999963045120239,-0.7061134576797485,2.0924789905548096,0.4399772882461548,0.7028056979179382,1.0,1,1
droh_3d,paper,./test/skeleton_final_v2/paper/IMG_6427.npy,1,0,0,0.0,0.999995231628418,-1.1055934429168701,2.2069644927978516,0.41850465536117554,0.7227376699447632,1.0,1,1
droh_3d,paper,./test/skeleton_final_v2/paper/IMG_6429.npy,1,0,0,0.0,0.9999949932098389,-1.0778428316116333,2.245419502258301,0.42740821838378906,0.7439965009689331,1.0,1,1
droh_3d,paper,./test/skeleton_final_v2/paper/IMG_6430.npy,1,0,0,0.0,0.999994695186615,-0.8747402429580688,1.9000169038772583,0.34872138500213623,0.6723679900169373,1.0,1,1
droh_3d,paper,./test/skeleton_final_v2/paper/IMG_6431.npy,1,0,0,0.0,0.9999945163726807,-0.9696760177612305,2.1228652000427246,0.42169561982154846,0.7734282612800598,1.0,1,1
droh_3d,paper,./test/skeleton_final_v2/paper/IMG_6467.npy,1,0,0,0.0,0.9999959468841553,-0.8760785460472107,2.145244836807251,0.4051075577735901,0.6907009482383728,1.0,1,1
droh_3d,paper,./test/skeleton_final_v2/paper/IMG_6468.npy,1,0,0,0.0,0.9999960064888,-0.8830788135528564,1.826239824295044,0.3539024889469147,0.7236508727073669,1.0,1,1
droh_3d,paper,./test/skeleton_final_v2/paper/IMG_6469.npy,1,0,0,0.0,0.9999948143959045,-1.1683423519134521,2.244199275970459,0.45851749181747437,0.762242317199707,1.0,1,1
droh_3d,paper,./test/skeleton_final_v2/paper/IMG_6504.npy,1,0,0,0.0,0.9999954104423523,-0.6546371579170227,2.176781415939331,0.39453843235969543,0.7187216281890869,1.0,1,1
droh_3d,paper,./test/skeleton_final_v2/paper/IMG_6505.npy,1,0,0,0.0,0.9999961853027344,-0.674616277217865,2.034522294998169,0.36597371101379395,0.7012524008750916,1.0,1,1
droh_3d,paper,./test/skeleton_final_v2/paper/IMG_6508.npy,1,0,0,0.0,0.9999957084655762,-1.137391209602356,2.3257317543029785,0.41453203558921814,0.8094524145126343,1.0,1,1
droh_3d,paper,./test/skeleton_final_v2/paper/IMG_6546.npy,1,0,0,0.0,0.9999955892562866,-1.1350364685058594,2.218657970428467,0.3846978545188904,0.8062847256660461,1.0,1,1
droh_3d,paper,./test/skeleton_final_v2/paper/IMG_6547.npy,1,0,0,0.0,0.9999948143959045,-1.237680196762085,2.1855647563934326,0.3987796902656555,0.7855769991874695,1.0,1,1
droh_3d,paper,./test/skeleton_final_v2/paper/IMG_6548.npy,1,0,0,0.0,0.9999952912330627,-0.8033327460289001,2.014857769012451,0.45033901929855347,0.6649870872497559,1.0,1,1
droh_3d,paper,./test/skeleton_final_v2/paper/IMG_6549.npy,1,0,0,0.0,0.9999961853027344,-0.5022712349891663,1.9737563133239746,0.3667694926261902,0.6884384751319885,1.0,1,1
droh_3d,paper,./test/skeleton_final_v2/paper/IMG_6550.npy,1,0,0,0.0,0.9999963045120239,-0.7000178098678589,2.205944538116455,0.3854420781135559,0.7388688325881958,1.0,1,1
droh_3d,paper,./test/skeleton_final_v2/paper/IMG_6582.npy,1,0,0,0.0,0.9999963045120239,-0.8479259610176086,2.250295639038086,0.4185832738876343,0.7702992558479309,1.0,1,1
droh_3d,paper,./test/skeleton_final_v2/paper/IMG_6583.npy,1,0,0,0.0,0.9999961256980896,-0.8694822192192078,2.1630449295043945,0.4128136932849884,0.7489582896232605,1.0,1,1
droh_3d,paper,./test/skeleton_final_v2/paper/IMG_6584.npy,1,0,0,0.0,0.9999968409538269,-0.5897966027259827,1.8174383640289307,0.3349616825580597,0.6426729559898376,1.0,1,1
droh_3d,paper,./test/skeleton_final_v2/paper/IMG_6585.npy,1,0,0,0.0,0.9999961853027344,-0.9280667304992676,2.1954967975616455,0.3780144155025482,0.7822401523590088,1.0,1,1
droh_3d,paper,./test/skeleton_final_v2/paper/IMG_6619.npy,1,0,0,0.0,0.9999960064888,-0.7369809746742249,2.2991669178009033,0.44144195318222046,0.7685577273368835,1.0,1,1
droh_3d,paper,./test/skeleton_final_v2/paper/IMG_6622.npy,1,0,0,0.0,0.9999953508377075,-1.0514670610427856,2.2779455184936523,0.41129493713378906,0.8182184100151062,1.0,1,1
droh_3d,paper,./test/skeleton_final_v2/paper/IMG_6653.npy,1,0,0,0.0,0.9999953508377075,-0.760999321937561,2.3175055980682373,0.4460875391960144,0.7857695817947388,1.0,1,1
droh_3d,paper,./test/skeleton_final_v2/paper/IMG_6654.npy,1,0,0,0.0,0.9999957084655762,-1.051067590713501,2.446078300476074,0.4585435688495636,0.7912624478340149,1.0,1,1
droh_3d,paper,./test/skeleton_final_v2/paper/IMG_6655.npy,1,0,0,0.0,0.9999958872795105,-1.3375686407089233,2.3709726333618164,0.4226740002632141,0.8230566382408142,1.0,1,1
droh_3d,paper,./test/skeleton_final_v2/paper/IMG_6656.npy,1,0,0,0.0,0.9999961256980896,-0.8005098700523376,2.2666704654693604,0.4601026773452759,0.7454307675361633,1.0,1,1
droh_3d,paper,./test/skeleton_final_v2/paper/IMG_6708.npy,1,0,0,0.0,0.999996542930603,-0.800896942615509,1.913019061088562,0.33861151337623596,0.6800429224967957,1.0,1,1
droh_3d,paper,./test/skeleton_final_v2/paper/IMG_6709.npy,1,0,0,0.0,0.9999969005584717,-0.830745279788971,1.8625760078430176,0.36529654264450073,0.6339700818061829,1.0,1,1
droh_3d,paper,./test/skeleton_final_v2/paper/IMG_6710.npy,1,0,0,0.0,0.9999969601631165,-0.9512594938278198,1.7596806287765503,0.34323617815971375,0.6158156394958496,1.0,1,1
droh_3d,paper,./test/skeleton_final_v2/paper/IMG_6732.npy,1,0,0,0.0,0.9999963045120239,-0.9712411165237427,2.0480778217315674,0.397671103477478,0.681601345539093,1.0,1,1
droh_3d,paper,./test/skeleton_final_v2/paper/IMG_6767.npy,1,0,0,0.0,0.9999962449073792,-1.6674489974975586,2.1687326431274414,0.4324084222316742,0.7601600289344788,1.0,1,1
droh_3d,paper,./test/skeleton_final_v2/paper/IMG_6799.npy,1,0,0,0.0,0.9999963045120239,-0.7192527651786804,2.0450356006622314,0.3562556505203247,0.7088540196418762,1.0,1,1
droh_3d,paper,./test/skeleton_final_v2/paper/IMG_6830.npy,1,0,0,0.0,0.999994695186615,-1.3756506443023682,2.1317546367645264,0.4402061402797699,0.7533974647521973,1.0,1,1
droh_3d,paper,./test/skeleton_final_v2/paper/IMG_6861.npy,1,0,0,0.0,0.9999969601631165,-0.520918607711792,2.044085741043091,0.4549771547317505,0.6601096391677856,1.0,1,1
droh_3d,paper,./test/skeleton_final_v2/paper/IMG_6862.npy,1,0,0,0.0,0.9999959468841553,-1.0284966230392456,2.1684951782226562,0.36164283752441406,0.7312517762184143,1.0,1,1
droh_3d,paper,./test/skeleton_final_v2/paper/IMG_6864.npy,1,0,0,0.0,0.9999953508377075,-1.3007028102874756,2.0908730030059814,0.4146421551704407,0.7460713982582092,1.0,1,1
droh_3d,paper,./test/skeleton_final_v2/paper/IMG_6865.npy,1,0,0,0.0,0.9999955296516418,-1.1091818809509277,2.199861764907837,0.4399673342704773,0.7751185894012451,1.0,1,1
droh_3d,paper,./test/skeleton_final_v2/paper/IMG_6909.npy,1,0,0,0.0,0.9999958872795105,-0.8705226182937622,2.1957499980926514,0.4088902473449707,0.7697161436080933,1.0,1,1
droh_3d,paper,./test/skeleton_final_v2/paper/IMG_6910.npy,1,0,0,0.0,0.999995768070221,-1.1814903020858765,2.246626853942871,0.40739646553993225,0.7560309767723083,1.0,1,1
droh_3d,paper,./test/skeleton_final_v2/paper/IMG_6911.npy,1,0,0,0.0,0.999995231628418,-1.2550359964370728,2.2641477584838867,0.4121967554092407,0.8131055235862732,1.0,1,1
droh_3d,paper,./test/skeleton_final_v2/paper/IMG_6913.npy,1,0,0,0.0,0.9999955892562866,-0.9448431134223938,1.9781156778335571,0.36675629019737244,0.7302049994468689,1.0,1,1
droh_3d,paper,./test/skeleton_final_v2/paper/IMG_6934.npy,1,0,0,0.0,0.9999954700469971,-1.0553327798843384,1.9164776802062988,0.33652985095977783,0.7242766618728638,1.0,1,1
droh_3d,paper,./test/skeleton_final_v2/paper/IMG_6935.npy,1,0,0,0.0,0.999994695186615,-1.0483065843582153,1.9414894580841064,0.37737807631492615,0.6899243593215942,1.0,1,1
droh_3d,paper,./test/skeleton_final_v2/paper/IMG_6963.npy,1,0,0,0.0,0.999995768070221,-1.12140953540802,2.267742156982422,0.444288432598114,0.7915197014808655,1.0,1,1
droh_3d,paper,./test/skeleton_final_v2/paper/IMG_6964.npy,1,0,0,0.0,0.9999944567680359,-1.1854872703552246,2.1688289642333984,0.416978657245636,0.7813776135444641,1.0,1,1
droh_3d,paper,./test/skeleton_final_v2/paper/IMG_6965.npy,1,0,0,0.0,0.999997079372406,-0.6304039359092712,2.208137273788452,0.45273950695991516,0.7184999585151672,1.0,1,1
droh_3d,paper,./test/skeleton_final_v2/paper/IMG_6994.npy,1,0,0,0.0,0.9999951124191284,-0.728685200214386,2.293537139892578,0.45116159319877625,0.761237621307373,1.0,1,1
droh_3d,paper,./test/skeleton_final_v2/paper/IMG_6995.npy,1,0,0,0.0,0.9999956488609314,-0.6154562830924988,2.2275564670562744,0.509285569190979,0.7325102686882019,1.0,1,1
droh_3d,paper,./test/skeleton_final_v2/paper/IMG_6996.npy,1,0,0,0.0,0.9999956488609314,-0.9426862597465515,2.2733500003814697,0.44921043515205383,0.7810633778572083,1.0,1,1
droh_3d,paper,./test/skeleton_final_v2/paper/IMG_7033.npy,1,0,0,0.0,0.9999963045120239,-0.7447996735572815,1.9948203563690186,0.44058552384376526,0.6486137509346008,1.0,1,1
droh_3d,paper,./test/skeleton_final_v2/paper/IMG_7064.npy,1,0,0,0.0,0.9999963641166687,-0.7833991646766663,2.2812345027923584,0.4558884799480438,0.7487766146659851,1.0,1,1
droh_3d,paper,./test/skeleton_final_v2/paper/IMG_7065.npy,1,0,0,0.0,0.9999962449073792,-0.7784081697463989,2.1799685955047607,0.49150723218917847,0.7056847214698792,1.0,1,1
droh_3d,paper,./test/skeleton_final_v2/paper/IMG_7067.npy,1,0,0,0.0,0.9999964833259583,-0.7375553846359253,2.0294554233551025,0.4470144808292389,0.6598236560821533,1.0,1,1
droh_3d,paper,./test/skeleton_final_v2/paper/IMG_7068.npy,1,0,0,0.0,0.9999967217445374,-0.2349986881017685,2.0143277645111084,0.45868057012557983,0.6169321537017822,1.0,1,1
droh_3d,paper,./test/skeleton_final_v2/paper/IMG_7222.npy,1,0,0,0.0,0.999995768070221,-0.7655833959579468,2.1560657024383545,0.3972466289997101,0.7097262740135193,1.0,1,1
droh_3d,paper,./test/skeleton_final_v2/paper/IMG_7223.npy,1,0,0,0.0,0.9999957084655762,-0.7795990705490112,2.1740379333496094,0.38970640301704407,0.7105984687805176,1.0,1,1
droh_3d,paper,./test/skeleton_final_v2/paper/IMG_7224.npy,1,0,0,0.0,0.999995231628418,-0.7920289039611816,2.3015058040618896,0.41182583570480347,0.779003918170929,1.0,1,1
droh_3d,paper,./test/skeleton_final_v2/paper/IMG_7254.npy,1,0,0,0.0,0.9999961853027344,-0.881264328956604,2.293360471725464,0.3988765478134155,0.7617648243904114,1.0,1,1
droh_3d,paper,./test/skeleton_final_v2/paper/IMG_7285.npy,1,0,0,0.0,0.9999954104423523,-0.7952033877372742,2.167480707168579,0.41488873958587646,0.746120810508728,1.0,1,1
droh_3d,paper,./test/skeleton_final_v2/paper/IMG_7286.npy,1,0,0,0.0,0.9999948740005493,-1.1870192289352417,2.3308961391448975,0.4202219247817993,0.7560089230537415,1.0,1,1
droh_3d,paper,./test/skeleton_final_v2/paper/IMG_7316.npy,1,0,0,0.0,0.9999959468841553,-0.6198247671127319,2.2320351600646973,0.39102137088775635,0.7451438903808594,1.0,1,1
droh_3d,paper,./test/skeleton_final_v2/paper/IMG_7317.npy,1,0,0,0.0,0.9999951124191284,-0.7442833781242371,2.275789499282837,0.4451567232608795,0.7897987961769104,1.0,1,1
droh_3d,paper,./test/skeleton_final_v2/paper/IMG_7345.npy,1,0,0,0.0,0.9999963045120239,-0.9125540852546692,2.2981865406036377,0.4013221859931946,0.7659318447113037,1.0,1,1
droh_3d,paper,./test/skeleton_final_v2/paper/IMG_7347.npy,1,0,0,0.0,0.9999958872795105,-0.8112548589706421,1.9330730438232422,0.3381950259208679,0.6780472993850708,1.0,1,1
droh_3d,paper,./test/skeleton_final_v2/paper/IMG_7349.npy,1,0,0,0.0,0.9999961256980896,-0.35656046867370605,2.008542060852051,0.3781481385231018,0.6809402108192444,1.0,1,1
droh_3d,paper,./test/skeleton_final_v2/paper/IMG_7382.npy,1,0,0,0.0,0.999995231628418,-0.8381468057632446,2.2623131275177,0.4570610225200653,0.7307583093643188,1.0,1,1
droh_3d,paper,./test/skeleton_final_v2/paper/IMG_7414.npy,1,0,0,0.0,0.9999960660934448,-1.325474739074707,1.9587739706039429,0.4109582304954529,0.6980075240135193,1.0,1,1
droh_3d,paper,./test/skeleton_final_v2/paper/IMG_7443.npy,1,0,0,0.0,0.9999959468841553,-0.6382400989532471,2.05572772026062,0.36717987060546875,0.7079616785049438,1.0,1,1
droh_3d,paper,./test/skeleton_final_v2/paper/IMG_7446.npy,1,0,0,0.0,0.9999957084655762,-1.159582257270813,2.1874725818634033,0.40867239236831665,0.7415749430656433,1.0,1,1
droh_3d,paper,./test/skeleton_final_v2/paper/IMG_7447.npy,1,0,0,0.0,0.9999963045120239,-0.4676404297351837,2.4569878578186035,0.4642122685909271,0.7575335502624512,1.0,1,1
droh_3d,paper,./test/skeleton_final_v2/paper/IMG_7476.npy,1,0,0,0.0,0.999995231628418,-1.2388709783554077,2.1797752380371094,0.40343180298805237,0.749889075756073,1.0,1,1
droh_3d,paper,./test/skeleton_final_v2/paper/IMG_7477.npy,1,0,0,0.0,0.9999958872795105,-1.182383418083191,2.156954765319824,0.35677140951156616,0.7282379865646362,1.0,1,1
droh_3d,paper,./test/skeleton_final_v2/paper/IMG_7513.npy,1,0,0,0.0,0.9999954104423523,-1.122973084449768,1.987977147102356,0.36358925700187683,0.7311297059059143,1.0,1,1
droh_3d,paper,./test/skeleton_final_v2/paper/IMG_7515.npy,1,0,0,0.0,0.999994158744812,-1.519189476966858,2.311117649078369,0.44666603207588196,0.7907739281654358,1.0,1,1
droh_3d,paper,./test/skeleton_final_v2/paper/IMG_7545.npy,1,0,0,0.0,0.9999963045120239,-1.383772373199463,2.06870174407959,0.3711068630218506,0.73198002576828,1.0,1,1
droh_3d,paper,./test/skeleton_final_v2/paper/IMG_7578.npy,1,0,0,0.0,0.9999962449073792,-0.7340617775917053,2.139714479446411,0.38163161277770996,0.7106676697731018,1.0,1,1
droh_3d,paper,./test/skeleton_final_v2/paper/IMG_7579.npy,1,0,0,0.0,0.9999957084655762,-0.9017521739006042,2.4452414512634277,0.4139006435871124,0.8016484975814819,1.0,1,1
droh_3d,paper,./test/skeleton_final_v2/paper/IMG_7609.npy,1,0,0,0.0,0.9999958872795105,-0.9184711575508118,1.9279705286026,0.3255745470523834,0.7028037309646606,1.0,1,1
droh_3d,paper,./test/skeleton_final_v2/paper/IMG_7610.npy,1,0,0,0.0,0.9999951124191284,-1.2499288320541382,2.2960567474365234,0.43924805521965027,0.7679337859153748,1.0,1,1
droh_3d,paper,./test/skeleton_final_v2/paper/IMG_7611.npy,1,0,0,0.0,0.9999952912330627,-0.9912429451942444,2.1830434799194336,0.38121670484542847,0.7623427510261536,1.0,1,1
droh_3d,paper,./test/skeleton_final_v2/paper/IMG_7652.npy,1,0,0,0.0,0.9999959468841553,-0.4981686472892761,2.243286609649658,0.40751394629478455,0.7256866693496704,1.0,1,1
droh_3d,paper,./test/skeleton_final_v2/paper/IMG_7653.npy,1,0,0,0.0,0.9999967217445374,-0.4212944209575653,1.700589656829834,0.37304064631462097,0.6032657027244568,1.0,1,1
droh_3d,paper,./test/skeleton_final_v2/paper/IMG_7717.npy,1,0,0,0.0,0.9999962449073792,-1.16971755027771,2.1987202167510986,0.3887881934642792,0.7499874234199524,1.0,1,1
droh_3d,paper,./test/skeleton_final_v2/paper/IMG_7718.npy,1,0,0,0.0,0.9999960064888,-0.8929290175437927,2.1903960704803467,0.4422926902770996,0.7115753293037415,1.0,1,1
droh_3d,paper,./test/skeleton_final_v2/paper/IMG_7719.npy,1,0,0,0.0,0.9999958276748657,-1.0325610637664795,2.29685378074646,0.4510677456855774,0.7740578651428223,1.0,1,1
droh_3d,paper,./test/skeleton_final_v2/paper/IMG_7720.npy,1,0,0,0.0,0.9999961256980896,-0.9283722639083862,2.237151622772217,0.4103893041610718,0.7454479336738586,1.0,1,1
droh_3d,paper,./test/skeleton_final_v2/paper/IMG_7750.npy,1,0,0,0.0,0.9999962449073792,-1.2790368795394897,2.19846510887146,0.41360604763031006,0.7389371395111084,1.0,1,1
droh_3d,paper,./test/skeleton_final_v2/paper/IMG_7778.npy,1,0,0,0.0,0.9999964237213135,-0.5916739702224731,1.6808873414993286,0.3525646924972534,0.6005287766456604,1.0,1,1
droh_3d,paper,./test/skeleton_final_v2/paper/IMG_7781.npy,1,0,0,0.0,0.9999961853027344,-0.5580874681472778,1.6947702169418335,0.34535953402519226,0.6162908673286438,1.0,1,1
droh_3d,paper,./test/skeleton_final_v2/paper/IMG_7850.npy,1,0,0,0.0,0.9999963641166687,-0.8079685568809509,1.741410493850708,0.3346244692802429,0.622254490852356,1.0,1,1
droh_3d,paper,./test/skeleton_final_v2/paper/IMG_7882.npy,1,0,0,0.0,0.9999963045120239,-0.8864452838897705,1.9774097204208374,0.35980224609375,0.6881278157234192,1.0,1,1
droh_3d,paper,./test/skeleton_final_v2/paper/IMG_7883.npy,1,0,0,0.0,0.999995231628418,-1.1289005279541016,2.3677825927734375,0.4179380238056183,0.7852948904037476,1.0,1,1
droh_3d,paper,./test/skeleton_final_v2/paper/IMG_7884.npy,1,0,0,0.0,0.999995768070221,-0.949245035648346,2.2050421237945557,0.4300612211227417,0.7536352872848511,1.0,1,1
droh_3d,paper,./test/skeleton_final_v2/paper/IMG_7885.npy,1,0,0,0.0,0.9999958872795105,-0.5053036212921143,1.9456887245178223,0.4201017916202545,0.6505522131919861,1.0,1,1
droh_3d,paper,./test/skeleton_final_v2/paper/IMG_7946.npy,1,0,0,0.0,0.9999960660934448,-0.7018759846687317,2.340665340423584,0.45132192969322205,0.7645459175109863,1.0,1,1
droh_3d,paper,./test/skeleton_final_v2/paper/IMG_7947.npy,1,0,0,0.0,0.9999959468841553,-1.0180680751800537,2.393357038497925,0.4525511562824249,0.8330284357070923,1.0,1,1
droh_3d,paper,./test/skeleton_final_v2/paper/IMG_7977.npy,1,0,0,0.0,0.9999962449073792,-0.6295775771141052,1.8790839910507202,0.4451248347759247,0.6383017897605896,1.0,1,1
droh_3d,paper,./test/skeleton_final_v2/paper/IMG_7979.npy,1,0,0,0.0,0.999996542930603,-0.38742363452911377,1.7185635566711426,0.40291333198547363,0.6020114421844482,1.0,1,1
droh_3d,paper,./test/skeleton_final_v2/paper/IMG_8042.npy,1,0,0,0.0,0.9999958276748657,-0.9579967856407166,2.377408504486084,0.4428175091743469,0.7710999250411987,1.0,1,1
droh_3d,paper,./test/skeleton_final_v2/paper/IMG_8043.npy,1,0,0,0.0,0.9999959468841553,-0.7041960954666138,2.347745180130005,0.4332725405693054,0.7809112668037415,1.0,1,1
droh_3d,paper,./test/skeleton_final_v2/paper/IMG_8044.npy,1,0,0,0.0,0.9999952912330627,-0.6501286029815674,2.350618600845337,0.39294299483299255,0.8298491835594177,1.0,1,1
droh_3d,paper,./test/skeleton_final_v2/paper/IMG_8073.npy,1,0,0,0.0,0.9999963045120239,-1.0571993589401245,2.1210615634918213,0.352211058139801,0.7344364523887634,1.0,1,1
droh_3d,paper,./test/skeleton_final_v2/paper/IMG_8075.npy,1,0,0,0.0,0.9999949932098389,-0.882331371307373,2.3745343685150146,0.43105849623680115,0.7977170944213867,1.0,1,1
droh_3d,paper,./test/skeleton_final_v2/paper/IMG_8105.npy,1,0,0,0.0,0.9999961256980896,-0.5359254479408264,1.7860133647918701,0.338438481092453,0.6270291805267334,1.0,1,1
droh_3d,paper,./test/skeleton_final_v2/paper/IMG_8106.npy,1,0,0,0.0,0.9999960064888,-0.977435290813446,1.8961161375045776,0.3443794846534729,0.6732445955276489,1.0,1,1
droh_3d,paper,./test/skeleton_final_v2/paper/IMG_8139.npy,1,0,0,0.0,0.9999954104423523,-1.051302433013916,1.979636311531067,0.3594609200954437,0.7256777286529541,1.0,1,1
droh_3d,paper,./test/skeleton_final_v2/paper/IMG_8174.npy,1,0,0,0.0,0.9999959468841553,-1.4962197542190552,2.1823225021362305,0.38294368982315063,0.8002437353134155,1.0,1,1
droh_3d,rock,./test/skeleton_final_v2/rock/IMG_6254.npy,1,0,0,0.0,0.9999951124191284,-1.1285614967346191,1.0808179378509521,-0.03363794460892677,0.5395104289054871,1.0,1,1
droh_3d,rock,./test/skeleton_final_v2/rock/IMG_6265.npy,1,0,0,0.0,0.9999961853027344,-0.8428501486778259,0.9999961853027344,0.055882398039102554,0.4948153495788574,1.0,1,1
droh_3d,rock,./test/skeleton_final_v2/rock/IMG_6266.npy,1,0,0,0.0,0.9999960660934448,-0.676688015460968,1.0635238885879517,0.06992402672767639,0.535901665687561,1.0,1,1
droh_3d,rock,./test/skeleton_final_v2/rock/IMG_6267.npy,1,0,0,0.0,0.9999960660934448,-0.690081775188446,1.0626757144927979,0.07022285461425781,0.5331899523735046,1.0,1,1
droh_3d,rock,./test/skeleton_final_v2/rock/IMG_6271.npy,1,0,0,0.0,0.9999955296516418,-0.45127201080322266,1.2783881425857544,0.2836933732032776,0.502409815788269,1.0,1,1
droh_3d,rock,./test/skeleton_final_v2/rock/IMG_6272.npy,1,0,0,0.0,0.9999958276748657,-0.6465566754341125,1.2717617750167847,0.29388466477394104,0.560820996761322,1.0,1,1
droh_3d,rock,./test/skeleton_final_v2/rock/IMG_6318.npy,1,0,0,0.0,0.999994158744812,-0.44944167137145996,1.4715890884399414,0.3173692226409912,0.5799906849861145,1.0,1,1
droh_3d,rock,./test/skeleton_final_v2/rock/IMG_6321.npy,1,0,0,0.0,0.9999949932098389,-0.7862653136253357,0.9999949932098389,0.07877760380506516,0.5099422335624695,1.0,1,1
droh_3d,rock,./test/skeleton_final_v2/rock/IMG_6345.npy,1,0,0,0.0,0.9999948143959045,-0.7683929800987244,1.4946435689926147,0.22488915920257568,0.5972470641136169,1.0,1,1
droh_3d,rock,./test/skeleton_final_v2/rock/IMG_6346.npy,1,0,0,0.0,0.9999949932098389,-0.7573549151420593,0.9999949932098389,0.09548050165176392,0.491295725107193,1.0,1,1
droh_3d,rock,./test/skeleton_final_v2/rock/IMG_6348.npy,1,0,0,0.0,0.9999963045120239,-0.4109363257884979,1.2576191425323486,0.2779864966869354,0.5181046724319458,1.0,1,1
droh_3d,rock,./test/skeleton_final_v2/rock/IMG_6349.npy,1,0,0,0.0,0.9999961853027344,-0.8106539845466614,1.0379339456558228,0.12741123139858246,0.5176465511322021,1.0,1,1
droh_3d,rock,./test/skeleton_final_v2/rock/IMG_6384.npy,1,0,0,0.0,0.9999952912330627,-0.43533411622047424,1.2684205770492554,0.2729513347148895,0.5370583534240723,1.0,1,1
droh_3d,rock,./test/skeleton_final_v2/rock/IMG_6385.npy,1,0,0,0.0,0.9999957084655762,-1.0574508905410767,1.0345335006713867,0.0028446977958083153,0.576047956943512,1.0,1,1
droh_3d,rock,./test/skeleton_final_v2/rock/IMG_6417.npy,1,0,0,0.0,0.9999945759773254,-0.6806617379188538,1.4873379468917847,0.2251061499118805,0.5985859632492065,1.0,1,1
droh_3d,rock,./test/skeleton_final_v2/rock/IMG_6418.npy,1,0,0,0.0,0.999994695186615,-0.741706907749176,1.6244964599609375,0.1522769033908844,0.6883297562599182,1.0,1,1
droh_3d,rock,./test/skeleton_final_v2/rock/IMG_6420.npy,1,0,0,0.0,0.9999960064888,-0.4567493200302124,1.140748143196106,0.1830153912305832,0.4928191006183624,1.0,1,1
droh_3d,rock,./test/skeleton_final_v2/rock/IMG_6460.npy,1,0,0,0.0,0.9999961256980896,-0.5946019291877747,1.3208906650543213,0.3985414206981659,0.488208144903183,1.0,1,1
droh_3d,rock,./test/skeleton_final_v2/rock/IMG_6499.npy,1,0,0,0.0,0.9999952912330627,-0.753581702709198,1.2855428457260132,0.16233526170253754,0.5156832933425903,1.0,1,1
droh_3d,rock,./test/skeleton_final_v2/rock/IMG_6500.npy,1,0,0,0.0,0.9999950528144836,-0.5954768061637878,1.4102123975753784,0.3421507775783539,0.5669205188751221,1.0,1,1
droh_3d,rock,./test/skeleton_final_v2/rock/IMG_6502.npy,1,0,0,0.0,0.9999967217445374,-0.6816705465316772,1.1533485651016235,0.13511380553245544,0.5424302816390991,1.0,1,1
droh_3d,rock,./test/skeleton_final_v2/rock/IMG_6503.npy,1,0,0,0.0,0.999995231628418,-0.5059772729873657,1.3949129581451416,0.19553610682487488,0.5209954977035522,1.0,1,1
droh_3d,rock,./test/skeleton_final_v2/rock/IMG_6541.npy,1,0,0,0.0,0.9999955892562866,-0.6892032027244568,1.4311875104904175,0.20526918768882751,0.6259625554084778,1.0,1,1
droh_3d,rock,./test/skeleton_final_v2/rock/IMG_6543.npy,1,0,0,0.0,0.9999947547912598,-0.36501750349998474,1.333486795425415,0.23176544904708862,0.5028864741325378,1.0,1,1
droh_3d,rock,./test/skeleton_final_v2/rock/IMG_6574.npy,1,0,0,0.0,0.9999962449073792,-0.5786536931991577,1.4310417175292969,0.22953316569328308,0.5397190451622009,1.0,1,1
droh_3d,rock,./test/skeleton_final_v2/rock/IMG_6575.npy,1,0,0,0.0,0.9999966025352478,-0.5133772492408752,1.4340221881866455,0.2095925509929657,0.5533303022384644,1.0,1,1
droh_3d,rock,./test/skeleton_final_v2/rock/IMG_6611.npy,1,0,0,0.0,0.9999945759773254,-0.5677416920661926,1.5259742736816406,0.28392648696899414,0.6187533736228943,1.0,1,1
droh_3d,rock,./test/skeleton_final_v2/rock/IMG_6641.npy,1,0,0,0.0,0.9999961853027344,-0.7147151231765747,1.4323843717575073,0.1750517636537552,0.5541260838508606,1.0,1,1
droh_3d,rock,./test/skeleton_final_v2/rock/IMG_6700.npy,1,0,0,0.0,0.9999958276748657,-0.6930913329124451,1.2209997177124023,0.13662053644657135,0.5485526919364929,1.0,1,1
droh_3d,rock,./test/skeleton_final_v2/rock/IMG_6701.npy,1,0,0,0.0,0.9999963641166687,-0.5323507785797119,1.2820767164230347,0.2322746217250824,0.5517594814300537,1.0,1,1
droh_3d,rock,./test/skeleton_final_v2/rock/IMG_6720.npy,1,0,0,0.0,0.9999963641166687,-0.5346949696540833,1.292546272277832,0.30008232593536377,0.5048933625221252,1.0,1,1
droh_3d,rock,./test/skeleton_final_v2/rock/IMG_6723.npy,1,0,0,0.0,0.999996542930603,-0.4077731966972351,1.2259944677352905,0.36560192704200745,0.39728498458862305,1.0,1,1
droh_3d,rock,./test/skeleton_final_v2/rock/IMG_6765.npy,1,0,0,0.0,0.9999960660934448,-0.13515719771385193,1.202802300453186,0.5611827969551086,0.344938188791275,1.0,1,1
droh_3d,rock,./test/skeleton_final_v2/rock/IMG_6793.npy,1,0,0,0.0,0.9999949932098389,-0.6938480138778687,1.2653790712356567,0.12627515196800232,0.5919455289840698,1.0,1,1
droh_3d,rock,./test/skeleton_final_v2/rock/IMG_6794.npy,1,0,0,0.0,0.9999950528144836,-0.25659987330436707,1.3119409084320068,0.3238945007324219,0.5050744414329529,1.0,1,1
droh_3d,rock,./test/skeleton_final_v2/rock/IMG_6796.npy,1,0,0,0.0,0.9999949336051941,-0.5625656843185425,1.3535465002059937,0.2580944895744324,0.5670621991157532,1.0,1,1
droh_3d,rock,./test/skeleton_final_v2/rock/IMG_6821.npy,1,0,0,0.0,0.9999955892562866,-0.6503357291221619,1.3619983196258545,0.3870035707950592,0.44810205698013306,1.0,1,1
droh_3d,rock,./test/skeleton_final_v2/rock/IMG_6822.npy,1,0,0,0.0,0.9999954700469971,-0.5286843776702881,1.5119311809539795,0.4886372685432434,0.5246748328208923,1.0,1,1
droh_3d,rock,./test/skeleton_final_v2/rock/IMG_6824.npy,1,0,0,0.0,0.9999952912330627,-0.6748736500740051,0.9999952912330627,0.24736405909061432,0.4019712507724762,1.0,1,1
droh_3d,rock,./test/skeleton_final_v2/rock/IMG_6851.npy,1,0,0,0.0,0.9999953508377075,-0.7879721522331238,1.5518412590026855,0.22231680154800415,0.6811473369598389,1.0,1,1
droh_3d,rock,./test/skeleton_final_v2/rock/IMG_6853.npy,1,0,0,0.0,0.9999951720237732,-0.5258336663246155,1.587105631828308,0.37197279930114746,0.6280127763748169,1.0,1,1
droh_3d,rock,./test/skeleton_final_v2/rock/IMG_6855.npy,1,0,0,0.0,0.9999954700469971,-1.4784116744995117,1.7612515687942505,0.11123094707727432,0.8144355416297913,1.0,1,1
droh_3d,rock,./test/skeleton_final_v2/rock/IMG_6900.npy,1,0,0,0.0,0.9999954104423523,-1.3107222318649292,1.2562319040298462,0.12063021212816238,0.7145794034004211,1.0,1,1
droh_3d,rock,./test/skeleton_final_v2/rock/IMG_6902.npy,1,0,0,0.0,0.9999964833259583,-0.679068922996521,1.3303766250610352,0.16536369919776917,0.5275949239730835,1.0,1,1
droh_3d,rock,./test/skeleton_final_v2/rock/IMG_6904.npy,1,0,0,0.0,0.9999954700469971,-1.0010271072387695,1.404680848121643,0.1198093593120575,0.6972495913505554,1.0,1,1
droh_3d,rock,./test/skeleton_final_v2/rock/IMG_6924.npy,1,0,0,0.0,0.9999952912330627,-1.049131989479065,1.3219165802001953,0.09707112610340118,0.623217761516571,1.0,1,1
droh_3d,rock,./test/skeleton_final_v2/rock/IMG_6925.npy,1,0,0,0.0,0.999995231628418,-0.8907566666603088,1.66262686252594,0.23727376759052277,0.7066658735275269,1.0,1,1
droh_3d,rock,./test/skeleton_final_v2/rock/IMG_6927.npy,1,0,0,0.0,0.9999958276748657,-0.7423975467681885,1.115822672843933,0.12938006222248077,0.5214480757713318,1.0,1,1
droh_3d,rock,./test/skeleton_final_v2/rock/IMG_6954.npy,1,0,0,0.0,0.9999957084655762,-1.0933575630187988,0.9999957084655762,0.015698570758104324,0.5891810059547424,1.0,1,1
droh_3d,rock,./test/skeleton_final_v2/rock/IMG_6955.npy,1,0,0,0.0,0.9999957084655762,-0.7961414456367493,1.9202882051467896,0.27088937163352966,0.7565191388130188,1.0,1,1
droh_3d,rock,./test/skeleton_final_v2/rock/IMG_6984.npy,1,0,0,0.0,0.999994695186615,-1.522701382637024,1.038807988166809,-0.08879377692937851,0.6792675852775574,1.0,1,1
droh_3d,rock,./test/skeleton_final_v2/rock/IMG_6987.npy,1,0,0,0.0,0.9999962449073792,-0.5361316204071045,1.2498998641967773,0.1822914481163025,0.5267598628997803,1.0,1,1
droh_3d,rock,./test/skeleton_final_v2/rock/IMG_7019.npy,1,0,0,0.0,0.9999934434890747,-0.7853121161460876,1.4322237968444824,0.2036975920200348,0.6901350021362305,1.0,1,1
droh_3d,rock,./test/skeleton_final_v2/rock/IMG_7023.npy,1,0,0,0.0,0.9999931454658508,-0.7916603088378906,1.372455358505249,0.1940063089132309,0.6615961194038391,1.0,1,1
droh_3d,rock,./test/skeleton_final_v2/rock/IMG_7054.npy,1,0,0,0.0,0.9999964237213135,-0.5471891760826111,1.3813501596450806,0.3605014383792877,0.5206963419914246,1.0,1,1
droh_3d,rock,./test/skeleton_final_v2/rock/IMG_7212.npy,1,0,0,0.0,0.9999959468841553,-0.5150977373123169,1.519774079322815,0.21522359549999237,0.5661818981170654,1.0,1,1
droh_3d,rock,./test/skeleton_final_v2/rock/IMG_7213.npy,1,0,0,0.0,0.9999958276748657,-0.45847874879837036,1.3036218881607056,0.305768758058548,0.5876762270927429,1.0,1,1
droh_3d,rock,./test/skeleton_final_v2/rock/IMG_7214.npy,1,0,0,0.0,0.9999972581863403,-0.5185040831565857,1.155155897140503,0.1929699182510376,0.4864813983440399,1.0,1,1
droh_3d,rock,./test/skeleton_final_v2/rock/IMG_7244.npy,1,0,0,0.0,0.9999964237213135,-0.4677254855632782,1.3664546012878418,0.2246863842010498,0.5103334188461304,1.0,1,1
droh_3d,rock,./test/skeleton_final_v2/rock/IMG_7245.npy,1,0,0,0.0,0.999995768070221,-0.40647298097610474,1.4442888498306274,0.31012776494026184,0.5777970552444458,1.0,1,1
droh_3d,rock,./test/skeleton_final_v2/rock/IMG_7279.npy,1,0,0,0.0,0.9999961853027344,-0.9051306247711182,1.4550081491470337,0.23737747967243195,0.674636960029602,1.0,1,1
droh_3d,rock,./test/skeleton_final_v2/rock/IMG_7305.npy,1,0,0,0.0,0.9999966025352478,-0.4081360995769501,1.4283801317214966,0.23275072872638702,0.5058712363243103,1.0,1,1
droh_3d,rock,./test/skeleton_final_v2/rock/IMG_7307.npy,1,0,0,0.0,0.9999962449073792,-0.49987903237342834,1.2637593746185303,0.2141188085079193,0.4882153868675232,1.0,1,1
droh_3d,rock,./test/skeleton_final_v2/rock/IMG_7308.npy,1,0,0,0.0,0.9999963045120239,-0.6777448654174805,1.1008268594741821,0.19933894276618958,0.5432139039039612,1.0,1,1
droh_3d,rock,./test/skeleton_final_v2/rock/IMG_7309.npy,1,0,0,0.0,0.9999951124191284,-1.1345728635787964,1.4272328615188599,0.17502674460411072,0.6937742233276367,1.0,1,1
droh_3d,rock,./test/skeleton_final_v2/rock/IMG_7337.npy,1,0,0,0.0,0.9999964237213135,-0.5120158791542053,1.1703213453292847,0.22772462666034698,0.47447919845581055,1.0,1,1
droh_3d,rock,./test/skeleton_final_v2/rock/IMG_7338.npy,1,0,0,0.0,0.9999966621398926,-0.659587025642395,0.9999966621398926,0.0706903487443924,0.4989064335823059,1.0,1,1
droh_3d,rock,./test/skeleton_final_v2/rock/IMG_7340.npy,1,0,0,0.0,0.9999964237213135,-1.4246660470962524,1.7077209949493408,0.1642792820930481,0.7710298895835876,1.0,1,1
droh_3d,rock,./test/skeleton_final_v2/rock/IMG_7370.npy,1,0,0,0.0,0.9999964833259583,-0.564609169960022,1.1806154251098633,0.33601245284080505,0.430001437664032,1.0,1,1
droh_3d,rock,./test/skeleton_final_v2/rock/IMG_7371.npy,1,0,0,0.0,0.9999967813491821,-0.46021008491516113,1.1330046653747559,0.30808010697364807,0.4359227120876312,1.0,1,1
droh_3d,rock,./test/skeleton_final_v2/rock/IMG_7373.npy,1,0,0,0.0,0.9999959468841553,-0.31677040457725525,1.375723958015442,0.369208961725235,0.44557952880859375,1.0,1,1
droh_3d,rock,./test/skeleton_final_v2/rock/IMG_7402.npy,1,0,0,0.0,0.9999966025352478,-0.4344103932380676,1.41748046875,0.4126664400100708,0.4787983298301697,1.0,1,1
droh_3d,rock,./test/skeleton_final_v2/rock/IMG_7404.npy,1,0,0,0.0,0.999996542930603,-0.2488819658756256,1.3386614322662354,0.36970067024230957,0.4250789284706116,1.0,1,1
droh_3d,rock,./test/skeleton_final_v2/rock/IMG_7433.npy,1,0,0,0.0,0.999995231628418,-0.7255236506462097,1.1022279262542725,0.16548733413219452,0.5387542247772217,1.0,1,1
droh_3d,rock,./test/skeleton_final_v2/rock/IMG_7436.npy,1,0,0,0.0,0.9999954104423523,-1.1428941488265991,1.316577672958374,0.024366650730371475,0.6668541431427002,1.0,1,1
droh_3d,rock,./test/skeleton_final_v2/rock/IMG_7470.npy,1,0,0,0.0,0.9999961853027344,-0.3226796090602875,1.5751423835754395,0.5441932082176208,0.49478307366371155,1.0,1,1
droh_3d,rock,./test/skeleton_final_v2/rock/IMG_7502.npy,1,0,0,0.0,0.999995231628418,-0.5578759908676147,1.2182543277740479,0.3745385408401489,0.45662158727645874,1.0,1,1
droh_3d,rock,./test/skeleton_final_v2/rock/IMG_7503.npy,1,0,0,0.0,0.9999960660934448,-0.4313506484031677,1.0840650796890259,0.339388370513916,0.3708728849887848,1.0,1,1
droh_3d,rock,./test/skeleton_final_v2/rock/IMG_7506.npy,1,0,0,0.0,0.9999948143959045,-0.5721785426139832,1.4550467729568481,0.4567810893058777,0.5186923146247864,1.0,1,1
droh_3d,rock,./test/skeleton_final_v2/rock/IMG_7539.npy,1,0,0,0.0,0.9999967813491821,-0.7065905332565308,1.3316348791122437,0.18411101400852203,0.6334062814712524,1.0,1,1
droh_3d,rock,./test/skeleton_final_v2/rock/IMG_7568.npy,1,0,0,0.0,0.9999968409538269,-0.8948129415512085,1.143802523612976,0.1470571756362915,0.5831616520881653,1.0,1,1
droh_3d,rock,./test/skeleton_final_v2/rock/IMG_7571.npy,1,0,0,0.0,0.999997079372406,-0.9490593671798706,1.345533847808838,0.2273051142692566,0.6671289205551147,1.0,1,1
droh_3d,rock,./test/skeleton_final_v2/rock/IMG_7603.npy,1,0,0,0.0,0.9999956488609314,-0.3617860972881317,1.2476521730422974,0.2575255334377289,0.4995346963405609,1.0,1,1
droh_3d,rock,./test/skeleton_final_v2/rock/IMG_7635.npy,1,0,0,0.0,0.9999955296516418,-0.3914015293121338,1.4769432544708252,0.25374850630760193,0.5122495293617249,1.0,1,1
droh_3d,rock,./test/skeleton_final_v2/rock/IMG_7636.npy,1,0,0,0.0,0.9999935626983643,-0.8624963760375977,1.9647527933120728,0.4943932592868805,0.7104807496070862,1.0,1,1
droh_3d,rock,./test/skeleton_final_v2/rock/IMG_7637.npy,1,0,0,0.0,0.9999935626983643,-0.8191656470298767,1.9881571531295776,0.515339732170105,0.7078162431716919,1.0,1,1
droh_3d,rock,./test/skeleton_final_v2/rock/IMG_7638.npy,1,0,0,0.0,0.9999938607215881,-0.7101109623908997,1.9573887586593628,0.5327903628349304,0.7043182849884033,1.0,1,1
droh_3d,rock,./test/skeleton_final_v2/rock/IMG_7639.npy,1,0,0,0.0,0.9999931454658508,-0.7999845743179321,2.0408694744110107,0.531829833984375,0.7303135395050049,1.0,1,1
droh_3d,rock,./test/skeleton_final_v2/rock/IMG_7680.npy,1,0,0,0.0,0.9999958872795105,-0.29326075315475464,1.140533447265625,0.3660520315170288,0.3393152952194214,1.0,1,1
droh_3d,rock,./test/skeleton_final_v2/rock/IMG_7716.npy,1,0,0,0.0,0.9999958872795105,-0.68978351354599,1.359857439994812,0.4521487355232239,0.4748264253139496,1.0,1,1
droh_3d,rock,./test/skeleton_final_v2/rock/IMG_7741.npy,1,0,0,0.0,0.9999962449073792,-0.41682472825050354,1.2526732683181763,0.20073942840099335,0.5016425251960754,1.0,1,1
droh_3d,rock,./test/skeleton_final_v2/rock/IMG_7742.npy,1,0,0,0.0,0.9999962449073792,-0.6501950025558472,1.1800683736801147,0.11691611260175705,0.5458964705467224,1.0,1,1
droh_3d,rock,./test/skeleton_final_v2/rock/IMG_7744.npy,1,0,0,0.0,0.9999959468841553,-0.5228508114814758,1.530304193496704,0.2416028082370758,0.5659621953964233,1.0,1,1
droh_3d,rock,./test/skeleton_final_v2/rock/IMG_7772.npy,1,0,0,0.0,0.9999954104423523,-0.43833833932876587,1.3515946865081787,0.24944280087947845,0.5325393080711365,1.0,1,1
droh_3d,rock,./test/skeleton_final_v2/rock/IMG_7838.npy,1,0,0,0.0,0.9999958872795105,-0.40820199251174927,1.348442554473877,0.23588113486766815,0.5080325603485107,1.0,1,1
droh_3d,rock,./test/skeleton_final_v2/rock/IMG_7873.npy,1,0,0,0.0,0.9999964237213135,-0.6127454042434692,1.0727788209915161,0.10277186334133148,0.5173842310905457,1.0,1,1
droh_3d,rock,./test/skeleton_final_v2/rock/IMG_7875.npy,1,0,0,0.0,0.9999969601631165,-0.6471541523933411,1.1492365598678589,0.1676049381494522,0.5233446359634399,1.0,1,1
droh_3d,rock,./test/skeleton_final_v2/rock/IMG_7876.npy,1,0,0,0.0,0.9999957084655762,-1.3657642602920532,1.518224835395813,0.15712019801139832,0.7377890348434448,1.0,1,1
droh_3d,rock,./test/skeleton_final_v2/rock/IMG_7907.npy,1,0,0,0.0,0.9999967813491821,-0.5560086965560913,1.1895055770874023,0.16998392343521118,0.49533042311668396,1.0,1,1
droh_3d,rock,./test/skeleton_final_v2/rock/IMG_7937.npy,1,0,0,0.0,0.9999973177909851,-0.6422681212425232,1.0970019102096558,0.12000209093093872,0.5394176244735718,1.0,1,1
droh_3d,rock,./test/skeleton_final_v2/rock/IMG_7939.npy,1,0,0,0.0,0.9999933242797852,-0.6335453391075134,1.8772903680801392,0.4702557921409607,0.7234399914741516,1.0,1,1
droh_3d,rock,./test/skeleton_final_v2/rock/IMG_7970.npy,1,0,0,0.0,0.9999958276748657,-0.5465914607048035,1.660353422164917,0.4688160717487335,0.5563545823097229,1.0,1,1
droh_3d,rock,./test/skeleton_final_v2/rock/IMG_7971.npy,1,0,0,0.0,0.9999966621398926,-0.22120602428913116,1.244958758354187,0.3807065188884735,0.38873571157455444,1.0,1,1
droh_3d,rock,./test/skeleton_final_v2/rock/IMG_8002.npy,1,0,0,0.0,0.9999958872795105,-0.516445517539978,1.0469393730163574,0.17805618047714233,0.47624295949935913,1.0,1,1
droh_3d,rock,./test/skeleton_final_v2/rock/IMG_8032.npy,1,0,0,0.0,0.9999969601631165,-1.0010967254638672,1.202310562133789,0.058681149035692215,0.5931721925735474,1.0,1,1
droh_3d,rock,./test/skeleton_final_v2/rock/IMG_8065.npy,1,0,0,0.0,0.9999969005584717,-0.7856844067573547,1.1421161890029907,0.14710219204425812,0.5503838658332825,1.0,1,1
droh_3d,rock,./test/skeleton_final_v2/rock/IMG_8066.npy,1,0,0,0.0,0.9999969005584717,-0.3718207776546478,1.2737270593643188,0.23324644565582275,0.5100165009498596,1.0,1,1
droh_3d,rock,./test/skeleton_final_v2/rock/IMG_8068.npy,1,0,0,0.0,0.9999919533729553,-0.6662084460258484,2.2799482345581055,0.5490901470184326,0.7380854487419128,1.0,1,1
droh_3d,rock,./test/skeleton_final_v2/rock/IMG_8100.npy,1,0,0,0.0,0.9999967217445374,-0.44767504930496216,1.1601310968399048,0.14921389520168304,0.4778079390525818,1.0,1,1
droh_3d,scissors,./test/skeleton_final_v2/scissors/IMG_6281.npy,1,0,0,0.0,0.9999954700469971,-1.1150048971176147,2.285034656524658,0.16686399281024933,0.6829797625541687,1.0,1,1
droh_3d,scissors,./test/skeleton_final_v2/scissors/IMG_6283.npy,1,0,0,0.0,0.9999952912330627,-1.3991947174072266,1.916130781173706,0.10673665255308151,0.629605770111084,1.0,1,1
droh_3d,scissors,./test/skeleton_final_v2/scissors/IMG_6284.npy,1,0,0,0.0,0.9999955296516418,-0.7771040797233582,1.836013913154602,0.10814761370420456,0.5995404124259949,1.0,1,1
droh_3d,scissors,./test/skeleton_final_v2/scissors/IMG_6285.npy,1,0,0,0.0,0.9999948143959045,-1.037854552268982,2.4062278270721436,0.34377235174179077,0.6776931881904602,1.0,1,1
droh_3d,scissors,./test/skeleton_final_v2/scissors/IMG_6286.npy,1,0,0,0.0,0.9999915361404419,-2.60563588142395,2.4438793659210205,0.20729346573352814,1.0525975227355957,1.0,1,1
droh_3d,scissors,./test/skeleton_final_v2/scissors/IMG_6311.npy,1,0,0,0.0,0.9999954700469971,-1.1295905113220215,2.170501708984375,0.16047701239585876,0.6226100921630859,1.0,1,1
droh_3d,scissors,./test/skeleton_final_v2/scissors/IMG_6316.npy,1,0,0,0.0,0.9999946355819702,-1.3125388622283936,1.7278954982757568,0.06273991614580154,0.7757799029350281,1.0,1,1
droh_3d,scissors,./test/skeleton_final_v2/scissors/IMG_6351.npy,1,0,0,0.0,0.9999956488609314,-0.7945504784584045,2.0516417026519775,0.17868977785110474,0.7003892660140991,1.0,1,1
droh_3d,scissors,./test/skeleton_final_v2/scissors/IMG_6352.npy,1,0,0,0.0,0.9999960064888,-0.5202106833457947,1.8937640190124512,0.2719848155975342,0.6410842537879944,1.0,1,1
droh_3d,scissors,./test/skeleton_final_v2/scissors/IMG_6386.npy,1,0,0,0.0,0.9999960064888,-0.4812551438808441,2.081705093383789,0.2821885645389557,0.63359135389328,1.0,1,1
droh_3d,scissors,./test/skeleton_final_v2/scissors/IMG_6387.npy,1,0,0,0.0,0.9999958872795105,-0.4934385120868683,2.355902671813965,0.33149799704551697,0.6931186318397522,1.0,1,1
droh_3d,scissors,./test/skeleton_final_v2/scissors/IMG_6389.npy,1,0,0,0.0,0.9999958872795105,-0.5251858830451965,1.938201665878296,0.25959813594818115,0.6261761784553528,1.0,1,1
droh_3d,scissors,./test/skeleton_final_v2/scissors/IMG_6390.npy,1,0,0,0.0,0.9999960660934448,-0.33995354175567627,1.9130572080612183,0.4052761495113373,0.6193627715110779,1.0,1,1
droh_3d,scissors,./test/skeleton_final_v2/scissors/IMG_6423.npy,1,0,0,0.0,0.9999952912330627,-0.7130164504051208,2.1817071437835693,0.27838799357414246,0.6911311745643616,1.0,1,1
droh_3d,scissors,./test/skeleton_final_v2/scissors/IMG_6424.npy,1,0,0,0.0,0.9999955892562866,-0.49125373363494873,2.359754800796509,0.2964212894439697,0.6849204301834106,1.0,1,1
droh_3d,scissors,./test/skeleton_final_v2/scissors/IMG_6425.npy,1,0,0,0.0,0.9999949336051941,-0.5773042440414429,2.1926846504211426,0.4065389931201935,0.7200877666473389,1.0,1,1
droh_3d,scissors,./test/skeleton_final_v2/scissors/IMG_6461.npy,1,0,0,0.0,0.9999954700469971,-0.6468895077705383,2.398350715637207,0.42729881405830383,0.6423662304878235,1.0,1,1
droh_3d,scissors,./test/skeleton_final_v2/scissors/IMG_6463.npy,1,0,0,0.0,0.9999963045120239,-0.5721255540847778,2.0181753635406494,0.4173830449581146,0.5854793787002563,1.0,1,1
droh_3d,scissors,./test/skeleton_final_v2/scissors/IMG_6494.npy,1,0,0,0.0,0.9999946355819702,-1.581186056137085,2.478282928466797,0.22922174632549286,0.7419279217720032,1.0,1,1
droh_3d,scissors,./test/skeleton_final_v2/scissors/IMG_6495.npy,1,0,0,0.0,0.999995231628418,-1.2850526571273804,2.3012850284576416,0.16067904233932495,0.648688793182373,1.0,1,1
droh_3d,scissors,./test/skeleton_final_v2/scissors/IMG_6534.npy,1,0,0,0.0,0.9999951124191284,-0.795946478843689,2.0816683769226074,0.20948423445224762,0.6203658580780029,1.0,1,1
droh_3d,scissors,./test/skeleton_final_v2/scissors/IMG_6538.npy,1,0,0,0.0,0.9999954104423523,-0.9583534002304077,2.0225343704223633,0.061039671301841736,0.6583897471427917,1.0,1,1
droh_3d,scissors,./test/skeleton_final_v2/scissors/IMG_6577.npy,1,0,0,0.0,0.9999960064888,-0.8690647482872009,2.2163350582122803,0.28699713945388794,0.7298167943954468,1.0,1,1
droh_3d,scissors,./test/skeleton_final_v2/scissors/IMG_6614.npy,1,0,0,0.0,0.9999955296516418,-1.0142823457717896,2.3974971771240234,0.26112446188926697,0.7472853064537048,1.0,1,1
droh_3d,scissors,./test/skeleton_final_v2/scissors/IMG_6616.npy,1,0,0,0.0,0.9999954700469971,-0.6504102945327759,2.046126365661621,0.24816231429576874,0.6461126804351807,1.0,1,1
droh_3d,scissors,./test/skeleton_final_v2/scissors/IMG_6650.npy,1,0,0,0.0,0.9999959468841553,-1.2256994247436523,2.2910940647125244,0.20560027658939362,0.6671012043952942,1.0,1,1
droh_3d,scissors,./test/skeleton_final_v2/scissors/IMG_6729.npy,1,0,0,0.0,0.9999963641166687,-0.31218770146369934,1.7177667617797852,0.43506360054016113,0.504107654094696,1.0,1,1
droh_3d,scissors,./test/skeleton_final_v2/scissors/IMG_6730.npy,1,0,0,0.0,0.9999960064888,-0.21031968295574188,1.8901385068893433,0.45053115487098694,0.5254780650138855,1.0,1,1
droh_3d,scissors,./test/skeleton_final_v2/scissors/IMG_6757.npy,1,0,0,0.0,0.9999967813491821,-0.23317645490169525,1.9570146799087524,0.45334696769714355,0.49140074849128723,1.0,1,1
droh_3d,scissors,./test/skeleton_final_v2/scissors/IMG_6827.npy,1,0,0,0.0,0.9999947547912598,-0.9858783483505249,2.5464558601379395,0.44852304458618164,0.6121251583099365,1.0,1,1
droh_3d,scissors,./test/skeleton_final_v2/scissors/IMG_6828.npy,1,0,0,0.0,0.9999948740005493,-0.5723254680633545,2.1270222663879395,0.3463059067726135,0.5644566416740417,1.0,1,1
droh_3d,scissors,./test/skeleton_final_v2/scissors/IMG_6858.npy,1,0,0,0.0,0.9999964833259583,-0.6395986080169678,1.9190281629562378,0.24174995720386505,0.6353269219398499,1.0,1,1
droh_3d,scissors,./test/skeleton_final_v2/scissors/IMG_6859.npy,1,0,0,0.0,0.9999963045120239,-0.1618647277355194,1.8871872425079346,0.5193142890930176,0.504787027835846,1.0,1,1
droh_3d,scissors,./test/skeleton_final_v2/scissors/IMG_6905.npy,1,0,0,0.0,0.9999954104423523,-0.48968660831451416,2.2773590087890625,0.378193736076355,0.6665524244308472,1.0,1,1
droh_3d,scissors,./test/skeleton_final_v2/scissors/IMG_6907.npy,1,0,0,0.0,0.9999963045120239,-0.6100691556930542,2.0585460662841797,0.24696028232574463,0.6769590377807617,1.0,1,1
droh_3d,scissors,./test/skeleton_final_v2/scissors/IMG_6908.npy,1,0,0,0.0,0.9999955296516418,-0.6747526526451111,2.1572177410125732,0.20574145019054413,0.7025092840194702,1.0,1,1
droh_3d,scissors,./test/skeleton_final_v2/scissors/IMG_6928.npy,1,0,0,0.0,0.9999939203262329,-1.139920949935913,1.4539794921875,0.4981020390987396,0.5435402989387512,1.0,1,1
droh_3d,scissors,./test/skeleton_final_v2/scissors/IMG_6929.npy,1,0,0,0.0,0.9999951124191284,-1.3840999603271484,2.299258232116699,0.182599738240242,0.7023634314537048,1.0,1,1
droh_3d,scissors,./test/skeleton_final_v2/scissors/IMG_6930.npy,1,0,0,0.0,0.999995768070221,-1.2972557544708252,1.9884681701660156,0.1268748790025711,0.6191797852516174,1.0,1,1
droh_3d,scissors,./test/skeleton_final_v2/scissors/IMG_6931.npy,1,0,0,0.0,0.9999949336051941,-1.4020676612854004,1.9469643831253052,0.18998102843761444,0.6550692915916443,1.0,1,1
droh_3d,scissors,./test/skeleton_final_v2/scissors/IMG_6959.npy,1,0,0,0.0,0.9999940991401672,-1.6495283842086792,2.315162420272827,0.25934186577796936,0.9054884314537048,1.0,1,1
droh_3d,scissors,./test/skeleton_final_v2/scissors/IMG_6962.npy,1,0,0,0.0,0.9999951124191284,-1.1428533792495728,1.9276789426803589,0.23852325975894928,0.6338229179382324,1.0,1,1
droh_3d,scissors,./test/skeleton_final_v2/scissors/IMG_6990.npy,1,0,0,0.0,0.9999959468841553,-1.4188919067382812,1.9767016172409058,0.12886154651641846,0.7343950271606445,1.0,1,1
droh_3d,scissors,./test/skeleton_final_v2/scissors/IMG_6992.npy,1,0,0,0.0,0.999996542930603,-0.9568461775779724,2.0065362453460693,0.10284635424613953,0.6101008653640747,1.0,1,1
droh_3d,scissors,./test/skeleton_final_v2/scissors/IMG_7060.npy,1,0,0,0.0,0.9999960064888,-1.1583298444747925,2.225482702255249,0.35321933031082153,0.5764927864074707,1.0,1,1
droh_3d,scissors,./test/skeleton_final_v2/scissors/IMG_7061.npy,1,0,0,0.0,0.9999956488609314,-0.6523200869560242,2.48511004447937,0.42300790548324585,0.5880851149559021,1.0,1,1
droh_3d,scissors,./test/skeleton_final_v2/scissors/IMG_7063.npy,1,0,0,0.0,0.9999964833259583,-0.5302636027336121,1.8971195220947266,0.3402794897556305,0.4853886663913727,1.0,1,1
droh_3d,scissors,./test/skeleton_final_v2/scissors/IMG_7218.npy,1,0,0,0.0,0.999995768070221,-0.7006227374076843,2.323922634124756,0.26745232939720154,0.6808138489723206,1.0,1,1
droh_3d,scissors,./test/skeleton_final_v2/scissors/IMG_7219.npy,1,0,0,0.0,0.9999958276748657,-1.1125942468643188,2.080497980117798,0.20630021393299103,0.5844831466674805,1.0,1,1
droh_3d,scissors,./test/skeleton_final_v2/scissors/IMG_7220.npy,1,0,0,0.0,0.9999960660934448,-0.8666878342628479,1.873749852180481,0.20859815180301666,0.5697075128555298,1.0,1,1
droh_3d,scissors,./test/skeleton_final_v2/scissors/IMG_7248.npy,1,0,0,0.0,0.9999960064888,-0.5254077315330505,2.194326877593994,0.2946532666683197,0.658987283706665,1.0,1,1
droh_3d,scissors,./test/skeleton_final_v2/scissors/IMG_7281.npy,1,0,0,0.0,0.999995231628418,-0.8216939568519592,2.2949812412261963,0.3416398763656616,0.6392076015472412,1.0,1,1
droh_3d,scissors,./test/skeleton_final_v2/scissors/IMG_7283.npy,1,0,0,0.0,0.9999948740005493,-1.2524389028549194,1.5406898260116577,0.08261767774820328,0.6111871004104614,1.0,1,1
droh_3d,scissors,./test/skeleton_final_v2/scissors/IMG_7310.npy,1,0,0,0.0,0.9999966621398926,-0.5022956728935242,2.287454843521118,0.34213146567344666,0.6890472173690796,1.0,1,1
droh_3d,scissors,./test/skeleton_final_v2/scissors/IMG_7341.npy,1,0,0,0.0,0.9999959468841553,-0.5241122245788574,2.310689687728882,0.3278721868991852,0.6784010529518127,1.0,1,1
droh_3d,scissors,./test/skeleton_final_v2/scissors/IMG_7342.npy,1,0,0,0.0,0.9999963045120239,-1.03659987449646,2.3008415699005127,0.24336768686771393,0.6279891729354858,1.0,1,1
droh_3d,scissors,./test/skeleton_final_v2/scissors/IMG_7344.npy,1,0,0,0.0,0.999995768070221,-1.532387137413025,2.3946051597595215,0.21681100130081177,0.7066505551338196,1.0,1,1
droh_3d,scissors,./test/skeleton_final_v2/scissors/IMG_7374.npy,1,0,0,0.0,0.9999961853027344,-0.44505053758621216,2.3374781608581543,0.4198531210422516,0.6114705801010132,1.0,1,1
droh_3d,scissors,./test/skeleton_final_v2/scissors/IMG_7376.npy,1,0,0,0.0,0.9999955892562866,-0.43589383363723755,2.206249475479126,0.49139049649238586,0.5904070138931274,1.0,1,1
droh_3d,scissors,./test/skeleton_final_v2/scissors/IMG_7378.npy,1,0,0,0.0,0.9999958276748657,-0.3788089454174042,2.1129109859466553,0.4223823547363281,0.5469369888305664,1.0,1,1
droh_3d,scissors,./test/skeleton_final_v2/scissors/IMG_7406.npy,1,0,0,0.0,0.9999945759773254,-1.2523599863052368,2.1178367137908936,0.4379016160964966,0.7476696968078613,1.0,1,1
droh_3d,scissors,./test/skeleton_final_v2/scissors/IMG_7407.npy,1,0,0,0.0,0.9999961853027344,-0.7238060832023621,2.060873031616211,0.3508515954017639,0.48185092210769653,1.0,1,1
droh_3d,scissors,./test/skeleton_final_v2/scissors/IMG_7408.npy,1,0,0,0.0,0.9999955892562866,-1.0694849491119385,2.409416675567627,0.36852866411209106,0.6256853342056274,1.0,1,1
droh_3d,scissors,./test/skeleton_final_v2/scissors/IMG_7410.npy,1,0,0,0.0,0.9999968409538269,-0.9761934876441956,2.355588912963867,0.4310414791107178,0.5846856832504272,1.0,1,1
droh_3d,scissors,./test/skeleton_final_v2/scissors/IMG_7438.npy,1,0,0,0.0,0.9999953508377075,-0.4512529671192169,2.1282737255096436,0.29180383682250977,0.6445280313491821,1.0,1,1
droh_3d,scissors,./test/skeleton_final_v2/scissors/IMG_7441.npy,1,0,0,0.0,0.9999950528144836,-0.6860336661338806,2.205090284347534,0.26607605814933777,0.7207421064376831,1.0,1,1
droh_3d,scissors,./test/skeleton_final_v2/scissors/IMG_7472.npy,1,0,0,0.0,0.9999958872795105,-0.474597692489624,2.199279308319092,0.4596641957759857,0.6024978756904602,1.0,1,1
droh_3d,scissors,./test/skeleton_final_v2/scissors/IMG_7474.npy,1,0,0,0.0,0.9999963045120239,-0.17008382081985474,2.2521581649780273,0.47855958342552185,0.5754139423370361,1.0,1,1
droh_3d,scissors,./test/skeleton_final_v2/scissors/IMG_7509.npy,1,0,0,0.0,0.9999949336051941,-1.0804251432418823,1.6274638175964355,0.4804438650608063,0.5969721674919128,1.0,1,1
droh_3d,scissors,./test/skeleton_final_v2/scissors/IMG_7541.npy,1,0,0,0.0,0.9999959468841553,-1.0401029586791992,2.5455877780914307,0.29590386152267456,0.7303067445755005,1.0,1,1
droh_3d,scissors,./test/skeleton_final_v2/scissors/IMG_7543.npy,1,0,0,0.0,0.9999958872795105,-1.3395572900772095,2.3501527309417725,0.19136115908622742,0.6886038780212402,1.0,1,1
droh_3d,scissors,./test/skeleton_final_v2/scissors/IMG_7575.npy,1,0,0,0.0,0.9999971985816956,-0.8247653841972351,1.9783694744110107,0.21061432361602783,0.6879988312721252,1.0,1,1
droh_3d,scissors,./test/skeleton_final_v2/scissors/IMG_7608.npy,1,0,0,0.0,0.9999961256980896,-0.6245676279067993,2.2241291999816895,0.15250369906425476,0.601138174533844,1.0,1,1
droh_3d,scissors,./test/skeleton_final_v2/scissors/IMG_7642.npy,1,0,0,0.0,0.9999956488609314,-1.0502893924713135,2.1811211109161377,0.21268244087696075,0.6227318048477173,1.0,1,1
droh_3d,scissors,./test/skeleton_final_v2/scissors/IMG_7643.npy,1,0,0,0.0,0.9999957084655762,-0.37106069922447205,2.1521897315979004,0.31818634271621704,0.6537588238716125,1.0,1,1
droh_3d,scissors,./test/skeleton_final_v2/scissors/IMG_7645.npy,1,0,0,0.0,0.9999964237213135,-0.40919026732444763,2.0758936405181885,0.29731515049934387,0.6198175549507141,1.0,1,1
droh_3d,scissors,./test/skeleton_final_v2/scissors/IMG_7648.npy,1,0,0,0.0,0.9999956488609314,-1.0976225137710571,1.76861572265625,0.17317374050617218,0.6736599802970886,1.0,1,1
droh_3d,scissors,./test/skeleton_final_v2/scissors/IMG_7682.npy,1,0,0,0.0,0.9999955296516418,-1.2201792001724243,2.069766044616699,0.3682730793952942,0.5617074370384216,1.0,1,1
droh_3d,scissors,./test/skeleton_final_v2/scissors/IMG_7683.npy,1,0,0,0.0,0.9999955296516418,-0.9175907969474792,2.0661733150482178,0.3735976815223694,0.5414891839027405,1.0,1,1
droh_3d,scissors,./test/skeleton_final_v2/scissors/IMG_7684.npy,1,0,0,0.0,0.9999959468841553,-0.223409503698349,2.1221632957458496,0.4372667968273163,0.501415491104126,1.0,1,1
droh_3d,scissors,./test/skeleton_final_v2/scissors/IMG_7708.npy,1,0,0,0.0,0.999995768070221,-1.255112648010254,2.349440336227417,0.3222092390060425,0.5952561497688293,1.0,1,1
droh_3d,scissors,./test/skeleton_final_v2/scissors/IMG_7710.npy,1,0,0,0.0,0.9999951124191284,-1.0881941318511963,2.3736064434051514,0.33904680609703064,0.6133546233177185,1.0,1,1
droh_3d,scissors,./test/skeleton_final_v2/scissors/IMG_7711.npy,1,0,0,0.0,0.9999966025352478,-0.778878927230835,1.6687731742858887,0.41023293137550354,0.5135267376899719,1.0,1,1
droh_3d,scissors,./test/skeleton_final_v2/scissors/IMG_7745.npy,1,0,0,0.0,0.9999958276748657,-0.6507177948951721,2.22660756111145,0.25126734375953674,0.6303256750106812,1.0,1,1
droh_3d,scissors,./test/skeleton_final_v2/scissors/IMG_7747.npy,1,0,0,0.0,0.9999958276748657,-1.0131216049194336,2.031221389770508,0.2169342339038849,0.5587925314903259,1.0,1,1
droh_3d,scissors,./test/skeleton_final_v2/scissors/IMG_7748.npy,1,0,0,0.0,0.9999964237213135,-0.6743695735931396,2.1472060680389404,0.24448680877685547,0.6046788692474365,1.0,1,1
droh_3d,scissors,./test/skeleton_final_v2/scissors/IMG_7776.npy,1,0,0,0.0,0.9999958872795105,-0.6913963556289673,1.8011220693588257,0.2669895887374878,0.5461351275444031,1.0,1,1
droh_3d,scissors,./test/skeleton_final_v2/scissors/IMG_7843.npy,1,0,0,0.0,0.9999959468841553,-0.3511553108692169,1.8805475234985352,0.3004283607006073,0.5960792303085327,1.0,1,1
droh_3d,scissors,./test/skeleton_final_v2/scissors/IMG_7846.npy,1,0,0,0.0,0.9999955296516418,-0.3605169653892517,1.9923652410507202,0.35564810037612915,0.6324349641799927,1.0,1,1
droh_3d,scissors,./test/skeleton_final_v2/scissors/IMG_7847.npy,1,0,0,0.0,0.9999958872795105,-0.42274653911590576,1.8390624523162842,0.3021716773509979,0.616058886051178,1.0,1,1
droh_3d,scissors,./test/skeleton_final_v2/scissors/IMG_7878.npy,1,0,0,0.0,0.9999961256980896,-0.9408320784568787,2.0577871799468994,0.21853788197040558,0.5929819941520691,1.0,1,1
droh_3d,scissors,./test/skeleton_final_v2/scissors/IMG_7880.npy,1,0,0,0.0,0.9999964833259583,-0.7643108367919922,2.0839624404907227,0.15816764533519745,0.6572606563568115,1.0,1,1
droh_3d,scissors,./test/skeleton_final_v2/scissors/IMG_7910.npy,1,0,0,0.0,0.9999952912330627,-0.9627435803413391,2.4047060012817383,0.18160782754421234,0.699956476688385,1.0,1,1
droh_3d,scissors,./test/skeleton_final_v2/scissors/IMG_7911.npy,1,0,0,0.0,0.9999964237213135,-0.8967725038528442,2.0543038845062256,0.21419697999954224,0.5933961868286133,1.0,1,1
droh_3d,scissors,./test/skeleton_final_v2/scissors/IMG_7912.npy,1,0,0,0.0,0.9999963045120239,-0.9474900364875793,2.1651217937469482,0.20334979891777039,0.5960830450057983,1.0,1,1
droh_3d,scissors,./test/skeleton_final_v2/scissors/IMG_7913.npy,1,0,0,0.0,0.9999950528144836,-0.9192472696304321,2.1935043334960938,0.2326519787311554,0.67288738489151,1.0,1,1
droh_3d,scissors,./test/skeleton_final_v2/scissors/IMG_7940.npy,1,0,0,0.0,0.9999956488609314,-1.0563409328460693,2.3064870834350586,0.2065349817276001,0.648198127746582,1.0,1,1
droh_3d,scissors,./test/skeleton_final_v2/scissors/IMG_7941.npy,1,0,0,0.0,0.9999960064888,-0.7357181310653687,2.2757270336151123,0.33172011375427246,0.7282515168190002,1.0,1,1
droh_3d,scissors,./test/skeleton_final_v2/scissors/IMG_7942.npy,1,0,0,0.0,0.9999966621398926,-0.28188833594322205,2.0821499824523926,0.3188525140285492,0.612258791923523,1.0,1,1
droh_3d,scissors,./test/skeleton_final_v2/scissors/IMG_7972.npy,1,0,0,0.0,0.9999963641166687,-0.8308471441268921,1.8306715488433838,0.2655688524246216,0.5091121196746826,1.0,1,1
droh_3d,scissors,./test/skeleton_final_v2/scissors/IMG_8007.npy,1,0,0,0.0,0.9999959468841553,-0.7072737812995911,1.9329673051834106,0.24668358266353607,0.5623781681060791,1.0,1,1
droh_3d,scissors,./test/skeleton_final_v2/scissors/IMG_8008.npy,1,0,0,0.0,0.9999954700469971,-0.8098339438438416,1.952855110168457,0.17310640215873718,0.5945001840591431,1.0,1,1
droh_3d,scissors,./test/skeleton_final_v2/scissors/IMG_8038.npy,1,0,0,0.0,0.9999964833259583,-1.0335768461227417,2.079800844192505,0.2496422380208969,0.6226027011871338,1.0,1,1
droh_3d,scissors,./test/skeleton_final_v2/scissors/IMG_8039.npy,1,0,0,0.0,0.9999951720237732,-1.072712779045105,2.2552058696746826,0.23777568340301514,0.7609668374061584,1.0,1,1
droh_3d,scissors,./test/skeleton_final_v2/scissors/IMG_8070.npy,1,0,0,0.0,0.9999961853027344,-0.825961709022522,2.055966377258301,0.31505873799324036,0.5911815762519836,1.0,1,1
droh_3d,scissors,./test/skeleton_final_v2/scissors/IMG_8101.npy,1,0,0,0.0,0.9999964237213135,-0.7315999865531921,1.9119694232940674,0.2664976418018341,0.6341772675514221,1.0,1,1
droh_3d,scissors,./test/skeleton_final_v2/scissors/IMG_8104.npy,1,0,0,0.0,0.9999955296516418,-0.8208972215652466,1.9951252937316895,0.297961562871933,0.6819317936897278,1.0,1,1
droh_3d,scissors,./test/skeleton_final_v2/scissors/IMG_8132.npy,1,0,0,0.0,0.999995768070221,-0.9517214298248291,1.7598360776901245,0.2543320953845978,0.4913461208343506,1.0,1,1
droh_3d,scissors,./test/skeleton_final_v2/scissors/IMG_8135.npy,1,0,0,0.0,0.9999951124191284,-0.48247969150543213,2.231344699859619,0.4500485956668854,0.576566755771637,1.0,1,1
droh_3d,scissors,./test/skeleton_final_v2/scissors/IMG_8169.npy,1,0,0,0.0,0.9999960064888,-1.5660276412963867,2.317905902862549,0.22272886335849762,0.713157057762146,1.0,1,1
droh_3d,scissors,./test/skeleton_final_v2/scissors/IMG_8170.npy,1,0,0,0.0,0.999995768070221,-1.1883902549743652,1.3598045110702515,0.17536546289920807,0.598664402961731,1.0,1,1
droh_3d,scissors,./test/skeleton_final_v2/scissors/IMG_8171.npy,1,0,0,0.0,0.9999955296516418,-1.275981068611145,2.2685365676879883,0.24142545461654663,0.7982980608940125,1.0,1,1
droh_3d,the-finger,./test/skeleton_final_v2/the-finger/IMG_6304.npy,1,0,0,0.0,0.9999949932098389,-1.0096839666366577,1.9346446990966797,0.2879304587841034,0.6662635803222656,1.0,1,1
droh_3d,the-finger,./test/skeleton_final_v2/the-finger/IMG_6308.npy,1,0,0,0.0,0.9999950528144836,-0.7126838564872742,2.143873691558838,0.362740159034729,0.6911293864250183,1.0,1,1
droh_3d,the-finger,./test/skeleton_final_v2/the-finger/IMG_6309.npy,1,0,0,0.0,0.9999958872795105,-0.5359445214271545,1.6635196208953857,0.31722334027290344,0.5277658700942993,1.0,1,1
droh_3d,the-finger,./test/skeleton_final_v2/the-finger/IMG_6341.npy,1,0,0,0.0,0.9999963641166687,-0.8889563083648682,1.9321643114089966,0.2901862859725952,0.682591438293457,1.0,1,1
droh_3d,the-finger,./test/skeleton_final_v2/the-finger/IMG_6343.npy,1,0,0,0.0,0.9999958872795105,-1.0045546293258667,1.9485551118850708,0.24921385943889618,0.6803275942802429,1.0,1,1
droh_3d,the-finger,./test/skeleton_final_v2/the-finger/IMG_6344.npy,1,0,0,0.0,0.9999944567680359,-0.8542632460594177,1.3438293933868408,0.12506996095180511,0.5915528535842896,1.0,1,1
droh_3d,the-finger,./test/skeleton_final_v2/the-finger/IMG_6379.npy,1,0,0,0.0,0.9999943375587463,-0.9025735259056091,2.1088626384735107,0.17864735424518585,0.7108846306800842,1.0,1,1
droh_3d,the-finger,./test/skeleton_final_v2/the-finger/IMG_6411.npy,1,0,0,0.0,0.9999962449073792,-0.8298620581626892,1.3277236223220825,0.12224151939153671,0.554906964302063,1.0,1,1
droh_3d,the-finger,./test/skeleton_final_v2/the-finger/IMG_6412.npy,1,0,0,0.0,0.9999957084655762,-0.802393913269043,1.4407775402069092,0.11733505129814148,0.5560615062713623,1.0,1,1
droh_3d,the-finger,./test/skeleton_final_v2/the-finger/IMG_6413.npy,1,0,0,0.0,0.9999955892562866,-0.6618150472640991,1.7840954065322876,0.21750576794147491,0.5717743039131165,1.0,1,1
droh_3d,the-finger,./test/skeleton_final_v2/the-finger/IMG_6414.npy,1,0,0,0.0,0.9999950528144836,-1.0388293266296387,1.3715230226516724,0.07652165740728378,0.6186338663101196,1.0,1,1
droh_3d,the-finger,./test/skeleton_final_v2/the-finger/IMG_6416.npy,1,0,0,0.0,0.9999960660934448,-0.6909120082855225,1.5156372785568237,0.3143616318702698,0.547610878944397,1.0,1,1
droh_3d,the-finger,./test/skeleton_final_v2/the-finger/IMG_6451.npy,1,0,0,0.0,0.9999940991401672,-1.6149646043777466,1.1936089992523193,-0.02460186369717121,0.7748993039131165,1.0,1,1
droh_3d,the-finger,./test/skeleton_final_v2/the-finger/IMG_6486.npy,1,0,0,0.0,0.9999951124191284,-0.43368324637413025,1.7847790718078613,0.34019890427589417,0.4528583884239197,1.0,1,1
droh_3d,the-finger,./test/skeleton_final_v2/the-finger/IMG_6491.npy,1,0,0,0.0,0.9999951720237732,-0.7306305766105652,2.021923780441284,0.4969854950904846,0.539100170135498,1.0,1,1
droh_3d,the-finger,./test/skeleton_final_v2/the-finger/IMG_6528.npy,1,0,0,0.0,0.9999957084655762,-0.7439276576042175,2.0445261001586914,0.3769966661930084,0.6822314858436584,1.0,1,1
droh_3d,the-finger,./test/skeleton_final_v2/the-finger/IMG_6529.npy,1,0,0,0.0,0.9999958276748657,-0.5969564914703369,2.0806281566619873,0.2026638686656952,0.6277264356613159,1.0,1,1
droh_3d,the-finger,./test/skeleton_final_v2/the-finger/IMG_6530.npy,1,0,0,0.0,0.9999950528144836,-0.6784419417381287,2.0528063774108887,0.3113272190093994,0.6187223196029663,1.0,1,1
droh_3d,the-finger,./test/skeleton_final_v2/the-finger/IMG_6531.npy,1,0,0,0.0,0.9999954104423523,-0.6377726197242737,2.191669464111328,0.40191760659217834,0.698331356048584,1.0,1,1
droh_3d,the-finger,./test/skeleton_final_v2/the-finger/IMG_6566.npy,1,0,0,0.0,0.9999962449073792,-1.016168236732483,2.0239102840423584,0.28771552443504333,0.7151510119438171,1.0,1,1
droh_3d,the-finger,./test/skeleton_final_v2/the-finger/IMG_6567.npy,1,0,0,0.0,0.9999964237213135,-0.9274119734764099,1.9973502159118652,0.2607375681400299,0.654783308506012,1.0,1,1
droh_3d,the-finger,./test/skeleton_final_v2/the-finger/IMG_6568.npy,1,0,0,0.0,0.9999962449073792,-1.0892823934555054,1.8019834756851196,0.20701143145561218,0.739457905292511,1.0,1,1
droh_3d,the-finger,./test/skeleton_final_v2/the-finger/IMG_6638.npy,1,0,0,0.0,0.9999958276748657,-0.8837416172027588,2.179551124572754,0.2673583924770355,0.6776225566864014,1.0,1,1
droh_3d,the-finger,./test/skeleton_final_v2/the-finger/IMG_6640.npy,1,0,0,0.0,0.9999954104423523,-0.9302279353141785,2.075364112854004,0.296962171792984,0.7045190334320068,1.0,1,1
droh_3d,the-finger,./test/skeleton_final_v2/the-finger/IMG_6677.npy,1,0,0,0.0,0.9999956488609314,-0.8102524280548096,1.9008389711380005,0.2077108472585678,0.6579946279525757,1.0,1,1
droh_3d,the-finger,./test/skeleton_final_v2/the-finger/IMG_6678.npy,1,0,0,0.0,0.9999960660934448,-1.1131504774093628,1.8772807121276855,0.25542542338371277,0.6871187686920166,1.0,1,1
droh_3d,the-finger,./test/skeleton_final_v2/the-finger/IMG_6715.npy,1,0,0,0.0,0.9999959468841553,-0.742540717124939,1.967910885810852,0.21519042551517487,0.6425792574882507,1.0,1,1
droh_3d,the-finger,./test/skeleton_final_v2/the-finger/IMG_6718.npy,1,0,0,0.0,0.9999959468841553,-0.4828763008117676,2.03760027885437,0.2671257257461548,0.6003419160842896,1.0,1,1
droh_3d,the-finger,./test/skeleton_final_v2/the-finger/IMG_6719.npy,1,0,0,0.0,0.9999966025352478,-0.19749414920806885,1.8974727392196655,0.419096440076828,0.485021710395813,1.0,1,1
droh_3d,the-finger,./test/skeleton_final_v2/the-finger/IMG_6752.npy,1,0,0,0.0,0.9999959468841553,-0.2001195102930069,1.998482584953308,0.53452467918396,0.4295734167098999,1.0,1,1
droh_3d,the-finger,./test/skeleton_final_v2/the-finger/IMG_6754.npy,1,0,0,0.0,0.9999948143959045,-0.621076762676239,1.8584011793136597,0.466371089220047,0.5269244313240051,1.0,1,1
droh_3d,the-finger,./test/skeleton_final_v2/the-finger/IMG_6787.npy,1,0,0,0.0,0.9999963641166687,-0.4917954206466675,2.5144288539886475,0.4559246599674225,0.5978456735610962,1.0,1,1
droh_3d,the-finger,./test/skeleton_final_v2/the-finger/IMG_6817.npy,1,0,0,0.0,0.9999964833259583,-1.073288917541504,1.8304840326309204,0.2221573442220688,0.690963864326477,1.0,1,1
droh_3d,the-finger,./test/skeleton_final_v2/the-finger/IMG_6819.npy,1,0,0,0.0,0.9999950528144836,-0.8104439973831177,2.1231813430786133,0.26407063007354736,0.6524603366851807,1.0,1,1
droh_3d,the-finger,./test/skeleton_final_v2/the-finger/IMG_6820.npy,1,0,0,0.0,0.9999945759773254,-0.9692345261573792,1.3459402322769165,0.1318671554327011,0.6596280336380005,1.0,1,1
droh_3d,the-finger,./test/skeleton_final_v2/the-finger/IMG_6847.npy,1,0,0,0.0,0.9999938011169434,-0.24929210543632507,1.8759996891021729,0.5627279281616211,0.45924776792526245,1.0,1,1
droh_3d,the-finger,./test/skeleton_final_v2/the-finger/IMG_6850.npy,1,0,0,0.0,0.9999934434890747,-0.3191671073436737,1.711162805557251,0.47086843848228455,0.4590664803981781,1.0,1,1
droh_3d,the-finger,./test/skeleton_final_v2/the-finger/IMG_6884.npy,1,0,0,0.0,0.9999951720237732,-0.8814817667007446,2.3011693954467773,0.21475261449813843,0.7215880751609802,1.0,1,1
droh_3d,the-finger,./test/skeleton_final_v2/the-finger/IMG_6885.npy,1,0,0,0.0,0.9999958872795105,-0.6291351318359375,1.4875187873840332,0.4892909526824951,0.5314614772796631,1.0,1,1
droh_3d,the-finger,./test/skeleton_final_v2/the-finger/IMG_6919.npy,1,0,0,0.0,0.999995231628418,-1.4247499704360962,1.75934898853302,0.20641861855983734,0.7580223679542542,1.0,1,1
droh_3d,the-finger,./test/skeleton_final_v2/the-finger/IMG_6920.npy,1,0,0,0.0,0.9999927878379822,-1.853684663772583,1.1023098230361938,0.004310537129640579,0.7735922932624817,1.0,1,1
droh_3d,the-finger,./test/skeleton_final_v2/the-finger/IMG_6922.npy,1,0,0,0.0,0.9999940395355225,-0.7818406224250793,2.0771114826202393,0.19387634098529816,0.6793781518936157,1.0,1,1
droh_3d,the-finger,./test/skeleton_final_v2/the-finger/IMG_6949.npy,1,0,0,0.0,0.9999931454658508,-0.4266546368598938,2.0935797691345215,0.3025763928890228,0.6386960744857788,1.0,1,1
droh_3d,the-finger,./test/skeleton_final_v2/the-finger/IMG_6979.npy,1,0,0,0.0,0.9999955892562866,-1.0445256233215332,1.9351779222488403,0.3078491687774658,0.6806990504264832,1.0,1,1
droh_3d,the-finger,./test/skeleton_final_v2/the-finger/IMG_6980.npy,1,0,0,0.0,0.9999956488609314,-0.97835373878479,2.061171293258667,0.13843204081058502,0.6735418438911438,1.0,1,1
droh_3d,the-finger,./test/skeleton_final_v2/the-finger/IMG_7050.npy,1,0,0,0.0,0.9999970197677612,-0.39910000562667847,1.5821728706359863,0.4036119878292084,0.47677376866340637,1.0,1,1
droh_3d,the-finger,./test/skeleton_final_v2/the-finger/IMG_7051.npy,1,0,0,0.0,0.9999963641166687,-0.3836493492126465,2.0355279445648193,0.45803943276405334,0.5168182253837585,1.0,1,1
droh_3d,the-finger,./test/skeleton_final_v2/the-finger/IMG_7052.npy,1,0,0,0.0,0.9999967217445374,-0.2868448495864868,1.617679476737976,0.4117206931114197,0.44123074412345886,1.0,1,1
droh_3d,the-finger,./test/skeleton_final_v2/the-finger/IMG_7053.npy,1,0,0,0.0,0.9999962449073792,-0.35713857412338257,1.8803247213363647,0.48303452134132385,0.49278658628463745,1.0,1,1
droh_3d,the-finger,./test/skeleton_final_v2/the-finger/IMG_7083.npy,1,0,0,0.0,0.9999959468841553,-0.511031985282898,2.246692657470703,0.42933976650238037,0.5918904542922974,1.0,1,1
droh_3d,the-finger,./test/skeleton_final_v2/the-finger/IMG_7084.npy,1,0,0,0.0,0.9999964237213135,-0.5795971751213074,1.8739277124404907,0.3504883348941803,0.5536923408508301,1.0,1,1
droh_3d,the-finger,./test/skeleton_final_v2/the-finger/IMG_7273.npy,1,0,0,0.0,0.9999963641166687,-0.5475059151649475,1.0836851596832275,0.08969386667013168,0.43581685423851013,1.0,1,1
droh_3d,the-finger,./test/skeleton_final_v2/the-finger/IMG_7300.npy,1,0,0,0.0,0.9999945163726807,-0.5166159868240356,2.4938652515411377,0.3489058017730713,0.6887341737747192,1.0,1,1
droh_3d,the-finger,./test/skeleton_final_v2/the-finger/IMG_7334.npy,1,0,0,0.0,0.9999944567680359,-0.4834219217300415,1.900180459022522,0.27914997935295105,0.5759704113006592,1.0,1,1
droh_3d,the-finger,./test/skeleton_final_v2/the-finger/IMG_7335.npy,1,0,0,0.0,0.999995768070221,-0.8075532913208008,1.2319819927215576,0.19314192235469818,0.5468035936355591,1.0,1,1
droh_3d,the-finger,./test/skeleton_final_v2/the-finger/IMG_7365.npy,1,0,0,0.0,0.9999959468841553,-0.500270664691925,2.0727665424346924,0.26925310492515564,0.593346893787384,1.0,1,1
droh_3d,the-finger,./test/skeleton_final_v2/the-finger/IMG_7366.npy,1,0,0,0.0,0.999996542930603,-0.6881823539733887,1.6769026517868042,0.14822319149971008,0.5838424563407898,1.0,1,1
droh_3d,the-finger,./test/skeleton_final_v2/the-finger/IMG_7397.npy,1,0,0,0.0,0.9999948143959045,-0.5372501015663147,2.2013659477233887,0.48203471302986145,0.5944891571998596,1.0,1,1
droh_3d,the-finger,./test/skeleton_final_v2/the-finger/IMG_7401.npy,1,0,0,0.0,0.9999957084655762,-0.17025874555110931,2.1468605995178223,0.47759178280830383,0.5118527412414551,1.0,1,1
droh_3d,the-finger,./test/skeleton_final_v2/the-finger/IMG_7429.npy,1,0,0,0.0,0.999995231628418,-0.419878751039505,2.326679229736328,0.4794205129146576,0.6071750521659851,1.0,1,1
droh_3d,the-finger,./test/skeleton_final_v2/the-finger/IMG_7430.npy,1,0,0,0.0,0.9999955892562866,-0.39994946122169495,2.3978383541107178,0.5506987571716309,0.6218178272247314,1.0,1,1
droh_3d,the-finger,./test/skeleton_final_v2/the-finger/IMG_7461.npy,1,0,0,0.0,0.9999954104423523,-0.570867121219635,2.1635916233062744,0.26200050115585327,0.6007286310195923,1.0,1,1
droh_3d,the-finger,./test/skeleton_final_v2/the-finger/IMG_7462.npy,1,0,0,0.0,0.9999956488609314,-0.580894410610199,2.1143276691436768,0.33466118574142456,0.6921872496604919,1.0,1,1
droh_3d,the-finger,./test/skeleton_final_v2/the-finger/IMG_7465.npy,1,0,0,0.0,0.9999951124191284,-0.8755881190299988,2.0538244247436523,0.38680803775787354,0.7044816017150879,1.0,1,1
droh_3d,the-finger,./test/skeleton_final_v2/the-finger/IMG_7498.npy,1,0,0,0.0,0.9999962449073792,-0.7768680453300476,1.9276485443115234,0.34700825810432434,0.5465976595878601,1.0,1,1
droh_3d,the-finger,./test/skeleton_final_v2/the-finger/IMG_7530.npy,1,0,0,0.0,0.9999966025352478,-0.24063891172409058,1.2938461303710938,0.4067099690437317,0.4218583405017853,1.0,1,1
droh_3d,the-finger,./test/skeleton_final_v2/the-finger/IMG_7563.npy,1,0,0,0.0,0.9999968409538269,-0.43218177556991577,2.2911593914031982,0.38629329204559326,0.6673049926757812,1.0,1,1
droh_3d,the-finger,./test/skeleton_final_v2/the-finger/IMG_7564.npy,1,0,0,0.0,0.9999949336051941,-0.91212397813797,2.4108078479766846,0.24129924178123474,0.6974472403526306,1.0,1,1
droh_3d,the-finger,./test/skeleton_final_v2/the-finger/IMG_7565.npy,1,0,0,0.0,0.9999952912330627,-1.0943723917007446,1.1169143915176392,0.013639278709888458,0.599327027797699,1.0,1,1
droh_3d,the-finger,./test/skeleton_final_v2/the-finger/IMG_7594.npy,1,0,0,0.0,0.9999961853027344,-0.8414395451545715,2.054600954055786,0.21342071890830994,0.7114850878715515,1.0,1,1
droh_3d,the-finger,./test/skeleton_final_v2/the-finger/IMG_7629.npy,1,0,0,0.0,0.9999957084655762,-0.5078809857368469,2.3007335662841797,0.28307896852493286,0.6236932873725891,1.0,1,1
droh_3d,the-finger,./test/skeleton_final_v2/the-finger/IMG_7634.npy,1,0,0,0.0,0.9999948740005493,-0.7266150116920471,1.9064451456069946,0.20375856757164001,0.5881856083869934,1.0,1,1
droh_3d,the-finger,./test/skeleton_final_v2/the-finger/IMG_7672.npy,1,0,0,0.0,0.9999960064888,-0.4239634871482849,2.162324905395508,0.29542553424835205,0.6357865333557129,1.0,1,1
droh_3d,the-finger,./test/skeleton_final_v2/the-finger/IMG_7703.npy,1,0,0,0.0,0.9999951124191284,-0.30612945556640625,2.069596529006958,0.4143964648246765,0.49620434641838074,1.0,1,1
droh_3d,the-finger,./test/skeleton_final_v2/the-finger/IMG_7704.npy,1,0,0,0.0,0.9999959468841553,-0.24967823922634125,1.451904296875,0.4241102337837219,0.4461733400821686,1.0,1,1
droh_3d,the-finger,./test/skeleton_final_v2/the-finger/IMG_7705.npy,1,0,0,0.0,0.9999963641166687,-0.2106790840625763,1.6309185028076172,0.4824677109718323,0.4653306007385254,1.0,1,1
droh_3d,the-finger,./test/skeleton_final_v2/the-finger/IMG_7706.npy,1,0,0,0.0,0.9999960064888,-0.4235282242298126,1.422470211982727,0.41447728872299194,0.43677282333374023,1.0,1,1
droh_3d,the-finger,./test/skeleton_final_v2/the-finger/IMG_7734.npy,1,0,0,0.0,0.9999962449073792,-0.31873711943626404,2.025822401046753,0.4488033652305603,0.47411423921585083,1.0,1,1
droh_3d,the-finger,./test/skeleton_final_v2/the-finger/IMG_7765.npy,1,0,0,0.0,0.9999954104423523,-0.5624766945838928,2.173152208328247,0.24040164053440094,0.6453021168708801,1.0,1,1
droh_3d,the-finger,./test/skeleton_final_v2/the-finger/IMG_7766.npy,1,0,0,0.0,0.9999962449073792,-0.48401474952697754,2.0637362003326416,0.2487511932849884,0.6081823110580444,1.0,1,1
droh_3d,the-finger,./test/skeleton_final_v2/the-finger/IMG_7768.npy,1,0,0,0.0,0.9999960660934448,-0.7194701433181763,2.075481414794922,0.2039334625005722,0.6908396482467651,1.0,1,1
droh_3d,the-finger,./test/skeleton_final_v2/the-finger/IMG_7797.npy,1,0,0,0.0,0.9999960064888,-0.8021150231361389,1.9001997709274292,0.20182852447032928,0.6450409293174744,1.0,1,1
droh_3d,the-finger,./test/skeleton_final_v2/the-finger/IMG_7798.npy,1,0,0,0.0,0.9999955892562866,-0.5653871893882751,1.9914146661758423,0.24780471622943878,0.609681248664856,1.0,1,1
droh_3d,the-finger,./test/skeleton_final_v2/the-finger/IMG_7799.npy,1,0,0,0.0,0.9999962449073792,-1.2675384283065796,1.8807241916656494,0.09911252558231354,0.7196011543273926,1.0,1,1
droh_3d,the-finger,./test/skeleton_final_v2/the-finger/IMG_7800.npy,1,0,0,0.0,0.9999955892562866,-1.498496174812317,2.504162073135376,0.246438667178154,0.895338773727417,1.0,1,1
droh_3d,the-finger,./test/skeleton_final_v2/the-finger/IMG_7868.npy,1,0,0,0.0,0.9999960064888,-0.5076768398284912,2.0971450805664062,0.30543360114097595,0.6472694277763367,1.0,1,1
droh_3d,the-finger,./test/skeleton_final_v2/the-finger/IMG_7870.npy,1,0,0,0.0,0.9999961853027344,-0.4274331331253052,1.9804974794387817,0.277916818857193,0.634710431098938,1.0,1,1
droh_3d,the-finger,./test/skeleton_final_v2/the-finger/IMG_7871.npy,1,0,0,0.0,0.9999961256980896,-0.5235856771469116,1.9549028873443604,0.2423843890428543,0.5891762971878052,1.0,1,1
droh_3d,the-finger,./test/skeleton_final_v2/the-finger/IMG_7904.npy,1,0,0,0.0,0.9999969601631165,-0.7977173328399658,1.533964991569519,0.1614121049642563,0.5885459780693054,1.0,1,1
droh_3d,the-finger,./test/skeleton_final_v2/the-finger/IMG_7905.npy,1,0,0,0.0,0.9999961853027344,-0.3942432701587677,2.209871530532837,0.32506269216537476,0.6173533797264099,1.0,1,1
droh_3d,the-finger,./test/skeleton_final_v2/the-finger/IMG_7934.npy,1,0,0,0.0,0.9999966621398926,-0.9254915714263916,0.9999966621398926,0.007450499571859837,0.4742097854614258,1.0,1,1
droh_3d,the-finger,./test/skeleton_final_v2/the-finger/IMG_7935.npy,1,0,0,0.0,0.9999953508377075,-0.5829473733901978,1.8523184061050415,0.26975005865097046,0.5953050255775452,1.0,1,1
droh_3d,the-finger,./test/skeleton_final_v2/the-finger/IMG_7963.npy,1,0,0,0.0,0.999994158744812,-0.8382394909858704,1.9152976274490356,0.4161657392978668,0.6869258880615234,1.0,1,1
droh_3d,the-finger,./test/skeleton_final_v2/the-finger/IMG_7966.npy,1,0,0,0.0,0.9999961853027344,-0.6931065917015076,2.084777593612671,0.21838264167308807,0.6003871560096741,1.0,1,1
droh_3d,the-finger,./test/skeleton_final_v2/the-finger/IMG_8026.npy,1,0,0,0.0,0.9999959468841553,-0.5735259652137756,2.148409128189087,0.23038920760154724,0.6062557101249695,1.0,1,1
droh_3d,the-finger,./test/skeleton_final_v2/the-finger/IMG_8027.npy,1,0,0,0.0,0.9999955892562866,-0.4572701156139374,2.3145835399627686,0.33179810643196106,0.6548343300819397,1.0,1,1
droh_3d,the-finger,./test/skeleton_final_v2/the-finger/IMG_8030.npy,1,0,0,0.0,0.9999950528144836,-1.010406732559204,1.8857733011245728,0.23765550553798676,0.7066365480422974,1.0,1,1
droh_3d,the-finger,./test/skeleton_final_v2/the-finger/IMG_8059.npy,1,0,0,0.0,0.9999963045120239,-1.3629194498062134,1.233014702796936,0.12804587185382843,0.6859118938446045,1.0,1,1
droh_3d,the-finger,./test/skeleton_final_v2/the-finger/IMG_8092.npy,1,0,0,0.0,0.9999961256980896,-0.7707101702690125,2.080200672149658,0.23241029679775238,0.6430414319038391,1.0,1,1
droh_3d,the-finger,./test/skeleton_final_v2/the-finger/IMG_8095.npy,1,0,0,0.0,0.9999956488609314,-0.5285187363624573,1.999389886856079,0.3002113103866577,0.5850045680999756,1.0,1,1
droh_3d,the-finger,./test/skeleton_final_v2/the-finger/IMG_8122.npy,1,0,0,0.0,0.9999957084655762,-0.4741794168949127,1.9289274215698242,0.2508908212184906,0.6056836843490601,1.0,1,1
droh_3d,the-finger,./test/skeleton_final_v2/the-finger/IMG_8162.npy,1,0,0,0.0,0.9999963045120239,-0.4039912819862366,1.2878199815750122,0.4776121973991394,0.4362601041793823,1.0,1,1
droh_3d,the-finger,./test/skeleton_final_v2/the-finger/IMG_8192.npy,1,0,0,0.0,0.9999963641166687,-0.9904993176460266,1.8678243160247803,0.1864098757505417,0.6713401079177856,1.0,1,1
droh_3d,thumbdown,./test/skeleton_final_v2/thumbdown/IMG_6299.npy,1,0,0,0.0,0.9999967217445374,-0.7254073023796082,1.0465588569641113,0.1479993611574173,0.475978285074234,1.0,1,1
droh_3d,thumbdown,./test/skeleton_final_v2/thumbdown/IMG_6301.npy,1,0,0,0.0,0.9999961256980896,-1.0819718837738037,1.432357668876648,0.22437573969364166,0.6121669411659241,1.0,1,1
droh_3d,thumbdown,./test/skeleton_final_v2/thumbdown/IMG_6302.npy,1,0,0,0.0,0.9999967217445374,-0.6568197011947632,1.1379233598709106,0.1831168532371521,0.49246108531951904,1.0,1,1
droh_3d,thumbdown,./test/skeleton_final_v2/thumbdown/IMG_6338.npy,1,0,0,0.0,0.999994695186615,-1.2300872802734375,1.4560530185699463,0.24498187005519867,0.6239175200462341,1.0,1,1
droh_3d,thumbdown,./test/skeleton_final_v2/thumbdown/IMG_6368.npy,1,0,0,0.0,0.9999953508377075,-0.786689043045044,1.1964421272277832,0.2709730863571167,0.48322489857673645,1.0,1,1
droh_3d,thumbdown,./test/skeleton_final_v2/thumbdown/IMG_6444.npy,1,0,0,0.0,0.9999951124191284,-0.750075101852417,1.3517827987670898,0.19328710436820984,0.6035245060920715,1.0,1,1
droh_3d,thumbdown,./test/skeleton_final_v2/thumbdown/IMG_6447.npy,1,0,0,0.0,0.9999956488609314,-0.8882036209106445,1.2734731435775757,0.13775578141212463,0.5842517018318176,1.0,1,1
droh_3d,thumbdown,./test/skeleton_final_v2/thumbdown/IMG_6483.npy,1,0,0,0.0,0.9999942183494568,-1.123721718788147,1.3154138326644897,0.28201714158058167,0.5253260731697083,1.0,1,1
droh_3d,thumbdown,./test/skeleton_final_v2/thumbdown/IMG_6485.npy,1,0,0,0.0,0.9999951720237732,-1.1694915294647217,1.6088831424713135,0.4383254945278168,0.5994022488594055,1.0,1,1
droh_3d,thumbdown,./test/skeleton_final_v2/thumbdown/IMG_6522.npy,1,0,0,0.0,0.9999954104423523,-0.6948398947715759,1.4940886497497559,0.2265874445438385,0.6272047758102417,1.0,1,1
droh_3d,thumbdown,./test/skeleton_final_v2/thumbdown/IMG_6524.npy,1,0,0,0.0,0.9999960660934448,-0.531890332698822,1.345606803894043,0.1458059698343277,0.5828624963760376,1.0,1,1
droh_3d,thumbdown,./test/skeleton_final_v2/thumbdown/IMG_6525.npy,1,0,0,0.0,0.9999951720237732,-0.7810911536216736,1.4746568202972412,0.2167171984910965,0.6175950765609741,1.0,1,1
droh_3d,thumbdown,./test/skeleton_final_v2/thumbdown/IMG_6561.npy,1,0,0,0.0,0.9999955296516418,-0.8172547221183777,1.3911561965942383,0.19735804200172424,0.5986669659614563,1.0,1,1
droh_3d,thumbdown,./test/skeleton_final_v2/thumbdown/IMG_6562.npy,1,0,0,0.0,0.9999963045120239,-0.8738189339637756,0.9999963045120239,0.2117784321308136,0.43144434690475464,1.0,1,1
droh_3d,thumbdown,./test/skeleton_final_v2/thumbdown/IMG_6564.npy,1,0,0,0.0,0.9999945759773254,-1.0817772150039673,1.410522699356079,0.1587301641702652,0.5660206079483032,1.0,1,1
droh_3d,thumbdown,./test/skeleton_final_v2/thumbdown/IMG_6565.npy,1,0,0,0.0,0.999994695186615,-1.2127889394760132,1.465861201286316,0.16507992148399353,0.5695529580116272,1.0,1,1
droh_3d,thumbdown,./test/skeleton_final_v2/thumbdown/IMG_6601.npy,1,0,0,0.0,0.999995768070221,-0.6886919736862183,1.1878089904785156,0.3777378499507904,0.4603264033794403,1.0,1,1
droh_3d,thumbdown,./test/skeleton_final_v2/thumbdown/IMG_6633.npy,1,0,0,0.0,0.9999966621398926,-0.865900993347168,1.1620752811431885,0.09970994293689728,0.5736210346221924,1.0,1,1
droh_3d,thumbdown,./test/skeleton_final_v2/thumbdown/IMG_6634.npy,1,0,0,0.0,0.9999968409538269,-0.7624109387397766,1.0234977006912231,0.13111278414726257,0.5118343830108643,1.0,1,1
droh_3d,thumbdown,./test/skeleton_final_v2/thumbdown/IMG_6635.npy,1,0,0,0.0,0.9999948143959045,-0.8816646337509155,1.7179479598999023,0.28571680188179016,0.7271888852119446,1.0,1,1
droh_3d,thumbdown,./test/skeleton_final_v2/thumbdown/IMG_6636.npy,1,0,0,0.0,0.9999962449073792,-0.8786745071411133,1.0188661813735962,0.09357523173093796,0.5208748579025269,1.0,1,1
droh_3d,thumbdown,./test/skeleton_final_v2/thumbdown/IMG_6742.npy,1,0,0,0.0,0.999995768070221,-0.9805075526237488,1.3245680332183838,0.31434276700019836,0.46931278705596924,1.0,1,1
droh_3d,thumbdown,./test/skeleton_final_v2/thumbdown/IMG_6747.npy,1,0,0,0.0,0.9999966025352478,-0.6461424827575684,1.3814116716384888,0.3785392940044403,0.4915287494659424,1.0,1,1
droh_3d,thumbdown,./test/skeleton_final_v2/thumbdown/IMG_6749.npy,1,0,0,0.0,0.9999949932098389,-1.020784616470337,1.3282852172851562,0.40087074041366577,0.5224072337150574,1.0,1,1
droh_3d,thumbdown,./test/skeleton_final_v2/thumbdown/IMG_6811.npy,1,0,0,0.0,0.9999966025352478,-0.612472414970398,1.2915972471237183,0.22936660051345825,0.514888346195221,1.0,1,1
droh_3d,thumbdown,./test/skeleton_final_v2/thumbdown/IMG_6813.npy,1,0,0,0.0,0.9999958872795105,-0.8555590510368347,1.5634974241256714,0.31156572699546814,0.6993368864059448,1.0,1,1
droh_3d,thumbdown,./test/skeleton_final_v2/thumbdown/IMG_6814.npy,1,0,0,0.0,0.999995768070221,-0.8552731275558472,1.4694992303848267,0.2239580601453781,0.6288647651672363,1.0,1,1
droh_3d,thumbdown,./test/skeleton_final_v2/thumbdown/IMG_6841.npy,1,0,0,0.0,0.9999950528144836,-0.9713227152824402,1.2203532457351685,0.26107385754585266,0.4657909572124481,1.0,1,1
droh_3d,thumbdown,./test/skeleton_final_v2/thumbdown/IMG_6878.npy,1,0,0,0.0,0.9999962449073792,-0.6142594814300537,1.3042266368865967,0.2514236867427826,0.5246555209159851,1.0,1,1
droh_3d,thumbdown,./test/skeleton_final_v2/thumbdown/IMG_6879.npy,1,0,0,0.0,0.9999966621398926,-0.5808275938034058,1.1016013622283936,0.19050940871238708,0.5301485061645508,1.0,1,1
droh_3d,thumbdown,./test/skeleton_final_v2/thumbdown/IMG_6896.npy,1,0,0,0.0,0.9999946355819702,-0.7502890825271606,1.6505852937698364,0.33735328912734985,0.7046559453010559,1.0,1,1
droh_3d,thumbdown,./test/skeleton_final_v2/thumbdown/IMG_6898.npy,1,0,0,0.0,0.9999951124191284,-1.0576142072677612,1.2032445669174194,0.21124251186847687,0.5512456893920898,1.0,1,1
droh_3d,thumbdown,./test/skeleton_final_v2/thumbdown/IMG_6946.npy,1,0,0,0.0,0.9999959468841553,-0.6908244490623474,0.9999959468841553,0.1611008197069168,0.4335179626941681,1.0,1,1
droh_3d,thumbdown,./test/skeleton_final_v2/thumbdown/IMG_6947.npy,1,0,0,0.0,0.9999939203262329,-0.5838261246681213,1.6917059421539307,0.39541566371917725,0.6317552924156189,1.0,1,1
droh_3d,thumbdown,./test/skeleton_final_v2/thumbdown/IMG_6976.npy,1,0,0,0.0,0.9999961256980896,-0.8472312688827515,1.228100299835205,0.25157180428504944,0.5136299729347229,1.0,1,1
droh_3d,thumbdown,./test/skeleton_final_v2/thumbdown/IMG_7044.npy,1,0,0,0.0,0.9999966025352478,-0.6257973909378052,1.340868353843689,0.33122724294662476,0.45714980363845825,1.0,1,1
droh_3d,thumbdown,./test/skeleton_final_v2/thumbdown/IMG_7048.npy,1,0,0,0.0,0.9999967813491821,-0.7918980717658997,1.3497651815414429,0.3276633620262146,0.468240886926651,1.0,1,1
droh_3d,thumbdown,./test/skeleton_final_v2/thumbdown/IMG_7079.npy,1,0,0,0.0,0.9999960660934448,-0.6344634890556335,1.3567283153533936,0.3532291650772095,0.45970121026039124,1.0,1,1
droh_3d,thumbdown,./test/skeleton_final_v2/thumbdown/IMG_7081.npy,1,0,0,0.0,0.9999948740005493,-1.0602079629898071,1.3592233657836914,0.3610268533229828,0.50413978099823,1.0,1,1
droh_3d,thumbdown,./test/skeleton_final_v2/thumbdown/IMG_7236.npy,1,0,0,0.0,0.9999958872795105,-0.8418229222297668,1.176768183708191,0.18615882098674774,0.6330597996711731,1.0,1,1
droh_3d,thumbdown,./test/skeleton_final_v2/thumbdown/IMG_7267.npy,1,0,0,0.0,0.9999958276748657,-0.8058596849441528,1.6316783428192139,0.2976357340812683,0.6373801827430725,1.0,1,1
droh_3d,thumbdown,./test/skeleton_final_v2/thumbdown/IMG_7268.npy,1,0,0,0.0,0.9999966025352478,-0.995090663433075,1.3688324689865112,0.21230313181877136,0.5738681554794312,1.0,1,1
droh_3d,thumbdown,./test/skeleton_final_v2/thumbdown/IMG_7297.npy,1,0,0,0.0,0.9999967217445374,-0.7040749192237854,1.3928413391113281,0.23945477604866028,0.5645096302032471,1.0,1,1
droh_3d,thumbdown,./test/skeleton_final_v2/thumbdown/IMG_7330.npy,1,0,0,0.0,0.9999952912330627,-0.7773677110671997,1.4725090265274048,0.24161376059055328,0.6633726954460144,1.0,1,1
droh_3d,thumbdown,./test/skeleton_final_v2/thumbdown/IMG_7331.npy,1,0,0,0.0,0.9999954104423523,-0.5043846368789673,1.3869097232818604,0.32433176040649414,0.5766701698303223,1.0,1,1
droh_3d,thumbdown,./test/skeleton_final_v2/thumbdown/IMG_7388.npy,1,0,0,0.0,0.9999960660934448,-0.2914280295372009,1.2898344993591309,0.4471747577190399,0.4103737771511078,1.0,1,1
droh_3d,thumbdown,./test/skeleton_final_v2/thumbdown/IMG_7424.npy,1,0,0,0.0,0.9999955296516418,-0.570213794708252,1.4344596862792969,0.41019168496131897,0.4640931785106659,1.0,1,1
droh_3d,thumbdown,./test/skeleton_final_v2/thumbdown/IMG_7426.npy,1,0,0,0.0,0.9999958276748657,-0.7528877854347229,1.6577473878860474,0.4553647041320801,0.5428512692451477,1.0,1,1
droh_3d,thumbdown,./test/skeleton_final_v2/thumbdown/IMG_7457.npy,1,0,0,0.0,0.9999955296516418,-0.45022693276405334,1.1055948734283447,0.2471943497657776,0.45373281836509705,1.0,1,1
droh_3d,thumbdown,./test/skeleton_final_v2/thumbdown/IMG_7459.npy,1,0,0,0.0,0.9999955892562866,-0.633705735206604,1.046217679977417,0.2568550109863281,0.435459703207016,1.0,1,1
droh_3d,thumbdown,./test/skeleton_final_v2/thumbdown/IMG_7557.npy,1,0,0,0.0,0.9999967217445374,-0.676082193851471,1.6621900796890259,0.3221875727176666,0.6701030135154724,1.0,1,1
droh_3d,thumbdown,./test/skeleton_final_v2/thumbdown/IMG_7625.npy,1,0,0,0.0,0.9999963045120239,-0.6493745446205139,1.1689234972000122,0.1428799331188202,0.555015504360199,1.0,1,1
droh_3d,thumbup,./test/skeleton_final_v2/thumbup/IMG_6293.npy,1,0,0,0.0,0.9999958276748657,-1.0614975690841675,1.0942695140838623,0.04476598650217056,0.521666407585144,1.0,1,1
droh_3d,thumbup,./test/skeleton_final_v2/thumbup/IMG_6295.npy,1,0,0,0.0,0.9999953508377075,-1.3532615900039673,1.6387169361114502,0.18493333458900452,0.7403249144554138,1.0,1,1
droh_3d,thumbup,./test/skeleton_final_v2/thumbup/IMG_6331.npy,1,0,0,0.0,0.9999953508377075,-1.178450584411621,1.064293384552002,0.013587379828095436,0.5764098763465881,1.0,1,1
droh_3d,thumbup,./test/skeleton_final_v2/thumbup/IMG_6332.npy,1,0,0,0.0,0.9999951124191284,-1.0064899921417236,1.341981291770935,0.20140643417835236,0.5487964749336243,1.0,1,1
droh_3d,thumbup,./test/skeleton_final_v2/thumbup/IMG_6334.npy,1,0,0,0.0,0.9999960064888,-0.9677316546440125,1.1086034774780273,0.1607993245124817,0.4949233829975128,1.0,1,1
droh_3d,thumbup,./test/skeleton_final_v2/thumbup/IMG_6374.npy,1,0,0,0.0,0.9999949336051941,-0.862025260925293,1.3129242658615112,0.188640296459198,0.5579400658607483,1.0,1,1
droh_3d,thumbup,./test/skeleton_final_v2/thumbup/IMG_6375.npy,1,0,0,0.0,0.9999957084655762,-0.8923044204711914,0.9999957084655762,0.018881699070334435,0.44703859090805054,1.0,1,1
droh_3d,thumbup,./test/skeleton_final_v2/thumbup/IMG_6402.npy,1,0,0,0.0,0.999996542930603,-0.823838472366333,1.0805331468582153,0.11237721145153046,0.5057862401008606,1.0,1,1
droh_3d,thumbup,./test/skeleton_final_v2/thumbup/IMG_6403.npy,1,0,0,0.0,0.9999959468841553,-1.1046193838119507,1.6409103870391846,0.19971486926078796,0.7299744486808777,1.0,1,1
droh_3d,thumbup,./test/skeleton_final_v2/thumbup/IMG_6438.npy,1,0,0,0.0,0.999994158744812,-1.0865050554275513,1.3940255641937256,0.1549101173877716,0.5758205652236938,1.0,1,1
droh_3d,thumbup,./test/skeleton_final_v2/thumbup/IMG_6477.npy,1,0,0,0.0,0.9999944567680359,-1.7073333263397217,0.9999944567680359,0.3132072389125824,0.5705034732818604,1.0,1,1
droh_3d,thumbup,./test/skeleton_final_v2/thumbup/IMG_6479.npy,1,0,0,0.0,0.9999955296516418,-1.1080912351608276,1.0770565271377563,0.3452663719654083,0.3955477476119995,1.0,1,1
droh_3d,thumbup,./test/skeleton_final_v2/thumbup/IMG_6480.npy,1,0,0,0.0,0.999993622303009,-1.8962502479553223,1.0928399562835693,0.2826138436794281,0.581270694732666,1.0,1,1
droh_3d,thumbup,./test/skeleton_final_v2/thumbup/IMG_6521.npy,1,0,0,0.0,0.9999964237213135,-0.9183222055435181,1.1716545820236206,0.21038536727428436,0.483797162771225,1.0,1,1
droh_3d,thumbup,./test/skeleton_final_v2/thumbup/IMG_6537.npy,1,0,0,0.0,0.9999955296516418,-0.9225748777389526,1.055694818496704,0.09952302277088165,0.5963985919952393,1.0,1,1
droh_3d,thumbup,./test/skeleton_final_v2/thumbup/IMG_6557.npy,1,0,0,0.0,0.9999956488609314,-0.8652501702308655,1.1290240287780762,0.025775719434022903,0.5103589296340942,1.0,1,1
droh_3d,thumbup,./test/skeleton_final_v2/thumbup/IMG_6558.npy,1,0,0,0.0,0.9999960660934448,-0.8951413631439209,1.217258095741272,0.17956748604774475,0.5316115021705627,1.0,1,1
droh_3d,thumbup,./test/skeleton_final_v2/thumbup/IMG_6596.npy,1,0,0,0.0,0.9999960660934448,-0.7138767242431641,1.4086295366287231,0.2296624481678009,0.5440795421600342,1.0,1,1
droh_3d,thumbup,./test/skeleton_final_v2/thumbup/IMG_6663.npy,1,0,0,0.0,0.9999961256980896,-0.9785647392272949,1.0355868339538574,0.008223948068916798,0.5105035305023193,1.0,1,1
droh_3d,thumbup,./test/skeleton_final_v2/thumbup/IMG_6664.npy,1,0,0,0.0,0.9999957084655762,-1.1619831323623657,1.6514921188354492,0.28225719928741455,0.640919029712677,1.0,1,1
droh_3d,thumbup,./test/skeleton_final_v2/thumbup/IMG_6667.npy,1,0,0,0.0,0.999997079372406,-0.4946221113204956,1.0324918031692505,0.06841019541025162,0.42476174235343933,1.0,1,1
droh_3d,thumbup,./test/skeleton_final_v2/thumbup/IMG_6682.npy,1,0,0,0.0,0.9999963045120239,-1.0696252584457397,1.5209431648254395,0.2521488666534424,0.6041091680526733,1.0,1,1
droh_3d,thumbup,./test/skeleton_final_v2/thumbup/IMG_6686.npy,1,0,0,0.0,0.9999964237213135,-1.0765926837921143,1.524731159210205,0.20389427244663239,0.6165827512741089,1.0,1,1
droh_3d,thumbup,./test/skeleton_final_v2/thumbup/IMG_6688.npy,1,0,0,0.0,0.9999963641166687,-0.5556738376617432,1.6253122091293335,0.35536253452301025,0.6187378168106079,1.0,1,1
droh_3d,thumbup,./test/skeleton_final_v2/thumbup/IMG_6689.npy,1,0,0,0.0,0.9999966621398926,-0.6124316453933716,1.2472316026687622,0.15353955328464508,0.5391263365745544,1.0,1,1
droh_3d,thumbup,./test/skeleton_final_v2/thumbup/IMG_6745.npy,1,0,0,0.0,0.9999961853027344,-1.0182067155838013,1.2115988731384277,0.25083106756210327,0.5031706094741821,1.0,1,1
droh_3d,thumbup,./test/skeleton_final_v2/thumbup/IMG_6776.npy,1,0,0,0.0,0.9999969005584717,-0.9471797943115234,1.0996216535568237,0.1861293464899063,0.490790456533432,1.0,1,1
droh_3d,thumbup,./test/skeleton_final_v2/thumbup/IMG_6809.npy,1,0,0,0.0,0.9999948143959045,-1.3348631858825684,1.3657516241073608,0.2297481894493103,0.6344263553619385,1.0,1,1
droh_3d,thumbup,./test/skeleton_final_v2/thumbup/IMG_6810.npy,1,0,0,0.0,0.9999966621398926,-0.75320965051651,1.3378195762634277,0.20643137395381927,0.5274655222892761,1.0,1,1
droh_3d,thumbup,./test/skeleton_final_v2/thumbup/IMG_6840.npy,1,0,0,0.0,0.9999960660934448,-0.9867460131645203,1.2488144636154175,0.28566795587539673,0.4683229327201843,1.0,1,1
droh_3d,thumbup,./test/skeleton_final_v2/thumbup/IMG_6875.npy,1,0,0,0.0,0.9999958276748657,-1.111688256263733,1.45395827293396,0.18161052465438843,0.6393713355064392,1.0,1,1
droh_3d,thumbup,./test/skeleton_final_v2/thumbup/IMG_6886.npy,1,0,0,0.0,0.9999949336051941,-0.9424880146980286,1.845793604850769,0.23640000820159912,0.7685732841491699,1.0,1,1
droh_3d,thumbup,./test/skeleton_final_v2/thumbup/IMG_6887.npy,1,0,0,0.0,0.9999956488609314,-0.8792574405670166,1.3707367181777954,0.20465990900993347,0.584091305732727,1.0,1,1
droh_3d,thumbup,./test/skeleton_final_v2/thumbup/IMG_6889.npy,1,0,0,0.0,0.9999942779541016,-1.1717534065246582,1.0210928916931152,0.08802002668380737,0.603609025478363,1.0,1,1
droh_3d,thumbup,./test/skeleton_final_v2/thumbup/IMG_6941.npy,1,0,0,0.0,0.999995231628418,-1.5817592144012451,1.6004506349563599,0.1479366272687912,0.7143582105636597,1.0,1,1
droh_3d,thumbup,./test/skeleton_final_v2/thumbup/IMG_6943.npy,1,0,0,0.0,0.9999958872795105,-0.9244651794433594,1.0582616329193115,0.14588746428489685,0.5737321376800537,1.0,1,1
droh_3d,thumbup,./test/skeleton_final_v2/thumbup/IMG_6971.npy,1,0,0,0.0,0.9999947547912598,-0.985333263874054,1.4912967681884766,0.09155546873807907,0.6598053574562073,1.0,1,1
droh_3d,thumbup,./test/skeleton_final_v2/thumbup/IMG_7005.npy,1,0,0,0.0,0.9999955296516418,-1.0300514698028564,1.0069760084152222,0.06682267040014267,0.5916547775268555,1.0,1,1
droh_3d,thumbup,./test/skeleton_final_v2/thumbup/IMG_7006.npy,1,0,0,0.0,0.9999963641166687,-0.8073605895042419,1.2312458753585815,0.18332840502262115,0.5289853811264038,1.0,1,1
droh_3d,thumbup,./test/skeleton_final_v2/thumbup/IMG_7008.npy,1,0,0,0.0,0.9999954700469971,-1.1442339420318604,1.4752554893493652,0.150399848818779,0.6550842523574829,1.0,1,1
droh_3d,thumbup,./test/skeleton_final_v2/thumbup/IMG_7039.npy,1,0,0,0.0,0.9999960660934448,-1.325767159461975,1.5268810987472534,0.4302084147930145,0.6214693784713745,1.0,1,1
droh_3d,thumbup,./test/skeleton_final_v2/thumbup/IMG_7041.npy,1,0,0,0.0,0.9999968409538269,-0.879689633846283,1.150299310684204,0.24691636860370636,0.47205957770347595,1.0,1,1
droh_3d,thumbup,./test/skeleton_final_v2/thumbup/IMG_7042.npy,1,0,0,0.0,0.9999964833259583,-1.1256746053695679,1.3691017627716064,0.2908400297164917,0.5548530220985413,1.0,1,1
droh_3d,thumbup,./test/skeleton_final_v2/thumbup/IMG_7074.npy,1,0,0,0.0,0.9999962449073792,-0.8826795816421509,1.0733228921890259,0.18546536564826965,0.49352890253067017,1.0,1,1
droh_3d,thumbup,./test/skeleton_final_v2/thumbup/IMG_7263.npy,1,0,0,0.0,0.9999960660934448,-0.9685423970222473,1.4713153839111328,0.21161700785160065,0.5749108195304871,1.0,1,1
droh_3d,thumbup,./test/skeleton_final_v2/thumbup/IMG_7326.npy,1,0,0,0.0,0.999995231628418,-1.1869380474090576,0.999995231628418,-0.006128587294369936,0.5720741152763367,1.0,1,1
droh_3d,thumbup,./test/skeleton_final_v2/thumbup/IMG_7361.npy,1,0,0,0.0,0.9999954700469971,-0.8901863098144531,1.35300612449646,0.21848323941230774,0.560939610004425,1.0,1,1
droh_3d,thumbup,./test/skeleton_final_v2/thumbup/IMG_7384.npy,1,0,0,0.0,0.9999960660934448,-0.743136465549469,1.0400536060333252,0.23883001506328583,0.43442606925964355,1.0,1,1
droh_3d,thumbup,./test/skeleton_final_v2/thumbup/IMG_7453.npy,1,0,0,0.0,0.9999955296516418,-0.9154164791107178,1.1211717128753662,0.18178246915340424,0.5071601271629333,1.0,1,1
droh_3d,thumbup,./test/skeleton_final_v2/thumbup/IMG_7487.npy,1,0,0,0.0,0.9999964237213135,-1.0406825542449951,1.1160392761230469,0.1989947408437729,0.4730576276779175,1.0,1,1
droh_3d,thumbup,./test/skeleton_final_v2/thumbup/IMG_7556.npy,1,0,0,0.0,0.9999958872795105,-1.0867687463760376,1.2237530946731567,0.22675257921218872,0.5326188802719116,1.0,1,1
droh_3d,thumbup,./test/skeleton_final_v2/thumbup/IMG_7621.npy,1,0,0,0.0,0.9999960660934448,-0.9779892563819885,1.1819576025009155,0.23649191856384277,0.48563432693481445,1.0,1,1
droh_3d,thumbup,./test/skeleton_final_v2/thumbup/IMG_7622.npy,1,0,0,0.0,0.9999966025352478,-0.9491860866546631,1.0124130249023438,0.13467329740524292,0.47696733474731445,1.0,1,1
droh_3d,thumbup,./test/skeleton_final_v2/thumbup/IMG_7623.npy,1,0,0,0.0,0.9999961853027344,-1.28886878490448,1.620725154876709,0.24216525256633759,0.651739776134491,1.0,1,1
droh_3d,thumbup,./test/skeleton_final_v2/thumbup/IMG_7727.npy,1,0,0,0.0,0.9999963045120239,-1.3546059131622314,1.1684069633483887,0.26210781931877136,0.5076151490211487,1.0,1,1
droh_3d,thumbup,./test/skeleton_final_v2/thumbup/IMG_7760.npy,1,0,0,0.0,0.9999961256980896,-1.023432970046997,1.6541624069213867,0.1646309345960617,0.5659185647964478,1.0,1,1
droh_3d,thumbup,./test/skeleton_final_v2/thumbup/IMG_7787.npy,1,0,0,0.0,0.9999961853027344,-1.0147730112075806,1.415185809135437,0.20226283371448517,0.5436376333236694,1.0,1,1
droh_3d,thumbup,./test/skeleton_final_v2/thumbup/IMG_7788.npy,1,0,0,0.0,0.9999955296516418,-1.1395330429077148,1.373145341873169,0.19679465889930725,0.5617915391921997,1.0,1,1
droh_3d,thumbup,./test/skeleton_final_v2/thumbup/IMG_7789.npy,1,0,0,0.0,0.9999959468841553,-0.7489160895347595,1.8124756813049316,0.1520947515964508,0.6020861268043518,1.0,1,1
droh_3d,thumbup,./test/skeleton_final_v2/thumbup/IMG_7790.npy,1,0,0,0.0,0.9999969005584717,-0.8239057064056396,1.3568743467330933,0.21362029016017914,0.5334521532058716,1.0,1,1
droh_3d,thumbup,./test/skeleton_final_v2/thumbup/IMG_7860.npy,1,0,0,0.0,0.9999964237213135,-0.7033746838569641,1.352920413017273,0.2332931011915207,0.5168536305427551,1.0,1,1
droh_3d,thumbup,./test/skeleton_final_v2/thumbup/IMG_7894.npy,1,0,0,0.0,0.9999961256980896,-1.4380624294281006,0.9999961256980896,0.06947995722293854,0.5771062970161438,1.0,1,1
droh_3d,thumbup,./test/skeleton_final_v2/thumbup/IMG_8020.npy,1,0,0,0.0,0.9999963641166687,-0.997340977191925,1.2320200204849243,0.05155462399125099,0.584821879863739,1.0,1,1
droh_3d,thumbup,./test/skeleton_final_v2/thumbup/IMG_8113.npy,1,0,0,0.0,0.9999954104423523,-0.9674222469329834,1.2885714769363403,0.188446044921875,0.565904974937439,1.0,1,1
droh_3d,thumbup,./test/skeleton_final_v2/thumbup/IMG_8117.npy,1,0,0,0.0,0.9999960064888,-0.749876856803894,1.3491789102554321,0.24893246591091156,0.528186023235321,1.0,1,1
droh_3d,thumbup,./test/skeleton_final_v2/thumbup/IMG_8145.npy,1,0,0,0.0,0.9999956488609314,-0.47673699259757996,1.0123640298843384,0.3397194743156433,0.36548611521720886,1.0,1,1
droh_3d,thumbup,./test/skeleton_final_v2/thumbup/IMG_8146.npy,1,0,0,0.0,0.9999956488609314,-0.8801674246788025,1.3143669366836548,0.34085726737976074,0.47483476996421814,1.0,1,1
droh_3d,thumbup,./test/skeleton_final_v2/thumbup/IMG_8148.npy,1,0,0,0.0,0.9999963045120239,-0.8897531032562256,1.4269678592681885,0.3369523882865906,0.4355037212371826,1.0,1,1
droh_3d,thumbup,./test/skeleton_final_v2/thumbup/IMG_8181.npy,1,0,0,0.0,0.9999962449073792,-1.7276971340179443,1.16450035572052,0.08146046102046967,0.6183823347091675,1.0,1,1
droh_3d,thumbup,./test/skeleton_final_v2/thumbup/IMG_8183.npy,1,0,0,0.0,0.9999958276748657,-1.4693634510040283,1.208855390548706,0.07758637517690659,0.6002167463302612,1.0,1,1
