action,sample_id,cam_0_path,cam_2_path,cam_4_path,cam_5_path,split
ok,IMG_6289,./test/multiview_blender/ok/IMG_6289/Cam_0.npy,./test/multiview_blender/ok/IMG_6289/Cam_2.npy,./test/multiview_blender/ok/IMG_6289/Cam_4.npy,./test/multiview_blender/ok/IMG_6289/Cam_5.npy,test
ok,IMG_6290,./test/multiview_blender/ok/IMG_6290/Cam_0.npy,./test/multiview_blender/ok/IMG_6290/Cam_2.npy,./test/multiview_blender/ok/IMG_6290/Cam_4.npy,./test/multiview_blender/ok/IMG_6290/Cam_5.npy,test
ok,IMG_6292,./test/multiview_blender/ok/IMG_6292/Cam_0.npy,./test/multiview_blender/ok/IMG_6292/Cam_2.npy,./test/multiview_blender/ok/IMG_6292/Cam_4.npy,./test/multiview_blender/ok/IMG_6292/Cam_5.npy,test
ok,IMG_6327,./test/multiview_blender/ok/IMG_6327/Cam_0.npy,./test/multiview_blender/ok/IMG_6327/Cam_2.npy,./test/multiview_blender/ok/IMG_6327/Cam_4.npy,./test/multiview_blender/ok/IMG_6327/Cam_5.npy,test
ok,IMG_6329,./test/multiview_blender/ok/IMG_6329/Cam_0.npy,./test/multiview_blender/ok/IMG_6329/Cam_2.npy,./test/multiview_blender/ok/IMG_6329/Cam_4.npy,./test/multiview_blender/ok/IMG_6329/Cam_5.npy,test
ok,IMG_6362,./test/multiview_blender/ok/IMG_6362/Cam_0.npy,./test/multiview_blender/ok/IMG_6362/Cam_2.npy,./test/multiview_blender/ok/IMG_6362/Cam_4.npy,./test/multiview_blender/ok/IMG_6362/Cam_5.npy,test
ok,IMG_6363,./test/multiview_blender/ok/IMG_6363/Cam_0.npy,./test/multiview_blender/ok/IMG_6363/Cam_2.npy,./test/multiview_blender/ok/IMG_6363/Cam_4.npy,./test/multiview_blender/ok/IMG_6363/Cam_5.npy,test
ok,IMG_6396,./test/multiview_blender/ok/IMG_6396/Cam_0.npy,./test/multiview_blender/ok/IMG_6396/Cam_2.npy,./test/multiview_blender/ok/IMG_6396/Cam_4.npy,./test/multiview_blender/ok/IMG_6396/Cam_5.npy,test
ok,IMG_6434,./test/multiview_blender/ok/IMG_6434/Cam_0.npy,./test/multiview_blender/ok/IMG_6434/Cam_2.npy,./test/multiview_blender/ok/IMG_6434/Cam_4.npy,./test/multiview_blender/ok/IMG_6434/Cam_5.npy,test
ok,IMG_6437,./test/multiview_blender/ok/IMG_6437/Cam_0.npy,./test/multiview_blender/ok/IMG_6437/Cam_2.npy,./test/multiview_blender/ok/IMG_6437/Cam_4.npy,./test/multiview_blender/ok/IMG_6437/Cam_5.npy,test
ok,IMG_6472,./test/multiview_blender/ok/IMG_6472/Cam_0.npy,./test/multiview_blender/ok/IMG_6472/Cam_2.npy,./test/multiview_blender/ok/IMG_6472/Cam_4.npy,./test/multiview_blender/ok/IMG_6472/Cam_5.npy,test
ok,IMG_6474,./test/multiview_blender/ok/IMG_6474/Cam_0.npy,./test/multiview_blender/ok/IMG_6474/Cam_2.npy,./test/multiview_blender/ok/IMG_6474/Cam_4.npy,./test/multiview_blender/ok/IMG_6474/Cam_5.npy,test
ok,IMG_6512,./test/multiview_blender/ok/IMG_6512/Cam_0.npy,./test/multiview_blender/ok/IMG_6512/Cam_2.npy,./test/multiview_blender/ok/IMG_6512/Cam_4.npy,./test/multiview_blender/ok/IMG_6512/Cam_5.npy,test
ok,IMG_6554,./test/multiview_blender/ok/IMG_6554/Cam_0.npy,./test/multiview_blender/ok/IMG_6554/Cam_2.npy,./test/multiview_blender/ok/IMG_6554/Cam_4.npy,./test/multiview_blender/ok/IMG_6554/Cam_5.npy,test
ok,IMG_6555,./test/multiview_blender/ok/IMG_6555/Cam_0.npy,./test/multiview_blender/ok/IMG_6555/Cam_2.npy,./test/multiview_blender/ok/IMG_6555/Cam_4.npy,./test/multiview_blender/ok/IMG_6555/Cam_5.npy,test
ok,IMG_6591,./test/multiview_blender/ok/IMG_6591/Cam_0.npy,./test/multiview_blender/ok/IMG_6591/Cam_2.npy,./test/multiview_blender/ok/IMG_6591/Cam_4.npy,./test/multiview_blender/ok/IMG_6591/Cam_5.npy,test
ok,IMG_6623,./test/multiview_blender/ok/IMG_6623/Cam_0.npy,./test/multiview_blender/ok/IMG_6623/Cam_2.npy,./test/multiview_blender/ok/IMG_6623/Cam_4.npy,./test/multiview_blender/ok/IMG_6623/Cam_5.npy,test
ok,IMG_6624,./test/multiview_blender/ok/IMG_6624/Cam_0.npy,./test/multiview_blender/ok/IMG_6624/Cam_2.npy,./test/multiview_blender/ok/IMG_6624/Cam_4.npy,./test/multiview_blender/ok/IMG_6624/Cam_5.npy,test
ok,IMG_6712,./test/multiview_blender/ok/IMG_6712/Cam_0.npy,./test/multiview_blender/ok/IMG_6712/Cam_2.npy,./test/multiview_blender/ok/IMG_6712/Cam_4.npy,./test/multiview_blender/ok/IMG_6712/Cam_5.npy,test
ok,IMG_6714,./test/multiview_blender/ok/IMG_6714/Cam_0.npy,./test/multiview_blender/ok/IMG_6714/Cam_2.npy,./test/multiview_blender/ok/IMG_6714/Cam_4.npy,./test/multiview_blender/ok/IMG_6714/Cam_5.npy,test
ok,IMG_6738,./test/multiview_blender/ok/IMG_6738/Cam_0.npy,./test/multiview_blender/ok/IMG_6738/Cam_2.npy,./test/multiview_blender/ok/IMG_6738/Cam_4.npy,./test/multiview_blender/ok/IMG_6738/Cam_5.npy,test
ok,IMG_6803,./test/multiview_blender/ok/IMG_6803/Cam_0.npy,./test/multiview_blender/ok/IMG_6803/Cam_2.npy,./test/multiview_blender/ok/IMG_6803/Cam_4.npy,./test/multiview_blender/ok/IMG_6803/Cam_5.npy,test
ok,IMG_6805,./test/multiview_blender/ok/IMG_6805/Cam_0.npy,./test/multiview_blender/ok/IMG_6805/Cam_2.npy,./test/multiview_blender/ok/IMG_6805/Cam_4.npy,./test/multiview_blender/ok/IMG_6805/Cam_5.npy,test
ok,IMG_6834,./test/multiview_blender/ok/IMG_6834/Cam_0.npy,./test/multiview_blender/ok/IMG_6834/Cam_2.npy,./test/multiview_blender/ok/IMG_6834/Cam_4.npy,./test/multiview_blender/ok/IMG_6834/Cam_5.npy,test
ok,IMG_6835,./test/multiview_blender/ok/IMG_6835/Cam_0.npy,./test/multiview_blender/ok/IMG_6835/Cam_2.npy,./test/multiview_blender/ok/IMG_6835/Cam_4.npy,./test/multiview_blender/ok/IMG_6835/Cam_5.npy,test
ok,IMG_6937,./test/multiview_blender/ok/IMG_6937/Cam_0.npy,./test/multiview_blender/ok/IMG_6937/Cam_2.npy,./test/multiview_blender/ok/IMG_6937/Cam_4.npy,./test/multiview_blender/ok/IMG_6937/Cam_5.npy,test
ok,IMG_6938,./test/multiview_blender/ok/IMG_6938/Cam_0.npy,./test/multiview_blender/ok/IMG_6938/Cam_2.npy,./test/multiview_blender/ok/IMG_6938/Cam_4.npy,./test/multiview_blender/ok/IMG_6938/Cam_5.npy,test
ok,IMG_6967,./test/multiview_blender/ok/IMG_6967/Cam_0.npy,./test/multiview_blender/ok/IMG_6967/Cam_2.npy,./test/multiview_blender/ok/IMG_6967/Cam_4.npy,./test/multiview_blender/ok/IMG_6967/Cam_5.npy,test
ok,IMG_6968,./test/multiview_blender/ok/IMG_6968/Cam_0.npy,./test/multiview_blender/ok/IMG_6968/Cam_2.npy,./test/multiview_blender/ok/IMG_6968/Cam_4.npy,./test/multiview_blender/ok/IMG_6968/Cam_5.npy,test
ok,IMG_6969,./test/multiview_blender/ok/IMG_6969/Cam_0.npy,./test/multiview_blender/ok/IMG_6969/Cam_2.npy,./test/multiview_blender/ok/IMG_6969/Cam_4.npy,./test/multiview_blender/ok/IMG_6969/Cam_5.npy,test
ok,IMG_6970,./test/multiview_blender/ok/IMG_6970/Cam_0.npy,./test/multiview_blender/ok/IMG_6970/Cam_2.npy,./test/multiview_blender/ok/IMG_6970/Cam_4.npy,./test/multiview_blender/ok/IMG_6970/Cam_5.npy,test
ok,IMG_7001,./test/multiview_blender/ok/IMG_7001/Cam_0.npy,./test/multiview_blender/ok/IMG_7001/Cam_2.npy,./test/multiview_blender/ok/IMG_7001/Cam_4.npy,./test/multiview_blender/ok/IMG_7001/Cam_5.npy,test
ok,IMG_7036,./test/multiview_blender/ok/IMG_7036/Cam_0.npy,./test/multiview_blender/ok/IMG_7036/Cam_2.npy,./test/multiview_blender/ok/IMG_7036/Cam_4.npy,./test/multiview_blender/ok/IMG_7036/Cam_5.npy,test
ok,IMG_7037,./test/multiview_blender/ok/IMG_7037/Cam_0.npy,./test/multiview_blender/ok/IMG_7037/Cam_2.npy,./test/multiview_blender/ok/IMG_7037/Cam_4.npy,./test/multiview_blender/ok/IMG_7037/Cam_5.npy,test
ok,IMG_7038,./test/multiview_blender/ok/IMG_7038/Cam_0.npy,./test/multiview_blender/ok/IMG_7038/Cam_2.npy,./test/multiview_blender/ok/IMG_7038/Cam_4.npy,./test/multiview_blender/ok/IMG_7038/Cam_5.npy,test
ok,IMG_7070,./test/multiview_blender/ok/IMG_7070/Cam_0.npy,./test/multiview_blender/ok/IMG_7070/Cam_2.npy,./test/multiview_blender/ok/IMG_7070/Cam_4.npy,./test/multiview_blender/ok/IMG_7070/Cam_5.npy,test
ok,IMG_7072,./test/multiview_blender/ok/IMG_7072/Cam_0.npy,./test/multiview_blender/ok/IMG_7072/Cam_2.npy,./test/multiview_blender/ok/IMG_7072/Cam_4.npy,./test/multiview_blender/ok/IMG_7072/Cam_5.npy,test
ok,IMG_7073,./test/multiview_blender/ok/IMG_7073/Cam_0.npy,./test/multiview_blender/ok/IMG_7073/Cam_2.npy,./test/multiview_blender/ok/IMG_7073/Cam_4.npy,./test/multiview_blender/ok/IMG_7073/Cam_5.npy,test
ok,IMG_7227,./test/multiview_blender/ok/IMG_7227/Cam_0.npy,./test/multiview_blender/ok/IMG_7227/Cam_2.npy,./test/multiview_blender/ok/IMG_7227/Cam_4.npy,./test/multiview_blender/ok/IMG_7227/Cam_5.npy,test
ok,IMG_7228,./test/multiview_blender/ok/IMG_7228/Cam_0.npy,./test/multiview_blender/ok/IMG_7228/Cam_2.npy,./test/multiview_blender/ok/IMG_7228/Cam_4.npy,./test/multiview_blender/ok/IMG_7228/Cam_5.npy,test
ok,IMG_7258,./test/multiview_blender/ok/IMG_7258/Cam_0.npy,./test/multiview_blender/ok/IMG_7258/Cam_2.npy,./test/multiview_blender/ok/IMG_7258/Cam_4.npy,./test/multiview_blender/ok/IMG_7258/Cam_5.npy,test
ok,IMG_7259,./test/multiview_blender/ok/IMG_7259/Cam_0.npy,./test/multiview_blender/ok/IMG_7259/Cam_2.npy,./test/multiview_blender/ok/IMG_7259/Cam_4.npy,./test/multiview_blender/ok/IMG_7259/Cam_5.npy,test
ok,IMG_7260,./test/multiview_blender/ok/IMG_7260/Cam_0.npy,./test/multiview_blender/ok/IMG_7260/Cam_2.npy,./test/multiview_blender/ok/IMG_7260/Cam_4.npy,./test/multiview_blender/ok/IMG_7260/Cam_5.npy,test
ok,IMG_7288,./test/multiview_blender/ok/IMG_7288/Cam_0.npy,./test/multiview_blender/ok/IMG_7288/Cam_2.npy,./test/multiview_blender/ok/IMG_7288/Cam_4.npy,./test/multiview_blender/ok/IMG_7288/Cam_5.npy,test
ok,IMG_7290,./test/multiview_blender/ok/IMG_7290/Cam_0.npy,./test/multiview_blender/ok/IMG_7290/Cam_2.npy,./test/multiview_blender/ok/IMG_7290/Cam_4.npy,./test/multiview_blender/ok/IMG_7290/Cam_5.npy,test
ok,IMG_7291,./test/multiview_blender/ok/IMG_7291/Cam_0.npy,./test/multiview_blender/ok/IMG_7291/Cam_2.npy,./test/multiview_blender/ok/IMG_7291/Cam_4.npy,./test/multiview_blender/ok/IMG_7291/Cam_5.npy,test
ok,IMG_7322,./test/multiview_blender/ok/IMG_7322/Cam_0.npy,./test/multiview_blender/ok/IMG_7322/Cam_2.npy,./test/multiview_blender/ok/IMG_7322/Cam_4.npy,./test/multiview_blender/ok/IMG_7322/Cam_5.npy,test
ok,IMG_7323,./test/multiview_blender/ok/IMG_7323/Cam_0.npy,./test/multiview_blender/ok/IMG_7323/Cam_2.npy,./test/multiview_blender/ok/IMG_7323/Cam_4.npy,./test/multiview_blender/ok/IMG_7323/Cam_5.npy,test
ok,IMG_7351,./test/multiview_blender/ok/IMG_7351/Cam_0.npy,./test/multiview_blender/ok/IMG_7351/Cam_2.npy,./test/multiview_blender/ok/IMG_7351/Cam_4.npy,./test/multiview_blender/ok/IMG_7351/Cam_5.npy,test
ok,IMG_7352,./test/multiview_blender/ok/IMG_7352/Cam_0.npy,./test/multiview_blender/ok/IMG_7352/Cam_2.npy,./test/multiview_blender/ok/IMG_7352/Cam_4.npy,./test/multiview_blender/ok/IMG_7352/Cam_5.npy,test
ok,IMG_7354,./test/multiview_blender/ok/IMG_7354/Cam_0.npy,./test/multiview_blender/ok/IMG_7354/Cam_2.npy,./test/multiview_blender/ok/IMG_7354/Cam_4.npy,./test/multiview_blender/ok/IMG_7354/Cam_5.npy,test
ok,IMG_7355,./test/multiview_blender/ok/IMG_7355/Cam_0.npy,./test/multiview_blender/ok/IMG_7355/Cam_2.npy,./test/multiview_blender/ok/IMG_7355/Cam_4.npy,./test/multiview_blender/ok/IMG_7355/Cam_5.npy,test
ok,IMG_7391,./test/multiview_blender/ok/IMG_7391/Cam_0.npy,./test/multiview_blender/ok/IMG_7391/Cam_2.npy,./test/multiview_blender/ok/IMG_7391/Cam_4.npy,./test/multiview_blender/ok/IMG_7391/Cam_5.npy,test
ok,IMG_7394,./test/multiview_blender/ok/IMG_7394/Cam_0.npy,./test/multiview_blender/ok/IMG_7394/Cam_2.npy,./test/multiview_blender/ok/IMG_7394/Cam_4.npy,./test/multiview_blender/ok/IMG_7394/Cam_5.npy,test
ok,IMG_7416,./test/multiview_blender/ok/IMG_7416/Cam_0.npy,./test/multiview_blender/ok/IMG_7416/Cam_2.npy,./test/multiview_blender/ok/IMG_7416/Cam_4.npy,./test/multiview_blender/ok/IMG_7416/Cam_5.npy,test
ok,IMG_7418,./test/multiview_blender/ok/IMG_7418/Cam_0.npy,./test/multiview_blender/ok/IMG_7418/Cam_2.npy,./test/multiview_blender/ok/IMG_7418/Cam_4.npy,./test/multiview_blender/ok/IMG_7418/Cam_5.npy,test
ok,IMG_7448,./test/multiview_blender/ok/IMG_7448/Cam_0.npy,./test/multiview_blender/ok/IMG_7448/Cam_2.npy,./test/multiview_blender/ok/IMG_7448/Cam_4.npy,./test/multiview_blender/ok/IMG_7448/Cam_5.npy,test
ok,IMG_7484,./test/multiview_blender/ok/IMG_7484/Cam_0.npy,./test/multiview_blender/ok/IMG_7484/Cam_2.npy,./test/multiview_blender/ok/IMG_7484/Cam_4.npy,./test/multiview_blender/ok/IMG_7484/Cam_5.npy,test
ok,IMG_7529,./test/multiview_blender/ok/IMG_7529/Cam_0.npy,./test/multiview_blender/ok/IMG_7529/Cam_2.npy,./test/multiview_blender/ok/IMG_7529/Cam_4.npy,./test/multiview_blender/ok/IMG_7529/Cam_5.npy,test
ok,IMG_7550,./test/multiview_blender/ok/IMG_7550/Cam_0.npy,./test/multiview_blender/ok/IMG_7550/Cam_2.npy,./test/multiview_blender/ok/IMG_7550/Cam_4.npy,./test/multiview_blender/ok/IMG_7550/Cam_5.npy,test
ok,IMG_7581,./test/multiview_blender/ok/IMG_7581/Cam_0.npy,./test/multiview_blender/ok/IMG_7581/Cam_2.npy,./test/multiview_blender/ok/IMG_7581/Cam_4.npy,./test/multiview_blender/ok/IMG_7581/Cam_5.npy,test
ok,IMG_7582,./test/multiview_blender/ok/IMG_7582/Cam_0.npy,./test/multiview_blender/ok/IMG_7582/Cam_2.npy,./test/multiview_blender/ok/IMG_7582/Cam_4.npy,./test/multiview_blender/ok/IMG_7582/Cam_5.npy,test
ok,IMG_7583,./test/multiview_blender/ok/IMG_7583/Cam_0.npy,./test/multiview_blender/ok/IMG_7583/Cam_2.npy,./test/multiview_blender/ok/IMG_7583/Cam_4.npy,./test/multiview_blender/ok/IMG_7583/Cam_5.npy,test
ok,IMG_7584,./test/multiview_blender/ok/IMG_7584/Cam_0.npy,./test/multiview_blender/ok/IMG_7584/Cam_2.npy,./test/multiview_blender/ok/IMG_7584/Cam_4.npy,./test/multiview_blender/ok/IMG_7584/Cam_5.npy,test
ok,IMG_7585,./test/multiview_blender/ok/IMG_7585/Cam_0.npy,./test/multiview_blender/ok/IMG_7585/Cam_2.npy,./test/multiview_blender/ok/IMG_7585/Cam_4.npy,./test/multiview_blender/ok/IMG_7585/Cam_5.npy,test
ok,IMG_7613,./test/multiview_blender/ok/IMG_7613/Cam_0.npy,./test/multiview_blender/ok/IMG_7613/Cam_2.npy,./test/multiview_blender/ok/IMG_7613/Cam_4.npy,./test/multiview_blender/ok/IMG_7613/Cam_5.npy,test
ok,IMG_7614,./test/multiview_blender/ok/IMG_7614/Cam_0.npy,./test/multiview_blender/ok/IMG_7614/Cam_2.npy,./test/multiview_blender/ok/IMG_7614/Cam_4.npy,./test/multiview_blender/ok/IMG_7614/Cam_5.npy,test
ok,IMG_7616,./test/multiview_blender/ok/IMG_7616/Cam_0.npy,./test/multiview_blender/ok/IMG_7616/Cam_2.npy,./test/multiview_blender/ok/IMG_7616/Cam_4.npy,./test/multiview_blender/ok/IMG_7616/Cam_5.npy,test
ok,IMG_7617,./test/multiview_blender/ok/IMG_7617/Cam_0.npy,./test/multiview_blender/ok/IMG_7617/Cam_2.npy,./test/multiview_blender/ok/IMG_7617/Cam_4.npy,./test/multiview_blender/ok/IMG_7617/Cam_5.npy,test
ok,IMG_7618,./test/multiview_blender/ok/IMG_7618/Cam_0.npy,./test/multiview_blender/ok/IMG_7618/Cam_2.npy,./test/multiview_blender/ok/IMG_7618/Cam_4.npy,./test/multiview_blender/ok/IMG_7618/Cam_5.npy,test
ok,IMG_7655,./test/multiview_blender/ok/IMG_7655/Cam_0.npy,./test/multiview_blender/ok/IMG_7655/Cam_2.npy,./test/multiview_blender/ok/IMG_7655/Cam_4.npy,./test/multiview_blender/ok/IMG_7655/Cam_5.npy,test
ok,IMG_7656,./test/multiview_blender/ok/IMG_7656/Cam_0.npy,./test/multiview_blender/ok/IMG_7656/Cam_2.npy,./test/multiview_blender/ok/IMG_7656/Cam_4.npy,./test/multiview_blender/ok/IMG_7656/Cam_5.npy,test
ok,IMG_7657,./test/multiview_blender/ok/IMG_7657/Cam_0.npy,./test/multiview_blender/ok/IMG_7657/Cam_2.npy,./test/multiview_blender/ok/IMG_7657/Cam_4.npy,./test/multiview_blender/ok/IMG_7657/Cam_5.npy,test
ok,IMG_7660,./test/multiview_blender/ok/IMG_7660/Cam_0.npy,./test/multiview_blender/ok/IMG_7660/Cam_2.npy,./test/multiview_blender/ok/IMG_7660/Cam_4.npy,./test/multiview_blender/ok/IMG_7660/Cam_5.npy,test
ok,IMG_7690,./test/multiview_blender/ok/IMG_7690/Cam_0.npy,./test/multiview_blender/ok/IMG_7690/Cam_2.npy,./test/multiview_blender/ok/IMG_7690/Cam_4.npy,./test/multiview_blender/ok/IMG_7690/Cam_5.npy,test
ok,IMG_7691,./test/multiview_blender/ok/IMG_7691/Cam_0.npy,./test/multiview_blender/ok/IMG_7691/Cam_2.npy,./test/multiview_blender/ok/IMG_7691/Cam_4.npy,./test/multiview_blender/ok/IMG_7691/Cam_5.npy,test
ok,IMG_7693,./test/multiview_blender/ok/IMG_7693/Cam_0.npy,./test/multiview_blender/ok/IMG_7693/Cam_2.npy,./test/multiview_blender/ok/IMG_7693/Cam_4.npy,./test/multiview_blender/ok/IMG_7693/Cam_5.npy,test
ok,IMG_7722,./test/multiview_blender/ok/IMG_7722/Cam_0.npy,./test/multiview_blender/ok/IMG_7722/Cam_2.npy,./test/multiview_blender/ok/IMG_7722/Cam_4.npy,./test/multiview_blender/ok/IMG_7722/Cam_5.npy,test
ok,IMG_7723,./test/multiview_blender/ok/IMG_7723/Cam_0.npy,./test/multiview_blender/ok/IMG_7723/Cam_2.npy,./test/multiview_blender/ok/IMG_7723/Cam_4.npy,./test/multiview_blender/ok/IMG_7723/Cam_5.npy,test
ok,IMG_7753,./test/multiview_blender/ok/IMG_7753/Cam_0.npy,./test/multiview_blender/ok/IMG_7753/Cam_2.npy,./test/multiview_blender/ok/IMG_7753/Cam_4.npy,./test/multiview_blender/ok/IMG_7753/Cam_5.npy,test
ok,IMG_7756,./test/multiview_blender/ok/IMG_7756/Cam_0.npy,./test/multiview_blender/ok/IMG_7756/Cam_2.npy,./test/multiview_blender/ok/IMG_7756/Cam_4.npy,./test/multiview_blender/ok/IMG_7756/Cam_5.npy,test
ok,IMG_7782,./test/multiview_blender/ok/IMG_7782/Cam_0.npy,./test/multiview_blender/ok/IMG_7782/Cam_2.npy,./test/multiview_blender/ok/IMG_7782/Cam_4.npy,./test/multiview_blender/ok/IMG_7782/Cam_5.npy,test
ok,IMG_7783,./test/multiview_blender/ok/IMG_7783/Cam_0.npy,./test/multiview_blender/ok/IMG_7783/Cam_2.npy,./test/multiview_blender/ok/IMG_7783/Cam_4.npy,./test/multiview_blender/ok/IMG_7783/Cam_5.npy,test
ok,IMG_7786,./test/multiview_blender/ok/IMG_7786/Cam_0.npy,./test/multiview_blender/ok/IMG_7786/Cam_2.npy,./test/multiview_blender/ok/IMG_7786/Cam_4.npy,./test/multiview_blender/ok/IMG_7786/Cam_5.npy,test
ok,IMG_7854,./test/multiview_blender/ok/IMG_7854/Cam_0.npy,./test/multiview_blender/ok/IMG_7854/Cam_2.npy,./test/multiview_blender/ok/IMG_7854/Cam_4.npy,./test/multiview_blender/ok/IMG_7854/Cam_5.npy,test
ok,IMG_7887,./test/multiview_blender/ok/IMG_7887/Cam_0.npy,./test/multiview_blender/ok/IMG_7887/Cam_2.npy,./test/multiview_blender/ok/IMG_7887/Cam_4.npy,./test/multiview_blender/ok/IMG_7887/Cam_5.npy,test
ok,IMG_7888,./test/multiview_blender/ok/IMG_7888/Cam_0.npy,./test/multiview_blender/ok/IMG_7888/Cam_2.npy,./test/multiview_blender/ok/IMG_7888/Cam_4.npy,./test/multiview_blender/ok/IMG_7888/Cam_5.npy,test
ok,IMG_7890,./test/multiview_blender/ok/IMG_7890/Cam_0.npy,./test/multiview_blender/ok/IMG_7890/Cam_2.npy,./test/multiview_blender/ok/IMG_7890/Cam_4.npy,./test/multiview_blender/ok/IMG_7890/Cam_5.npy,test
ok,IMG_7891,./test/multiview_blender/ok/IMG_7891/Cam_0.npy,./test/multiview_blender/ok/IMG_7891/Cam_2.npy,./test/multiview_blender/ok/IMG_7891/Cam_4.npy,./test/multiview_blender/ok/IMG_7891/Cam_5.npy,test
ok,IMG_7922,./test/multiview_blender/ok/IMG_7922/Cam_0.npy,./test/multiview_blender/ok/IMG_7922/Cam_2.npy,./test/multiview_blender/ok/IMG_7922/Cam_4.npy,./test/multiview_blender/ok/IMG_7922/Cam_5.npy,test
ok,IMG_7948,./test/multiview_blender/ok/IMG_7948/Cam_0.npy,./test/multiview_blender/ok/IMG_7948/Cam_2.npy,./test/multiview_blender/ok/IMG_7948/Cam_4.npy,./test/multiview_blender/ok/IMG_7948/Cam_5.npy,test
ok,IMG_7950,./test/multiview_blender/ok/IMG_7950/Cam_0.npy,./test/multiview_blender/ok/IMG_7950/Cam_2.npy,./test/multiview_blender/ok/IMG_7950/Cam_4.npy,./test/multiview_blender/ok/IMG_7950/Cam_5.npy,test
ok,IMG_7951,./test/multiview_blender/ok/IMG_7951/Cam_0.npy,./test/multiview_blender/ok/IMG_7951/Cam_2.npy,./test/multiview_blender/ok/IMG_7951/Cam_4.npy,./test/multiview_blender/ok/IMG_7951/Cam_5.npy,test
ok,IMG_7980,./test/multiview_blender/ok/IMG_7980/Cam_0.npy,./test/multiview_blender/ok/IMG_7980/Cam_2.npy,./test/multiview_blender/ok/IMG_7980/Cam_4.npy,./test/multiview_blender/ok/IMG_7980/Cam_5.npy,test
ok,IMG_8014,./test/multiview_blender/ok/IMG_8014/Cam_0.npy,./test/multiview_blender/ok/IMG_8014/Cam_2.npy,./test/multiview_blender/ok/IMG_8014/Cam_4.npy,./test/multiview_blender/ok/IMG_8014/Cam_5.npy,test
ok,IMG_8046,./test/multiview_blender/ok/IMG_8046/Cam_0.npy,./test/multiview_blender/ok/IMG_8046/Cam_2.npy,./test/multiview_blender/ok/IMG_8046/Cam_4.npy,./test/multiview_blender/ok/IMG_8046/Cam_5.npy,test
ok,IMG_8047,./test/multiview_blender/ok/IMG_8047/Cam_0.npy,./test/multiview_blender/ok/IMG_8047/Cam_2.npy,./test/multiview_blender/ok/IMG_8047/Cam_4.npy,./test/multiview_blender/ok/IMG_8047/Cam_5.npy,test
ok,IMG_8049,./test/multiview_blender/ok/IMG_8049/Cam_0.npy,./test/multiview_blender/ok/IMG_8049/Cam_2.npy,./test/multiview_blender/ok/IMG_8049/Cam_4.npy,./test/multiview_blender/ok/IMG_8049/Cam_5.npy,test
ok,IMG_8087,./test/multiview_blender/ok/IMG_8087/Cam_0.npy,./test/multiview_blender/ok/IMG_8087/Cam_2.npy,./test/multiview_blender/ok/IMG_8087/Cam_4.npy,./test/multiview_blender/ok/IMG_8087/Cam_5.npy,test
ok,IMG_8088,./test/multiview_blender/ok/IMG_8088/Cam_0.npy,./test/multiview_blender/ok/IMG_8088/Cam_2.npy,./test/multiview_blender/ok/IMG_8088/Cam_4.npy,./test/multiview_blender/ok/IMG_8088/Cam_5.npy,test
ok,IMG_8089,./test/multiview_blender/ok/IMG_8089/Cam_0.npy,./test/multiview_blender/ok/IMG_8089/Cam_2.npy,./test/multiview_blender/ok/IMG_8089/Cam_4.npy,./test/multiview_blender/ok/IMG_8089/Cam_5.npy,test
ok,IMG_8091,./test/multiview_blender/ok/IMG_8091/Cam_0.npy,./test/multiview_blender/ok/IMG_8091/Cam_2.npy,./test/multiview_blender/ok/IMG_8091/Cam_4.npy,./test/multiview_blender/ok/IMG_8091/Cam_5.npy,test
ok,IMG_8109,./test/multiview_blender/ok/IMG_8109/Cam_0.npy,./test/multiview_blender/ok/IMG_8109/Cam_2.npy,./test/multiview_blender/ok/IMG_8109/Cam_4.npy,./test/multiview_blender/ok/IMG_8109/Cam_5.npy,test
ok,IMG_8110,./test/multiview_blender/ok/IMG_8110/Cam_0.npy,./test/multiview_blender/ok/IMG_8110/Cam_2.npy,./test/multiview_blender/ok/IMG_8110/Cam_4.npy,./test/multiview_blender/ok/IMG_8110/Cam_5.npy,test
ok,IMG_8177,./test/multiview_blender/ok/IMG_8177/Cam_0.npy,./test/multiview_blender/ok/IMG_8177/Cam_2.npy,./test/multiview_blender/ok/IMG_8177/Cam_4.npy,./test/multiview_blender/ok/IMG_8177/Cam_5.npy,test
ok,IMG_8178,./test/multiview_blender/ok/IMG_8178/Cam_0.npy,./test/multiview_blender/ok/IMG_8178/Cam_2.npy,./test/multiview_blender/ok/IMG_8178/Cam_4.npy,./test/multiview_blender/ok/IMG_8178/Cam_5.npy,test
paper,IMG_6274,./test/multiview_blender/paper/IMG_6274/Cam_0.npy,./test/multiview_blender/paper/IMG_6274/Cam_2.npy,./test/multiview_blender/paper/IMG_6274/Cam_4.npy,./test/multiview_blender/paper/IMG_6274/Cam_5.npy,test
paper,IMG_6275,./test/multiview_blender/paper/IMG_6275/Cam_0.npy,./test/multiview_blender/paper/IMG_6275/Cam_2.npy,./test/multiview_blender/paper/IMG_6275/Cam_4.npy,./test/multiview_blender/paper/IMG_6275/Cam_5.npy,test
paper,IMG_6276,./test/multiview_blender/paper/IMG_6276/Cam_0.npy,./test/multiview_blender/paper/IMG_6276/Cam_2.npy,./test/multiview_blender/paper/IMG_6276/Cam_4.npy,./test/multiview_blender/paper/IMG_6276/Cam_5.npy,test
paper,IMG_6277,./test/multiview_blender/paper/IMG_6277/Cam_0.npy,./test/multiview_blender/paper/IMG_6277/Cam_2.npy,./test/multiview_blender/paper/IMG_6277/Cam_4.npy,./test/multiview_blender/paper/IMG_6277/Cam_5.npy,test
paper,IMG_6279,./test/multiview_blender/paper/IMG_6279/Cam_0.npy,./test/multiview_blender/paper/IMG_6279/Cam_2.npy,./test/multiview_blender/paper/IMG_6279/Cam_4.npy,./test/multiview_blender/paper/IMG_6279/Cam_5.npy,test
paper,IMG_6280,./test/multiview_blender/paper/IMG_6280/Cam_0.npy,./test/multiview_blender/paper/IMG_6280/Cam_2.npy,./test/multiview_blender/paper/IMG_6280/Cam_4.npy,./test/multiview_blender/paper/IMG_6280/Cam_5.npy,test
paper,IMG_6323,./test/multiview_blender/paper/IMG_6323/Cam_0.npy,./test/multiview_blender/paper/IMG_6323/Cam_2.npy,./test/multiview_blender/paper/IMG_6323/Cam_4.npy,./test/multiview_blender/paper/IMG_6323/Cam_5.npy,test
paper,IMG_6324,./test/multiview_blender/paper/IMG_6324/Cam_0.npy,./test/multiview_blender/paper/IMG_6324/Cam_2.npy,./test/multiview_blender/paper/IMG_6324/Cam_4.npy,./test/multiview_blender/paper/IMG_6324/Cam_5.npy,test
paper,IMG_6325,./test/multiview_blender/paper/IMG_6325/Cam_0.npy,./test/multiview_blender/paper/IMG_6325/Cam_2.npy,./test/multiview_blender/paper/IMG_6325/Cam_4.npy,./test/multiview_blender/paper/IMG_6325/Cam_5.npy,test
paper,IMG_6326,./test/multiview_blender/paper/IMG_6326/Cam_0.npy,./test/multiview_blender/paper/IMG_6326/Cam_2.npy,./test/multiview_blender/paper/IMG_6326/Cam_4.npy,./test/multiview_blender/paper/IMG_6326/Cam_5.npy,test
paper,IMG_6355,./test/multiview_blender/paper/IMG_6355/Cam_0.npy,./test/multiview_blender/paper/IMG_6355/Cam_2.npy,./test/multiview_blender/paper/IMG_6355/Cam_4.npy,./test/multiview_blender/paper/IMG_6355/Cam_5.npy,test
paper,IMG_6358,./test/multiview_blender/paper/IMG_6358/Cam_0.npy,./test/multiview_blender/paper/IMG_6358/Cam_2.npy,./test/multiview_blender/paper/IMG_6358/Cam_4.npy,./test/multiview_blender/paper/IMG_6358/Cam_5.npy,test
paper,IMG_6359,./test/multiview_blender/paper/IMG_6359/Cam_0.npy,./test/multiview_blender/paper/IMG_6359/Cam_2.npy,./test/multiview_blender/paper/IMG_6359/Cam_4.npy,./test/multiview_blender/paper/IMG_6359/Cam_5.npy,test
paper,IMG_6391,./test/multiview_blender/paper/IMG_6391/Cam_0.npy,./test/multiview_blender/paper/IMG_6391/Cam_2.npy,./test/multiview_blender/paper/IMG_6391/Cam_4.npy,./test/multiview_blender/paper/IMG_6391/Cam_5.npy,test
paper,IMG_6392,./test/multiview_blender/paper/IMG_6392/Cam_0.npy,./test/multiview_blender/paper/IMG_6392/Cam_2.npy,./test/multiview_blender/paper/IMG_6392/Cam_4.npy,./test/multiview_blender/paper/IMG_6392/Cam_5.npy,test
paper,IMG_6393,./test/multiview_blender/paper/IMG_6393/Cam_0.npy,./test/multiview_blender/paper/IMG_6393/Cam_2.npy,./test/multiview_blender/paper/IMG_6393/Cam_4.npy,./test/multiview_blender/paper/IMG_6393/Cam_5.npy,test
paper,IMG_6395,./test/multiview_blender/paper/IMG_6395/Cam_0.npy,./test/multiview_blender/paper/IMG_6395/Cam_2.npy,./test/multiview_blender/paper/IMG_6395/Cam_4.npy,./test/multiview_blender/paper/IMG_6395/Cam_5.npy,test
paper,IMG_6427,./test/multiview_blender/paper/IMG_6427/Cam_0.npy,./test/multiview_blender/paper/IMG_6427/Cam_2.npy,./test/multiview_blender/paper/IMG_6427/Cam_4.npy,./test/multiview_blender/paper/IMG_6427/Cam_5.npy,test
paper,IMG_6429,./test/multiview_blender/paper/IMG_6429/Cam_0.npy,./test/multiview_blender/paper/IMG_6429/Cam_2.npy,./test/multiview_blender/paper/IMG_6429/Cam_4.npy,./test/multiview_blender/paper/IMG_6429/Cam_5.npy,test
paper,IMG_6430,./test/multiview_blender/paper/IMG_6430/Cam_0.npy,./test/multiview_blender/paper/IMG_6430/Cam_2.npy,./test/multiview_blender/paper/IMG_6430/Cam_4.npy,./test/multiview_blender/paper/IMG_6430/Cam_5.npy,test
paper,IMG_6431,./test/multiview_blender/paper/IMG_6431/Cam_0.npy,./test/multiview_blender/paper/IMG_6431/Cam_2.npy,./test/multiview_blender/paper/IMG_6431/Cam_4.npy,./test/multiview_blender/paper/IMG_6431/Cam_5.npy,test
paper,IMG_6467,./test/multiview_blender/paper/IMG_6467/Cam_0.npy,./test/multiview_blender/paper/IMG_6467/Cam_2.npy,./test/multiview_blender/paper/IMG_6467/Cam_4.npy,./test/multiview_blender/paper/IMG_6467/Cam_5.npy,test
paper,IMG_6468,./test/multiview_blender/paper/IMG_6468/Cam_0.npy,./test/multiview_blender/paper/IMG_6468/Cam_2.npy,./test/multiview_blender/paper/IMG_6468/Cam_4.npy,./test/multiview_blender/paper/IMG_6468/Cam_5.npy,test
paper,IMG_6469,./test/multiview_blender/paper/IMG_6469/Cam_0.npy,./test/multiview_blender/paper/IMG_6469/Cam_2.npy,./test/multiview_blender/paper/IMG_6469/Cam_4.npy,./test/multiview_blender/paper/IMG_6469/Cam_5.npy,test
paper,IMG_6504,./test/multiview_blender/paper/IMG_6504/Cam_0.npy,./test/multiview_blender/paper/IMG_6504/Cam_2.npy,./test/multiview_blender/paper/IMG_6504/Cam_4.npy,./test/multiview_blender/paper/IMG_6504/Cam_5.npy,test
paper,IMG_6505,./test/multiview_blender/paper/IMG_6505/Cam_0.npy,./test/multiview_blender/paper/IMG_6505/Cam_2.npy,./test/multiview_blender/paper/IMG_6505/Cam_4.npy,./test/multiview_blender/paper/IMG_6505/Cam_5.npy,test
paper,IMG_6508,./test/multiview_blender/paper/IMG_6508/Cam_0.npy,./test/multiview_blender/paper/IMG_6508/Cam_2.npy,./test/multiview_blender/paper/IMG_6508/Cam_4.npy,./test/multiview_blender/paper/IMG_6508/Cam_5.npy,test
paper,IMG_6546,./test/multiview_blender/paper/IMG_6546/Cam_0.npy,./test/multiview_blender/paper/IMG_6546/Cam_2.npy,./test/multiview_blender/paper/IMG_6546/Cam_4.npy,./test/multiview_blender/paper/IMG_6546/Cam_5.npy,test
paper,IMG_6547,./test/multiview_blender/paper/IMG_6547/Cam_0.npy,./test/multiview_blender/paper/IMG_6547/Cam_2.npy,./test/multiview_blender/paper/IMG_6547/Cam_4.npy,./test/multiview_blender/paper/IMG_6547/Cam_5.npy,test
paper,IMG_6548,./test/multiview_blender/paper/IMG_6548/Cam_0.npy,./test/multiview_blender/paper/IMG_6548/Cam_2.npy,./test/multiview_blender/paper/IMG_6548/Cam_4.npy,./test/multiview_blender/paper/IMG_6548/Cam_5.npy,test
paper,IMG_6549,./test/multiview_blender/paper/IMG_6549/Cam_0.npy,./test/multiview_blender/paper/IMG_6549/Cam_2.npy,./test/multiview_blender/paper/IMG_6549/Cam_4.npy,./test/multiview_blender/paper/IMG_6549/Cam_5.npy,test
paper,IMG_6550,./test/multiview_blender/paper/IMG_6550/Cam_0.npy,./test/multiview_blender/paper/IMG_6550/Cam_2.npy,./test/multiview_blender/paper/IMG_6550/Cam_4.npy,./test/multiview_blender/paper/IMG_6550/Cam_5.npy,test
paper,IMG_6582,./test/multiview_blender/paper/IMG_6582/Cam_0.npy,./test/multiview_blender/paper/IMG_6582/Cam_2.npy,./test/multiview_blender/paper/IMG_6582/Cam_4.npy,./test/multiview_blender/paper/IMG_6582/Cam_5.npy,test
paper,IMG_6583,./test/multiview_blender/paper/IMG_6583/Cam_0.npy,./test/multiview_blender/paper/IMG_6583/Cam_2.npy,./test/multiview_blender/paper/IMG_6583/Cam_4.npy,./test/multiview_blender/paper/IMG_6583/Cam_5.npy,test
paper,IMG_6584,./test/multiview_blender/paper/IMG_6584/Cam_0.npy,./test/multiview_blender/paper/IMG_6584/Cam_2.npy,./test/multiview_blender/paper/IMG_6584/Cam_4.npy,./test/multiview_blender/paper/IMG_6584/Cam_5.npy,test
paper,IMG_6585,./test/multiview_blender/paper/IMG_6585/Cam_0.npy,./test/multiview_blender/paper/IMG_6585/Cam_2.npy,./test/multiview_blender/paper/IMG_6585/Cam_4.npy,./test/multiview_blender/paper/IMG_6585/Cam_5.npy,test
paper,IMG_6619,./test/multiview_blender/paper/IMG_6619/Cam_0.npy,./test/multiview_blender/paper/IMG_6619/Cam_2.npy,./test/multiview_blender/paper/IMG_6619/Cam_4.npy,./test/multiview_blender/paper/IMG_6619/Cam_5.npy,test
paper,IMG_6622,./test/multiview_blender/paper/IMG_6622/Cam_0.npy,./test/multiview_blender/paper/IMG_6622/Cam_2.npy,./test/multiview_blender/paper/IMG_6622/Cam_4.npy,./test/multiview_blender/paper/IMG_6622/Cam_5.npy,test
paper,IMG_6653,./test/multiview_blender/paper/IMG_6653/Cam_0.npy,./test/multiview_blender/paper/IMG_6653/Cam_2.npy,./test/multiview_blender/paper/IMG_6653/Cam_4.npy,./test/multiview_blender/paper/IMG_6653/Cam_5.npy,test
paper,IMG_6654,./test/multiview_blender/paper/IMG_6654/Cam_0.npy,./test/multiview_blender/paper/IMG_6654/Cam_2.npy,./test/multiview_blender/paper/IMG_6654/Cam_4.npy,./test/multiview_blender/paper/IMG_6654/Cam_5.npy,test
paper,IMG_6655,./test/multiview_blender/paper/IMG_6655/Cam_0.npy,./test/multiview_blender/paper/IMG_6655/Cam_2.npy,./test/multiview_blender/paper/IMG_6655/Cam_4.npy,./test/multiview_blender/paper/IMG_6655/Cam_5.npy,test
paper,IMG_6656,./test/multiview_blender/paper/IMG_6656/Cam_0.npy,./test/multiview_blender/paper/IMG_6656/Cam_2.npy,./test/multiview_blender/paper/IMG_6656/Cam_4.npy,./test/multiview_blender/paper/IMG_6656/Cam_5.npy,test
paper,IMG_6708,./test/multiview_blender/paper/IMG_6708/Cam_0.npy,./test/multiview_blender/paper/IMG_6708/Cam_2.npy,./test/multiview_blender/paper/IMG_6708/Cam_4.npy,./test/multiview_blender/paper/IMG_6708/Cam_5.npy,test
paper,IMG_6709,./test/multiview_blender/paper/IMG_6709/Cam_0.npy,./test/multiview_blender/paper/IMG_6709/Cam_2.npy,./test/multiview_blender/paper/IMG_6709/Cam_4.npy,./test/multiview_blender/paper/IMG_6709/Cam_5.npy,test
paper,IMG_6710,./test/multiview_blender/paper/IMG_6710/Cam_0.npy,./test/multiview_blender/paper/IMG_6710/Cam_2.npy,./test/multiview_blender/paper/IMG_6710/Cam_4.npy,./test/multiview_blender/paper/IMG_6710/Cam_5.npy,test
paper,IMG_6732,./test/multiview_blender/paper/IMG_6732/Cam_0.npy,./test/multiview_blender/paper/IMG_6732/Cam_2.npy,./test/multiview_blender/paper/IMG_6732/Cam_4.npy,./test/multiview_blender/paper/IMG_6732/Cam_5.npy,test
paper,IMG_6767,./test/multiview_blender/paper/IMG_6767/Cam_0.npy,./test/multiview_blender/paper/IMG_6767/Cam_2.npy,./test/multiview_blender/paper/IMG_6767/Cam_4.npy,./test/multiview_blender/paper/IMG_6767/Cam_5.npy,test
paper,IMG_6799,./test/multiview_blender/paper/IMG_6799/Cam_0.npy,./test/multiview_blender/paper/IMG_6799/Cam_2.npy,./test/multiview_blender/paper/IMG_6799/Cam_4.npy,./test/multiview_blender/paper/IMG_6799/Cam_5.npy,test
paper,IMG_6830,./test/multiview_blender/paper/IMG_6830/Cam_0.npy,./test/multiview_blender/paper/IMG_6830/Cam_2.npy,./test/multiview_blender/paper/IMG_6830/Cam_4.npy,./test/multiview_blender/paper/IMG_6830/Cam_5.npy,test
paper,IMG_6861,./test/multiview_blender/paper/IMG_6861/Cam_0.npy,./test/multiview_blender/paper/IMG_6861/Cam_2.npy,./test/multiview_blender/paper/IMG_6861/Cam_4.npy,./test/multiview_blender/paper/IMG_6861/Cam_5.npy,test
paper,IMG_6862,./test/multiview_blender/paper/IMG_6862/Cam_0.npy,./test/multiview_blender/paper/IMG_6862/Cam_2.npy,./test/multiview_blender/paper/IMG_6862/Cam_4.npy,./test/multiview_blender/paper/IMG_6862/Cam_5.npy,test
paper,IMG_6864,./test/multiview_blender/paper/IMG_6864/Cam_0.npy,./test/multiview_blender/paper/IMG_6864/Cam_2.npy,./test/multiview_blender/paper/IMG_6864/Cam_4.npy,./test/multiview_blender/paper/IMG_6864/Cam_5.npy,test
paper,IMG_6865,./test/multiview_blender/paper/IMG_6865/Cam_0.npy,./test/multiview_blender/paper/IMG_6865/Cam_2.npy,./test/multiview_blender/paper/IMG_6865/Cam_4.npy,./test/multiview_blender/paper/IMG_6865/Cam_5.npy,test
paper,IMG_6909,./test/multiview_blender/paper/IMG_6909/Cam_0.npy,./test/multiview_blender/paper/IMG_6909/Cam_2.npy,./test/multiview_blender/paper/IMG_6909/Cam_4.npy,./test/multiview_blender/paper/IMG_6909/Cam_5.npy,test
paper,IMG_6910,./test/multiview_blender/paper/IMG_6910/Cam_0.npy,./test/multiview_blender/paper/IMG_6910/Cam_2.npy,./test/multiview_blender/paper/IMG_6910/Cam_4.npy,./test/multiview_blender/paper/IMG_6910/Cam_5.npy,test
paper,IMG_6911,./test/multiview_blender/paper/IMG_6911/Cam_0.npy,./test/multiview_blender/paper/IMG_6911/Cam_2.npy,./test/multiview_blender/paper/IMG_6911/Cam_4.npy,./test/multiview_blender/paper/IMG_6911/Cam_5.npy,test
paper,IMG_6913,./test/multiview_blender/paper/IMG_6913/Cam_0.npy,./test/multiview_blender/paper/IMG_6913/Cam_2.npy,./test/multiview_blender/paper/IMG_6913/Cam_4.npy,./test/multiview_blender/paper/IMG_6913/Cam_5.npy,test
paper,IMG_6934,./test/multiview_blender/paper/IMG_6934/Cam_0.npy,./test/multiview_blender/paper/IMG_6934/Cam_2.npy,./test/multiview_blender/paper/IMG_6934/Cam_4.npy,./test/multiview_blender/paper/IMG_6934/Cam_5.npy,test
paper,IMG_6935,./test/multiview_blender/paper/IMG_6935/Cam_0.npy,./test/multiview_blender/paper/IMG_6935/Cam_2.npy,./test/multiview_blender/paper/IMG_6935/Cam_4.npy,./test/multiview_blender/paper/IMG_6935/Cam_5.npy,test
paper,IMG_6963,./test/multiview_blender/paper/IMG_6963/Cam_0.npy,./test/multiview_blender/paper/IMG_6963/Cam_2.npy,./test/multiview_blender/paper/IMG_6963/Cam_4.npy,./test/multiview_blender/paper/IMG_6963/Cam_5.npy,test
paper,IMG_6964,./test/multiview_blender/paper/IMG_6964/Cam_0.npy,./test/multiview_blender/paper/IMG_6964/Cam_2.npy,./test/multiview_blender/paper/IMG_6964/Cam_4.npy,./test/multiview_blender/paper/IMG_6964/Cam_5.npy,test
paper,IMG_6965,./test/multiview_blender/paper/IMG_6965/Cam_0.npy,./test/multiview_blender/paper/IMG_6965/Cam_2.npy,./test/multiview_blender/paper/IMG_6965/Cam_4.npy,./test/multiview_blender/paper/IMG_6965/Cam_5.npy,test
paper,IMG_6994,./test/multiview_blender/paper/IMG_6994/Cam_0.npy,./test/multiview_blender/paper/IMG_6994/Cam_2.npy,./test/multiview_blender/paper/IMG_6994/Cam_4.npy,./test/multiview_blender/paper/IMG_6994/Cam_5.npy,test
paper,IMG_6995,./test/multiview_blender/paper/IMG_6995/Cam_0.npy,./test/multiview_blender/paper/IMG_6995/Cam_2.npy,./test/multiview_blender/paper/IMG_6995/Cam_4.npy,./test/multiview_blender/paper/IMG_6995/Cam_5.npy,test
paper,IMG_6996,./test/multiview_blender/paper/IMG_6996/Cam_0.npy,./test/multiview_blender/paper/IMG_6996/Cam_2.npy,./test/multiview_blender/paper/IMG_6996/Cam_4.npy,./test/multiview_blender/paper/IMG_6996/Cam_5.npy,test
paper,IMG_7033,./test/multiview_blender/paper/IMG_7033/Cam_0.npy,./test/multiview_blender/paper/IMG_7033/Cam_2.npy,./test/multiview_blender/paper/IMG_7033/Cam_4.npy,./test/multiview_blender/paper/IMG_7033/Cam_5.npy,test
paper,IMG_7064,./test/multiview_blender/paper/IMG_7064/Cam_0.npy,./test/multiview_blender/paper/IMG_7064/Cam_2.npy,./test/multiview_blender/paper/IMG_7064/Cam_4.npy,./test/multiview_blender/paper/IMG_7064/Cam_5.npy,test
paper,IMG_7065,./test/multiview_blender/paper/IMG_7065/Cam_0.npy,./test/multiview_blender/paper/IMG_7065/Cam_2.npy,./test/multiview_blender/paper/IMG_7065/Cam_4.npy,./test/multiview_blender/paper/IMG_7065/Cam_5.npy,test
paper,IMG_7067,./test/multiview_blender/paper/IMG_7067/Cam_0.npy,./test/multiview_blender/paper/IMG_7067/Cam_2.npy,./test/multiview_blender/paper/IMG_7067/Cam_4.npy,./test/multiview_blender/paper/IMG_7067/Cam_5.npy,test
paper,IMG_7068,./test/multiview_blender/paper/IMG_7068/Cam_0.npy,./test/multiview_blender/paper/IMG_7068/Cam_2.npy,./test/multiview_blender/paper/IMG_7068/Cam_4.npy,./test/multiview_blender/paper/IMG_7068/Cam_5.npy,test
paper,IMG_7222,./test/multiview_blender/paper/IMG_7222/Cam_0.npy,./test/multiview_blender/paper/IMG_7222/Cam_2.npy,./test/multiview_blender/paper/IMG_7222/Cam_4.npy,./test/multiview_blender/paper/IMG_7222/Cam_5.npy,test
paper,IMG_7223,./test/multiview_blender/paper/IMG_7223/Cam_0.npy,./test/multiview_blender/paper/IMG_7223/Cam_2.npy,./test/multiview_blender/paper/IMG_7223/Cam_4.npy,./test/multiview_blender/paper/IMG_7223/Cam_5.npy,test
paper,IMG_7224,./test/multiview_blender/paper/IMG_7224/Cam_0.npy,./test/multiview_blender/paper/IMG_7224/Cam_2.npy,./test/multiview_blender/paper/IMG_7224/Cam_4.npy,./test/multiview_blender/paper/IMG_7224/Cam_5.npy,test
paper,IMG_7254,./test/multiview_blender/paper/IMG_7254/Cam_0.npy,./test/multiview_blender/paper/IMG_7254/Cam_2.npy,./test/multiview_blender/paper/IMG_7254/Cam_4.npy,./test/multiview_blender/paper/IMG_7254/Cam_5.npy,test
paper,IMG_7285,./test/multiview_blender/paper/IMG_7285/Cam_0.npy,./test/multiview_blender/paper/IMG_7285/Cam_2.npy,./test/multiview_blender/paper/IMG_7285/Cam_4.npy,./test/multiview_blender/paper/IMG_7285/Cam_5.npy,test
paper,IMG_7286,./test/multiview_blender/paper/IMG_7286/Cam_0.npy,./test/multiview_blender/paper/IMG_7286/Cam_2.npy,./test/multiview_blender/paper/IMG_7286/Cam_4.npy,./test/multiview_blender/paper/IMG_7286/Cam_5.npy,test
paper,IMG_7316,./test/multiview_blender/paper/IMG_7316/Cam_0.npy,./test/multiview_blender/paper/IMG_7316/Cam_2.npy,./test/multiview_blender/paper/IMG_7316/Cam_4.npy,./test/multiview_blender/paper/IMG_7316/Cam_5.npy,test
paper,IMG_7317,./test/multiview_blender/paper/IMG_7317/Cam_0.npy,./test/multiview_blender/paper/IMG_7317/Cam_2.npy,./test/multiview_blender/paper/IMG_7317/Cam_4.npy,./test/multiview_blender/paper/IMG_7317/Cam_5.npy,test
paper,IMG_7345,./test/multiview_blender/paper/IMG_7345/Cam_0.npy,./test/multiview_blender/paper/IMG_7345/Cam_2.npy,./test/multiview_blender/paper/IMG_7345/Cam_4.npy,./test/multiview_blender/paper/IMG_7345/Cam_5.npy,test
paper,IMG_7347,./test/multiview_blender/paper/IMG_7347/Cam_0.npy,./test/multiview_blender/paper/IMG_7347/Cam_2.npy,./test/multiview_blender/paper/IMG_7347/Cam_4.npy,./test/multiview_blender/paper/IMG_7347/Cam_5.npy,test
paper,IMG_7349,./test/multiview_blender/paper/IMG_7349/Cam_0.npy,./test/multiview_blender/paper/IMG_7349/Cam_2.npy,./test/multiview_blender/paper/IMG_7349/Cam_4.npy,./test/multiview_blender/paper/IMG_7349/Cam_5.npy,test
paper,IMG_7382,./test/multiview_blender/paper/IMG_7382/Cam_0.npy,./test/multiview_blender/paper/IMG_7382/Cam_2.npy,./test/multiview_blender/paper/IMG_7382/Cam_4.npy,./test/multiview_blender/paper/IMG_7382/Cam_5.npy,test
paper,IMG_7414,./test/multiview_blender/paper/IMG_7414/Cam_0.npy,./test/multiview_blender/paper/IMG_7414/Cam_2.npy,./test/multiview_blender/paper/IMG_7414/Cam_4.npy,./test/multiview_blender/paper/IMG_7414/Cam_5.npy,test
paper,IMG_7443,./test/multiview_blender/paper/IMG_7443/Cam_0.npy,./test/multiview_blender/paper/IMG_7443/Cam_2.npy,./test/multiview_blender/paper/IMG_7443/Cam_4.npy,./test/multiview_blender/paper/IMG_7443/Cam_5.npy,test
paper,IMG_7446,./test/multiview_blender/paper/IMG_7446/Cam_0.npy,./test/multiview_blender/paper/IMG_7446/Cam_2.npy,./test/multiview_blender/paper/IMG_7446/Cam_4.npy,./test/multiview_blender/paper/IMG_7446/Cam_5.npy,test
paper,IMG_7447,./test/multiview_blender/paper/IMG_7447/Cam_0.npy,./test/multiview_blender/paper/IMG_7447/Cam_2.npy,./test/multiview_blender/paper/IMG_7447/Cam_4.npy,./test/multiview_blender/paper/IMG_7447/Cam_5.npy,test
paper,IMG_7476,./test/multiview_blender/paper/IMG_7476/Cam_0.npy,./test/multiview_blender/paper/IMG_7476/Cam_2.npy,./test/multiview_blender/paper/IMG_7476/Cam_4.npy,./test/multiview_blender/paper/IMG_7476/Cam_5.npy,test
paper,IMG_7477,./test/multiview_blender/paper/IMG_7477/Cam_0.npy,./test/multiview_blender/paper/IMG_7477/Cam_2.npy,./test/multiview_blender/paper/IMG_7477/Cam_4.npy,./test/multiview_blender/paper/IMG_7477/Cam_5.npy,test
paper,IMG_7513,./test/multiview_blender/paper/IMG_7513/Cam_0.npy,./test/multiview_blender/paper/IMG_7513/Cam_2.npy,./test/multiview_blender/paper/IMG_7513/Cam_4.npy,./test/multiview_blender/paper/IMG_7513/Cam_5.npy,test
paper,IMG_7515,./test/multiview_blender/paper/IMG_7515/Cam_0.npy,./test/multiview_blender/paper/IMG_7515/Cam_2.npy,./test/multiview_blender/paper/IMG_7515/Cam_4.npy,./test/multiview_blender/paper/IMG_7515/Cam_5.npy,test
paper,IMG_7545,./test/multiview_blender/paper/IMG_7545/Cam_0.npy,./test/multiview_blender/paper/IMG_7545/Cam_2.npy,./test/multiview_blender/paper/IMG_7545/Cam_4.npy,./test/multiview_blender/paper/IMG_7545/Cam_5.npy,test
paper,IMG_7578,./test/multiview_blender/paper/IMG_7578/Cam_0.npy,./test/multiview_blender/paper/IMG_7578/Cam_2.npy,./test/multiview_blender/paper/IMG_7578/Cam_4.npy,./test/multiview_blender/paper/IMG_7578/Cam_5.npy,test
paper,IMG_7579,./test/multiview_blender/paper/IMG_7579/Cam_0.npy,./test/multiview_blender/paper/IMG_7579/Cam_2.npy,./test/multiview_blender/paper/IMG_7579/Cam_4.npy,./test/multiview_blender/paper/IMG_7579/Cam_5.npy,test
paper,IMG_7609,./test/multiview_blender/paper/IMG_7609/Cam_0.npy,./test/multiview_blender/paper/IMG_7609/Cam_2.npy,./test/multiview_blender/paper/IMG_7609/Cam_4.npy,./test/multiview_blender/paper/IMG_7609/Cam_5.npy,test
paper,IMG_7610,./test/multiview_blender/paper/IMG_7610/Cam_0.npy,./test/multiview_blender/paper/IMG_7610/Cam_2.npy,./test/multiview_blender/paper/IMG_7610/Cam_4.npy,./test/multiview_blender/paper/IMG_7610/Cam_5.npy,test
paper,IMG_7611,./test/multiview_blender/paper/IMG_7611/Cam_0.npy,./test/multiview_blender/paper/IMG_7611/Cam_2.npy,./test/multiview_blender/paper/IMG_7611/Cam_4.npy,./test/multiview_blender/paper/IMG_7611/Cam_5.npy,test
paper,IMG_7652,./test/multiview_blender/paper/IMG_7652/Cam_0.npy,./test/multiview_blender/paper/IMG_7652/Cam_2.npy,./test/multiview_blender/paper/IMG_7652/Cam_4.npy,./test/multiview_blender/paper/IMG_7652/Cam_5.npy,test
paper,IMG_7653,./test/multiview_blender/paper/IMG_7653/Cam_0.npy,./test/multiview_blender/paper/IMG_7653/Cam_2.npy,./test/multiview_blender/paper/IMG_7653/Cam_4.npy,./test/multiview_blender/paper/IMG_7653/Cam_5.npy,test
paper,IMG_7717,./test/multiview_blender/paper/IMG_7717/Cam_0.npy,./test/multiview_blender/paper/IMG_7717/Cam_2.npy,./test/multiview_blender/paper/IMG_7717/Cam_4.npy,./test/multiview_blender/paper/IMG_7717/Cam_5.npy,test
paper,IMG_7718,./test/multiview_blender/paper/IMG_7718/Cam_0.npy,./test/multiview_blender/paper/IMG_7718/Cam_2.npy,./test/multiview_blender/paper/IMG_7718/Cam_4.npy,./test/multiview_blender/paper/IMG_7718/Cam_5.npy,test
paper,IMG_7719,./test/multiview_blender/paper/IMG_7719/Cam_0.npy,./test/multiview_blender/paper/IMG_7719/Cam_2.npy,./test/multiview_blender/paper/IMG_7719/Cam_4.npy,./test/multiview_blender/paper/IMG_7719/Cam_5.npy,test
paper,IMG_7720,./test/multiview_blender/paper/IMG_7720/Cam_0.npy,./test/multiview_blender/paper/IMG_7720/Cam_2.npy,./test/multiview_blender/paper/IMG_7720/Cam_4.npy,./test/multiview_blender/paper/IMG_7720/Cam_5.npy,test
paper,IMG_7750,./test/multiview_blender/paper/IMG_7750/Cam_0.npy,./test/multiview_blender/paper/IMG_7750/Cam_2.npy,./test/multiview_blender/paper/IMG_7750/Cam_4.npy,./test/multiview_blender/paper/IMG_7750/Cam_5.npy,test
paper,IMG_7778,./test/multiview_blender/paper/IMG_7778/Cam_0.npy,./test/multiview_blender/paper/IMG_7778/Cam_2.npy,./test/multiview_blender/paper/IMG_7778/Cam_4.npy,./test/multiview_blender/paper/IMG_7778/Cam_5.npy,test
paper,IMG_7781,./test/multiview_blender/paper/IMG_7781/Cam_0.npy,./test/multiview_blender/paper/IMG_7781/Cam_2.npy,./test/multiview_blender/paper/IMG_7781/Cam_4.npy,./test/multiview_blender/paper/IMG_7781/Cam_5.npy,test
paper,IMG_7850,./test/multiview_blender/paper/IMG_7850/Cam_0.npy,./test/multiview_blender/paper/IMG_7850/Cam_2.npy,./test/multiview_blender/paper/IMG_7850/Cam_4.npy,./test/multiview_blender/paper/IMG_7850/Cam_5.npy,test
paper,IMG_7882,./test/multiview_blender/paper/IMG_7882/Cam_0.npy,./test/multiview_blender/paper/IMG_7882/Cam_2.npy,./test/multiview_blender/paper/IMG_7882/Cam_4.npy,./test/multiview_blender/paper/IMG_7882/Cam_5.npy,test
paper,IMG_7883,./test/multiview_blender/paper/IMG_7883/Cam_0.npy,./test/multiview_blender/paper/IMG_7883/Cam_2.npy,./test/multiview_blender/paper/IMG_7883/Cam_4.npy,./test/multiview_blender/paper/IMG_7883/Cam_5.npy,test
paper,IMG_7884,./test/multiview_blender/paper/IMG_7884/Cam_0.npy,./test/multiview_blender/paper/IMG_7884/Cam_2.npy,./test/multiview_blender/paper/IMG_7884/Cam_4.npy,./test/multiview_blender/paper/IMG_7884/Cam_5.npy,test
paper,IMG_7885,./test/multiview_blender/paper/IMG_7885/Cam_0.npy,./test/multiview_blender/paper/IMG_7885/Cam_2.npy,./test/multiview_blender/paper/IMG_7885/Cam_4.npy,./test/multiview_blender/paper/IMG_7885/Cam_5.npy,test
paper,IMG_7946,./test/multiview_blender/paper/IMG_7946/Cam_0.npy,./test/multiview_blender/paper/IMG_7946/Cam_2.npy,./test/multiview_blender/paper/IMG_7946/Cam_4.npy,./test/multiview_blender/paper/IMG_7946/Cam_5.npy,test
paper,IMG_7947,./test/multiview_blender/paper/IMG_7947/Cam_0.npy,./test/multiview_blender/paper/IMG_7947/Cam_2.npy,./test/multiview_blender/paper/IMG_7947/Cam_4.npy,./test/multiview_blender/paper/IMG_7947/Cam_5.npy,test
paper,IMG_7977,./test/multiview_blender/paper/IMG_7977/Cam_0.npy,./test/multiview_blender/paper/IMG_7977/Cam_2.npy,./test/multiview_blender/paper/IMG_7977/Cam_4.npy,./test/multiview_blender/paper/IMG_7977/Cam_5.npy,test
paper,IMG_7979,./test/multiview_blender/paper/IMG_7979/Cam_0.npy,./test/multiview_blender/paper/IMG_7979/Cam_2.npy,./test/multiview_blender/paper/IMG_7979/Cam_4.npy,./test/multiview_blender/paper/IMG_7979/Cam_5.npy,test
paper,IMG_8042,./test/multiview_blender/paper/IMG_8042/Cam_0.npy,./test/multiview_blender/paper/IMG_8042/Cam_2.npy,./test/multiview_blender/paper/IMG_8042/Cam_4.npy,./test/multiview_blender/paper/IMG_8042/Cam_5.npy,test
paper,IMG_8043,./test/multiview_blender/paper/IMG_8043/Cam_0.npy,./test/multiview_blender/paper/IMG_8043/Cam_2.npy,./test/multiview_blender/paper/IMG_8043/Cam_4.npy,./test/multiview_blender/paper/IMG_8043/Cam_5.npy,test
paper,IMG_8044,./test/multiview_blender/paper/IMG_8044/Cam_0.npy,./test/multiview_blender/paper/IMG_8044/Cam_2.npy,./test/multiview_blender/paper/IMG_8044/Cam_4.npy,./test/multiview_blender/paper/IMG_8044/Cam_5.npy,test
paper,IMG_8073,./test/multiview_blender/paper/IMG_8073/Cam_0.npy,./test/multiview_blender/paper/IMG_8073/Cam_2.npy,./test/multiview_blender/paper/IMG_8073/Cam_4.npy,./test/multiview_blender/paper/IMG_8073/Cam_5.npy,test
paper,IMG_8075,./test/multiview_blender/paper/IMG_8075/Cam_0.npy,./test/multiview_blender/paper/IMG_8075/Cam_2.npy,./test/multiview_blender/paper/IMG_8075/Cam_4.npy,./test/multiview_blender/paper/IMG_8075/Cam_5.npy,test
paper,IMG_8105,./test/multiview_blender/paper/IMG_8105/Cam_0.npy,./test/multiview_blender/paper/IMG_8105/Cam_2.npy,./test/multiview_blender/paper/IMG_8105/Cam_4.npy,./test/multiview_blender/paper/IMG_8105/Cam_5.npy,test
paper,IMG_8106,./test/multiview_blender/paper/IMG_8106/Cam_0.npy,./test/multiview_blender/paper/IMG_8106/Cam_2.npy,./test/multiview_blender/paper/IMG_8106/Cam_4.npy,./test/multiview_blender/paper/IMG_8106/Cam_5.npy,test
paper,IMG_8139,./test/multiview_blender/paper/IMG_8139/Cam_0.npy,./test/multiview_blender/paper/IMG_8139/Cam_2.npy,./test/multiview_blender/paper/IMG_8139/Cam_4.npy,./test/multiview_blender/paper/IMG_8139/Cam_5.npy,test
paper,IMG_8174,./test/multiview_blender/paper/IMG_8174/Cam_0.npy,./test/multiview_blender/paper/IMG_8174/Cam_2.npy,./test/multiview_blender/paper/IMG_8174/Cam_4.npy,./test/multiview_blender/paper/IMG_8174/Cam_5.npy,test
rock,IMG_6254,./test/multiview_blender/rock/IMG_6254/Cam_0.npy,./test/multiview_blender/rock/IMG_6254/Cam_2.npy,./test/multiview_blender/rock/IMG_6254/Cam_4.npy,./test/multiview_blender/rock/IMG_6254/Cam_5.npy,test
rock,IMG_6265,./test/multiview_blender/rock/IMG_6265/Cam_0.npy,./test/multiview_blender/rock/IMG_6265/Cam_2.npy,./test/multiview_blender/rock/IMG_6265/Cam_4.npy,./test/multiview_blender/rock/IMG_6265/Cam_5.npy,test
rock,IMG_6266,./test/multiview_blender/rock/IMG_6266/Cam_0.npy,./test/multiview_blender/rock/IMG_6266/Cam_2.npy,./test/multiview_blender/rock/IMG_6266/Cam_4.npy,./test/multiview_blender/rock/IMG_6266/Cam_5.npy,test
rock,IMG_6267,./test/multiview_blender/rock/IMG_6267/Cam_0.npy,./test/multiview_blender/rock/IMG_6267/Cam_2.npy,./test/multiview_blender/rock/IMG_6267/Cam_4.npy,./test/multiview_blender/rock/IMG_6267/Cam_5.npy,test
rock,IMG_6271,./test/multiview_blender/rock/IMG_6271/Cam_0.npy,./test/multiview_blender/rock/IMG_6271/Cam_2.npy,./test/multiview_blender/rock/IMG_6271/Cam_4.npy,./test/multiview_blender/rock/IMG_6271/Cam_5.npy,test
rock,IMG_6272,./test/multiview_blender/rock/IMG_6272/Cam_0.npy,./test/multiview_blender/rock/IMG_6272/Cam_2.npy,./test/multiview_blender/rock/IMG_6272/Cam_4.npy,./test/multiview_blender/rock/IMG_6272/Cam_5.npy,test
rock,IMG_6318,./test/multiview_blender/rock/IMG_6318/Cam_0.npy,./test/multiview_blender/rock/IMG_6318/Cam_2.npy,./test/multiview_blender/rock/IMG_6318/Cam_4.npy,./test/multiview_blender/rock/IMG_6318/Cam_5.npy,test
rock,IMG_6321,./test/multiview_blender/rock/IMG_6321/Cam_0.npy,./test/multiview_blender/rock/IMG_6321/Cam_2.npy,./test/multiview_blender/rock/IMG_6321/Cam_4.npy,./test/multiview_blender/rock/IMG_6321/Cam_5.npy,test
rock,IMG_6345,./test/multiview_blender/rock/IMG_6345/Cam_0.npy,./test/multiview_blender/rock/IMG_6345/Cam_2.npy,./test/multiview_blender/rock/IMG_6345/Cam_4.npy,./test/multiview_blender/rock/IMG_6345/Cam_5.npy,test
rock,IMG_6346,./test/multiview_blender/rock/IMG_6346/Cam_0.npy,./test/multiview_blender/rock/IMG_6346/Cam_2.npy,./test/multiview_blender/rock/IMG_6346/Cam_4.npy,./test/multiview_blender/rock/IMG_6346/Cam_5.npy,test
rock,IMG_6348,./test/multiview_blender/rock/IMG_6348/Cam_0.npy,./test/multiview_blender/rock/IMG_6348/Cam_2.npy,./test/multiview_blender/rock/IMG_6348/Cam_4.npy,./test/multiview_blender/rock/IMG_6348/Cam_5.npy,test
rock,IMG_6349,./test/multiview_blender/rock/IMG_6349/Cam_0.npy,./test/multiview_blender/rock/IMG_6349/Cam_2.npy,./test/multiview_blender/rock/IMG_6349/Cam_4.npy,./test/multiview_blender/rock/IMG_6349/Cam_5.npy,test
rock,IMG_6384,./test/multiview_blender/rock/IMG_6384/Cam_0.npy,./test/multiview_blender/rock/IMG_6384/Cam_2.npy,./test/multiview_blender/rock/IMG_6384/Cam_4.npy,./test/multiview_blender/rock/IMG_6384/Cam_5.npy,test
rock,IMG_6385,./test/multiview_blender/rock/IMG_6385/Cam_0.npy,./test/multiview_blender/rock/IMG_6385/Cam_2.npy,./test/multiview_blender/rock/IMG_6385/Cam_4.npy,./test/multiview_blender/rock/IMG_6385/Cam_5.npy,test
rock,IMG_6417,./test/multiview_blender/rock/IMG_6417/Cam_0.npy,./test/multiview_blender/rock/IMG_6417/Cam_2.npy,./test/multiview_blender/rock/IMG_6417/Cam_4.npy,./test/multiview_blender/rock/IMG_6417/Cam_5.npy,test
rock,IMG_6418,./test/multiview_blender/rock/IMG_6418/Cam_0.npy,./test/multiview_blender/rock/IMG_6418/Cam_2.npy,./test/multiview_blender/rock/IMG_6418/Cam_4.npy,./test/multiview_blender/rock/IMG_6418/Cam_5.npy,test
rock,IMG_6420,./test/multiview_blender/rock/IMG_6420/Cam_0.npy,./test/multiview_blender/rock/IMG_6420/Cam_2.npy,./test/multiview_blender/rock/IMG_6420/Cam_4.npy,./test/multiview_blender/rock/IMG_6420/Cam_5.npy,test
rock,IMG_6460,./test/multiview_blender/rock/IMG_6460/Cam_0.npy,./test/multiview_blender/rock/IMG_6460/Cam_2.npy,./test/multiview_blender/rock/IMG_6460/Cam_4.npy,./test/multiview_blender/rock/IMG_6460/Cam_5.npy,test
rock,IMG_6499,./test/multiview_blender/rock/IMG_6499/Cam_0.npy,./test/multiview_blender/rock/IMG_6499/Cam_2.npy,./test/multiview_blender/rock/IMG_6499/Cam_4.npy,./test/multiview_blender/rock/IMG_6499/Cam_5.npy,test
rock,IMG_6500,./test/multiview_blender/rock/IMG_6500/Cam_0.npy,./test/multiview_blender/rock/IMG_6500/Cam_2.npy,./test/multiview_blender/rock/IMG_6500/Cam_4.npy,./test/multiview_blender/rock/IMG_6500/Cam_5.npy,test
rock,IMG_6502,./test/multiview_blender/rock/IMG_6502/Cam_0.npy,./test/multiview_blender/rock/IMG_6502/Cam_2.npy,./test/multiview_blender/rock/IMG_6502/Cam_4.npy,./test/multiview_blender/rock/IMG_6502/Cam_5.npy,test
rock,IMG_6503,./test/multiview_blender/rock/IMG_6503/Cam_0.npy,./test/multiview_blender/rock/IMG_6503/Cam_2.npy,./test/multiview_blender/rock/IMG_6503/Cam_4.npy,./test/multiview_blender/rock/IMG_6503/Cam_5.npy,test
rock,IMG_6541,./test/multiview_blender/rock/IMG_6541/Cam_0.npy,./test/multiview_blender/rock/IMG_6541/Cam_2.npy,./test/multiview_blender/rock/IMG_6541/Cam_4.npy,./test/multiview_blender/rock/IMG_6541/Cam_5.npy,test
rock,IMG_6543,./test/multiview_blender/rock/IMG_6543/Cam_0.npy,./test/multiview_blender/rock/IMG_6543/Cam_2.npy,./test/multiview_blender/rock/IMG_6543/Cam_4.npy,./test/multiview_blender/rock/IMG_6543/Cam_5.npy,test
rock,IMG_6574,./test/multiview_blender/rock/IMG_6574/Cam_0.npy,./test/multiview_blender/rock/IMG_6574/Cam_2.npy,./test/multiview_blender/rock/IMG_6574/Cam_4.npy,./test/multiview_blender/rock/IMG_6574/Cam_5.npy,test
rock,IMG_6575,./test/multiview_blender/rock/IMG_6575/Cam_0.npy,./test/multiview_blender/rock/IMG_6575/Cam_2.npy,./test/multiview_blender/rock/IMG_6575/Cam_4.npy,./test/multiview_blender/rock/IMG_6575/Cam_5.npy,test
rock,IMG_6611,./test/multiview_blender/rock/IMG_6611/Cam_0.npy,./test/multiview_blender/rock/IMG_6611/Cam_2.npy,./test/multiview_blender/rock/IMG_6611/Cam_4.npy,./test/multiview_blender/rock/IMG_6611/Cam_5.npy,test
rock,IMG_6641,./test/multiview_blender/rock/IMG_6641/Cam_0.npy,./test/multiview_blender/rock/IMG_6641/Cam_2.npy,./test/multiview_blender/rock/IMG_6641/Cam_4.npy,./test/multiview_blender/rock/IMG_6641/Cam_5.npy,test
rock,IMG_6700,./test/multiview_blender/rock/IMG_6700/Cam_0.npy,./test/multiview_blender/rock/IMG_6700/Cam_2.npy,./test/multiview_blender/rock/IMG_6700/Cam_4.npy,./test/multiview_blender/rock/IMG_6700/Cam_5.npy,test
rock,IMG_6701,./test/multiview_blender/rock/IMG_6701/Cam_0.npy,./test/multiview_blender/rock/IMG_6701/Cam_2.npy,./test/multiview_blender/rock/IMG_6701/Cam_4.npy,./test/multiview_blender/rock/IMG_6701/Cam_5.npy,test
rock,IMG_6720,./test/multiview_blender/rock/IMG_6720/Cam_0.npy,./test/multiview_blender/rock/IMG_6720/Cam_2.npy,./test/multiview_blender/rock/IMG_6720/Cam_4.npy,./test/multiview_blender/rock/IMG_6720/Cam_5.npy,test
rock,IMG_6723,./test/multiview_blender/rock/IMG_6723/Cam_0.npy,./test/multiview_blender/rock/IMG_6723/Cam_2.npy,./test/multiview_blender/rock/IMG_6723/Cam_4.npy,./test/multiview_blender/rock/IMG_6723/Cam_5.npy,test
rock,IMG_6765,./test/multiview_blender/rock/IMG_6765/Cam_0.npy,./test/multiview_blender/rock/IMG_6765/Cam_2.npy,./test/multiview_blender/rock/IMG_6765/Cam_4.npy,./test/multiview_blender/rock/IMG_6765/Cam_5.npy,test
rock,IMG_6793,./test/multiview_blender/rock/IMG_6793/Cam_0.npy,./test/multiview_blender/rock/IMG_6793/Cam_2.npy,./test/multiview_blender/rock/IMG_6793/Cam_4.npy,./test/multiview_blender/rock/IMG_6793/Cam_5.npy,test
rock,IMG_6794,./test/multiview_blender/rock/IMG_6794/Cam_0.npy,./test/multiview_blender/rock/IMG_6794/Cam_2.npy,./test/multiview_blender/rock/IMG_6794/Cam_4.npy,./test/multiview_blender/rock/IMG_6794/Cam_5.npy,test
rock,IMG_6796,./test/multiview_blender/rock/IMG_6796/Cam_0.npy,./test/multiview_blender/rock/IMG_6796/Cam_2.npy,./test/multiview_blender/rock/IMG_6796/Cam_4.npy,./test/multiview_blender/rock/IMG_6796/Cam_5.npy,test
rock,IMG_6821,./test/multiview_blender/rock/IMG_6821/Cam_0.npy,./test/multiview_blender/rock/IMG_6821/Cam_2.npy,./test/multiview_blender/rock/IMG_6821/Cam_4.npy,./test/multiview_blender/rock/IMG_6821/Cam_5.npy,test
rock,IMG_6822,./test/multiview_blender/rock/IMG_6822/Cam_0.npy,./test/multiview_blender/rock/IMG_6822/Cam_2.npy,./test/multiview_blender/rock/IMG_6822/Cam_4.npy,./test/multiview_blender/rock/IMG_6822/Cam_5.npy,test
rock,IMG_6824,./test/multiview_blender/rock/IMG_6824/Cam_0.npy,./test/multiview_blender/rock/IMG_6824/Cam_2.npy,./test/multiview_blender/rock/IMG_6824/Cam_4.npy,./test/multiview_blender/rock/IMG_6824/Cam_5.npy,test
rock,IMG_6851,./test/multiview_blender/rock/IMG_6851/Cam_0.npy,./test/multiview_blender/rock/IMG_6851/Cam_2.npy,./test/multiview_blender/rock/IMG_6851/Cam_4.npy,./test/multiview_blender/rock/IMG_6851/Cam_5.npy,test
rock,IMG_6853,./test/multiview_blender/rock/IMG_6853/Cam_0.npy,./test/multiview_blender/rock/IMG_6853/Cam_2.npy,./test/multiview_blender/rock/IMG_6853/Cam_4.npy,./test/multiview_blender/rock/IMG_6853/Cam_5.npy,test
rock,IMG_6855,./test/multiview_blender/rock/IMG_6855/Cam_0.npy,./test/multiview_blender/rock/IMG_6855/Cam_2.npy,./test/multiview_blender/rock/IMG_6855/Cam_4.npy,./test/multiview_blender/rock/IMG_6855/Cam_5.npy,test
rock,IMG_6900,./test/multiview_blender/rock/IMG_6900/Cam_0.npy,./test/multiview_blender/rock/IMG_6900/Cam_2.npy,./test/multiview_blender/rock/IMG_6900/Cam_4.npy,./test/multiview_blender/rock/IMG_6900/Cam_5.npy,test
rock,IMG_6902,./test/multiview_blender/rock/IMG_6902/Cam_0.npy,./test/multiview_blender/rock/IMG_6902/Cam_2.npy,./test/multiview_blender/rock/IMG_6902/Cam_4.npy,./test/multiview_blender/rock/IMG_6902/Cam_5.npy,test
rock,IMG_6904,./test/multiview_blender/rock/IMG_6904/Cam_0.npy,./test/multiview_blender/rock/IMG_6904/Cam_2.npy,./test/multiview_blender/rock/IMG_6904/Cam_4.npy,./test/multiview_blender/rock/IMG_6904/Cam_5.npy,test
rock,IMG_6924,./test/multiview_blender/rock/IMG_6924/Cam_0.npy,./test/multiview_blender/rock/IMG_6924/Cam_2.npy,./test/multiview_blender/rock/IMG_6924/Cam_4.npy,./test/multiview_blender/rock/IMG_6924/Cam_5.npy,test
rock,IMG_6925,./test/multiview_blender/rock/IMG_6925/Cam_0.npy,./test/multiview_blender/rock/IMG_6925/Cam_2.npy,./test/multiview_blender/rock/IMG_6925/Cam_4.npy,./test/multiview_blender/rock/IMG_6925/Cam_5.npy,test
rock,IMG_6927,./test/multiview_blender/rock/IMG_6927/Cam_0.npy,./test/multiview_blender/rock/IMG_6927/Cam_2.npy,./test/multiview_blender/rock/IMG_6927/Cam_4.npy,./test/multiview_blender/rock/IMG_6927/Cam_5.npy,test
rock,IMG_6954,./test/multiview_blender/rock/IMG_6954/Cam_0.npy,./test/multiview_blender/rock/IMG_6954/Cam_2.npy,./test/multiview_blender/rock/IMG_6954/Cam_4.npy,./test/multiview_blender/rock/IMG_6954/Cam_5.npy,test
rock,IMG_6955,./test/multiview_blender/rock/IMG_6955/Cam_0.npy,./test/multiview_blender/rock/IMG_6955/Cam_2.npy,./test/multiview_blender/rock/IMG_6955/Cam_4.npy,./test/multiview_blender/rock/IMG_6955/Cam_5.npy,test
rock,IMG_6984,./test/multiview_blender/rock/IMG_6984/Cam_0.npy,./test/multiview_blender/rock/IMG_6984/Cam_2.npy,./test/multiview_blender/rock/IMG_6984/Cam_4.npy,./test/multiview_blender/rock/IMG_6984/Cam_5.npy,test
rock,IMG_6987,./test/multiview_blender/rock/IMG_6987/Cam_0.npy,./test/multiview_blender/rock/IMG_6987/Cam_2.npy,./test/multiview_blender/rock/IMG_6987/Cam_4.npy,./test/multiview_blender/rock/IMG_6987/Cam_5.npy,test
rock,IMG_7019,./test/multiview_blender/rock/IMG_7019/Cam_0.npy,./test/multiview_blender/rock/IMG_7019/Cam_2.npy,./test/multiview_blender/rock/IMG_7019/Cam_4.npy,./test/multiview_blender/rock/IMG_7019/Cam_5.npy,test
rock,IMG_7023,./test/multiview_blender/rock/IMG_7023/Cam_0.npy,./test/multiview_blender/rock/IMG_7023/Cam_2.npy,./test/multiview_blender/rock/IMG_7023/Cam_4.npy,./test/multiview_blender/rock/IMG_7023/Cam_5.npy,test
rock,IMG_7054,./test/multiview_blender/rock/IMG_7054/Cam_0.npy,./test/multiview_blender/rock/IMG_7054/Cam_2.npy,./test/multiview_blender/rock/IMG_7054/Cam_4.npy,./test/multiview_blender/rock/IMG_7054/Cam_5.npy,test
rock,IMG_7212,./test/multiview_blender/rock/IMG_7212/Cam_0.npy,./test/multiview_blender/rock/IMG_7212/Cam_2.npy,./test/multiview_blender/rock/IMG_7212/Cam_4.npy,./test/multiview_blender/rock/IMG_7212/Cam_5.npy,test
rock,IMG_7213,./test/multiview_blender/rock/IMG_7213/Cam_0.npy,./test/multiview_blender/rock/IMG_7213/Cam_2.npy,./test/multiview_blender/rock/IMG_7213/Cam_4.npy,./test/multiview_blender/rock/IMG_7213/Cam_5.npy,test
rock,IMG_7214,./test/multiview_blender/rock/IMG_7214/Cam_0.npy,./test/multiview_blender/rock/IMG_7214/Cam_2.npy,./test/multiview_blender/rock/IMG_7214/Cam_4.npy,./test/multiview_blender/rock/IMG_7214/Cam_5.npy,test
rock,IMG_7244,./test/multiview_blender/rock/IMG_7244/Cam_0.npy,./test/multiview_blender/rock/IMG_7244/Cam_2.npy,./test/multiview_blender/rock/IMG_7244/Cam_4.npy,./test/multiview_blender/rock/IMG_7244/Cam_5.npy,test
rock,IMG_7245,./test/multiview_blender/rock/IMG_7245/Cam_0.npy,./test/multiview_blender/rock/IMG_7245/Cam_2.npy,./test/multiview_blender/rock/IMG_7245/Cam_4.npy,./test/multiview_blender/rock/IMG_7245/Cam_5.npy,test
rock,IMG_7279,./test/multiview_blender/rock/IMG_7279/Cam_0.npy,./test/multiview_blender/rock/IMG_7279/Cam_2.npy,./test/multiview_blender/rock/IMG_7279/Cam_4.npy,./test/multiview_blender/rock/IMG_7279/Cam_5.npy,test
rock,IMG_7305,./test/multiview_blender/rock/IMG_7305/Cam_0.npy,./test/multiview_blender/rock/IMG_7305/Cam_2.npy,./test/multiview_blender/rock/IMG_7305/Cam_4.npy,./test/multiview_blender/rock/IMG_7305/Cam_5.npy,test
rock,IMG_7307,./test/multiview_blender/rock/IMG_7307/Cam_0.npy,./test/multiview_blender/rock/IMG_7307/Cam_2.npy,./test/multiview_blender/rock/IMG_7307/Cam_4.npy,./test/multiview_blender/rock/IMG_7307/Cam_5.npy,test
rock,IMG_7308,./test/multiview_blender/rock/IMG_7308/Cam_0.npy,./test/multiview_blender/rock/IMG_7308/Cam_2.npy,./test/multiview_blender/rock/IMG_7308/Cam_4.npy,./test/multiview_blender/rock/IMG_7308/Cam_5.npy,test
rock,IMG_7309,./test/multiview_blender/rock/IMG_7309/Cam_0.npy,./test/multiview_blender/rock/IMG_7309/Cam_2.npy,./test/multiview_blender/rock/IMG_7309/Cam_4.npy,./test/multiview_blender/rock/IMG_7309/Cam_5.npy,test
rock,IMG_7337,./test/multiview_blender/rock/IMG_7337/Cam_0.npy,./test/multiview_blender/rock/IMG_7337/Cam_2.npy,./test/multiview_blender/rock/IMG_7337/Cam_4.npy,./test/multiview_blender/rock/IMG_7337/Cam_5.npy,test
rock,IMG_7338,./test/multiview_blender/rock/IMG_7338/Cam_0.npy,./test/multiview_blender/rock/IMG_7338/Cam_2.npy,./test/multiview_blender/rock/IMG_7338/Cam_4.npy,./test/multiview_blender/rock/IMG_7338/Cam_5.npy,test
rock,IMG_7340,./test/multiview_blender/rock/IMG_7340/Cam_0.npy,./test/multiview_blender/rock/IMG_7340/Cam_2.npy,./test/multiview_blender/rock/IMG_7340/Cam_4.npy,./test/multiview_blender/rock/IMG_7340/Cam_5.npy,test
rock,IMG_7370,./test/multiview_blender/rock/IMG_7370/Cam_0.npy,./test/multiview_blender/rock/IMG_7370/Cam_2.npy,./test/multiview_blender/rock/IMG_7370/Cam_4.npy,./test/multiview_blender/rock/IMG_7370/Cam_5.npy,test
rock,IMG_7371,./test/multiview_blender/rock/IMG_7371/Cam_0.npy,./test/multiview_blender/rock/IMG_7371/Cam_2.npy,./test/multiview_blender/rock/IMG_7371/Cam_4.npy,./test/multiview_blender/rock/IMG_7371/Cam_5.npy,test
rock,IMG_7373,./test/multiview_blender/rock/IMG_7373/Cam_0.npy,./test/multiview_blender/rock/IMG_7373/Cam_2.npy,./test/multiview_blender/rock/IMG_7373/Cam_4.npy,./test/multiview_blender/rock/IMG_7373/Cam_5.npy,test
rock,IMG_7402,./test/multiview_blender/rock/IMG_7402/Cam_0.npy,./test/multiview_blender/rock/IMG_7402/Cam_2.npy,./test/multiview_blender/rock/IMG_7402/Cam_4.npy,./test/multiview_blender/rock/IMG_7402/Cam_5.npy,test
rock,IMG_7404,./test/multiview_blender/rock/IMG_7404/Cam_0.npy,./test/multiview_blender/rock/IMG_7404/Cam_2.npy,./test/multiview_blender/rock/IMG_7404/Cam_4.npy,./test/multiview_blender/rock/IMG_7404/Cam_5.npy,test
rock,IMG_7433,./test/multiview_blender/rock/IMG_7433/Cam_0.npy,./test/multiview_blender/rock/IMG_7433/Cam_2.npy,./test/multiview_blender/rock/IMG_7433/Cam_4.npy,./test/multiview_blender/rock/IMG_7433/Cam_5.npy,test
rock,IMG_7436,./test/multiview_blender/rock/IMG_7436/Cam_0.npy,./test/multiview_blender/rock/IMG_7436/Cam_2.npy,./test/multiview_blender/rock/IMG_7436/Cam_4.npy,./test/multiview_blender/rock/IMG_7436/Cam_5.npy,test
rock,IMG_7470,./test/multiview_blender/rock/IMG_7470/Cam_0.npy,./test/multiview_blender/rock/IMG_7470/Cam_2.npy,./test/multiview_blender/rock/IMG_7470/Cam_4.npy,./test/multiview_blender/rock/IMG_7470/Cam_5.npy,test
rock,IMG_7502,./test/multiview_blender/rock/IMG_7502/Cam_0.npy,./test/multiview_blender/rock/IMG_7502/Cam_2.npy,./test/multiview_blender/rock/IMG_7502/Cam_4.npy,./test/multiview_blender/rock/IMG_7502/Cam_5.npy,test
rock,IMG_7503,./test/multiview_blender/rock/IMG_7503/Cam_0.npy,./test/multiview_blender/rock/IMG_7503/Cam_2.npy,./test/multiview_blender/rock/IMG_7503/Cam_4.npy,./test/multiview_blender/rock/IMG_7503/Cam_5.npy,test
rock,IMG_7506,./test/multiview_blender/rock/IMG_7506/Cam_0.npy,./test/multiview_blender/rock/IMG_7506/Cam_2.npy,./test/multiview_blender/rock/IMG_7506/Cam_4.npy,./test/multiview_blender/rock/IMG_7506/Cam_5.npy,test
rock,IMG_7539,./test/multiview_blender/rock/IMG_7539/Cam_0.npy,./test/multiview_blender/rock/IMG_7539/Cam_2.npy,./test/multiview_blender/rock/IMG_7539/Cam_4.npy,./test/multiview_blender/rock/IMG_7539/Cam_5.npy,test
rock,IMG_7568,./test/multiview_blender/rock/IMG_7568/Cam_0.npy,./test/multiview_blender/rock/IMG_7568/Cam_2.npy,./test/multiview_blender/rock/IMG_7568/Cam_4.npy,./test/multiview_blender/rock/IMG_7568/Cam_5.npy,test
rock,IMG_7571,./test/multiview_blender/rock/IMG_7571/Cam_0.npy,./test/multiview_blender/rock/IMG_7571/Cam_2.npy,./test/multiview_blender/rock/IMG_7571/Cam_4.npy,./test/multiview_blender/rock/IMG_7571/Cam_5.npy,test
rock,IMG_7603,./test/multiview_blender/rock/IMG_7603/Cam_0.npy,./test/multiview_blender/rock/IMG_7603/Cam_2.npy,./test/multiview_blender/rock/IMG_7603/Cam_4.npy,./test/multiview_blender/rock/IMG_7603/Cam_5.npy,test
rock,IMG_7635,./test/multiview_blender/rock/IMG_7635/Cam_0.npy,./test/multiview_blender/rock/IMG_7635/Cam_2.npy,./test/multiview_blender/rock/IMG_7635/Cam_4.npy,./test/multiview_blender/rock/IMG_7635/Cam_5.npy,test
rock,IMG_7636,./test/multiview_blender/rock/IMG_7636/Cam_0.npy,./test/multiview_blender/rock/IMG_7636/Cam_2.npy,./test/multiview_blender/rock/IMG_7636/Cam_4.npy,./test/multiview_blender/rock/IMG_7636/Cam_5.npy,test
rock,IMG_7637,./test/multiview_blender/rock/IMG_7637/Cam_0.npy,./test/multiview_blender/rock/IMG_7637/Cam_2.npy,./test/multiview_blender/rock/IMG_7637/Cam_4.npy,./test/multiview_blender/rock/IMG_7637/Cam_5.npy,test
rock,IMG_7638,./test/multiview_blender/rock/IMG_7638/Cam_0.npy,./test/multiview_blender/rock/IMG_7638/Cam_2.npy,./test/multiview_blender/rock/IMG_7638/Cam_4.npy,./test/multiview_blender/rock/IMG_7638/Cam_5.npy,test
rock,IMG_7639,./test/multiview_blender/rock/IMG_7639/Cam_0.npy,./test/multiview_blender/rock/IMG_7639/Cam_2.npy,./test/multiview_blender/rock/IMG_7639/Cam_4.npy,./test/multiview_blender/rock/IMG_7639/Cam_5.npy,test
rock,IMG_7680,./test/multiview_blender/rock/IMG_7680/Cam_0.npy,./test/multiview_blender/rock/IMG_7680/Cam_2.npy,./test/multiview_blender/rock/IMG_7680/Cam_4.npy,./test/multiview_blender/rock/IMG_7680/Cam_5.npy,test
rock,IMG_7716,./test/multiview_blender/rock/IMG_7716/Cam_0.npy,./test/multiview_blender/rock/IMG_7716/Cam_2.npy,./test/multiview_blender/rock/IMG_7716/Cam_4.npy,./test/multiview_blender/rock/IMG_7716/Cam_5.npy,test
rock,IMG_7741,./test/multiview_blender/rock/IMG_7741/Cam_0.npy,./test/multiview_blender/rock/IMG_7741/Cam_2.npy,./test/multiview_blender/rock/IMG_7741/Cam_4.npy,./test/multiview_blender/rock/IMG_7741/Cam_5.npy,test
rock,IMG_7742,./test/multiview_blender/rock/IMG_7742/Cam_0.npy,./test/multiview_blender/rock/IMG_7742/Cam_2.npy,./test/multiview_blender/rock/IMG_7742/Cam_4.npy,./test/multiview_blender/rock/IMG_7742/Cam_5.npy,test
rock,IMG_7744,./test/multiview_blender/rock/IMG_7744/Cam_0.npy,./test/multiview_blender/rock/IMG_7744/Cam_2.npy,./test/multiview_blender/rock/IMG_7744/Cam_4.npy,./test/multiview_blender/rock/IMG_7744/Cam_5.npy,test
rock,IMG_7772,./test/multiview_blender/rock/IMG_7772/Cam_0.npy,./test/multiview_blender/rock/IMG_7772/Cam_2.npy,./test/multiview_blender/rock/IMG_7772/Cam_4.npy,./test/multiview_blender/rock/IMG_7772/Cam_5.npy,test
rock,IMG_7838,./test/multiview_blender/rock/IMG_7838/Cam_0.npy,./test/multiview_blender/rock/IMG_7838/Cam_2.npy,./test/multiview_blender/rock/IMG_7838/Cam_4.npy,./test/multiview_blender/rock/IMG_7838/Cam_5.npy,test
rock,IMG_7873,./test/multiview_blender/rock/IMG_7873/Cam_0.npy,./test/multiview_blender/rock/IMG_7873/Cam_2.npy,./test/multiview_blender/rock/IMG_7873/Cam_4.npy,./test/multiview_blender/rock/IMG_7873/Cam_5.npy,test
rock,IMG_7875,./test/multiview_blender/rock/IMG_7875/Cam_0.npy,./test/multiview_blender/rock/IMG_7875/Cam_2.npy,./test/multiview_blender/rock/IMG_7875/Cam_4.npy,./test/multiview_blender/rock/IMG_7875/Cam_5.npy,test
rock,IMG_7876,./test/multiview_blender/rock/IMG_7876/Cam_0.npy,./test/multiview_blender/rock/IMG_7876/Cam_2.npy,./test/multiview_blender/rock/IMG_7876/Cam_4.npy,./test/multiview_blender/rock/IMG_7876/Cam_5.npy,test
rock,IMG_7907,./test/multiview_blender/rock/IMG_7907/Cam_0.npy,./test/multiview_blender/rock/IMG_7907/Cam_2.npy,./test/multiview_blender/rock/IMG_7907/Cam_4.npy,./test/multiview_blender/rock/IMG_7907/Cam_5.npy,test
rock,IMG_7937,./test/multiview_blender/rock/IMG_7937/Cam_0.npy,./test/multiview_blender/rock/IMG_7937/Cam_2.npy,./test/multiview_blender/rock/IMG_7937/Cam_4.npy,./test/multiview_blender/rock/IMG_7937/Cam_5.npy,test
rock,IMG_7939,./test/multiview_blender/rock/IMG_7939/Cam_0.npy,./test/multiview_blender/rock/IMG_7939/Cam_2.npy,./test/multiview_blender/rock/IMG_7939/Cam_4.npy,./test/multiview_blender/rock/IMG_7939/Cam_5.npy,test
rock,IMG_7970,./test/multiview_blender/rock/IMG_7970/Cam_0.npy,./test/multiview_blender/rock/IMG_7970/Cam_2.npy,./test/multiview_blender/rock/IMG_7970/Cam_4.npy,./test/multiview_blender/rock/IMG_7970/Cam_5.npy,test
rock,IMG_7971,./test/multiview_blender/rock/IMG_7971/Cam_0.npy,./test/multiview_blender/rock/IMG_7971/Cam_2.npy,./test/multiview_blender/rock/IMG_7971/Cam_4.npy,./test/multiview_blender/rock/IMG_7971/Cam_5.npy,test
rock,IMG_8002,./test/multiview_blender/rock/IMG_8002/Cam_0.npy,./test/multiview_blender/rock/IMG_8002/Cam_2.npy,./test/multiview_blender/rock/IMG_8002/Cam_4.npy,./test/multiview_blender/rock/IMG_8002/Cam_5.npy,test
rock,IMG_8032,./test/multiview_blender/rock/IMG_8032/Cam_0.npy,./test/multiview_blender/rock/IMG_8032/Cam_2.npy,./test/multiview_blender/rock/IMG_8032/Cam_4.npy,./test/multiview_blender/rock/IMG_8032/Cam_5.npy,test
rock,IMG_8065,./test/multiview_blender/rock/IMG_8065/Cam_0.npy,./test/multiview_blender/rock/IMG_8065/Cam_2.npy,./test/multiview_blender/rock/IMG_8065/Cam_4.npy,./test/multiview_blender/rock/IMG_8065/Cam_5.npy,test
rock,IMG_8066,./test/multiview_blender/rock/IMG_8066/Cam_0.npy,./test/multiview_blender/rock/IMG_8066/Cam_2.npy,./test/multiview_blender/rock/IMG_8066/Cam_4.npy,./test/multiview_blender/rock/IMG_8066/Cam_5.npy,test
rock,IMG_8068,./test/multiview_blender/rock/IMG_8068/Cam_0.npy,./test/multiview_blender/rock/IMG_8068/Cam_2.npy,./test/multiview_blender/rock/IMG_8068/Cam_4.npy,./test/multiview_blender/rock/IMG_8068/Cam_5.npy,test
rock,IMG_8100,./test/multiview_blender/rock/IMG_8100/Cam_0.npy,./test/multiview_blender/rock/IMG_8100/Cam_2.npy,./test/multiview_blender/rock/IMG_8100/Cam_4.npy,./test/multiview_blender/rock/IMG_8100/Cam_5.npy,test
scissors,IMG_6281,./test/multiview_blender/scissors/IMG_6281/Cam_0.npy,./test/multiview_blender/scissors/IMG_6281/Cam_2.npy,./test/multiview_blender/scissors/IMG_6281/Cam_4.npy,./test/multiview_blender/scissors/IMG_6281/Cam_5.npy,test
scissors,IMG_6283,./test/multiview_blender/scissors/IMG_6283/Cam_0.npy,./test/multiview_blender/scissors/IMG_6283/Cam_2.npy,./test/multiview_blender/scissors/IMG_6283/Cam_4.npy,./test/multiview_blender/scissors/IMG_6283/Cam_5.npy,test
scissors,IMG_6284,./test/multiview_blender/scissors/IMG_6284/Cam_0.npy,./test/multiview_blender/scissors/IMG_6284/Cam_2.npy,./test/multiview_blender/scissors/IMG_6284/Cam_4.npy,./test/multiview_blender/scissors/IMG_6284/Cam_5.npy,test
scissors,IMG_6285,./test/multiview_blender/scissors/IMG_6285/Cam_0.npy,./test/multiview_blender/scissors/IMG_6285/Cam_2.npy,./test/multiview_blender/scissors/IMG_6285/Cam_4.npy,./test/multiview_blender/scissors/IMG_6285/Cam_5.npy,test
scissors,IMG_6286,./test/multiview_blender/scissors/IMG_6286/Cam_0.npy,./test/multiview_blender/scissors/IMG_6286/Cam_2.npy,./test/multiview_blender/scissors/IMG_6286/Cam_4.npy,./test/multiview_blender/scissors/IMG_6286/Cam_5.npy,test
scissors,IMG_6311,./test/multiview_blender/scissors/IMG_6311/Cam_0.npy,./test/multiview_blender/scissors/IMG_6311/Cam_2.npy,./test/multiview_blender/scissors/IMG_6311/Cam_4.npy,./test/multiview_blender/scissors/IMG_6311/Cam_5.npy,test
scissors,IMG_6316,./test/multiview_blender/scissors/IMG_6316/Cam_0.npy,./test/multiview_blender/scissors/IMG_6316/Cam_2.npy,./test/multiview_blender/scissors/IMG_6316/Cam_4.npy,./test/multiview_blender/scissors/IMG_6316/Cam_5.npy,test
scissors,IMG_6351,./test/multiview_blender/scissors/IMG_6351/Cam_0.npy,./test/multiview_blender/scissors/IMG_6351/Cam_2.npy,./test/multiview_blender/scissors/IMG_6351/Cam_4.npy,./test/multiview_blender/scissors/IMG_6351/Cam_5.npy,test
scissors,IMG_6352,./test/multiview_blender/scissors/IMG_6352/Cam_0.npy,./test/multiview_blender/scissors/IMG_6352/Cam_2.npy,./test/multiview_blender/scissors/IMG_6352/Cam_4.npy,./test/multiview_blender/scissors/IMG_6352/Cam_5.npy,test
scissors,IMG_6386,./test/multiview_blender/scissors/IMG_6386/Cam_0.npy,./test/multiview_blender/scissors/IMG_6386/Cam_2.npy,./test/multiview_blender/scissors/IMG_6386/Cam_4.npy,./test/multiview_blender/scissors/IMG_6386/Cam_5.npy,test
scissors,IMG_6387,./test/multiview_blender/scissors/IMG_6387/Cam_0.npy,./test/multiview_blender/scissors/IMG_6387/Cam_2.npy,./test/multiview_blender/scissors/IMG_6387/Cam_4.npy,./test/multiview_blender/scissors/IMG_6387/Cam_5.npy,test
scissors,IMG_6389,./test/multiview_blender/scissors/IMG_6389/Cam_0.npy,./test/multiview_blender/scissors/IMG_6389/Cam_2.npy,./test/multiview_blender/scissors/IMG_6389/Cam_4.npy,./test/multiview_blender/scissors/IMG_6389/Cam_5.npy,test
scissors,IMG_6390,./test/multiview_blender/scissors/IMG_6390/Cam_0.npy,./test/multiview_blender/scissors/IMG_6390/Cam_2.npy,./test/multiview_blender/scissors/IMG_6390/Cam_4.npy,./test/multiview_blender/scissors/IMG_6390/Cam_5.npy,test
scissors,IMG_6423,./test/multiview_blender/scissors/IMG_6423/Cam_0.npy,./test/multiview_blender/scissors/IMG_6423/Cam_2.npy,./test/multiview_blender/scissors/IMG_6423/Cam_4.npy,./test/multiview_blender/scissors/IMG_6423/Cam_5.npy,test
scissors,IMG_6424,./test/multiview_blender/scissors/IMG_6424/Cam_0.npy,./test/multiview_blender/scissors/IMG_6424/Cam_2.npy,./test/multiview_blender/scissors/IMG_6424/Cam_4.npy,./test/multiview_blender/scissors/IMG_6424/Cam_5.npy,test
scissors,IMG_6425,./test/multiview_blender/scissors/IMG_6425/Cam_0.npy,./test/multiview_blender/scissors/IMG_6425/Cam_2.npy,./test/multiview_blender/scissors/IMG_6425/Cam_4.npy,./test/multiview_blender/scissors/IMG_6425/Cam_5.npy,test
scissors,IMG_6461,./test/multiview_blender/scissors/IMG_6461/Cam_0.npy,./test/multiview_blender/scissors/IMG_6461/Cam_2.npy,./test/multiview_blender/scissors/IMG_6461/Cam_4.npy,./test/multiview_blender/scissors/IMG_6461/Cam_5.npy,test
scissors,IMG_6463,./test/multiview_blender/scissors/IMG_6463/Cam_0.npy,./test/multiview_blender/scissors/IMG_6463/Cam_2.npy,./test/multiview_blender/scissors/IMG_6463/Cam_4.npy,./test/multiview_blender/scissors/IMG_6463/Cam_5.npy,test
scissors,IMG_6494,./test/multiview_blender/scissors/IMG_6494/Cam_0.npy,./test/multiview_blender/scissors/IMG_6494/Cam_2.npy,./test/multiview_blender/scissors/IMG_6494/Cam_4.npy,./test/multiview_blender/scissors/IMG_6494/Cam_5.npy,test
scissors,IMG_6495,./test/multiview_blender/scissors/IMG_6495/Cam_0.npy,./test/multiview_blender/scissors/IMG_6495/Cam_2.npy,./test/multiview_blender/scissors/IMG_6495/Cam_4.npy,./test/multiview_blender/scissors/IMG_6495/Cam_5.npy,test
scissors,IMG_6534,./test/multiview_blender/scissors/IMG_6534/Cam_0.npy,./test/multiview_blender/scissors/IMG_6534/Cam_2.npy,./test/multiview_blender/scissors/IMG_6534/Cam_4.npy,./test/multiview_blender/scissors/IMG_6534/Cam_5.npy,test
scissors,IMG_6538,./test/multiview_blender/scissors/IMG_6538/Cam_0.npy,./test/multiview_blender/scissors/IMG_6538/Cam_2.npy,./test/multiview_blender/scissors/IMG_6538/Cam_4.npy,./test/multiview_blender/scissors/IMG_6538/Cam_5.npy,test
scissors,IMG_6577,./test/multiview_blender/scissors/IMG_6577/Cam_0.npy,./test/multiview_blender/scissors/IMG_6577/Cam_2.npy,./test/multiview_blender/scissors/IMG_6577/Cam_4.npy,./test/multiview_blender/scissors/IMG_6577/Cam_5.npy,test
scissors,IMG_6614,./test/multiview_blender/scissors/IMG_6614/Cam_0.npy,./test/multiview_blender/scissors/IMG_6614/Cam_2.npy,./test/multiview_blender/scissors/IMG_6614/Cam_4.npy,./test/multiview_blender/scissors/IMG_6614/Cam_5.npy,test
scissors,IMG_6616,./test/multiview_blender/scissors/IMG_6616/Cam_0.npy,./test/multiview_blender/scissors/IMG_6616/Cam_2.npy,./test/multiview_blender/scissors/IMG_6616/Cam_4.npy,./test/multiview_blender/scissors/IMG_6616/Cam_5.npy,test
scissors,IMG_6650,./test/multiview_blender/scissors/IMG_6650/Cam_0.npy,./test/multiview_blender/scissors/IMG_6650/Cam_2.npy,./test/multiview_blender/scissors/IMG_6650/Cam_4.npy,./test/multiview_blender/scissors/IMG_6650/Cam_5.npy,test
scissors,IMG_6729,./test/multiview_blender/scissors/IMG_6729/Cam_0.npy,./test/multiview_blender/scissors/IMG_6729/Cam_2.npy,./test/multiview_blender/scissors/IMG_6729/Cam_4.npy,./test/multiview_blender/scissors/IMG_6729/Cam_5.npy,test
scissors,IMG_6730,./test/multiview_blender/scissors/IMG_6730/Cam_0.npy,./test/multiview_blender/scissors/IMG_6730/Cam_2.npy,./test/multiview_blender/scissors/IMG_6730/Cam_4.npy,./test/multiview_blender/scissors/IMG_6730/Cam_5.npy,test
scissors,IMG_6757,./test/multiview_blender/scissors/IMG_6757/Cam_0.npy,./test/multiview_blender/scissors/IMG_6757/Cam_2.npy,./test/multiview_blender/scissors/IMG_6757/Cam_4.npy,./test/multiview_blender/scissors/IMG_6757/Cam_5.npy,test
scissors,IMG_6827,./test/multiview_blender/scissors/IMG_6827/Cam_0.npy,./test/multiview_blender/scissors/IMG_6827/Cam_2.npy,./test/multiview_blender/scissors/IMG_6827/Cam_4.npy,./test/multiview_blender/scissors/IMG_6827/Cam_5.npy,test
scissors,IMG_6828,./test/multiview_blender/scissors/IMG_6828/Cam_0.npy,./test/multiview_blender/scissors/IMG_6828/Cam_2.npy,./test/multiview_blender/scissors/IMG_6828/Cam_4.npy,./test/multiview_blender/scissors/IMG_6828/Cam_5.npy,test
scissors,IMG_6858,./test/multiview_blender/scissors/IMG_6858/Cam_0.npy,./test/multiview_blender/scissors/IMG_6858/Cam_2.npy,./test/multiview_blender/scissors/IMG_6858/Cam_4.npy,./test/multiview_blender/scissors/IMG_6858/Cam_5.npy,test
scissors,IMG_6859,./test/multiview_blender/scissors/IMG_6859/Cam_0.npy,./test/multiview_blender/scissors/IMG_6859/Cam_2.npy,./test/multiview_blender/scissors/IMG_6859/Cam_4.npy,./test/multiview_blender/scissors/IMG_6859/Cam_5.npy,test
scissors,IMG_6905,./test/multiview_blender/scissors/IMG_6905/Cam_0.npy,./test/multiview_blender/scissors/IMG_6905/Cam_2.npy,./test/multiview_blender/scissors/IMG_6905/Cam_4.npy,./test/multiview_blender/scissors/IMG_6905/Cam_5.npy,test
scissors,IMG_6907,./test/multiview_blender/scissors/IMG_6907/Cam_0.npy,./test/multiview_blender/scissors/IMG_6907/Cam_2.npy,./test/multiview_blender/scissors/IMG_6907/Cam_4.npy,./test/multiview_blender/scissors/IMG_6907/Cam_5.npy,test
scissors,IMG_6908,./test/multiview_blender/scissors/IMG_6908/Cam_0.npy,./test/multiview_blender/scissors/IMG_6908/Cam_2.npy,./test/multiview_blender/scissors/IMG_6908/Cam_4.npy,./test/multiview_blender/scissors/IMG_6908/Cam_5.npy,test
scissors,IMG_6928,./test/multiview_blender/scissors/IMG_6928/Cam_0.npy,./test/multiview_blender/scissors/IMG_6928/Cam_2.npy,./test/multiview_blender/scissors/IMG_6928/Cam_4.npy,./test/multiview_blender/scissors/IMG_6928/Cam_5.npy,test
scissors,IMG_6929,./test/multiview_blender/scissors/IMG_6929/Cam_0.npy,./test/multiview_blender/scissors/IMG_6929/Cam_2.npy,./test/multiview_blender/scissors/IMG_6929/Cam_4.npy,./test/multiview_blender/scissors/IMG_6929/Cam_5.npy,test
scissors,IMG_6930,./test/multiview_blender/scissors/IMG_6930/Cam_0.npy,./test/multiview_blender/scissors/IMG_6930/Cam_2.npy,./test/multiview_blender/scissors/IMG_6930/Cam_4.npy,./test/multiview_blender/scissors/IMG_6930/Cam_5.npy,test
scissors,IMG_6931,./test/multiview_blender/scissors/IMG_6931/Cam_0.npy,./test/multiview_blender/scissors/IMG_6931/Cam_2.npy,./test/multiview_blender/scissors/IMG_6931/Cam_4.npy,./test/multiview_blender/scissors/IMG_6931/Cam_5.npy,test
scissors,IMG_6959,./test/multiview_blender/scissors/IMG_6959/Cam_0.npy,./test/multiview_blender/scissors/IMG_6959/Cam_2.npy,./test/multiview_blender/scissors/IMG_6959/Cam_4.npy,./test/multiview_blender/scissors/IMG_6959/Cam_5.npy,test
scissors,IMG_6962,./test/multiview_blender/scissors/IMG_6962/Cam_0.npy,./test/multiview_blender/scissors/IMG_6962/Cam_2.npy,./test/multiview_blender/scissors/IMG_6962/Cam_4.npy,./test/multiview_blender/scissors/IMG_6962/Cam_5.npy,test
scissors,IMG_6990,./test/multiview_blender/scissors/IMG_6990/Cam_0.npy,./test/multiview_blender/scissors/IMG_6990/Cam_2.npy,./test/multiview_blender/scissors/IMG_6990/Cam_4.npy,./test/multiview_blender/scissors/IMG_6990/Cam_5.npy,test
scissors,IMG_6992,./test/multiview_blender/scissors/IMG_6992/Cam_0.npy,./test/multiview_blender/scissors/IMG_6992/Cam_2.npy,./test/multiview_blender/scissors/IMG_6992/Cam_4.npy,./test/multiview_blender/scissors/IMG_6992/Cam_5.npy,test
scissors,IMG_7060,./test/multiview_blender/scissors/IMG_7060/Cam_0.npy,./test/multiview_blender/scissors/IMG_7060/Cam_2.npy,./test/multiview_blender/scissors/IMG_7060/Cam_4.npy,./test/multiview_blender/scissors/IMG_7060/Cam_5.npy,test
scissors,IMG_7061,./test/multiview_blender/scissors/IMG_7061/Cam_0.npy,./test/multiview_blender/scissors/IMG_7061/Cam_2.npy,./test/multiview_blender/scissors/IMG_7061/Cam_4.npy,./test/multiview_blender/scissors/IMG_7061/Cam_5.npy,test
scissors,IMG_7063,./test/multiview_blender/scissors/IMG_7063/Cam_0.npy,./test/multiview_blender/scissors/IMG_7063/Cam_2.npy,./test/multiview_blender/scissors/IMG_7063/Cam_4.npy,./test/multiview_blender/scissors/IMG_7063/Cam_5.npy,test
scissors,IMG_7218,./test/multiview_blender/scissors/IMG_7218/Cam_0.npy,./test/multiview_blender/scissors/IMG_7218/Cam_2.npy,./test/multiview_blender/scissors/IMG_7218/Cam_4.npy,./test/multiview_blender/scissors/IMG_7218/Cam_5.npy,test
scissors,IMG_7219,./test/multiview_blender/scissors/IMG_7219/Cam_0.npy,./test/multiview_blender/scissors/IMG_7219/Cam_2.npy,./test/multiview_blender/scissors/IMG_7219/Cam_4.npy,./test/multiview_blender/scissors/IMG_7219/Cam_5.npy,test
scissors,IMG_7220,./test/multiview_blender/scissors/IMG_7220/Cam_0.npy,./test/multiview_blender/scissors/IMG_7220/Cam_2.npy,./test/multiview_blender/scissors/IMG_7220/Cam_4.npy,./test/multiview_blender/scissors/IMG_7220/Cam_5.npy,test
scissors,IMG_7248,./test/multiview_blender/scissors/IMG_7248/Cam_0.npy,./test/multiview_blender/scissors/IMG_7248/Cam_2.npy,./test/multiview_blender/scissors/IMG_7248/Cam_4.npy,./test/multiview_blender/scissors/IMG_7248/Cam_5.npy,test
scissors,IMG_7281,./test/multiview_blender/scissors/IMG_7281/Cam_0.npy,./test/multiview_blender/scissors/IMG_7281/Cam_2.npy,./test/multiview_blender/scissors/IMG_7281/Cam_4.npy,./test/multiview_blender/scissors/IMG_7281/Cam_5.npy,test
scissors,IMG_7283,./test/multiview_blender/scissors/IMG_7283/Cam_0.npy,./test/multiview_blender/scissors/IMG_7283/Cam_2.npy,./test/multiview_blender/scissors/IMG_7283/Cam_4.npy,./test/multiview_blender/scissors/IMG_7283/Cam_5.npy,test
scissors,IMG_7310,./test/multiview_blender/scissors/IMG_7310/Cam_0.npy,./test/multiview_blender/scissors/IMG_7310/Cam_2.npy,./test/multiview_blender/scissors/IMG_7310/Cam_4.npy,./test/multiview_blender/scissors/IMG_7310/Cam_5.npy,test
scissors,IMG_7341,./test/multiview_blender/scissors/IMG_7341/Cam_0.npy,./test/multiview_blender/scissors/IMG_7341/Cam_2.npy,./test/multiview_blender/scissors/IMG_7341/Cam_4.npy,./test/multiview_blender/scissors/IMG_7341/Cam_5.npy,test
scissors,IMG_7342,./test/multiview_blender/scissors/IMG_7342/Cam_0.npy,./test/multiview_blender/scissors/IMG_7342/Cam_2.npy,./test/multiview_blender/scissors/IMG_7342/Cam_4.npy,./test/multiview_blender/scissors/IMG_7342/Cam_5.npy,test
scissors,IMG_7344,./test/multiview_blender/scissors/IMG_7344/Cam_0.npy,./test/multiview_blender/scissors/IMG_7344/Cam_2.npy,./test/multiview_blender/scissors/IMG_7344/Cam_4.npy,./test/multiview_blender/scissors/IMG_7344/Cam_5.npy,test
scissors,IMG_7374,./test/multiview_blender/scissors/IMG_7374/Cam_0.npy,./test/multiview_blender/scissors/IMG_7374/Cam_2.npy,./test/multiview_blender/scissors/IMG_7374/Cam_4.npy,./test/multiview_blender/scissors/IMG_7374/Cam_5.npy,test
scissors,IMG_7376,./test/multiview_blender/scissors/IMG_7376/Cam_0.npy,./test/multiview_blender/scissors/IMG_7376/Cam_2.npy,./test/multiview_blender/scissors/IMG_7376/Cam_4.npy,./test/multiview_blender/scissors/IMG_7376/Cam_5.npy,test
scissors,IMG_7378,./test/multiview_blender/scissors/IMG_7378/Cam_0.npy,./test/multiview_blender/scissors/IMG_7378/Cam_2.npy,./test/multiview_blender/scissors/IMG_7378/Cam_4.npy,./test/multiview_blender/scissors/IMG_7378/Cam_5.npy,test
scissors,IMG_7406,./test/multiview_blender/scissors/IMG_7406/Cam_0.npy,./test/multiview_blender/scissors/IMG_7406/Cam_2.npy,./test/multiview_blender/scissors/IMG_7406/Cam_4.npy,./test/multiview_blender/scissors/IMG_7406/Cam_5.npy,test
scissors,IMG_7407,./test/multiview_blender/scissors/IMG_7407/Cam_0.npy,./test/multiview_blender/scissors/IMG_7407/Cam_2.npy,./test/multiview_blender/scissors/IMG_7407/Cam_4.npy,./test/multiview_blender/scissors/IMG_7407/Cam_5.npy,test
scissors,IMG_7408,./test/multiview_blender/scissors/IMG_7408/Cam_0.npy,./test/multiview_blender/scissors/IMG_7408/Cam_2.npy,./test/multiview_blender/scissors/IMG_7408/Cam_4.npy,./test/multiview_blender/scissors/IMG_7408/Cam_5.npy,test
scissors,IMG_7410,./test/multiview_blender/scissors/IMG_7410/Cam_0.npy,./test/multiview_blender/scissors/IMG_7410/Cam_2.npy,./test/multiview_blender/scissors/IMG_7410/Cam_4.npy,./test/multiview_blender/scissors/IMG_7410/Cam_5.npy,test
scissors,IMG_7438,./test/multiview_blender/scissors/IMG_7438/Cam_0.npy,./test/multiview_blender/scissors/IMG_7438/Cam_2.npy,./test/multiview_blender/scissors/IMG_7438/Cam_4.npy,./test/multiview_blender/scissors/IMG_7438/Cam_5.npy,test
scissors,IMG_7441,./test/multiview_blender/scissors/IMG_7441/Cam_0.npy,./test/multiview_blender/scissors/IMG_7441/Cam_2.npy,./test/multiview_blender/scissors/IMG_7441/Cam_4.npy,./test/multiview_blender/scissors/IMG_7441/Cam_5.npy,test
scissors,IMG_7472,./test/multiview_blender/scissors/IMG_7472/Cam_0.npy,./test/multiview_blender/scissors/IMG_7472/Cam_2.npy,./test/multiview_blender/scissors/IMG_7472/Cam_4.npy,./test/multiview_blender/scissors/IMG_7472/Cam_5.npy,test
scissors,IMG_7474,./test/multiview_blender/scissors/IMG_7474/Cam_0.npy,./test/multiview_blender/scissors/IMG_7474/Cam_2.npy,./test/multiview_blender/scissors/IMG_7474/Cam_4.npy,./test/multiview_blender/scissors/IMG_7474/Cam_5.npy,test
scissors,IMG_7509,./test/multiview_blender/scissors/IMG_7509/Cam_0.npy,./test/multiview_blender/scissors/IMG_7509/Cam_2.npy,./test/multiview_blender/scissors/IMG_7509/Cam_4.npy,./test/multiview_blender/scissors/IMG_7509/Cam_5.npy,test
scissors,IMG_7541,./test/multiview_blender/scissors/IMG_7541/Cam_0.npy,./test/multiview_blender/scissors/IMG_7541/Cam_2.npy,./test/multiview_blender/scissors/IMG_7541/Cam_4.npy,./test/multiview_blender/scissors/IMG_7541/Cam_5.npy,test
scissors,IMG_7543,./test/multiview_blender/scissors/IMG_7543/Cam_0.npy,./test/multiview_blender/scissors/IMG_7543/Cam_2.npy,./test/multiview_blender/scissors/IMG_7543/Cam_4.npy,./test/multiview_blender/scissors/IMG_7543/Cam_5.npy,test
scissors,IMG_7575,./test/multiview_blender/scissors/IMG_7575/Cam_0.npy,./test/multiview_blender/scissors/IMG_7575/Cam_2.npy,./test/multiview_blender/scissors/IMG_7575/Cam_4.npy,./test/multiview_blender/scissors/IMG_7575/Cam_5.npy,test
scissors,IMG_7608,./test/multiview_blender/scissors/IMG_7608/Cam_0.npy,./test/multiview_blender/scissors/IMG_7608/Cam_2.npy,./test/multiview_blender/scissors/IMG_7608/Cam_4.npy,./test/multiview_blender/scissors/IMG_7608/Cam_5.npy,test
scissors,IMG_7642,./test/multiview_blender/scissors/IMG_7642/Cam_0.npy,./test/multiview_blender/scissors/IMG_7642/Cam_2.npy,./test/multiview_blender/scissors/IMG_7642/Cam_4.npy,./test/multiview_blender/scissors/IMG_7642/Cam_5.npy,test
scissors,IMG_7643,./test/multiview_blender/scissors/IMG_7643/Cam_0.npy,./test/multiview_blender/scissors/IMG_7643/Cam_2.npy,./test/multiview_blender/scissors/IMG_7643/Cam_4.npy,./test/multiview_blender/scissors/IMG_7643/Cam_5.npy,test
scissors,IMG_7645,./test/multiview_blender/scissors/IMG_7645/Cam_0.npy,./test/multiview_blender/scissors/IMG_7645/Cam_2.npy,./test/multiview_blender/scissors/IMG_7645/Cam_4.npy,./test/multiview_blender/scissors/IMG_7645/Cam_5.npy,test
scissors,IMG_7648,./test/multiview_blender/scissors/IMG_7648/Cam_0.npy,./test/multiview_blender/scissors/IMG_7648/Cam_2.npy,./test/multiview_blender/scissors/IMG_7648/Cam_4.npy,./test/multiview_blender/scissors/IMG_7648/Cam_5.npy,test
scissors,IMG_7682,./test/multiview_blender/scissors/IMG_7682/Cam_0.npy,./test/multiview_blender/scissors/IMG_7682/Cam_2.npy,./test/multiview_blender/scissors/IMG_7682/Cam_4.npy,./test/multiview_blender/scissors/IMG_7682/Cam_5.npy,test
scissors,IMG_7683,./test/multiview_blender/scissors/IMG_7683/Cam_0.npy,./test/multiview_blender/scissors/IMG_7683/Cam_2.npy,./test/multiview_blender/scissors/IMG_7683/Cam_4.npy,./test/multiview_blender/scissors/IMG_7683/Cam_5.npy,test
scissors,IMG_7684,./test/multiview_blender/scissors/IMG_7684/Cam_0.npy,./test/multiview_blender/scissors/IMG_7684/Cam_2.npy,./test/multiview_blender/scissors/IMG_7684/Cam_4.npy,./test/multiview_blender/scissors/IMG_7684/Cam_5.npy,test
scissors,IMG_7708,./test/multiview_blender/scissors/IMG_7708/Cam_0.npy,./test/multiview_blender/scissors/IMG_7708/Cam_2.npy,./test/multiview_blender/scissors/IMG_7708/Cam_4.npy,./test/multiview_blender/scissors/IMG_7708/Cam_5.npy,test
scissors,IMG_7710,./test/multiview_blender/scissors/IMG_7710/Cam_0.npy,./test/multiview_blender/scissors/IMG_7710/Cam_2.npy,./test/multiview_blender/scissors/IMG_7710/Cam_4.npy,./test/multiview_blender/scissors/IMG_7710/Cam_5.npy,test
scissors,IMG_7711,./test/multiview_blender/scissors/IMG_7711/Cam_0.npy,./test/multiview_blender/scissors/IMG_7711/Cam_2.npy,./test/multiview_blender/scissors/IMG_7711/Cam_4.npy,./test/multiview_blender/scissors/IMG_7711/Cam_5.npy,test
scissors,IMG_7745,./test/multiview_blender/scissors/IMG_7745/Cam_0.npy,./test/multiview_blender/scissors/IMG_7745/Cam_2.npy,./test/multiview_blender/scissors/IMG_7745/Cam_4.npy,./test/multiview_blender/scissors/IMG_7745/Cam_5.npy,test
scissors,IMG_7747,./test/multiview_blender/scissors/IMG_7747/Cam_0.npy,./test/multiview_blender/scissors/IMG_7747/Cam_2.npy,./test/multiview_blender/scissors/IMG_7747/Cam_4.npy,./test/multiview_blender/scissors/IMG_7747/Cam_5.npy,test
scissors,IMG_7748,./test/multiview_blender/scissors/IMG_7748/Cam_0.npy,./test/multiview_blender/scissors/IMG_7748/Cam_2.npy,./test/multiview_blender/scissors/IMG_7748/Cam_4.npy,./test/multiview_blender/scissors/IMG_7748/Cam_5.npy,test
scissors,IMG_7776,./test/multiview_blender/scissors/IMG_7776/Cam_0.npy,./test/multiview_blender/scissors/IMG_7776/Cam_2.npy,./test/multiview_blender/scissors/IMG_7776/Cam_4.npy,./test/multiview_blender/scissors/IMG_7776/Cam_5.npy,test
scissors,IMG_7843,./test/multiview_blender/scissors/IMG_7843/Cam_0.npy,./test/multiview_blender/scissors/IMG_7843/Cam_2.npy,./test/multiview_blender/scissors/IMG_7843/Cam_4.npy,./test/multiview_blender/scissors/IMG_7843/Cam_5.npy,test
scissors,IMG_7846,./test/multiview_blender/scissors/IMG_7846/Cam_0.npy,./test/multiview_blender/scissors/IMG_7846/Cam_2.npy,./test/multiview_blender/scissors/IMG_7846/Cam_4.npy,./test/multiview_blender/scissors/IMG_7846/Cam_5.npy,test
scissors,IMG_7847,./test/multiview_blender/scissors/IMG_7847/Cam_0.npy,./test/multiview_blender/scissors/IMG_7847/Cam_2.npy,./test/multiview_blender/scissors/IMG_7847/Cam_4.npy,./test/multiview_blender/scissors/IMG_7847/Cam_5.npy,test
scissors,IMG_7878,./test/multiview_blender/scissors/IMG_7878/Cam_0.npy,./test/multiview_blender/scissors/IMG_7878/Cam_2.npy,./test/multiview_blender/scissors/IMG_7878/Cam_4.npy,./test/multiview_blender/scissors/IMG_7878/Cam_5.npy,test
scissors,IMG_7880,./test/multiview_blender/scissors/IMG_7880/Cam_0.npy,./test/multiview_blender/scissors/IMG_7880/Cam_2.npy,./test/multiview_blender/scissors/IMG_7880/Cam_4.npy,./test/multiview_blender/scissors/IMG_7880/Cam_5.npy,test
scissors,IMG_7910,./test/multiview_blender/scissors/IMG_7910/Cam_0.npy,./test/multiview_blender/scissors/IMG_7910/Cam_2.npy,./test/multiview_blender/scissors/IMG_7910/Cam_4.npy,./test/multiview_blender/scissors/IMG_7910/Cam_5.npy,test
scissors,IMG_7911,./test/multiview_blender/scissors/IMG_7911/Cam_0.npy,./test/multiview_blender/scissors/IMG_7911/Cam_2.npy,./test/multiview_blender/scissors/IMG_7911/Cam_4.npy,./test/multiview_blender/scissors/IMG_7911/Cam_5.npy,test
scissors,IMG_7912,./test/multiview_blender/scissors/IMG_7912/Cam_0.npy,./test/multiview_blender/scissors/IMG_7912/Cam_2.npy,./test/multiview_blender/scissors/IMG_7912/Cam_4.npy,./test/multiview_blender/scissors/IMG_7912/Cam_5.npy,test
scissors,IMG_7913,./test/multiview_blender/scissors/IMG_7913/Cam_0.npy,./test/multiview_blender/scissors/IMG_7913/Cam_2.npy,./test/multiview_blender/scissors/IMG_7913/Cam_4.npy,./test/multiview_blender/scissors/IMG_7913/Cam_5.npy,test
scissors,IMG_7940,./test/multiview_blender/scissors/IMG_7940/Cam_0.npy,./test/multiview_blender/scissors/IMG_7940/Cam_2.npy,./test/multiview_blender/scissors/IMG_7940/Cam_4.npy,./test/multiview_blender/scissors/IMG_7940/Cam_5.npy,test
scissors,IMG_7941,./test/multiview_blender/scissors/IMG_7941/Cam_0.npy,./test/multiview_blender/scissors/IMG_7941/Cam_2.npy,./test/multiview_blender/scissors/IMG_7941/Cam_4.npy,./test/multiview_blender/scissors/IMG_7941/Cam_5.npy,test
scissors,IMG_7942,./test/multiview_blender/scissors/IMG_7942/Cam_0.npy,./test/multiview_blender/scissors/IMG_7942/Cam_2.npy,./test/multiview_blender/scissors/IMG_7942/Cam_4.npy,./test/multiview_blender/scissors/IMG_7942/Cam_5.npy,test
scissors,IMG_7972,./test/multiview_blender/scissors/IMG_7972/Cam_0.npy,./test/multiview_blender/scissors/IMG_7972/Cam_2.npy,./test/multiview_blender/scissors/IMG_7972/Cam_4.npy,./test/multiview_blender/scissors/IMG_7972/Cam_5.npy,test
scissors,IMG_8007,./test/multiview_blender/scissors/IMG_8007/Cam_0.npy,./test/multiview_blender/scissors/IMG_8007/Cam_2.npy,./test/multiview_blender/scissors/IMG_8007/Cam_4.npy,./test/multiview_blender/scissors/IMG_8007/Cam_5.npy,test
scissors,IMG_8008,./test/multiview_blender/scissors/IMG_8008/Cam_0.npy,./test/multiview_blender/scissors/IMG_8008/Cam_2.npy,./test/multiview_blender/scissors/IMG_8008/Cam_4.npy,./test/multiview_blender/scissors/IMG_8008/Cam_5.npy,test
scissors,IMG_8038,./test/multiview_blender/scissors/IMG_8038/Cam_0.npy,./test/multiview_blender/scissors/IMG_8038/Cam_2.npy,./test/multiview_blender/scissors/IMG_8038/Cam_4.npy,./test/multiview_blender/scissors/IMG_8038/Cam_5.npy,test
scissors,IMG_8039,./test/multiview_blender/scissors/IMG_8039/Cam_0.npy,./test/multiview_blender/scissors/IMG_8039/Cam_2.npy,./test/multiview_blender/scissors/IMG_8039/Cam_4.npy,./test/multiview_blender/scissors/IMG_8039/Cam_5.npy,test
scissors,IMG_8070,./test/multiview_blender/scissors/IMG_8070/Cam_0.npy,./test/multiview_blender/scissors/IMG_8070/Cam_2.npy,./test/multiview_blender/scissors/IMG_8070/Cam_4.npy,./test/multiview_blender/scissors/IMG_8070/Cam_5.npy,test
scissors,IMG_8101,./test/multiview_blender/scissors/IMG_8101/Cam_0.npy,./test/multiview_blender/scissors/IMG_8101/Cam_2.npy,./test/multiview_blender/scissors/IMG_8101/Cam_4.npy,./test/multiview_blender/scissors/IMG_8101/Cam_5.npy,test
scissors,IMG_8104,./test/multiview_blender/scissors/IMG_8104/Cam_0.npy,./test/multiview_blender/scissors/IMG_8104/Cam_2.npy,./test/multiview_blender/scissors/IMG_8104/Cam_4.npy,./test/multiview_blender/scissors/IMG_8104/Cam_5.npy,test
scissors,IMG_8132,./test/multiview_blender/scissors/IMG_8132/Cam_0.npy,./test/multiview_blender/scissors/IMG_8132/Cam_2.npy,./test/multiview_blender/scissors/IMG_8132/Cam_4.npy,./test/multiview_blender/scissors/IMG_8132/Cam_5.npy,test
scissors,IMG_8135,./test/multiview_blender/scissors/IMG_8135/Cam_0.npy,./test/multiview_blender/scissors/IMG_8135/Cam_2.npy,./test/multiview_blender/scissors/IMG_8135/Cam_4.npy,./test/multiview_blender/scissors/IMG_8135/Cam_5.npy,test
scissors,IMG_8169,./test/multiview_blender/scissors/IMG_8169/Cam_0.npy,./test/multiview_blender/scissors/IMG_8169/Cam_2.npy,./test/multiview_blender/scissors/IMG_8169/Cam_4.npy,./test/multiview_blender/scissors/IMG_8169/Cam_5.npy,test
scissors,IMG_8170,./test/multiview_blender/scissors/IMG_8170/Cam_0.npy,./test/multiview_blender/scissors/IMG_8170/Cam_2.npy,./test/multiview_blender/scissors/IMG_8170/Cam_4.npy,./test/multiview_blender/scissors/IMG_8170/Cam_5.npy,test
scissors,IMG_8171,./test/multiview_blender/scissors/IMG_8171/Cam_0.npy,./test/multiview_blender/scissors/IMG_8171/Cam_2.npy,./test/multiview_blender/scissors/IMG_8171/Cam_4.npy,./test/multiview_blender/scissors/IMG_8171/Cam_5.npy,test
the-finger,IMG_6304,./test/multiview_blender/the-finger/IMG_6304/Cam_0.npy,./test/multiview_blender/the-finger/IMG_6304/Cam_2.npy,./test/multiview_blender/the-finger/IMG_6304/Cam_4.npy,./test/multiview_blender/the-finger/IMG_6304/Cam_5.npy,test
the-finger,IMG_6308,./test/multiview_blender/the-finger/IMG_6308/Cam_0.npy,./test/multiview_blender/the-finger/IMG_6308/Cam_2.npy,./test/multiview_blender/the-finger/IMG_6308/Cam_4.npy,./test/multiview_blender/the-finger/IMG_6308/Cam_5.npy,test
the-finger,IMG_6309,./test/multiview_blender/the-finger/IMG_6309/Cam_0.npy,./test/multiview_blender/the-finger/IMG_6309/Cam_2.npy,./test/multiview_blender/the-finger/IMG_6309/Cam_4.npy,./test/multiview_blender/the-finger/IMG_6309/Cam_5.npy,test
the-finger,IMG_6341,./test/multiview_blender/the-finger/IMG_6341/Cam_0.npy,./test/multiview_blender/the-finger/IMG_6341/Cam_2.npy,./test/multiview_blender/the-finger/IMG_6341/Cam_4.npy,./test/multiview_blender/the-finger/IMG_6341/Cam_5.npy,test
the-finger,IMG_6343,./test/multiview_blender/the-finger/IMG_6343/Cam_0.npy,./test/multiview_blender/the-finger/IMG_6343/Cam_2.npy,./test/multiview_blender/the-finger/IMG_6343/Cam_4.npy,./test/multiview_blender/the-finger/IMG_6343/Cam_5.npy,test
the-finger,IMG_6344,./test/multiview_blender/the-finger/IMG_6344/Cam_0.npy,./test/multiview_blender/the-finger/IMG_6344/Cam_2.npy,./test/multiview_blender/the-finger/IMG_6344/Cam_4.npy,./test/multiview_blender/the-finger/IMG_6344/Cam_5.npy,test
the-finger,IMG_6379,./test/multiview_blender/the-finger/IMG_6379/Cam_0.npy,./test/multiview_blender/the-finger/IMG_6379/Cam_2.npy,./test/multiview_blender/the-finger/IMG_6379/Cam_4.npy,./test/multiview_blender/the-finger/IMG_6379/Cam_5.npy,test
the-finger,IMG_6411,./test/multiview_blender/the-finger/IMG_6411/Cam_0.npy,./test/multiview_blender/the-finger/IMG_6411/Cam_2.npy,./test/multiview_blender/the-finger/IMG_6411/Cam_4.npy,./test/multiview_blender/the-finger/IMG_6411/Cam_5.npy,test
the-finger,IMG_6412,./test/multiview_blender/the-finger/IMG_6412/Cam_0.npy,./test/multiview_blender/the-finger/IMG_6412/Cam_2.npy,./test/multiview_blender/the-finger/IMG_6412/Cam_4.npy,./test/multiview_blender/the-finger/IMG_6412/Cam_5.npy,test
the-finger,IMG_6413,./test/multiview_blender/the-finger/IMG_6413/Cam_0.npy,./test/multiview_blender/the-finger/IMG_6413/Cam_2.npy,./test/multiview_blender/the-finger/IMG_6413/Cam_4.npy,./test/multiview_blender/the-finger/IMG_6413/Cam_5.npy,test
the-finger,IMG_6414,./test/multiview_blender/the-finger/IMG_6414/Cam_0.npy,./test/multiview_blender/the-finger/IMG_6414/Cam_2.npy,./test/multiview_blender/the-finger/IMG_6414/Cam_4.npy,./test/multiview_blender/the-finger/IMG_6414/Cam_5.npy,test
the-finger,IMG_6416,./test/multiview_blender/the-finger/IMG_6416/Cam_0.npy,./test/multiview_blender/the-finger/IMG_6416/Cam_2.npy,./test/multiview_blender/the-finger/IMG_6416/Cam_4.npy,./test/multiview_blender/the-finger/IMG_6416/Cam_5.npy,test
the-finger,IMG_6451,./test/multiview_blender/the-finger/IMG_6451/Cam_0.npy,./test/multiview_blender/the-finger/IMG_6451/Cam_2.npy,./test/multiview_blender/the-finger/IMG_6451/Cam_4.npy,./test/multiview_blender/the-finger/IMG_6451/Cam_5.npy,test
the-finger,IMG_6486,./test/multiview_blender/the-finger/IMG_6486/Cam_0.npy,./test/multiview_blender/the-finger/IMG_6486/Cam_2.npy,./test/multiview_blender/the-finger/IMG_6486/Cam_4.npy,./test/multiview_blender/the-finger/IMG_6486/Cam_5.npy,test
the-finger,IMG_6491,./test/multiview_blender/the-finger/IMG_6491/Cam_0.npy,./test/multiview_blender/the-finger/IMG_6491/Cam_2.npy,./test/multiview_blender/the-finger/IMG_6491/Cam_4.npy,./test/multiview_blender/the-finger/IMG_6491/Cam_5.npy,test
the-finger,IMG_6528,./test/multiview_blender/the-finger/IMG_6528/Cam_0.npy,./test/multiview_blender/the-finger/IMG_6528/Cam_2.npy,./test/multiview_blender/the-finger/IMG_6528/Cam_4.npy,./test/multiview_blender/the-finger/IMG_6528/Cam_5.npy,test
the-finger,IMG_6529,./test/multiview_blender/the-finger/IMG_6529/Cam_0.npy,./test/multiview_blender/the-finger/IMG_6529/Cam_2.npy,./test/multiview_blender/the-finger/IMG_6529/Cam_4.npy,./test/multiview_blender/the-finger/IMG_6529/Cam_5.npy,test
the-finger,IMG_6530,./test/multiview_blender/the-finger/IMG_6530/Cam_0.npy,./test/multiview_blender/the-finger/IMG_6530/Cam_2.npy,./test/multiview_blender/the-finger/IMG_6530/Cam_4.npy,./test/multiview_blender/the-finger/IMG_6530/Cam_5.npy,test
the-finger,IMG_6531,./test/multiview_blender/the-finger/IMG_6531/Cam_0.npy,./test/multiview_blender/the-finger/IMG_6531/Cam_2.npy,./test/multiview_blender/the-finger/IMG_6531/Cam_4.npy,./test/multiview_blender/the-finger/IMG_6531/Cam_5.npy,test
the-finger,IMG_6566,./test/multiview_blender/the-finger/IMG_6566/Cam_0.npy,./test/multiview_blender/the-finger/IMG_6566/Cam_2.npy,./test/multiview_blender/the-finger/IMG_6566/Cam_4.npy,./test/multiview_blender/the-finger/IMG_6566/Cam_5.npy,test
the-finger,IMG_6567,./test/multiview_blender/the-finger/IMG_6567/Cam_0.npy,./test/multiview_blender/the-finger/IMG_6567/Cam_2.npy,./test/multiview_blender/the-finger/IMG_6567/Cam_4.npy,./test/multiview_blender/the-finger/IMG_6567/Cam_5.npy,test
the-finger,IMG_6568,./test/multiview_blender/the-finger/IMG_6568/Cam_0.npy,./test/multiview_blender/the-finger/IMG_6568/Cam_2.npy,./test/multiview_blender/the-finger/IMG_6568/Cam_4.npy,./test/multiview_blender/the-finger/IMG_6568/Cam_5.npy,test
the-finger,IMG_6638,./test/multiview_blender/the-finger/IMG_6638/Cam_0.npy,./test/multiview_blender/the-finger/IMG_6638/Cam_2.npy,./test/multiview_blender/the-finger/IMG_6638/Cam_4.npy,./test/multiview_blender/the-finger/IMG_6638/Cam_5.npy,test
the-finger,IMG_6640,./test/multiview_blender/the-finger/IMG_6640/Cam_0.npy,./test/multiview_blender/the-finger/IMG_6640/Cam_2.npy,./test/multiview_blender/the-finger/IMG_6640/Cam_4.npy,./test/multiview_blender/the-finger/IMG_6640/Cam_5.npy,test
the-finger,IMG_6677,./test/multiview_blender/the-finger/IMG_6677/Cam_0.npy,./test/multiview_blender/the-finger/IMG_6677/Cam_2.npy,./test/multiview_blender/the-finger/IMG_6677/Cam_4.npy,./test/multiview_blender/the-finger/IMG_6677/Cam_5.npy,test
the-finger,IMG_6678,./test/multiview_blender/the-finger/IMG_6678/Cam_0.npy,./test/multiview_blender/the-finger/IMG_6678/Cam_2.npy,./test/multiview_blender/the-finger/IMG_6678/Cam_4.npy,./test/multiview_blender/the-finger/IMG_6678/Cam_5.npy,test
the-finger,IMG_6715,./test/multiview_blender/the-finger/IMG_6715/Cam_0.npy,./test/multiview_blender/the-finger/IMG_6715/Cam_2.npy,./test/multiview_blender/the-finger/IMG_6715/Cam_4.npy,./test/multiview_blender/the-finger/IMG_6715/Cam_5.npy,test
the-finger,IMG_6718,./test/multiview_blender/the-finger/IMG_6718/Cam_0.npy,./test/multiview_blender/the-finger/IMG_6718/Cam_2.npy,./test/multiview_blender/the-finger/IMG_6718/Cam_4.npy,./test/multiview_blender/the-finger/IMG_6718/Cam_5.npy,test
the-finger,IMG_6719,./test/multiview_blender/the-finger/IMG_6719/Cam_0.npy,./test/multiview_blender/the-finger/IMG_6719/Cam_2.npy,./test/multiview_blender/the-finger/IMG_6719/Cam_4.npy,./test/multiview_blender/the-finger/IMG_6719/Cam_5.npy,test
the-finger,IMG_6752,./test/multiview_blender/the-finger/IMG_6752/Cam_0.npy,./test/multiview_blender/the-finger/IMG_6752/Cam_2.npy,./test/multiview_blender/the-finger/IMG_6752/Cam_4.npy,./test/multiview_blender/the-finger/IMG_6752/Cam_5.npy,test
the-finger,IMG_6754,./test/multiview_blender/the-finger/IMG_6754/Cam_0.npy,./test/multiview_blender/the-finger/IMG_6754/Cam_2.npy,./test/multiview_blender/the-finger/IMG_6754/Cam_4.npy,./test/multiview_blender/the-finger/IMG_6754/Cam_5.npy,test
the-finger,IMG_6787,./test/multiview_blender/the-finger/IMG_6787/Cam_0.npy,./test/multiview_blender/the-finger/IMG_6787/Cam_2.npy,./test/multiview_blender/the-finger/IMG_6787/Cam_4.npy,./test/multiview_blender/the-finger/IMG_6787/Cam_5.npy,test
the-finger,IMG_6817,./test/multiview_blender/the-finger/IMG_6817/Cam_0.npy,./test/multiview_blender/the-finger/IMG_6817/Cam_2.npy,./test/multiview_blender/the-finger/IMG_6817/Cam_4.npy,./test/multiview_blender/the-finger/IMG_6817/Cam_5.npy,test
the-finger,IMG_6819,./test/multiview_blender/the-finger/IMG_6819/Cam_0.npy,./test/multiview_blender/the-finger/IMG_6819/Cam_2.npy,./test/multiview_blender/the-finger/IMG_6819/Cam_4.npy,./test/multiview_blender/the-finger/IMG_6819/Cam_5.npy,test
the-finger,IMG_6820,./test/multiview_blender/the-finger/IMG_6820/Cam_0.npy,./test/multiview_blender/the-finger/IMG_6820/Cam_2.npy,./test/multiview_blender/the-finger/IMG_6820/Cam_4.npy,./test/multiview_blender/the-finger/IMG_6820/Cam_5.npy,test
the-finger,IMG_6847,./test/multiview_blender/the-finger/IMG_6847/Cam_0.npy,./test/multiview_blender/the-finger/IMG_6847/Cam_2.npy,./test/multiview_blender/the-finger/IMG_6847/Cam_4.npy,./test/multiview_blender/the-finger/IMG_6847/Cam_5.npy,test
the-finger,IMG_6850,./test/multiview_blender/the-finger/IMG_6850/Cam_0.npy,./test/multiview_blender/the-finger/IMG_6850/Cam_2.npy,./test/multiview_blender/the-finger/IMG_6850/Cam_4.npy,./test/multiview_blender/the-finger/IMG_6850/Cam_5.npy,test
the-finger,IMG_6884,./test/multiview_blender/the-finger/IMG_6884/Cam_0.npy,./test/multiview_blender/the-finger/IMG_6884/Cam_2.npy,./test/multiview_blender/the-finger/IMG_6884/Cam_4.npy,./test/multiview_blender/the-finger/IMG_6884/Cam_5.npy,test
the-finger,IMG_6885,./test/multiview_blender/the-finger/IMG_6885/Cam_0.npy,./test/multiview_blender/the-finger/IMG_6885/Cam_2.npy,./test/multiview_blender/the-finger/IMG_6885/Cam_4.npy,./test/multiview_blender/the-finger/IMG_6885/Cam_5.npy,test
the-finger,IMG_6919,./test/multiview_blender/the-finger/IMG_6919/Cam_0.npy,./test/multiview_blender/the-finger/IMG_6919/Cam_2.npy,./test/multiview_blender/the-finger/IMG_6919/Cam_4.npy,./test/multiview_blender/the-finger/IMG_6919/Cam_5.npy,test
the-finger,IMG_6920,./test/multiview_blender/the-finger/IMG_6920/Cam_0.npy,./test/multiview_blender/the-finger/IMG_6920/Cam_2.npy,./test/multiview_blender/the-finger/IMG_6920/Cam_4.npy,./test/multiview_blender/the-finger/IMG_6920/Cam_5.npy,test
the-finger,IMG_6922,./test/multiview_blender/the-finger/IMG_6922/Cam_0.npy,./test/multiview_blender/the-finger/IMG_6922/Cam_2.npy,./test/multiview_blender/the-finger/IMG_6922/Cam_4.npy,./test/multiview_blender/the-finger/IMG_6922/Cam_5.npy,test
the-finger,IMG_6949,./test/multiview_blender/the-finger/IMG_6949/Cam_0.npy,./test/multiview_blender/the-finger/IMG_6949/Cam_2.npy,./test/multiview_blender/the-finger/IMG_6949/Cam_4.npy,./test/multiview_blender/the-finger/IMG_6949/Cam_5.npy,test
the-finger,IMG_6979,./test/multiview_blender/the-finger/IMG_6979/Cam_0.npy,./test/multiview_blender/the-finger/IMG_6979/Cam_2.npy,./test/multiview_blender/the-finger/IMG_6979/Cam_4.npy,./test/multiview_blender/the-finger/IMG_6979/Cam_5.npy,test
the-finger,IMG_6980,./test/multiview_blender/the-finger/IMG_6980/Cam_0.npy,./test/multiview_blender/the-finger/IMG_6980/Cam_2.npy,./test/multiview_blender/the-finger/IMG_6980/Cam_4.npy,./test/multiview_blender/the-finger/IMG_6980/Cam_5.npy,test
the-finger,IMG_7050,./test/multiview_blender/the-finger/IMG_7050/Cam_0.npy,./test/multiview_blender/the-finger/IMG_7050/Cam_2.npy,./test/multiview_blender/the-finger/IMG_7050/Cam_4.npy,./test/multiview_blender/the-finger/IMG_7050/Cam_5.npy,test
the-finger,IMG_7051,./test/multiview_blender/the-finger/IMG_7051/Cam_0.npy,./test/multiview_blender/the-finger/IMG_7051/Cam_2.npy,./test/multiview_blender/the-finger/IMG_7051/Cam_4.npy,./test/multiview_blender/the-finger/IMG_7051/Cam_5.npy,test
the-finger,IMG_7052,./test/multiview_blender/the-finger/IMG_7052/Cam_0.npy,./test/multiview_blender/the-finger/IMG_7052/Cam_2.npy,./test/multiview_blender/the-finger/IMG_7052/Cam_4.npy,./test/multiview_blender/the-finger/IMG_7052/Cam_5.npy,test
the-finger,IMG_7053,./test/multiview_blender/the-finger/IMG_7053/Cam_0.npy,./test/multiview_blender/the-finger/IMG_7053/Cam_2.npy,./test/multiview_blender/the-finger/IMG_7053/Cam_4.npy,./test/multiview_blender/the-finger/IMG_7053/Cam_5.npy,test
the-finger,IMG_7083,./test/multiview_blender/the-finger/IMG_7083/Cam_0.npy,./test/multiview_blender/the-finger/IMG_7083/Cam_2.npy,./test/multiview_blender/the-finger/IMG_7083/Cam_4.npy,./test/multiview_blender/the-finger/IMG_7083/Cam_5.npy,test
the-finger,IMG_7084,./test/multiview_blender/the-finger/IMG_7084/Cam_0.npy,./test/multiview_blender/the-finger/IMG_7084/Cam_2.npy,./test/multiview_blender/the-finger/IMG_7084/Cam_4.npy,./test/multiview_blender/the-finger/IMG_7084/Cam_5.npy,test
the-finger,IMG_7273,./test/multiview_blender/the-finger/IMG_7273/Cam_0.npy,./test/multiview_blender/the-finger/IMG_7273/Cam_2.npy,./test/multiview_blender/the-finger/IMG_7273/Cam_4.npy,./test/multiview_blender/the-finger/IMG_7273/Cam_5.npy,test
the-finger,IMG_7300,./test/multiview_blender/the-finger/IMG_7300/Cam_0.npy,./test/multiview_blender/the-finger/IMG_7300/Cam_2.npy,./test/multiview_blender/the-finger/IMG_7300/Cam_4.npy,./test/multiview_blender/the-finger/IMG_7300/Cam_5.npy,test
the-finger,IMG_7334,./test/multiview_blender/the-finger/IMG_7334/Cam_0.npy,./test/multiview_blender/the-finger/IMG_7334/Cam_2.npy,./test/multiview_blender/the-finger/IMG_7334/Cam_4.npy,./test/multiview_blender/the-finger/IMG_7334/Cam_5.npy,test
the-finger,IMG_7335,./test/multiview_blender/the-finger/IMG_7335/Cam_0.npy,./test/multiview_blender/the-finger/IMG_7335/Cam_2.npy,./test/multiview_blender/the-finger/IMG_7335/Cam_4.npy,./test/multiview_blender/the-finger/IMG_7335/Cam_5.npy,test
the-finger,IMG_7365,./test/multiview_blender/the-finger/IMG_7365/Cam_0.npy,./test/multiview_blender/the-finger/IMG_7365/Cam_2.npy,./test/multiview_blender/the-finger/IMG_7365/Cam_4.npy,./test/multiview_blender/the-finger/IMG_7365/Cam_5.npy,test
the-finger,IMG_7366,./test/multiview_blender/the-finger/IMG_7366/Cam_0.npy,./test/multiview_blender/the-finger/IMG_7366/Cam_2.npy,./test/multiview_blender/the-finger/IMG_7366/Cam_4.npy,./test/multiview_blender/the-finger/IMG_7366/Cam_5.npy,test
the-finger,IMG_7397,./test/multiview_blender/the-finger/IMG_7397/Cam_0.npy,./test/multiview_blender/the-finger/IMG_7397/Cam_2.npy,./test/multiview_blender/the-finger/IMG_7397/Cam_4.npy,./test/multiview_blender/the-finger/IMG_7397/Cam_5.npy,test
the-finger,IMG_7401,./test/multiview_blender/the-finger/IMG_7401/Cam_0.npy,./test/multiview_blender/the-finger/IMG_7401/Cam_2.npy,./test/multiview_blender/the-finger/IMG_7401/Cam_4.npy,./test/multiview_blender/the-finger/IMG_7401/Cam_5.npy,test
the-finger,IMG_7429,./test/multiview_blender/the-finger/IMG_7429/Cam_0.npy,./test/multiview_blender/the-finger/IMG_7429/Cam_2.npy,./test/multiview_blender/the-finger/IMG_7429/Cam_4.npy,./test/multiview_blender/the-finger/IMG_7429/Cam_5.npy,test
the-finger,IMG_7430,./test/multiview_blender/the-finger/IMG_7430/Cam_0.npy,./test/multiview_blender/the-finger/IMG_7430/Cam_2.npy,./test/multiview_blender/the-finger/IMG_7430/Cam_4.npy,./test/multiview_blender/the-finger/IMG_7430/Cam_5.npy,test
the-finger,IMG_7461,./test/multiview_blender/the-finger/IMG_7461/Cam_0.npy,./test/multiview_blender/the-finger/IMG_7461/Cam_2.npy,./test/multiview_blender/the-finger/IMG_7461/Cam_4.npy,./test/multiview_blender/the-finger/IMG_7461/Cam_5.npy,test
the-finger,IMG_7462,./test/multiview_blender/the-finger/IMG_7462/Cam_0.npy,./test/multiview_blender/the-finger/IMG_7462/Cam_2.npy,./test/multiview_blender/the-finger/IMG_7462/Cam_4.npy,./test/multiview_blender/the-finger/IMG_7462/Cam_5.npy,test
the-finger,IMG_7465,./test/multiview_blender/the-finger/IMG_7465/Cam_0.npy,./test/multiview_blender/the-finger/IMG_7465/Cam_2.npy,./test/multiview_blender/the-finger/IMG_7465/Cam_4.npy,./test/multiview_blender/the-finger/IMG_7465/Cam_5.npy,test
the-finger,IMG_7498,./test/multiview_blender/the-finger/IMG_7498/Cam_0.npy,./test/multiview_blender/the-finger/IMG_7498/Cam_2.npy,./test/multiview_blender/the-finger/IMG_7498/Cam_4.npy,./test/multiview_blender/the-finger/IMG_7498/Cam_5.npy,test
the-finger,IMG_7530,./test/multiview_blender/the-finger/IMG_7530/Cam_0.npy,./test/multiview_blender/the-finger/IMG_7530/Cam_2.npy,./test/multiview_blender/the-finger/IMG_7530/Cam_4.npy,./test/multiview_blender/the-finger/IMG_7530/Cam_5.npy,test
the-finger,IMG_7563,./test/multiview_blender/the-finger/IMG_7563/Cam_0.npy,./test/multiview_blender/the-finger/IMG_7563/Cam_2.npy,./test/multiview_blender/the-finger/IMG_7563/Cam_4.npy,./test/multiview_blender/the-finger/IMG_7563/Cam_5.npy,test
the-finger,IMG_7564,./test/multiview_blender/the-finger/IMG_7564/Cam_0.npy,./test/multiview_blender/the-finger/IMG_7564/Cam_2.npy,./test/multiview_blender/the-finger/IMG_7564/Cam_4.npy,./test/multiview_blender/the-finger/IMG_7564/Cam_5.npy,test
the-finger,IMG_7565,./test/multiview_blender/the-finger/IMG_7565/Cam_0.npy,./test/multiview_blender/the-finger/IMG_7565/Cam_2.npy,./test/multiview_blender/the-finger/IMG_7565/Cam_4.npy,./test/multiview_blender/the-finger/IMG_7565/Cam_5.npy,test
the-finger,IMG_7594,./test/multiview_blender/the-finger/IMG_7594/Cam_0.npy,./test/multiview_blender/the-finger/IMG_7594/Cam_2.npy,./test/multiview_blender/the-finger/IMG_7594/Cam_4.npy,./test/multiview_blender/the-finger/IMG_7594/Cam_5.npy,test
the-finger,IMG_7629,./test/multiview_blender/the-finger/IMG_7629/Cam_0.npy,./test/multiview_blender/the-finger/IMG_7629/Cam_2.npy,./test/multiview_blender/the-finger/IMG_7629/Cam_4.npy,./test/multiview_blender/the-finger/IMG_7629/Cam_5.npy,test
the-finger,IMG_7634,./test/multiview_blender/the-finger/IMG_7634/Cam_0.npy,./test/multiview_blender/the-finger/IMG_7634/Cam_2.npy,./test/multiview_blender/the-finger/IMG_7634/Cam_4.npy,./test/multiview_blender/the-finger/IMG_7634/Cam_5.npy,test
the-finger,IMG_7672,./test/multiview_blender/the-finger/IMG_7672/Cam_0.npy,./test/multiview_blender/the-finger/IMG_7672/Cam_2.npy,./test/multiview_blender/the-finger/IMG_7672/Cam_4.npy,./test/multiview_blender/the-finger/IMG_7672/Cam_5.npy,test
the-finger,IMG_7703,./test/multiview_blender/the-finger/IMG_7703/Cam_0.npy,./test/multiview_blender/the-finger/IMG_7703/Cam_2.npy,./test/multiview_blender/the-finger/IMG_7703/Cam_4.npy,./test/multiview_blender/the-finger/IMG_7703/Cam_5.npy,test
the-finger,IMG_7704,./test/multiview_blender/the-finger/IMG_7704/Cam_0.npy,./test/multiview_blender/the-finger/IMG_7704/Cam_2.npy,./test/multiview_blender/the-finger/IMG_7704/Cam_4.npy,./test/multiview_blender/the-finger/IMG_7704/Cam_5.npy,test
the-finger,IMG_7705,./test/multiview_blender/the-finger/IMG_7705/Cam_0.npy,./test/multiview_blender/the-finger/IMG_7705/Cam_2.npy,./test/multiview_blender/the-finger/IMG_7705/Cam_4.npy,./test/multiview_blender/the-finger/IMG_7705/Cam_5.npy,test
the-finger,IMG_7706,./test/multiview_blender/the-finger/IMG_7706/Cam_0.npy,./test/multiview_blender/the-finger/IMG_7706/Cam_2.npy,./test/multiview_blender/the-finger/IMG_7706/Cam_4.npy,./test/multiview_blender/the-finger/IMG_7706/Cam_5.npy,test
the-finger,IMG_7734,./test/multiview_blender/the-finger/IMG_7734/Cam_0.npy,./test/multiview_blender/the-finger/IMG_7734/Cam_2.npy,./test/multiview_blender/the-finger/IMG_7734/Cam_4.npy,./test/multiview_blender/the-finger/IMG_7734/Cam_5.npy,test
the-finger,IMG_7765,./test/multiview_blender/the-finger/IMG_7765/Cam_0.npy,./test/multiview_blender/the-finger/IMG_7765/Cam_2.npy,./test/multiview_blender/the-finger/IMG_7765/Cam_4.npy,./test/multiview_blender/the-finger/IMG_7765/Cam_5.npy,test
the-finger,IMG_7766,./test/multiview_blender/the-finger/IMG_7766/Cam_0.npy,./test/multiview_blender/the-finger/IMG_7766/Cam_2.npy,./test/multiview_blender/the-finger/IMG_7766/Cam_4.npy,./test/multiview_blender/the-finger/IMG_7766/Cam_5.npy,test
the-finger,IMG_7768,./test/multiview_blender/the-finger/IMG_7768/Cam_0.npy,./test/multiview_blender/the-finger/IMG_7768/Cam_2.npy,./test/multiview_blender/the-finger/IMG_7768/Cam_4.npy,./test/multiview_blender/the-finger/IMG_7768/Cam_5.npy,test
the-finger,IMG_7797,./test/multiview_blender/the-finger/IMG_7797/Cam_0.npy,./test/multiview_blender/the-finger/IMG_7797/Cam_2.npy,./test/multiview_blender/the-finger/IMG_7797/Cam_4.npy,./test/multiview_blender/the-finger/IMG_7797/Cam_5.npy,test
the-finger,IMG_7798,./test/multiview_blender/the-finger/IMG_7798/Cam_0.npy,./test/multiview_blender/the-finger/IMG_7798/Cam_2.npy,./test/multiview_blender/the-finger/IMG_7798/Cam_4.npy,./test/multiview_blender/the-finger/IMG_7798/Cam_5.npy,test
the-finger,IMG_7799,./test/multiview_blender/the-finger/IMG_7799/Cam_0.npy,./test/multiview_blender/the-finger/IMG_7799/Cam_2.npy,./test/multiview_blender/the-finger/IMG_7799/Cam_4.npy,./test/multiview_blender/the-finger/IMG_7799/Cam_5.npy,test
the-finger,IMG_7800,./test/multiview_blender/the-finger/IMG_7800/Cam_0.npy,./test/multiview_blender/the-finger/IMG_7800/Cam_2.npy,./test/multiview_blender/the-finger/IMG_7800/Cam_4.npy,./test/multiview_blender/the-finger/IMG_7800/Cam_5.npy,test
the-finger,IMG_7868,./test/multiview_blender/the-finger/IMG_7868/Cam_0.npy,./test/multiview_blender/the-finger/IMG_7868/Cam_2.npy,./test/multiview_blender/the-finger/IMG_7868/Cam_4.npy,./test/multiview_blender/the-finger/IMG_7868/Cam_5.npy,test
the-finger,IMG_7870,./test/multiview_blender/the-finger/IMG_7870/Cam_0.npy,./test/multiview_blender/the-finger/IMG_7870/Cam_2.npy,./test/multiview_blender/the-finger/IMG_7870/Cam_4.npy,./test/multiview_blender/the-finger/IMG_7870/Cam_5.npy,test
the-finger,IMG_7871,./test/multiview_blender/the-finger/IMG_7871/Cam_0.npy,./test/multiview_blender/the-finger/IMG_7871/Cam_2.npy,./test/multiview_blender/the-finger/IMG_7871/Cam_4.npy,./test/multiview_blender/the-finger/IMG_7871/Cam_5.npy,test
the-finger,IMG_7904,./test/multiview_blender/the-finger/IMG_7904/Cam_0.npy,./test/multiview_blender/the-finger/IMG_7904/Cam_2.npy,./test/multiview_blender/the-finger/IMG_7904/Cam_4.npy,./test/multiview_blender/the-finger/IMG_7904/Cam_5.npy,test
the-finger,IMG_7905,./test/multiview_blender/the-finger/IMG_7905/Cam_0.npy,./test/multiview_blender/the-finger/IMG_7905/Cam_2.npy,./test/multiview_blender/the-finger/IMG_7905/Cam_4.npy,./test/multiview_blender/the-finger/IMG_7905/Cam_5.npy,test
the-finger,IMG_7934,./test/multiview_blender/the-finger/IMG_7934/Cam_0.npy,./test/multiview_blender/the-finger/IMG_7934/Cam_2.npy,./test/multiview_blender/the-finger/IMG_7934/Cam_4.npy,./test/multiview_blender/the-finger/IMG_7934/Cam_5.npy,test
the-finger,IMG_7935,./test/multiview_blender/the-finger/IMG_7935/Cam_0.npy,./test/multiview_blender/the-finger/IMG_7935/Cam_2.npy,./test/multiview_blender/the-finger/IMG_7935/Cam_4.npy,./test/multiview_blender/the-finger/IMG_7935/Cam_5.npy,test
the-finger,IMG_7963,./test/multiview_blender/the-finger/IMG_7963/Cam_0.npy,./test/multiview_blender/the-finger/IMG_7963/Cam_2.npy,./test/multiview_blender/the-finger/IMG_7963/Cam_4.npy,./test/multiview_blender/the-finger/IMG_7963/Cam_5.npy,test
the-finger,IMG_7966,./test/multiview_blender/the-finger/IMG_7966/Cam_0.npy,./test/multiview_blender/the-finger/IMG_7966/Cam_2.npy,./test/multiview_blender/the-finger/IMG_7966/Cam_4.npy,./test/multiview_blender/the-finger/IMG_7966/Cam_5.npy,test
the-finger,IMG_8026,./test/multiview_blender/the-finger/IMG_8026/Cam_0.npy,./test/multiview_blender/the-finger/IMG_8026/Cam_2.npy,./test/multiview_blender/the-finger/IMG_8026/Cam_4.npy,./test/multiview_blender/the-finger/IMG_8026/Cam_5.npy,test
the-finger,IMG_8027,./test/multiview_blender/the-finger/IMG_8027/Cam_0.npy,./test/multiview_blender/the-finger/IMG_8027/Cam_2.npy,./test/multiview_blender/the-finger/IMG_8027/Cam_4.npy,./test/multiview_blender/the-finger/IMG_8027/Cam_5.npy,test
the-finger,IMG_8030,./test/multiview_blender/the-finger/IMG_8030/Cam_0.npy,./test/multiview_blender/the-finger/IMG_8030/Cam_2.npy,./test/multiview_blender/the-finger/IMG_8030/Cam_4.npy,./test/multiview_blender/the-finger/IMG_8030/Cam_5.npy,test
the-finger,IMG_8059,./test/multiview_blender/the-finger/IMG_8059/Cam_0.npy,./test/multiview_blender/the-finger/IMG_8059/Cam_2.npy,./test/multiview_blender/the-finger/IMG_8059/Cam_4.npy,./test/multiview_blender/the-finger/IMG_8059/Cam_5.npy,test
the-finger,IMG_8092,./test/multiview_blender/the-finger/IMG_8092/Cam_0.npy,./test/multiview_blender/the-finger/IMG_8092/Cam_2.npy,./test/multiview_blender/the-finger/IMG_8092/Cam_4.npy,./test/multiview_blender/the-finger/IMG_8092/Cam_5.npy,test
the-finger,IMG_8095,./test/multiview_blender/the-finger/IMG_8095/Cam_0.npy,./test/multiview_blender/the-finger/IMG_8095/Cam_2.npy,./test/multiview_blender/the-finger/IMG_8095/Cam_4.npy,./test/multiview_blender/the-finger/IMG_8095/Cam_5.npy,test
the-finger,IMG_8122,./test/multiview_blender/the-finger/IMG_8122/Cam_0.npy,./test/multiview_blender/the-finger/IMG_8122/Cam_2.npy,./test/multiview_blender/the-finger/IMG_8122/Cam_4.npy,./test/multiview_blender/the-finger/IMG_8122/Cam_5.npy,test
the-finger,IMG_8162,./test/multiview_blender/the-finger/IMG_8162/Cam_0.npy,./test/multiview_blender/the-finger/IMG_8162/Cam_2.npy,./test/multiview_blender/the-finger/IMG_8162/Cam_4.npy,./test/multiview_blender/the-finger/IMG_8162/Cam_5.npy,test
the-finger,IMG_8192,./test/multiview_blender/the-finger/IMG_8192/Cam_0.npy,./test/multiview_blender/the-finger/IMG_8192/Cam_2.npy,./test/multiview_blender/the-finger/IMG_8192/Cam_4.npy,./test/multiview_blender/the-finger/IMG_8192/Cam_5.npy,test
thumbdown,IMG_6299,./test/multiview_blender/thumbdown/IMG_6299/Cam_0.npy,./test/multiview_blender/thumbdown/IMG_6299/Cam_2.npy,./test/multiview_blender/thumbdown/IMG_6299/Cam_4.npy,./test/multiview_blender/thumbdown/IMG_6299/Cam_5.npy,test
thumbdown,IMG_6301,./test/multiview_blender/thumbdown/IMG_6301/Cam_0.npy,./test/multiview_blender/thumbdown/IMG_6301/Cam_2.npy,./test/multiview_blender/thumbdown/IMG_6301/Cam_4.npy,./test/multiview_blender/thumbdown/IMG_6301/Cam_5.npy,test
thumbdown,IMG_6302,./test/multiview_blender/thumbdown/IMG_6302/Cam_0.npy,./test/multiview_blender/thumbdown/IMG_6302/Cam_2.npy,./test/multiview_blender/thumbdown/IMG_6302/Cam_4.npy,./test/multiview_blender/thumbdown/IMG_6302/Cam_5.npy,test
thumbdown,IMG_6338,./test/multiview_blender/thumbdown/IMG_6338/Cam_0.npy,./test/multiview_blender/thumbdown/IMG_6338/Cam_2.npy,./test/multiview_blender/thumbdown/IMG_6338/Cam_4.npy,./test/multiview_blender/thumbdown/IMG_6338/Cam_5.npy,test
thumbdown,IMG_6368,./test/multiview_blender/thumbdown/IMG_6368/Cam_0.npy,./test/multiview_blender/thumbdown/IMG_6368/Cam_2.npy,./test/multiview_blender/thumbdown/IMG_6368/Cam_4.npy,./test/multiview_blender/thumbdown/IMG_6368/Cam_5.npy,test
thumbdown,IMG_6444,./test/multiview_blender/thumbdown/IMG_6444/Cam_0.npy,./test/multiview_blender/thumbdown/IMG_6444/Cam_2.npy,./test/multiview_blender/thumbdown/IMG_6444/Cam_4.npy,./test/multiview_blender/thumbdown/IMG_6444/Cam_5.npy,test
thumbdown,IMG_6447,./test/multiview_blender/thumbdown/IMG_6447/Cam_0.npy,./test/multiview_blender/thumbdown/IMG_6447/Cam_2.npy,./test/multiview_blender/thumbdown/IMG_6447/Cam_4.npy,./test/multiview_blender/thumbdown/IMG_6447/Cam_5.npy,test
thumbdown,IMG_6483,./test/multiview_blender/thumbdown/IMG_6483/Cam_0.npy,./test/multiview_blender/thumbdown/IMG_6483/Cam_2.npy,./test/multiview_blender/thumbdown/IMG_6483/Cam_4.npy,./test/multiview_blender/thumbdown/IMG_6483/Cam_5.npy,test
thumbdown,IMG_6485,./test/multiview_blender/thumbdown/IMG_6485/Cam_0.npy,./test/multiview_blender/thumbdown/IMG_6485/Cam_2.npy,./test/multiview_blender/thumbdown/IMG_6485/Cam_4.npy,./test/multiview_blender/thumbdown/IMG_6485/Cam_5.npy,test
thumbdown,IMG_6522,./test/multiview_blender/thumbdown/IMG_6522/Cam_0.npy,./test/multiview_blender/thumbdown/IMG_6522/Cam_2.npy,./test/multiview_blender/thumbdown/IMG_6522/Cam_4.npy,./test/multiview_blender/thumbdown/IMG_6522/Cam_5.npy,test
thumbdown,IMG_6524,./test/multiview_blender/thumbdown/IMG_6524/Cam_0.npy,./test/multiview_blender/thumbdown/IMG_6524/Cam_2.npy,./test/multiview_blender/thumbdown/IMG_6524/Cam_4.npy,./test/multiview_blender/thumbdown/IMG_6524/Cam_5.npy,test
thumbdown,IMG_6525,./test/multiview_blender/thumbdown/IMG_6525/Cam_0.npy,./test/multiview_blender/thumbdown/IMG_6525/Cam_2.npy,./test/multiview_blender/thumbdown/IMG_6525/Cam_4.npy,./test/multiview_blender/thumbdown/IMG_6525/Cam_5.npy,test
thumbdown,IMG_6561,./test/multiview_blender/thumbdown/IMG_6561/Cam_0.npy,./test/multiview_blender/thumbdown/IMG_6561/Cam_2.npy,./test/multiview_blender/thumbdown/IMG_6561/Cam_4.npy,./test/multiview_blender/thumbdown/IMG_6561/Cam_5.npy,test
thumbdown,IMG_6562,./test/multiview_blender/thumbdown/IMG_6562/Cam_0.npy,./test/multiview_blender/thumbdown/IMG_6562/Cam_2.npy,./test/multiview_blender/thumbdown/IMG_6562/Cam_4.npy,./test/multiview_blender/thumbdown/IMG_6562/Cam_5.npy,test
thumbdown,IMG_6564,./test/multiview_blender/thumbdown/IMG_6564/Cam_0.npy,./test/multiview_blender/thumbdown/IMG_6564/Cam_2.npy,./test/multiview_blender/thumbdown/IMG_6564/Cam_4.npy,./test/multiview_blender/thumbdown/IMG_6564/Cam_5.npy,test
thumbdown,IMG_6565,./test/multiview_blender/thumbdown/IMG_6565/Cam_0.npy,./test/multiview_blender/thumbdown/IMG_6565/Cam_2.npy,./test/multiview_blender/thumbdown/IMG_6565/Cam_4.npy,./test/multiview_blender/thumbdown/IMG_6565/Cam_5.npy,test
thumbdown,IMG_6601,./test/multiview_blender/thumbdown/IMG_6601/Cam_0.npy,./test/multiview_blender/thumbdown/IMG_6601/Cam_2.npy,./test/multiview_blender/thumbdown/IMG_6601/Cam_4.npy,./test/multiview_blender/thumbdown/IMG_6601/Cam_5.npy,test
thumbdown,IMG_6633,./test/multiview_blender/thumbdown/IMG_6633/Cam_0.npy,./test/multiview_blender/thumbdown/IMG_6633/Cam_2.npy,./test/multiview_blender/thumbdown/IMG_6633/Cam_4.npy,./test/multiview_blender/thumbdown/IMG_6633/Cam_5.npy,test
thumbdown,IMG_6634,./test/multiview_blender/thumbdown/IMG_6634/Cam_0.npy,./test/multiview_blender/thumbdown/IMG_6634/Cam_2.npy,./test/multiview_blender/thumbdown/IMG_6634/Cam_4.npy,./test/multiview_blender/thumbdown/IMG_6634/Cam_5.npy,test
thumbdown,IMG_6635,./test/multiview_blender/thumbdown/IMG_6635/Cam_0.npy,./test/multiview_blender/thumbdown/IMG_6635/Cam_2.npy,./test/multiview_blender/thumbdown/IMG_6635/Cam_4.npy,./test/multiview_blender/thumbdown/IMG_6635/Cam_5.npy,test
thumbdown,IMG_6636,./test/multiview_blender/thumbdown/IMG_6636/Cam_0.npy,./test/multiview_blender/thumbdown/IMG_6636/Cam_2.npy,./test/multiview_blender/thumbdown/IMG_6636/Cam_4.npy,./test/multiview_blender/thumbdown/IMG_6636/Cam_5.npy,test
thumbdown,IMG_6742,./test/multiview_blender/thumbdown/IMG_6742/Cam_0.npy,./test/multiview_blender/thumbdown/IMG_6742/Cam_2.npy,./test/multiview_blender/thumbdown/IMG_6742/Cam_4.npy,./test/multiview_blender/thumbdown/IMG_6742/Cam_5.npy,test
thumbdown,IMG_6747,./test/multiview_blender/thumbdown/IMG_6747/Cam_0.npy,./test/multiview_blender/thumbdown/IMG_6747/Cam_2.npy,./test/multiview_blender/thumbdown/IMG_6747/Cam_4.npy,./test/multiview_blender/thumbdown/IMG_6747/Cam_5.npy,test
thumbdown,IMG_6749,./test/multiview_blender/thumbdown/IMG_6749/Cam_0.npy,./test/multiview_blender/thumbdown/IMG_6749/Cam_2.npy,./test/multiview_blender/thumbdown/IMG_6749/Cam_4.npy,./test/multiview_blender/thumbdown/IMG_6749/Cam_5.npy,test
thumbdown,IMG_6811,./test/multiview_blender/thumbdown/IMG_6811/Cam_0.npy,./test/multiview_blender/thumbdown/IMG_6811/Cam_2.npy,./test/multiview_blender/thumbdown/IMG_6811/Cam_4.npy,./test/multiview_blender/thumbdown/IMG_6811/Cam_5.npy,test
thumbdown,IMG_6813,./test/multiview_blender/thumbdown/IMG_6813/Cam_0.npy,./test/multiview_blender/thumbdown/IMG_6813/Cam_2.npy,./test/multiview_blender/thumbdown/IMG_6813/Cam_4.npy,./test/multiview_blender/thumbdown/IMG_6813/Cam_5.npy,test
thumbdown,IMG_6814,./test/multiview_blender/thumbdown/IMG_6814/Cam_0.npy,./test/multiview_blender/thumbdown/IMG_6814/Cam_2.npy,./test/multiview_blender/thumbdown/IMG_6814/Cam_4.npy,./test/multiview_blender/thumbdown/IMG_6814/Cam_5.npy,test
thumbdown,IMG_6841,./test/multiview_blender/thumbdown/IMG_6841/Cam_0.npy,./test/multiview_blender/thumbdown/IMG_6841/Cam_2.npy,./test/multiview_blender/thumbdown/IMG_6841/Cam_4.npy,./test/multiview_blender/thumbdown/IMG_6841/Cam_5.npy,test
thumbdown,IMG_6878,./test/multiview_blender/thumbdown/IMG_6878/Cam_0.npy,./test/multiview_blender/thumbdown/IMG_6878/Cam_2.npy,./test/multiview_blender/thumbdown/IMG_6878/Cam_4.npy,./test/multiview_blender/thumbdown/IMG_6878/Cam_5.npy,test
thumbdown,IMG_6879,./test/multiview_blender/thumbdown/IMG_6879/Cam_0.npy,./test/multiview_blender/thumbdown/IMG_6879/Cam_2.npy,./test/multiview_blender/thumbdown/IMG_6879/Cam_4.npy,./test/multiview_blender/thumbdown/IMG_6879/Cam_5.npy,test
thumbdown,IMG_6896,./test/multiview_blender/thumbdown/IMG_6896/Cam_0.npy,./test/multiview_blender/thumbdown/IMG_6896/Cam_2.npy,./test/multiview_blender/thumbdown/IMG_6896/Cam_4.npy,./test/multiview_blender/thumbdown/IMG_6896/Cam_5.npy,test
thumbdown,IMG_6898,./test/multiview_blender/thumbdown/IMG_6898/Cam_0.npy,./test/multiview_blender/thumbdown/IMG_6898/Cam_2.npy,./test/multiview_blender/thumbdown/IMG_6898/Cam_4.npy,./test/multiview_blender/thumbdown/IMG_6898/Cam_5.npy,test
thumbdown,IMG_6946,./test/multiview_blender/thumbdown/IMG_6946/Cam_0.npy,./test/multiview_blender/thumbdown/IMG_6946/Cam_2.npy,./test/multiview_blender/thumbdown/IMG_6946/Cam_4.npy,./test/multiview_blender/thumbdown/IMG_6946/Cam_5.npy,test
thumbdown,IMG_6947,./test/multiview_blender/thumbdown/IMG_6947/Cam_0.npy,./test/multiview_blender/thumbdown/IMG_6947/Cam_2.npy,./test/multiview_blender/thumbdown/IMG_6947/Cam_4.npy,./test/multiview_blender/thumbdown/IMG_6947/Cam_5.npy,test
thumbdown,IMG_6976,./test/multiview_blender/thumbdown/IMG_6976/Cam_0.npy,./test/multiview_blender/thumbdown/IMG_6976/Cam_2.npy,./test/multiview_blender/thumbdown/IMG_6976/Cam_4.npy,./test/multiview_blender/thumbdown/IMG_6976/Cam_5.npy,test
thumbdown,IMG_7044,./test/multiview_blender/thumbdown/IMG_7044/Cam_0.npy,./test/multiview_blender/thumbdown/IMG_7044/Cam_2.npy,./test/multiview_blender/thumbdown/IMG_7044/Cam_4.npy,./test/multiview_blender/thumbdown/IMG_7044/Cam_5.npy,test
thumbdown,IMG_7048,./test/multiview_blender/thumbdown/IMG_7048/Cam_0.npy,./test/multiview_blender/thumbdown/IMG_7048/Cam_2.npy,./test/multiview_blender/thumbdown/IMG_7048/Cam_4.npy,./test/multiview_blender/thumbdown/IMG_7048/Cam_5.npy,test
thumbdown,IMG_7079,./test/multiview_blender/thumbdown/IMG_7079/Cam_0.npy,./test/multiview_blender/thumbdown/IMG_7079/Cam_2.npy,./test/multiview_blender/thumbdown/IMG_7079/Cam_4.npy,./test/multiview_blender/thumbdown/IMG_7079/Cam_5.npy,test
thumbdown,IMG_7081,./test/multiview_blender/thumbdown/IMG_7081/Cam_0.npy,./test/multiview_blender/thumbdown/IMG_7081/Cam_2.npy,./test/multiview_blender/thumbdown/IMG_7081/Cam_4.npy,./test/multiview_blender/thumbdown/IMG_7081/Cam_5.npy,test
thumbdown,IMG_7236,./test/multiview_blender/thumbdown/IMG_7236/Cam_0.npy,./test/multiview_blender/thumbdown/IMG_7236/Cam_2.npy,./test/multiview_blender/thumbdown/IMG_7236/Cam_4.npy,./test/multiview_blender/thumbdown/IMG_7236/Cam_5.npy,test
thumbdown,IMG_7267,./test/multiview_blender/thumbdown/IMG_7267/Cam_0.npy,./test/multiview_blender/thumbdown/IMG_7267/Cam_2.npy,./test/multiview_blender/thumbdown/IMG_7267/Cam_4.npy,./test/multiview_blender/thumbdown/IMG_7267/Cam_5.npy,test
thumbdown,IMG_7268,./test/multiview_blender/thumbdown/IMG_7268/Cam_0.npy,./test/multiview_blender/thumbdown/IMG_7268/Cam_2.npy,./test/multiview_blender/thumbdown/IMG_7268/Cam_4.npy,./test/multiview_blender/thumbdown/IMG_7268/Cam_5.npy,test
thumbdown,IMG_7297,./test/multiview_blender/thumbdown/IMG_7297/Cam_0.npy,./test/multiview_blender/thumbdown/IMG_7297/Cam_2.npy,./test/multiview_blender/thumbdown/IMG_7297/Cam_4.npy,./test/multiview_blender/thumbdown/IMG_7297/Cam_5.npy,test
thumbdown,IMG_7330,./test/multiview_blender/thumbdown/IMG_7330/Cam_0.npy,./test/multiview_blender/thumbdown/IMG_7330/Cam_2.npy,./test/multiview_blender/thumbdown/IMG_7330/Cam_4.npy,./test/multiview_blender/thumbdown/IMG_7330/Cam_5.npy,test
thumbdown,IMG_7331,./test/multiview_blender/thumbdown/IMG_7331/Cam_0.npy,./test/multiview_blender/thumbdown/IMG_7331/Cam_2.npy,./test/multiview_blender/thumbdown/IMG_7331/Cam_4.npy,./test/multiview_blender/thumbdown/IMG_7331/Cam_5.npy,test
thumbdown,IMG_7388,./test/multiview_blender/thumbdown/IMG_7388/Cam_0.npy,./test/multiview_blender/thumbdown/IMG_7388/Cam_2.npy,./test/multiview_blender/thumbdown/IMG_7388/Cam_4.npy,./test/multiview_blender/thumbdown/IMG_7388/Cam_5.npy,test
thumbdown,IMG_7424,./test/multiview_blender/thumbdown/IMG_7424/Cam_0.npy,./test/multiview_blender/thumbdown/IMG_7424/Cam_2.npy,./test/multiview_blender/thumbdown/IMG_7424/Cam_4.npy,./test/multiview_blender/thumbdown/IMG_7424/Cam_5.npy,test
thumbdown,IMG_7426,./test/multiview_blender/thumbdown/IMG_7426/Cam_0.npy,./test/multiview_blender/thumbdown/IMG_7426/Cam_2.npy,./test/multiview_blender/thumbdown/IMG_7426/Cam_4.npy,./test/multiview_blender/thumbdown/IMG_7426/Cam_5.npy,test
thumbdown,IMG_7457,./test/multiview_blender/thumbdown/IMG_7457/Cam_0.npy,./test/multiview_blender/thumbdown/IMG_7457/Cam_2.npy,./test/multiview_blender/thumbdown/IMG_7457/Cam_4.npy,./test/multiview_blender/thumbdown/IMG_7457/Cam_5.npy,test
thumbdown,IMG_7459,./test/multiview_blender/thumbdown/IMG_7459/Cam_0.npy,./test/multiview_blender/thumbdown/IMG_7459/Cam_2.npy,./test/multiview_blender/thumbdown/IMG_7459/Cam_4.npy,./test/multiview_blender/thumbdown/IMG_7459/Cam_5.npy,test
thumbdown,IMG_7557,./test/multiview_blender/thumbdown/IMG_7557/Cam_0.npy,./test/multiview_blender/thumbdown/IMG_7557/Cam_2.npy,./test/multiview_blender/thumbdown/IMG_7557/Cam_4.npy,./test/multiview_blender/thumbdown/IMG_7557/Cam_5.npy,test
thumbdown,IMG_7625,./test/multiview_blender/thumbdown/IMG_7625/Cam_0.npy,./test/multiview_blender/thumbdown/IMG_7625/Cam_2.npy,./test/multiview_blender/thumbdown/IMG_7625/Cam_4.npy,./test/multiview_blender/thumbdown/IMG_7625/Cam_5.npy,test
thumbup,IMG_6293,./test/multiview_blender/thumbup/IMG_6293/Cam_0.npy,./test/multiview_blender/thumbup/IMG_6293/Cam_2.npy,./test/multiview_blender/thumbup/IMG_6293/Cam_4.npy,./test/multiview_blender/thumbup/IMG_6293/Cam_5.npy,test
thumbup,IMG_6295,./test/multiview_blender/thumbup/IMG_6295/Cam_0.npy,./test/multiview_blender/thumbup/IMG_6295/Cam_2.npy,./test/multiview_blender/thumbup/IMG_6295/Cam_4.npy,./test/multiview_blender/thumbup/IMG_6295/Cam_5.npy,test
thumbup,IMG_6331,./test/multiview_blender/thumbup/IMG_6331/Cam_0.npy,./test/multiview_blender/thumbup/IMG_6331/Cam_2.npy,./test/multiview_blender/thumbup/IMG_6331/Cam_4.npy,./test/multiview_blender/thumbup/IMG_6331/Cam_5.npy,test
thumbup,IMG_6332,./test/multiview_blender/thumbup/IMG_6332/Cam_0.npy,./test/multiview_blender/thumbup/IMG_6332/Cam_2.npy,./test/multiview_blender/thumbup/IMG_6332/Cam_4.npy,./test/multiview_blender/thumbup/IMG_6332/Cam_5.npy,test
thumbup,IMG_6334,./test/multiview_blender/thumbup/IMG_6334/Cam_0.npy,./test/multiview_blender/thumbup/IMG_6334/Cam_2.npy,./test/multiview_blender/thumbup/IMG_6334/Cam_4.npy,./test/multiview_blender/thumbup/IMG_6334/Cam_5.npy,test
thumbup,IMG_6374,./test/multiview_blender/thumbup/IMG_6374/Cam_0.npy,./test/multiview_blender/thumbup/IMG_6374/Cam_2.npy,./test/multiview_blender/thumbup/IMG_6374/Cam_4.npy,./test/multiview_blender/thumbup/IMG_6374/Cam_5.npy,test
thumbup,IMG_6375,./test/multiview_blender/thumbup/IMG_6375/Cam_0.npy,./test/multiview_blender/thumbup/IMG_6375/Cam_2.npy,./test/multiview_blender/thumbup/IMG_6375/Cam_4.npy,./test/multiview_blender/thumbup/IMG_6375/Cam_5.npy,test
thumbup,IMG_6402,./test/multiview_blender/thumbup/IMG_6402/Cam_0.npy,./test/multiview_blender/thumbup/IMG_6402/Cam_2.npy,./test/multiview_blender/thumbup/IMG_6402/Cam_4.npy,./test/multiview_blender/thumbup/IMG_6402/Cam_5.npy,test
thumbup,IMG_6403,./test/multiview_blender/thumbup/IMG_6403/Cam_0.npy,./test/multiview_blender/thumbup/IMG_6403/Cam_2.npy,./test/multiview_blender/thumbup/IMG_6403/Cam_4.npy,./test/multiview_blender/thumbup/IMG_6403/Cam_5.npy,test
thumbup,IMG_6438,./test/multiview_blender/thumbup/IMG_6438/Cam_0.npy,./test/multiview_blender/thumbup/IMG_6438/Cam_2.npy,./test/multiview_blender/thumbup/IMG_6438/Cam_4.npy,./test/multiview_blender/thumbup/IMG_6438/Cam_5.npy,test
thumbup,IMG_6477,./test/multiview_blender/thumbup/IMG_6477/Cam_0.npy,./test/multiview_blender/thumbup/IMG_6477/Cam_2.npy,./test/multiview_blender/thumbup/IMG_6477/Cam_4.npy,./test/multiview_blender/thumbup/IMG_6477/Cam_5.npy,test
thumbup,IMG_6479,./test/multiview_blender/thumbup/IMG_6479/Cam_0.npy,./test/multiview_blender/thumbup/IMG_6479/Cam_2.npy,./test/multiview_blender/thumbup/IMG_6479/Cam_4.npy,./test/multiview_blender/thumbup/IMG_6479/Cam_5.npy,test
thumbup,IMG_6480,./test/multiview_blender/thumbup/IMG_6480/Cam_0.npy,./test/multiview_blender/thumbup/IMG_6480/Cam_2.npy,./test/multiview_blender/thumbup/IMG_6480/Cam_4.npy,./test/multiview_blender/thumbup/IMG_6480/Cam_5.npy,test
thumbup,IMG_6521,./test/multiview_blender/thumbup/IMG_6521/Cam_0.npy,./test/multiview_blender/thumbup/IMG_6521/Cam_2.npy,./test/multiview_blender/thumbup/IMG_6521/Cam_4.npy,./test/multiview_blender/thumbup/IMG_6521/Cam_5.npy,test
thumbup,IMG_6537,./test/multiview_blender/thumbup/IMG_6537/Cam_0.npy,./test/multiview_blender/thumbup/IMG_6537/Cam_2.npy,./test/multiview_blender/thumbup/IMG_6537/Cam_4.npy,./test/multiview_blender/thumbup/IMG_6537/Cam_5.npy,test
thumbup,IMG_6557,./test/multiview_blender/thumbup/IMG_6557/Cam_0.npy,./test/multiview_blender/thumbup/IMG_6557/Cam_2.npy,./test/multiview_blender/thumbup/IMG_6557/Cam_4.npy,./test/multiview_blender/thumbup/IMG_6557/Cam_5.npy,test
thumbup,IMG_6558,./test/multiview_blender/thumbup/IMG_6558/Cam_0.npy,./test/multiview_blender/thumbup/IMG_6558/Cam_2.npy,./test/multiview_blender/thumbup/IMG_6558/Cam_4.npy,./test/multiview_blender/thumbup/IMG_6558/Cam_5.npy,test
thumbup,IMG_6596,./test/multiview_blender/thumbup/IMG_6596/Cam_0.npy,./test/multiview_blender/thumbup/IMG_6596/Cam_2.npy,./test/multiview_blender/thumbup/IMG_6596/Cam_4.npy,./test/multiview_blender/thumbup/IMG_6596/Cam_5.npy,test
thumbup,IMG_6663,./test/multiview_blender/thumbup/IMG_6663/Cam_0.npy,./test/multiview_blender/thumbup/IMG_6663/Cam_2.npy,./test/multiview_blender/thumbup/IMG_6663/Cam_4.npy,./test/multiview_blender/thumbup/IMG_6663/Cam_5.npy,test
thumbup,IMG_6664,./test/multiview_blender/thumbup/IMG_6664/Cam_0.npy,./test/multiview_blender/thumbup/IMG_6664/Cam_2.npy,./test/multiview_blender/thumbup/IMG_6664/Cam_4.npy,./test/multiview_blender/thumbup/IMG_6664/Cam_5.npy,test
thumbup,IMG_6667,./test/multiview_blender/thumbup/IMG_6667/Cam_0.npy,./test/multiview_blender/thumbup/IMG_6667/Cam_2.npy,./test/multiview_blender/thumbup/IMG_6667/Cam_4.npy,./test/multiview_blender/thumbup/IMG_6667/Cam_5.npy,test
thumbup,IMG_6682,./test/multiview_blender/thumbup/IMG_6682/Cam_0.npy,./test/multiview_blender/thumbup/IMG_6682/Cam_2.npy,./test/multiview_blender/thumbup/IMG_6682/Cam_4.npy,./test/multiview_blender/thumbup/IMG_6682/Cam_5.npy,test
thumbup,IMG_6686,./test/multiview_blender/thumbup/IMG_6686/Cam_0.npy,./test/multiview_blender/thumbup/IMG_6686/Cam_2.npy,./test/multiview_blender/thumbup/IMG_6686/Cam_4.npy,./test/multiview_blender/thumbup/IMG_6686/Cam_5.npy,test
thumbup,IMG_6688,./test/multiview_blender/thumbup/IMG_6688/Cam_0.npy,./test/multiview_blender/thumbup/IMG_6688/Cam_2.npy,./test/multiview_blender/thumbup/IMG_6688/Cam_4.npy,./test/multiview_blender/thumbup/IMG_6688/Cam_5.npy,test
thumbup,IMG_6689,./test/multiview_blender/thumbup/IMG_6689/Cam_0.npy,./test/multiview_blender/thumbup/IMG_6689/Cam_2.npy,./test/multiview_blender/thumbup/IMG_6689/Cam_4.npy,./test/multiview_blender/thumbup/IMG_6689/Cam_5.npy,test
thumbup,IMG_6745,./test/multiview_blender/thumbup/IMG_6745/Cam_0.npy,./test/multiview_blender/thumbup/IMG_6745/Cam_2.npy,./test/multiview_blender/thumbup/IMG_6745/Cam_4.npy,./test/multiview_blender/thumbup/IMG_6745/Cam_5.npy,test
thumbup,IMG_6776,./test/multiview_blender/thumbup/IMG_6776/Cam_0.npy,./test/multiview_blender/thumbup/IMG_6776/Cam_2.npy,./test/multiview_blender/thumbup/IMG_6776/Cam_4.npy,./test/multiview_blender/thumbup/IMG_6776/Cam_5.npy,test
thumbup,IMG_6809,./test/multiview_blender/thumbup/IMG_6809/Cam_0.npy,./test/multiview_blender/thumbup/IMG_6809/Cam_2.npy,./test/multiview_blender/thumbup/IMG_6809/Cam_4.npy,./test/multiview_blender/thumbup/IMG_6809/Cam_5.npy,test
thumbup,IMG_6810,./test/multiview_blender/thumbup/IMG_6810/Cam_0.npy,./test/multiview_blender/thumbup/IMG_6810/Cam_2.npy,./test/multiview_blender/thumbup/IMG_6810/Cam_4.npy,./test/multiview_blender/thumbup/IMG_6810/Cam_5.npy,test
thumbup,IMG_6840,./test/multiview_blender/thumbup/IMG_6840/Cam_0.npy,./test/multiview_blender/thumbup/IMG_6840/Cam_2.npy,./test/multiview_blender/thumbup/IMG_6840/Cam_4.npy,./test/multiview_blender/thumbup/IMG_6840/Cam_5.npy,test
thumbup,IMG_6875,./test/multiview_blender/thumbup/IMG_6875/Cam_0.npy,./test/multiview_blender/thumbup/IMG_6875/Cam_2.npy,./test/multiview_blender/thumbup/IMG_6875/Cam_4.npy,./test/multiview_blender/thumbup/IMG_6875/Cam_5.npy,test
thumbup,IMG_6886,./test/multiview_blender/thumbup/IMG_6886/Cam_0.npy,./test/multiview_blender/thumbup/IMG_6886/Cam_2.npy,./test/multiview_blender/thumbup/IMG_6886/Cam_4.npy,./test/multiview_blender/thumbup/IMG_6886/Cam_5.npy,test
thumbup,IMG_6887,./test/multiview_blender/thumbup/IMG_6887/Cam_0.npy,./test/multiview_blender/thumbup/IMG_6887/Cam_2.npy,./test/multiview_blender/thumbup/IMG_6887/Cam_4.npy,./test/multiview_blender/thumbup/IMG_6887/Cam_5.npy,test
thumbup,IMG_6889,./test/multiview_blender/thumbup/IMG_6889/Cam_0.npy,./test/multiview_blender/thumbup/IMG_6889/Cam_2.npy,./test/multiview_blender/thumbup/IMG_6889/Cam_4.npy,./test/multiview_blender/thumbup/IMG_6889/Cam_5.npy,test
thumbup,IMG_6941,./test/multiview_blender/thumbup/IMG_6941/Cam_0.npy,./test/multiview_blender/thumbup/IMG_6941/Cam_2.npy,./test/multiview_blender/thumbup/IMG_6941/Cam_4.npy,./test/multiview_blender/thumbup/IMG_6941/Cam_5.npy,test
thumbup,IMG_6943,./test/multiview_blender/thumbup/IMG_6943/Cam_0.npy,./test/multiview_blender/thumbup/IMG_6943/Cam_2.npy,./test/multiview_blender/thumbup/IMG_6943/Cam_4.npy,./test/multiview_blender/thumbup/IMG_6943/Cam_5.npy,test
thumbup,IMG_6971,./test/multiview_blender/thumbup/IMG_6971/Cam_0.npy,./test/multiview_blender/thumbup/IMG_6971/Cam_2.npy,./test/multiview_blender/thumbup/IMG_6971/Cam_4.npy,./test/multiview_blender/thumbup/IMG_6971/Cam_5.npy,test
thumbup,IMG_7005,./test/multiview_blender/thumbup/IMG_7005/Cam_0.npy,./test/multiview_blender/thumbup/IMG_7005/Cam_2.npy,./test/multiview_blender/thumbup/IMG_7005/Cam_4.npy,./test/multiview_blender/thumbup/IMG_7005/Cam_5.npy,test
thumbup,IMG_7006,./test/multiview_blender/thumbup/IMG_7006/Cam_0.npy,./test/multiview_blender/thumbup/IMG_7006/Cam_2.npy,./test/multiview_blender/thumbup/IMG_7006/Cam_4.npy,./test/multiview_blender/thumbup/IMG_7006/Cam_5.npy,test
thumbup,IMG_7008,./test/multiview_blender/thumbup/IMG_7008/Cam_0.npy,./test/multiview_blender/thumbup/IMG_7008/Cam_2.npy,./test/multiview_blender/thumbup/IMG_7008/Cam_4.npy,./test/multiview_blender/thumbup/IMG_7008/Cam_5.npy,test
thumbup,IMG_7039,./test/multiview_blender/thumbup/IMG_7039/Cam_0.npy,./test/multiview_blender/thumbup/IMG_7039/Cam_2.npy,./test/multiview_blender/thumbup/IMG_7039/Cam_4.npy,./test/multiview_blender/thumbup/IMG_7039/Cam_5.npy,test
thumbup,IMG_7041,./test/multiview_blender/thumbup/IMG_7041/Cam_0.npy,./test/multiview_blender/thumbup/IMG_7041/Cam_2.npy,./test/multiview_blender/thumbup/IMG_7041/Cam_4.npy,./test/multiview_blender/thumbup/IMG_7041/Cam_5.npy,test
thumbup,IMG_7042,./test/multiview_blender/thumbup/IMG_7042/Cam_0.npy,./test/multiview_blender/thumbup/IMG_7042/Cam_2.npy,./test/multiview_blender/thumbup/IMG_7042/Cam_4.npy,./test/multiview_blender/thumbup/IMG_7042/Cam_5.npy,test
thumbup,IMG_7074,./test/multiview_blender/thumbup/IMG_7074/Cam_0.npy,./test/multiview_blender/thumbup/IMG_7074/Cam_2.npy,./test/multiview_blender/thumbup/IMG_7074/Cam_4.npy,./test/multiview_blender/thumbup/IMG_7074/Cam_5.npy,test
thumbup,IMG_7263,./test/multiview_blender/thumbup/IMG_7263/Cam_0.npy,./test/multiview_blender/thumbup/IMG_7263/Cam_2.npy,./test/multiview_blender/thumbup/IMG_7263/Cam_4.npy,./test/multiview_blender/thumbup/IMG_7263/Cam_5.npy,test
thumbup,IMG_7326,./test/multiview_blender/thumbup/IMG_7326/Cam_0.npy,./test/multiview_blender/thumbup/IMG_7326/Cam_2.npy,./test/multiview_blender/thumbup/IMG_7326/Cam_4.npy,./test/multiview_blender/thumbup/IMG_7326/Cam_5.npy,test
thumbup,IMG_7361,./test/multiview_blender/thumbup/IMG_7361/Cam_0.npy,./test/multiview_blender/thumbup/IMG_7361/Cam_2.npy,./test/multiview_blender/thumbup/IMG_7361/Cam_4.npy,./test/multiview_blender/thumbup/IMG_7361/Cam_5.npy,test
thumbup,IMG_7384,./test/multiview_blender/thumbup/IMG_7384/Cam_0.npy,./test/multiview_blender/thumbup/IMG_7384/Cam_2.npy,./test/multiview_blender/thumbup/IMG_7384/Cam_4.npy,./test/multiview_blender/thumbup/IMG_7384/Cam_5.npy,test
thumbup,IMG_7453,./test/multiview_blender/thumbup/IMG_7453/Cam_0.npy,./test/multiview_blender/thumbup/IMG_7453/Cam_2.npy,./test/multiview_blender/thumbup/IMG_7453/Cam_4.npy,./test/multiview_blender/thumbup/IMG_7453/Cam_5.npy,test
thumbup,IMG_7487,./test/multiview_blender/thumbup/IMG_7487/Cam_0.npy,./test/multiview_blender/thumbup/IMG_7487/Cam_2.npy,./test/multiview_blender/thumbup/IMG_7487/Cam_4.npy,./test/multiview_blender/thumbup/IMG_7487/Cam_5.npy,test
thumbup,IMG_7556,./test/multiview_blender/thumbup/IMG_7556/Cam_0.npy,./test/multiview_blender/thumbup/IMG_7556/Cam_2.npy,./test/multiview_blender/thumbup/IMG_7556/Cam_4.npy,./test/multiview_blender/thumbup/IMG_7556/Cam_5.npy,test
thumbup,IMG_7621,./test/multiview_blender/thumbup/IMG_7621/Cam_0.npy,./test/multiview_blender/thumbup/IMG_7621/Cam_2.npy,./test/multiview_blender/thumbup/IMG_7621/Cam_4.npy,./test/multiview_blender/thumbup/IMG_7621/Cam_5.npy,test
thumbup,IMG_7622,./test/multiview_blender/thumbup/IMG_7622/Cam_0.npy,./test/multiview_blender/thumbup/IMG_7622/Cam_2.npy,./test/multiview_blender/thumbup/IMG_7622/Cam_4.npy,./test/multiview_blender/thumbup/IMG_7622/Cam_5.npy,test
thumbup,IMG_7623,./test/multiview_blender/thumbup/IMG_7623/Cam_0.npy,./test/multiview_blender/thumbup/IMG_7623/Cam_2.npy,./test/multiview_blender/thumbup/IMG_7623/Cam_4.npy,./test/multiview_blender/thumbup/IMG_7623/Cam_5.npy,test
thumbup,IMG_7727,./test/multiview_blender/thumbup/IMG_7727/Cam_0.npy,./test/multiview_blender/thumbup/IMG_7727/Cam_2.npy,./test/multiview_blender/thumbup/IMG_7727/Cam_4.npy,./test/multiview_blender/thumbup/IMG_7727/Cam_5.npy,test
thumbup,IMG_7760,./test/multiview_blender/thumbup/IMG_7760/Cam_0.npy,./test/multiview_blender/thumbup/IMG_7760/Cam_2.npy,./test/multiview_blender/thumbup/IMG_7760/Cam_4.npy,./test/multiview_blender/thumbup/IMG_7760/Cam_5.npy,test
thumbup,IMG_7787,./test/multiview_blender/thumbup/IMG_7787/Cam_0.npy,./test/multiview_blender/thumbup/IMG_7787/Cam_2.npy,./test/multiview_blender/thumbup/IMG_7787/Cam_4.npy,./test/multiview_blender/thumbup/IMG_7787/Cam_5.npy,test
thumbup,IMG_7788,./test/multiview_blender/thumbup/IMG_7788/Cam_0.npy,./test/multiview_blender/thumbup/IMG_7788/Cam_2.npy,./test/multiview_blender/thumbup/IMG_7788/Cam_4.npy,./test/multiview_blender/thumbup/IMG_7788/Cam_5.npy,test
thumbup,IMG_7789,./test/multiview_blender/thumbup/IMG_7789/Cam_0.npy,./test/multiview_blender/thumbup/IMG_7789/Cam_2.npy,./test/multiview_blender/thumbup/IMG_7789/Cam_4.npy,./test/multiview_blender/thumbup/IMG_7789/Cam_5.npy,test
thumbup,IMG_7790,./test/multiview_blender/thumbup/IMG_7790/Cam_0.npy,./test/multiview_blender/thumbup/IMG_7790/Cam_2.npy,./test/multiview_blender/thumbup/IMG_7790/Cam_4.npy,./test/multiview_blender/thumbup/IMG_7790/Cam_5.npy,test
thumbup,IMG_7860,./test/multiview_blender/thumbup/IMG_7860/Cam_0.npy,./test/multiview_blender/thumbup/IMG_7860/Cam_2.npy,./test/multiview_blender/thumbup/IMG_7860/Cam_4.npy,./test/multiview_blender/thumbup/IMG_7860/Cam_5.npy,test
thumbup,IMG_7894,./test/multiview_blender/thumbup/IMG_7894/Cam_0.npy,./test/multiview_blender/thumbup/IMG_7894/Cam_2.npy,./test/multiview_blender/thumbup/IMG_7894/Cam_4.npy,./test/multiview_blender/thumbup/IMG_7894/Cam_5.npy,test
thumbup,IMG_8020,./test/multiview_blender/thumbup/IMG_8020/Cam_0.npy,./test/multiview_blender/thumbup/IMG_8020/Cam_2.npy,./test/multiview_blender/thumbup/IMG_8020/Cam_4.npy,./test/multiview_blender/thumbup/IMG_8020/Cam_5.npy,test
thumbup,IMG_8113,./test/multiview_blender/thumbup/IMG_8113/Cam_0.npy,./test/multiview_blender/thumbup/IMG_8113/Cam_2.npy,./test/multiview_blender/thumbup/IMG_8113/Cam_4.npy,./test/multiview_blender/thumbup/IMG_8113/Cam_5.npy,test
thumbup,IMG_8117,./test/multiview_blender/thumbup/IMG_8117/Cam_0.npy,./test/multiview_blender/thumbup/IMG_8117/Cam_2.npy,./test/multiview_blender/thumbup/IMG_8117/Cam_4.npy,./test/multiview_blender/thumbup/IMG_8117/Cam_5.npy,test
thumbup,IMG_8145,./test/multiview_blender/thumbup/IMG_8145/Cam_0.npy,./test/multiview_blender/thumbup/IMG_8145/Cam_2.npy,./test/multiview_blender/thumbup/IMG_8145/Cam_4.npy,./test/multiview_blender/thumbup/IMG_8145/Cam_5.npy,test
thumbup,IMG_8146,./test/multiview_blender/thumbup/IMG_8146/Cam_0.npy,./test/multiview_blender/thumbup/IMG_8146/Cam_2.npy,./test/multiview_blender/thumbup/IMG_8146/Cam_4.npy,./test/multiview_blender/thumbup/IMG_8146/Cam_5.npy,test
thumbup,IMG_8148,./test/multiview_blender/thumbup/IMG_8148/Cam_0.npy,./test/multiview_blender/thumbup/IMG_8148/Cam_2.npy,./test/multiview_blender/thumbup/IMG_8148/Cam_4.npy,./test/multiview_blender/thumbup/IMG_8148/Cam_5.npy,test
thumbup,IMG_8181,./test/multiview_blender/thumbup/IMG_8181/Cam_0.npy,./test/multiview_blender/thumbup/IMG_8181/Cam_2.npy,./test/multiview_blender/thumbup/IMG_8181/Cam_4.npy,./test/multiview_blender/thumbup/IMG_8181/Cam_5.npy,test
thumbup,IMG_8183,./test/multiview_blender/thumbup/IMG_8183/Cam_0.npy,./test/multiview_blender/thumbup/IMG_8183/Cam_2.npy,./test/multiview_blender/thumbup/IMG_8183/Cam_4.npy,./test/multiview_blender/thumbup/IMG_8183/Cam_5.npy,test
