action,sample_id,input_path,split
rock,rock-set2 (65),./dataset/skeleton_final_v2/rock/rock-set2 (65).npy,train
ok,ok_Set2_ (242),./dataset/skeleton_final_v2/ok/ok_Set2_ (242).npy,train
thumbdown,thumbdown (152),./dataset/skeleton_final_v2/thumbdown/thumbdown (152).npy,train
thumbdown,thumbdown_864,./dataset/skeleton_final_v2/thumbdown/thumbdown_864.npy,train
scissors,scissors-set2 (183),./dataset/skeleton_final_v2/scissors/scissors-set2 (183).npy,train
thumbdown,thumbdown (149),./dataset/skeleton_final_v2/thumbdown/thumbdown (149).npy,train
ok,ok_Set2_ (568),./dataset/skeleton_final_v2/ok/ok_Set2_ (568).npy,train
thumbup,thumbup_6767,./dataset/skeleton_final_v2/thumbup/thumbup_6767.npy,train
the-finger,the-finger-set2 (189),./dataset/skeleton_final_v2/the-finger/the-finger-set2 (189).npy,train
ok,ok_4019,./dataset/skeleton_final_v2/ok/ok_4019.npy,train
the-finger,the-finger_2282,./dataset/skeleton_final_v2/the-finger/the-finger_2282.npy,train
scissors,scissors-set2 (150),./dataset/skeleton_final_v2/scissors/scissors-set2 (150).npy,train
ok,ok_6184,./dataset/skeleton_final_v2/ok/ok_6184.npy,train
thumbdown,thumbdown_6242,./dataset/skeleton_final_v2/thumbdown/thumbdown_6242.npy,train
paper,paper-set2 (233),./dataset/skeleton_final_v2/paper/paper-set2 (233).npy,train
thumbup,thumbup (151),./dataset/skeleton_final_v2/thumbup/thumbup (151).npy,train
thumbup,thumbup (7),./dataset/skeleton_final_v2/thumbup/thumbup (7).npy,train
ok,ok_4100,./dataset/skeleton_final_v2/ok/ok_4100.npy,train
thumbdown,thumbdown (230),./dataset/skeleton_final_v2/thumbdown/thumbdown (230).npy,train
the-finger,the-finger_1357,./dataset/skeleton_final_v2/the-finger/the-finger_1357.npy,train
ok,ok_Set2_ (406),./dataset/skeleton_final_v2/ok/ok_Set2_ (406).npy,train
paper,paper_1854,./dataset/skeleton_final_v2/paper/paper_1854.npy,train
the-finger,the-finger (121),./dataset/skeleton_final_v2/the-finger/the-finger (121).npy,train
scissors,scissors-set2 (320),./dataset/skeleton_final_v2/scissors/scissors-set2 (320).npy,train
ok,ok_6992,./dataset/skeleton_final_v2/ok/ok_6992.npy,train
scissors,scissors (158),./dataset/skeleton_final_v2/scissors/scissors (158).npy,train
scissors,scissors-set2 (573),./dataset/skeleton_final_v2/scissors/scissors-set2 (573).npy,train
thumbdown,thumbdown_8214,./dataset/skeleton_final_v2/thumbdown/thumbdown_8214.npy,train
ok,ok_803,./dataset/skeleton_final_v2/ok/ok_803.npy,train
ok,ok_7674,./dataset/skeleton_final_v2/ok/ok_7674.npy,train
the-finger,the-finger (150),./dataset/skeleton_final_v2/the-finger/the-finger (150).npy,train
the-finger,the-finger_7260,./dataset/skeleton_final_v2/the-finger/the-finger_7260.npy,train
scissors,scissors-set2 (567),./dataset/skeleton_final_v2/scissors/scissors-set2 (567).npy,train
ok,ok_Set2_ (273),./dataset/skeleton_final_v2/ok/ok_Set2_ (273).npy,train
paper,paper_25,./dataset/skeleton_final_v2/paper/paper_25.npy,train
paper,paper_4609,./dataset/skeleton_final_v2/paper/paper_4609.npy,train
paper,paper_2499,./dataset/skeleton_final_v2/paper/paper_2499.npy,train
thumbdown,thumbdown (54),./dataset/skeleton_final_v2/thumbdown/thumbdown (54).npy,train
paper,paper (44),./dataset/skeleton_final_v2/paper/paper (44).npy,train
rock,rock (19),./dataset/skeleton_final_v2/rock/rock (19).npy,train
ok,ok_1197,./dataset/skeleton_final_v2/ok/ok_1197.npy,train
scissors,scissors (74),./dataset/skeleton_final_v2/scissors/scissors (74).npy,train
thumbdown,thumbdown (261),./dataset/skeleton_final_v2/thumbdown/thumbdown (261).npy,train
thumbdown,thumbdown_5311,./dataset/skeleton_final_v2/thumbdown/thumbdown_5311.npy,train
thumbup,thumbup_6002,./dataset/skeleton_final_v2/thumbup/thumbup_6002.npy,train
the-finger,the-finger-set2 (321),./dataset/skeleton_final_v2/the-finger/the-finger-set2 (321).npy,train
thumbdown,thumbdown (37),./dataset/skeleton_final_v2/thumbdown/thumbdown (37).npy,train
thumbup,thumbup (56),./dataset/skeleton_final_v2/thumbup/thumbup (56).npy,train
scissors,scissors-set2 (587),./dataset/skeleton_final_v2/scissors/scissors-set2 (587).npy,train
ok,ok_Set2_ (443),./dataset/skeleton_final_v2/ok/ok_Set2_ (443).npy,train
paper,paper_7968,./dataset/skeleton_final_v2/paper/paper_7968.npy,train
scissors,scissors_6967,./dataset/skeleton_final_v2/scissors/scissors_6967.npy,train
scissors,scissors-set2 (426),./dataset/skeleton_final_v2/scissors/scissors-set2 (426).npy,train
rock,rock (6),./dataset/skeleton_final_v2/rock/rock (6).npy,train
paper,paper (261),./dataset/skeleton_final_v2/paper/paper (261).npy,train
paper,paper-set2 (366),./dataset/skeleton_final_v2/paper/paper-set2 (366).npy,train
the-finger,the-finger_7488,./dataset/skeleton_final_v2/the-finger/the-finger_7488.npy,train
paper,paper-set2 (398),./dataset/skeleton_final_v2/paper/paper-set2 (398).npy,train
scissors,scissors-set2 (664),./dataset/skeleton_final_v2/scissors/scissors-set2 (664).npy,train
ok,ok_7010,./dataset/skeleton_final_v2/ok/ok_7010.npy,train
thumbup,thumbup (314),./dataset/skeleton_final_v2/thumbup/thumbup (314).npy,train
the-finger,the-finger (39),./dataset/skeleton_final_v2/the-finger/the-finger (39).npy,train
thumbup,thumbup (206),./dataset/skeleton_final_v2/thumbup/thumbup (206).npy,train
ok,ok_7685,./dataset/skeleton_final_v2/ok/ok_7685.npy,train
paper,paper-set2 (177),./dataset/skeleton_final_v2/paper/paper-set2 (177).npy,train
thumbup,hand-11-2155,./dataset/skeleton_final_v2/thumbup/hand-11-2155.npy,train
rock,rock-set2 (284),./dataset/skeleton_final_v2/rock/rock-set2 (284).npy,train
thumbdown,thumbdown_2241,./dataset/skeleton_final_v2/thumbdown/thumbdown_2241.npy,train
the-finger,the-finger-set2 (218),./dataset/skeleton_final_v2/the-finger/the-finger-set2 (218).npy,train
the-finger,the-finger_6465,./dataset/skeleton_final_v2/the-finger/the-finger_6465.npy,train
rock,rock_6321,./dataset/skeleton_final_v2/rock/rock_6321.npy,train
paper,paper_4597,./dataset/skeleton_final_v2/paper/paper_4597.npy,train
paper,paper_6707,./dataset/skeleton_final_v2/paper/paper_6707.npy,train
ok,ok_72,./dataset/skeleton_final_v2/ok/ok_72.npy,train
the-finger,the-finger (114),./dataset/skeleton_final_v2/the-finger/the-finger (114).npy,train
scissors,scissors_53,./dataset/skeleton_final_v2/scissors/scissors_53.npy,train
paper,paper-set2 (160),./dataset/skeleton_final_v2/paper/paper-set2 (160).npy,train
thumbdown,thumbdown_4359,./dataset/skeleton_final_v2/thumbdown/thumbdown_4359.npy,train
scissors,scissors-set2 (134),./dataset/skeleton_final_v2/scissors/scissors-set2 (134).npy,train
the-finger,the-finger-set2 (277),./dataset/skeleton_final_v2/the-finger/the-finger-set2 (277).npy,train
thumbdown,thumbdown (216),./dataset/skeleton_final_v2/thumbdown/thumbdown (216).npy,train
thumbdown,thumbdown (198),./dataset/skeleton_final_v2/thumbdown/thumbdown (198).npy,train
the-finger,the-finger (126),./dataset/skeleton_final_v2/the-finger/the-finger (126).npy,train
scissors,scissors (57),./dataset/skeleton_final_v2/scissors/scissors (57).npy,train
thumbup,thumbup_4150,./dataset/skeleton_final_v2/thumbup/thumbup_4150.npy,train
ok,ok_Set2_ (359),./dataset/skeleton_final_v2/ok/ok_Set2_ (359).npy,train
thumbdown,thumbdown_6451,./dataset/skeleton_final_v2/thumbdown/thumbdown_6451.npy,train
scissors,scissors_756,./dataset/skeleton_final_v2/scissors/scissors_756.npy,train
thumbup,thumbup_137,./dataset/skeleton_final_v2/thumbup/thumbup_137.npy,train
ok,ok (119),./dataset/skeleton_final_v2/ok/ok (119).npy,train
paper,paper-set2 (264),./dataset/skeleton_final_v2/paper/paper-set2 (264).npy,train
the-finger,the-finger (7),./dataset/skeleton_final_v2/the-finger/the-finger (7).npy,train
ok,ok (156),./dataset/skeleton_final_v2/ok/ok (156).npy,train
scissors,scissors-set2 (115),./dataset/skeleton_final_v2/scissors/scissors-set2 (115).npy,train
thumbdown,thumbdown_1293,./dataset/skeleton_final_v2/thumbdown/thumbdown_1293.npy,train
paper,paper_2566,./dataset/skeleton_final_v2/paper/paper_2566.npy,train
thumbdown,thumbdown_9018,./dataset/skeleton_final_v2/thumbdown/thumbdown_9018.npy,train
thumbup,thumbup (39),./dataset/skeleton_final_v2/thumbup/thumbup (39).npy,train
the-finger,the-finger_7496,./dataset/skeleton_final_v2/the-finger/the-finger_7496.npy,train
paper,paper-set2 (200),./dataset/skeleton_final_v2/paper/paper-set2 (200).npy,train
thumbdown,thumbdown (96),./dataset/skeleton_final_v2/thumbdown/thumbdown (96).npy,train
rock,rock-set2 (605),./dataset/skeleton_final_v2/rock/rock-set2 (605).npy,train
the-finger,the-finger-set2 (338),./dataset/skeleton_final_v2/the-finger/the-finger-set2 (338).npy,train
thumbdown,thumbdown_554,./dataset/skeleton_final_v2/thumbdown/thumbdown_554.npy,train
scissors,scissors (268),./dataset/skeleton_final_v2/scissors/scissors (268).npy,train
thumbdown,hand-9-2125,./dataset/skeleton_final_v2/thumbdown/hand-9-2125.npy,train
ok,ok (13),./dataset/skeleton_final_v2/ok/ok (13).npy,train
ok,ok (34),./dataset/skeleton_final_v2/ok/ok (34).npy,train
thumbup,thumbup_6759,./dataset/skeleton_final_v2/thumbup/thumbup_6759.npy,train
the-finger,the-finger_7479,./dataset/skeleton_final_v2/the-finger/the-finger_7479.npy,train
the-finger,the-finger-set2 (9),./dataset/skeleton_final_v2/the-finger/the-finger-set2 (9).npy,train
scissors,scissors (328),./dataset/skeleton_final_v2/scissors/scissors (328).npy,train
paper,paper-set2 (211),./dataset/skeleton_final_v2/paper/paper-set2 (211).npy,train
paper,paper_2479,./dataset/skeleton_final_v2/paper/paper_2479.npy,train
paper,paper (258),./dataset/skeleton_final_v2/paper/paper (258).npy,train
paper,paper_727,./dataset/skeleton_final_v2/paper/paper_727.npy,train
thumbup,hand-10-2105,./dataset/skeleton_final_v2/thumbup/hand-10-2105.npy,train
the-finger,the-finger-set2 (105),./dataset/skeleton_final_v2/the-finger/the-finger-set2 (105).npy,train
rock,rock-set2 (567),./dataset/skeleton_final_v2/rock/rock-set2 (567).npy,train
the-finger,the-finger-set2 (193),./dataset/skeleton_final_v2/the-finger/the-finger-set2 (193).npy,train
rock,rock (188),./dataset/skeleton_final_v2/rock/rock (188).npy,train
rock,rock-set2 (170),./dataset/skeleton_final_v2/rock/rock-set2 (170).npy,train
thumbup,thumbup_2071,./dataset/skeleton_final_v2/thumbup/thumbup_2071.npy,train
scissors,scissors_3880,./dataset/skeleton_final_v2/scissors/scissors_3880.npy,train
ok,ok_Set2_ (96),./dataset/skeleton_final_v2/ok/ok_Set2_ (96).npy,train
scissors,scissors-set2 (623),./dataset/skeleton_final_v2/scissors/scissors-set2 (623).npy,train
the-finger,the-finger_6075,./dataset/skeleton_final_v2/the-finger/the-finger_6075.npy,train
thumbup,thumbup (460),./dataset/skeleton_final_v2/thumbup/thumbup (460).npy,train
paper,paper-set2 (143),./dataset/skeleton_final_v2/paper/paper-set2 (143).npy,train
the-finger,the-finger-set2 (418),./dataset/skeleton_final_v2/the-finger/the-finger-set2 (418).npy,train
thumbup,thumbup_8108,./dataset/skeleton_final_v2/thumbup/thumbup_8108.npy,train
ok,ok_7676,./dataset/skeleton_final_v2/ok/ok_7676.npy,train
the-finger,the-finger (27),./dataset/skeleton_final_v2/the-finger/the-finger (27).npy,train
paper,paper (183),./dataset/skeleton_final_v2/paper/paper (183).npy,train
paper,paper_5475,./dataset/skeleton_final_v2/paper/paper_5475.npy,train
scissors,scissors (308),./dataset/skeleton_final_v2/scissors/scissors (308).npy,train
scissors,scissors-set2 (611),./dataset/skeleton_final_v2/scissors/scissors-set2 (611).npy,train
rock,rock-set2 (162),./dataset/skeleton_final_v2/rock/rock-set2 (162).npy,train
thumbup,thumbup (109),./dataset/skeleton_final_v2/thumbup/thumbup (109).npy,train
thumbdown,thumbdown_5344,./dataset/skeleton_final_v2/thumbdown/thumbdown_5344.npy,train
ok,ok_Set2_ (533),./dataset/skeleton_final_v2/ok/ok_Set2_ (533).npy,train
rock,rock-set2 (592),./dataset/skeleton_final_v2/rock/rock-set2 (592).npy,train
ok,ok_2017,./dataset/skeleton_final_v2/ok/ok_2017.npy,train
rock,rock-set2 (481),./dataset/skeleton_final_v2/rock/rock-set2 (481).npy,train
paper,paper_7308,./dataset/skeleton_final_v2/paper/paper_7308.npy,train
thumbup,hand-10-2595,./dataset/skeleton_final_v2/thumbup/hand-10-2595.npy,train
paper,paper-set2 (276),./dataset/skeleton_final_v2/paper/paper-set2 (276).npy,train
the-finger,the-finger-set2 (153),./dataset/skeleton_final_v2/the-finger/the-finger-set2 (153).npy,train
ok,ok (229),./dataset/skeleton_final_v2/ok/ok (229).npy,train
thumbdown,thumbdown_4420,./dataset/skeleton_final_v2/thumbdown/thumbdown_4420.npy,train
paper,paper_719,./dataset/skeleton_final_v2/paper/paper_719.npy,train
rock,rock-set2 (59),./dataset/skeleton_final_v2/rock/rock-set2 (59).npy,train
ok,ok_Set2_ (322),./dataset/skeleton_final_v2/ok/ok_Set2_ (322).npy,train
thumbup,thumbup (289),./dataset/skeleton_final_v2/thumbup/thumbup (289).npy,train
thumbdown,hand-9-2005,./dataset/skeleton_final_v2/thumbdown/hand-9-2005.npy,train
rock,rock_7513,./dataset/skeleton_final_v2/rock/rock_7513.npy,train
paper,paper (40),./dataset/skeleton_final_v2/paper/paper (40).npy,train
thumbup,thumbup_8124,./dataset/skeleton_final_v2/thumbup/thumbup_8124.npy,train
ok,ok (126),./dataset/skeleton_final_v2/ok/ok (126).npy,train
paper,paper-set2 (72),./dataset/skeleton_final_v2/paper/paper-set2 (72).npy,train
paper,paper-set2 (156),./dataset/skeleton_final_v2/paper/paper-set2 (156).npy,train
scissors,scissors (333),./dataset/skeleton_final_v2/scissors/scissors (333).npy,train
thumbdown,thumbdown (136),./dataset/skeleton_final_v2/thumbdown/thumbdown (136).npy,train
scissors,scissors-set2 (480),./dataset/skeleton_final_v2/scissors/scissors-set2 (480).npy,train
the-finger,the-finger-set2 (409),./dataset/skeleton_final_v2/the-finger/the-finger-set2 (409).npy,train
the-finger,the-finger-set2 (403),./dataset/skeleton_final_v2/the-finger/the-finger-set2 (403).npy,train
thumbdown,thumbdown (260),./dataset/skeleton_final_v2/thumbdown/thumbdown (260).npy,train
ok,ok_Set2_ (535),./dataset/skeleton_final_v2/ok/ok_Set2_ (535).npy,train
ok,ok_6180,./dataset/skeleton_final_v2/ok/ok_6180.npy,train
scissors,scissors_6372,./dataset/skeleton_final_v2/scissors/scissors_6372.npy,train
rock,rock-set2 (202),./dataset/skeleton_final_v2/rock/rock-set2 (202).npy,train
thumbup,thumbup (242),./dataset/skeleton_final_v2/thumbup/thumbup (242).npy,train
rock,rock-set2 (16),./dataset/skeleton_final_v2/rock/rock-set2 (16).npy,train
the-finger,the-finger_5644,./dataset/skeleton_final_v2/the-finger/the-finger_5644.npy,train
thumbdown,thumbdown_1313,./dataset/skeleton_final_v2/thumbdown/thumbdown_1313.npy,train
thumbup,thumbup_4200,./dataset/skeleton_final_v2/thumbup/thumbup_4200.npy,train
thumbup,thumbup_6764,./dataset/skeleton_final_v2/thumbup/thumbup_6764.npy,train
thumbdown,thumbdown (19),./dataset/skeleton_final_v2/thumbdown/thumbdown (19).npy,train
the-finger,the-finger_3523,./dataset/skeleton_final_v2/the-finger/the-finger_3523.npy,train
paper,paper (114),./dataset/skeleton_final_v2/paper/paper (114).npy,train
scissors,scissors_6166,./dataset/skeleton_final_v2/scissors/scissors_6166.npy,train
thumbup,hand-10-2535,./dataset/skeleton_final_v2/thumbup/hand-10-2535.npy,train
scissors,scissors-set2 (248),./dataset/skeleton_final_v2/scissors/scissors-set2 (248).npy,train
ok,ok_Set2_ (513),./dataset/skeleton_final_v2/ok/ok_Set2_ (513).npy,train
thumbdown,hand-9-1930,./dataset/skeleton_final_v2/thumbdown/hand-9-1930.npy,train
rock,rock-set2 (340),./dataset/skeleton_final_v2/rock/rock-set2 (340).npy,train
scissors,scissors-set2 (730),./dataset/skeleton_final_v2/scissors/scissors-set2 (730).npy,train
scissors,scissors-set2 (577),./dataset/skeleton_final_v2/scissors/scissors-set2 (577).npy,train
scissors,scissors-set2 (333),./dataset/skeleton_final_v2/scissors/scissors-set2 (333).npy,train
the-finger,the-finger_7072,./dataset/skeleton_final_v2/the-finger/the-finger_7072.npy,train
scissors,scissors-set2 (393),./dataset/skeleton_final_v2/scissors/scissors-set2 (393).npy,train
ok,ok_2725,./dataset/skeleton_final_v2/ok/ok_2725.npy,train
scissors,scissors-set2 (317),./dataset/skeleton_final_v2/scissors/scissors-set2 (317).npy,train
thumbup,thumbup_143,./dataset/skeleton_final_v2/thumbup/thumbup_143.npy,train
scissors,scissors (71),./dataset/skeleton_final_v2/scissors/scissors (71).npy,train
ok,ok_Set2_ (446),./dataset/skeleton_final_v2/ok/ok_Set2_ (446).npy,train
paper,paper-set2 (502),./dataset/skeleton_final_v2/paper/paper-set2 (502).npy,train
paper,paper_2545,./dataset/skeleton_final_v2/paper/paper_2545.npy,train
paper,paper (237),./dataset/skeleton_final_v2/paper/paper (237).npy,train
the-finger,the-finger (38),./dataset/skeleton_final_v2/the-finger/the-finger (38).npy,train
thumbdown,thumbdown (58),./dataset/skeleton_final_v2/thumbdown/thumbdown (58).npy,train
the-finger,the-finger (155),./dataset/skeleton_final_v2/the-finger/the-finger (155).npy,train
scissors,scissors (177),./dataset/skeleton_final_v2/scissors/scissors (177).npy,train
thumbdown,thumbdown_1331,./dataset/skeleton_final_v2/thumbdown/thumbdown_1331.npy,train
thumbup,thumbup (67),./dataset/skeleton_final_v2/thumbup/thumbup (67).npy,train
the-finger,the-finger_5355,./dataset/skeleton_final_v2/the-finger/the-finger_5355.npy,train
rock,rock-set2 (435),./dataset/skeleton_final_v2/rock/rock-set2 (435).npy,train
the-finger,the-finger-set2 (19),./dataset/skeleton_final_v2/the-finger/the-finger-set2 (19).npy,train
thumbdown,thumbdown (170),./dataset/skeleton_final_v2/thumbdown/thumbdown (170).npy,train
thumbdown,thumbdown (306),./dataset/skeleton_final_v2/thumbdown/thumbdown (306).npy,train
paper,paper-set2 (443),./dataset/skeleton_final_v2/paper/paper-set2 (443).npy,train
scissors,scissors-set2 (37),./dataset/skeleton_final_v2/scissors/scissors-set2 (37).npy,train
scissors,scissors-set2 (273),./dataset/skeleton_final_v2/scissors/scissors-set2 (273).npy,train
ok,ok_Set2_ (278),./dataset/skeleton_final_v2/ok/ok_Set2_ (278).npy,train
paper,paper (259),./dataset/skeleton_final_v2/paper/paper (259).npy,train
paper,paper_4568,./dataset/skeleton_final_v2/paper/paper_4568.npy,train
ok,ok_6577,./dataset/skeleton_final_v2/ok/ok_6577.npy,train
paper,paper-set2 (271),./dataset/skeleton_final_v2/paper/paper-set2 (271).npy,train
thumbdown,thumbdown_6832,./dataset/skeleton_final_v2/thumbdown/thumbdown_6832.npy,train
ok,ok (147),./dataset/skeleton_final_v2/ok/ok (147).npy,train
ok,ok_2960,./dataset/skeleton_final_v2/ok/ok_2960.npy,train
paper,paper_2550,./dataset/skeleton_final_v2/paper/paper_2550.npy,train
thumbdown,thumbdown (36),./dataset/skeleton_final_v2/thumbdown/thumbdown (36).npy,train
scissors,scissors_6953,./dataset/skeleton_final_v2/scissors/scissors_6953.npy,train
thumbup,thumbup (474),./dataset/skeleton_final_v2/thumbup/thumbup (474).npy,train
ok,ok (107),./dataset/skeleton_final_v2/ok/ok (107).npy,train
thumbdown,thumbdown_5605,./dataset/skeleton_final_v2/thumbdown/thumbdown_5605.npy,train
thumbup,hand-7-1485,./dataset/skeleton_final_v2/thumbup/hand-7-1485.npy,train
thumbdown,hand-10-2215,./dataset/skeleton_final_v2/thumbdown/hand-10-2215.npy,train
thumbup,thumbup (76),./dataset/skeleton_final_v2/thumbup/thumbup (76).npy,train
ok,ok_Set2_ (346),./dataset/skeleton_final_v2/ok/ok_Set2_ (346).npy,train
the-finger,the-finger_9438,./dataset/skeleton_final_v2/the-finger/the-finger_9438.npy,train
thumbdown,thumbdown_7225,./dataset/skeleton_final_v2/thumbdown/thumbdown_7225.npy,train
thumbup,thumbup (105),./dataset/skeleton_final_v2/thumbup/thumbup (105).npy,train
scissors,scissors-set2 (269),./dataset/skeleton_final_v2/scissors/scissors-set2 (269).npy,train
ok,ok_Set2_ (438),./dataset/skeleton_final_v2/ok/ok_Set2_ (438).npy,train
scissors,scissors-set2 (223),./dataset/skeleton_final_v2/scissors/scissors-set2 (223).npy,train
scissors,scissors-set2 (52),./dataset/skeleton_final_v2/scissors/scissors-set2 (52).npy,train
ok,ok_Set2_ (480),./dataset/skeleton_final_v2/ok/ok_Set2_ (480).npy,train
thumbdown,hand-9-1990,./dataset/skeleton_final_v2/thumbdown/hand-9-1990.npy,train
ok,ok_Set2_ (254),./dataset/skeleton_final_v2/ok/ok_Set2_ (254).npy,train
paper,paper_5442,./dataset/skeleton_final_v2/paper/paper_5442.npy,train
scissors,scissors_8456,./dataset/skeleton_final_v2/scissors/scissors_8456.npy,train
thumbup,thumbup_5790,./dataset/skeleton_final_v2/thumbup/thumbup_5790.npy,train
thumbup,thumbup (126),./dataset/skeleton_final_v2/thumbup/thumbup (126).npy,train
scissors,scissors-set2 (746),./dataset/skeleton_final_v2/scissors/scissors-set2 (746).npy,train
paper,paper_5893,./dataset/skeleton_final_v2/paper/paper_5893.npy,train
scissors,scissors_5504,./dataset/skeleton_final_v2/scissors/scissors_5504.npy,train
scissors,scissors_6552,./dataset/skeleton_final_v2/scissors/scissors_6552.npy,train
the-finger,the-finger-set2 (89),./dataset/skeleton_final_v2/the-finger/the-finger-set2 (89).npy,train
scissors,scissors-set2 (197),./dataset/skeleton_final_v2/scissors/scissors-set2 (197).npy,train
paper,paper (101),./dataset/skeleton_final_v2/paper/paper (101).npy,train
paper,paper-set2 (55),./dataset/skeleton_final_v2/paper/paper-set2 (55).npy,train
paper,paper-set2 (262),./dataset/skeleton_final_v2/paper/paper-set2 (262).npy,train
thumbup,thumbup (271),./dataset/skeleton_final_v2/thumbup/thumbup (271).npy,train
rock,rock-set2 (570),./dataset/skeleton_final_v2/rock/rock-set2 (570).npy,train
paper,paper-set2 (456),./dataset/skeleton_final_v2/paper/paper-set2 (456).npy,train
thumbdown,thumbdown (179),./dataset/skeleton_final_v2/thumbdown/thumbdown (179).npy,train
the-finger,the-finger-set2 (433),./dataset/skeleton_final_v2/the-finger/the-finger-set2 (433).npy,train
ok,ok_Set2_ (34),./dataset/skeleton_final_v2/ok/ok_Set2_ (34).npy,train
paper,paper_8426,./dataset/skeleton_final_v2/paper/paper_8426.npy,train
the-finger,the-finger-set2 (99),./dataset/skeleton_final_v2/the-finger/the-finger-set2 (99).npy,train
paper,paper-set2 (369),./dataset/skeleton_final_v2/paper/paper-set2 (369).npy,train
ok,ok_Set2_ (139),./dataset/skeleton_final_v2/ok/ok_Set2_ (139).npy,train
ok,ok_Set2_ (488),./dataset/skeleton_final_v2/ok/ok_Set2_ (488).npy,train
the-finger,the-finger-set2 (179),./dataset/skeleton_final_v2/the-finger/the-finger-set2 (179).npy,train
ok,ok (196),./dataset/skeleton_final_v2/ok/ok (196).npy,train
thumbdown,hand-9-2115,./dataset/skeleton_final_v2/thumbdown/hand-9-2115.npy,train
paper,paper-set2 (268),./dataset/skeleton_final_v2/paper/paper-set2 (268).npy,train
rock,rock-set2 (521),./dataset/skeleton_final_v2/rock/rock-set2 (521).npy,train
rock,rock-set2 (606),./dataset/skeleton_final_v2/rock/rock-set2 (606).npy,train
thumbdown,thumbdown (302),./dataset/skeleton_final_v2/thumbdown/thumbdown (302).npy,train
scissors,scissors-set2 (540),./dataset/skeleton_final_v2/scissors/scissors-set2 (540).npy,train
thumbdown,thumbdown (193),./dataset/skeleton_final_v2/thumbdown/thumbdown (193).npy,train
rock,rock-set2 (45),./dataset/skeleton_final_v2/rock/rock-set2 (45).npy,train
ok,ok (149),./dataset/skeleton_final_v2/ok/ok (149).npy,train
paper,paper (248),./dataset/skeleton_final_v2/paper/paper (248).npy,train
ok,ok_5538,./dataset/skeleton_final_v2/ok/ok_5538.npy,train
paper,paper (149),./dataset/skeleton_final_v2/paper/paper (149).npy,train
thumbdown,hand-10-615,./dataset/skeleton_final_v2/thumbdown/hand-10-615.npy,train
ok,ok_Set2_ (127),./dataset/skeleton_final_v2/ok/ok_Set2_ (127).npy,train
thumbup,thumbup (496),./dataset/skeleton_final_v2/thumbup/thumbup (496).npy,train
paper,paper_7952,./dataset/skeleton_final_v2/paper/paper_7952.npy,train
paper,paper_3782,./dataset/skeleton_final_v2/paper/paper_3782.npy,train
the-finger,the-finger-set2 (442),./dataset/skeleton_final_v2/the-finger/the-finger-set2 (442).npy,train
paper,paper_33,./dataset/skeleton_final_v2/paper/paper_33.npy,train
ok,ok_Set2_ (140),./dataset/skeleton_final_v2/ok/ok_Set2_ (140).npy,train
the-finger,the-finger-set2 (18),./dataset/skeleton_final_v2/the-finger/the-finger-set2 (18).npy,train
the-finger,the-finger_5392,./dataset/skeleton_final_v2/the-finger/the-finger_5392.npy,train
thumbup,hand-10-1960,./dataset/skeleton_final_v2/thumbup/hand-10-1960.npy,train
ok,ok_Set2_ (375),./dataset/skeleton_final_v2/ok/ok_Set2_ (375).npy,train
paper,paper-set2 (231),./dataset/skeleton_final_v2/paper/paper-set2 (231).npy,train
the-finger,the-finger_5856,./dataset/skeleton_final_v2/the-finger/the-finger_5856.npy,train
rock,rock-set2 (145),./dataset/skeleton_final_v2/rock/rock-set2 (145).npy,train
scissors,scissors_6561,./dataset/skeleton_final_v2/scissors/scissors_6561.npy,train
ok,ok_Set2_ (447),./dataset/skeleton_final_v2/ok/ok_Set2_ (447).npy,train
scissors,scissors-set2 (10),./dataset/skeleton_final_v2/scissors/scissors-set2 (10).npy,train
paper,paper (12),./dataset/skeleton_final_v2/paper/paper (12).npy,train
thumbup,thumbup (246),./dataset/skeleton_final_v2/thumbup/thumbup (246).npy,train
scissors,scissors-set2 (551),./dataset/skeleton_final_v2/scissors/scissors-set2 (551).npy,train
scissors,scissors_6541,./dataset/skeleton_final_v2/scissors/scissors_6541.npy,train
rock,rock_6890,./dataset/skeleton_final_v2/rock/rock_6890.npy,train
rock,rock (238),./dataset/skeleton_final_v2/rock/rock (238).npy,train
scissors,scissors_4630,./dataset/skeleton_final_v2/scissors/scissors_4630.npy,train
thumbdown,thumbdown_4422,./dataset/skeleton_final_v2/thumbdown/thumbdown_4422.npy,train
scissors,scissors_6163,./dataset/skeleton_final_v2/scissors/scissors_6163.npy,train
ok,ok_8872,./dataset/skeleton_final_v2/ok/ok_8872.npy,train
scissors,scissors (138),./dataset/skeleton_final_v2/scissors/scissors (138).npy,train
thumbup,hand-9-1625,./dataset/skeleton_final_v2/thumbup/hand-9-1625.npy,train
thumbup,thumbup (343),./dataset/skeleton_final_v2/thumbup/thumbup (343).npy,train
scissors,scissors (264),./dataset/skeleton_final_v2/scissors/scissors (264).npy,train
the-finger,the-finger (37),./dataset/skeleton_final_v2/the-finger/the-finger (37).npy,train
ok,ok (35),./dataset/skeleton_final_v2/ok/ok (35).npy,train
paper,paper_741,./dataset/skeleton_final_v2/paper/paper_741.npy,train
thumbup,thumbup_7033,./dataset/skeleton_final_v2/thumbup/thumbup_7033.npy,train
scissors,scissors_6744,./dataset/skeleton_final_v2/scissors/scissors_6744.npy,train
rock,rock-set2 (433),./dataset/skeleton_final_v2/rock/rock-set2 (433).npy,train
the-finger,the-finger_1734,./dataset/skeleton_final_v2/the-finger/the-finger_1734.npy,train
scissors,scissors-set2 (136),./dataset/skeleton_final_v2/scissors/scissors-set2 (136).npy,train
thumbup,thumbup_8930,./dataset/skeleton_final_v2/thumbup/thumbup_8930.npy,train
paper,paper_2568,./dataset/skeleton_final_v2/paper/paper_2568.npy,train
ok,ok_5961,./dataset/skeleton_final_v2/ok/ok_5961.npy,train
thumbup,hand-9-1655,./dataset/skeleton_final_v2/thumbup/hand-9-1655.npy,train
paper,paper_5169,./dataset/skeleton_final_v2/paper/paper_5169.npy,train
scissors,scissors (298),./dataset/skeleton_final_v2/scissors/scissors (298).npy,train
ok,ok_Set2_ (69),./dataset/skeleton_final_v2/ok/ok_Set2_ (69).npy,train
thumbdown,thumbdown (317),./dataset/skeleton_final_v2/thumbdown/thumbdown (317).npy,train
the-finger,the-finger-set2 (219),./dataset/skeleton_final_v2/the-finger/the-finger-set2 (219).npy,train
rock,rock_5080,./dataset/skeleton_final_v2/rock/rock_5080.npy,train
paper,paper-set2 (281),./dataset/skeleton_final_v2/paper/paper-set2 (281).npy,train
scissors,scissors (240),./dataset/skeleton_final_v2/scissors/scissors (240).npy,train
thumbdown,thumbdown (308),./dataset/skeleton_final_v2/thumbdown/thumbdown (308).npy,train
ok,ok_7677,./dataset/skeleton_final_v2/ok/ok_7677.npy,train
rock,rock (197),./dataset/skeleton_final_v2/rock/rock (197).npy,train
thumbdown,thumbdown (27),./dataset/skeleton_final_v2/thumbdown/thumbdown (27).npy,train
scissors,scissors-set2 (153),./dataset/skeleton_final_v2/scissors/scissors-set2 (153).npy,train
scissors,scissors-set2 (733),./dataset/skeleton_final_v2/scissors/scissors-set2 (733).npy,train
thumbdown,thumbdown (258),./dataset/skeleton_final_v2/thumbdown/thumbdown (258).npy,train
paper,paper-set2 (265),./dataset/skeleton_final_v2/paper/paper-set2 (265).npy,train
ok,ok_Set2_ (39),./dataset/skeleton_final_v2/ok/ok_Set2_ (39).npy,train
ok,ok_Set2_ (223),./dataset/skeleton_final_v2/ok/ok_Set2_ (223).npy,train
paper,paper_722,./dataset/skeleton_final_v2/paper/paper_722.npy,train
ok,ok_1207,./dataset/skeleton_final_v2/ok/ok_1207.npy,train
the-finger,the-finger_9440,./dataset/skeleton_final_v2/the-finger/the-finger_9440.npy,train
ok,ok_2892,./dataset/skeleton_final_v2/ok/ok_2892.npy,train
paper,paper_5906,./dataset/skeleton_final_v2/paper/paper_5906.npy,train
the-finger,the-finger_2308,./dataset/skeleton_final_v2/the-finger/the-finger_2308.npy,train
paper,paper_3827,./dataset/skeleton_final_v2/paper/paper_3827.npy,train
thumbup,thumbup_5794,./dataset/skeleton_final_v2/thumbup/thumbup_5794.npy,train
paper,paper (38),./dataset/skeleton_final_v2/paper/paper (38).npy,train
paper,paper_1436,./dataset/skeleton_final_v2/paper/paper_1436.npy,train
thumbup,thumbup_6416,./dataset/skeleton_final_v2/thumbup/thumbup_6416.npy,train
scissors,scissors-set2 (286),./dataset/skeleton_final_v2/scissors/scissors-set2 (286).npy,train
thumbup,thumbup (375),./dataset/skeleton_final_v2/thumbup/thumbup (375).npy,train
thumbup,thumbup_7212,./dataset/skeleton_final_v2/thumbup/thumbup_7212.npy,train
scissors,scissors-set2 (205),./dataset/skeleton_final_v2/scissors/scissors-set2 (205).npy,train
the-finger,the-finger_3470,./dataset/skeleton_final_v2/the-finger/the-finger_3470.npy,train
scissors,scissors_6738,./dataset/skeleton_final_v2/scissors/scissors_6738.npy,train
ok,ok_9230,./dataset/skeleton_final_v2/ok/ok_9230.npy,train
ok,ok_Set2_ (211),./dataset/skeleton_final_v2/ok/ok_Set2_ (211).npy,train
paper,paper-set2 (309),./dataset/skeleton_final_v2/paper/paper-set2 (309).npy,train
thumbup,thumbup_3014,./dataset/skeleton_final_v2/thumbup/thumbup_3014.npy,train
thumbup,thumbup_9336,./dataset/skeleton_final_v2/thumbup/thumbup_9336.npy,train
scissors,scissors-set2 (653),./dataset/skeleton_final_v2/scissors/scissors-set2 (653).npy,train
rock,rock-set2 (210),./dataset/skeleton_final_v2/rock/rock-set2 (210).npy,train
scissors,scissors-set2 (479),./dataset/skeleton_final_v2/scissors/scissors-set2 (479).npy,train
the-finger,the-finger_9062,./dataset/skeleton_final_v2/the-finger/the-finger_9062.npy,train
the-finger,the-finger_7822,./dataset/skeleton_final_v2/the-finger/the-finger_7822.npy,train
ok,ok_6170,./dataset/skeleton_final_v2/ok/ok_6170.npy,train
thumbdown,thumbdown (30),./dataset/skeleton_final_v2/thumbdown/thumbdown (30).npy,train
thumbup,thumbup (212),./dataset/skeleton_final_v2/thumbup/thumbup (212).npy,train
thumbdown,thumbdown_4426,./dataset/skeleton_final_v2/thumbdown/thumbdown_4426.npy,train
thumbdown,thumbdown_6837,./dataset/skeleton_final_v2/thumbdown/thumbdown_6837.npy,train
thumbup,thumbup (283),./dataset/skeleton_final_v2/thumbup/thumbup (283).npy,train
paper,paper-set2 (395),./dataset/skeleton_final_v2/paper/paper-set2 (395).npy,train
thumbup,hand-9-1760,./dataset/skeleton_final_v2/thumbup/hand-9-1760.npy,train
ok,ok_1947,./dataset/skeleton_final_v2/ok/ok_1947.npy,train
paper,paper-set2 (27),./dataset/skeleton_final_v2/paper/paper-set2 (27).npy,train
scissors,scissors-set2 (126),./dataset/skeleton_final_v2/scissors/scissors-set2 (126).npy,train
thumbdown,thumbdown_5336,./dataset/skeleton_final_v2/thumbdown/thumbdown_5336.npy,train
the-finger,the-finger_6282,./dataset/skeleton_final_v2/the-finger/the-finger_6282.npy,train
scissors,scissors_765,./dataset/skeleton_final_v2/scissors/scissors_765.npy,train
scissors,scissors (493),./dataset/skeleton_final_v2/scissors/scissors (493).npy,train
scissors,scissors_6378,./dataset/skeleton_final_v2/scissors/scissors_6378.npy,train
ok,ok (261),./dataset/skeleton_final_v2/ok/ok (261).npy,train
thumbup,thumbup (447),./dataset/skeleton_final_v2/thumbup/thumbup (447).npy,train
thumbup,thumbup (362),./dataset/skeleton_final_v2/thumbup/thumbup (362).npy,train
scissors,scissors_2595,./dataset/skeleton_final_v2/scissors/scissors_2595.npy,train
scissors,scissors-set2 (593),./dataset/skeleton_final_v2/scissors/scissors-set2 (593).npy,train
thumbdown,thumbdown (139),./dataset/skeleton_final_v2/thumbdown/thumbdown (139).npy,train
scissors,scissors_7671,./dataset/skeleton_final_v2/scissors/scissors_7671.npy,train
scissors,scissors-set2 (85),./dataset/skeleton_final_v2/scissors/scissors-set2 (85).npy,train
paper,paper-set2 (225),./dataset/skeleton_final_v2/paper/paper-set2 (225).npy,train
paper,paper-set2 (88),./dataset/skeleton_final_v2/paper/paper-set2 (88).npy,train
paper,paper-set2 (10),./dataset/skeleton_final_v2/paper/paper-set2 (10).npy,train
scissors,scissors (372),./dataset/skeleton_final_v2/scissors/scissors (372).npy,train
thumbup,thumbup_2043,./dataset/skeleton_final_v2/thumbup/thumbup_2043.npy,train
paper,paper_6914,./dataset/skeleton_final_v2/paper/paper_6914.npy,train
thumbdown,thumbdown (44),./dataset/skeleton_final_v2/thumbdown/thumbdown (44).npy,train
thumbup,thumbup (367),./dataset/skeleton_final_v2/thumbup/thumbup (367).npy,train
scissors,scissors-set2 (12),./dataset/skeleton_final_v2/scissors/scissors-set2 (12).npy,train
the-finger,the-finger_2256,./dataset/skeleton_final_v2/the-finger/the-finger_2256.npy,train
ok,ok_Set2_ (3),./dataset/skeleton_final_v2/ok/ok_Set2_ (3).npy,train
the-finger,the-finger-set2 (365),./dataset/skeleton_final_v2/the-finger/the-finger-set2 (365).npy,train
ok,ok_Set2_ (280),./dataset/skeleton_final_v2/ok/ok_Set2_ (280).npy,train
paper,paper-set2 (19),./dataset/skeleton_final_v2/paper/paper-set2 (19).npy,train
scissors,scissors (469),./dataset/skeleton_final_v2/scissors/scissors (469).npy,train
thumbup,thumbup (369),./dataset/skeleton_final_v2/thumbup/thumbup (369).npy,train
thumbdown,thumbdown_4414,./dataset/skeleton_final_v2/thumbdown/thumbdown_4414.npy,train
thumbdown,thumbdown (141),./dataset/skeleton_final_v2/thumbdown/thumbdown (141).npy,train
thumbdown,thumbdown (88),./dataset/skeleton_final_v2/thumbdown/thumbdown (88).npy,train
paper,paper-set2 (32),./dataset/skeleton_final_v2/paper/paper-set2 (32).npy,train
paper,paper-set2 (375),./dataset/skeleton_final_v2/paper/paper-set2 (375).npy,train
scissors,scissors (19),./dataset/skeleton_final_v2/scissors/scissors (19).npy,train
scissors,scissors-set2 (432),./dataset/skeleton_final_v2/scissors/scissors-set2 (432).npy,train
paper,paper_1822,./dataset/skeleton_final_v2/paper/paper_1822.npy,train
paper,paper-set2 (397),./dataset/skeleton_final_v2/paper/paper-set2 (397).npy,train
thumbup,hand-7-1440,./dataset/skeleton_final_v2/thumbup/hand-7-1440.npy,train
scissors,scissors-set2 (300),./dataset/skeleton_final_v2/scissors/scissors-set2 (300).npy,train
thumbdown,thumbdown_5601,./dataset/skeleton_final_v2/thumbdown/thumbdown_5601.npy,train
thumbup,thumbup (153),./dataset/skeleton_final_v2/thumbup/thumbup (153).npy,train
ok,ok (128),./dataset/skeleton_final_v2/ok/ok (128).npy,train
paper,paper (76),./dataset/skeleton_final_v2/paper/paper (76).npy,train
rock,rock_6682,./dataset/skeleton_final_v2/rock/rock_6682.npy,train
thumbdown,hand-9-2015,./dataset/skeleton_final_v2/thumbdown/hand-9-2015.npy,train
paper,paper_6339,./dataset/skeleton_final_v2/paper/paper_6339.npy,train
ok,ok_2747,./dataset/skeleton_final_v2/ok/ok_2747.npy,train
the-finger,the-finger_6271,./dataset/skeleton_final_v2/the-finger/the-finger_6271.npy,train
thumbdown,thumbdown (231),./dataset/skeleton_final_v2/thumbdown/thumbdown (231).npy,train
the-finger,the-finger_2244,./dataset/skeleton_final_v2/the-finger/the-finger_2244.npy,train
scissors,scissors (56),./dataset/skeleton_final_v2/scissors/scissors (56).npy,train
rock,rock (3),./dataset/skeleton_final_v2/rock/rock (3).npy,train
thumbup,thumbup (178),./dataset/skeleton_final_v2/thumbup/thumbup (178).npy,train
thumbdown,thumbdown_5833,./dataset/skeleton_final_v2/thumbdown/thumbdown_5833.npy,train
ok,ok_Set2_ (449),./dataset/skeleton_final_v2/ok/ok_Set2_ (449).npy,train
ok,ok_Set2_ (385),./dataset/skeleton_final_v2/ok/ok_Set2_ (385).npy,train
paper,paper_4603,./dataset/skeleton_final_v2/paper/paper_4603.npy,train
scissors,scissors_759,./dataset/skeleton_final_v2/scissors/scissors_759.npy,train
paper,paper_714,./dataset/skeleton_final_v2/paper/paper_714.npy,train
thumbdown,thumbdown_5298,./dataset/skeleton_final_v2/thumbdown/thumbdown_5298.npy,train
paper,paper-set2 (322),./dataset/skeleton_final_v2/paper/paper-set2 (322).npy,train
thumbup,thumbup (485),./dataset/skeleton_final_v2/thumbup/thumbup (485).npy,train
thumbup,thumbup_7204,./dataset/skeleton_final_v2/thumbup/thumbup_7204.npy,train
the-finger,the-finger-set2 (394),./dataset/skeleton_final_v2/the-finger/the-finger-set2 (394).npy,train
the-finger,the-finger-set2 (349),./dataset/skeleton_final_v2/the-finger/the-finger-set2 (349).npy,train
ok,ok (248),./dataset/skeleton_final_v2/ok/ok (248).npy,train
rock,rock-set2 (308),./dataset/skeleton_final_v2/rock/rock-set2 (308).npy,train
ok,ok_Set2_ (330),./dataset/skeleton_final_v2/ok/ok_Set2_ (330).npy,train
thumbup,hand-11-2315,./dataset/skeleton_final_v2/thumbup/hand-11-2315.npy,train
scissors,scissors-set2 (394),./dataset/skeleton_final_v2/scissors/scissors-set2 (394).npy,train
paper,paper-set2 (112),./dataset/skeleton_final_v2/paper/paper-set2 (112).npy,train
the-finger,the-finger (136),./dataset/skeleton_final_v2/the-finger/the-finger (136).npy,train
scissors,scissors_6377,./dataset/skeleton_final_v2/scissors/scissors_6377.npy,train
thumbup,thumbup_7197,./dataset/skeleton_final_v2/thumbup/thumbup_7197.npy,train
scissors,scissors_6740,./dataset/skeleton_final_v2/scissors/scissors_6740.npy,train
thumbup,thumbup (96),./dataset/skeleton_final_v2/thumbup/thumbup (96).npy,train
thumbup,thumbup_7058,./dataset/skeleton_final_v2/thumbup/thumbup_7058.npy,train
scissors,scissors_1081,./dataset/skeleton_final_v2/scissors/scissors_1081.npy,train
scissors,scissors (117),./dataset/skeleton_final_v2/scissors/scissors (117).npy,train
ok,ok_5772,./dataset/skeleton_final_v2/ok/ok_5772.npy,train
the-finger,the-finger_7478,./dataset/skeleton_final_v2/the-finger/the-finger_7478.npy,train
paper,paper-set2 (488),./dataset/skeleton_final_v2/paper/paper-set2 (488).npy,train
thumbdown,thumbdown (327),./dataset/skeleton_final_v2/thumbdown/thumbdown (327).npy,train
the-finger,the-finger_2264,./dataset/skeleton_final_v2/the-finger/the-finger_2264.npy,train
the-finger,the-finger-set2 (419),./dataset/skeleton_final_v2/the-finger/the-finger-set2 (419).npy,train
the-finger,the-finger_8288,./dataset/skeleton_final_v2/the-finger/the-finger_8288.npy,train
paper,paper_5453,./dataset/skeleton_final_v2/paper/paper_5453.npy,train
scissors,scissors-set2 (745),./dataset/skeleton_final_v2/scissors/scissors-set2 (745).npy,train
thumbdown,thumbdown_7451,./dataset/skeleton_final_v2/thumbdown/thumbdown_7451.npy,train
scissors,scissors (497),./dataset/skeleton_final_v2/scissors/scissors (497).npy,train
thumbdown,hand-11-800,./dataset/skeleton_final_v2/thumbdown/hand-11-800.npy,train
scissors,scissors_5740,./dataset/skeleton_final_v2/scissors/scissors_5740.npy,train
scissors,scissors-set2 (645),./dataset/skeleton_final_v2/scissors/scissors-set2 (645).npy,train
ok,ok_2753,./dataset/skeleton_final_v2/ok/ok_2753.npy,train
thumbdown,thumbdown_6812,./dataset/skeleton_final_v2/thumbdown/thumbdown_6812.npy,train
paper,paper_9126,./dataset/skeleton_final_v2/paper/paper_9126.npy,train
the-finger,the-finger_7824,./dataset/skeleton_final_v2/the-finger/the-finger_7824.npy,train
paper,paper-set2 (261),./dataset/skeleton_final_v2/paper/paper-set2 (261).npy,train
thumbdown,thumbdown (189),./dataset/skeleton_final_v2/thumbdown/thumbdown (189).npy,train
the-finger,the-finger-set2 (412),./dataset/skeleton_final_v2/the-finger/the-finger-set2 (412).npy,train
thumbdown,hand-10-2225,./dataset/skeleton_final_v2/thumbdown/hand-10-2225.npy,train
thumbup,thumbup (425),./dataset/skeleton_final_v2/thumbup/thumbup (425).npy,train
ok,ok_4112,./dataset/skeleton_final_v2/ok/ok_4112.npy,train
thumbdown,thumbdown_7437,./dataset/skeleton_final_v2/thumbdown/thumbdown_7437.npy,train
the-finger,the-finger (19),./dataset/skeleton_final_v2/the-finger/the-finger (19).npy,train
scissors,scissors-set2 (252),./dataset/skeleton_final_v2/scissors/scissors-set2 (252).npy,train
scissors,scissors (105),./dataset/skeleton_final_v2/scissors/scissors (105).npy,train
rock,rock (257),./dataset/skeleton_final_v2/rock/rock (257).npy,train
scissors,scissors (164),./dataset/skeleton_final_v2/scissors/scissors (164).npy,train
the-finger,the-finger-set2 (72),./dataset/skeleton_final_v2/the-finger/the-finger-set2 (72).npy,train
scissors,scissors-set2 (389),./dataset/skeleton_final_v2/scissors/scissors-set2 (389).npy,train
scissors,scissors (249),./dataset/skeleton_final_v2/scissors/scissors (249).npy,train
paper,paper-set2 (91),./dataset/skeleton_final_v2/paper/paper-set2 (91).npy,train
paper,paper-set2 (164),./dataset/skeleton_final_v2/paper/paper-set2 (164).npy,train
thumbup,thumbup_2083,./dataset/skeleton_final_v2/thumbup/thumbup_2083.npy,train
paper,paper_7323,./dataset/skeleton_final_v2/paper/paper_7323.npy,train
paper,paper-set2 (411),./dataset/skeleton_final_v2/paper/paper-set2 (411).npy,train
the-finger,the-finger-set2 (291),./dataset/skeleton_final_v2/the-finger/the-finger-set2 (291).npy,train
the-finger,the-finger_3521,./dataset/skeleton_final_v2/the-finger/the-finger_3521.npy,train
paper,paper-set2 (466),./dataset/skeleton_final_v2/paper/paper-set2 (466).npy,train
scissors,scissors_2778,./dataset/skeleton_final_v2/scissors/scissors_2778.npy,train
ok,ok_Set2_ (423),./dataset/skeleton_final_v2/ok/ok_Set2_ (423).npy,train
ok,ok (215),./dataset/skeleton_final_v2/ok/ok (215).npy,train
paper,paper_1470,./dataset/skeleton_final_v2/paper/paper_1470.npy,train
thumbup,hand-8-3420,./dataset/skeleton_final_v2/thumbup/hand-8-3420.npy,train
thumbdown,hand-9-2110,./dataset/skeleton_final_v2/thumbdown/hand-9-2110.npy,train
thumbup,thumbup_8958,./dataset/skeleton_final_v2/thumbup/thumbup_8958.npy,train
ok,ok (169),./dataset/skeleton_final_v2/ok/ok (169).npy,train
thumbdown,hand-11-695,./dataset/skeleton_final_v2/thumbdown/hand-11-695.npy,train
scissors,scissors_6158,./dataset/skeleton_final_v2/scissors/scissors_6158.npy,train
paper,paper-set2 (99),./dataset/skeleton_final_v2/paper/paper-set2 (99).npy,train
paper,paper (17),./dataset/skeleton_final_v2/paper/paper (17).npy,train
scissors,scissors_6153,./dataset/skeleton_final_v2/scissors/scissors_6153.npy,train
ok,ok_1993,./dataset/skeleton_final_v2/ok/ok_1993.npy,train
thumbdown,thumbdown_4389,./dataset/skeleton_final_v2/thumbdown/thumbdown_4389.npy,train
scissors,scissors_6543,./dataset/skeleton_final_v2/scissors/scissors_6543.npy,train
thumbup,hand-8-3440,./dataset/skeleton_final_v2/thumbup/hand-8-3440.npy,train
scissors,scissors_6538,./dataset/skeleton_final_v2/scissors/scissors_6538.npy,train
thumbup,thumbup (164),./dataset/skeleton_final_v2/thumbup/thumbup (164).npy,train
thumbdown,thumbdown_5566,./dataset/skeleton_final_v2/thumbdown/thumbdown_5566.npy,train
rock,rock-set2 (361),./dataset/skeleton_final_v2/rock/rock-set2 (361).npy,train
paper,paper_6924,./dataset/skeleton_final_v2/paper/paper_6924.npy,train
ok,ok_Set2_ (557),./dataset/skeleton_final_v2/ok/ok_Set2_ (557).npy,train
the-finger,the-finger_5863,./dataset/skeleton_final_v2/the-finger/the-finger_5863.npy,train
scissors,scissors-set2 (603),./dataset/skeleton_final_v2/scissors/scissors-set2 (603).npy,train
ok,ok (216),./dataset/skeleton_final_v2/ok/ok (216).npy,train
scissors,scissors-set2 (550),./dataset/skeleton_final_v2/scissors/scissors-set2 (550).npy,train
paper,paper (90),./dataset/skeleton_final_v2/paper/paper (90).npy,train
ok,ok (5),./dataset/skeleton_final_v2/ok/ok (5).npy,train
the-finger,the-finger-set2 (426),./dataset/skeleton_final_v2/the-finger/the-finger-set2 (426).npy,train
ok,ok_1566,./dataset/skeleton_final_v2/ok/ok_1566.npy,train
paper,paper_6335,./dataset/skeleton_final_v2/paper/paper_6335.npy,train
thumbup,thumbup (160),./dataset/skeleton_final_v2/thumbup/thumbup (160).npy,train
scissors,scissors-set2 (548),./dataset/skeleton_final_v2/scissors/scissors-set2 (548).npy,train
the-finger,the-finger_635,./dataset/skeleton_final_v2/the-finger/the-finger_635.npy,train
paper,paper-set2 (277),./dataset/skeleton_final_v2/paper/paper-set2 (277).npy,train
paper,paper-set2 (196),./dataset/skeleton_final_v2/paper/paper-set2 (196).npy,train
thumbup,thumbup_1684,./dataset/skeleton_final_v2/thumbup/thumbup_1684.npy,train
thumbup,thumbup_7046,./dataset/skeleton_final_v2/thumbup/thumbup_7046.npy,train
paper,paper-set2 (191),./dataset/skeleton_final_v2/paper/paper-set2 (191).npy,train
paper,paper-set2 (242),./dataset/skeleton_final_v2/paper/paper-set2 (242).npy,train
scissors,scissors_6949,./dataset/skeleton_final_v2/scissors/scissors_6949.npy,train
scissors,scissors (434),./dataset/skeleton_final_v2/scissors/scissors (434).npy,train
ok,ok_Set2_ (138),./dataset/skeleton_final_v2/ok/ok_Set2_ (138).npy,train
scissors,scissors_5756,./dataset/skeleton_final_v2/scissors/scissors_5756.npy,train
thumbdown,thumbdown (199),./dataset/skeleton_final_v2/thumbdown/thumbdown (199).npy,train
the-finger,the-finger_8346,./dataset/skeleton_final_v2/the-finger/the-finger_8346.npy,train
the-finger,the-finger (65),./dataset/skeleton_final_v2/the-finger/the-finger (65).npy,train
scissors,scissors_1488,./dataset/skeleton_final_v2/scissors/scissors_1488.npy,train
thumbdown,thumbdown (288),./dataset/skeleton_final_v2/thumbdown/thumbdown (288).npy,train
scissors,scissors_1486,./dataset/skeleton_final_v2/scissors/scissors_1486.npy,train
scissors,scissors-set2 (163),./dataset/skeleton_final_v2/scissors/scissors-set2 (163).npy,train
scissors,scissors-set2 (169),./dataset/skeleton_final_v2/scissors/scissors-set2 (169).npy,train
thumbdown,thumbdown_6246,./dataset/skeleton_final_v2/thumbdown/thumbdown_6246.npy,train
ok,ok_Set2_ (461),./dataset/skeleton_final_v2/ok/ok_Set2_ (461).npy,train
the-finger,the-finger-set2 (381),./dataset/skeleton_final_v2/the-finger/the-finger-set2 (381).npy,train
paper,paper-set2 (338),./dataset/skeleton_final_v2/paper/paper-set2 (338).npy,train
thumbdown,hand-9-1975,./dataset/skeleton_final_v2/thumbdown/hand-9-1975.npy,train
thumbdown,thumbdown_5830,./dataset/skeleton_final_v2/thumbdown/thumbdown_5830.npy,train
the-finger,the-finger_9068,./dataset/skeleton_final_v2/the-finger/the-finger_9068.npy,train
thumbup,thumbup (19),./dataset/skeleton_final_v2/thumbup/thumbup (19).npy,train
ok,ok_88,./dataset/skeleton_final_v2/ok/ok_88.npy,train
scissors,scissors-set2 (647),./dataset/skeleton_final_v2/scissors/scissors-set2 (647).npy,train
ok,ok_Set2_ (378),./dataset/skeleton_final_v2/ok/ok_Set2_ (378).npy,train
scissors,scissors-set2 (642),./dataset/skeleton_final_v2/scissors/scissors-set2 (642).npy,train
paper,paper_3823,./dataset/skeleton_final_v2/paper/paper_3823.npy,train
scissors,scissors (108),./dataset/skeleton_final_v2/scissors/scissors (108).npy,train
scissors,scissors-set2 (179),./dataset/skeleton_final_v2/scissors/scissors-set2 (179).npy,train
scissors,scissors-set2 (201),./dataset/skeleton_final_v2/scissors/scissors-set2 (201).npy,train
ok,ok_Set2_ (222),./dataset/skeleton_final_v2/ok/ok_Set2_ (222).npy,train
scissors,scissors-set2 (505),./dataset/skeleton_final_v2/scissors/scissors-set2 (505).npy,train
scissors,scissors-set2 (281),./dataset/skeleton_final_v2/scissors/scissors-set2 (281).npy,train
rock,rock-set2 (15),./dataset/skeleton_final_v2/rock/rock-set2 (15).npy,train
the-finger,the-finger_6475,./dataset/skeleton_final_v2/the-finger/the-finger_6475.npy,train
scissors,scissors-set2 (211),./dataset/skeleton_final_v2/scissors/scissors-set2 (211).npy,train
ok,ok (40),./dataset/skeleton_final_v2/ok/ok (40).npy,train
rock,rock_683,./dataset/skeleton_final_v2/rock/rock_683.npy,train
scissors,scissors (345),./dataset/skeleton_final_v2/scissors/scissors (345).npy,train
ok,ok_Set2_ (170),./dataset/skeleton_final_v2/ok/ok_Set2_ (170).npy,train
thumbup,thumbup_6000,./dataset/skeleton_final_v2/thumbup/thumbup_6000.npy,train
thumbdown,thumbdown_4470,./dataset/skeleton_final_v2/thumbdown/thumbdown_4470.npy,train
scissors,scissors-set2 (353),./dataset/skeleton_final_v2/scissors/scissors-set2 (353).npy,train
paper,paper-set2 (117),./dataset/skeleton_final_v2/paper/paper-set2 (117).npy,train
the-finger,the-finger (21),./dataset/skeleton_final_v2/the-finger/the-finger (21).npy,train
paper,paper_5715,./dataset/skeleton_final_v2/paper/paper_5715.npy,train
scissors,scissors-set2 (703),./dataset/skeleton_final_v2/scissors/scissors-set2 (703).npy,train
scissors,scissors-set2 (741),./dataset/skeleton_final_v2/scissors/scissors-set2 (741).npy,train
ok,ok_3957,./dataset/skeleton_final_v2/ok/ok_3957.npy,train
ok,ok_1129,./dataset/skeleton_final_v2/ok/ok_1129.npy,train
thumbup,thumbup (207),./dataset/skeleton_final_v2/thumbup/thumbup (207).npy,train
scissors,scissors-set2 (624),./dataset/skeleton_final_v2/scissors/scissors-set2 (624).npy,train
rock,rock-set2 (313),./dataset/skeleton_final_v2/rock/rock-set2 (313).npy,train
rock,rock_16,./dataset/skeleton_final_v2/rock/rock_16.npy,train
thumbdown,thumbdown (33),./dataset/skeleton_final_v2/thumbdown/thumbdown (33).npy,train
rock,rock-set2 (352),./dataset/skeleton_final_v2/rock/rock-set2 (352).npy,train
thumbup,thumbup (135),./dataset/skeleton_final_v2/thumbup/thumbup (135).npy,train
the-finger,the-finger_5647,./dataset/skeleton_final_v2/the-finger/the-finger_5647.npy,train
thumbdown,thumbdown_7247,./dataset/skeleton_final_v2/thumbdown/thumbdown_7247.npy,train
thumbup,thumbup (25),./dataset/skeleton_final_v2/thumbup/thumbup (25).npy,train
thumbup,thumbup (121),./dataset/skeleton_final_v2/thumbup/thumbup (121).npy,train
scissors,scissors-set2 (743),./dataset/skeleton_final_v2/scissors/scissors-set2 (743).npy,train
scissors,scissors (11),./dataset/skeleton_final_v2/scissors/scissors (11).npy,train
rock,rock-set2 (51),./dataset/skeleton_final_v2/rock/rock-set2 (51).npy,train
thumbdown,thumbdown (301),./dataset/skeleton_final_v2/thumbdown/thumbdown (301).npy,train
paper,paper-set2 (185),./dataset/skeleton_final_v2/paper/paper-set2 (185).npy,train
thumbdown,thumbdown_3301,./dataset/skeleton_final_v2/thumbdown/thumbdown_3301.npy,train
thumbup,hand-9-1735,./dataset/skeleton_final_v2/thumbup/hand-9-1735.npy,train
ok,ok_Set2_ (233),./dataset/skeleton_final_v2/ok/ok_Set2_ (233).npy,train
ok,ok_7005,./dataset/skeleton_final_v2/ok/ok_7005.npy,train
paper,paper_8768,./dataset/skeleton_final_v2/paper/paper_8768.npy,train
paper,paper-set2 (125),./dataset/skeleton_final_v2/paper/paper-set2 (125).npy,train
ok,ok (172),./dataset/skeleton_final_v2/ok/ok (172).npy,train
the-finger,the-finger-set2 (315),./dataset/skeleton_final_v2/the-finger/the-finger-set2 (315).npy,train
thumbup,hand-7-1270,./dataset/skeleton_final_v2/thumbup/hand-7-1270.npy,train
paper,paper_366,./dataset/skeleton_final_v2/paper/paper_366.npy,train
paper,paper_6935,./dataset/skeleton_final_v2/paper/paper_6935.npy,train
paper,paper-set2 (244),./dataset/skeleton_final_v2/paper/paper-set2 (244).npy,train
ok,ok_7695,./dataset/skeleton_final_v2/ok/ok_7695.npy,train
thumbup,thumbup (221),./dataset/skeleton_final_v2/thumbup/thumbup (221).npy,train
scissors,scissors (102),./dataset/skeleton_final_v2/scissors/scissors (102).npy,train
scissors,scissors_7344,./dataset/skeleton_final_v2/scissors/scissors_7344.npy,train
ok,ok_798,./dataset/skeleton_final_v2/ok/ok_798.npy,train
thumbup,thumbup_6214,./dataset/skeleton_final_v2/thumbup/thumbup_6214.npy,train
paper,paper_6520,./dataset/skeleton_final_v2/paper/paper_6520.npy,train
thumbup,thumbup (62),./dataset/skeleton_final_v2/thumbup/thumbup (62).npy,train
rock,rock (234),./dataset/skeleton_final_v2/rock/rock (234).npy,train
thumbdown,thumbdown (254),./dataset/skeleton_final_v2/thumbdown/thumbdown (254).npy,train
ok,ok_8848,./dataset/skeleton_final_v2/ok/ok_8848.npy,train
thumbup,thumbup_7712,./dataset/skeleton_final_v2/thumbup/thumbup_7712.npy,train
rock,rock_338,./dataset/skeleton_final_v2/rock/rock_338.npy,train
the-finger,the-finger (101),./dataset/skeleton_final_v2/the-finger/the-finger (101).npy,train
scissors,scissors-set2 (304),./dataset/skeleton_final_v2/scissors/scissors-set2 (304).npy,train
scissors,scissors_7187,./dataset/skeleton_final_v2/scissors/scissors_7187.npy,train
rock,rock_8366,./dataset/skeleton_final_v2/rock/rock_8366.npy,train
paper,paper (285),./dataset/skeleton_final_v2/paper/paper (285).npy,train
ok,ok_4998,./dataset/skeleton_final_v2/ok/ok_4998.npy,train
thumbdown,thumbdown (313),./dataset/skeleton_final_v2/thumbdown/thumbdown (313).npy,train
scissors,scissors-set2 (714),./dataset/skeleton_final_v2/scissors/scissors-set2 (714).npy,train
the-finger,the-finger_8274,./dataset/skeleton_final_v2/the-finger/the-finger_8274.npy,train
paper,paper (50),./dataset/skeleton_final_v2/paper/paper (50).npy,train
scissors,scissors-set2 (342),./dataset/skeleton_final_v2/scissors/scissors-set2 (342).npy,train
paper,paper-set2 (249),./dataset/skeleton_final_v2/paper/paper-set2 (249).npy,train
thumbup,thumbup (456),./dataset/skeleton_final_v2/thumbup/thumbup (456).npy,train
scissors,scissors (303),./dataset/skeleton_final_v2/scissors/scissors (303).npy,train
scissors,scissors_6152,./dataset/skeleton_final_v2/scissors/scissors_6152.npy,train
thumbdown,thumbdown (40),./dataset/skeleton_final_v2/thumbdown/thumbdown (40).npy,train
thumbup,hand-11-2120,./dataset/skeleton_final_v2/thumbup/hand-11-2120.npy,train
paper,paper (191),./dataset/skeleton_final_v2/paper/paper (191).npy,train
rock,rock-set2 (276),./dataset/skeleton_final_v2/rock/rock-set2 (276).npy,train
scissors,scissors_5481,./dataset/skeleton_final_v2/scissors/scissors_5481.npy,train
paper,paper_7317,./dataset/skeleton_final_v2/paper/paper_7317.npy,train
scissors,scissors-set2 (332),./dataset/skeleton_final_v2/scissors/scissors-set2 (332).npy,train
paper,paper-set2 (98),./dataset/skeleton_final_v2/paper/paper-set2 (98).npy,train
rock,rock-set2 (205),./dataset/skeleton_final_v2/rock/rock-set2 (205).npy,train
thumbup,hand-10-0,./dataset/skeleton_final_v2/thumbup/hand-10-0.npy,train
paper,paper-set2 (381),./dataset/skeleton_final_v2/paper/paper-set2 (381).npy,train
the-finger,the-finger_7259,./dataset/skeleton_final_v2/the-finger/the-finger_7259.npy,train
rock,rock_8402,./dataset/skeleton_final_v2/rock/rock_8402.npy,train
paper,paper-set2 (95),./dataset/skeleton_final_v2/paper/paper-set2 (95).npy,train
thumbdown,thumbdown_557,./dataset/skeleton_final_v2/thumbdown/thumbdown_557.npy,train
rock,rock (27),./dataset/skeleton_final_v2/rock/rock (27).npy,train
ok,ok_Set2_ (49),./dataset/skeleton_final_v2/ok/ok_Set2_ (49).npy,train
scissors,scissors_7172,./dataset/skeleton_final_v2/scissors/scissors_7172.npy,train
scissors,scissors-set2 (22),./dataset/skeleton_final_v2/scissors/scissors-set2 (22).npy,train
thumbdown,hand-9-2045,./dataset/skeleton_final_v2/thumbdown/hand-9-2045.npy,train
the-finger,the-finger_7828,./dataset/skeleton_final_v2/the-finger/the-finger_7828.npy,train
thumbdown,hand-9-2000,./dataset/skeleton_final_v2/thumbdown/hand-9-2000.npy,train
paper,paper_3800,./dataset/skeleton_final_v2/paper/paper_3800.npy,train
scissors,scissors (263),./dataset/skeleton_final_v2/scissors/scissors (263).npy,train
thumbup,thumbup (111),./dataset/skeleton_final_v2/thumbup/thumbup (111).npy,train
paper,paper_5723,./dataset/skeleton_final_v2/paper/paper_5723.npy,train
paper,paper-set2 (8),./dataset/skeleton_final_v2/paper/paper-set2 (8).npy,train
scissors,scissors_7649,./dataset/skeleton_final_v2/scissors/scissors_7649.npy,train
thumbdown,thumbdown_6808,./dataset/skeleton_final_v2/thumbdown/thumbdown_6808.npy,train
the-finger,the-finger_6865,./dataset/skeleton_final_v2/the-finger/the-finger_6865.npy,train
scissors,scissors-set2 (726),./dataset/skeleton_final_v2/scissors/scissors-set2 (726).npy,train
scissors,scissors_8444,./dataset/skeleton_final_v2/scissors/scissors_8444.npy,train
thumbup,thumbup_5791,./dataset/skeleton_final_v2/thumbup/thumbup_5791.npy,train
thumbup,thumbup (235),./dataset/skeleton_final_v2/thumbup/thumbup (235).npy,train
thumbdown,thumbdown_7471,./dataset/skeleton_final_v2/thumbdown/thumbdown_7471.npy,train
paper,paper_6333,./dataset/skeleton_final_v2/paper/paper_6333.npy,train
scissors,scissors_420,./dataset/skeleton_final_v2/scissors/scissors_420.npy,train
thumbup,thumbup_6204,./dataset/skeleton_final_v2/thumbup/thumbup_6204.npy,train
the-finger,the-finger_7489,./dataset/skeleton_final_v2/the-finger/the-finger_7489.npy,train
scissors,scissors-set2 (704),./dataset/skeleton_final_v2/scissors/scissors-set2 (704).npy,train
ok,ok_Set2_ (118),./dataset/skeleton_final_v2/ok/ok_Set2_ (118).npy,train
paper,paper (271),./dataset/skeleton_final_v2/paper/paper (271).npy,train
scissors,scissors-set2 (90),./dataset/skeleton_final_v2/scissors/scissors-set2 (90).npy,train
scissors,scissors_4635,./dataset/skeleton_final_v2/scissors/scissors_4635.npy,train
scissors,scissors (51),./dataset/skeleton_final_v2/scissors/scissors (51).npy,train
scissors,scissors (378),./dataset/skeleton_final_v2/scissors/scissors (378).npy,train
thumbdown,hand-10-2645,./dataset/skeleton_final_v2/thumbdown/hand-10-2645.npy,train
thumbup,thumbup_7200,./dataset/skeleton_final_v2/thumbup/thumbup_7200.npy,train
the-finger,the-finger-set2 (407),./dataset/skeleton_final_v2/the-finger/the-finger-set2 (407).npy,train
ok,ok_Set2_ (476),./dataset/skeleton_final_v2/ok/ok_Set2_ (476).npy,train
the-finger,the-finger-set2 (236),./dataset/skeleton_final_v2/the-finger/the-finger-set2 (236).npy,train
thumbup,thumbup (446),./dataset/skeleton_final_v2/thumbup/thumbup (446).npy,train
thumbup,hand-11-2180,./dataset/skeleton_final_v2/thumbup/hand-11-2180.npy,train
ok,ok_Set2_ (240),./dataset/skeleton_final_v2/ok/ok_Set2_ (240).npy,train
ok,ok_Set2_ (180),./dataset/skeleton_final_v2/ok/ok_Set2_ (180).npy,train
thumbup,thumbup (222),./dataset/skeleton_final_v2/thumbup/thumbup (222).npy,train
ok,ok_7389,./dataset/skeleton_final_v2/ok/ok_7389.npy,train
ok,ok_Set2_ (551),./dataset/skeleton_final_v2/ok/ok_Set2_ (551).npy,train
scissors,scissors_446,./dataset/skeleton_final_v2/scissors/scissors_446.npy,train
scissors,scissors_7637,./dataset/skeleton_final_v2/scissors/scissors_7637.npy,train
ok,ok_1189,./dataset/skeleton_final_v2/ok/ok_1189.npy,train
the-finger,the-finger-set2 (357),./dataset/skeleton_final_v2/the-finger/the-finger-set2 (357).npy,train
ok,ok_Set2_ (420),./dataset/skeleton_final_v2/ok/ok_Set2_ (420).npy,train
thumbup,hand-9-1670,./dataset/skeleton_final_v2/thumbup/hand-9-1670.npy,train
the-finger,the-finger-set2 (362),./dataset/skeleton_final_v2/the-finger/the-finger-set2 (362).npy,train
thumbdown,thumbdown (304),./dataset/skeleton_final_v2/thumbdown/thumbdown (304).npy,train
paper,paper (156),./dataset/skeleton_final_v2/paper/paper (156).npy,train
ok,ok_5253,./dataset/skeleton_final_v2/ok/ok_5253.npy,train
thumbdown,thumbdown_6816,./dataset/skeleton_final_v2/thumbdown/thumbdown_6816.npy,train
the-finger,the-finger_594,./dataset/skeleton_final_v2/the-finger/the-finger_594.npy,train
paper,paper-set2 (155),./dataset/skeleton_final_v2/paper/paper-set2 (155).npy,train
paper,paper_2508,./dataset/skeleton_final_v2/paper/paper_2508.npy,train
thumbdown,thumbdown_6842,./dataset/skeleton_final_v2/thumbdown/thumbdown_6842.npy,train
scissors,scissors-set2 (486),./dataset/skeleton_final_v2/scissors/scissors-set2 (486).npy,train
scissors,scissors_6159,./dataset/skeleton_final_v2/scissors/scissors_6159.npy,train
paper,paper-set2 (409),./dataset/skeleton_final_v2/paper/paper-set2 (409).npy,train
ok,ok_Set2_ (292),./dataset/skeleton_final_v2/ok/ok_Set2_ (292).npy,train
paper,paper-set2 (312),./dataset/skeleton_final_v2/paper/paper-set2 (312).npy,train
thumbup,hand-10-1985,./dataset/skeleton_final_v2/thumbup/hand-10-1985.npy,train
thumbup,thumbup_9280,./dataset/skeleton_final_v2/thumbup/thumbup_9280.npy,train
scissors,scissors-set2 (522),./dataset/skeleton_final_v2/scissors/scissors-set2 (522).npy,train
rock,rock-set2 (172),./dataset/skeleton_final_v2/rock/rock-set2 (172).npy,train
paper,paper_6713,./dataset/skeleton_final_v2/paper/paper_6713.npy,train
ok,ok_Set2_ (386),./dataset/skeleton_final_v2/ok/ok_Set2_ (386).npy,train
ok,ok_6986,./dataset/skeleton_final_v2/ok/ok_6986.npy,train
the-finger,the-finger-set2 (416),./dataset/skeleton_final_v2/the-finger/the-finger-set2 (416).npy,train
thumbup,thumbup_135,./dataset/skeleton_final_v2/thumbup/thumbup_135.npy,train
scissors,scissors (411),./dataset/skeleton_final_v2/scissors/scissors (411).npy,train
the-finger,the-finger-set2 (398),./dataset/skeleton_final_v2/the-finger/the-finger-set2 (398).npy,train
thumbup,thumbup (123),./dataset/skeleton_final_v2/thumbup/thumbup (123).npy,train
the-finger,the-finger-set2 (17),./dataset/skeleton_final_v2/the-finger/the-finger-set2 (17).npy,train
thumbup,thumbup (20),./dataset/skeleton_final_v2/thumbup/thumbup (20).npy,train
thumbdown,thumbdown_5307,./dataset/skeleton_final_v2/thumbdown/thumbdown_5307.npy,train
thumbdown,thumbdown (295),./dataset/skeleton_final_v2/thumbdown/thumbdown (295).npy,train
paper,paper-set2 (51),./dataset/skeleton_final_v2/paper/paper-set2 (51).npy,train
thumbdown,thumbdown (43),./dataset/skeleton_final_v2/thumbdown/thumbdown (43).npy,train
the-finger,the-finger_8630,./dataset/skeleton_final_v2/the-finger/the-finger_8630.npy,train
thumbup,thumbup_2139,./dataset/skeleton_final_v2/thumbup/thumbup_2139.npy,train
rock,rock_681,./dataset/skeleton_final_v2/rock/rock_681.npy,train
thumbup,hand-8-3430,./dataset/skeleton_final_v2/thumbup/hand-8-3430.npy,train
rock,rock_8374,./dataset/skeleton_final_v2/rock/rock_8374.npy,train
the-finger,the-finger-set2 (25),./dataset/skeleton_final_v2/the-finger/the-finger-set2 (25).npy,train
ok,ok_Set2_ (376),./dataset/skeleton_final_v2/ok/ok_Set2_ (376).npy,train
scissors,scissors_47,./dataset/skeleton_final_v2/scissors/scissors_47.npy,train
ok,ok (203),./dataset/skeleton_final_v2/ok/ok (203).npy,train
ok,ok (63),./dataset/skeleton_final_v2/ok/ok (63).npy,train
paper,paper (168),./dataset/skeleton_final_v2/paper/paper (168).npy,train
thumbdown,thumbdown (180),./dataset/skeleton_final_v2/thumbdown/thumbdown (180).npy,train
paper,paper (121),./dataset/skeleton_final_v2/paper/paper (121).npy,train
paper,paper-set2 (379),./dataset/skeleton_final_v2/paper/paper-set2 (379).npy,train
ok,ok_5255,./dataset/skeleton_final_v2/ok/ok_5255.npy,train
thumbdown,thumbdown_4417,./dataset/skeleton_final_v2/thumbdown/thumbdown_4417.npy,train
scissors,scissors-set2 (464),./dataset/skeleton_final_v2/scissors/scissors-set2 (464).npy,train
paper,paper-set2 (203),./dataset/skeleton_final_v2/paper/paper-set2 (203).npy,train
ok,ok_Set2_ (13),./dataset/skeleton_final_v2/ok/ok_Set2_ (13).npy,train
thumbdown,thumbdown_4351,./dataset/skeleton_final_v2/thumbdown/thumbdown_4351.npy,train
paper,paper-set2 (167),./dataset/skeleton_final_v2/paper/paper-set2 (167).npy,train
paper,paper_3726,./dataset/skeleton_final_v2/paper/paper_3726.npy,train
ok,ok_Set2_ (464),./dataset/skeleton_final_v2/ok/ok_Set2_ (464).npy,train
scissors,scissors-set2 (184),./dataset/skeleton_final_v2/scissors/scissors-set2 (184).npy,train
paper,paper_6524,./dataset/skeleton_final_v2/paper/paper_6524.npy,train
rock,rock-set2 (428),./dataset/skeleton_final_v2/rock/rock-set2 (428).npy,train
thumbup,thumbup_1249,./dataset/skeleton_final_v2/thumbup/thumbup_1249.npy,train
rock,rock_6493,./dataset/skeleton_final_v2/rock/rock_6493.npy,train
ok,ok_2911,./dataset/skeleton_final_v2/ok/ok_2911.npy,train
ok,ok (159),./dataset/skeleton_final_v2/ok/ok (159).npy,train
the-finger,the-finger_873,./dataset/skeleton_final_v2/the-finger/the-finger_873.npy,train
the-finger,the-finger_8294,./dataset/skeleton_final_v2/the-finger/the-finger_8294.npy,train
scissors,scissors-set2 (483),./dataset/skeleton_final_v2/scissors/scissors-set2 (483).npy,train
scissors,scissors-set2 (569),./dataset/skeleton_final_v2/scissors/scissors-set2 (569).npy,train
scissors,scissors-set2 (276),./dataset/skeleton_final_v2/scissors/scissors-set2 (276).npy,train
rock,rock_7539,./dataset/skeleton_final_v2/rock/rock_7539.npy,train
thumbup,hand-9-1745,./dataset/skeleton_final_v2/thumbup/hand-9-1745.npy,train
the-finger,the-finger-set2 (360),./dataset/skeleton_final_v2/the-finger/the-finger-set2 (360).npy,train
scissors,scissors-set2 (515),./dataset/skeleton_final_v2/scissors/scissors-set2 (515).npy,train
thumbup,thumbup (254),./dataset/skeleton_final_v2/thumbup/thumbup (254).npy,train
the-finger,the-finger_584,./dataset/skeleton_final_v2/the-finger/the-finger_584.npy,train
paper,paper_6917,./dataset/skeleton_final_v2/paper/paper_6917.npy,train
ok,ok_7385,./dataset/skeleton_final_v2/ok/ok_7385.npy,train
scissors,scissors (140),./dataset/skeleton_final_v2/scissors/scissors (140).npy,train
scissors,scissors-set2 (369),./dataset/skeleton_final_v2/scissors/scissors-set2 (369).npy,train
the-finger,the-finger_241,./dataset/skeleton_final_v2/the-finger/the-finger_241.npy,train
ok,ok_1590,./dataset/skeleton_final_v2/ok/ok_1590.npy,train
paper,paper_6112,./dataset/skeleton_final_v2/paper/paper_6112.npy,train
ok,ok_Set2_ (561),./dataset/skeleton_final_v2/ok/ok_Set2_ (561).npy,train
thumbup,hand-11-520,./dataset/skeleton_final_v2/thumbup/hand-11-520.npy,train
paper,paper_8728,./dataset/skeleton_final_v2/paper/paper_8728.npy,train
ok,ok_806,./dataset/skeleton_final_v2/ok/ok_806.npy,train
thumbdown,thumbdown (159),./dataset/skeleton_final_v2/thumbdown/thumbdown (159).npy,train
the-finger,the-finger-set2 (158),./dataset/skeleton_final_v2/the-finger/the-finger-set2 (158).npy,train
paper,paper_7140,./dataset/skeleton_final_v2/paper/paper_7140.npy,train
thumbup,thumbup (37),./dataset/skeleton_final_v2/thumbup/thumbup (37).npy,train
thumbup,thumbup_9300,./dataset/skeleton_final_v2/thumbup/thumbup_9300.npy,train
thumbup,thumbup_7395,./dataset/skeleton_final_v2/thumbup/thumbup_7395.npy,train
thumbdown,thumbdown_7443,./dataset/skeleton_final_v2/thumbdown/thumbdown_7443.npy,train
ok,ok_6174,./dataset/skeleton_final_v2/ok/ok_6174.npy,train
thumbdown,thumbdown_5829,./dataset/skeleton_final_v2/thumbdown/thumbdown_5829.npy,train
paper,paper-set2 (108),./dataset/skeleton_final_v2/paper/paper-set2 (108).npy,train
ok,ok_Set2_ (197),./dataset/skeleton_final_v2/ok/ok_Set2_ (197).npy,train
ok,ok_805,./dataset/skeleton_final_v2/ok/ok_805.npy,train
the-finger,the-finger (32),./dataset/skeleton_final_v2/the-finger/the-finger (32).npy,train
the-finger,the-finger_6867,./dataset/skeleton_final_v2/the-finger/the-finger_6867.npy,train
ok,ok_Set2_ (555),./dataset/skeleton_final_v2/ok/ok_Set2_ (555).npy,train
the-finger,the-finger_6290,./dataset/skeleton_final_v2/the-finger/the-finger_6290.npy,train
thumbdown,thumbdown_8982,./dataset/skeleton_final_v2/thumbdown/thumbdown_8982.npy,train
thumbup,hand-10-2590,./dataset/skeleton_final_v2/thumbup/hand-10-2590.npy,train
paper,paper-set2 (392),./dataset/skeleton_final_v2/paper/paper-set2 (392).npy,train
thumbup,thumbup_6771,./dataset/skeleton_final_v2/thumbup/thumbup_6771.npy,train
ok,ok_Set2_ (582),./dataset/skeleton_final_v2/ok/ok_Set2_ (582).npy,train
rock,rock-set2 (13),./dataset/skeleton_final_v2/rock/rock-set2 (13).npy,train
the-finger,the-finger_3513,./dataset/skeleton_final_v2/the-finger/the-finger_3513.npy,train
thumbdown,hand-8-1905,./dataset/skeleton_final_v2/thumbdown/hand-8-1905.npy,train
paper,paper (128),./dataset/skeleton_final_v2/paper/paper (128).npy,train
thumbup,thumbup_2089,./dataset/skeleton_final_v2/thumbup/thumbup_2089.npy,train
scissors,scissors_5745,./dataset/skeleton_final_v2/scissors/scissors_5745.npy,train
paper,paper_1003,./dataset/skeleton_final_v2/paper/paper_1003.npy,train
rock,rock-set2 (594),./dataset/skeleton_final_v2/rock/rock-set2 (594).npy,train
scissors,scissors (6),./dataset/skeleton_final_v2/scissors/scissors (6).npy,train
scissors,scissors (436),./dataset/skeleton_final_v2/scissors/scissors (436).npy,train
thumbup,thumbup (194),./dataset/skeleton_final_v2/thumbup/thumbup (194).npy,train
scissors,scissors (92),./dataset/skeleton_final_v2/scissors/scissors (92).npy,train
paper,paper-set2 (504),./dataset/skeleton_final_v2/paper/paper-set2 (504).npy,train
thumbdown,hand-10-2290,./dataset/skeleton_final_v2/thumbdown/hand-10-2290.npy,train
scissors,scissors-set2 (84),./dataset/skeleton_final_v2/scissors/scissors-set2 (84).npy,train
the-finger,the-finger-set2 (353),./dataset/skeleton_final_v2/the-finger/the-finger-set2 (353).npy,train
paper,paper_3689,./dataset/skeleton_final_v2/paper/paper_3689.npy,train
rock,rock_280,./dataset/skeleton_final_v2/rock/rock_280.npy,train
scissors,scissors-set2 (706),./dataset/skeleton_final_v2/scissors/scissors-set2 (706).npy,train
scissors,scissors-set2 (301),./dataset/skeleton_final_v2/scissors/scissors-set2 (301).npy,train
rock,rock-set2 (486),./dataset/skeleton_final_v2/rock/rock-set2 (486).npy,train
scissors,scissors-set2 (632),./dataset/skeleton_final_v2/scissors/scissors-set2 (632).npy,train
rock,rock-set2 (593),./dataset/skeleton_final_v2/rock/rock-set2 (593).npy,train
thumbdown,thumbdown_1315,./dataset/skeleton_final_v2/thumbdown/thumbdown_1315.npy,train
ok,ok_1544,./dataset/skeleton_final_v2/ok/ok_1544.npy,train
thumbdown,thumbdown_4466,./dataset/skeleton_final_v2/thumbdown/thumbdown_4466.npy,train
paper,paper_3758,./dataset/skeleton_final_v2/paper/paper_3758.npy,train
paper,paper-set2 (33),./dataset/skeleton_final_v2/paper/paper-set2 (33).npy,train
thumbdown,thumbdown_7242,./dataset/skeleton_final_v2/thumbdown/thumbdown_7242.npy,train
scissors,scissors-set2 (572),./dataset/skeleton_final_v2/scissors/scissors-set2 (572).npy,train
the-finger,the-finger (25),./dataset/skeleton_final_v2/the-finger/the-finger (25).npy,train
paper,paper-set2 (21),./dataset/skeleton_final_v2/paper/paper-set2 (21).npy,train
the-finger,the-finger-set2 (237),./dataset/skeleton_final_v2/the-finger/the-finger-set2 (237).npy,train
scissors,scissors_4666,./dataset/skeleton_final_v2/scissors/scissors_4666.npy,train
rock,rock-set2 (536),./dataset/skeleton_final_v2/rock/rock-set2 (536).npy,train
rock,rock_18,./dataset/skeleton_final_v2/rock/rock_18.npy,train
ok,ok_Set2_ (393),./dataset/skeleton_final_v2/ok/ok_Set2_ (393).npy,train
thumbup,hand-10-20,./dataset/skeleton_final_v2/thumbup/hand-10-20.npy,train
ok,ok_Set2_ (142),./dataset/skeleton_final_v2/ok/ok_Set2_ (142).npy,train
paper,paper-set2 (299),./dataset/skeleton_final_v2/paper/paper-set2 (299).npy,train
thumbdown,hand-9-2130,./dataset/skeleton_final_v2/thumbdown/hand-9-2130.npy,train
scissors,scissors-set2 (604),./dataset/skeleton_final_v2/scissors/scissors-set2 (604).npy,train
ok,ok (95),./dataset/skeleton_final_v2/ok/ok (95).npy,train
the-finger,the-finger-set2 (443),./dataset/skeleton_final_v2/the-finger/the-finger-set2 (443).npy,train
paper,paper (240),./dataset/skeleton_final_v2/paper/paper (240).npy,train
the-finger,the-finger-set2 (256),./dataset/skeleton_final_v2/the-finger/the-finger-set2 (256).npy,train
thumbdown,thumbdown_5591,./dataset/skeleton_final_v2/thumbdown/thumbdown_5591.npy,train
thumbup,thumbup_834,./dataset/skeleton_final_v2/thumbup/thumbup_834.npy,train
ok,ok_Set2_ (525),./dataset/skeleton_final_v2/ok/ok_Set2_ (525).npy,train
thumbup,thumbup_4180,./dataset/skeleton_final_v2/thumbup/thumbup_4180.npy,train
scissors,scissors_5498,./dataset/skeleton_final_v2/scissors/scissors_5498.npy,train
paper,paper (219),./dataset/skeleton_final_v2/paper/paper (219).npy,train
thumbup,hand-7-1405,./dataset/skeleton_final_v2/thumbup/hand-7-1405.npy,train
paper,paper (78),./dataset/skeleton_final_v2/paper/paper (78).npy,train
paper,paper-set2 (354),./dataset/skeleton_final_v2/paper/paper-set2 (354).npy,train
thumbdown,thumbdown_8224,./dataset/skeleton_final_v2/thumbdown/thumbdown_8224.npy,train
scissors,scissors (65),./dataset/skeleton_final_v2/scissors/scissors (65).npy,train
the-finger,the-finger_1360,./dataset/skeleton_final_v2/the-finger/the-finger_1360.npy,train
paper,paper (239),./dataset/skeleton_final_v2/paper/paper (239).npy,train
the-finger,the-finger (84),./dataset/skeleton_final_v2/the-finger/the-finger (84).npy,train
ok,ok (243),./dataset/skeleton_final_v2/ok/ok (243).npy,train
ok,ok_Set2_ (30),./dataset/skeleton_final_v2/ok/ok_Set2_ (30).npy,train
paper,paper-set2 (232),./dataset/skeleton_final_v2/paper/paper-set2 (232).npy,train
thumbdown,thumbdown_5665,./dataset/skeleton_final_v2/thumbdown/thumbdown_5665.npy,train
scissors,scissors (361),./dataset/skeleton_final_v2/scissors/scissors (361).npy,train
ok,ok_1155,./dataset/skeleton_final_v2/ok/ok_1155.npy,train
thumbup,thumbup_7210,./dataset/skeleton_final_v2/thumbup/thumbup_7210.npy,train
ok,ok_6386,./dataset/skeleton_final_v2/ok/ok_6386.npy,train
thumbup,thumbup_3012,./dataset/skeleton_final_v2/thumbup/thumbup_3012.npy,train
paper,paper_6704,./dataset/skeleton_final_v2/paper/paper_6704.npy,train
scissors,scissors-set2 (630),./dataset/skeleton_final_v2/scissors/scissors-set2 (630).npy,train
scissors,scissors (311),./dataset/skeleton_final_v2/scissors/scissors (311).npy,train
paper,paper-set2 (150),./dataset/skeleton_final_v2/paper/paper-set2 (150).npy,train
scissors,scissors (381),./dataset/skeleton_final_v2/scissors/scissors (381).npy,train
paper,paper-set2 (485),./dataset/skeleton_final_v2/paper/paper-set2 (485).npy,train
scissors,scissors (472),./dataset/skeleton_final_v2/scissors/scissors (472).npy,train
paper,paper_5146,./dataset/skeleton_final_v2/paper/paper_5146.npy,train
scissors,scissors_4629,./dataset/skeleton_final_v2/scissors/scissors_4629.npy,train
scissors,scissors-set2 (267),./dataset/skeleton_final_v2/scissors/scissors-set2 (267).npy,train
thumbdown,thumbdown_550,./dataset/skeleton_final_v2/thumbdown/thumbdown_550.npy,train
the-finger,the-finger_3527,./dataset/skeleton_final_v2/the-finger/the-finger_3527.npy,train
thumbup,thumbup_6766,./dataset/skeleton_final_v2/thumbup/thumbup_6766.npy,train
thumbup,thumbup_2998,./dataset/skeleton_final_v2/thumbup/thumbup_2998.npy,train
rock,rock-set2 (42),./dataset/skeleton_final_v2/rock/rock-set2 (42).npy,train
scissors,scissors-set2 (514),./dataset/skeleton_final_v2/scissors/scissors-set2 (514).npy,train
thumbdown,thumbdown_6252,./dataset/skeleton_final_v2/thumbdown/thumbdown_6252.npy,train
ok,ok_Set2_ (128),./dataset/skeleton_final_v2/ok/ok_Set2_ (128).npy,train
scissors,scissors-set2 (556),./dataset/skeleton_final_v2/scissors/scissors-set2 (556).npy,train
ok,ok_Set2_ (414),./dataset/skeleton_final_v2/ok/ok_Set2_ (414).npy,train
thumbup,thumbup_5797,./dataset/skeleton_final_v2/thumbup/thumbup_5797.npy,train
ok,ok (199),./dataset/skeleton_final_v2/ok/ok (199).npy,train
ok,ok_5781,./dataset/skeleton_final_v2/ok/ok_5781.npy,train
paper,paper_1844,./dataset/skeleton_final_v2/paper/paper_1844.npy,train
thumbdown,thumbdown (147),./dataset/skeleton_final_v2/thumbdown/thumbdown (147).npy,train
scissors,scissors (125),./dataset/skeleton_final_v2/scissors/scissors (125).npy,train
thumbup,thumbup (205),./dataset/skeleton_final_v2/thumbup/thumbup (205).npy,train
ok,ok_4965,./dataset/skeleton_final_v2/ok/ok_4965.npy,train
paper,paper-set2 (128),./dataset/skeleton_final_v2/paper/paper-set2 (128).npy,train
scissors,scissors (15),./dataset/skeleton_final_v2/scissors/scissors (15).npy,train
ok,ok_Set2_ (511),./dataset/skeleton_final_v2/ok/ok_Set2_ (511).npy,train
ok,ok_Set2_ (288),./dataset/skeleton_final_v2/ok/ok_Set2_ (288).npy,train
scissors,scissors-set2 (699),./dataset/skeleton_final_v2/scissors/scissors-set2 (699).npy,train
thumbup,thumbup (385),./dataset/skeleton_final_v2/thumbup/thumbup (385).npy,train
thumbup,thumbup (468),./dataset/skeleton_final_v2/thumbup/thumbup (468).npy,train
thumbup,thumbup (491),./dataset/skeleton_final_v2/thumbup/thumbup (491).npy,train
scissors,scissors-set2 (13),./dataset/skeleton_final_v2/scissors/scissors-set2 (13).npy,train
ok,ok (200),./dataset/skeleton_final_v2/ok/ok (200).npy,train
rock,rock-set2 (430),./dataset/skeleton_final_v2/rock/rock-set2 (430).npy,train
the-finger,the-finger (132),./dataset/skeleton_final_v2/the-finger/the-finger (132).npy,train
ok,ok_Set2_ (577),./dataset/skeleton_final_v2/ok/ok_Set2_ (577).npy,train
thumbup,thumbup (370),./dataset/skeleton_final_v2/thumbup/thumbup (370).npy,train
paper,paper-set2 (18),./dataset/skeleton_final_v2/paper/paper-set2 (18).npy,train
paper,paper_1450,./dataset/skeleton_final_v2/paper/paper_1450.npy,train
scissors,scissors_762,./dataset/skeleton_final_v2/scissors/scissors_762.npy,train
scissors,scissors-set2 (380),./dataset/skeleton_final_v2/scissors/scissors-set2 (380).npy,train
thumbup,thumbup (197),./dataset/skeleton_final_v2/thumbup/thumbup (197).npy,train
the-finger,the-finger_6061,./dataset/skeleton_final_v2/the-finger/the-finger_6061.npy,train
ok,ok_8536,./dataset/skeleton_final_v2/ok/ok_8536.npy,train
thumbdown,thumbdown_9016,./dataset/skeleton_final_v2/thumbdown/thumbdown_9016.npy,train
scissors,scissors_6966,./dataset/skeleton_final_v2/scissors/scissors_6966.npy,train
paper,paper_6521,./dataset/skeleton_final_v2/paper/paper_6521.npy,train
paper,paper-set2 (417),./dataset/skeleton_final_v2/paper/paper-set2 (417).npy,train
ok,ok_Set2_ (428),./dataset/skeleton_final_v2/ok/ok_Set2_ (428).npy,train
thumbdown,thumbdown (274),./dataset/skeleton_final_v2/thumbdown/thumbdown (274).npy,train
ok,ok_2939,./dataset/skeleton_final_v2/ok/ok_2939.npy,train
paper,paper-set2 (86),./dataset/skeleton_final_v2/paper/paper-set2 (86).npy,train
the-finger,the-finger-set2 (13),./dataset/skeleton_final_v2/the-finger/the-finger-set2 (13).npy,train
the-finger,the-finger-set2 (288),./dataset/skeleton_final_v2/the-finger/the-finger-set2 (288).npy,train
ok,ok_Set2_ (302),./dataset/skeleton_final_v2/ok/ok_Set2_ (302).npy,train
the-finger,the-finger-set2 (329),./dataset/skeleton_final_v2/the-finger/the-finger-set2 (329).npy,train
scissors,scissors-set2 (449),./dataset/skeleton_final_v2/scissors/scissors-set2 (449).npy,train
the-finger,the-finger_7484,./dataset/skeleton_final_v2/the-finger/the-finger_7484.npy,train
thumbup,thumbup_8132,./dataset/skeleton_final_v2/thumbup/thumbup_8132.npy,train
the-finger,the-finger-set2 (98),./dataset/skeleton_final_v2/the-finger/the-finger-set2 (98).npy,train
thumbup,hand-10-2120,./dataset/skeleton_final_v2/thumbup/hand-10-2120.npy,train
thumbup,hand-7-1400,./dataset/skeleton_final_v2/thumbup/hand-7-1400.npy,train
ok,ok_Set2_ (486),./dataset/skeleton_final_v2/ok/ok_Set2_ (486).npy,train
paper,paper-set2 (119),./dataset/skeleton_final_v2/paper/paper-set2 (119).npy,train
ok,ok_Set2_ (512),./dataset/skeleton_final_v2/ok/ok_Set2_ (512).npy,train
scissors,scissors_7356,./dataset/skeleton_final_v2/scissors/scissors_7356.npy,train
rock,rock (20),./dataset/skeleton_final_v2/rock/rock (20).npy,train
thumbup,hand-7-1380,./dataset/skeleton_final_v2/thumbup/hand-7-1380.npy,train
the-finger,the-finger-set2 (96),./dataset/skeleton_final_v2/the-finger/the-finger-set2 (96).npy,train
the-finger,the-finger (50),./dataset/skeleton_final_v2/the-finger/the-finger (50).npy,train
scissors,scissors (218),./dataset/skeleton_final_v2/scissors/scissors (218).npy,train
ok,ok_3972,./dataset/skeleton_final_v2/ok/ok_3972.npy,train
ok,ok_Set2_ (522),./dataset/skeleton_final_v2/ok/ok_Set2_ (522).npy,train
scissors,scissors (418),./dataset/skeleton_final_v2/scissors/scissors (418).npy,train
thumbdown,thumbdown_6826,./dataset/skeleton_final_v2/thumbdown/thumbdown_6826.npy,train
ok,ok_2926,./dataset/skeleton_final_v2/ok/ok_2926.npy,train
ok,ok_2482,./dataset/skeleton_final_v2/ok/ok_2482.npy,train
thumbup,thumbup_1710,./dataset/skeleton_final_v2/thumbup/thumbup_1710.npy,train
paper,paper-set2 (243),./dataset/skeleton_final_v2/paper/paper-set2 (243).npy,train
thumbdown,thumbdown_7435,./dataset/skeleton_final_v2/thumbdown/thumbdown_7435.npy,train
rock,rock-set2 (199),./dataset/skeleton_final_v2/rock/rock-set2 (199).npy,train
rock,rock-set2 (23),./dataset/skeleton_final_v2/rock/rock-set2 (23).npy,train
paper,paper_721,./dataset/skeleton_final_v2/paper/paper_721.npy,train
scissors,scissors-set2 (282),./dataset/skeleton_final_v2/scissors/scissors-set2 (282).npy,train
thumbup,thumbup_1630,./dataset/skeleton_final_v2/thumbup/thumbup_1630.npy,train
paper,paper (164),./dataset/skeleton_final_v2/paper/paper (164).npy,train
thumbdown,hand-7-1680,./dataset/skeleton_final_v2/thumbdown/hand-7-1680.npy,train
ok,ok (28),./dataset/skeleton_final_v2/ok/ok (28).npy,train
scissors,scissors-set2 (176),./dataset/skeleton_final_v2/scissors/scissors-set2 (176).npy,train
paper,paper_3767,./dataset/skeleton_final_v2/paper/paper_3767.npy,train
paper,paper-set2 (111),./dataset/skeleton_final_v2/paper/paper-set2 (111).npy,train
paper,paper-set2 (263),./dataset/skeleton_final_v2/paper/paper-set2 (263).npy,train
paper,paper_3635,./dataset/skeleton_final_v2/paper/paper_3635.npy,train
scissors,scissors-set2 (444),./dataset/skeleton_final_v2/scissors/scissors-set2 (444).npy,train
paper,paper (21),./dataset/skeleton_final_v2/paper/paper (21).npy,train
scissors,scissors_6374,./dataset/skeleton_final_v2/scissors/scissors_6374.npy,train
scissors,scissors-set2 (562),./dataset/skeleton_final_v2/scissors/scissors-set2 (562).npy,train
scissors,scissors (421),./dataset/skeleton_final_v2/scissors/scissors (421).npy,train
paper,paper-set2 (362),./dataset/skeleton_final_v2/paper/paper-set2 (362).npy,train
thumbdown,thumbdown_6440,./dataset/skeleton_final_v2/thumbdown/thumbdown_6440.npy,train
ok,ok_Set2_ (234),./dataset/skeleton_final_v2/ok/ok_Set2_ (234).npy,train
the-finger,the-finger-set2 (440),./dataset/skeleton_final_v2/the-finger/the-finger-set2 (440).npy,train
the-finger,the-finger_5374,./dataset/skeleton_final_v2/the-finger/the-finger_5374.npy,train
paper,paper_7946,./dataset/skeleton_final_v2/paper/paper_7946.npy,train
thumbup,thumbup (17),./dataset/skeleton_final_v2/thumbup/thumbup (17).npy,train
thumbup,thumbup (380),./dataset/skeleton_final_v2/thumbup/thumbup (380).npy,train
thumbup,thumbup (116),./dataset/skeleton_final_v2/thumbup/thumbup (116).npy,train
paper,paper-set2 (15),./dataset/skeleton_final_v2/paper/paper-set2 (15).npy,train
thumbup,thumbup_6799,./dataset/skeleton_final_v2/thumbup/thumbup_6799.npy,train
scissors,scissors-set2 (553),./dataset/skeleton_final_v2/scissors/scissors-set2 (553).npy,train
thumbup,thumbup_2131,./dataset/skeleton_final_v2/thumbup/thumbup_2131.npy,train
ok,ok_Set2_ (524),./dataset/skeleton_final_v2/ok/ok_Set2_ (524).npy,train
thumbup,thumbup (323),./dataset/skeleton_final_v2/thumbup/thumbup (323).npy,train
scissors,scissors_2670,./dataset/skeleton_final_v2/scissors/scissors_2670.npy,train
rock,rock_7908,./dataset/skeleton_final_v2/rock/rock_7908.npy,train
scissors,scissors-set2 (608),./dataset/skeleton_final_v2/scissors/scissors-set2 (608).npy,train
paper,paper (189),./dataset/skeleton_final_v2/paper/paper (189).npy,train
scissors,scissors (136),./dataset/skeleton_final_v2/scissors/scissors (136).npy,train
scissors,scissors_7184,./dataset/skeleton_final_v2/scissors/scissors_7184.npy,train
scissors,scissors (441),./dataset/skeleton_final_v2/scissors/scissors (441).npy,train
thumbup,thumbup_6205,./dataset/skeleton_final_v2/thumbup/thumbup_6205.npy,train
thumbup,thumbup (99),./dataset/skeleton_final_v2/thumbup/thumbup (99).npy,train
scissors,scissors-set2 (637),./dataset/skeleton_final_v2/scissors/scissors-set2 (637).npy,train
ok,ok_Set2_ (237),./dataset/skeleton_final_v2/ok/ok_Set2_ (237).npy,train
the-finger,the-finger_3458,./dataset/skeleton_final_v2/the-finger/the-finger_3458.npy,train
paper,paper-set2 (65),./dataset/skeleton_final_v2/paper/paper-set2 (65).npy,train
scissors,scissors_6148,./dataset/skeleton_final_v2/scissors/scissors_6148.npy,train
the-finger,the-finger_654,./dataset/skeleton_final_v2/the-finger/the-finger_654.npy,train
ok,ok_Set2_ (353),./dataset/skeleton_final_v2/ok/ok_Set2_ (353).npy,train
ok,ok_6583,./dataset/skeleton_final_v2/ok/ok_6583.npy,train
paper,paper-set2 (251),./dataset/skeleton_final_v2/paper/paper-set2 (251).npy,train
scissors,scissors_6743,./dataset/skeleton_final_v2/scissors/scissors_6743.npy,train
paper,paper-set2 (139),./dataset/skeleton_final_v2/paper/paper-set2 (139).npy,train
paper,paper (186),./dataset/skeleton_final_v2/paper/paper (186).npy,train
thumbup,thumbup (383),./dataset/skeleton_final_v2/thumbup/thumbup (383).npy,train
thumbdown,thumbdown (83),./dataset/skeleton_final_v2/thumbdown/thumbdown (83).npy,train
scissors,scissors-set2 (487),./dataset/skeleton_final_v2/scissors/scissors-set2 (487).npy,train
ok,ok_Set2_ (130),./dataset/skeleton_final_v2/ok/ok_Set2_ (130).npy,train
paper,paper-set2 (1),./dataset/skeleton_final_v2/paper/paper-set2 (1).npy,train
scissors,scissors-set2 (649),./dataset/skeleton_final_v2/scissors/scissors-set2 (649).npy,train
ok,ok_1201,./dataset/skeleton_final_v2/ok/ok_1201.npy,train
ok,ok (120),./dataset/skeleton_final_v2/ok/ok (120).npy,train
paper,paper (8),./dataset/skeleton_final_v2/paper/paper (8).npy,train
rock,rock (227),./dataset/skeleton_final_v2/rock/rock (227).npy,train
thumbup,thumbup_7191,./dataset/skeleton_final_v2/thumbup/thumbup_7191.npy,train
scissors,scissors_6726,./dataset/skeleton_final_v2/scissors/scissors_6726.npy,train
thumbup,thumbup_9292,./dataset/skeleton_final_v2/thumbup/thumbup_9292.npy,train
scissors,scissors-set2 (564),./dataset/skeleton_final_v2/scissors/scissors-set2 (564).npy,train
scissors,scissors_3925,./dataset/skeleton_final_v2/scissors/scissors_3925.npy,train
paper,paper-set2 (396),./dataset/skeleton_final_v2/paper/paper-set2 (396).npy,train
thumbdown,thumbdown_7802,./dataset/skeleton_final_v2/thumbdown/thumbdown_7802.npy,train
ok,ok_Set2_ (364),./dataset/skeleton_final_v2/ok/ok_Set2_ (364).npy,train
scissors,scissors (78),./dataset/skeleton_final_v2/scissors/scissors (78).npy,train
thumbup,thumbup_5793,./dataset/skeleton_final_v2/thumbup/thumbup_5793.npy,train
the-finger,the-finger (6),./dataset/skeleton_final_v2/the-finger/the-finger (6).npy,train
thumbup,thumbup (276),./dataset/skeleton_final_v2/thumbup/thumbup (276).npy,train
thumbdown,thumbdown_3421,./dataset/skeleton_final_v2/thumbdown/thumbdown_3421.npy,train
thumbup,hand-11-2270,./dataset/skeleton_final_v2/thumbup/hand-11-2270.npy,train
paper,paper-set2 (205),./dataset/skeleton_final_v2/paper/paper-set2 (205).npy,train
scissors,scissors-set2 (423),./dataset/skeleton_final_v2/scissors/scissors-set2 (423).npy,train
thumbup,thumbup (435),./dataset/skeleton_final_v2/thumbup/thumbup (435).npy,train
thumbup,hand-10-2525,./dataset/skeleton_final_v2/thumbup/hand-10-2525.npy,train
the-finger,the-finger-set2 (31),./dataset/skeleton_final_v2/the-finger/the-finger-set2 (31).npy,train
scissors,scissors (143),./dataset/skeleton_final_v2/scissors/scissors (143).npy,train
ok,ok (9),./dataset/skeleton_final_v2/ok/ok (9).npy,train
ok,ok_4973,./dataset/skeleton_final_v2/ok/ok_4973.npy,train
paper,paper (4),./dataset/skeleton_final_v2/paper/paper (4).npy,train
paper,paper_8758,./dataset/skeleton_final_v2/paper/paper_8758.npy,train
thumbdown,hand-7-1510,./dataset/skeleton_final_v2/thumbdown/hand-7-1510.npy,train
scissors,scissors-set2 (472),./dataset/skeleton_final_v2/scissors/scissors-set2 (472).npy,train
ok,ok (36),./dataset/skeleton_final_v2/ok/ok (36).npy,train
scissors,scissors-set2 (591),./dataset/skeleton_final_v2/scissors/scissors-set2 (591).npy,train
scissors,scissors_5754,./dataset/skeleton_final_v2/scissors/scissors_5754.npy,train
paper,paper-set2 (479),./dataset/skeleton_final_v2/paper/paper-set2 (479).npy,train
thumbdown,thumbdown_4462,./dataset/skeleton_final_v2/thumbdown/thumbdown_4462.npy,train
paper,paper-set2 (455),./dataset/skeleton_final_v2/paper/paper-set2 (455).npy,train
paper,paper-set2 (134),./dataset/skeleton_final_v2/paper/paper-set2 (134).npy,train
scissors,scissors_2773,./dataset/skeleton_final_v2/scissors/scissors_2773.npy,train
thumbdown,hand-10-2310,./dataset/skeleton_final_v2/thumbdown/hand-10-2310.npy,train
paper,paper-set2 (461),./dataset/skeleton_final_v2/paper/paper-set2 (461).npy,train
paper,paper (23),./dataset/skeleton_final_v2/paper/paper (23).npy,train
the-finger,the-finger_6869,./dataset/skeleton_final_v2/the-finger/the-finger_6869.npy,train
thumbup,thumbup_4196,./dataset/skeleton_final_v2/thumbup/thumbup_4196.npy,train
the-finger,the-finger_6858,./dataset/skeleton_final_v2/the-finger/the-finger_6858.npy,train
the-finger,the-finger-set2 (149),./dataset/skeleton_final_v2/the-finger/the-finger-set2 (149).npy,train
thumbup,hand-8-3580,./dataset/skeleton_final_v2/thumbup/hand-8-3580.npy,train
ok,ok (89),./dataset/skeleton_final_v2/ok/ok (89).npy,train
scissors,scissors (167),./dataset/skeleton_final_v2/scissors/scissors (167).npy,train
ok,ok_5954,./dataset/skeleton_final_v2/ok/ok_5954.npy,train
ok,ok_5257,./dataset/skeleton_final_v2/ok/ok_5257.npy,train
scissors,scissors-set2 (580),./dataset/skeleton_final_v2/scissors/scissors-set2 (580).npy,train
thumbup,thumbup (312),./dataset/skeleton_final_v2/thumbup/thumbup (312).npy,train
paper,paper_2511,./dataset/skeleton_final_v2/paper/paper_2511.npy,train
the-finger,the-finger-set2 (136),./dataset/skeleton_final_v2/the-finger/the-finger-set2 (136).npy,train
thumbup,hand-9-1675,./dataset/skeleton_final_v2/thumbup/hand-9-1675.npy,train
rock,rock-set2 (181),./dataset/skeleton_final_v2/rock/rock-set2 (181).npy,train
thumbup,thumbup (31),./dataset/skeleton_final_v2/thumbup/thumbup (31).npy,train
thumbdown,thumbdown_4472,./dataset/skeleton_final_v2/thumbdown/thumbdown_4472.npy,train
thumbup,thumbup (14),./dataset/skeleton_final_v2/thumbup/thumbup (14).npy,train
paper,paper-set2 (330),./dataset/skeleton_final_v2/paper/paper-set2 (330).npy,train
the-finger,the-finger_7850,./dataset/skeleton_final_v2/the-finger/the-finger_7850.npy,train
thumbdown,thumbdown_4458,./dataset/skeleton_final_v2/thumbdown/thumbdown_4458.npy,train
ok,ok_Set2_ (430),./dataset/skeleton_final_v2/ok/ok_Set2_ (430).npy,train
thumbdown,hand-7-1635,./dataset/skeleton_final_v2/thumbdown/hand-7-1635.npy,train
scissors,scissors-set2 (307),./dataset/skeleton_final_v2/scissors/scissors-set2 (307).npy,train
thumbup,thumbup (191),./dataset/skeleton_final_v2/thumbup/thumbup (191).npy,train
thumbdown,hand-7-1505,./dataset/skeleton_final_v2/thumbdown/hand-7-1505.npy,train
the-finger,the-finger-set2 (367),./dataset/skeleton_final_v2/the-finger/the-finger-set2 (367).npy,train
thumbup,thumbup (378),./dataset/skeleton_final_v2/thumbup/thumbup (378).npy,train
paper,paper-set2 (124),./dataset/skeleton_final_v2/paper/paper-set2 (124).npy,train
paper,paper-set2 (254),./dataset/skeleton_final_v2/paper/paper-set2 (254).npy,train
the-finger,the-finger_3476,./dataset/skeleton_final_v2/the-finger/the-finger_3476.npy,train
scissors,scissors-set2 (158),./dataset/skeleton_final_v2/scissors/scissors-set2 (158).npy,train
rock,rock-set2 (442),./dataset/skeleton_final_v2/rock/rock-set2 (442).npy,train
ok,ok_Set2_ (177),./dataset/skeleton_final_v2/ok/ok_Set2_ (177).npy,train
thumbup,hand-9-1640,./dataset/skeleton_final_v2/thumbup/hand-9-1640.npy,train
ok,ok_Set2_ (1),./dataset/skeleton_final_v2/ok/ok_Set2_ (1).npy,train
thumbdown,thumbdown_9012,./dataset/skeleton_final_v2/thumbdown/thumbdown_9012.npy,train
ok,ok_7020,./dataset/skeleton_final_v2/ok/ok_7020.npy,train
the-finger,the-finger_7830,./dataset/skeleton_final_v2/the-finger/the-finger_7830.npy,train
thumbdown,hand-9-1955,./dataset/skeleton_final_v2/thumbdown/hand-9-1955.npy,train
paper,paper_8764,./dataset/skeleton_final_v2/paper/paper_8764.npy,train
scissors,scissors (394),./dataset/skeleton_final_v2/scissors/scissors (394).npy,train
thumbdown,hand-9-1920,./dataset/skeleton_final_v2/thumbdown/hand-9-1920.npy,train
scissors,scissors (443),./dataset/skeleton_final_v2/scissors/scissors (443).npy,train
paper,paper (286),./dataset/skeleton_final_v2/paper/paper (286).npy,train
the-finger,the-finger (2),./dataset/skeleton_final_v2/the-finger/the-finger (2).npy,train
thumbup,hand-7-1355,./dataset/skeleton_final_v2/thumbup/hand-7-1355.npy,train
paper,paper_7136,./dataset/skeleton_final_v2/paper/paper_7136.npy,train
scissors,scissors_7352,./dataset/skeleton_final_v2/scissors/scissors_7352.npy,train
thumbdown,hand-9-1935,./dataset/skeleton_final_v2/thumbdown/hand-9-1935.npy,train
the-finger,the-finger-set2 (439),./dataset/skeleton_final_v2/the-finger/the-finger-set2 (439).npy,train
paper,paper_5892,./dataset/skeleton_final_v2/paper/paper_5892.npy,train
rock,rock_6100,./dataset/skeleton_final_v2/rock/rock_6100.npy,train
the-finger,the-finger-set2 (283),./dataset/skeleton_final_v2/the-finger/the-finger-set2 (283).npy,train
ok,ok_2893,./dataset/skeleton_final_v2/ok/ok_2893.npy,train
ok,ok (79),./dataset/skeleton_final_v2/ok/ok (79).npy,train
scissors,scissors-set2 (538),./dataset/skeleton_final_v2/scissors/scissors-set2 (538).npy,train
thumbdown,thumbdown_6825,./dataset/skeleton_final_v2/thumbdown/thumbdown_6825.npy,train
ok,ok_Set2_ (538),./dataset/skeleton_final_v2/ok/ok_Set2_ (538).npy,train
ok,ok_Set2_ (362),./dataset/skeleton_final_v2/ok/ok_Set2_ (362).npy,train
thumbdown,thumbdown (271),./dataset/skeleton_final_v2/thumbdown/thumbdown (271).npy,train
scissors,scissors_6547,./dataset/skeleton_final_v2/scissors/scissors_6547.npy,train
thumbdown,thumbdown (197),./dataset/skeleton_final_v2/thumbdown/thumbdown (197).npy,train
paper,paper-set2 (465),./dataset/skeleton_final_v2/paper/paper-set2 (465).npy,train
scissors,scissors_7643,./dataset/skeleton_final_v2/scissors/scissors_7643.npy,train
ok,ok_Set2_ (351),./dataset/skeleton_final_v2/ok/ok_Set2_ (351).npy,train
paper,paper-set2 (332),./dataset/skeleton_final_v2/paper/paper-set2 (332).npy,train
ok,ok_7683,./dataset/skeleton_final_v2/ok/ok_7683.npy,train
the-finger,the-finger_221,./dataset/skeleton_final_v2/the-finger/the-finger_221.npy,train
scissors,scissors-set2 (534),./dataset/skeleton_final_v2/scissors/scissors-set2 (534).npy,train
scissors,scissors-set2 (76),./dataset/skeleton_final_v2/scissors/scissors-set2 (76).npy,train
scissors,scissors-set2 (459),./dataset/skeleton_final_v2/scissors/scissors-set2 (459).npy,train
the-finger,the-finger-set2 (157),./dataset/skeleton_final_v2/the-finger/the-finger-set2 (157).npy,train
scissors,scissors-set2 (295),./dataset/skeleton_final_v2/scissors/scissors-set2 (295).npy,train
the-finger,the-finger-set2 (428),./dataset/skeleton_final_v2/the-finger/the-finger-set2 (428).npy,train
scissors,scissors-set2 (708),./dataset/skeleton_final_v2/scissors/scissors-set2 (708).npy,train
paper,paper-set2 (163),./dataset/skeleton_final_v2/paper/paper-set2 (163).npy,train
rock,rock-set2 (175),./dataset/skeleton_final_v2/rock/rock-set2 (175).npy,train
the-finger,the-finger-set2 (404),./dataset/skeleton_final_v2/the-finger/the-finger-set2 (404).npy,train
scissors,scissors-set2 (124),./dataset/skeleton_final_v2/scissors/scissors-set2 (124).npy,train
thumbup,thumbup (210),./dataset/skeleton_final_v2/thumbup/thumbup (210).npy,train
thumbdown,thumbdown_3232,./dataset/skeleton_final_v2/thumbdown/thumbdown_3232.npy,train
scissors,scissors-set2 (346),./dataset/skeleton_final_v2/scissors/scissors-set2 (346).npy,train
scissors,scissors-set2 (137),./dataset/skeleton_final_v2/scissors/scissors-set2 (137).npy,train
thumbup,thumbup (490),./dataset/skeleton_final_v2/thumbup/thumbup (490).npy,train
scissors,scissors-set2 (491),./dataset/skeleton_final_v2/scissors/scissors-set2 (491).npy,train
scissors,scissors_8794,./dataset/skeleton_final_v2/scissors/scissors_8794.npy,train
scissors,scissors (341),./dataset/skeleton_final_v2/scissors/scissors (341).npy,train
scissors,scissors_8820,./dataset/skeleton_final_v2/scissors/scissors_8820.npy,train
thumbup,thumbup (85),./dataset/skeleton_final_v2/thumbup/thumbup (85).npy,train
rock,rock_8400,./dataset/skeleton_final_v2/rock/rock_8400.npy,train
thumbdown,thumbdown_7253,./dataset/skeleton_final_v2/thumbdown/thumbdown_7253.npy,train
thumbdown,hand-8-1910,./dataset/skeleton_final_v2/thumbdown/hand-8-1910.npy,train
thumbdown,thumbdown_541,./dataset/skeleton_final_v2/thumbdown/thumbdown_541.npy,train
ok,ok_6172,./dataset/skeleton_final_v2/ok/ok_6172.npy,train
thumbup,thumbup_5987,./dataset/skeleton_final_v2/thumbup/thumbup_5987.npy,train
the-finger,the-finger-set2 (395),./dataset/skeleton_final_v2/the-finger/the-finger-set2 (395).npy,train
thumbup,hand-10-450,./dataset/skeleton_final_v2/thumbup/hand-10-450.npy,train
thumbup,thumbup_8120,./dataset/skeleton_final_v2/thumbup/thumbup_8120.npy,train
scissors,scissors (305),./dataset/skeleton_final_v2/scissors/scissors (305).npy,train
thumbdown,thumbdown (56),./dataset/skeleton_final_v2/thumbdown/thumbdown (56).npy,train
the-finger,the-finger (73),./dataset/skeleton_final_v2/the-finger/the-finger (73).npy,train
paper,paper-set2 (218),./dataset/skeleton_final_v2/paper/paper-set2 (218).npy,train
scissors,scissors_6150,./dataset/skeleton_final_v2/scissors/scissors_6150.npy,train
thumbup,thumbup (59),./dataset/skeleton_final_v2/thumbup/thumbup (59).npy,train
paper,paper-set2 (273),./dataset/skeleton_final_v2/paper/paper-set2 (273).npy,train
paper,paper-set2 (337),./dataset/skeleton_final_v2/paper/paper-set2 (337).npy,train
thumbup,hand-7-1430,./dataset/skeleton_final_v2/thumbup/hand-7-1430.npy,train
ok,ok_1127,./dataset/skeleton_final_v2/ok/ok_1127.npy,train
scissors,scissors-set2 (177),./dataset/skeleton_final_v2/scissors/scissors-set2 (177).npy,train
the-finger,the-finger_9066,./dataset/skeleton_final_v2/the-finger/the-finger_9066.npy,train
ok,ok (127),./dataset/skeleton_final_v2/ok/ok (127).npy,train
scissors,scissors-set2 (738),./dataset/skeleton_final_v2/scissors/scissors-set2 (738).npy,train
the-finger,the-finger-set2 (281),./dataset/skeleton_final_v2/the-finger/the-finger-set2 (281).npy,train
thumbdown,thumbdown_7472,./dataset/skeleton_final_v2/thumbdown/thumbdown_7472.npy,train
ok,ok_2659,./dataset/skeleton_final_v2/ok/ok_2659.npy,train
ok,ok (57),./dataset/skeleton_final_v2/ok/ok (57).npy,train
ok,ok (117),./dataset/skeleton_final_v2/ok/ok (117).npy,train
ok,ok_Set2_ (544),./dataset/skeleton_final_v2/ok/ok_Set2_ (544).npy,train
rock,rock-set2 (84),./dataset/skeleton_final_v2/rock/rock-set2 (84).npy,train
thumbup,thumbup (285),./dataset/skeleton_final_v2/thumbup/thumbup (285).npy,train
scissors,scissors_6557,./dataset/skeleton_final_v2/scissors/scissors_6557.npy,train
the-finger,the-finger-set2 (334),./dataset/skeleton_final_v2/the-finger/the-finger-set2 (334).npy,train
scissors,scissors_2632,./dataset/skeleton_final_v2/scissors/scissors_2632.npy,train
the-finger,the-finger-set2 (422),./dataset/skeleton_final_v2/the-finger/the-finger-set2 (422).npy,train
paper,paper_7150,./dataset/skeleton_final_v2/paper/paper_7150.npy,train
the-finger,the-finger-set2 (344),./dataset/skeleton_final_v2/the-finger/the-finger-set2 (344).npy,train
ok,ok_6574,./dataset/skeleton_final_v2/ok/ok_6574.npy,train
paper,paper (161),./dataset/skeleton_final_v2/paper/paper (161).npy,train
scissors,scissors-set2 (166),./dataset/skeleton_final_v2/scissors/scissors-set2 (166).npy,train
scissors,scissors (455),./dataset/skeleton_final_v2/scissors/scissors (455).npy,train
the-finger,the-finger_6078,./dataset/skeleton_final_v2/the-finger/the-finger_6078.npy,train
scissors,scissors-set2 (498),./dataset/skeleton_final_v2/scissors/scissors-set2 (498).npy,train
scissors,scissors-set2 (382),./dataset/skeleton_final_v2/scissors/scissors-set2 (382).npy,train
thumbdown,thumbdown_7254,./dataset/skeleton_final_v2/thumbdown/thumbdown_7254.npy,train
thumbup,thumbup (357),./dataset/skeleton_final_v2/thumbup/thumbup (357).npy,train
thumbdown,hand-10-2620,./dataset/skeleton_final_v2/thumbdown/hand-10-2620.npy,train
the-finger,the-finger_6864,./dataset/skeleton_final_v2/the-finger/the-finger_6864.npy,train
ok,ok (38),./dataset/skeleton_final_v2/ok/ok (38).npy,train
ok,ok_2629,./dataset/skeleton_final_v2/ok/ok_2629.npy,train
scissors,scissors-set2 (111),./dataset/skeleton_final_v2/scissors/scissors-set2 (111).npy,train
thumbup,thumbup_2091,./dataset/skeleton_final_v2/thumbup/thumbup_2091.npy,train
the-finger,the-finger-set2 (139),./dataset/skeleton_final_v2/the-finger/the-finger-set2 (139).npy,train
ok,ok_Set2_ (35),./dataset/skeleton_final_v2/ok/ok_Set2_ (35).npy,train
ok,ok_2777,./dataset/skeleton_final_v2/ok/ok_2777.npy,train
thumbup,thumbup_7039,./dataset/skeleton_final_v2/thumbup/thumbup_7039.npy,train
ok,ok (242),./dataset/skeleton_final_v2/ok/ok (242).npy,train
scissors,scissors (454),./dataset/skeleton_final_v2/scissors/scissors (454).npy,train
the-finger,the-finger_7096,./dataset/skeleton_final_v2/the-finger/the-finger_7096.npy,train
thumbup,thumbup (387),./dataset/skeleton_final_v2/thumbup/thumbup (387).npy,train
ok,ok (213),./dataset/skeleton_final_v2/ok/ok (213).npy,train
paper,paper-set2 (41),./dataset/skeleton_final_v2/paper/paper-set2 (41).npy,train
the-finger,the-finger-set2 (324),./dataset/skeleton_final_v2/the-finger/the-finger-set2 (324).npy,train
ok,ok_Set2_ (566),./dataset/skeleton_final_v2/ok/ok_Set2_ (566).npy,train
scissors,scissors-set2 (497),./dataset/skeleton_final_v2/scissors/scissors-set2 (497).npy,train
the-finger,the-finger_7090,./dataset/skeleton_final_v2/the-finger/the-finger_7090.npy,train
rock,rock_332,./dataset/skeleton_final_v2/rock/rock_332.npy,train
ok,ok_5290,./dataset/skeleton_final_v2/ok/ok_5290.npy,train
thumbdown,thumbdown_6855,./dataset/skeleton_final_v2/thumbdown/thumbdown_6855.npy,train
thumbdown,hand-8-1920,./dataset/skeleton_final_v2/thumbdown/hand-8-1920.npy,train
thumbup,thumbup (261),./dataset/skeleton_final_v2/thumbup/thumbup (261).npy,train
ok,ok (157),./dataset/skeleton_final_v2/ok/ok (157).npy,train
scissors,scissors (347),./dataset/skeleton_final_v2/scissors/scissors (347).npy,train
scissors,scissors_3919,./dataset/skeleton_final_v2/scissors/scissors_3919.npy,train
paper,paper-set2 (475),./dataset/skeleton_final_v2/paper/paper-set2 (475).npy,train
thumbdown,thumbdown (236),./dataset/skeleton_final_v2/thumbdown/thumbdown (236).npy,train
thumbdown,hand-9-2105,./dataset/skeleton_final_v2/thumbdown/hand-9-2105.npy,train
thumbup,thumbup (43),./dataset/skeleton_final_v2/thumbup/thumbup (43).npy,train
thumbdown,thumbdown (186),./dataset/skeleton_final_v2/thumbdown/thumbdown (186).npy,train
scissors,scissors-set2 (583),./dataset/skeleton_final_v2/scissors/scissors-set2 (583).npy,train
the-finger,the-finger-set2 (284),./dataset/skeleton_final_v2/the-finger/the-finger-set2 (284).npy,train
rock,rock (218),./dataset/skeleton_final_v2/rock/rock (218).npy,train
paper,paper-set2 (428),./dataset/skeleton_final_v2/paper/paper-set2 (428).npy,train
ok,ok_Set2_ (45),./dataset/skeleton_final_v2/ok/ok_Set2_ (45).npy,train
the-finger,the-finger_6481,./dataset/skeleton_final_v2/the-finger/the-finger_6481.npy,train
thumbdown,thumbdown_6824,./dataset/skeleton_final_v2/thumbdown/thumbdown_6824.npy,train
thumbdown,thumbdown_6243,./dataset/skeleton_final_v2/thumbdown/thumbdown_6243.npy,train
thumbdown,thumbdown_5342,./dataset/skeleton_final_v2/thumbdown/thumbdown_5342.npy,train
paper,paper-set2 (57),./dataset/skeleton_final_v2/paper/paper-set2 (57).npy,train
thumbdown,thumbdown (195),./dataset/skeleton_final_v2/thumbdown/thumbdown (195).npy,train
thumbdown,thumbdown (70),./dataset/skeleton_final_v2/thumbdown/thumbdown (70).npy,train
thumbdown,thumbdown_4396,./dataset/skeleton_final_v2/thumbdown/thumbdown_4396.npy,train
paper,paper (18),./dataset/skeleton_final_v2/paper/paper (18).npy,train
rock,rock-set2 (1),./dataset/skeleton_final_v2/rock/rock-set2 (1).npy,train
scissors,scissors-set2 (93),./dataset/skeleton_final_v2/scissors/scissors-set2 (93).npy,train
paper,paper_2533,./dataset/skeleton_final_v2/paper/paper_2533.npy,train
thumbup,thumbup (101),./dataset/skeleton_final_v2/thumbup/thumbup (101).npy,train
thumbdown,hand-7-1675,./dataset/skeleton_final_v2/thumbdown/hand-7-1675.npy,train
rock,rock-set2 (219),./dataset/skeleton_final_v2/rock/rock-set2 (219).npy,train
rock,rock (264),./dataset/skeleton_final_v2/rock/rock (264).npy,train
thumbdown,thumbdown_5305,./dataset/skeleton_final_v2/thumbdown/thumbdown_5305.npy,train
thumbdown,thumbdown (142),./dataset/skeleton_final_v2/thumbdown/thumbdown (142).npy,train
paper,paper_358,./dataset/skeleton_final_v2/paper/paper_358.npy,train
scissors,scissors (141),./dataset/skeleton_final_v2/scissors/scissors (141).npy,train
ok,ok (148),./dataset/skeleton_final_v2/ok/ok (148).npy,train
rock,rock_6497,./dataset/skeleton_final_v2/rock/rock_6497.npy,train
the-finger,the-finger_223,./dataset/skeleton_final_v2/the-finger/the-finger_223.npy,train
scissors,scissors-set2 (266),./dataset/skeleton_final_v2/scissors/scissors-set2 (266).npy,train
scissors,scissors-set2 (597),./dataset/skeleton_final_v2/scissors/scissors-set2 (597).npy,train
ok,ok_Set2_ (25),./dataset/skeleton_final_v2/ok/ok_Set2_ (25).npy,train
thumbup,thumbup_6784,./dataset/skeleton_final_v2/thumbup/thumbup_6784.npy,train
scissors,scissors_6369,./dataset/skeleton_final_v2/scissors/scissors_6369.npy,train
ok,ok_Set2_ (326),./dataset/skeleton_final_v2/ok/ok_Set2_ (326).npy,train
ok,ok_Set2_ (47),./dataset/skeleton_final_v2/ok/ok_Set2_ (47).npy,train
ok,ok_5942,./dataset/skeleton_final_v2/ok/ok_5942.npy,train
scissors,scissors (199),./dataset/skeleton_final_v2/scissors/scissors (199).npy,train
scissors,scissors-set2 (513),./dataset/skeleton_final_v2/scissors/scissors-set2 (513).npy,train
paper,paper-set2 (183),./dataset/skeleton_final_v2/paper/paper-set2 (183).npy,train
paper,paper (27),./dataset/skeleton_final_v2/paper/paper (27).npy,train
thumbup,thumbup_7720,./dataset/skeleton_final_v2/thumbup/thumbup_7720.npy,train
ok,ok (86),./dataset/skeleton_final_v2/ok/ok (86).npy,train
the-finger,the-finger_5356,./dataset/skeleton_final_v2/the-finger/the-finger_5356.npy,train
scissors,scissors-set2 (75),./dataset/skeleton_final_v2/scissors/scissors-set2 (75).npy,train
scissors,scissors_7332,./dataset/skeleton_final_v2/scissors/scissors_7332.npy,train
ok,ok_7365,./dataset/skeleton_final_v2/ok/ok_7365.npy,train
ok,ok_4110,./dataset/skeleton_final_v2/ok/ok_4110.npy,train
ok,ok_Set2_ (583),./dataset/skeleton_final_v2/ok/ok_Set2_ (583).npy,train
thumbdown,hand-9-1970,./dataset/skeleton_final_v2/thumbdown/hand-9-1970.npy,train
ok,ok_6578,./dataset/skeleton_final_v2/ok/ok_6578.npy,train
the-finger,the-finger_9466,./dataset/skeleton_final_v2/the-finger/the-finger_9466.npy,train
ok,ok_Set2_ (463),./dataset/skeleton_final_v2/ok/ok_Set2_ (463).npy,train
the-finger,the-finger_7477,./dataset/skeleton_final_v2/the-finger/the-finger_7477.npy,train
the-finger,the-finger_7099,./dataset/skeleton_final_v2/the-finger/the-finger_7099.npy,train
scissors,scissors-set2 (190),./dataset/skeleton_final_v2/scissors/scissors-set2 (190).npy,train
the-finger,the-finger_6278,./dataset/skeleton_final_v2/the-finger/the-finger_6278.npy,train
the-finger,the-finger_7098,./dataset/skeleton_final_v2/the-finger/the-finger_7098.npy,train
ok,ok (39),./dataset/skeleton_final_v2/ok/ok (39).npy,train
thumbdown,thumbdown_6256,./dataset/skeleton_final_v2/thumbdown/thumbdown_6256.npy,train
thumbdown,thumbdown (23),./dataset/skeleton_final_v2/thumbdown/thumbdown (23).npy,train
ok,ok_Set2_ (227),./dataset/skeleton_final_v2/ok/ok_Set2_ (227).npy,train
paper,paper_3756,./dataset/skeleton_final_v2/paper/paper_3756.npy,train
thumbup,thumbup (288),./dataset/skeleton_final_v2/thumbup/thumbup (288).npy,train
paper,paper-set2 (237),./dataset/skeleton_final_v2/paper/paper-set2 (237).npy,train
the-finger,the-finger_1359,./dataset/skeleton_final_v2/the-finger/the-finger_1359.npy,train
the-finger,the-finger_7480,./dataset/skeleton_final_v2/the-finger/the-finger_7480.npy,train
scissors,scissors-set2 (731),./dataset/skeleton_final_v2/scissors/scissors-set2 (731).npy,train
paper,paper-set2 (386),./dataset/skeleton_final_v2/paper/paper-set2 (386).npy,train
paper,paper-set2 (63),./dataset/skeleton_final_v2/paper/paper-set2 (63).npy,train
scissors,scissors_2780,./dataset/skeleton_final_v2/scissors/scissors_2780.npy,train
thumbup,thumbup (158),./dataset/skeleton_final_v2/thumbup/thumbup (158).npy,train
ok,ok_2951,./dataset/skeleton_final_v2/ok/ok_2951.npy,train
scissors,scissors-set2 (291),./dataset/skeleton_final_v2/scissors/scissors-set2 (291).npy,train
ok,ok_Set2_ (19),./dataset/skeleton_final_v2/ok/ok_Set2_ (19).npy,train
thumbdown,thumbdown_6032,./dataset/skeleton_final_v2/thumbdown/thumbdown_6032.npy,train
scissors,scissors (364),./dataset/skeleton_final_v2/scissors/scissors (364).npy,train
thumbup,thumbup_4130,./dataset/skeleton_final_v2/thumbup/thumbup_4130.npy,train
paper,paper-set2 (145),./dataset/skeleton_final_v2/paper/paper-set2 (145).npy,train
thumbdown,hand-11-820,./dataset/skeleton_final_v2/thumbdown/hand-11-820.npy,train
rock,rock (11),./dataset/skeleton_final_v2/rock/rock (11).npy,train
scissors,scissors_5487,./dataset/skeleton_final_v2/scissors/scissors_5487.npy,train
ok,ok_Set2_ (424),./dataset/skeleton_final_v2/ok/ok_Set2_ (424).npy,train
paper,paper_725,./dataset/skeleton_final_v2/paper/paper_725.npy,train
scissors,scissors_1496,./dataset/skeleton_final_v2/scissors/scissors_1496.npy,train
thumbup,thumbup (431),./dataset/skeleton_final_v2/thumbup/thumbup (431).npy,train
scissors,scissors (37),./dataset/skeleton_final_v2/scissors/scissors (37).npy,train
thumbdown,thumbdown (293),./dataset/skeleton_final_v2/thumbdown/thumbdown (293).npy,train
paper,paper_31,./dataset/skeleton_final_v2/paper/paper_31.npy,train
scissors,scissors_6956,./dataset/skeleton_final_v2/scissors/scissors_6956.npy,train
thumbdown,thumbdown_1333,./dataset/skeleton_final_v2/thumbdown/thumbdown_1333.npy,train
paper,paper_2562,./dataset/skeleton_final_v2/paper/paper_2562.npy,train
ok,ok (180),./dataset/skeleton_final_v2/ok/ok (180).npy,train
thumbdown,thumbdown (188),./dataset/skeleton_final_v2/thumbdown/thumbdown (188).npy,train
thumbdown,thumbdown_2219,./dataset/skeleton_final_v2/thumbdown/thumbdown_2219.npy,train
scissors,scissors_5923,./dataset/skeleton_final_v2/scissors/scissors_5923.npy,train
thumbup,thumbup (183),./dataset/skeleton_final_v2/thumbup/thumbup (183).npy,train
scissors,scissors (223),./dataset/skeleton_final_v2/scissors/scissors (223).npy,train
thumbup,thumbup (140),./dataset/skeleton_final_v2/thumbup/thumbup (140).npy,train
scissors,scissors (4),./dataset/skeleton_final_v2/scissors/scissors (4).npy,train
thumbup,hand-9-1560,./dataset/skeleton_final_v2/thumbup/hand-9-1560.npy,train
thumbup,thumbup (128),./dataset/skeleton_final_v2/thumbup/thumbup (128).npy,train
ok,ok (145),./dataset/skeleton_final_v2/ok/ok (145).npy,train
thumbup,thumbup (495),./dataset/skeleton_final_v2/thumbup/thumbup (495).npy,train
ok,ok_Set2_ (481),./dataset/skeleton_final_v2/ok/ok_Set2_ (481).npy,train
ok,ok_Set2_ (41),./dataset/skeleton_final_v2/ok/ok_Set2_ (41).npy,train
thumbup,thumbup (71),./dataset/skeleton_final_v2/thumbup/thumbup (71).npy,train
rock,rock-set2 (355),./dataset/skeleton_final_v2/rock/rock-set2 (355).npy,train
paper,paper (247),./dataset/skeleton_final_v2/paper/paper (247).npy,train
the-finger,the-finger_3462,./dataset/skeleton_final_v2/the-finger/the-finger_3462.npy,train
thumbdown,thumbdown_7238,./dataset/skeleton_final_v2/thumbdown/thumbdown_7238.npy,train
scissors,scissors-set2 (610),./dataset/skeleton_final_v2/scissors/scissors-set2 (610).npy,train
the-finger,the-finger-set2 (146),./dataset/skeleton_final_v2/the-finger/the-finger-set2 (146).npy,train
the-finger,the-finger_6289,./dataset/skeleton_final_v2/the-finger/the-finger_6289.npy,train
paper,paper-set2 (429),./dataset/skeleton_final_v2/paper/paper-set2 (429).npy,train
scissors,scissors-set2 (306),./dataset/skeleton_final_v2/scissors/scissors-set2 (306).npy,train
ok,ok (186),./dataset/skeleton_final_v2/ok/ok (186).npy,train
ok,ok_4106,./dataset/skeleton_final_v2/ok/ok_4106.npy,train
thumbdown,thumbdown (315),./dataset/skeleton_final_v2/thumbdown/thumbdown (315).npy,train
ok,ok_Set2_ (529),./dataset/skeleton_final_v2/ok/ok_Set2_ (529).npy,train
scissors,scissors-set2 (418),./dataset/skeleton_final_v2/scissors/scissors-set2 (418).npy,train
thumbup,thumbup_6769,./dataset/skeleton_final_v2/thumbup/thumbup_6769.npy,train
paper,paper_5138,./dataset/skeleton_final_v2/paper/paper_5138.npy,train
scissors,scissors-set2 (112),./dataset/skeleton_final_v2/scissors/scissors-set2 (112).npy,train
ok,ok_Set2_ (220),./dataset/skeleton_final_v2/ok/ok_Set2_ (220).npy,train
thumbup,thumbup (209),./dataset/skeleton_final_v2/thumbup/thumbup (209).npy,train
the-finger,the-finger-set2 (276),./dataset/skeleton_final_v2/the-finger/the-finger-set2 (276).npy,train
scissors,scissors_6367,./dataset/skeleton_final_v2/scissors/scissors_6367.npy,train
thumbup,thumbup (64),./dataset/skeleton_final_v2/thumbup/thumbup (64).npy,train
scissors,scissors (112),./dataset/skeleton_final_v2/scissors/scissors (112).npy,train
thumbup,thumbup_6411,./dataset/skeleton_final_v2/thumbup/thumbup_6411.npy,train
ok,ok_73,./dataset/skeleton_final_v2/ok/ok_73.npy,train
thumbdown,thumbdown_7445,./dataset/skeleton_final_v2/thumbdown/thumbdown_7445.npy,train
thumbdown,hand-11-760,./dataset/skeleton_final_v2/thumbdown/hand-11-760.npy,train
scissors,scissors (278),./dataset/skeleton_final_v2/scissors/scissors (278).npy,train
thumbdown,thumbdown_4401,./dataset/skeleton_final_v2/thumbdown/thumbdown_4401.npy,train
thumbup,thumbup (33),./dataset/skeleton_final_v2/thumbup/thumbup (33).npy,train
scissors,scissors_5502,./dataset/skeleton_final_v2/scissors/scissors_5502.npy,train
paper,paper-set2 (331),./dataset/skeleton_final_v2/paper/paper-set2 (331).npy,train
paper,paper (137),./dataset/skeleton_final_v2/paper/paper (137).npy,train
ok,ok_Set2_ (29),./dataset/skeleton_final_v2/ok/ok_Set2_ (29).npy,train
paper,paper-set2 (267),./dataset/skeleton_final_v2/paper/paper-set2 (267).npy,train
scissors,scissors-set2 (677),./dataset/skeleton_final_v2/scissors/scissors-set2 (677).npy,train
thumbup,thumbup_1656,./dataset/skeleton_final_v2/thumbup/thumbup_1656.npy,train
ok,ok_Set2_ (363),./dataset/skeleton_final_v2/ok/ok_Set2_ (363).npy,train
the-finger,the-finger (122),./dataset/skeleton_final_v2/the-finger/the-finger (122).npy,train
the-finger,the-finger_5847,./dataset/skeleton_final_v2/the-finger/the-finger_5847.npy,train
ok,ok (83),./dataset/skeleton_final_v2/ok/ok (83).npy,train
the-finger,the-finger-set2 (311),./dataset/skeleton_final_v2/the-finger/the-finger-set2 (311).npy,train
thumbdown,thumbdown_4392,./dataset/skeleton_final_v2/thumbdown/thumbdown_4392.npy,train
thumbdown,thumbdown_6809,./dataset/skeleton_final_v2/thumbdown/thumbdown_6809.npy,train
paper,paper (109),./dataset/skeleton_final_v2/paper/paper (109).npy,train
thumbdown,thumbdown_2239,./dataset/skeleton_final_v2/thumbdown/thumbdown_2239.npy,train
ok,ok_Set2_ (12),./dataset/skeleton_final_v2/ok/ok_Set2_ (12).npy,train
the-finger,the-finger_3478,./dataset/skeleton_final_v2/the-finger/the-finger_3478.npy,train
scissors,scissors (88),./dataset/skeleton_final_v2/scissors/scissors (88).npy,train
rock,rock_3609,./dataset/skeleton_final_v2/rock/rock_3609.npy,train
ok,ok_Set2_ (578),./dataset/skeleton_final_v2/ok/ok_Set2_ (578).npy,train
ok,ok_9242,./dataset/skeleton_final_v2/ok/ok_9242.npy,train
thumbup,thumbup (480),./dataset/skeleton_final_v2/thumbup/thumbup (480).npy,train
paper,paper (64),./dataset/skeleton_final_v2/paper/paper (64).npy,train
rock,rock_6674,./dataset/skeleton_final_v2/rock/rock_6674.npy,train
rock,rock-set2 (356),./dataset/skeleton_final_v2/rock/rock-set2 (356).npy,train
scissors,scissors_2776,./dataset/skeleton_final_v2/scissors/scissors_2776.npy,train
ok,ok_2953,./dataset/skeleton_final_v2/ok/ok_2953.npy,train
thumbdown,thumbdown_9414,./dataset/skeleton_final_v2/thumbdown/thumbdown_9414.npy,train
ok,ok_5953,./dataset/skeleton_final_v2/ok/ok_5953.npy,train
scissors,scissors_2638,./dataset/skeleton_final_v2/scissors/scissors_2638.npy,train
the-finger,the-finger (74),./dataset/skeleton_final_v2/the-finger/the-finger (74).npy,train
scissors,scissors-set2 (709),./dataset/skeleton_final_v2/scissors/scissors-set2 (709).npy,train
scissors,scissors (332),./dataset/skeleton_final_v2/scissors/scissors (332).npy,train
paper,paper-set2 (71),./dataset/skeleton_final_v2/paper/paper-set2 (71).npy,train
paper,paper-set2 (359),./dataset/skeleton_final_v2/paper/paper-set2 (359).npy,train
the-finger,the-finger-set2 (369),./dataset/skeleton_final_v2/the-finger/the-finger-set2 (369).npy,train
thumbup,hand-10-2130,./dataset/skeleton_final_v2/thumbup/hand-10-2130.npy,train
paper,paper_35,./dataset/skeleton_final_v2/paper/paper_35.npy,train
thumbup,thumbup_7028,./dataset/skeleton_final_v2/thumbup/thumbup_7028.npy,train
scissors,scissors-set2 (445),./dataset/skeleton_final_v2/scissors/scissors-set2 (445).npy,train
the-finger,the-finger-set2 (106),./dataset/skeleton_final_v2/the-finger/the-finger-set2 (106).npy,train
the-finger,the-finger-set2 (30),./dataset/skeleton_final_v2/the-finger/the-finger-set2 (30).npy,train
ok,ok_Set2_ (556),./dataset/skeleton_final_v2/ok/ok_Set2_ (556).npy,train
ok,ok_Set2_ (268),./dataset/skeleton_final_v2/ok/ok_Set2_ (268).npy,train
thumbup,hand-11-515,./dataset/skeleton_final_v2/thumbup/hand-11-515.npy,train
thumbup,thumbup (228),./dataset/skeleton_final_v2/thumbup/thumbup (228).npy,train
scissors,scissors_5235,./dataset/skeleton_final_v2/scissors/scissors_5235.npy,train
paper,paper-set2 (426),./dataset/skeleton_final_v2/paper/paper-set2 (426).npy,train
scissors,scissors-set2 (489),./dataset/skeleton_final_v2/scissors/scissors-set2 (489).npy,train
scissors,scissors (80),./dataset/skeleton_final_v2/scissors/scissors (80).npy,train
thumbup,hand-10-15,./dataset/skeleton_final_v2/thumbup/hand-10-15.npy,train
scissors,scissors-set2 (292),./dataset/skeleton_final_v2/scissors/scissors-set2 (292).npy,train
paper,paper_6124,./dataset/skeleton_final_v2/paper/paper_6124.npy,train
thumbup,thumbup (473),./dataset/skeleton_final_v2/thumbup/thumbup (473).npy,train
scissors,scissors-set2 (621),./dataset/skeleton_final_v2/scissors/scissors-set2 (621).npy,train
thumbup,thumbup_8970,./dataset/skeleton_final_v2/thumbup/thumbup_8970.npy,train
paper,paper-set2 (197),./dataset/skeleton_final_v2/paper/paper-set2 (197).npy,train
scissors,scissors_7976,./dataset/skeleton_final_v2/scissors/scissors_7976.npy,train
paper,paper_3697,./dataset/skeleton_final_v2/paper/paper_3697.npy,train
paper,paper_1464,./dataset/skeleton_final_v2/paper/paper_1464.npy,train
ok,ok_Set2_ (9),./dataset/skeleton_final_v2/ok/ok_Set2_ (9).npy,train
scissors,scissors-set2 (485),./dataset/skeleton_final_v2/scissors/scissors-set2 (485).npy,train
paper,paper-set2 (70),./dataset/skeleton_final_v2/paper/paper-set2 (70).npy,train
paper,paper (85),./dataset/skeleton_final_v2/paper/paper (85).npy,train
scissors,scissors_5930,./dataset/skeleton_final_v2/scissors/scissors_5930.npy,train
paper,paper-set2 (499),./dataset/skeleton_final_v2/paper/paper-set2 (499).npy,train
scissors,scissors (9),./dataset/skeleton_final_v2/scissors/scissors (9).npy,train
paper,paper_1442,./dataset/skeleton_final_v2/paper/paper_1442.npy,train
paper,paper_5904,./dataset/skeleton_final_v2/paper/paper_5904.npy,train
ok,ok (171),./dataset/skeleton_final_v2/ok/ok (171).npy,train
the-finger,the-finger-set2 (441),./dataset/skeleton_final_v2/the-finger/the-finger-set2 (441).npy,train
paper,paper-set2 (288),./dataset/skeleton_final_v2/paper/paper-set2 (288).npy,train
ok,ok_7002,./dataset/skeleton_final_v2/ok/ok_7002.npy,train
paper,paper (28),./dataset/skeleton_final_v2/paper/paper (28).npy,train
ok,ok_3953,./dataset/skeleton_final_v2/ok/ok_3953.npy,train
ok,ok_6588,./dataset/skeleton_final_v2/ok/ok_6588.npy,train
paper,paper (87),./dataset/skeleton_final_v2/paper/paper (87).npy,train
paper,paper_2469,./dataset/skeleton_final_v2/paper/paper_2469.npy,train
thumbdown,thumbdown_3305,./dataset/skeleton_final_v2/thumbdown/thumbdown_3305.npy,train
ok,ok_6171,./dataset/skeleton_final_v2/ok/ok_6171.npy,train
scissors,scissors-set2 (506),./dataset/skeleton_final_v2/scissors/scissors-set2 (506).npy,train
thumbdown,thumbdown (182),./dataset/skeleton_final_v2/thumbdown/thumbdown (182).npy,train
thumbdown,hand-10-560,./dataset/skeleton_final_v2/thumbdown/hand-10-560.npy,train
rock,rock_3628,./dataset/skeleton_final_v2/rock/rock_3628.npy,train
ok,ok_Set2_ (499),./dataset/skeleton_final_v2/ok/ok_Set2_ (499).npy,train
paper,paper-set2 (133),./dataset/skeleton_final_v2/paper/paper-set2 (133).npy,train
paper,paper (10),./dataset/skeleton_final_v2/paper/paper (10).npy,train
the-finger,the-finger_3482,./dataset/skeleton_final_v2/the-finger/the-finger_3482.npy,train
rock,rock (145),./dataset/skeleton_final_v2/rock/rock (145).npy,train
ok,ok (198),./dataset/skeleton_final_v2/ok/ok (198).npy,train
the-finger,the-finger_6288,./dataset/skeleton_final_v2/the-finger/the-finger_6288.npy,train
rock,rock_9120,./dataset/skeleton_final_v2/rock/rock_9120.npy,train
thumbup,thumbup (124),./dataset/skeleton_final_v2/thumbup/thumbup (124).npy,train
ok,ok (81),./dataset/skeleton_final_v2/ok/ok (81).npy,train
ok,ok (190),./dataset/skeleton_final_v2/ok/ok (190).npy,train
scissors,scissors-set2 (451),./dataset/skeleton_final_v2/scissors/scissors-set2 (451).npy,train
scissors,scissors_5751,./dataset/skeleton_final_v2/scissors/scissors_5751.npy,train
paper,paper-set2 (274),./dataset/skeleton_final_v2/paper/paper-set2 (274).npy,train
paper,paper-set2 (378),./dataset/skeleton_final_v2/paper/paper-set2 (378).npy,train
thumbdown,thumbdown (241),./dataset/skeleton_final_v2/thumbdown/thumbdown (241).npy,train
the-finger,the-finger-set2 (278),./dataset/skeleton_final_v2/the-finger/the-finger-set2 (278).npy,train
the-finger,the-finger_3456,./dataset/skeleton_final_v2/the-finger/the-finger_3456.npy,train
thumbup,thumbup (48),./dataset/skeleton_final_v2/thumbup/thumbup (48).npy,train
scissors,scissors-set2 (91),./dataset/skeleton_final_v2/scissors/scissors-set2 (91).npy,train
scissors,scissors-set2 (509),./dataset/skeleton_final_v2/scissors/scissors-set2 (509).npy,train
ok,ok_Set2_ (203),./dataset/skeleton_final_v2/ok/ok_Set2_ (203).npy,train
the-finger,the-finger-set2 (320),./dataset/skeleton_final_v2/the-finger/the-finger-set2 (320).npy,train
thumbdown,thumbdown_850,./dataset/skeleton_final_v2/thumbdown/thumbdown_850.npy,train
ok,ok_Set2_ (440),./dataset/skeleton_final_v2/ok/ok_Set2_ (440).npy,train
thumbup,thumbup (419),./dataset/skeleton_final_v2/thumbup/thumbup (419).npy,train
scissors,scissors-set2 (694),./dataset/skeleton_final_v2/scissors/scissors-set2 (694).npy,train
scissors,scissors (213),./dataset/skeleton_final_v2/scissors/scissors (213).npy,train
ok,ok_2742,./dataset/skeleton_final_v2/ok/ok_2742.npy,train
ok,ok_2682,./dataset/skeleton_final_v2/ok/ok_2682.npy,train
thumbup,thumbup_7057,./dataset/skeleton_final_v2/thumbup/thumbup_7057.npy,train
thumbdown,hand-9-2025,./dataset/skeleton_final_v2/thumbdown/hand-9-2025.npy,train
paper,paper-set2 (285),./dataset/skeleton_final_v2/paper/paper-set2 (285).npy,train
thumbup,thumbup (241),./dataset/skeleton_final_v2/thumbup/thumbup (241).npy,train
scissors,scissors (397),./dataset/skeleton_final_v2/scissors/scissors (397).npy,train
thumbdown,thumbdown_2229,./dataset/skeleton_final_v2/thumbdown/thumbdown_2229.npy,train
the-finger,the-finger (140),./dataset/skeleton_final_v2/the-finger/the-finger (140).npy,train
ok,ok_74,./dataset/skeleton_final_v2/ok/ok_74.npy,train
paper,paper-set2 (293),./dataset/skeleton_final_v2/paper/paper-set2 (293).npy,train
scissors,scissors-set2 (410),./dataset/skeleton_final_v2/scissors/scissors-set2 (410).npy,train
ok,ok_Set2_ (470),./dataset/skeleton_final_v2/ok/ok_Set2_ (470).npy,train
thumbdown,thumbdown_540,./dataset/skeleton_final_v2/thumbdown/thumbdown_540.npy,train
ok,ok_Set2_ (444),./dataset/skeleton_final_v2/ok/ok_Set2_ (444).npy,train
the-finger,the-finger (158),./dataset/skeleton_final_v2/the-finger/the-finger (158).npy,train
ok,ok (151),./dataset/skeleton_final_v2/ok/ok (151).npy,train
thumbup,hand-11-2125,./dataset/skeleton_final_v2/thumbup/hand-11-2125.npy,train
paper,paper_5142,./dataset/skeleton_final_v2/paper/paper_5142.npy,train
ok,ok_Set2_ (398),./dataset/skeleton_final_v2/ok/ok_Set2_ (398).npy,train
the-finger,the-finger-set2 (391),./dataset/skeleton_final_v2/the-finger/the-finger-set2 (391).npy,train
thumbup,thumbup (256),./dataset/skeleton_final_v2/thumbup/thumbup (256).npy,train
scissors,scissors_1875,./dataset/skeleton_final_v2/scissors/scissors_1875.npy,train
scissors,scissors-set2 (488),./dataset/skeleton_final_v2/scissors/scissors-set2 (488).npy,train
the-finger,the-finger_234,./dataset/skeleton_final_v2/the-finger/the-finger_234.npy,train
thumbup,hand-11-2310,./dataset/skeleton_final_v2/thumbup/hand-11-2310.npy,train
thumbdown,thumbdown_6854,./dataset/skeleton_final_v2/thumbdown/thumbdown_6854.npy,train
the-finger,the-finger (133),./dataset/skeleton_final_v2/the-finger/the-finger (133).npy,train
paper,paper_6337,./dataset/skeleton_final_v2/paper/paper_6337.npy,train
thumbup,thumbup_141,./dataset/skeleton_final_v2/thumbup/thumbup_141.npy,train
scissors,scissors_6944,./dataset/skeleton_final_v2/scissors/scissors_6944.npy,train
ok,ok_9234,./dataset/skeleton_final_v2/ok/ok_9234.npy,train
scissors,scissors (111),./dataset/skeleton_final_v2/scissors/scissors (111).npy,train
thumbdown,thumbdown_4382,./dataset/skeleton_final_v2/thumbdown/thumbdown_4382.npy,train
the-finger,the-finger (42),./dataset/skeleton_final_v2/the-finger/the-finger (42).npy,train
thumbdown,thumbdown_6852,./dataset/skeleton_final_v2/thumbdown/thumbdown_6852.npy,train
scissors,scissors_428,./dataset/skeleton_final_v2/scissors/scissors_428.npy,train
the-finger,the-finger-set2 (243),./dataset/skeleton_final_v2/the-finger/the-finger-set2 (243).npy,train
thumbup,thumbup (311),./dataset/skeleton_final_v2/thumbup/thumbup (311).npy,train
thumbdown,thumbdown (110),./dataset/skeleton_final_v2/thumbdown/thumbdown (110).npy,train
the-finger,the-finger_3492,./dataset/skeleton_final_v2/the-finger/the-finger_3492.npy,train
ok,ok (182),./dataset/skeleton_final_v2/ok/ok (182).npy,train
scissors,scissors-set2 (475),./dataset/skeleton_final_v2/scissors/scissors-set2 (475).npy,train
scissors,scissors-set2 (161),./dataset/skeleton_final_v2/scissors/scissors-set2 (161).npy,train
the-finger,the-finger-set2 (162),./dataset/skeleton_final_v2/the-finger/the-finger-set2 (162).npy,train
thumbup,thumbup (412),./dataset/skeleton_final_v2/thumbup/thumbup (412).npy,train
thumbdown,thumbdown (273),./dataset/skeleton_final_v2/thumbdown/thumbdown (273).npy,train
thumbup,thumbup (368),./dataset/skeleton_final_v2/thumbup/thumbup (368).npy,train
ok,ok_Set2_ (16),./dataset/skeleton_final_v2/ok/ok_Set2_ (16).npy,train
paper,paper-set2 (300),./dataset/skeleton_final_v2/paper/paper-set2 (300).npy,train
thumbup,hand-7-1375,./dataset/skeleton_final_v2/thumbup/hand-7-1375.npy,train
thumbup,thumbup (182),./dataset/skeleton_final_v2/thumbup/thumbup (182).npy,train
thumbdown,thumbdown_4427,./dataset/skeleton_final_v2/thumbdown/thumbdown_4427.npy,train
the-finger,the-finger-set2 (272),./dataset/skeleton_final_v2/the-finger/the-finger-set2 (272).npy,train
rock,rock-set2 (2),./dataset/skeleton_final_v2/rock/rock-set2 (2).npy,train
scissors,scissors_5759,./dataset/skeleton_final_v2/scissors/scissors_5759.npy,train
thumbup,thumbup (159),./dataset/skeleton_final_v2/thumbup/thumbup (159).npy,train
thumbdown,thumbdown_3263,./dataset/skeleton_final_v2/thumbdown/thumbdown_3263.npy,train
scissors,scissors_1915,./dataset/skeleton_final_v2/scissors/scissors_1915.npy,train
thumbup,thumbup_6220,./dataset/skeleton_final_v2/thumbup/thumbup_6220.npy,train
ok,ok_Set2_ (293),./dataset/skeleton_final_v2/ok/ok_Set2_ (293).npy,train
ok,ok_1582,./dataset/skeleton_final_v2/ok/ok_1582.npy,train
rock,rock-set2 (596),./dataset/skeleton_final_v2/rock/rock-set2 (596).npy,train
scissors,scissors_426,./dataset/skeleton_final_v2/scissors/scissors_426.npy,train
thumbup,thumbup_6761,./dataset/skeleton_final_v2/thumbup/thumbup_6761.npy,train
thumbdown,thumbdown (307),./dataset/skeleton_final_v2/thumbdown/thumbdown (307).npy,train
scissors,scissors-set2 (118),./dataset/skeleton_final_v2/scissors/scissors-set2 (118).npy,train
scissors,scissors-set2 (9),./dataset/skeleton_final_v2/scissors/scissors-set2 (9).npy,train
thumbup,thumbup_840,./dataset/skeleton_final_v2/thumbup/thumbup_840.npy,train
scissors,scissors-set2 (265),./dataset/skeleton_final_v2/scissors/scissors-set2 (265).npy,train
thumbdown,thumbdown_179,./dataset/skeleton_final_v2/thumbdown/thumbdown_179.npy,train
thumbdown,thumbdown (55),./dataset/skeleton_final_v2/thumbdown/thumbdown (55).npy,train
scissors,scissors_5217,./dataset/skeleton_final_v2/scissors/scissors_5217.npy,train
the-finger,the-finger_8278,./dataset/skeleton_final_v2/the-finger/the-finger_8278.npy,train
thumbup,thumbup (381),./dataset/skeleton_final_v2/thumbup/thumbup (381).npy,train
scissors,scissors (58),./dataset/skeleton_final_v2/scissors/scissors (58).npy,train
the-finger,the-finger (106),./dataset/skeleton_final_v2/the-finger/the-finger (106).npy,train
ok,ok_Set2_ (209),./dataset/skeleton_final_v2/ok/ok_Set2_ (209).npy,train
thumbup,thumbup (173),./dataset/skeleton_final_v2/thumbup/thumbup (173).npy,train
ok,ok_7681,./dataset/skeleton_final_v2/ok/ok_7681.npy,train
thumbdown,thumbdown_7800,./dataset/skeleton_final_v2/thumbdown/thumbdown_7800.npy,train
scissors,scissors-set2 (496),./dataset/skeleton_final_v2/scissors/scissors-set2 (496).npy,train
paper,paper_7599,./dataset/skeleton_final_v2/paper/paper_7599.npy,train
paper,paper_8772,./dataset/skeleton_final_v2/paper/paper_8772.npy,train
the-finger,the-finger-set2 (399),./dataset/skeleton_final_v2/the-finger/the-finger-set2 (399).npy,train
thumbdown,thumbdown (17),./dataset/skeleton_final_v2/thumbdown/thumbdown (17).npy,train
thumbup,thumbup_7209,./dataset/skeleton_final_v2/thumbup/thumbup_7209.npy,train
ok,ok_2799,./dataset/skeleton_final_v2/ok/ok_2799.npy,train
thumbdown,thumbdown_8238,./dataset/skeleton_final_v2/thumbdown/thumbdown_8238.npy,train
thumbup,thumbup (70),./dataset/skeleton_final_v2/thumbup/thumbup (70).npy,train
scissors,scissors-set2 (262),./dataset/skeleton_final_v2/scissors/scissors-set2 (262).npy,train
ok,ok_2021,./dataset/skeleton_final_v2/ok/ok_2021.npy,train
thumbdown,thumbdown_4438,./dataset/skeleton_final_v2/thumbdown/thumbdown_4438.npy,train
scissors,scissors_1873,./dataset/skeleton_final_v2/scissors/scissors_1873.npy,train
the-finger,the-finger_1361,./dataset/skeleton_final_v2/the-finger/the-finger_1361.npy,train
ok,ok_4868,./dataset/skeleton_final_v2/ok/ok_4868.npy,train
paper,paper-set2 (432),./dataset/skeleton_final_v2/paper/paper-set2 (432).npy,train
rock,rock-set2 (53),./dataset/skeleton_final_v2/rock/rock-set2 (53).npy,train
thumbup,thumbup (306),./dataset/skeleton_final_v2/thumbup/thumbup (306).npy,train
thumbup,thumbup_7718,./dataset/skeleton_final_v2/thumbup/thumbup_7718.npy,train
thumbup,thumbup (436),./dataset/skeleton_final_v2/thumbup/thumbup (436).npy,train
thumbup,thumbup_1255,./dataset/skeleton_final_v2/thumbup/thumbup_1255.npy,train
scissors,scissors-set2 (122),./dataset/skeleton_final_v2/scissors/scissors-set2 (122).npy,train
paper,paper-set2 (420),./dataset/skeleton_final_v2/paper/paper-set2 (420).npy,train
scissors,scissors-set2 (293),./dataset/skeleton_final_v2/scissors/scissors-set2 (293).npy,train
the-finger,the-finger (36),./dataset/skeleton_final_v2/the-finger/the-finger (36).npy,train
thumbdown,hand-10-595,./dataset/skeleton_final_v2/thumbdown/hand-10-595.npy,train
thumbdown,thumbdown_9358,./dataset/skeleton_final_v2/thumbdown/thumbdown_9358.npy,train
ok,ok_2865,./dataset/skeleton_final_v2/ok/ok_2865.npy,train
ok,ok_5946,./dataset/skeleton_final_v2/ok/ok_5946.npy,train
scissors,scissors (231),./dataset/skeleton_final_v2/scissors/scissors (231).npy,train
thumbup,thumbup (379),./dataset/skeleton_final_v2/thumbup/thumbup (379).npy,train
scissors,scissors-set2 (17),./dataset/skeleton_final_v2/scissors/scissors-set2 (17).npy,train
scissors,scissors-set2 (356),./dataset/skeleton_final_v2/scissors/scissors-set2 (356).npy,train
thumbdown,thumbdown (239),./dataset/skeleton_final_v2/thumbdown/thumbdown (239).npy,train
the-finger,the-finger (40),./dataset/skeleton_final_v2/the-finger/the-finger (40).npy,train
paper,paper-set2 (37),./dataset/skeleton_final_v2/paper/paper-set2 (37).npy,train
paper,paper-set2 (3),./dataset/skeleton_final_v2/paper/paper-set2 (3).npy,train
paper,paper-set2 (159),./dataset/skeleton_final_v2/paper/paper-set2 (159).npy,train
thumbup,thumbup (313),./dataset/skeleton_final_v2/thumbup/thumbup (313).npy,train
scissors,scissors-set2 (467),./dataset/skeleton_final_v2/scissors/scissors-set2 (467).npy,train
rock,rock-set2 (524),./dataset/skeleton_final_v2/rock/rock-set2 (524).npy,train
thumbup,thumbup (219),./dataset/skeleton_final_v2/thumbup/thumbup (219).npy,train
scissors,scissors_48,./dataset/skeleton_final_v2/scissors/scissors_48.npy,train
thumbup,hand-10-2170,./dataset/skeleton_final_v2/thumbup/hand-10-2170.npy,train
thumbdown,hand-9-1965,./dataset/skeleton_final_v2/thumbdown/hand-9-1965.npy,train
rock,rock-set2 (217),./dataset/skeleton_final_v2/rock/rock-set2 (217).npy,train
paper,paper_29,./dataset/skeleton_final_v2/paper/paper_29.npy,train
scissors,scissors-set2 (721),./dataset/skeleton_final_v2/scissors/scissors-set2 (721).npy,train
scissors,scissors-set2 (531),./dataset/skeleton_final_v2/scissors/scissors-set2 (531).npy,train
thumbdown,thumbdown_3409,./dataset/skeleton_final_v2/thumbdown/thumbdown_3409.npy,train
thumbup,hand-10-445,./dataset/skeleton_final_v2/thumbup/hand-10-445.npy,train
paper,paper_8756,./dataset/skeleton_final_v2/paper/paper_8756.npy,train
thumbdown,hand-12-1270,./dataset/skeleton_final_v2/thumbdown/hand-12-1270.npy,train
ok,ok_Set2_ (435),./dataset/skeleton_final_v2/ok/ok_Set2_ (435).npy,train
thumbup,hand-10-10,./dataset/skeleton_final_v2/thumbup/hand-10-10.npy,train
paper,paper (127),./dataset/skeleton_final_v2/paper/paper (127).npy,train
the-finger,the-finger_6659,./dataset/skeleton_final_v2/the-finger/the-finger_6659.npy,train
scissors,scissors (103),./dataset/skeleton_final_v2/scissors/scissors (103).npy,train
scissors,scissors-set2 (672),./dataset/skeleton_final_v2/scissors/scissors-set2 (672).npy,train
paper,paper_6127,./dataset/skeleton_final_v2/paper/paper_6127.npy,train
ok,ok_6581,./dataset/skeleton_final_v2/ok/ok_6581.npy,train
scissors,scissors-set2 (617),./dataset/skeleton_final_v2/scissors/scissors-set2 (617).npy,train
thumbup,thumbup_6792,./dataset/skeleton_final_v2/thumbup/thumbup_6792.npy,train
ok,ok_Set2_ (391),./dataset/skeleton_final_v2/ok/ok_Set2_ (391).npy,train
ok,ok_Set2_ (534),./dataset/skeleton_final_v2/ok/ok_Set2_ (534).npy,train
ok,ok (168),./dataset/skeleton_final_v2/ok/ok (168).npy,train
thumbup,thumbup (278),./dataset/skeleton_final_v2/thumbup/thumbup (278).npy,train
rock,rock-set2 (533),./dataset/skeleton_final_v2/rock/rock-set2 (533).npy,train
paper,paper_22,./dataset/skeleton_final_v2/paper/paper_22.npy,train
ok,ok_Set2_ (484),./dataset/skeleton_final_v2/ok/ok_Set2_ (484).npy,train
scissors,scissors-set2 (648),./dataset/skeleton_final_v2/scissors/scissors-set2 (648).npy,train
thumbup,thumbup (302),./dataset/skeleton_final_v2/thumbup/thumbup (302).npy,train
paper,paper_5478,./dataset/skeleton_final_v2/paper/paper_5478.npy,train
rock,rock-set2 (447),./dataset/skeleton_final_v2/rock/rock-set2 (447).npy,train
ok,ok_1568,./dataset/skeleton_final_v2/ok/ok_1568.npy,train
scissors,scissors-set2 (661),./dataset/skeleton_final_v2/scissors/scissors-set2 (661).npy,train
thumbup,thumbup (330),./dataset/skeleton_final_v2/thumbup/thumbup (330).npy,train
the-finger,the-finger_7814,./dataset/skeleton_final_v2/the-finger/the-finger_7814.npy,train
rock,rock-set2 (63),./dataset/skeleton_final_v2/rock/rock-set2 (63).npy,train
the-finger,the-finger_3516,./dataset/skeleton_final_v2/the-finger/the-finger_3516.npy,train
ok,ok_5948,./dataset/skeleton_final_v2/ok/ok_5948.npy,train
thumbdown,thumbdown_5815,./dataset/skeleton_final_v2/thumbdown/thumbdown_5815.npy,train
thumbup,thumbup (252),./dataset/skeleton_final_v2/thumbup/thumbup (252).npy,train
thumbdown,thumbdown_3215,./dataset/skeleton_final_v2/thumbdown/thumbdown_3215.npy,train
thumbup,hand-10-2570,./dataset/skeleton_final_v2/thumbup/hand-10-2570.npy,train
scissors,scissors_6373,./dataset/skeleton_final_v2/scissors/scissors_6373.npy,train
paper,paper-set2 (166),./dataset/skeleton_final_v2/paper/paper-set2 (166).npy,train
thumbup,hand-11-540,./dataset/skeleton_final_v2/thumbup/hand-11-540.npy,train
scissors,scissors_6357,./dataset/skeleton_final_v2/scissors/scissors_6357.npy,train
thumbup,hand-9-1715,./dataset/skeleton_final_v2/thumbup/hand-9-1715.npy,train
the-finger,the-finger_7268,./dataset/skeleton_final_v2/the-finger/the-finger_7268.npy,train
scissors,scissors (414),./dataset/skeleton_final_v2/scissors/scissors (414).npy,train
thumbdown,thumbdown (168),./dataset/skeleton_final_v2/thumbdown/thumbdown (168).npy,train
thumbup,thumbup (216),./dataset/skeleton_final_v2/thumbup/thumbup (216).npy,train
thumbdown,thumbdown (137),./dataset/skeleton_final_v2/thumbdown/thumbdown (137).npy,train
ok,ok_Set2_ (419),./dataset/skeleton_final_v2/ok/ok_Set2_ (419).npy,train
thumbdown,hand-9-1940,./dataset/skeleton_final_v2/thumbdown/hand-9-1940.npy,train
scissors,scissors (284),./dataset/skeleton_final_v2/scissors/scissors (284).npy,train
paper,paper_3815,./dataset/skeleton_final_v2/paper/paper_3815.npy,train
thumbup,hand-7-1365,./dataset/skeleton_final_v2/thumbup/hand-7-1365.npy,train
ok,ok_7387,./dataset/skeleton_final_v2/ok/ok_7387.npy,train
scissors,scissors (322),./dataset/skeleton_final_v2/scissors/scissors (322).npy,train
paper,paper-set2 (248),./dataset/skeleton_final_v2/paper/paper-set2 (248).npy,train
rock,rock-set2 (359),./dataset/skeleton_final_v2/rock/rock-set2 (359).npy,train
scissors,scissors-set2 (720),./dataset/skeleton_final_v2/scissors/scissors-set2 (720).npy,train
paper,paper_6929,./dataset/skeleton_final_v2/paper/paper_6929.npy,train
thumbdown,thumbdown_5301,./dataset/skeleton_final_v2/thumbdown/thumbdown_5301.npy,train
the-finger,the-finger_8300,./dataset/skeleton_final_v2/the-finger/the-finger_8300.npy,train
scissors,scissors-set2 (600),./dataset/skeleton_final_v2/scissors/scissors-set2 (600).npy,train
thumbdown,thumbdown_4403,./dataset/skeleton_final_v2/thumbdown/thumbdown_4403.npy,train
thumbdown,hand-10-2305,./dataset/skeleton_final_v2/thumbdown/hand-10-2305.npy,train
paper,paper_2449,./dataset/skeleton_final_v2/paper/paper_2449.npy,train
the-finger,the-finger_1365,./dataset/skeleton_final_v2/the-finger/the-finger_1365.npy,train
thumbup,thumbup_8924,./dataset/skeleton_final_v2/thumbup/thumbup_8924.npy,train
thumbdown,thumbdown_171,./dataset/skeleton_final_v2/thumbdown/thumbdown_171.npy,train
ok,ok_1175,./dataset/skeleton_final_v2/ok/ok_1175.npy,train
paper,paper_7329,./dataset/skeleton_final_v2/paper/paper_7329.npy,train
scissors,scissors (135),./dataset/skeleton_final_v2/scissors/scissors (135).npy,train
thumbup,thumbup_6426,./dataset/skeleton_final_v2/thumbup/thumbup_6426.npy,train
rock,rock-set2 (571),./dataset/skeleton_final_v2/rock/rock-set2 (571).npy,train
paper,paper_5728,./dataset/skeleton_final_v2/paper/paper_5728.npy,train
thumbdown,hand-9-2120,./dataset/skeleton_final_v2/thumbdown/hand-9-2120.npy,train
paper,paper-set2 (238),./dataset/skeleton_final_v2/paper/paper-set2 (238).npy,train
paper,paper_4582,./dataset/skeleton_final_v2/paper/paper_4582.npy,train
the-finger,the-finger_7083,./dataset/skeleton_final_v2/the-finger/the-finger_7083.npy,train
rock,rock-set2 (281),./dataset/skeleton_final_v2/rock/rock-set2 (281).npy,train
paper,paper_7589,./dataset/skeleton_final_v2/paper/paper_7589.npy,train
ok,ok_2887,./dataset/skeleton_final_v2/ok/ok_2887.npy,train
scissors,scissors (100),./dataset/skeleton_final_v2/scissors/scissors (100).npy,train
thumbdown,thumbdown (68),./dataset/skeleton_final_v2/thumbdown/thumbdown (68).npy,train
scissors,scissors-set2 (24),./dataset/skeleton_final_v2/scissors/scissors-set2 (24).npy,train
scissors,scissors (295),./dataset/skeleton_final_v2/scissors/scissors (295).npy,train
ok,ok_2005,./dataset/skeleton_final_v2/ok/ok_2005.npy,train
thumbup,thumbup (175),./dataset/skeleton_final_v2/thumbup/thumbup (175).npy,train
thumbup,thumbup (354),./dataset/skeleton_final_v2/thumbup/thumbup (354).npy,train
thumbdown,hand-11-845,./dataset/skeleton_final_v2/thumbdown/hand-11-845.npy,train
the-finger,the-finger-set2 (296),./dataset/skeleton_final_v2/the-finger/the-finger-set2 (296).npy,train
paper,paper_3739,./dataset/skeleton_final_v2/paper/paper_3739.npy,train
ok,ok (113),./dataset/skeleton_final_v2/ok/ok (113).npy,train
paper,paper_4585,./dataset/skeleton_final_v2/paper/paper_4585.npy,train
thumbdown,thumbdown (53),./dataset/skeleton_final_v2/thumbdown/thumbdown (53).npy,train
thumbdown,thumbdown_860,./dataset/skeleton_final_v2/thumbdown/thumbdown_860.npy,train
scissors,scissors_6358,./dataset/skeleton_final_v2/scissors/scissors_6358.npy,train
thumbup,thumbup (272),./dataset/skeleton_final_v2/thumbup/thumbup (272).npy,train
the-finger,the-finger (76),./dataset/skeleton_final_v2/the-finger/the-finger (76).npy,train
thumbup,thumbup (329),./dataset/skeleton_final_v2/thumbup/thumbup (329).npy,train
paper,paper_7139,./dataset/skeleton_final_v2/paper/paper_7139.npy,train
thumbdown,thumbdown_9388,./dataset/skeleton_final_v2/thumbdown/thumbdown_9388.npy,train
thumbdown,thumbdown (38),./dataset/skeleton_final_v2/thumbdown/thumbdown (38).npy,train
thumbup,thumbup_6787,./dataset/skeleton_final_v2/thumbup/thumbup_6787.npy,train
scissors,scissors_4638,./dataset/skeleton_final_v2/scissors/scissors_4638.npy,train
the-finger,the-finger_5859,./dataset/skeleton_final_v2/the-finger/the-finger_5859.npy,train
ok,ok_6187,./dataset/skeleton_final_v2/ok/ok_6187.npy,train
scissors,scissors-set2 (222),./dataset/skeleton_final_v2/scissors/scissors-set2 (222).npy,train
scissors,scissors-set2 (162),./dataset/skeleton_final_v2/scissors/scissors-set2 (162).npy,train
scissors,scissors_4641,./dataset/skeleton_final_v2/scissors/scissors_4641.npy,train
paper,paper (254),./dataset/skeleton_final_v2/paper/paper (254).npy,train
scissors,scissors-set2 (570),./dataset/skeleton_final_v2/scissors/scissors-set2 (570).npy,train
the-finger,the-finger_8298,./dataset/skeleton_final_v2/the-finger/the-finger_8298.npy,train
the-finger,the-finger_6647,./dataset/skeleton_final_v2/the-finger/the-finger_6647.npy,train
the-finger,the-finger-set2 (380),./dataset/skeleton_final_v2/the-finger/the-finger-set2 (380).npy,train
scissors,scissors (235),./dataset/skeleton_final_v2/scissors/scissors (235).npy,train
paper,paper_5907,./dataset/skeleton_final_v2/paper/paper_5907.npy,train
scissors,scissors_6560,./dataset/skeleton_final_v2/scissors/scissors_6560.npy,train
the-finger,the-finger (47),./dataset/skeleton_final_v2/the-finger/the-finger (47).npy,train
ok,ok_Set2_ (219),./dataset/skeleton_final_v2/ok/ok_Set2_ (219).npy,train
thumbdown,hand-10-525,./dataset/skeleton_final_v2/thumbdown/hand-10-525.npy,train
thumbup,thumbup (119),./dataset/skeleton_final_v2/thumbup/thumbup (119).npy,train
thumbup,thumbup (130),./dataset/skeleton_final_v2/thumbup/thumbup (130).npy,train
thumbdown,thumbdown_3253,./dataset/skeleton_final_v2/thumbdown/thumbdown_3253.npy,train
scissors,scissors (26),./dataset/skeleton_final_v2/scissors/scissors (26).npy,train
paper,paper_6936,./dataset/skeleton_final_v2/paper/paper_6936.npy,train
thumbup,thumbup (363),./dataset/skeleton_final_v2/thumbup/thumbup (363).npy,train
scissors,scissors (406),./dataset/skeleton_final_v2/scissors/scissors (406).npy,train
thumbdown,thumbdown (79),./dataset/skeleton_final_v2/thumbdown/thumbdown (79).npy,train
scissors,scissors_3895,./dataset/skeleton_final_v2/scissors/scissors_3895.npy,train
rock,rock_696,./dataset/skeleton_final_v2/rock/rock_696.npy,train
thumbdown,thumbdown_6250,./dataset/skeleton_final_v2/thumbdown/thumbdown_6250.npy,train
thumbdown,thumbdown_4355,./dataset/skeleton_final_v2/thumbdown/thumbdown_4355.npy,train
scissors,scissors-set2 (170),./dataset/skeleton_final_v2/scissors/scissors-set2 (170).npy,train
thumbup,thumbup (137),./dataset/skeleton_final_v2/thumbup/thumbup (137).npy,train
thumbup,thumbup (414),./dataset/skeleton_final_v2/thumbup/thumbup (414).npy,train
thumbdown,hand-10-65,./dataset/skeleton_final_v2/thumbdown/hand-10-65.npy,train
scissors,scissors-set2 (723),./dataset/skeleton_final_v2/scissors/scissors-set2 (723).npy,train
paper,paper (55),./dataset/skeleton_final_v2/paper/paper (55).npy,train
scissors,scissors (292),./dataset/skeleton_final_v2/scissors/scissors (292).npy,train
thumbdown,thumbdown (162),./dataset/skeleton_final_v2/thumbdown/thumbdown (162).npy,train
scissors,scissors_1512,./dataset/skeleton_final_v2/scissors/scissors_1512.npy,train
ok,ok (21),./dataset/skeleton_final_v2/ok/ok (21).npy,train
thumbdown,thumbdown (289),./dataset/skeleton_final_v2/thumbdown/thumbdown (289).npy,train
the-finger,the-finger-set2 (314),./dataset/skeleton_final_v2/the-finger/the-finger-set2 (314).npy,train
ok,ok_7702,./dataset/skeleton_final_v2/ok/ok_7702.npy,train
scissors,scissors-set2 (684),./dataset/skeleton_final_v2/scissors/scissors-set2 (684).npy,train
paper,paper-set2 (334),./dataset/skeleton_final_v2/paper/paper-set2 (334).npy,train
paper,paper-set2 (113),./dataset/skeleton_final_v2/paper/paper-set2 (113).npy,train
thumbup,hand-9-1575,./dataset/skeleton_final_v2/thumbup/hand-9-1575.npy,train
ok,ok_2897,./dataset/skeleton_final_v2/ok/ok_2897.npy,train
rock,rock-set2 (153),./dataset/skeleton_final_v2/rock/rock-set2 (153).npy,train
rock,rock-set2 (482),./dataset/skeleton_final_v2/rock/rock-set2 (482).npy,train
scissors,scissors_2703,./dataset/skeleton_final_v2/scissors/scissors_2703.npy,train
the-finger,the-finger_7482,./dataset/skeleton_final_v2/the-finger/the-finger_7482.npy,train
thumbup,thumbup (479),./dataset/skeleton_final_v2/thumbup/thumbup (479).npy,train
the-finger,the-finger_6077,./dataset/skeleton_final_v2/the-finger/the-finger_6077.npy,train
thumbup,thumbup (331),./dataset/skeleton_final_v2/thumbup/thumbup (331).npy,train
rock,rock (5),./dataset/skeleton_final_v2/rock/rock (5).npy,train
thumbup,hand-10-2520,./dataset/skeleton_final_v2/thumbup/hand-10-2520.npy,train
thumbdown,thumbdown (148),./dataset/skeleton_final_v2/thumbdown/thumbdown (148).npy,train
ok,ok (94),./dataset/skeleton_final_v2/ok/ok (94).npy,train
paper,paper_8766,./dataset/skeleton_final_v2/paper/paper_8766.npy,train
paper,paper-set2 (441),./dataset/skeleton_final_v2/paper/paper-set2 (441).npy,train
paper,paper_1446,./dataset/skeleton_final_v2/paper/paper_1446.npy,train
thumbup,thumbup (409),./dataset/skeleton_final_v2/thumbup/thumbup (409).npy,train
paper,paper (95),./dataset/skeleton_final_v2/paper/paper (95).npy,train
scissors,scissors-set2 (526),./dataset/skeleton_final_v2/scissors/scissors-set2 (526).npy,train
paper,paper-set2 (306),./dataset/skeleton_final_v2/paper/paper-set2 (306).npy,train
thumbdown,thumbdown_4416,./dataset/skeleton_final_v2/thumbdown/thumbdown_4416.npy,train
thumbdown,thumbdown (190),./dataset/skeleton_final_v2/thumbdown/thumbdown (190).npy,train
scissors,scissors (487),./dataset/skeleton_final_v2/scissors/scissors (487).npy,train
ok,ok_3987,./dataset/skeleton_final_v2/ok/ok_3987.npy,train
ok,ok_Set2_ (259),./dataset/skeleton_final_v2/ok/ok_Set2_ (259).npy,train
thumbup,thumbup (471),./dataset/skeleton_final_v2/thumbup/thumbup (471).npy,train
thumbdown,hand-9-1960,./dataset/skeleton_final_v2/thumbdown/hand-9-1960.npy,train
thumbdown,thumbdown (232),./dataset/skeleton_final_v2/thumbdown/thumbdown (232).npy,train
scissors,scissors_6941,./dataset/skeleton_final_v2/scissors/scissors_6941.npy,train
ok,ok (193),./dataset/skeleton_final_v2/ok/ok (193).npy,train
the-finger,the-finger_639,./dataset/skeleton_final_v2/the-finger/the-finger_639.npy,train
scissors,scissors (423),./dataset/skeleton_final_v2/scissors/scissors (423).npy,train
scissors,scissors-set2 (547),./dataset/skeleton_final_v2/scissors/scissors-set2 (547).npy,train
the-finger,the-finger-set2 (94),./dataset/skeleton_final_v2/the-finger/the-finger-set2 (94).npy,train
the-finger,the-finger-set2 (317),./dataset/skeleton_final_v2/the-finger/the-finger-set2 (317).npy,train
scissors,scissors (32),./dataset/skeleton_final_v2/scissors/scissors (32).npy,train
thumbdown,thumbdown_6848,./dataset/skeleton_final_v2/thumbdown/thumbdown_6848.npy,train
scissors,scissors_4661,./dataset/skeleton_final_v2/scissors/scissors_4661.npy,train
ok,ok_5289,./dataset/skeleton_final_v2/ok/ok_5289.npy,train
paper,paper_4583,./dataset/skeleton_final_v2/paper/paper_4583.npy,train
paper,paper-set2 (404),./dataset/skeleton_final_v2/paper/paper-set2 (404).npy,train
thumbdown,thumbdown_4363,./dataset/skeleton_final_v2/thumbdown/thumbdown_4363.npy,train
the-finger,the-finger_6064,./dataset/skeleton_final_v2/the-finger/the-finger_6064.npy,train
the-finger,the-finger-set2 (251),./dataset/skeleton_final_v2/the-finger/the-finger-set2 (251).npy,train
scissors,scissors-set2 (350),./dataset/skeleton_final_v2/scissors/scissors-set2 (350).npy,train
paper,paper_4561,./dataset/skeleton_final_v2/paper/paper_4561.npy,train
scissors,scissors-set2 (256),./dataset/skeleton_final_v2/scissors/scissors-set2 (256).npy,train
scissors,scissors (383),./dataset/skeleton_final_v2/scissors/scissors (383).npy,train
scissors,scissors-set2 (558),./dataset/skeleton_final_v2/scissors/scissors-set2 (558).npy,train
ok,ok (78),./dataset/skeleton_final_v2/ok/ok (78).npy,train
paper,paper_713,./dataset/skeleton_final_v2/paper/paper_713.npy,train
thumbdown,thumbdown (57),./dataset/skeleton_final_v2/thumbdown/thumbdown (57).npy,train
thumbdown,thumbdown_5587,./dataset/skeleton_final_v2/thumbdown/thumbdown_5587.npy,train
thumbdown,thumbdown (185),./dataset/skeleton_final_v2/thumbdown/thumbdown (185).npy,train
thumbdown,thumbdown_4388,./dataset/skeleton_final_v2/thumbdown/thumbdown_4388.npy,train
ok,ok_Set2_ (15),./dataset/skeleton_final_v2/ok/ok_Set2_ (15).npy,train
scissors,scissors (474),./dataset/skeleton_final_v2/scissors/scissors (474).npy,train
ok,ok (167),./dataset/skeleton_final_v2/ok/ok (167).npy,train
ok,ok_Set2_ (567),./dataset/skeleton_final_v2/ok/ok_Set2_ (567).npy,train
paper,paper_4598,./dataset/skeleton_final_v2/paper/paper_4598.npy,train
thumbup,thumbup_6804,./dataset/skeleton_final_v2/thumbup/thumbup_6804.npy,train
ok,ok (227),./dataset/skeleton_final_v2/ok/ok (227).npy,train
the-finger,the-finger-set2 (12),./dataset/skeleton_final_v2/the-finger/the-finger-set2 (12).npy,train
paper,paper-set2 (282),./dataset/skeleton_final_v2/paper/paper-set2 (282).npy,train
thumbup,thumbup (284),./dataset/skeleton_final_v2/thumbup/thumbup (284).npy,train
thumbdown,thumbdown_859,./dataset/skeleton_final_v2/thumbdown/thumbdown_859.npy,train
thumbup,thumbup_138,./dataset/skeleton_final_v2/thumbup/thumbup_138.npy,train
the-finger,the-finger-set2 (216),./dataset/skeleton_final_v2/the-finger/the-finger-set2 (216).npy,train
ok,ok_Set2_ (60),./dataset/skeleton_final_v2/ok/ok_Set2_ (60).npy,train
the-finger,the-finger-set2 (299),./dataset/skeleton_final_v2/the-finger/the-finger-set2 (299).npy,train
thumbup,thumbup_7415,./dataset/skeleton_final_v2/thumbup/thumbup_7415.npy,train
the-finger,the-finger_9072,./dataset/skeleton_final_v2/the-finger/the-finger_9072.npy,train
thumbdown,hand-7-1585,./dataset/skeleton_final_v2/thumbdown/hand-7-1585.npy,train
ok,ok (177),./dataset/skeleton_final_v2/ok/ok (177).npy,train
scissors,scissors-set2 (561),./dataset/skeleton_final_v2/scissors/scissors-set2 (561).npy,train
paper,paper-set2 (96),./dataset/skeleton_final_v2/paper/paper-set2 (96).npy,train
the-finger,the-finger_9432,./dataset/skeleton_final_v2/the-finger/the-finger_9432.npy,train
the-finger,the-finger (95),./dataset/skeleton_final_v2/the-finger/the-finger (95).npy,train
the-finger,the-finger-set2 (188),./dataset/skeleton_final_v2/the-finger/the-finger-set2 (188).npy,train
scissors,scissors-set2 (107),./dataset/skeleton_final_v2/scissors/scissors-set2 (107).npy,train
paper,paper (51),./dataset/skeleton_final_v2/paper/paper (51).npy,train
thumbup,thumbup_8102,./dataset/skeleton_final_v2/thumbup/thumbup_8102.npy,train
paper,paper_2461,./dataset/skeleton_final_v2/paper/paper_2461.npy,train
the-finger,the-finger_8304,./dataset/skeleton_final_v2/the-finger/the-finger_8304.npy,train
scissors,scissors_6545,./dataset/skeleton_final_v2/scissors/scissors_6545.npy,train
ok,ok (125),./dataset/skeleton_final_v2/ok/ok (125).npy,train
ok,ok_Set2_ (479),./dataset/skeleton_final_v2/ok/ok_Set2_ (479).npy,train
scissors,scissors_7183,./dataset/skeleton_final_v2/scissors/scissors_7183.npy,train
ok,ok_6399,./dataset/skeleton_final_v2/ok/ok_6399.npy,train
thumbup,thumbup (467),./dataset/skeleton_final_v2/thumbup/thumbup (467).npy,train
thumbup,hand-11-2150,./dataset/skeleton_final_v2/thumbup/hand-11-2150.npy,train
thumbdown,hand-11-710,./dataset/skeleton_final_v2/thumbdown/hand-11-710.npy,train
thumbdown,thumbdown_7444,./dataset/skeleton_final_v2/thumbdown/thumbdown_7444.npy,train
the-finger,the-finger-set2 (425),./dataset/skeleton_final_v2/the-finger/the-finger-set2 (425).npy,train
ok,ok_6568,./dataset/skeleton_final_v2/ok/ok_6568.npy,train
scissors,scissors (478),./dataset/skeleton_final_v2/scissors/scissors (478).npy,train
scissors,scissors_7169,./dataset/skeleton_final_v2/scissors/scissors_7169.npy,train
ok,ok_793,./dataset/skeleton_final_v2/ok/ok_793.npy,train
thumbdown,thumbdown_2223,./dataset/skeleton_final_v2/thumbdown/thumbdown_2223.npy,train
ok,ok (206),./dataset/skeleton_final_v2/ok/ok (206).npy,train
scissors,scissors-set2 (500),./dataset/skeleton_final_v2/scissors/scissors-set2 (500).npy,train
thumbup,thumbup (404),./dataset/skeleton_final_v2/thumbup/thumbup (404).npy,train
paper,paper_1468,./dataset/skeleton_final_v2/paper/paper_1468.npy,train
thumbup,thumbup (92),./dataset/skeleton_final_v2/thumbup/thumbup (92).npy,train
ok,ok_Set2_ (24),./dataset/skeleton_final_v2/ok/ok_Set2_ (24).npy,train
ok,ok_6181,./dataset/skeleton_final_v2/ok/ok_6181.npy,train
scissors,scissors_6141,./dataset/skeleton_final_v2/scissors/scissors_6141.npy,train
paper,paper-set2 (340),./dataset/skeleton_final_v2/paper/paper-set2 (340).npy,train
paper,paper-set2 (235),./dataset/skeleton_final_v2/paper/paper-set2 (235).npy,train
scissors,scissors (142),./dataset/skeleton_final_v2/scissors/scissors (142).npy,train
thumbup,hand-9-1755,./dataset/skeleton_final_v2/thumbup/hand-9-1755.npy,train
scissors,scissors_7661,./dataset/skeleton_final_v2/scissors/scissors_7661.npy,train
thumbup,thumbup (433),./dataset/skeleton_final_v2/thumbup/thumbup (433).npy,train
thumbup,hand-7-1390,./dataset/skeleton_final_v2/thumbup/hand-7-1390.npy,train
thumbup,thumbup_2099,./dataset/skeleton_final_v2/thumbup/thumbup_2099.npy,train
paper,paper-set2 (301),./dataset/skeleton_final_v2/paper/paper-set2 (301).npy,train
scissors,scissors-set2 (23),./dataset/skeleton_final_v2/scissors/scissors-set2 (23).npy,train
thumbup,hand-10-475,./dataset/skeleton_final_v2/thumbup/hand-10-475.npy,train
paper,paper_7152,./dataset/skeleton_final_v2/paper/paper_7152.npy,train
thumbdown,thumbdown_4424,./dataset/skeleton_final_v2/thumbdown/thumbdown_4424.npy,train
thumbup,thumbup_8964,./dataset/skeleton_final_v2/thumbup/thumbup_8964.npy,train
paper,paper_3744,./dataset/skeleton_final_v2/paper/paper_3744.npy,train
paper,paper (187),./dataset/skeleton_final_v2/paper/paper (187).npy,train
ok,ok_Set2_ (243),./dataset/skeleton_final_v2/ok/ok_Set2_ (243).npy,train
thumbdown,thumbdown (65),./dataset/skeleton_final_v2/thumbdown/thumbdown (65).npy,train
scissors,scissors_767,./dataset/skeleton_final_v2/scissors/scissors_767.npy,train
thumbup,thumbup (493),./dataset/skeleton_final_v2/thumbup/thumbup (493).npy,train
thumbdown,hand-7-1525,./dataset/skeleton_final_v2/thumbdown/hand-7-1525.npy,train
scissors,scissors (3),./dataset/skeleton_final_v2/scissors/scissors (3).npy,train
thumbup,thumbup (23),./dataset/skeleton_final_v2/thumbup/thumbup (23).npy,train
the-finger,the-finger_1349,./dataset/skeleton_final_v2/the-finger/the-finger_1349.npy,train
thumbdown,thumbdown (169),./dataset/skeleton_final_v2/thumbdown/thumbdown (169).npy,train
ok,ok_4017,./dataset/skeleton_final_v2/ok/ok_4017.npy,train
rock,rock_312,./dataset/skeleton_final_v2/rock/rock_312.npy,train
the-finger,the-finger_2312,./dataset/skeleton_final_v2/the-finger/the-finger_2312.npy,train
thumbdown,thumbdown_4384,./dataset/skeleton_final_v2/thumbdown/thumbdown_4384.npy,train
thumbup,thumbup (215),./dataset/skeleton_final_v2/thumbup/thumbup (215).npy,train
thumbdown,thumbdown_5576,./dataset/skeleton_final_v2/thumbdown/thumbdown_5576.npy,train
scissors,scissors (481),./dataset/skeleton_final_v2/scissors/scissors (481).npy,train
paper,paper-set2 (505),./dataset/skeleton_final_v2/paper/paper-set2 (505).npy,train
ok,ok_4015,./dataset/skeleton_final_v2/ok/ok_4015.npy,train
the-finger,the-finger-set2 (63),./dataset/skeleton_final_v2/the-finger/the-finger-set2 (63).npy,train
paper,paper (150),./dataset/skeleton_final_v2/paper/paper (150).npy,train
scissors,scissors_5748,./dataset/skeleton_final_v2/scissors/scissors_5748.npy,train
the-finger,the-finger-set2 (204),./dataset/skeleton_final_v2/the-finger/the-finger-set2 (204).npy,train
rock,rock_7300,./dataset/skeleton_final_v2/rock/rock_7300.npy,train
paper,paper-set2 (472),./dataset/skeleton_final_v2/paper/paper-set2 (472).npy,train
scissors,scissors_5483,./dataset/skeleton_final_v2/scissors/scissors_5483.npy,train
paper,paper_1432,./dataset/skeleton_final_v2/paper/paper_1432.npy,train
rock,rock-set2 (150),./dataset/skeleton_final_v2/rock/rock-set2 (150).npy,train
the-finger,the-finger-set2 (405),./dataset/skeleton_final_v2/the-finger/the-finger-set2 (405).npy,train
paper,paper (138),./dataset/skeleton_final_v2/paper/paper (138).npy,train
paper,paper_378,./dataset/skeleton_final_v2/paper/paper_378.npy,train
scissors,scissors_778,./dataset/skeleton_final_v2/scissors/scissors_778.npy,train
paper,paper-set2 (189),./dataset/skeleton_final_v2/paper/paper-set2 (189).npy,train
thumbup,thumbup_9288,./dataset/skeleton_final_v2/thumbup/thumbup_9288.npy,train
scissors,scissors_2653,./dataset/skeleton_final_v2/scissors/scissors_2653.npy,train
the-finger,the-finger (162),./dataset/skeleton_final_v2/the-finger/the-finger (162).npy,train
thumbup,hand-10-1965,./dataset/skeleton_final_v2/thumbup/hand-10-1965.npy,train
paper,paper-set2 (92),./dataset/skeleton_final_v2/paper/paper-set2 (92).npy,train
paper,paper_7154,./dataset/skeleton_final_v2/paper/paper_7154.npy,train
scissors,scissors-set2 (310),./dataset/skeleton_final_v2/scissors/scissors-set2 (310).npy,train
ok,ok_Set2_ (579),./dataset/skeleton_final_v2/ok/ok_Set2_ (579).npy,train
scissors,scissors-set2 (585),./dataset/skeleton_final_v2/scissors/scissors-set2 (585).npy,train
ok,ok (20),./dataset/skeleton_final_v2/ok/ok (20).npy,train
ok,ok_4013,./dataset/skeleton_final_v2/ok/ok_4013.npy,train
paper,paper-set2 (302),./dataset/skeleton_final_v2/paper/paper-set2 (302).npy,train
paper,paper-set2 (144),./dataset/skeleton_final_v2/paper/paper-set2 (144).npy,train
scissors,scissors (494),./dataset/skeleton_final_v2/scissors/scissors (494).npy,train
thumbup,thumbup_7401,./dataset/skeleton_final_v2/thumbup/thumbup_7401.npy,train
ok,ok_Set2_ (485),./dataset/skeleton_final_v2/ok/ok_Set2_ (485).npy,train
thumbup,thumbup (305),./dataset/skeleton_final_v2/thumbup/thumbup (305).npy,train
the-finger,the-finger_6276,./dataset/skeleton_final_v2/the-finger/the-finger_6276.npy,train
paper,paper_1824,./dataset/skeleton_final_v2/paper/paper_1824.npy,train
paper,paper-set2 (408),./dataset/skeleton_final_v2/paper/paper-set2 (408).npy,train
the-finger,the-finger_6270,./dataset/skeleton_final_v2/the-finger/the-finger_6270.npy,train
scissors,scissors (425),./dataset/skeleton_final_v2/scissors/scissors (425).npy,train
scissors,scissors-set2 (659),./dataset/skeleton_final_v2/scissors/scissors-set2 (659).npy,train
ok,ok_Set2_ (305),./dataset/skeleton_final_v2/ok/ok_Set2_ (305).npy,train
rock,rock-set2 (601),./dataset/skeleton_final_v2/rock/rock-set2 (601).npy,train
the-finger,the-finger-set2 (414),./dataset/skeleton_final_v2/the-finger/the-finger-set2 (414).npy,train
thumbdown,hand-7-1650,./dataset/skeleton_final_v2/thumbdown/hand-7-1650.npy,train
scissors,scissors_6948,./dataset/skeleton_final_v2/scissors/scissors_6948.npy,train
paper,paper-set2 (49),./dataset/skeleton_final_v2/paper/paper-set2 (49).npy,train
ok,ok_Set2_ (546),./dataset/skeleton_final_v2/ok/ok_Set2_ (546).npy,train
scissors,scissors_452,./dataset/skeleton_final_v2/scissors/scissors_452.npy,train
paper,paper_5713,./dataset/skeleton_final_v2/paper/paper_5713.npy,train
thumbdown,thumbdown_5570,./dataset/skeleton_final_v2/thumbdown/thumbdown_5570.npy,train
scissors,scissors-set2 (673),./dataset/skeleton_final_v2/scissors/scissors-set2 (673).npy,train
paper,paper-set2 (220),./dataset/skeleton_final_v2/paper/paper-set2 (220).npy,train
paper,paper_729,./dataset/skeleton_final_v2/paper/paper_729.npy,train
scissors,scissors (98),./dataset/skeleton_final_v2/scissors/scissors (98).npy,train
the-finger,the-finger_6866,./dataset/skeleton_final_v2/the-finger/the-finger_6866.npy,train
rock,rock-set2 (523),./dataset/skeleton_final_v2/rock/rock-set2 (523).npy,train
rock,rock-set2 (14),./dataset/skeleton_final_v2/rock/rock-set2 (14).npy,train
thumbdown,hand-10-610,./dataset/skeleton_final_v2/thumbdown/hand-10-610.npy,train
paper,paper_2456,./dataset/skeleton_final_v2/paper/paper_2456.npy,train
scissors,scissors-set2 (29),./dataset/skeleton_final_v2/scissors/scissors-set2 (29).npy,train
the-finger,the-finger_9054,./dataset/skeleton_final_v2/the-finger/the-finger_9054.npy,train
thumbdown,thumbdown_868,./dataset/skeleton_final_v2/thumbdown/thumbdown_868.npy,train
thumbdown,thumbdown (202),./dataset/skeleton_final_v2/thumbdown/thumbdown (202).npy,train
the-finger,the-finger-set2 (130),./dataset/skeleton_final_v2/the-finger/the-finger-set2 (130).npy,train
thumbdown,thumbdown_9020,./dataset/skeleton_final_v2/thumbdown/thumbdown_9020.npy,train
scissors,scissors-set2 (174),./dataset/skeleton_final_v2/scissors/scissors-set2 (174).npy,train
paper,paper-set2 (372),./dataset/skeleton_final_v2/paper/paper-set2 (372).npy,train
the-finger,the-finger_1724,./dataset/skeleton_final_v2/the-finger/the-finger_1724.npy,train
ok,ok_Set2_ (67),./dataset/skeleton_final_v2/ok/ok_Set2_ (67).npy,train
rock,rock-set2 (364),./dataset/skeleton_final_v2/rock/rock-set2 (364).npy,train
paper,paper-set2 (303),./dataset/skeleton_final_v2/paper/paper-set2 (303).npy,train
scissors,scissors-set2 (225),./dataset/skeleton_final_v2/scissors/scissors-set2 (225).npy,train
paper,paper_6925,./dataset/skeleton_final_v2/paper/paper_6925.npy,train
thumbup,thumbup_6788,./dataset/skeleton_final_v2/thumbup/thumbup_6788.npy,train
scissors,scissors (483),./dataset/skeleton_final_v2/scissors/scissors (483).npy,train
thumbdown,thumbdown (1),./dataset/skeleton_final_v2/thumbdown/thumbdown (1).npy,train
ok,ok (181),./dataset/skeleton_final_v2/ok/ok (181).npy,train
thumbdown,thumbdown_5330,./dataset/skeleton_final_v2/thumbdown/thumbdown_5330.npy,train
thumbup,thumbup_7756,./dataset/skeleton_final_v2/thumbup/thumbup_7756.npy,train
thumbdown,thumbdown_3382,./dataset/skeleton_final_v2/thumbdown/thumbdown_3382.npy,train
scissors,scissors_3915,./dataset/skeleton_final_v2/scissors/scissors_3915.npy,train
scissors,scissors_5211,./dataset/skeleton_final_v2/scissors/scissors_5211.npy,train
rock,rock-set2 (351),./dataset/skeleton_final_v2/rock/rock-set2 (351).npy,train
paper,paper_7593,./dataset/skeleton_final_v2/paper/paper_7593.npy,train
paper,paper-set2 (122),./dataset/skeleton_final_v2/paper/paper-set2 (122).npy,train
thumbup,thumbup (361),./dataset/skeleton_final_v2/thumbup/thumbup (361).npy,train
scissors,scissors_2743,./dataset/skeleton_final_v2/scissors/scissors_2743.npy,train
scissors,scissors-set2 (139),./dataset/skeleton_final_v2/scissors/scissors-set2 (139).npy,train
scissors,scissors-set2 (517),./dataset/skeleton_final_v2/scissors/scissors-set2 (517).npy,train
thumbup,thumbup_7043,./dataset/skeleton_final_v2/thumbup/thumbup_7043.npy,train
ok,ok_Set2_ (394),./dataset/skeleton_final_v2/ok/ok_Set2_ (394).npy,train
paper,paper_3794,./dataset/skeleton_final_v2/paper/paper_3794.npy,train
scissors,scissors_3877,./dataset/skeleton_final_v2/scissors/scissors_3877.npy,train
ok,ok_6572,./dataset/skeleton_final_v2/ok/ok_6572.npy,train
thumbup,hand-9-1620,./dataset/skeleton_final_v2/thumbup/hand-9-1620.npy,train
thumbup,thumbup (324),./dataset/skeleton_final_v2/thumbup/thumbup (324).npy,train
ok,ok_5782,./dataset/skeleton_final_v2/ok/ok_5782.npy,train
paper,paper_7157,./dataset/skeleton_final_v2/paper/paper_7157.npy,train
thumbdown,hand-11-835,./dataset/skeleton_final_v2/thumbdown/hand-11-835.npy,train
the-finger,the-finger (152),./dataset/skeleton_final_v2/the-finger/the-finger (152).npy,train
ok,ok (143),./dataset/skeleton_final_v2/ok/ok (143).npy,train
thumbup,hand-8-3570,./dataset/skeleton_final_v2/thumbup/hand-8-3570.npy,train
paper,paper-set2 (154),./dataset/skeleton_final_v2/paper/paper-set2 (154).npy,train
ok,ok_5520,./dataset/skeleton_final_v2/ok/ok_5520.npy,train
paper,paper-set2 (135),./dataset/skeleton_final_v2/paper/paper-set2 (135).npy,train
thumbdown,hand-9-1925,./dataset/skeleton_final_v2/thumbdown/hand-9-1925.npy,train
thumbup,thumbup (399),./dataset/skeleton_final_v2/thumbup/thumbup (399).npy,train
ok,ok_4009,./dataset/skeleton_final_v2/ok/ok_4009.npy,train
scissors,scissors (300),./dataset/skeleton_final_v2/scissors/scissors (300).npy,train
paper,paper-set2 (30),./dataset/skeleton_final_v2/paper/paper-set2 (30).npy,train
scissors,scissors_6380,./dataset/skeleton_final_v2/scissors/scissors_6380.npy,train
the-finger,the-finger_9456,./dataset/skeleton_final_v2/the-finger/the-finger_9456.npy,train
rock,rock (106),./dataset/skeleton_final_v2/rock/rock (106).npy,train
rock,rock (101),./dataset/skeleton_final_v2/rock/rock (101).npy,train
paper,paper_6716,./dataset/skeleton_final_v2/paper/paper_6716.npy,train
scissors,scissors (16),./dataset/skeleton_final_v2/scissors/scissors (16).npy,train
thumbup,thumbup (78),./dataset/skeleton_final_v2/thumbup/thumbup (78).npy,train
ok,ok_Set2_ (445),./dataset/skeleton_final_v2/ok/ok_Set2_ (445).npy,train
scissors,scissors-set2 (578),./dataset/skeleton_final_v2/scissors/scissors-set2 (578).npy,train
ok,ok_Set2_ (173),./dataset/skeleton_final_v2/ok/ok_Set2_ (173).npy,train
the-finger,the-finger-set2 (287),./dataset/skeleton_final_v2/the-finger/the-finger-set2 (287).npy,train
scissors,scissors (175),./dataset/skeleton_final_v2/scissors/scissors (175).npy,train
ok,ok_2952,./dataset/skeleton_final_v2/ok/ok_2952.npy,train
the-finger,the-finger-set2 (11),./dataset/skeleton_final_v2/the-finger/the-finger-set2 (11).npy,train
thumbup,thumbup_8948,./dataset/skeleton_final_v2/thumbup/thumbup_8948.npy,train
ok,ok_2874,./dataset/skeleton_final_v2/ok/ok_2874.npy,train
the-finger,the-finger-set2 (292),./dataset/skeleton_final_v2/the-finger/the-finger-set2 (292).npy,train
ok,ok_Set2_ (258),./dataset/skeleton_final_v2/ok/ok_Set2_ (258).npy,train
paper,paper-set2 (4),./dataset/skeleton_final_v2/paper/paper-set2 (4).npy,train
the-finger,the-finger_8284,./dataset/skeleton_final_v2/the-finger/the-finger_8284.npy,train
scissors,scissors_3939,./dataset/skeleton_final_v2/scissors/scissors_3939.npy,train
scissors,scissors (342),./dataset/skeleton_final_v2/scissors/scissors (342).npy,train
thumbup,hand-10-2155,./dataset/skeleton_final_v2/thumbup/hand-10-2155.npy,train
scissors,scissors-set2 (340),./dataset/skeleton_final_v2/scissors/scissors-set2 (340).npy,train
the-finger,the-finger_7279,./dataset/skeleton_final_v2/the-finger/the-finger_7279.npy,train
ok,ok_Set2_ (492),./dataset/skeleton_final_v2/ok/ok_Set2_ (492).npy,train
scissors,scissors-set2 (11),./dataset/skeleton_final_v2/scissors/scissors-set2 (11).npy,train
scissors,scissors-set2 (275),./dataset/skeleton_final_v2/scissors/scissors-set2 (275).npy,train
thumbdown,thumbdown_7469,./dataset/skeleton_final_v2/thumbdown/thumbdown_7469.npy,train
ok,ok_Set2_ (231),./dataset/skeleton_final_v2/ok/ok_Set2_ (231).npy,train
ok,ok (100),./dataset/skeleton_final_v2/ok/ok (100).npy,train
thumbdown,hand-8-1895,./dataset/skeleton_final_v2/thumbdown/hand-8-1895.npy,train
scissors,scissors-set2 (264),./dataset/skeleton_final_v2/scissors/scissors-set2 (264).npy,train
ok,ok_5556,./dataset/skeleton_final_v2/ok/ok_5556.npy,train
thumbup,thumbup (248),./dataset/skeleton_final_v2/thumbup/thumbup (248).npy,train
scissors,scissors-set2 (63),./dataset/skeleton_final_v2/scissors/scissors-set2 (63).npy,train
paper,paper-set2 (97),./dataset/skeleton_final_v2/paper/paper-set2 (97).npy,train
the-finger,the-finger (20),./dataset/skeleton_final_v2/the-finger/the-finger (20).npy,train
ok,ok_2879,./dataset/skeleton_final_v2/ok/ok_2879.npy,train
scissors,scissors-set2 (627),./dataset/skeleton_final_v2/scissors/scissors-set2 (627).npy,train
thumbdown,thumbdown_4468,./dataset/skeleton_final_v2/thumbdown/thumbdown_4468.npy,train
paper,paper-set2 (410),./dataset/skeleton_final_v2/paper/paper-set2 (410).npy,train
thumbup,thumbup_8944,./dataset/skeleton_final_v2/thumbup/thumbup_8944.npy,train
rock,rock (23),./dataset/skeleton_final_v2/rock/rock (23).npy,train
ok,ok (249),./dataset/skeleton_final_v2/ok/ok (249).npy,train
ok,ok_Set2_ (517),./dataset/skeleton_final_v2/ok/ok_Set2_ (517).npy,train
thumbdown,thumbdown_6255,./dataset/skeleton_final_v2/thumbdown/thumbdown_6255.npy,train
thumbdown,thumbdown (181),./dataset/skeleton_final_v2/thumbdown/thumbdown (181).npy,train
ok,ok_Set2_ (405),./dataset/skeleton_final_v2/ok/ok_Set2_ (405).npy,train
ok,ok_2957,./dataset/skeleton_final_v2/ok/ok_2957.npy,train
ok,ok_Set2_ (365),./dataset/skeleton_final_v2/ok/ok_Set2_ (365).npy,train
thumbdown,thumbdown (45),./dataset/skeleton_final_v2/thumbdown/thumbdown (45).npy,train
rock,rock (245),./dataset/skeleton_final_v2/rock/rock (245).npy,train
the-finger,the-finger_3510,./dataset/skeleton_final_v2/the-finger/the-finger_3510.npy,train
scissors,scissors (409),./dataset/skeleton_final_v2/scissors/scissors (409).npy,train
thumbup,thumbup_8954,./dataset/skeleton_final_v2/thumbup/thumbup_8954.npy,train
scissors,scissors-set2 (194),./dataset/skeleton_final_v2/scissors/scissors-set2 (194).npy,train
the-finger,the-finger-set2 (339),./dataset/skeleton_final_v2/the-finger/the-finger-set2 (339).npy,train
thumbdown,hand-9-1950,./dataset/skeleton_final_v2/thumbdown/hand-9-1950.npy,train
ok,ok_Set2_ (2),./dataset/skeleton_final_v2/ok/ok_Set2_ (2).npy,train
paper,paper_3732,./dataset/skeleton_final_v2/paper/paper_3732.npy,train
the-finger,the-finger_7086,./dataset/skeleton_final_v2/the-finger/the-finger_7086.npy,train
paper,paper (71),./dataset/skeleton_final_v2/paper/paper (71).npy,train
thumbup,thumbup (152),./dataset/skeleton_final_v2/thumbup/thumbup (152).npy,train
thumbdown,thumbdown (339),./dataset/skeleton_final_v2/thumbdown/thumbdown (339).npy,train
ok,ok_Set2_ (527),./dataset/skeleton_final_v2/ok/ok_Set2_ (527).npy,train
thumbup,thumbup (26),./dataset/skeleton_final_v2/thumbup/thumbup (26).npy,train
thumbup,thumbup_6790,./dataset/skeleton_final_v2/thumbup/thumbup_6790.npy,train
paper,paper_392,./dataset/skeleton_final_v2/paper/paper_392.npy,train
paper,paper_1033,./dataset/skeleton_final_v2/paper/paper_1033.npy,train
thumbdown,thumbdown_4400,./dataset/skeleton_final_v2/thumbdown/thumbdown_4400.npy,train
rock,rock (190),./dataset/skeleton_final_v2/rock/rock (190).npy,train
ok,ok_Set2_ (274),./dataset/skeleton_final_v2/ok/ok_Set2_ (274).npy,train
paper,paper-set2 (208),./dataset/skeleton_final_v2/paper/paper-set2 (208).npy,train
the-finger,the-finger_7092,./dataset/skeleton_final_v2/the-finger/the-finger_7092.npy,train
scissors,scissors-set2 (528),./dataset/skeleton_final_v2/scissors/scissors-set2 (528).npy,train
the-finger,the-finger_5849,./dataset/skeleton_final_v2/the-finger/the-finger_5849.npy,train
ok,ok_Set2_ (295),./dataset/skeleton_final_v2/ok/ok_Set2_ (295).npy,train
thumbup,thumbup (28),./dataset/skeleton_final_v2/thumbup/thumbup (28).npy,train
thumbup,hand-10-25,./dataset/skeleton_final_v2/thumbup/hand-10-25.npy,train
paper,paper-set2 (498),./dataset/skeleton_final_v2/paper/paper-set2 (498).npy,train
thumbdown,thumbdown (340),./dataset/skeleton_final_v2/thumbdown/thumbdown (340).npy,train
paper,paper_3808,./dataset/skeleton_final_v2/paper/paper_3808.npy,train
ok,ok_2850,./dataset/skeleton_final_v2/ok/ok_2850.npy,train
paper,paper_3813,./dataset/skeleton_final_v2/paper/paper_3813.npy,train
scissors,scissors-set2 (192),./dataset/skeleton_final_v2/scissors/scissors-set2 (192).npy,train
ok,ok_9262,./dataset/skeleton_final_v2/ok/ok_9262.npy,train
thumbup,thumbup (464),./dataset/skeleton_final_v2/thumbup/thumbup (464).npy,train
ok,ok_7690,./dataset/skeleton_final_v2/ok/ok_7690.npy,train
thumbdown,thumbdown_5350,./dataset/skeleton_final_v2/thumbdown/thumbdown_5350.npy,train
thumbup,thumbup (470),./dataset/skeleton_final_v2/thumbup/thumbup (470).npy,train
thumbup,thumbup (290),./dataset/skeleton_final_v2/thumbup/thumbup (290).npy,train
scissors,scissors_454,./dataset/skeleton_final_v2/scissors/scissors_454.npy,train
thumbup,thumbup_9302,./dataset/skeleton_final_v2/thumbup/thumbup_9302.npy,train
rock,rock-set2 (514),./dataset/skeleton_final_v2/rock/rock-set2 (514).npy,train
paper,paper-set2 (384),./dataset/skeleton_final_v2/paper/paper-set2 (384).npy,train
thumbup,thumbup (344),./dataset/skeleton_final_v2/thumbup/thumbup (344).npy,train
paper,paper_384,./dataset/skeleton_final_v2/paper/paper_384.npy,train
scissors,scissors-set2 (501),./dataset/skeleton_final_v2/scissors/scissors-set2 (501).npy,train
scissors,scissors_6724,./dataset/skeleton_final_v2/scissors/scissors_6724.npy,train
ok,ok_6995,./dataset/skeleton_final_v2/ok/ok_6995.npy,train
scissors,scissors_777,./dataset/skeleton_final_v2/scissors/scissors_777.npy,train
thumbup,thumbup (318),./dataset/skeleton_final_v2/thumbup/thumbup (318).npy,train
rock,rock_3148,./dataset/skeleton_final_v2/rock/rock_3148.npy,train
thumbup,thumbup (88),./dataset/skeleton_final_v2/thumbup/thumbup (88).npy,train
scissors,scissors (127),./dataset/skeleton_final_v2/scissors/scissors (127).npy,train
thumbup,thumbup (461),./dataset/skeleton_final_v2/thumbup/thumbup (461).npy,train
paper,paper_6922,./dataset/skeleton_final_v2/paper/paper_6922.npy,train
scissors,scissors_2789,./dataset/skeleton_final_v2/scissors/scissors_2789.npy,train
paper,paper_1454,./dataset/skeleton_final_v2/paper/paper_1454.npy,train
ok,ok (99),./dataset/skeleton_final_v2/ok/ok (99).npy,train
the-finger,the-finger-set2 (306),./dataset/skeleton_final_v2/the-finger/the-finger-set2 (306).npy,train
scissors,scissors-set2 (652),./dataset/skeleton_final_v2/scissors/scissors-set2 (652).npy,train
scissors,scissors_5488,./dataset/skeleton_final_v2/scissors/scissors_5488.npy,train
scissors,scissors-set2 (5),./dataset/skeleton_final_v2/scissors/scissors-set2 (5).npy,train
scissors,scissors (356),./dataset/skeleton_final_v2/scissors/scissors (356).npy,train
paper,paper-set2 (346),./dataset/skeleton_final_v2/paper/paper-set2 (346).npy,train
scissors,scissors_1490,./dataset/skeleton_final_v2/scissors/scissors_1490.npy,train
thumbdown,thumbdown_7808,./dataset/skeleton_final_v2/thumbdown/thumbdown_7808.npy,train
paper,paper_3639,./dataset/skeleton_final_v2/paper/paper_3639.npy,train
scissors,scissors (230),./dataset/skeleton_final_v2/scissors/scissors (230).npy,train
thumbup,thumbup (345),./dataset/skeleton_final_v2/thumbup/thumbup (345).npy,train
thumbdown,thumbdown_5821,./dataset/skeleton_final_v2/thumbdown/thumbdown_5821.npy,train
scissors,scissors_2685,./dataset/skeleton_final_v2/scissors/scissors_2685.npy,train
scissors,scissors (114),./dataset/skeleton_final_v2/scissors/scissors (114).npy,train
ok,ok (98),./dataset/skeleton_final_v2/ok/ok (98).npy,train
paper,paper-set2 (224),./dataset/skeleton_final_v2/paper/paper-set2 (224).npy,train
rock,rock_7507,./dataset/skeleton_final_v2/rock/rock_7507.npy,train
thumbdown,thumbdown_3207,./dataset/skeleton_final_v2/thumbdown/thumbdown_3207.npy,train
ok,ok_Set2_ (325),./dataset/skeleton_final_v2/ok/ok_Set2_ (325).npy,train
scissors,scissors_2635,./dataset/skeleton_final_v2/scissors/scissors_2635.npy,train
scissors,scissors-set2 (560),./dataset/skeleton_final_v2/scissors/scissors-set2 (560).npy,train
thumbdown,thumbdown (200),./dataset/skeleton_final_v2/thumbdown/thumbdown (200).npy,train
scissors,scissors (116),./dataset/skeleton_final_v2/scissors/scissors (116).npy,train
paper,paper-set2 (407),./dataset/skeleton_final_v2/paper/paper-set2 (407).npy,train
scissors,scissors (350),./dataset/skeleton_final_v2/scissors/scissors (350).npy,train
thumbup,thumbup_7040,./dataset/skeleton_final_v2/thumbup/thumbup_7040.npy,train
ok,ok_Set2_ (328),./dataset/skeleton_final_v2/ok/ok_Set2_ (328).npy,train
ok,ok_Set2_ (303),./dataset/skeleton_final_v2/ok/ok_Set2_ (303).npy,train
the-finger,the-finger-set2 (247),./dataset/skeleton_final_v2/the-finger/the-finger-set2 (247).npy,train
rock,rock-set2 (56),./dataset/skeleton_final_v2/rock/rock-set2 (56).npy,train
ok,ok_Set2_ (585),./dataset/skeleton_final_v2/ok/ok_Set2_ (585).npy,train
thumbdown,thumbdown_7439,./dataset/skeleton_final_v2/thumbdown/thumbdown_7439.npy,train
thumbup,hand-11-2295,./dataset/skeleton_final_v2/thumbup/hand-11-2295.npy,train
the-finger,the-finger-set2 (74),./dataset/skeleton_final_v2/the-finger/the-finger-set2 (74).npy,train
rock,rock (256),./dataset/skeleton_final_v2/rock/rock (256).npy,train
scissors,scissors (458),./dataset/skeleton_final_v2/scissors/scissors (458).npy,train
thumbup,thumbup (316),./dataset/skeleton_final_v2/thumbup/thumbup (316).npy,train
paper,paper (93),./dataset/skeleton_final_v2/paper/paper (93).npy,train
the-finger,the-finger-set2 (131),./dataset/skeleton_final_v2/the-finger/the-finger-set2 (131).npy,train
thumbup,thumbup (282),./dataset/skeleton_final_v2/thumbup/thumbup (282).npy,train
thumbup,thumbup (53),./dataset/skeleton_final_v2/thumbup/thumbup (53).npy,train
paper,paper-set2 (289),./dataset/skeleton_final_v2/paper/paper-set2 (289).npy,train
thumbdown,thumbdown_6249,./dataset/skeleton_final_v2/thumbdown/thumbdown_6249.npy,train
thumbup,thumbup (444),./dataset/skeleton_final_v2/thumbup/thumbup (444).npy,train
ok,ok_Set2_ (584),./dataset/skeleton_final_v2/ok/ok_Set2_ (584).npy,train
scissors,scissors_8496,./dataset/skeleton_final_v2/scissors/scissors_8496.npy,train
the-finger,the-finger-set2 (375),./dataset/skeleton_final_v2/the-finger/the-finger-set2 (375).npy,train
scissors,scissors-set2 (82),./dataset/skeleton_final_v2/scissors/scissors-set2 (82).npy,train
scissors,scissors_1516,./dataset/skeleton_final_v2/scissors/scissors_1516.npy,train
ok,ok_2692,./dataset/skeleton_final_v2/ok/ok_2692.npy,train
paper,paper-set2 (250),./dataset/skeleton_final_v2/paper/paper-set2 (250).npy,train
thumbdown,hand-9-2080,./dataset/skeleton_final_v2/thumbdown/hand-9-2080.npy,train
the-finger,the-finger (105),./dataset/skeleton_final_v2/the-finger/the-finger (105).npy,train
ok,ok_Set2_ (581),./dataset/skeleton_final_v2/ok/ok_Set2_ (581).npy,train
paper,paper-set2 (418),./dataset/skeleton_final_v2/paper/paper-set2 (418).npy,train
thumbdown,hand-11-705,./dataset/skeleton_final_v2/thumbdown/hand-11-705.npy,train
the-finger,the-finger_3498,./dataset/skeleton_final_v2/the-finger/the-finger_3498.npy,train
thumbup,thumbup_6793,./dataset/skeleton_final_v2/thumbup/thumbup_6793.npy,train
thumbup,thumbup (400),./dataset/skeleton_final_v2/thumbup/thumbup (400).npy,train
thumbup,thumbup_103,./dataset/skeleton_final_v2/thumbup/thumbup_103.npy,train
scissors,scissors-set2 (655),./dataset/skeleton_final_v2/scissors/scissors-set2 (655).npy,train
scissors,scissors (274),./dataset/skeleton_final_v2/scissors/scissors (274).npy,train
the-finger,the-finger-set2 (411),./dataset/skeleton_final_v2/the-finger/the-finger-set2 (411).npy,train
paper,paper_7597,./dataset/skeleton_final_v2/paper/paper_7597.npy,train
ok,ok_2001,./dataset/skeleton_final_v2/ok/ok_2001.npy,train
ok,ok (202),./dataset/skeleton_final_v2/ok/ok (202).npy,train
thumbup,thumbup_6212,./dataset/skeleton_final_v2/thumbup/thumbup_6212.npy,train
paper,paper_2490,./dataset/skeleton_final_v2/paper/paper_2490.npy,train
rock,rock (4),./dataset/skeleton_final_v2/rock/rock (4).npy,train
scissors,scissors (66),./dataset/skeleton_final_v2/scissors/scissors (66).npy,train
scissors,scissors-set2 (290),./dataset/skeleton_final_v2/scissors/scissors-set2 (290).npy,train
paper,paper_1452,./dataset/skeleton_final_v2/paper/paper_1452.npy,train
paper,paper (153),./dataset/skeleton_final_v2/paper/paper (153).npy,train
the-finger,the-finger (141),./dataset/skeleton_final_v2/the-finger/the-finger (141).npy,train
scissors,scissors_5205,./dataset/skeleton_final_v2/scissors/scissors_5205.npy,train
thumbup,thumbup (185),./dataset/skeleton_final_v2/thumbup/thumbup (185).npy,train
the-finger,the-finger (120),./dataset/skeleton_final_v2/the-finger/the-finger (120).npy,train
scissors,scissors-set2 (403),./dataset/skeleton_final_v2/scissors/scissors-set2 (403).npy,train
ok,ok_Set2_ (580),./dataset/skeleton_final_v2/ok/ok_Set2_ (580).npy,train
the-finger,the-finger_7076,./dataset/skeleton_final_v2/the-finger/the-finger_7076.npy,train
ok,ok_5779,./dataset/skeleton_final_v2/ok/ok_5779.npy,train
the-finger,the-finger_2278,./dataset/skeleton_final_v2/the-finger/the-finger_2278.npy,train
paper,paper-set2 (446),./dataset/skeleton_final_v2/paper/paper-set2 (446).npy,train
rock,rock-set2 (291),./dataset/skeleton_final_v2/rock/rock-set2 (291).npy,train
paper,paper_6706,./dataset/skeleton_final_v2/paper/paper_6706.npy,train
the-finger,the-finger-set2 (327),./dataset/skeleton_final_v2/the-finger/the-finger-set2 (327).npy,train
scissors,scissors (247),./dataset/skeleton_final_v2/scissors/scissors (247).npy,train
thumbdown,thumbdown (155),./dataset/skeleton_final_v2/thumbdown/thumbdown (155).npy,train
ok,ok_5940,./dataset/skeleton_final_v2/ok/ok_5940.npy,train
ok,ok_5947,./dataset/skeleton_final_v2/ok/ok_5947.npy,train
thumbup,thumbup_7201,./dataset/skeleton_final_v2/thumbup/thumbup_7201.npy,train
scissors,scissors_2770,./dataset/skeleton_final_v2/scissors/scissors_2770.npy,train
ok,ok_7022,./dataset/skeleton_final_v2/ok/ok_7022.npy,train
scissors,scissors-set2 (460),./dataset/skeleton_final_v2/scissors/scissors-set2 (460).npy,train
scissors,scissors_7629,./dataset/skeleton_final_v2/scissors/scissors_7629.npy,train
scissors,scissors (484),./dataset/skeleton_final_v2/scissors/scissors (484).npy,train
paper,paper-set2 (345),./dataset/skeleton_final_v2/paper/paper-set2 (345).npy,train
scissors,scissors-set2 (287),./dataset/skeleton_final_v2/scissors/scissors-set2 (287).npy,train
scissors,scissors_416,./dataset/skeleton_final_v2/scissors/scissors_416.npy,train
thumbdown,thumbdown_866,./dataset/skeleton_final_v2/thumbdown/thumbdown_866.npy,train
thumbup,thumbup (171),./dataset/skeleton_final_v2/thumbup/thumbup (171).npy,train
thumbdown,thumbdown_6821,./dataset/skeleton_final_v2/thumbdown/thumbdown_6821.npy,train
the-finger,the-finger_6856,./dataset/skeleton_final_v2/the-finger/the-finger_6856.npy,train
ok,ok (110),./dataset/skeleton_final_v2/ok/ok (110).npy,train
scissors,scissors_8796,./dataset/skeleton_final_v2/scissors/scissors_8796.npy,train
ok,ok_1165,./dataset/skeleton_final_v2/ok/ok_1165.npy,train
thumbdown,thumbdown_177,./dataset/skeleton_final_v2/thumbdown/thumbdown_177.npy,train
thumbup,thumbup (374),./dataset/skeleton_final_v2/thumbup/thumbup (374).npy,train
ok,ok_4048,./dataset/skeleton_final_v2/ok/ok_4048.npy,train
the-finger,the-finger-set2 (295),./dataset/skeleton_final_v2/the-finger/the-finger-set2 (295).npy,train
rock,rock (259),./dataset/skeleton_final_v2/rock/rock (259).npy,train
thumbdown,thumbdown_5823,./dataset/skeleton_final_v2/thumbdown/thumbdown_5823.npy,train
the-finger,the-finger_2318,./dataset/skeleton_final_v2/the-finger/the-finger_2318.npy,train
ok,ok_Set2_ (64),./dataset/skeleton_final_v2/ok/ok_Set2_ (64).npy,train
thumbup,thumbup_7409,./dataset/skeleton_final_v2/thumbup/thumbup_7409.npy,train
thumbup,thumbup (394),./dataset/skeleton_final_v2/thumbup/thumbup (394).npy,train
thumbdown,hand-10-575,./dataset/skeleton_final_v2/thumbdown/hand-10-575.npy,train
thumbdown,thumbdown (324),./dataset/skeleton_final_v2/thumbdown/thumbdown (324).npy,train
thumbdown,hand-9-1995,./dataset/skeleton_final_v2/thumbdown/hand-9-1995.npy,train
paper,paper_3740,./dataset/skeleton_final_v2/paper/paper_3740.npy,train
ok,ok_Set2_ (342),./dataset/skeleton_final_v2/ok/ok_Set2_ (342).npy,train
paper,paper_7587,./dataset/skeleton_final_v2/paper/paper_7587.npy,train
thumbdown,thumbdown_5667,./dataset/skeleton_final_v2/thumbdown/thumbdown_5667.npy,train
scissors,scissors-set2 (131),./dataset/skeleton_final_v2/scissors/scissors-set2 (131).npy,train
thumbup,hand-7-1370,./dataset/skeleton_final_v2/thumbup/hand-7-1370.npy,train
rock,rock-set2 (44),./dataset/skeleton_final_v2/rock/rock-set2 (44).npy,train
thumbdown,thumbdown_6813,./dataset/skeleton_final_v2/thumbdown/thumbdown_6813.npy,train
paper,paper-set2 (56),./dataset/skeleton_final_v2/paper/paper-set2 (56).npy,train
paper,paper_5900,./dataset/skeleton_final_v2/paper/paper_5900.npy,train
scissors,scissors_6554,./dataset/skeleton_final_v2/scissors/scissors_6554.npy,train
paper,paper_5473,./dataset/skeleton_final_v2/paper/paper_5473.npy,train
paper,paper_6913,./dataset/skeleton_final_v2/paper/paper_6913.npy,train
scissors,scissors_6155,./dataset/skeleton_final_v2/scissors/scissors_6155.npy,train
thumbup,thumbup_7196,./dataset/skeleton_final_v2/thumbup/thumbup_7196.npy,train
the-finger,the-finger_238,./dataset/skeleton_final_v2/the-finger/the-finger_238.npy,train
ok,ok_Set2_ (576),./dataset/skeleton_final_v2/ok/ok_Set2_ (576).npy,train
ok,ok (124),./dataset/skeleton_final_v2/ok/ok (124).npy,train
rock,rock (87),./dataset/skeleton_final_v2/rock/rock (87).npy,train
the-finger,the-finger (148),./dataset/skeleton_final_v2/the-finger/the-finger (148).npy,train
the-finger,the-finger-set2 (15),./dataset/skeleton_final_v2/the-finger/the-finger-set2 (15).npy,train
scissors,scissors-set2 (198),./dataset/skeleton_final_v2/scissors/scissors-set2 (198).npy,train
thumbup,thumbup (443),./dataset/skeleton_final_v2/thumbup/thumbup (443).npy,train
thumbdown,thumbdown_2149,./dataset/skeleton_final_v2/thumbdown/thumbdown_2149.npy,train
thumbup,hand-11-2285,./dataset/skeleton_final_v2/thumbup/hand-11-2285.npy,train
thumbdown,thumbdown_3244,./dataset/skeleton_final_v2/thumbdown/thumbdown_3244.npy,train
scissors,scissors_757,./dataset/skeleton_final_v2/scissors/scissors_757.npy,train
scissors,scissors_2738,./dataset/skeleton_final_v2/scissors/scissors_2738.npy,train
thumbup,thumbup (259),./dataset/skeleton_final_v2/thumbup/thumbup (259).npy,train
ok,ok_Set2_ (309),./dataset/skeleton_final_v2/ok/ok_Set2_ (309).npy,train
scissors,scissors-set2 (236),./dataset/skeleton_final_v2/scissors/scissors-set2 (236).npy,train
rock,rock-set2 (432),./dataset/skeleton_final_v2/rock/rock-set2 (432).npy,train
paper,paper_6351,./dataset/skeleton_final_v2/paper/paper_6351.npy,train
thumbdown,thumbdown_538,./dataset/skeleton_final_v2/thumbdown/thumbdown_538.npy,train
paper,paper-set2 (325),./dataset/skeleton_final_v2/paper/paper-set2 (325).npy,train
scissors,scissors-set2 (575),./dataset/skeleton_final_v2/scissors/scissors-set2 (575).npy,train
the-finger,the-finger-set2 (152),./dataset/skeleton_final_v2/the-finger/the-finger-set2 (152).npy,train
paper,paper_2462,./dataset/skeleton_final_v2/paper/paper_2462.npy,train
rock,rock_7504,./dataset/skeleton_final_v2/rock/rock_7504.npy,train
thumbup,thumbup_7752,./dataset/skeleton_final_v2/thumbup/thumbup_7752.npy,train
rock,rock_9118,./dataset/skeleton_final_v2/rock/rock_9118.npy,train
paper,paper-set2 (132),./dataset/skeleton_final_v2/paper/paper-set2 (132).npy,train
ok,ok_Set2_ (459),./dataset/skeleton_final_v2/ok/ok_Set2_ (459).npy,train
ok,ok_Set2_ (7),./dataset/skeleton_final_v2/ok/ok_Set2_ (7).npy,train
ok,ok_Set2_ (143),./dataset/skeleton_final_v2/ok/ok_Set2_ (143).npy,train
rock,rock-set2 (339),./dataset/skeleton_final_v2/rock/rock-set2 (339).npy,train
scissors,scissors-set2 (377),./dataset/skeleton_final_v2/scissors/scissors-set2 (377).npy,train
scissors,scissors_6957,./dataset/skeleton_final_v2/scissors/scissors_6957.npy,train
ok,ok_80,./dataset/skeleton_final_v2/ok/ok_80.npy,train
scissors,scissors-set2 (615),./dataset/skeleton_final_v2/scissors/scissors-set2 (615).npy,train
scissors,scissors-set2 (187),./dataset/skeleton_final_v2/scissors/scissors-set2 (187).npy,train
scissors,scissors-set2 (2),./dataset/skeleton_final_v2/scissors/scissors-set2 (2).npy,train
thumbdown,thumbdown_6247,./dataset/skeleton_final_v2/thumbdown/thumbdown_6247.npy,train
ok,ok_2896,./dataset/skeleton_final_v2/ok/ok_2896.npy,train
paper,paper-set2 (54),./dataset/skeleton_final_v2/paper/paper-set2 (54).npy,train
thumbup,thumbup (307),./dataset/skeleton_final_v2/thumbup/thumbup (307).npy,train
the-finger,the-finger_5853,./dataset/skeleton_final_v2/the-finger/the-finger_5853.npy,train
thumbup,thumbup_1666,./dataset/skeleton_final_v2/thumbup/thumbup_1666.npy,train
ok,ok_Set2_ (520),./dataset/skeleton_final_v2/ok/ok_Set2_ (520).npy,train
thumbdown,thumbdown (217),./dataset/skeleton_final_v2/thumbdown/thumbdown (217).npy,train
ok,ok_Set2_ (574),./dataset/skeleton_final_v2/ok/ok_Set2_ (574).npy,train
thumbup,thumbup_5812,./dataset/skeleton_final_v2/thumbup/thumbup_5812.npy,train
ok,ok_7004,./dataset/skeleton_final_v2/ok/ok_7004.npy,train
ok,ok_Set2_ (426),./dataset/skeleton_final_v2/ok/ok_Set2_ (426).npy,train
the-finger,the-finger-set2 (358),./dataset/skeleton_final_v2/the-finger/the-finger-set2 (358).npy,train
thumbdown,thumbdown_3206,./dataset/skeleton_final_v2/thumbdown/thumbdown_3206.npy,train
thumbup,thumbup (401),./dataset/skeleton_final_v2/thumbup/thumbup (401).npy,train
the-finger,the-finger-set2 (210),./dataset/skeleton_final_v2/the-finger/the-finger-set2 (210).npy,train
thumbdown,hand-11-805,./dataset/skeleton_final_v2/thumbdown/hand-11-805.npy,train
thumbup,hand-11-505,./dataset/skeleton_final_v2/thumbup/hand-11-505.npy,train
paper,paper-set2 (149),./dataset/skeleton_final_v2/paper/paper-set2 (149).npy,train
ok,ok_Set2_ (382),./dataset/skeleton_final_v2/ok/ok_Set2_ (382).npy,train
paper,paper-set2 (319),./dataset/skeleton_final_v2/paper/paper-set2 (319).npy,train
rock,rock-set2 (586),./dataset/skeleton_final_v2/rock/rock-set2 (586).npy,train
the-finger,the-finger (16),./dataset/skeleton_final_v2/the-finger/the-finger (16).npy,train
paper,paper-set2 (296),./dataset/skeleton_final_v2/paper/paper-set2 (296).npy,train
ok,ok_6387,./dataset/skeleton_final_v2/ok/ok_6387.npy,train
paper,paper (256),./dataset/skeleton_final_v2/paper/paper (256).npy,train
ok,ok_Set2_ (407),./dataset/skeleton_final_v2/ok/ok_Set2_ (407).npy,train
scissors,scissors-set2 (318),./dataset/skeleton_final_v2/scissors/scissors-set2 (318).npy,train
thumbdown,thumbdown (207),./dataset/skeleton_final_v2/thumbdown/thumbdown (207).npy,train
thumbdown,thumbdown (100),./dataset/skeleton_final_v2/thumbdown/thumbdown (100).npy,train
the-finger,the-finger (138),./dataset/skeleton_final_v2/the-finger/the-finger (138).npy,train
ok,ok_2958,./dataset/skeleton_final_v2/ok/ok_2958.npy,train
ok,ok_9236,./dataset/skeleton_final_v2/ok/ok_9236.npy,train
paper,paper-set2 (352),./dataset/skeleton_final_v2/paper/paper-set2 (352).npy,train
thumbdown,hand-10-565,./dataset/skeleton_final_v2/thumbdown/hand-10-565.npy,train
scissors,scissors (499),./dataset/skeleton_final_v2/scissors/scissors (499).npy,train
ok,ok_Set2_ (282),./dataset/skeleton_final_v2/ok/ok_Set2_ (282).npy,train
ok,ok_Set2_ (284),./dataset/skeleton_final_v2/ok/ok_Set2_ (284).npy,train
thumbup,thumbup_8142,./dataset/skeleton_final_v2/thumbup/thumbup_8142.npy,train
paper,paper-set2 (390),./dataset/skeleton_final_v2/paper/paper-set2 (390).npy,train
thumbdown,thumbdown_6454,./dataset/skeleton_final_v2/thumbdown/thumbdown_6454.npy,train
thumbup,thumbup (376),./dataset/skeleton_final_v2/thumbup/thumbup (376).npy,train
thumbdown,thumbdown_3246,./dataset/skeleton_final_v2/thumbdown/thumbdown_3246.npy,train
thumbup,thumbup_2109,./dataset/skeleton_final_v2/thumbup/thumbup_2109.npy,train
paper,paper_3634,./dataset/skeleton_final_v2/paper/paper_3634.npy,train
scissors,scissors_3883,./dataset/skeleton_final_v2/scissors/scissors_3883.npy,train
ok,ok_2848,./dataset/skeleton_final_v2/ok/ok_2848.npy,train
ok,ok_2833,./dataset/skeleton_final_v2/ok/ok_2833.npy,train
thumbup,thumbup_7417,./dataset/skeleton_final_v2/thumbup/thumbup_7417.npy,train
paper,paper-set2 (178),./dataset/skeleton_final_v2/paper/paper-set2 (178).npy,train
scissors,scissors-set2 (328),./dataset/skeleton_final_v2/scissors/scissors-set2 (328).npy,train
scissors,scissors-set2 (697),./dataset/skeleton_final_v2/scissors/scissors-set2 (697).npy,train
thumbup,thumbup_3016,./dataset/skeleton_final_v2/thumbup/thumbup_3016.npy,train
ok,ok_Set2_ (358),./dataset/skeleton_final_v2/ok/ok_Set2_ (358).npy,train
rock,rock (2),./dataset/skeleton_final_v2/rock/rock (2).npy,train
the-finger,the-finger-set2 (307),./dataset/skeleton_final_v2/the-finger/the-finger-set2 (307).npy,train
thumbdown,thumbdown_5303,./dataset/skeleton_final_v2/thumbdown/thumbdown_5303.npy,train
thumbdown,hand-10-605,./dataset/skeleton_final_v2/thumbdown/hand-10-605.npy,train
ok,ok_2947,./dataset/skeleton_final_v2/ok/ok_2947.npy,train
thumbup,thumbup (405),./dataset/skeleton_final_v2/thumbup/thumbup (405).npy,train
rock,rock_685,./dataset/skeleton_final_v2/rock/rock_685.npy,train
thumbup,thumbup_4204,./dataset/skeleton_final_v2/thumbup/thumbup_4204.npy,train
scissors,scissors-set2 (305),./dataset/skeleton_final_v2/scissors/scissors-set2 (305).npy,train
scissors,scissors (237),./dataset/skeleton_final_v2/scissors/scissors (237).npy,train
scissors,scissors-set2 (415),./dataset/skeleton_final_v2/scissors/scissors-set2 (415).npy,train
the-finger,the-finger-set2 (35),./dataset/skeleton_final_v2/the-finger/the-finger-set2 (35).npy,train
paper,paper_4599,./dataset/skeleton_final_v2/paper/paper_4599.npy,train
scissors,scissors_1113,./dataset/skeleton_final_v2/scissors/scissors_1113.npy,train
ok,ok (222),./dataset/skeleton_final_v2/ok/ok (222).npy,train
paper,paper_3762,./dataset/skeleton_final_v2/paper/paper_3762.npy,train
ok,ok_Set2_ (374),./dataset/skeleton_final_v2/ok/ok_Set2_ (374).npy,train
paper,paper-set2 (451),./dataset/skeleton_final_v2/paper/paper-set2 (451).npy,train
thumbdown,thumbdown_9010,./dataset/skeleton_final_v2/thumbdown/thumbdown_9010.npy,train
thumbdown,hand-7-1535,./dataset/skeleton_final_v2/thumbdown/hand-7-1535.npy,train
thumbup,thumbup (304),./dataset/skeleton_final_v2/thumbup/thumbup (304).npy,train
ok,ok_Set2_ (501),./dataset/skeleton_final_v2/ok/ok_Set2_ (501).npy,train
paper,paper_7924,./dataset/skeleton_final_v2/paper/paper_7924.npy,train
paper,paper_749,./dataset/skeleton_final_v2/paper/paper_749.npy,train
thumbup,thumbup_7207,./dataset/skeleton_final_v2/thumbup/thumbup_7207.npy,train
thumbup,hand-10-2135,./dataset/skeleton_final_v2/thumbup/hand-10-2135.npy,train
paper,paper-set2 (448),./dataset/skeleton_final_v2/paper/paper-set2 (448).npy,train
thumbup,thumbup (35),./dataset/skeleton_final_v2/thumbup/thumbup (35).npy,train
the-finger,the-finger_6459,./dataset/skeleton_final_v2/the-finger/the-finger_6459.npy,train
paper,paper-set2 (342),./dataset/skeleton_final_v2/paper/paper-set2 (342).npy,train
paper,paper-set2 (222),./dataset/skeleton_final_v2/paper/paper-set2 (222).npy,train
scissors,scissors (128),./dataset/skeleton_final_v2/scissors/scissors (128).npy,train
paper,paper_3798,./dataset/skeleton_final_v2/paper/paper_3798.npy,train
paper,paper (251),./dataset/skeleton_final_v2/paper/paper (251).npy,train
the-finger,the-finger-set2 (397),./dataset/skeleton_final_v2/the-finger/the-finger-set2 (397).npy,train
scissors,scissors-set2 (521),./dataset/skeleton_final_v2/scissors/scissors-set2 (521).npy,train
scissors,scissors-set2 (481),./dataset/skeleton_final_v2/scissors/scissors-set2 (481).npy,train
scissors,scissors-set2 (247),./dataset/skeleton_final_v2/scissors/scissors-set2 (247).npy,train
the-finger,the-finger_640,./dataset/skeleton_final_v2/the-finger/the-finger_640.npy,train
the-finger,the-finger-set2 (231),./dataset/skeleton_final_v2/the-finger/the-finger-set2 (231).npy,train
paper,paper-set2 (467),./dataset/skeleton_final_v2/paper/paper-set2 (467).npy,train
ok,ok_Set2_ (44),./dataset/skeleton_final_v2/ok/ok_Set2_ (44).npy,train
scissors,scissors-set2 (230),./dataset/skeleton_final_v2/scissors/scissors-set2 (230).npy,train
thumbdown,thumbdown_6439,./dataset/skeleton_final_v2/thumbdown/thumbdown_6439.npy,train
scissors,scissors (169),./dataset/skeleton_final_v2/scissors/scissors (169).npy,train
thumbup,thumbup (30),./dataset/skeleton_final_v2/thumbup/thumbup (30).npy,train
thumbup,thumbup (127),./dataset/skeleton_final_v2/thumbup/thumbup (127).npy,train
paper,paper-set2 (180),./dataset/skeleton_final_v2/paper/paper-set2 (180).npy,train
paper,paper-set2 (373),./dataset/skeleton_final_v2/paper/paper-set2 (373).npy,train
ok,ok_1999,./dataset/skeleton_final_v2/ok/ok_1999.npy,train
the-finger,the-finger-set2 (88),./dataset/skeleton_final_v2/the-finger/the-finger-set2 (88).npy,train
thumbup,thumbup_5798,./dataset/skeleton_final_v2/thumbup/thumbup_5798.npy,train
ok,ok_Set2_ (300),./dataset/skeleton_final_v2/ok/ok_Set2_ (300).npy,train
ok,ok_Set2_ (276),./dataset/skeleton_final_v2/ok/ok_Set2_ (276).npy,train
ok,ok_Set2_ (416),./dataset/skeleton_final_v2/ok/ok_Set2_ (416).npy,train
scissors,scissors-set2 (268),./dataset/skeleton_final_v2/scissors/scissors-set2 (268).npy,train
thumbup,hand-7-1295,./dataset/skeleton_final_v2/thumbup/hand-7-1295.npy,train
ok,ok_2891,./dataset/skeleton_final_v2/ok/ok_2891.npy,train
paper,paper_6135,./dataset/skeleton_final_v2/paper/paper_6135.npy,train
ok,ok_7011,./dataset/skeleton_final_v2/ok/ok_7011.npy,train
scissors,scissors-set2 (339),./dataset/skeleton_final_v2/scissors/scissors-set2 (339).npy,train
thumbup,thumbup_2087,./dataset/skeleton_final_v2/thumbup/thumbup_2087.npy,train
thumbup,thumbup_7053,./dataset/skeleton_final_v2/thumbup/thumbup_7053.npy,train
thumbup,thumbup (448),./dataset/skeleton_final_v2/thumbup/thumbup (448).npy,train
paper,paper_7942,./dataset/skeleton_final_v2/paper/paper_7942.npy,train
paper,paper-set2 (503),./dataset/skeleton_final_v2/paper/paper-set2 (503).npy,train
thumbup,thumbup_3010,./dataset/skeleton_final_v2/thumbup/thumbup_3010.npy,train
the-finger,the-finger-set2 (214),./dataset/skeleton_final_v2/the-finger/the-finger-set2 (214).npy,train
the-finger,the-finger_6466,./dataset/skeleton_final_v2/the-finger/the-finger_6466.npy,train
rock,rock_7105,./dataset/skeleton_final_v2/rock/rock_7105.npy,train
paper,paper_1026,./dataset/skeleton_final_v2/paper/paper_1026.npy,train
rock,rock-set2 (180),./dataset/skeleton_final_v2/rock/rock-set2 (180).npy,train
scissors,scissors-set2 (26),./dataset/skeleton_final_v2/scissors/scissors-set2 (26).npy,train
thumbdown,thumbdown (187),./dataset/skeleton_final_v2/thumbdown/thumbdown (187).npy,train
thumbup,thumbup (424),./dataset/skeleton_final_v2/thumbup/thumbup (424).npy,train
the-finger,the-finger_5848,./dataset/skeleton_final_v2/the-finger/the-finger_5848.npy,train
rock,rock-set2 (149),./dataset/skeleton_final_v2/rock/rock-set2 (149).npy,train
rock,rock_8398,./dataset/skeleton_final_v2/rock/rock_8398.npy,train
ok,ok_2935,./dataset/skeleton_final_v2/ok/ok_2935.npy,train
thumbup,hand-7-1450,./dataset/skeleton_final_v2/thumbup/hand-7-1450.npy,train
thumbup,thumbup (347),./dataset/skeleton_final_v2/thumbup/thumbup (347).npy,train
ok,ok (189),./dataset/skeleton_final_v2/ok/ok (189).npy,train
paper,paper_3791,./dataset/skeleton_final_v2/paper/paper_3791.npy,train
paper,paper-set2 (481),./dataset/skeleton_final_v2/paper/paper-set2 (481).npy,train
rock,rock_6888,./dataset/skeleton_final_v2/rock/rock_6888.npy,train
paper,paper_3654,./dataset/skeleton_final_v2/paper/paper_3654.npy,train
ok,ok_75,./dataset/skeleton_final_v2/ok/ok_75.npy,train
thumbup,thumbup_6229,./dataset/skeleton_final_v2/thumbup/thumbup_6229.npy,train
rock,rock-set2 (303),./dataset/skeleton_final_v2/rock/rock-set2 (303).npy,train
scissors,scissors_2581,./dataset/skeleton_final_v2/scissors/scissors_2581.npy,train
paper,paper_6705,./dataset/skeleton_final_v2/paper/paper_6705.npy,train
ok,ok_Set2_ (171),./dataset/skeleton_final_v2/ok/ok_Set2_ (171).npy,train
scissors,scissors (242),./dataset/skeleton_final_v2/scissors/scissors (242).npy,train
thumbdown,thumbdown_6811,./dataset/skeleton_final_v2/thumbdown/thumbdown_6811.npy,train
paper,paper_6915,./dataset/skeleton_final_v2/paper/paper_6915.npy,train
thumbdown,thumbdown (333),./dataset/skeleton_final_v2/thumbdown/thumbdown (333).npy,train
paper,paper_6340,./dataset/skeleton_final_v2/paper/paper_6340.npy,train
paper,paper-set2 (425),./dataset/skeleton_final_v2/paper/paper-set2 (425).npy,train
scissors,scissors (286),./dataset/skeleton_final_v2/scissors/scissors (286).npy,train
thumbup,thumbup (9),./dataset/skeleton_final_v2/thumbup/thumbup (9).npy,train
thumbdown,hand-10-550,./dataset/skeleton_final_v2/thumbdown/hand-10-550.npy,train
scissors,scissors_6723,./dataset/skeleton_final_v2/scissors/scissors_6723.npy,train
scissors,scissors (95),./dataset/skeleton_final_v2/scissors/scissors (95).npy,train
thumbdown,thumbdown_2179,./dataset/skeleton_final_v2/thumbdown/thumbdown_2179.npy,train
thumbup,thumbup (120),./dataset/skeleton_final_v2/thumbup/thumbup (120).npy,train
scissors,scissors-set2 (406),./dataset/skeleton_final_v2/scissors/scissors-set2 (406).npy,train
paper,paper-set2 (335),./dataset/skeleton_final_v2/paper/paper-set2 (335).npy,train
thumbdown,thumbdown (172),./dataset/skeleton_final_v2/thumbdown/thumbdown (172).npy,train
paper,paper (6),./dataset/skeleton_final_v2/paper/paper (6).npy,train
rock,rock (95),./dataset/skeleton_final_v2/rock/rock (95).npy,train
scissors,scissors-set2 (383),./dataset/skeleton_final_v2/scissors/scissors-set2 (383).npy,train
ok,ok_Set2_ (244),./dataset/skeleton_final_v2/ok/ok_Set2_ (244).npy,train
paper,paper_3640,./dataset/skeleton_final_v2/paper/paper_3640.npy,train
scissors,scissors (261),./dataset/skeleton_final_v2/scissors/scissors (261).npy,train
paper,paper (33),./dataset/skeleton_final_v2/paper/paper (33).npy,train
thumbup,thumbup (454),./dataset/skeleton_final_v2/thumbup/thumbup (454).npy,train
paper,paper_3746,./dataset/skeleton_final_v2/paper/paper_3746.npy,train
scissors,scissors-set2 (716),./dataset/skeleton_final_v2/scissors/scissors-set2 (716).npy,train
rock,rock (209),./dataset/skeleton_final_v2/rock/rock (209).npy,train
thumbdown,thumbdown (235),./dataset/skeleton_final_v2/thumbdown/thumbdown (235).npy,train
thumbdown,thumbdown_4474,./dataset/skeleton_final_v2/thumbdown/thumbdown_4474.npy,train
paper,paper (79),./dataset/skeleton_final_v2/paper/paper (79).npy,train
scissors,scissors-set2 (348),./dataset/skeleton_final_v2/scissors/scissors-set2 (348).npy,train
paper,paper_2453,./dataset/skeleton_final_v2/paper/paper_2453.npy,train
the-finger,the-finger-set2 (286),./dataset/skeleton_final_v2/the-finger/the-finger-set2 (286).npy,train
scissors,scissors-set2 (698),./dataset/skeleton_final_v2/scissors/scissors-set2 (698).npy,train
paper,paper-set2 (209),./dataset/skeleton_final_v2/paper/paper-set2 (209).npy,train
thumbup,hand-9-1630,./dataset/skeleton_final_v2/thumbup/hand-9-1630.npy,train
scissors,scissors_2749,./dataset/skeleton_final_v2/scissors/scissors_2749.npy,train
thumbup,thumbup (415),./dataset/skeleton_final_v2/thumbup/thumbup (415).npy,train
thumbup,thumbup (420),./dataset/skeleton_final_v2/thumbup/thumbup (420).npy,train
the-finger,the-finger_600,./dataset/skeleton_final_v2/the-finger/the-finger_600.npy,train
ok,ok_Set2_ (155),./dataset/skeleton_final_v2/ok/ok_Set2_ (155).npy,train
scissors,scissors-set2 (363),./dataset/skeleton_final_v2/scissors/scissors-set2 (363).npy,train
scissors,scissors (276),./dataset/skeleton_final_v2/scissors/scissors (276).npy,train
ok,ok_89,./dataset/skeleton_final_v2/ok/ok_89.npy,train
the-finger,the-finger_6285,./dataset/skeleton_final_v2/the-finger/the-finger_6285.npy,train
thumbup,thumbup (176),./dataset/skeleton_final_v2/thumbup/thumbup (176).npy,train
thumbup,thumbup_6410,./dataset/skeleton_final_v2/thumbup/thumbup_6410.npy,train
scissors,scissors_6363,./dataset/skeleton_final_v2/scissors/scissors_6363.npy,train
scissors,scissors (447),./dataset/skeleton_final_v2/scissors/scissors (447).npy,train
scissors,scissors (271),./dataset/skeleton_final_v2/scissors/scissors (271).npy,train
scissors,scissors_6563,./dataset/skeleton_final_v2/scissors/scissors_6563.npy,train
ok,ok_Set2_ (505),./dataset/skeleton_final_v2/ok/ok_Set2_ (505).npy,train
scissors,scissors-set2 (21),./dataset/skeleton_final_v2/scissors/scissors-set2 (21).npy,train
thumbup,hand-10-2540,./dataset/skeleton_final_v2/thumbup/hand-10-2540.npy,train
the-finger,the-finger-set2 (343),./dataset/skeleton_final_v2/the-finger/the-finger-set2 (343).npy,train
scissors,scissors-set2 (132),./dataset/skeleton_final_v2/scissors/scissors-set2 (132).npy,train
ok,ok_Set2_ (457),./dataset/skeleton_final_v2/ok/ok_Set2_ (457).npy,train
ok,ok_Set2_ (502),./dataset/skeleton_final_v2/ok/ok_Set2_ (502).npy,train
thumbdown,hand-7-1690,./dataset/skeleton_final_v2/thumbdown/hand-7-1690.npy,train
thumbdown,thumbdown_3389,./dataset/skeleton_final_v2/thumbdown/thumbdown_3389.npy,train
scissors,scissors_2615,./dataset/skeleton_final_v2/scissors/scissors_2615.npy,train
thumbup,thumbup (492),./dataset/skeleton_final_v2/thumbup/thumbup (492).npy,train
ok,ok_Set2_ (174),./dataset/skeleton_final_v2/ok/ok_Set2_ (174).npy,train
paper,paper-set2 (506),./dataset/skeleton_final_v2/paper/paper-set2 (506).npy,train
paper,paper-set2 (460),./dataset/skeleton_final_v2/paper/paper-set2 (460).npy,train
paper,paper-set2 (66),./dataset/skeleton_final_v2/paper/paper-set2 (66).npy,train
scissors,scissors_7333,./dataset/skeleton_final_v2/scissors/scissors_7333.npy,train
thumbup,thumbup (388),./dataset/skeleton_final_v2/thumbup/thumbup (388).npy,train
ok,ok_2491,./dataset/skeleton_final_v2/ok/ok_2491.npy,train
thumbdown,thumbdown (22),./dataset/skeleton_final_v2/thumbdown/thumbdown (22).npy,train
thumbup,thumbup_8106,./dataset/skeleton_final_v2/thumbup/thumbup_8106.npy,train
paper,paper_2487,./dataset/skeleton_final_v2/paper/paper_2487.npy,train
thumbdown,thumbdown (240),./dataset/skeleton_final_v2/thumbdown/thumbdown (240).npy,train
paper,paper_5462,./dataset/skeleton_final_v2/paper/paper_5462.npy,train
thumbdown,thumbdown_7248,./dataset/skeleton_final_v2/thumbdown/thumbdown_7248.npy,train
scissors,scissors-set2 (284),./dataset/skeleton_final_v2/scissors/scissors-set2 (284).npy,train
the-finger,the-finger-set2 (351),./dataset/skeleton_final_v2/the-finger/the-finger-set2 (351).npy,train
paper,paper_41,./dataset/skeleton_final_v2/paper/paper_41.npy,train
scissors,scissors (206),./dataset/skeleton_final_v2/scissors/scissors (206).npy,train
thumbup,hand-10-230,./dataset/skeleton_final_v2/thumbup/hand-10-230.npy,train
paper,paper_1856,./dataset/skeleton_final_v2/paper/paper_1856.npy,train
paper,paper_7575,./dataset/skeleton_final_v2/paper/paper_7575.npy,train
thumbdown,thumbdown (330),./dataset/skeleton_final_v2/thumbdown/thumbdown (330).npy,train
ok,ok_Set2_ (95),./dataset/skeleton_final_v2/ok/ok_Set2_ (95).npy,train
paper,paper (235),./dataset/skeleton_final_v2/paper/paper (235).npy,train
scissors,scissors_9188,./dataset/skeleton_final_v2/scissors/scissors_9188.npy,train
paper,paper (126),./dataset/skeleton_final_v2/paper/paper (126).npy,train
the-finger,the-finger-set2 (176),./dataset/skeleton_final_v2/the-finger/the-finger-set2 (176).npy,train
ok,ok_9256,./dataset/skeleton_final_v2/ok/ok_9256.npy,train
paper,paper-set2 (311),./dataset/skeleton_final_v2/paper/paper-set2 (311).npy,train
the-finger,the-finger-set2 (151),./dataset/skeleton_final_v2/the-finger/the-finger-set2 (151).npy,train
scissors,scissors-set2 (586),./dataset/skeleton_final_v2/scissors/scissors-set2 (586).npy,train
paper,paper_2484,./dataset/skeleton_final_v2/paper/paper_2484.npy,train
ok,ok_Set2_ (253),./dataset/skeleton_final_v2/ok/ok_Set2_ (253).npy,train
scissors,scissors (417),./dataset/skeleton_final_v2/scissors/scissors (417).npy,train
scissors,scissors (14),./dataset/skeleton_final_v2/scissors/scissors (14).npy,train
thumbdown,thumbdown (21),./dataset/skeleton_final_v2/thumbdown/thumbdown (21).npy,train
paper,paper-set2 (228),./dataset/skeleton_final_v2/paper/paper-set2 (228).npy,train
scissors,scissors-set2 (519),./dataset/skeleton_final_v2/scissors/scissors-set2 (519).npy,train
ok,ok_1929,./dataset/skeleton_final_v2/ok/ok_1929.npy,train
ok,ok_5959,./dataset/skeleton_final_v2/ok/ok_5959.npy,train
thumbdown,thumbdown_7446,./dataset/skeleton_final_v2/thumbdown/thumbdown_7446.npy,train
ok,ok_Set2_ (466),./dataset/skeleton_final_v2/ok/ok_Set2_ (466).npy,train
the-finger,the-finger-set2 (347),./dataset/skeleton_final_v2/the-finger/the-finger-set2 (347).npy,train
paper,paper-set2 (236),./dataset/skeleton_final_v2/paper/paper-set2 (236).npy,train
thumbup,thumbup (55),./dataset/skeleton_final_v2/thumbup/thumbup (55).npy,train
ok,ok_Set2_ (216),./dataset/skeleton_final_v2/ok/ok_Set2_ (216).npy,train
scissors,scissors_6943,./dataset/skeleton_final_v2/scissors/scissors_6943.npy,train
thumbdown,thumbdown_7456,./dataset/skeleton_final_v2/thumbdown/thumbdown_7456.npy,train
scissors,scissors (104),./dataset/skeleton_final_v2/scissors/scissors (104).npy,train
paper,paper (233),./dataset/skeleton_final_v2/paper/paper (233).npy,train
scissors,scissors (76),./dataset/skeleton_final_v2/scissors/scissors (76).npy,train
the-finger,the-finger-set2 (406),./dataset/skeleton_final_v2/the-finger/the-finger-set2 (406).npy,train
paper,paper-set2 (115),./dataset/skeleton_final_v2/paper/paper-set2 (115).npy,train
paper,paper-set2 (290),./dataset/skeleton_final_v2/paper/paper-set2 (290).npy,train
scissors,scissors_1524,./dataset/skeleton_final_v2/scissors/scissors_1524.npy,train
ok,ok_5945,./dataset/skeleton_final_v2/ok/ok_5945.npy,train
scissors,scissors (275),./dataset/skeleton_final_v2/scissors/scissors (275).npy,train
paper,paper-set2 (377),./dataset/skeleton_final_v2/paper/paper-set2 (377).npy,train
ok,ok_4991,./dataset/skeleton_final_v2/ok/ok_4991.npy,train
paper,paper_8732,./dataset/skeleton_final_v2/paper/paper_8732.npy,train
paper,paper-set2 (344),./dataset/skeleton_final_v2/paper/paper-set2 (344).npy,train
ok,ok_Set2_ (418),./dataset/skeleton_final_v2/ok/ok_Set2_ (418).npy,train
thumbup,thumbup_8926,./dataset/skeleton_final_v2/thumbup/thumbup_8926.npy,train
thumbup,thumbup_6798,./dataset/skeleton_final_v2/thumbup/thumbup_6798.npy,train
paper,paper_3723,./dataset/skeleton_final_v2/paper/paper_3723.npy,train
thumbdown,thumbdown_856,./dataset/skeleton_final_v2/thumbdown/thumbdown_856.npy,train
paper,paper_6694,./dataset/skeleton_final_v2/paper/paper_6694.npy,train
thumbup,thumbup (148),./dataset/skeleton_final_v2/thumbup/thumbup (148).npy,train
scissors,scissors (248),./dataset/skeleton_final_v2/scissors/scissors (248).npy,train
ok,ok_8046,./dataset/skeleton_final_v2/ok/ok_8046.npy,train
thumbup,thumbup_7396,./dataset/skeleton_final_v2/thumbup/thumbup_7396.npy,train
rock,rock-set2 (157),./dataset/skeleton_final_v2/rock/rock-set2 (157).npy,train
scissors,scissors (44),./dataset/skeleton_final_v2/scissors/scissors (44).npy,train
ok,ok (194),./dataset/skeleton_final_v2/ok/ok (194).npy,train
thumbdown,thumbdown_849,./dataset/skeleton_final_v2/thumbdown/thumbdown_849.npy,train
paper,paper_6693,./dataset/skeleton_final_v2/paper/paper_6693.npy,train
paper,paper-set2 (229),./dataset/skeleton_final_v2/paper/paper-set2 (229).npy,train
thumbdown,thumbdown (75),./dataset/skeleton_final_v2/thumbdown/thumbdown (75).npy,train
thumbup,hand-10-250,./dataset/skeleton_final_v2/thumbup/hand-10-250.npy,train
paper,paper_3826,./dataset/skeleton_final_v2/paper/paper_3826.npy,train
paper,paper_1059,./dataset/skeleton_final_v2/paper/paper_1059.npy,train
rock,rock-set2 (49),./dataset/skeleton_final_v2/rock/rock-set2 (49).npy,train
ok,ok_1580,./dataset/skeleton_final_v2/ok/ok_1580.npy,train
scissors,scissors-set2 (456),./dataset/skeleton_final_v2/scissors/scissors-set2 (456).npy,train
ok,ok_9264,./dataset/skeleton_final_v2/ok/ok_9264.npy,train
scissors,scissors_5223,./dataset/skeleton_final_v2/scissors/scissors_5223.npy,train
thumbup,thumbup (417),./dataset/skeleton_final_v2/thumbup/thumbup (417).npy,train
ok,ok_Set2_ (545),./dataset/skeleton_final_v2/ok/ok_Set2_ (545).npy,train
the-finger,the-finger-set2 (325),./dataset/skeleton_final_v2/the-finger/the-finger-set2 (325).npy,train
thumbdown,thumbdown_5828,./dataset/skeleton_final_v2/thumbdown/thumbdown_5828.npy,train
the-finger,the-finger_6870,./dataset/skeleton_final_v2/the-finger/the-finger_6870.npy,train
scissors,scissors-set2 (178),./dataset/skeleton_final_v2/scissors/scissors-set2 (178).npy,train
rock,rock-set2 (566),./dataset/skeleton_final_v2/rock/rock-set2 (566).npy,train
paper,paper (166),./dataset/skeleton_final_v2/paper/paper (166).npy,train
ok,ok_Set2_ (460),./dataset/skeleton_final_v2/ok/ok_Set2_ (460).npy,train
ok,ok_Set2_ (379),./dataset/skeleton_final_v2/ok/ok_Set2_ (379).npy,train
scissors,scissors_4656,./dataset/skeleton_final_v2/scissors/scissors_4656.npy,train
ok,ok_4046,./dataset/skeleton_final_v2/ok/ok_4046.npy,train
thumbup,hand-11-510,./dataset/skeleton_final_v2/thumbup/hand-11-510.npy,train
the-finger,the-finger_3452,./dataset/skeleton_final_v2/the-finger/the-finger_3452.npy,train
paper,paper-set2 (127),./dataset/skeleton_final_v2/paper/paper-set2 (127).npy,train
scissors,scissors_6741,./dataset/skeleton_final_v2/scissors/scissors_6741.npy,train
the-finger,the-finger-set2 (16),./dataset/skeleton_final_v2/the-finger/the-finger-set2 (16).npy,train
paper,paper (242),./dataset/skeleton_final_v2/paper/paper (242).npy,train
scissors,scissors (408),./dataset/skeleton_final_v2/scissors/scissors (408).npy,train
paper,paper-set2 (50),./dataset/skeleton_final_v2/paper/paper-set2 (50).npy,train
scissors,scissors (412),./dataset/skeleton_final_v2/scissors/scissors (412).npy,train
scissors,scissors_4632,./dataset/skeleton_final_v2/scissors/scissors_4632.npy,train
paper,paper_7595,./dataset/skeleton_final_v2/paper/paper_7595.npy,train
thumbdown,thumbdown (91),./dataset/skeleton_final_v2/thumbdown/thumbdown (91).npy,train
scissors,scissors_6739,./dataset/skeleton_final_v2/scissors/scissors_6739.npy,train
thumbdown,thumbdown (3),./dataset/skeleton_final_v2/thumbdown/thumbdown (3).npy,train
scissors,scissors_7625,./dataset/skeleton_final_v2/scissors/scissors_7625.npy,train
scissors,scissors (486),./dataset/skeleton_final_v2/scissors/scissors (486).npy,train
ok,ok_6988,./dataset/skeleton_final_v2/ok/ok_6988.npy,train
rock,rock (262),./dataset/skeleton_final_v2/rock/rock (262).npy,train
scissors,scissors-set2 (692),./dataset/skeleton_final_v2/scissors/scissors-set2 (692).npy,train
thumbdown,thumbdown_6240,./dataset/skeleton_final_v2/thumbdown/thumbdown_6240.npy,train
scissors,scissors_3909,./dataset/skeleton_final_v2/scissors/scissors_3909.npy,train
scissors,scissors_4633,./dataset/skeleton_final_v2/scissors/scissors_4633.npy,train
scissors,scissors-set2 (331),./dataset/skeleton_final_v2/scissors/scissors-set2 (331).npy,train
rock,rock (90),./dataset/skeleton_final_v2/rock/rock (90).npy,train
paper,paper_7325,./dataset/skeleton_final_v2/paper/paper_7325.npy,train
thumbup,thumbup_7192,./dataset/skeleton_final_v2/thumbup/thumbup_7192.npy,train
scissors,scissors-set2 (417),./dataset/skeleton_final_v2/scissors/scissors-set2 (417).npy,train
scissors,scissors_63,./dataset/skeleton_final_v2/scissors/scissors_63.npy,train
thumbup,thumbup_5984,./dataset/skeleton_final_v2/thumbup/thumbup_5984.npy,train
thumbup,thumbup (356),./dataset/skeleton_final_v2/thumbup/thumbup (356).npy,train
paper,paper (243),./dataset/skeleton_final_v2/paper/paper (243).npy,train
scissors,scissors-set2 (326),./dataset/skeleton_final_v2/scissors/scissors-set2 (326).npy,train
paper,paper-set2 (210),./dataset/skeleton_final_v2/paper/paper-set2 (210).npy,train
thumbup,thumbup (364),./dataset/skeleton_final_v2/thumbup/thumbup (364).npy,train
thumbdown,thumbdown_5315,./dataset/skeleton_final_v2/thumbdown/thumbdown_5315.npy,train
scissors,scissors_5479,./dataset/skeleton_final_v2/scissors/scissors_5479.npy,train
the-finger,the-finger-set2 (69),./dataset/skeleton_final_v2/the-finger/the-finger-set2 (69).npy,train
paper,paper_7601,./dataset/skeleton_final_v2/paper/paper_7601.npy,train
paper,paper-set2 (207),./dataset/skeleton_final_v2/paper/paper-set2 (207).npy,train
thumbup,thumbup (402),./dataset/skeleton_final_v2/thumbup/thumbup (402).npy,train
thumbdown,thumbdown_8612,./dataset/skeleton_final_v2/thumbdown/thumbdown_8612.npy,train
scissors,scissors-set2 (28),./dataset/skeleton_final_v2/scissors/scissors-set2 (28).npy,train
the-finger,the-finger_7094,./dataset/skeleton_final_v2/the-finger/the-finger_7094.npy,train
the-finger,the-finger_2288,./dataset/skeleton_final_v2/the-finger/the-finger_2288.npy,train
paper,paper-set2 (76),./dataset/skeleton_final_v2/paper/paper-set2 (76).npy,train
ok,ok (31),./dataset/skeleton_final_v2/ok/ok (31).npy,train
rock,rock-set2 (11),./dataset/skeleton_final_v2/rock/rock-set2 (11).npy,train
thumbdown,hand-11-880,./dataset/skeleton_final_v2/thumbdown/hand-11-880.npy,train
thumbdown,thumbdown_7766,./dataset/skeleton_final_v2/thumbdown/thumbdown_7766.npy,train
paper,paper_3669,./dataset/skeleton_final_v2/paper/paper_3669.npy,train
thumbdown,thumbdown_3291,./dataset/skeleton_final_v2/thumbdown/thumbdown_3291.npy,train
thumbup,thumbup (481),./dataset/skeleton_final_v2/thumbup/thumbup (481).npy,train
scissors,scissors-set2 (667),./dataset/skeleton_final_v2/scissors/scissors-set2 (667).npy,train
thumbdown,thumbdown_188,./dataset/skeleton_final_v2/thumbdown/thumbdown_188.npy,train
thumbup,thumbup (292),./dataset/skeleton_final_v2/thumbup/thumbup (292).npy,train
scissors,scissors-set2 (633),./dataset/skeleton_final_v2/scissors/scissors-set2 (633).npy,train
paper,paper_5120,./dataset/skeleton_final_v2/paper/paper_5120.npy,train
scissors,scissors_4623,./dataset/skeleton_final_v2/scissors/scissors_4623.npy,train
thumbdown,hand-9-2135,./dataset/skeleton_final_v2/thumbdown/hand-9-2135.npy,train
paper,paper-set2 (102),./dataset/skeleton_final_v2/paper/paper-set2 (102).npy,train
paper,paper-set2 (383),./dataset/skeleton_final_v2/paper/paper-set2 (383).npy,train
ok,ok_2941,./dataset/skeleton_final_v2/ok/ok_2941.npy,train
ok,ok_797,./dataset/skeleton_final_v2/ok/ok_797.npy,train
rock,rock-set2 (10),./dataset/skeleton_final_v2/rock/rock-set2 (10).npy,train
ok,ok_Set2_ (11),./dataset/skeleton_final_v2/ok/ok_Set2_ (11).npy,train
paper,paper-set2 (84),./dataset/skeleton_final_v2/paper/paper-set2 (84).npy,train
paper,paper (275),./dataset/skeleton_final_v2/paper/paper (275).npy,train
thumbup,thumbup (263),./dataset/skeleton_final_v2/thumbup/thumbup (263).npy,train
thumbdown,thumbdown (183),./dataset/skeleton_final_v2/thumbdown/thumbdown (183).npy,train
paper,paper (54),./dataset/skeleton_final_v2/paper/paper (54).npy,train
paper,paper-set2 (136),./dataset/skeleton_final_v2/paper/paper-set2 (136).npy,train
scissors,scissors-set2 (539),./dataset/skeleton_final_v2/scissors/scissors-set2 (539).npy,train
thumbdown,thumbdown (338),./dataset/skeleton_final_v2/thumbdown/thumbdown (338).npy,train
scissors,scissors-set2 (117),./dataset/skeleton_final_v2/scissors/scissors-set2 (117).npy,train
ok,ok_2812,./dataset/skeleton_final_v2/ok/ok_2812.npy,train
paper,paper-set2 (93),./dataset/skeleton_final_v2/paper/paper-set2 (93).npy,train
thumbdown,hand-10-545,./dataset/skeleton_final_v2/thumbdown/hand-10-545.npy,train
paper,paper (102),./dataset/skeleton_final_v2/paper/paper (102).npy,train
thumbdown,thumbdown_4418,./dataset/skeleton_final_v2/thumbdown/thumbdown_4418.npy,train
thumbdown,thumbdown (143),./dataset/skeleton_final_v2/thumbdown/thumbdown (143).npy,train
scissors,scissors (86),./dataset/skeleton_final_v2/scissors/scissors (86).npy,train
thumbup,thumbup (198),./dataset/skeleton_final_v2/thumbup/thumbup (198).npy,train
thumbup,thumbup_7397,./dataset/skeleton_final_v2/thumbup/thumbup_7397.npy,train
thumbdown,hand-10-585,./dataset/skeleton_final_v2/thumbdown/hand-10-585.npy,train
rock,rock (231),./dataset/skeleton_final_v2/rock/rock (231).npy,train
scissors,scissors_6734,./dataset/skeleton_final_v2/scissors/scissors_6734.npy,train
scissors,scissors_8814,./dataset/skeleton_final_v2/scissors/scissors_8814.npy,train
thumbup,thumbup_123,./dataset/skeleton_final_v2/thumbup/thumbup_123.npy,train
paper,paper-set2 (202),./dataset/skeleton_final_v2/paper/paper-set2 (202).npy,train
rock,rock_6494,./dataset/skeleton_final_v2/rock/rock_6494.npy,train
thumbdown,thumbdown (144),./dataset/skeleton_final_v2/thumbdown/thumbdown (144).npy,train
the-finger,the-finger-set2 (73),./dataset/skeleton_final_v2/the-finger/the-finger-set2 (73).npy,train
scissors,scissors-set2 (492),./dataset/skeleton_final_v2/scissors/scissors-set2 (492).npy,train
scissors,scissors_3911,./dataset/skeleton_final_v2/scissors/scissors_3911.npy,train
scissors,scissors-set2 (566),./dataset/skeleton_final_v2/scissors/scissors-set2 (566).npy,train
ok,ok (65),./dataset/skeleton_final_v2/ok/ok (65).npy,train
thumbdown,thumbdown_9382,./dataset/skeleton_final_v2/thumbdown/thumbdown_9382.npy,train
thumbup,thumbup (355),./dataset/skeleton_final_v2/thumbup/thumbup (355).npy,train
thumbup,thumbup (117),./dataset/skeleton_final_v2/thumbup/thumbup (117).npy,train
the-finger,the-finger-set2 (273),./dataset/skeleton_final_v2/the-finger/the-finger-set2 (273).npy,train
thumbdown,thumbdown (28),./dataset/skeleton_final_v2/thumbdown/thumbdown (28).npy,train
paper,paper (197),./dataset/skeleton_final_v2/paper/paper (197).npy,train
the-finger,the-finger_7084,./dataset/skeleton_final_v2/the-finger/the-finger_7084.npy,train
ok,ok_802,./dataset/skeleton_final_v2/ok/ok_802.npy,train
thumbup,thumbup (465),./dataset/skeleton_final_v2/thumbup/thumbup (465).npy,train
ok,ok_9248,./dataset/skeleton_final_v2/ok/ok_9248.npy,train
thumbup,thumbup_7418,./dataset/skeleton_final_v2/thumbup/thumbup_7418.npy,train
thumbup,thumbup (232),./dataset/skeleton_final_v2/thumbup/thumbup (232).npy,train
paper,paper_6345,./dataset/skeleton_final_v2/paper/paper_6345.npy,train
the-finger,the-finger_7088,./dataset/skeleton_final_v2/the-finger/the-finger_7088.npy,train
the-finger,the-finger (10),./dataset/skeleton_final_v2/the-finger/the-finger (10).npy,train
ok,ok_7015,./dataset/skeleton_final_v2/ok/ok_7015.npy,train
thumbup,thumbup_5991,./dataset/skeleton_final_v2/thumbup/thumbup_5991.npy,train
paper,paper_7312,./dataset/skeleton_final_v2/paper/paper_7312.npy,train
paper,paper-set2 (298),./dataset/skeleton_final_v2/paper/paper-set2 (298).npy,train
scissors,scissors-set2 (202),./dataset/skeleton_final_v2/scissors/scissors-set2 (202).npy,train
rock,rock-set2 (64),./dataset/skeleton_final_v2/rock/rock-set2 (64).npy,train
thumbup,thumbup_6217,./dataset/skeleton_final_v2/thumbup/thumbup_6217.npy,train
thumbup,thumbup_7038,./dataset/skeleton_final_v2/thumbup/thumbup_7038.npy,train
paper,paper_5447,./dataset/skeleton_final_v2/paper/paper_5447.npy,train
ok,ok_Set2_ (336),./dataset/skeleton_final_v2/ok/ok_Set2_ (336).npy,train
paper,paper_717,./dataset/skeleton_final_v2/paper/paper_717.npy,train
thumbdown,hand-7-1515,./dataset/skeleton_final_v2/thumbdown/hand-7-1515.npy,train
scissors,scissors (166),./dataset/skeleton_final_v2/scissors/scissors (166).npy,train
paper,paper (198),./dataset/skeleton_final_v2/paper/paper (198).npy,train
rock,rock-set2 (296),./dataset/skeleton_final_v2/rock/rock-set2 (296).npy,train
ok,ok_Set2_ (186),./dataset/skeleton_final_v2/ok/ok_Set2_ (186).npy,train
ok,ok_5769,./dataset/skeleton_final_v2/ok/ok_5769.npy,train
the-finger,the-finger-set2 (388),./dataset/skeleton_final_v2/the-finger/the-finger-set2 (388).npy,train
the-finger,the-finger-set2 (382),./dataset/skeleton_final_v2/the-finger/the-finger-set2 (382).npy,train
ok,ok_2003,./dataset/skeleton_final_v2/ok/ok_2003.npy,train
ok,ok_5251,./dataset/skeleton_final_v2/ok/ok_5251.npy,train
thumbdown,thumbdown (26),./dataset/skeleton_final_v2/thumbdown/thumbdown (26).npy,train
scissors,scissors-set2 (523),./dataset/skeleton_final_v2/scissors/scissors-set2 (523).npy,train
scissors,scissors_1869,./dataset/skeleton_final_v2/scissors/scissors_1869.npy,train
rock,rock_694,./dataset/skeleton_final_v2/rock/rock_694.npy,train
thumbdown,thumbdown (104),./dataset/skeleton_final_v2/thumbdown/thumbdown (104).npy,train
paper,paper_6117,./dataset/skeleton_final_v2/paper/paper_6117.npy,train
scissors,scissors_7336,./dataset/skeleton_final_v2/scissors/scissors_7336.npy,train
scissors,scissors_6540,./dataset/skeleton_final_v2/scissors/scissors_6540.npy,train
paper,paper (147),./dataset/skeleton_final_v2/paper/paper (147).npy,train
scissors,scissors_5485,./dataset/skeleton_final_v2/scissors/scissors_5485.npy,train
ok,ok_2938,./dataset/skeleton_final_v2/ok/ok_2938.npy,train
paper,paper_5889,./dataset/skeleton_final_v2/paper/paper_5889.npy,train
scissors,scissors (222),./dataset/skeleton_final_v2/scissors/scissors (222).npy,train
scissors,scissors-set2 (208),./dataset/skeleton_final_v2/scissors/scissors-set2 (208).npy,train
thumbdown,thumbdown_6049,./dataset/skeleton_final_v2/thumbdown/thumbdown_6049.npy,train
paper,paper_6698,./dataset/skeleton_final_v2/paper/paper_6698.npy,train
scissors,scissors_6548,./dataset/skeleton_final_v2/scissors/scissors_6548.npy,train
the-finger,the-finger_3460,./dataset/skeleton_final_v2/the-finger/the-finger_3460.npy,train
the-finger,the-finger (161),./dataset/skeleton_final_v2/the-finger/the-finger (161).npy,train
ok,ok (226),./dataset/skeleton_final_v2/ok/ok (226).npy,train
thumbup,thumbup (211),./dataset/skeleton_final_v2/thumbup/thumbup (211).npy,train
paper,paper-set2 (413),./dataset/skeleton_final_v2/paper/paper-set2 (413).npy,train
paper,paper-set2 (457),./dataset/skeleton_final_v2/paper/paper-set2 (457).npy,train
rock,rock_679,./dataset/skeleton_final_v2/rock/rock_679.npy,train
ok,ok_Set2_ (141),./dataset/skeleton_final_v2/ok/ok_Set2_ (141).npy,train
paper,paper-set2 (173),./dataset/skeleton_final_v2/paper/paper-set2 (173).npy,train
thumbup,thumbup_7198,./dataset/skeleton_final_v2/thumbup/thumbup_7198.npy,train
the-finger,the-finger-set2 (298),./dataset/skeleton_final_v2/the-finger/the-finger-set2 (298).npy,train
scissors,scissors-set2 (78),./dataset/skeleton_final_v2/scissors/scissors-set2 (78).npy,train
ok,ok (256),./dataset/skeleton_final_v2/ok/ok (256).npy,train
ok,ok (238),./dataset/skeleton_final_v2/ok/ok (238).npy,train
paper,paper (131),./dataset/skeleton_final_v2/paper/paper (131).npy,train
ok,ok_Set2_ (213),./dataset/skeleton_final_v2/ok/ok_Set2_ (213).npy,train
paper,paper-set2 (286),./dataset/skeleton_final_v2/paper/paper-set2 (286).npy,train
thumbdown,thumbdown_4327,./dataset/skeleton_final_v2/thumbdown/thumbdown_4327.npy,train
paper,paper (157),./dataset/skeleton_final_v2/paper/paper (157).npy,train
the-finger,the-finger_596,./dataset/skeleton_final_v2/the-finger/the-finger_596.npy,train
thumbup,thumbup (280),./dataset/skeleton_final_v2/thumbup/thumbup (280).npy,train
ok,ok_5522,./dataset/skeleton_final_v2/ok/ok_5522.npy,train
thumbup,thumbup (287),./dataset/skeleton_final_v2/thumbup/thumbup (287).npy,train
the-finger,the-finger_1738,./dataset/skeleton_final_v2/the-finger/the-finger_1738.npy,train
paper,paper-set2 (447),./dataset/skeleton_final_v2/paper/paper-set2 (447).npy,train
paper,paper_5470,./dataset/skeleton_final_v2/paper/paper_5470.npy,train
thumbup,thumbup (156),./dataset/skeleton_final_v2/thumbup/thumbup (156).npy,train
scissors,scissors (236),./dataset/skeleton_final_v2/scissors/scissors (236).npy,train
scissors,scissors-set2 (376),./dataset/skeleton_final_v2/scissors/scissors-set2 (376).npy,train
rock,rock_699,./dataset/skeleton_final_v2/rock/rock_699.npy,train
scissors,scissors-set2 (119),./dataset/skeleton_final_v2/scissors/scissors-set2 (119).npy,train
ok,ok_Set2_ (458),./dataset/skeleton_final_v2/ok/ok_Set2_ (458).npy,train
thumbdown,hand-9-2075,./dataset/skeleton_final_v2/thumbdown/hand-9-2075.npy,train
scissors,scissors (47),./dataset/skeleton_final_v2/scissors/scissors (47).npy,train
thumbup,thumbup_6213,./dataset/skeleton_final_v2/thumbup/thumbup_6213.npy,train
paper,paper (199),./dataset/skeleton_final_v2/paper/paper (199).npy,train
thumbup,thumbup_7714,./dataset/skeleton_final_v2/thumbup/thumbup_7714.npy,train
the-finger,the-finger (49),./dataset/skeleton_final_v2/the-finger/the-finger (49).npy,train
ok,ok_Set2_ (472),./dataset/skeleton_final_v2/ok/ok_Set2_ (472).npy,train
paper,paper_3748,./dataset/skeleton_final_v2/paper/paper_3748.npy,train
ok,ok_Set2_ (249),./dataset/skeleton_final_v2/ok/ok_Set2_ (249).npy,train
scissors,scissors (407),./dataset/skeleton_final_v2/scissors/scissors (407).npy,train
thumbup,hand-10-2585,./dataset/skeleton_final_v2/thumbup/hand-10-2585.npy,train
scissors,scissors (89),./dataset/skeleton_final_v2/scissors/scissors (89).npy,train
thumbup,thumbup (226),./dataset/skeleton_final_v2/thumbup/thumbup (226).npy,train
paper,paper-set2 (292),./dataset/skeleton_final_v2/paper/paper-set2 (292).npy,train
rock,rock-set2 (581),./dataset/skeleton_final_v2/rock/rock-set2 (581).npy,train
thumbup,hand-9-1665,./dataset/skeleton_final_v2/thumbup/hand-9-1665.npy,train
ok,ok_Set2_ (46),./dataset/skeleton_final_v2/ok/ok_Set2_ (46).npy,train
paper,paper_3809,./dataset/skeleton_final_v2/paper/paper_3809.npy,train
thumbdown,hand-7-1625,./dataset/skeleton_final_v2/thumbdown/hand-7-1625.npy,train
the-finger,the-finger_6291,./dataset/skeleton_final_v2/the-finger/the-finger_6291.npy,train
ok,ok (92),./dataset/skeleton_final_v2/ok/ok (92).npy,train
scissors,scissors (181),./dataset/skeleton_final_v2/scissors/scissors (181).npy,train
scissors,scissors-set2 (314),./dataset/skeleton_final_v2/scissors/scissors-set2 (314).npy,train
thumbdown,thumbdown_2173,./dataset/skeleton_final_v2/thumbdown/thumbdown_2173.npy,train
paper,paper_3643,./dataset/skeleton_final_v2/paper/paper_3643.npy,train
the-finger,the-finger-set2 (280),./dataset/skeleton_final_v2/the-finger/the-finger-set2 (280).npy,train
the-finger,the-finger_6464,./dataset/skeleton_final_v2/the-finger/the-finger_6464.npy,train
ok,ok_790,./dataset/skeleton_final_v2/ok/ok_790.npy,train
ok,ok_Set2_ (250),./dataset/skeleton_final_v2/ok/ok_Set2_ (250).npy,train
thumbup,hand-8-3530,./dataset/skeleton_final_v2/thumbup/hand-8-3530.npy,train
paper,paper-set2 (82),./dataset/skeleton_final_v2/paper/paper-set2 (82).npy,train
paper,paper_1820,./dataset/skeleton_final_v2/paper/paper_1820.npy,train
paper,paper (98),./dataset/skeleton_final_v2/paper/paper (98).npy,train
thumbup,thumbup (186),./dataset/skeleton_final_v2/thumbup/thumbup (186).npy,train
the-finger,the-finger-set2 (285),./dataset/skeleton_final_v2/the-finger/the-finger-set2 (285).npy,train
paper,paper_718,./dataset/skeleton_final_v2/paper/paper_718.npy,train
thumbup,thumbup_5810,./dataset/skeleton_final_v2/thumbup/thumbup_5810.npy,train
the-finger,the-finger_6461,./dataset/skeleton_final_v2/the-finger/the-finger_6461.npy,train
paper,paper-set2 (195),./dataset/skeleton_final_v2/paper/paper-set2 (195).npy,train
the-finger,the-finger_895,./dataset/skeleton_final_v2/the-finger/the-finger_895.npy,train
scissors,scissors-set2 (288),./dataset/skeleton_final_v2/scissors/scissors-set2 (288).npy,train
scissors,scissors_1119,./dataset/skeleton_final_v2/scissors/scissors_1119.npy,train
paper,paper (92),./dataset/skeleton_final_v2/paper/paper (92).npy,train
paper,paper_4577,./dataset/skeleton_final_v2/paper/paper_4577.npy,train
paper,paper_5128,./dataset/skeleton_final_v2/paper/paper_5128.npy,train
thumbdown,hand-7-1695,./dataset/skeleton_final_v2/thumbdown/hand-7-1695.npy,train
thumbdown,hand-9-2030,./dataset/skeleton_final_v2/thumbdown/hand-9-2030.npy,train
rock,rock_14,./dataset/skeleton_final_v2/rock/rock_14.npy,train
paper,paper_1037,./dataset/skeleton_final_v2/paper/paper_1037.npy,train
scissors,scissors_7355,./dataset/skeleton_final_v2/scissors/scissors_7355.npy,train
rock,rock-set2 (17),./dataset/skeleton_final_v2/rock/rock-set2 (17).npy,train
ok,ok_7689,./dataset/skeleton_final_v2/ok/ok_7689.npy,train
thumbdown,thumbdown (31),./dataset/skeleton_final_v2/thumbdown/thumbdown (31).npy,train
the-finger,the-finger-set2 (337),./dataset/skeleton_final_v2/the-finger/the-finger-set2 (337).npy,train
thumbdown,thumbdown (294),./dataset/skeleton_final_v2/thumbdown/thumbdown (294).npy,train
paper,paper-set2 (493),./dataset/skeleton_final_v2/paper/paper-set2 (493).npy,train
scissors,scissors-set2 (32),./dataset/skeleton_final_v2/scissors/scissors-set2 (32).npy,train
the-finger,the-finger_6072,./dataset/skeleton_final_v2/the-finger/the-finger_6072.npy,train
scissors,scissors-set2 (206),./dataset/skeleton_final_v2/scissors/scissors-set2 (206).npy,train
paper,paper-set2 (25),./dataset/skeleton_final_v2/paper/paper-set2 (25).npy,train
thumbdown,thumbdown_4410,./dataset/skeleton_final_v2/thumbdown/thumbdown_4410.npy,train
paper,paper_8750,./dataset/skeleton_final_v2/paper/paper_8750.npy,train
paper,paper-set2 (427),./dataset/skeleton_final_v2/paper/paper-set2 (427).npy,train
thumbup,thumbup (112),./dataset/skeleton_final_v2/thumbup/thumbup (112).npy,train
ok,ok_Set2_ (116),./dataset/skeleton_final_v2/ok/ok_Set2_ (116).npy,train
paper,paper (270),./dataset/skeleton_final_v2/paper/paper (270).npy,train
paper,paper_732,./dataset/skeleton_final_v2/paper/paper_732.npy,train
paper,paper_3779,./dataset/skeleton_final_v2/paper/paper_3779.npy,train
paper,paper (230),./dataset/skeleton_final_v2/paper/paper (230).npy,train
thumbup,thumbup (131),./dataset/skeleton_final_v2/thumbup/thumbup (131).npy,train
paper,paper-set2 (176),./dataset/skeleton_final_v2/paper/paper-set2 (176).npy,train
scissors,scissors_4644,./dataset/skeleton_final_v2/scissors/scissors_4644.npy,train
scissors,scissors-set2 (594),./dataset/skeleton_final_v2/scissors/scissors-set2 (594).npy,train
thumbup,thumbup (391),./dataset/skeleton_final_v2/thumbup/thumbup (391).npy,train
thumbup,thumbup_7031,./dataset/skeleton_final_v2/thumbup/thumbup_7031.npy,train
paper,paper-set2 (77),./dataset/skeleton_final_v2/paper/paper-set2 (77).npy,train
paper,paper_4579,./dataset/skeleton_final_v2/paper/paper_4579.npy,train
scissors,scissors (246),./dataset/skeleton_final_v2/scissors/scissors (246).npy,train
ok,ok_Set2_ (431),./dataset/skeleton_final_v2/ok/ok_Set2_ (431).npy,train
scissors,scissors-set2 (574),./dataset/skeleton_final_v2/scissors/scissors-set2 (574).npy,train
thumbdown,hand-8-1915,./dataset/skeleton_final_v2/thumbdown/hand-8-1915.npy,train
the-finger,the-finger-set2 (269),./dataset/skeleton_final_v2/the-finger/the-finger-set2 (269).npy,train
paper,paper-set2 (406),./dataset/skeleton_final_v2/paper/paper-set2 (406).npy,train
the-finger,the-finger-set2 (100),./dataset/skeleton_final_v2/the-finger/the-finger-set2 (100).npy,train
thumbup,thumbup_2045,./dataset/skeleton_final_v2/thumbup/thumbup_2045.npy,train
ok,ok_5951,./dataset/skeleton_final_v2/ok/ok_5951.npy,train
scissors,scissors-set2 (335),./dataset/skeleton_final_v2/scissors/scissors-set2 (335).npy,train
paper,paper-set2 (400),./dataset/skeleton_final_v2/paper/paper-set2 (400).npy,train
scissors,scissors-set2 (563),./dataset/skeleton_final_v2/scissors/scissors-set2 (563).npy,train
thumbup,thumbup_833,./dataset/skeleton_final_v2/thumbup/thumbup_833.npy,train
scissors,scissors_5220,./dataset/skeleton_final_v2/scissors/scissors_5220.npy,train
thumbdown,thumbdown_5831,./dataset/skeleton_final_v2/thumbdown/thumbdown_5831.npy,train
scissors,scissors_49,./dataset/skeleton_final_v2/scissors/scissors_49.npy,train
ok,ok_4989,./dataset/skeleton_final_v2/ok/ok_4989.npy,train
paper,paper_9142,./dataset/skeleton_final_v2/paper/paper_9142.npy,train
paper,paper-set2 (120),./dataset/skeleton_final_v2/paper/paper-set2 (120).npy,train
paper,paper_7591,./dataset/skeleton_final_v2/paper/paper_7591.npy,train
thumbdown,thumbdown (81),./dataset/skeleton_final_v2/thumbdown/thumbdown (81).npy,train
thumbup,thumbup (75),./dataset/skeleton_final_v2/thumbup/thumbup (75).npy,train
paper,paper (172),./dataset/skeleton_final_v2/paper/paper (172).npy,train
thumbup,thumbup (321),./dataset/skeleton_final_v2/thumbup/thumbup (321).npy,train
ok,ok_6994,./dataset/skeleton_final_v2/ok/ok_6994.npy,train
paper,paper_7324,./dataset/skeleton_final_v2/paper/paper_7324.npy,train
thumbup,hand-7-1435,./dataset/skeleton_final_v2/thumbup/hand-7-1435.npy,train
paper,paper-set2 (445),./dataset/skeleton_final_v2/paper/paper-set2 (445).npy,train
the-finger,the-finger_604,./dataset/skeleton_final_v2/the-finger/the-finger_604.npy,train
scissors,scissors_2718,./dataset/skeleton_final_v2/scissors/scissors_2718.npy,train
ok,ok_7009,./dataset/skeleton_final_v2/ok/ok_7009.npy,train
scissors,scissors-set2 (629),./dataset/skeleton_final_v2/scissors/scissors-set2 (629).npy,train
ok,ok_Set2_ (514),./dataset/skeleton_final_v2/ok/ok_Set2_ (514).npy,train
paper,paper_5469,./dataset/skeleton_final_v2/paper/paper_5469.npy,train
paper,paper_5152,./dataset/skeleton_final_v2/paper/paper_5152.npy,train
thumbup,thumbup_104,./dataset/skeleton_final_v2/thumbup/thumbup_104.npy,train
paper,paper-set2 (146),./dataset/skeleton_final_v2/paper/paper-set2 (146).npy,train
rock,rock (92),./dataset/skeleton_final_v2/rock/rock (92).npy,train
paper,paper-set2 (199),./dataset/skeleton_final_v2/paper/paper-set2 (199).npy,train
thumbup,hand-7-1310,./dataset/skeleton_final_v2/thumbup/hand-7-1310.npy,train
the-finger,the-finger_6457,./dataset/skeleton_final_v2/the-finger/the-finger_6457.npy,train
rock,rock (98),./dataset/skeleton_final_v2/rock/rock (98).npy,train
paper,paper-set2 (258),./dataset/skeleton_final_v2/paper/paper-set2 (258).npy,train
thumbup,thumbup (484),./dataset/skeleton_final_v2/thumbup/thumbup (484).npy,train
scissors,scissors_2647,./dataset/skeleton_final_v2/scissors/scissors_2647.npy,train
the-finger,the-finger_7836,./dataset/skeleton_final_v2/the-finger/the-finger_7836.npy,train
scissors,scissors (285),./dataset/skeleton_final_v2/scissors/scissors (285).npy,train
scissors,scissors_5920,./dataset/skeleton_final_v2/scissors/scissors_5920.npy,train
thumbup,thumbup (167),./dataset/skeleton_final_v2/thumbup/thumbup (167).npy,train
rock,rock-set2 (48),./dataset/skeleton_final_v2/rock/rock-set2 (48).npy,train
thumbdown,thumbdown_5581,./dataset/skeleton_final_v2/thumbdown/thumbdown_5581.npy,train
the-finger,the-finger (79),./dataset/skeleton_final_v2/the-finger/the-finger (79).npy,train
thumbdown,thumbdown_7236,./dataset/skeleton_final_v2/thumbdown/thumbdown_7236.npy,train
thumbup,thumbup (299),./dataset/skeleton_final_v2/thumbup/thumbup (299).npy,train
the-finger,the-finger_5841,./dataset/skeleton_final_v2/the-finger/the-finger_5841.npy,train
scissors,scissors_5494,./dataset/skeleton_final_v2/scissors/scissors_5494.npy,train
thumbup,hand-9-1600,./dataset/skeleton_final_v2/thumbup/hand-9-1600.npy,train
ok,ok_Set2_ (442),./dataset/skeleton_final_v2/ok/ok_Set2_ (442).npy,train
the-finger,the-finger-set2 (203),./dataset/skeleton_final_v2/the-finger/the-finger-set2 (203).npy,train
scissors,scissors_2655,./dataset/skeleton_final_v2/scissors/scissors_2655.npy,train
scissors,scissors-set2 (77),./dataset/skeleton_final_v2/scissors/scissors-set2 (77).npy,train
scissors,scissors_6556,./dataset/skeleton_final_v2/scissors/scissors_6556.npy,train
paper,paper-set2 (162),./dataset/skeleton_final_v2/paper/paper-set2 (162).npy,train
scissors,scissors-set2 (27),./dataset/skeleton_final_v2/scissors/scissors-set2 (27).npy,train
ok,ok_Set2_ (70),./dataset/skeleton_final_v2/ok/ok_Set2_ (70).npy,train
rock,rock-set2 (55),./dataset/skeleton_final_v2/rock/rock-set2 (55).npy,train
scissors,scissors (214),./dataset/skeleton_final_v2/scissors/scissors (214).npy,train
thumbdown,hand-8-3890,./dataset/skeleton_final_v2/thumbdown/hand-8-3890.npy,train
ok,ok_781,./dataset/skeleton_final_v2/ok/ok_781.npy,train
rock,rock-set2 (347),./dataset/skeleton_final_v2/rock/rock-set2 (347).npy,train
ok,ok_Set2_ (422),./dataset/skeleton_final_v2/ok/ok_Set2_ (422).npy,train
rock,rock-set2 (218),./dataset/skeleton_final_v2/rock/rock-set2 (218).npy,train
scissors,scissors-set2 (246),./dataset/skeleton_final_v2/scissors/scissors-set2 (246).npy,train
thumbup,thumbup_831,./dataset/skeleton_final_v2/thumbup/thumbup_831.npy,train
rock,rock-set2 (434),./dataset/skeleton_final_v2/rock/rock-set2 (434).npy,train
scissors,scissors (232),./dataset/skeleton_final_v2/scissors/scissors (232).npy,train
scissors,scissors (60),./dataset/skeleton_final_v2/scissors/scissors (60).npy,train
thumbdown,thumbdown (97),./dataset/skeleton_final_v2/thumbdown/thumbdown (97).npy,train
ok,ok_Set2_ (540),./dataset/skeleton_final_v2/ok/ok_Set2_ (540).npy,train
paper,paper-set2 (206),./dataset/skeleton_final_v2/paper/paper-set2 (206).npy,train
thumbdown,thumbdown_2213,./dataset/skeleton_final_v2/thumbdown/thumbdown_2213.npy,train
thumbup,thumbup (98),./dataset/skeleton_final_v2/thumbup/thumbup (98).npy,train
thumbup,thumbup_5792,./dataset/skeleton_final_v2/thumbup/thumbup_5792.npy,train
rock,rock-set2 (168),./dataset/skeleton_final_v2/rock/rock-set2 (168).npy,train
paper,paper_708,./dataset/skeleton_final_v2/paper/paper_708.npy,train
thumbup,hand-11-555,./dataset/skeleton_final_v2/thumbup/hand-11-555.npy,train
paper,paper-set2 (140),./dataset/skeleton_final_v2/paper/paper-set2 (140).npy,train
ok,ok_Set2_ (475),./dataset/skeleton_final_v2/ok/ok_Set2_ (475).npy,train
ok,ok_2497,./dataset/skeleton_final_v2/ok/ok_2497.npy,train
scissors,scissors-set2 (622),./dataset/skeleton_final_v2/scissors/scissors-set2 (622).npy,train
thumbup,thumbup (12),./dataset/skeleton_final_v2/thumbup/thumbup (12).npy,train
ok,ok_1983,./dataset/skeleton_final_v2/ok/ok_1983.npy,train
ok,ok (17),./dataset/skeleton_final_v2/ok/ok (17).npy,train
thumbup,thumbup (315),./dataset/skeleton_final_v2/thumbup/thumbup (315).npy,train
thumbup,thumbup_4174,./dataset/skeleton_final_v2/thumbup/thumbup_4174.npy,train
scissors,scissors (252),./dataset/skeleton_final_v2/scissors/scissors (252).npy,train
ok,ok (247),./dataset/skeleton_final_v2/ok/ok (247).npy,train
scissors,scissors-set2 (446),./dataset/skeleton_final_v2/scissors/scissors-set2 (446).npy,train
the-finger,the-finger-set2 (187),./dataset/skeleton_final_v2/the-finger/the-finger-set2 (187).npy,train
thumbup,hand-11-2255,./dataset/skeleton_final_v2/thumbup/hand-11-2255.npy,train
thumbdown,thumbdown (326),./dataset/skeleton_final_v2/thumbdown/thumbdown (326).npy,train
scissors,scissors_410,./dataset/skeleton_final_v2/scissors/scissors_410.npy,train
the-finger,the-finger-set2 (238),./dataset/skeleton_final_v2/the-finger/the-finger-set2 (238).npy,train
ok,ok_2656,./dataset/skeleton_final_v2/ok/ok_2656.npy,train
scissors,scissors-set2 (42),./dataset/skeleton_final_v2/scissors/scissors-set2 (42).npy,train
the-finger,the-finger-set2 (270),./dataset/skeleton_final_v2/the-finger/the-finger-set2 (270).npy,train
paper,paper-set2 (462),./dataset/skeleton_final_v2/paper/paper-set2 (462).npy,train
paper,paper_5140,./dataset/skeleton_final_v2/paper/paper_5140.npy,train
thumbup,thumbup_110,./dataset/skeleton_final_v2/thumbup/thumbup_110.npy,train
paper,paper-set2 (470),./dataset/skeleton_final_v2/paper/paper-set2 (470).npy,train
the-finger,the-finger_5846,./dataset/skeleton_final_v2/the-finger/the-finger_5846.npy,train
paper,paper_7940,./dataset/skeleton_final_v2/paper/paper_7940.npy,train
rock,rock (232),./dataset/skeleton_final_v2/rock/rock (232).npy,train
paper,paper_6702,./dataset/skeleton_final_v2/paper/paper_6702.npy,train
the-finger,the-finger-set2 (14),./dataset/skeleton_final_v2/the-finger/the-finger-set2 (14).npy,train
paper,paper-set2 (40),./dataset/skeleton_final_v2/paper/paper-set2 (40).npy,train
scissors,scissors (243),./dataset/skeleton_final_v2/scissors/scissors (243).npy,train
thumbup,thumbup (231),./dataset/skeleton_final_v2/thumbup/thumbup (231).npy,train
ok,ok_Set2_ (94),./dataset/skeleton_final_v2/ok/ok_Set2_ (94).npy,train
scissors,scissors-set2 (226),./dataset/skeleton_final_v2/scissors/scissors-set2 (226).npy,train
thumbup,hand-9-1680,./dataset/skeleton_final_v2/thumbup/hand-9-1680.npy,train
thumbup,thumbup (213),./dataset/skeleton_final_v2/thumbup/thumbup (213).npy,train
paper,paper-set2 (138),./dataset/skeleton_final_v2/paper/paper-set2 (138).npy,train
the-finger,the-finger-set2 (350),./dataset/skeleton_final_v2/the-finger/the-finger-set2 (350).npy,train
ok,ok (62),./dataset/skeleton_final_v2/ok/ok (62).npy,train
scissors,scissors-set2 (40),./dataset/skeleton_final_v2/scissors/scissors-set2 (40).npy,train
ok,ok_7019,./dataset/skeleton_final_v2/ok/ok_7019.npy,train
thumbup,hand-11-570,./dataset/skeleton_final_v2/thumbup/hand-11-570.npy,train
paper,paper_7311,./dataset/skeleton_final_v2/paper/paper_7311.npy,train
scissors,scissors_6952,./dataset/skeleton_final_v2/scissors/scissors_6952.npy,train
scissors,scissors-set2 (212),./dataset/skeleton_final_v2/scissors/scissors-set2 (212).npy,train
ok,ok_4084,./dataset/skeleton_final_v2/ok/ok_4084.npy,train
the-finger,the-finger_8652,./dataset/skeleton_final_v2/the-finger/the-finger_8652.npy,train
scissors,scissors-set2 (565),./dataset/skeleton_final_v2/scissors/scissors-set2 (565).npy,train
scissors,scissors-set2 (365),./dataset/skeleton_final_v2/scissors/scissors-set2 (365).npy,train
thumbup,thumbup_4176,./dataset/skeleton_final_v2/thumbup/thumbup_4176.npy,train
scissors,scissors-set2 (341),./dataset/skeleton_final_v2/scissors/scissors-set2 (341).npy,train
scissors,scissors_9190,./dataset/skeleton_final_v2/scissors/scissors_9190.npy,train
paper,paper_3642,./dataset/skeleton_final_v2/paper/paper_3642.npy,train
thumbdown,thumbdown_6831,./dataset/skeleton_final_v2/thumbdown/thumbdown_6831.npy,train
paper,paper_6131,./dataset/skeleton_final_v2/paper/paper_6131.npy,train
thumbup,thumbup_6760,./dataset/skeleton_final_v2/thumbup/thumbup_6760.npy,train
ok,ok_1931,./dataset/skeleton_final_v2/ok/ok_1931.npy,train
scissors,scissors-set2 (106),./dataset/skeleton_final_v2/scissors/scissors-set2 (106).npy,train
paper,paper_5172,./dataset/skeleton_final_v2/paper/paper_5172.npy,train
ok,ok_6173,./dataset/skeleton_final_v2/ok/ok_6173.npy,train
paper,paper-set2 (405),./dataset/skeleton_final_v2/paper/paper-set2 (405).npy,train
paper,paper-set2 (336),./dataset/skeleton_final_v2/paper/paper-set2 (336).npy,train
rock,rock-set2 (526),./dataset/skeleton_final_v2/rock/rock-set2 (526).npy,train
scissors,scissors (172),./dataset/skeleton_final_v2/scissors/scissors (172).npy,train
scissors,scissors_6728,./dataset/skeleton_final_v2/scissors/scissors_6728.npy,train
ok,ok_Set2_ (569),./dataset/skeleton_final_v2/ok/ok_Set2_ (569).npy,train
thumbup,thumbup_6779,./dataset/skeleton_final_v2/thumbup/thumbup_6779.npy,train
paper,paper-set2 (483),./dataset/skeleton_final_v2/paper/paper-set2 (483).npy,train
the-finger,the-finger_2284,./dataset/skeleton_final_v2/the-finger/the-finger_2284.npy,train
the-finger,the-finger-set2 (164),./dataset/skeleton_final_v2/the-finger/the-finger-set2 (164).npy,train
ok,ok_2876,./dataset/skeleton_final_v2/ok/ok_2876.npy,train
the-finger,the-finger-set2 (180),./dataset/skeleton_final_v2/the-finger/the-finger-set2 (180).npy,train
rock,rock-set2 (58),./dataset/skeleton_final_v2/rock/rock-set2 (58).npy,train
the-finger,the-finger_7840,./dataset/skeleton_final_v2/the-finger/the-finger_7840.npy,train
scissors,scissors-set2 (482),./dataset/skeleton_final_v2/scissors/scissors-set2 (482).npy,train
thumbup,thumbup_7410,./dataset/skeleton_final_v2/thumbup/thumbup_7410.npy,train
ok,ok_5291,./dataset/skeleton_final_v2/ok/ok_5291.npy,train
ok,ok_Set2_ (337),./dataset/skeleton_final_v2/ok/ok_Set2_ (337).npy,train
thumbup,thumbup (392),./dataset/skeleton_final_v2/thumbup/thumbup (392).npy,train
ok,ok (82),./dataset/skeleton_final_v2/ok/ok (82).npy,train
paper,paper_6937,./dataset/skeleton_final_v2/paper/paper_6937.npy,train
paper,paper_3681,./dataset/skeleton_final_v2/paper/paper_3681.npy,train
rock,rock-set2 (6),./dataset/skeleton_final_v2/rock/rock-set2 (6).npy,train
paper,paper_5134,./dataset/skeleton_final_v2/paper/paper_5134.npy,train
thumbdown,hand-7-1685,./dataset/skeleton_final_v2/thumbdown/hand-7-1685.npy,train
scissors,scissors (152),./dataset/skeleton_final_v2/scissors/scissors (152).npy,train
scissors,scissors-set2 (210),./dataset/skeleton_final_v2/scissors/scissors-set2 (210).npy,train
thumbdown,thumbdown (228),./dataset/skeleton_final_v2/thumbdown/thumbdown (228).npy,train
thumbdown,thumbdown_5585,./dataset/skeleton_final_v2/thumbdown/thumbdown_5585.npy,train
thumbup,thumbup (113),./dataset/skeleton_final_v2/thumbup/thumbup (113).npy,train
paper,paper-set2 (151),./dataset/skeleton_final_v2/paper/paper-set2 (151).npy,train
thumbup,thumbup (445),./dataset/skeleton_final_v2/thumbup/thumbup (445).npy,train
ok,ok_2882,./dataset/skeleton_final_v2/ok/ok_2882.npy,train
ok,ok (29),./dataset/skeleton_final_v2/ok/ok (29).npy,train
the-finger,the-finger-set2 (300),./dataset/skeleton_final_v2/the-finger/the-finger-set2 (300).npy,train
ok,ok_1961,./dataset/skeleton_final_v2/ok/ok_1961.npy,train
scissors,scissors (304),./dataset/skeleton_final_v2/scissors/scissors (304).npy,train
paper,paper (84),./dataset/skeleton_final_v2/paper/paper (84).npy,train
thumbup,thumbup (201),./dataset/skeleton_final_v2/thumbup/thumbup (201).npy,train
the-finger,the-finger_9050,./dataset/skeleton_final_v2/the-finger/the-finger_9050.npy,train
ok,ok (185),./dataset/skeleton_final_v2/ok/ok (185).npy,train
scissors,scissors-set2 (140),./dataset/skeleton_final_v2/scissors/scissors-set2 (140).npy,train
the-finger,the-finger-set2 (374),./dataset/skeleton_final_v2/the-finger/the-finger-set2 (374).npy,train
thumbup,hand-7-1290,./dataset/skeleton_final_v2/thumbup/hand-7-1290.npy,train
scissors,scissors-set2 (678),./dataset/skeleton_final_v2/scissors/scissors-set2 (678).npy,train
ok,ok_Set2_ (448),./dataset/skeleton_final_v2/ok/ok_Set2_ (448).npy,train
ok,ok_5775,./dataset/skeleton_final_v2/ok/ok_5775.npy,train
paper,paper (267),./dataset/skeleton_final_v2/paper/paper (267).npy,train
scissors,scissors_5747,./dataset/skeleton_final_v2/scissors/scissors_5747.npy,train
scissors,scissors_6946,./dataset/skeleton_final_v2/scissors/scissors_6946.npy,train
thumbup,thumbup_517,./dataset/skeleton_final_v2/thumbup/thumbup_517.npy,train
thumbup,thumbup_1702,./dataset/skeleton_final_v2/thumbup/thumbup_1702.npy,train
thumbdown,hand-11-675,./dataset/skeleton_final_v2/thumbdown/hand-11-675.npy,train
scissors,scissors-set2 (640),./dataset/skeleton_final_v2/scissors/scissors-set2 (640).npy,train
thumbdown,thumbdown (72),./dataset/skeleton_final_v2/thumbdown/thumbdown (72).npy,train
paper,paper_8748,./dataset/skeleton_final_v2/paper/paper_8748.npy,train
ok,ok (236),./dataset/skeleton_final_v2/ok/ok (236).npy,train
thumbdown,thumbdown (264),./dataset/skeleton_final_v2/thumbdown/thumbdown (264).npy,train
thumbdown,thumbdown (93),./dataset/skeleton_final_v2/thumbdown/thumbdown (93).npy,train
paper,paper (75),./dataset/skeleton_final_v2/paper/paper (75).npy,train
thumbup,hand-8-1520,./dataset/skeleton_final_v2/thumbup/hand-8-1520.npy,train
ok,ok (258),./dataset/skeleton_final_v2/ok/ok (258).npy,train
the-finger,the-finger-set2 (213),./dataset/skeleton_final_v2/the-finger/the-finger-set2 (213).npy,train
the-finger,the-finger-set2 (64),./dataset/skeleton_final_v2/the-finger/the-finger-set2 (64).npy,train
ok,ok_Set2_ (390),./dataset/skeleton_final_v2/ok/ok_Set2_ (390).npy,train
scissors,scissors_2622,./dataset/skeleton_final_v2/scissors/scissors_2622.npy,train
paper,paper_736,./dataset/skeleton_final_v2/paper/paper_736.npy,train
thumbdown,hand-7-1620,./dataset/skeleton_final_v2/thumbdown/hand-7-1620.npy,train
thumbup,thumbup_9340,./dataset/skeleton_final_v2/thumbup/thumbup_9340.npy,train
rock,rock-set2 (525),./dataset/skeleton_final_v2/rock/rock-set2 (525).npy,train
the-finger,the-finger-set2 (434),./dataset/skeleton_final_v2/the-finger/the-finger-set2 (434).npy,train
paper,paper-set2 (430),./dataset/skeleton_final_v2/paper/paper-set2 (430).npy,train
scissors,scissors-set2 (390),./dataset/skeleton_final_v2/scissors/scissors-set2 (390).npy,train
ok,ok_Set2_ (558),./dataset/skeleton_final_v2/ok/ok_Set2_ (558).npy,train
thumbup,thumbup_6004,./dataset/skeleton_final_v2/thumbup/thumbup_6004.npy,train
thumbup,thumbup (132),./dataset/skeleton_final_v2/thumbup/thumbup (132).npy,train
scissors,scissors-set2 (732),./dataset/skeleton_final_v2/scissors/scissors-set2 (732).npy,train
scissors,scissors-set2 (385),./dataset/skeleton_final_v2/scissors/scissors-set2 (385).npy,train
paper,paper_9168,./dataset/skeleton_final_v2/paper/paper_9168.npy,train
ok,ok_Set2_ (370),./dataset/skeleton_final_v2/ok/ok_Set2_ (370).npy,train
thumbup,thumbup (44),./dataset/skeleton_final_v2/thumbup/thumbup (44).npy,train
paper,paper (148),./dataset/skeleton_final_v2/paper/paper (148).npy,train
thumbup,hand-7-1305,./dataset/skeleton_final_v2/thumbup/hand-7-1305.npy,train
scissors,scissors-set2 (240),./dataset/skeleton_final_v2/scissors/scissors-set2 (240).npy,train
scissors,scissors (20),./dataset/skeleton_final_v2/scissors/scissors (20).npy,train
scissors,scissors (489),./dataset/skeleton_final_v2/scissors/scissors (489).npy,train
scissors,scissors-set2 (436),./dataset/skeleton_final_v2/scissors/scissors-set2 (436).npy,train
thumbdown,thumbdown (286),./dataset/skeleton_final_v2/thumbdown/thumbdown (286).npy,train
ok,ok (259),./dataset/skeleton_final_v2/ok/ok (259).npy,train
scissors,scissors (119),./dataset/skeleton_final_v2/scissors/scissors (119).npy,train
paper,paper_999,./dataset/skeleton_final_v2/paper/paper_999.npy,train
scissors,scissors (429),./dataset/skeleton_final_v2/scissors/scissors (429).npy,train
paper,paper (105),./dataset/skeleton_final_v2/paper/paper (105).npy,train
thumbdown,thumbdown_198,./dataset/skeleton_final_v2/thumbdown/thumbdown_198.npy,train
scissors,scissors-set2 (662),./dataset/skeleton_final_v2/scissors/scissors-set2 (662).npy,train
rock,rock-set2 (9),./dataset/skeleton_final_v2/rock/rock-set2 (9).npy,train
ok,ok_Set2_ (334),./dataset/skeleton_final_v2/ok/ok_Set2_ (334).npy,train
paper,paper_26,./dataset/skeleton_final_v2/paper/paper_26.npy,train
paper,paper_3645,./dataset/skeleton_final_v2/paper/paper_3645.npy,train
ok,ok_Set2_ (528),./dataset/skeleton_final_v2/ok/ok_Set2_ (528).npy,train
paper,paper (204),./dataset/skeleton_final_v2/paper/paper (204).npy,train
paper,paper_7164,./dataset/skeleton_final_v2/paper/paper_7164.npy,train
thumbdown,thumbdown_4377,./dataset/skeleton_final_v2/thumbdown/thumbdown_4377.npy,train
thumbup,thumbup_5805,./dataset/skeleton_final_v2/thumbup/thumbup_5805.npy,train
paper,paper_5899,./dataset/skeleton_final_v2/paper/paper_5899.npy,train
ok,ok_Set2_ (329),./dataset/skeleton_final_v2/ok/ok_Set2_ (329).npy,train
scissors,scissors-set2 (133),./dataset/skeleton_final_v2/scissors/scissors-set2 (133).npy,train
paper,paper_5727,./dataset/skeleton_final_v2/paper/paper_5727.npy,train
ok,ok_2838,./dataset/skeleton_final_v2/ok/ok_2838.npy,train
paper,paper_6920,./dataset/skeleton_final_v2/paper/paper_6920.npy,train
ok,ok (12),./dataset/skeleton_final_v2/ok/ok (12).npy,train
ok,ok_2922,./dataset/skeleton_final_v2/ok/ok_2922.npy,train
paper,paper_5897,./dataset/skeleton_final_v2/paper/paper_5897.npy,train
paper,paper-set2 (256),./dataset/skeleton_final_v2/paper/paper-set2 (256).npy,train
thumbdown,thumbdown_1291,./dataset/skeleton_final_v2/thumbdown/thumbdown_1291.npy,train
ok,ok_8864,./dataset/skeleton_final_v2/ok/ok_8864.npy,train
thumbup,thumbup_4144,./dataset/skeleton_final_v2/thumbup/thumbup_4144.npy,train
thumbup,thumbup_3008,./dataset/skeleton_final_v2/thumbup/thumbup_3008.npy,train
the-finger,the-finger_7826,./dataset/skeleton_final_v2/the-finger/the-finger_7826.npy,train
thumbup,hand-10-225,./dataset/skeleton_final_v2/thumbup/hand-10-225.npy,train
scissors,scissors-set2 (73),./dataset/skeleton_final_v2/scissors/scissors-set2 (73).npy,train
the-finger,the-finger_8654,./dataset/skeleton_final_v2/the-finger/the-finger_8654.npy,train
paper,paper_748,./dataset/skeleton_final_v2/paper/paper_748.npy,train
the-finger,the-finger (108),./dataset/skeleton_final_v2/the-finger/the-finger (108).npy,train
thumbup,hand-9-1695,./dataset/skeleton_final_v2/thumbup/hand-9-1695.npy,train
the-finger,the-finger (130),./dataset/skeleton_final_v2/the-finger/the-finger (130).npy,train
rock,rock_7902,./dataset/skeleton_final_v2/rock/rock_7902.npy,train
thumbdown,thumbdown_6844,./dataset/skeleton_final_v2/thumbdown/thumbdown_6844.npy,train
thumbup,hand-9-1565,./dataset/skeleton_final_v2/thumbup/hand-9-1565.npy,train
scissors,scissors_2700,./dataset/skeleton_final_v2/scissors/scissors_2700.npy,train
thumbup,thumbup_8146,./dataset/skeleton_final_v2/thumbup/thumbup_8146.npy,train
thumbdown,thumbdown (329),./dataset/skeleton_final_v2/thumbdown/thumbdown (329).npy,train
the-finger,the-finger_7262,./dataset/skeleton_final_v2/the-finger/the-finger_7262.npy,train
paper,paper (91),./dataset/skeleton_final_v2/paper/paper (91).npy,train
ok,ok_2934,./dataset/skeleton_final_v2/ok/ok_2934.npy,train
thumbdown,thumbdown (102),./dataset/skeleton_final_v2/thumbdown/thumbdown (102).npy,train
paper,paper_372,./dataset/skeleton_final_v2/paper/paper_372.npy,train
rock,rock_3556,./dataset/skeleton_final_v2/rock/rock_3556.npy,train
ok,ok_Set2_ (402),./dataset/skeleton_final_v2/ok/ok_Set2_ (402).npy,train
thumbdown,thumbdown_4357,./dataset/skeleton_final_v2/thumbdown/thumbdown_4357.npy,train
paper,paper (181),./dataset/skeleton_final_v2/paper/paper (181).npy,train
thumbup,thumbup_9334,./dataset/skeleton_final_v2/thumbup/thumbup_9334.npy,train
thumbdown,thumbdown (290),./dataset/skeleton_final_v2/thumbdown/thumbdown (290).npy,train
rock,rock-set2 (554),./dataset/skeleton_final_v2/rock/rock-set2 (554).npy,train
scissors,scissors-set2 (725),./dataset/skeleton_final_v2/scissors/scissors-set2 (725).npy,train
rock,rock-set2 (154),./dataset/skeleton_final_v2/rock/rock-set2 (154).npy,train
paper,paper_7159,./dataset/skeleton_final_v2/paper/paper_7159.npy,train
scissors,scissors-set2 (395),./dataset/skeleton_final_v2/scissors/scissors-set2 (395).npy,train
paper,paper-set2 (269),./dataset/skeleton_final_v2/paper/paper-set2 (269).npy,train
paper,paper_5166,./dataset/skeleton_final_v2/paper/paper_5166.npy,train
paper,paper-set2 (152),./dataset/skeleton_final_v2/paper/paper-set2 (152).npy,train
thumbup,thumbup (179),./dataset/skeleton_final_v2/thumbup/thumbup (179).npy,train
ok,ok_Set2_ (565),./dataset/skeleton_final_v2/ok/ok_Set2_ (565).npy,train
scissors,scissors-set2 (120),./dataset/skeleton_final_v2/scissors/scissors-set2 (120).npy,train
scissors,scissors (491),./dataset/skeleton_final_v2/scissors/scissors (491).npy,train
scissors,scissors-set2 (592),./dataset/skeleton_final_v2/scissors/scissors-set2 (592).npy,train
rock,rock (258),./dataset/skeleton_final_v2/rock/rock (258).npy,train
paper,paper-set2 (193),./dataset/skeleton_final_v2/paper/paper-set2 (193).npy,train
thumbdown,hand-9-2020,./dataset/skeleton_final_v2/thumbdown/hand-9-2020.npy,train
scissors,scissors-set2 (713),./dataset/skeleton_final_v2/scissors/scissors-set2 (713).npy,train
paper,paper_9154,./dataset/skeleton_final_v2/paper/paper_9154.npy,train
paper,paper_1850,./dataset/skeleton_final_v2/paper/paper_1850.npy,train
ok,ok_8870,./dataset/skeleton_final_v2/ok/ok_8870.npy,train
thumbdown,thumbdown_3236,./dataset/skeleton_final_v2/thumbdown/thumbdown_3236.npy,train
rock,rock (260),./dataset/skeleton_final_v2/rock/rock (260).npy,train
rock,rock (146),./dataset/skeleton_final_v2/rock/rock (146).npy,train
scissors,scissors-set2 (454),./dataset/skeleton_final_v2/scissors/scissors-set2 (454).npy,train
scissors,scissors_5490,./dataset/skeleton_final_v2/scissors/scissors_5490.npy,train
rock,rock-set2 (57),./dataset/skeleton_final_v2/rock/rock-set2 (57).npy,train
rock,rock-set2 (595),./dataset/skeleton_final_v2/rock/rock-set2 (595).npy,train
ok,ok_6586,./dataset/skeleton_final_v2/ok/ok_6586.npy,train
scissors,scissors (159),./dataset/skeleton_final_v2/scissors/scissors (159).npy,train
scissors,scissors_8788,./dataset/skeleton_final_v2/scissors/scissors_8788.npy,train
thumbup,thumbup_2085,./dataset/skeleton_final_v2/thumbup/thumbup_2085.npy,train
thumbup,hand-7-1345,./dataset/skeleton_final_v2/thumbup/hand-7-1345.npy,train
scissors,scissors (69),./dataset/skeleton_final_v2/scissors/scissors (69).npy,train
the-finger,the-finger_5845,./dataset/skeleton_final_v2/the-finger/the-finger_5845.npy,train
paper,paper_6530,./dataset/skeleton_final_v2/paper/paper_6530.npy,train
paper,paper-set2 (399),./dataset/skeleton_final_v2/paper/paper-set2 (399).npy,train
rock,rock-set2 (161),./dataset/skeleton_final_v2/rock/rock-set2 (161).npy,train
the-finger,the-finger-set2 (24),./dataset/skeleton_final_v2/the-finger/the-finger-set2 (24).npy,train
scissors,scissors_2767,./dataset/skeleton_final_v2/scissors/scissors_2767.npy,train
ok,ok (239),./dataset/skeleton_final_v2/ok/ok (239).npy,train
rock,rock_8690,./dataset/skeleton_final_v2/rock/rock_8690.npy,train
scissors,scissors_2688,./dataset/skeleton_final_v2/scissors/scissors_2688.npy,train
scissors,scissors-set2 (641),./dataset/skeleton_final_v2/scissors/scissors-set2 (641).npy,train
paper,paper (163),./dataset/skeleton_final_v2/paper/paper (163).npy,train
the-finger,the-finger-set2 (159),./dataset/skeleton_final_v2/the-finger/the-finger-set2 (159).npy,train
ok,ok_6979,./dataset/skeleton_final_v2/ok/ok_6979.npy,train
scissors,scissors-set2 (545),./dataset/skeleton_final_v2/scissors/scissors-set2 (545).npy,train
thumbup,thumbup (236),./dataset/skeleton_final_v2/thumbup/thumbup (236).npy,train
scissors,scissors-set2 (231),./dataset/skeleton_final_v2/scissors/scissors-set2 (231).npy,train
scissors,scissors_7341,./dataset/skeleton_final_v2/scissors/scissors_7341.npy,train
thumbup,thumbup (193),./dataset/skeleton_final_v2/thumbup/thumbup (193).npy,train
paper,paper (7),./dataset/skeleton_final_v2/paper/paper (7).npy,train
scissors,scissors-set2 (463),./dataset/skeleton_final_v2/scissors/scissors-set2 (463).npy,train
the-finger,the-finger-set2 (431),./dataset/skeleton_final_v2/the-finger/the-finger-set2 (431).npy,train
scissors,scissors (338),./dataset/skeleton_final_v2/scissors/scissors (338).npy,train
the-finger,the-finger-set2 (206),./dataset/skeleton_final_v2/the-finger/the-finger-set2 (206).npy,train
ok,ok_2485,./dataset/skeleton_final_v2/ok/ok_2485.npy,train
paper,paper_1434,./dataset/skeleton_final_v2/paper/paper_1434.npy,train
thumbup,thumbup_8946,./dataset/skeleton_final_v2/thumbup/thumbup_8946.npy,train
paper,paper-set2 (221),./dataset/skeleton_final_v2/paper/paper-set2 (221).npy,train
paper,paper_3788,./dataset/skeleton_final_v2/paper/paper_3788.npy,train
thumbup,thumbup (36),./dataset/skeleton_final_v2/thumbup/thumbup (36).npy,train
scissors,scissors (291),./dataset/skeleton_final_v2/scissors/scissors (291).npy,train
thumbup,hand-9-1540,./dataset/skeleton_final_v2/thumbup/hand-9-1540.npy,train
paper,paper_6352,./dataset/skeleton_final_v2/paper/paper_6352.npy,train
rock,rock_701,./dataset/skeleton_final_v2/rock/rock_701.npy,train
ok,ok_9252,./dataset/skeleton_final_v2/ok/ok_9252.npy,train
rock,rock (235),./dataset/skeleton_final_v2/rock/rock (235).npy,train
scissors,scissors-set2 (590),./dataset/skeleton_final_v2/scissors/scissors-set2 (590).npy,train
rock,rock-set2 (599),./dataset/skeleton_final_v2/rock/rock-set2 (599).npy,train
scissors,scissors-set2 (25),./dataset/skeleton_final_v2/scissors/scissors-set2 (25).npy,train
paper,paper (212),./dataset/skeleton_final_v2/paper/paper (212).npy,train
paper,paper-set2 (26),./dataset/skeleton_final_v2/paper/paper-set2 (26).npy,train
scissors,scissors-set2 (379),./dataset/skeleton_final_v2/scissors/scissors-set2 (379).npy,train
scissors,scissors_2661,./dataset/skeleton_final_v2/scissors/scissors_2661.npy,train
scissors,scissors (97),./dataset/skeleton_final_v2/scissors/scissors (97).npy,train
thumbdown,thumbdown (265),./dataset/skeleton_final_v2/thumbdown/thumbdown (265).npy,train
paper,paper_380,./dataset/skeleton_final_v2/paper/paper_380.npy,train
scissors,scissors_2784,./dataset/skeleton_final_v2/scissors/scissors_2784.npy,train
paper,paper-set2 (241),./dataset/skeleton_final_v2/paper/paper-set2 (241).npy,train
paper,paper (81),./dataset/skeleton_final_v2/paper/paper (81).npy,train
the-finger,the-finger_7485,./dataset/skeleton_final_v2/the-finger/the-finger_7485.npy,train
thumbdown,thumbdown_858,./dataset/skeleton_final_v2/thumbdown/thumbdown_858.npy,train
scissors,scissors (21),./dataset/skeleton_final_v2/scissors/scissors (21).npy,train
thumbup,thumbup (102),./dataset/skeleton_final_v2/thumbup/thumbup (102).npy,train
scissors,scissors-set2 (409),./dataset/skeleton_final_v2/scissors/scissors-set2 (409).npy,train
paper,paper_2505,./dataset/skeleton_final_v2/paper/paper_2505.npy,train
thumbdown,thumbdown_6807,./dataset/skeleton_final_v2/thumbdown/thumbdown_6807.npy,train
paper,paper_9152,./dataset/skeleton_final_v2/paper/paper_9152.npy,train
paper,paper_3807,./dataset/skeleton_final_v2/paper/paper_3807.npy,train
paper,paper (209),./dataset/skeleton_final_v2/paper/paper (209).npy,train
the-finger,the-finger-set2 (42),./dataset/skeleton_final_v2/the-finger/the-finger-set2 (42).npy,train
ok,ok_2851,./dataset/skeleton_final_v2/ok/ok_2851.npy,train
scissors,scissors_3931,./dataset/skeleton_final_v2/scissors/scissors_3931.npy,train
thumbup,thumbup_1676,./dataset/skeleton_final_v2/thumbup/thumbup_1676.npy,train
ok,ok_1203,./dataset/skeleton_final_v2/ok/ok_1203.npy,train
ok,ok_Set2_ (467),./dataset/skeleton_final_v2/ok/ok_Set2_ (467).npy,train
thumbdown,hand-11-840,./dataset/skeleton_final_v2/thumbdown/hand-11-840.npy,train
scissors,scissors (193),./dataset/skeleton_final_v2/scissors/scissors (193).npy,train
thumbdown,thumbdown_8570,./dataset/skeleton_final_v2/thumbdown/thumbdown_8570.npy,train
thumbup,hand-9-1555,./dataset/skeleton_final_v2/thumbup/hand-9-1555.npy,train
paper,paper-set2 (351),./dataset/skeleton_final_v2/paper/paper-set2 (351).npy,train
thumbdown,thumbdown_6245,./dataset/skeleton_final_v2/thumbdown/thumbdown_6245.npy,train
ok,ok_Set2_ (129),./dataset/skeleton_final_v2/ok/ok_Set2_ (129).npy,train
thumbup,thumbup (418),./dataset/skeleton_final_v2/thumbup/thumbup (418).npy,train
scissors,scissors_438,./dataset/skeleton_final_v2/scissors/scissors_438.npy,train
paper,paper (106),./dataset/skeleton_final_v2/paper/paper (106).npy,train
ok,ok_Set2_ (471),./dataset/skeleton_final_v2/ok/ok_Set2_ (471).npy,train
scissors,scissors-set2 (490),./dataset/skeleton_final_v2/scissors/scissors-set2 (490).npy,train
paper,paper-set2 (422),./dataset/skeleton_final_v2/paper/paper-set2 (422).npy,train
thumbdown,hand-11-795,./dataset/skeleton_final_v2/thumbdown/hand-11-795.npy,train
scissors,scissors-set2 (43),./dataset/skeleton_final_v2/scissors/scissors-set2 (43).npy,train
thumbup,thumbup_9306,./dataset/skeleton_final_v2/thumbup/thumbup_9306.npy,train
thumbup,thumbup_6200,./dataset/skeleton_final_v2/thumbup/thumbup_6200.npy,train
thumbdown,thumbdown_4402,./dataset/skeleton_final_v2/thumbdown/thumbdown_4402.npy,train
thumbdown,thumbdown (266),./dataset/skeleton_final_v2/thumbdown/thumbdown (266).npy,train
thumbdown,thumbdown (238),./dataset/skeleton_final_v2/thumbdown/thumbdown (238).npy,train
scissors,scissors-set2 (669),./dataset/skeleton_final_v2/scissors/scissors-set2 (669).npy,train
ok,ok_6982,./dataset/skeleton_final_v2/ok/ok_6982.npy,train
paper,paper-set2 (219),./dataset/skeleton_final_v2/paper/paper-set2 (219).npy,train
rock,rock-set2 (141),./dataset/skeleton_final_v2/rock/rock-set2 (141).npy,train
ok,ok_Set2_ (570),./dataset/skeleton_final_v2/ok/ok_Set2_ (570).npy,train
thumbdown,thumbdown (138),./dataset/skeleton_final_v2/thumbdown/thumbdown (138).npy,train
the-finger,the-finger-set2 (302),./dataset/skeleton_final_v2/the-finger/the-finger-set2 (302).npy,train
thumbup,thumbup (291),./dataset/skeleton_final_v2/thumbup/thumbup (291).npy,train
the-finger,the-finger_9446,./dataset/skeleton_final_v2/the-finger/the-finger_9446.npy,train
scissors,scissors-set2 (458),./dataset/skeleton_final_v2/scissors/scissors-set2 (458).npy,train
the-finger,the-finger_6876,./dataset/skeleton_final_v2/the-finger/the-finger_6876.npy,train
thumbup,hand-10-2115,./dataset/skeleton_final_v2/thumbup/hand-10-2115.npy,train
the-finger,the-finger-set2 (221),./dataset/skeleton_final_v2/the-finger/the-finger-set2 (221).npy,train
paper,paper_3644,./dataset/skeleton_final_v2/paper/paper_3644.npy,train
thumbup,hand-11-2330,./dataset/skeleton_final_v2/thumbup/hand-11-2330.npy,train
thumbup,hand-9-1730,./dataset/skeleton_final_v2/thumbup/hand-9-1730.npy,train
ok,ok_5760,./dataset/skeleton_final_v2/ok/ok_5760.npy,train
thumbup,hand-10-5,./dataset/skeleton_final_v2/thumbup/hand-10-5.npy,train
thumbup,hand-10-245,./dataset/skeleton_final_v2/thumbup/hand-10-245.npy,train
thumbup,hand-11-2320,./dataset/skeleton_final_v2/thumbup/hand-11-2320.npy,train
ok,ok_Set2_ (331),./dataset/skeleton_final_v2/ok/ok_Set2_ (331).npy,train
the-finger,the-finger-set2 (373),./dataset/skeleton_final_v2/the-finger/the-finger-set2 (373).npy,train
the-finger,the-finger_7852,./dataset/skeleton_final_v2/the-finger/the-finger_7852.npy,train
scissors,scissors (145),./dataset/skeleton_final_v2/scissors/scissors (145).npy,train
scissors,scissors-set2 (728),./dataset/skeleton_final_v2/scissors/scissors-set2 (728).npy,train
paper,paper-set2 (314),./dataset/skeleton_final_v2/paper/paper-set2 (314).npy,train
thumbup,thumbup (488),./dataset/skeleton_final_v2/thumbup/thumbup (488).npy,train
ok,ok_Set2_ (20),./dataset/skeleton_final_v2/ok/ok_Set2_ (20).npy,train
ok,ok_2965,./dataset/skeleton_final_v2/ok/ok_2965.npy,train
thumbdown,thumbdown_537,./dataset/skeleton_final_v2/thumbdown/thumbdown_537.npy,train
paper,paper_5122,./dataset/skeleton_final_v2/paper/paper_5122.npy,train
thumbdown,thumbdown (157),./dataset/skeleton_final_v2/thumbdown/thumbdown (157).npy,train
thumbdown,thumbdown (223),./dataset/skeleton_final_v2/thumbdown/thumbdown (223).npy,train
scissors,scissors-set2 (272),./dataset/skeleton_final_v2/scissors/scissors-set2 (272).npy,train
ok,ok (103),./dataset/skeleton_final_v2/ok/ok (103).npy,train
ok,ok_Set2_ (251),./dataset/skeleton_final_v2/ok/ok_Set2_ (251).npy,train
scissors,scissors-set2 (181),./dataset/skeleton_final_v2/scissors/scissors-set2 (181).npy,train
ok,ok_6175,./dataset/skeleton_final_v2/ok/ok_6175.npy,train
ok,ok_Set2_ (452),./dataset/skeleton_final_v2/ok/ok_Set2_ (452).npy,train
thumbup,thumbup_4148,./dataset/skeleton_final_v2/thumbup/thumbup_4148.npy,train
thumbdown,hand-10-2665,./dataset/skeleton_final_v2/thumbdown/hand-10-2665.npy,train
paper,paper-set2 (148),./dataset/skeleton_final_v2/paper/paper-set2 (148).npy,train
paper,paper_6928,./dataset/skeleton_final_v2/paper/paper_6928.npy,train
thumbdown,thumbdown (318),./dataset/skeleton_final_v2/thumbdown/thumbdown (318).npy,train
paper,paper-set2 (305),./dataset/skeleton_final_v2/paper/paper-set2 (305).npy,train
ok,ok_4917,./dataset/skeleton_final_v2/ok/ok_4917.npy,train
the-finger,the-finger_9426,./dataset/skeleton_final_v2/the-finger/the-finger_9426.npy,train
thumbup,thumbup (16),./dataset/skeleton_final_v2/thumbup/thumbup (16).npy,train
thumbdown,thumbdown_4450,./dataset/skeleton_final_v2/thumbdown/thumbdown_4450.npy,train
thumbup,thumbup (84),./dataset/skeleton_final_v2/thumbup/thumbup (84).npy,train
paper,paper-set2 (45),./dataset/skeleton_final_v2/paper/paper-set2 (45).npy,train
rock,rock-set2 (173),./dataset/skeleton_final_v2/rock/rock-set2 (173).npy,train
ok,ok_Set2_ (149),./dataset/skeleton_final_v2/ok/ok_Set2_ (149).npy,train
paper,paper_7617,./dataset/skeleton_final_v2/paper/paper_7617.npy,train
paper,paper_5891,./dataset/skeleton_final_v2/paper/paper_5891.npy,train
scissors,scissors (390),./dataset/skeleton_final_v2/scissors/scissors (390).npy,train
thumbdown,thumbdown_6849,./dataset/skeleton_final_v2/thumbdown/thumbdown_6849.npy,train
scissors,scissors-set2 (679),./dataset/skeleton_final_v2/scissors/scissors-set2 (679).npy,train
paper,paper (231),./dataset/skeleton_final_v2/paper/paper (231).npy,train
ok,ok_Set2_ (119),./dataset/skeleton_final_v2/ok/ok_Set2_ (119).npy,train
paper,paper (260),./dataset/skeleton_final_v2/paper/paper (260).npy,train
the-finger,the-finger-set2 (220),./dataset/skeleton_final_v2/the-finger/the-finger-set2 (220).npy,train
scissors,scissors-set2 (6),./dataset/skeleton_final_v2/scissors/scissors-set2 (6).npy,train
thumbup,thumbup_6201,./dataset/skeleton_final_v2/thumbup/thumbup_6201.npy,train
ok,ok (11),./dataset/skeleton_final_v2/ok/ok (11).npy,train
ok,ok_Set2_ (478),./dataset/skeleton_final_v2/ok/ok_Set2_ (478).npy,train
scissors,scissors-set2 (625),./dataset/skeleton_final_v2/scissors/scissors-set2 (625).npy,train
ok,ok_Set2_ (75),./dataset/skeleton_final_v2/ok/ok_Set2_ (75).npy,train
the-finger,the-finger-set2 (313),./dataset/skeleton_final_v2/the-finger/the-finger-set2 (313).npy,train
the-finger,the-finger (123),./dataset/skeleton_final_v2/the-finger/the-finger (123).npy,train
ok,ok_7003,./dataset/skeleton_final_v2/ok/ok_7003.npy,train
rock,rock_19,./dataset/skeleton_final_v2/rock/rock_19.npy,train
the-finger,the-finger_1722,./dataset/skeleton_final_v2/the-finger/the-finger_1722.npy,train
ok,ok_Set2_ (124),./dataset/skeleton_final_v2/ok/ok_Set2_ (124).npy,train
scissors,scissors-set2 (715),./dataset/skeleton_final_v2/scissors/scissors-set2 (715).npy,train
paper,paper (120),./dataset/skeleton_final_v2/paper/paper (120).npy,train
the-finger,the-finger (98),./dataset/skeleton_final_v2/the-finger/the-finger (98).npy,train
ok,ok_7686,./dataset/skeleton_final_v2/ok/ok_7686.npy,train
rock,rock-set2 (176),./dataset/skeleton_final_v2/rock/rock-set2 (176).npy,train
thumbup,hand-11-2075,./dataset/skeleton_final_v2/thumbup/hand-11-2075.npy,train
scissors,scissors-set2 (510),./dataset/skeleton_final_v2/scissors/scissors-set2 (510).npy,train
thumbup,thumbup (279),./dataset/skeleton_final_v2/thumbup/thumbup (279).npy,train
ok,ok (131),./dataset/skeleton_final_v2/ok/ok (131).npy,train
scissors,scissors (77),./dataset/skeleton_final_v2/scissors/scissors (77).npy,train
ok,ok_Set2_ (18),./dataset/skeleton_final_v2/ok/ok_Set2_ (18).npy,train
paper,paper-set2 (142),./dataset/skeleton_final_v2/paper/paper-set2 (142).npy,train
ok,ok_6397,./dataset/skeleton_final_v2/ok/ok_6397.npy,train
paper,paper_4589,./dataset/skeleton_final_v2/paper/paper_4589.npy,train
scissors,scissors-set2 (14),./dataset/skeleton_final_v2/scissors/scissors-set2 (14).npy,train
paper,paper_5734,./dataset/skeleton_final_v2/paper/paper_5734.npy,train
thumbdown,thumbdown (341),./dataset/skeleton_final_v2/thumbdown/thumbdown (341).npy,train
paper,paper_6338,./dataset/skeleton_final_v2/paper/paper_6338.npy,train
paper,paper (214),./dataset/skeleton_final_v2/paper/paper (214).npy,train
scissors,scissors (287),./dataset/skeleton_final_v2/scissors/scissors (287).npy,train
ok,ok_4059,./dataset/skeleton_final_v2/ok/ok_4059.npy,train
ok,ok_5536,./dataset/skeleton_final_v2/ok/ok_5536.npy,train
thumbdown,thumbdown (251),./dataset/skeleton_final_v2/thumbdown/thumbdown (251).npy,train
the-finger,the-finger (63),./dataset/skeleton_final_v2/the-finger/the-finger (63).npy,train
thumbdown,hand-10-530,./dataset/skeleton_final_v2/thumbdown/hand-10-530.npy,train
the-finger,the-finger_6277,./dataset/skeleton_final_v2/the-finger/the-finger_6277.npy,train
thumbup,thumbup_2067,./dataset/skeleton_final_v2/thumbup/thumbup_2067.npy,train
scissors,scissors-set2 (668),./dataset/skeleton_final_v2/scissors/scissors-set2 (668).npy,train
the-finger,the-finger-set2 (319),./dataset/skeleton_final_v2/the-finger/the-finger-set2 (319).npy,train
the-finger,the-finger-set2 (340),./dataset/skeleton_final_v2/the-finger/the-finger-set2 (340).npy,train
scissors,scissors-set2 (504),./dataset/skeleton_final_v2/scissors/scissors-set2 (504).npy,train
rock,rock-set2 (328),./dataset/skeleton_final_v2/rock/rock-set2 (328).npy,train
scissors,scissors-set2 (527),./dataset/skeleton_final_v2/scissors/scissors-set2 (527).npy,train
paper,paper-set2 (165),./dataset/skeleton_final_v2/paper/paper-set2 (165).npy,train
thumbdown,thumbdown (59),./dataset/skeleton_final_v2/thumbdown/thumbdown (59).npy,train
ok,ok_Set2_ (51),./dataset/skeleton_final_v2/ok/ok_Set2_ (51).npy,train
thumbup,thumbup_5988,./dataset/skeleton_final_v2/thumbup/thumbup_5988.npy,train
the-finger,the-finger_2339,./dataset/skeleton_final_v2/the-finger/the-finger_2339.npy,train
the-finger,the-finger_5842,./dataset/skeleton_final_v2/the-finger/the-finger_5842.npy,train
thumbdown,thumbdown (8),./dataset/skeleton_final_v2/thumbdown/thumbdown (8).npy,train
scissors,scissors_2641,./dataset/skeleton_final_v2/scissors/scissors_2641.npy,train
ok,ok_Set2_ (66),./dataset/skeleton_final_v2/ok/ok_Set2_ (66).npy,train
scissors,scissors-set2 (121),./dataset/skeleton_final_v2/scissors/scissors-set2 (121).npy,train
the-finger,the-finger-set2 (308),./dataset/skeleton_final_v2/the-finger/the-finger-set2 (308).npy,train
thumbup,hand-11-2325,./dataset/skeleton_final_v2/thumbup/hand-11-2325.npy,train
scissors,scissors-set2 (309),./dataset/skeleton_final_v2/scissors/scissors-set2 (309).npy,train
ok,ok_2954,./dataset/skeleton_final_v2/ok/ok_2954.npy,train
ok,ok_2631,./dataset/skeleton_final_v2/ok/ok_2631.npy,train
paper,paper-set2 (492),./dataset/skeleton_final_v2/paper/paper-set2 (492).npy,train
scissors,scissors-set2 (601),./dataset/skeleton_final_v2/scissors/scissors-set2 (601).npy,train
the-finger,the-finger_6065,./dataset/skeleton_final_v2/the-finger/the-finger_6065.npy,train
ok,ok_Set2_ (404),./dataset/skeleton_final_v2/ok/ok_Set2_ (404).npy,train
thumbdown,thumbdown_6432,./dataset/skeleton_final_v2/thumbdown/thumbdown_6432.npy,train
the-finger,the-finger_3489,./dataset/skeleton_final_v2/the-finger/the-finger_3489.npy,train
thumbup,thumbup (29),./dataset/skeleton_final_v2/thumbup/thumbup (29).npy,train
ok,ok_Set2_ (515),./dataset/skeleton_final_v2/ok/ok_Set2_ (515).npy,train
ok,ok_2899,./dataset/skeleton_final_v2/ok/ok_2899.npy,train
thumbup,thumbup (293),./dataset/skeleton_final_v2/thumbup/thumbup (293).npy,train
scissors,scissors-set2 (109),./dataset/skeleton_final_v2/scissors/scissors-set2 (109).npy,train
thumbdown,hand-11-680,./dataset/skeleton_final_v2/thumbdown/hand-11-680.npy,train
thumbup,thumbup_4194,./dataset/skeleton_final_v2/thumbup/thumbup_4194.npy,train
thumbup,thumbup_6420,./dataset/skeleton_final_v2/thumbup/thumbup_6420.npy,train
ok,ok_2946,./dataset/skeleton_final_v2/ok/ok_2946.npy,train
the-finger,the-finger-set2 (438),./dataset/skeleton_final_v2/the-finger/the-finger-set2 (438).npy,train
scissors,scissors_2644,./dataset/skeleton_final_v2/scissors/scissors_2644.npy,train
scissors,scissors-set2 (520),./dataset/skeleton_final_v2/scissors/scissors-set2 (520).npy,train
thumbdown,thumbdown_6822,./dataset/skeleton_final_v2/thumbdown/thumbdown_6822.npy,train
scissors,scissors-set2 (734),./dataset/skeleton_final_v2/scissors/scissors-set2 (734).npy,train
ok,ok_Set2_ (400),./dataset/skeleton_final_v2/ok/ok_Set2_ (400).npy,train
rock,rock_6323,./dataset/skeleton_final_v2/rock/rock_6323.npy,train
scissors,scissors (301),./dataset/skeleton_final_v2/scissors/scissors (301).npy,train
ok,ok_6587,./dataset/skeleton_final_v2/ok/ok_6587.npy,train
paper,paper_2542,./dataset/skeleton_final_v2/paper/paper_2542.npy,train
thumbup,hand-11-2160,./dataset/skeleton_final_v2/thumbup/hand-11-2160.npy,train
scissors,scissors-set2 (289),./dataset/skeleton_final_v2/scissors/scissors-set2 (289).npy,train
thumbdown,thumbdown (39),./dataset/skeleton_final_v2/thumbdown/thumbdown (39).npy,train
the-finger,the-finger_8352,./dataset/skeleton_final_v2/the-finger/the-finger_8352.npy,train
paper,paper (45),./dataset/skeleton_final_v2/paper/paper (45).npy,train
scissors,scissors-set2 (254),./dataset/skeleton_final_v2/scissors/scissors-set2 (254).npy,train
scissors,scissors-set2 (358),./dataset/skeleton_final_v2/scissors/scissors-set2 (358).npy,train
the-finger,the-finger_2346,./dataset/skeleton_final_v2/the-finger/the-finger_2346.npy,train
paper,paper_8736,./dataset/skeleton_final_v2/paper/paper_8736.npy,train
thumbup,thumbup_7045,./dataset/skeleton_final_v2/thumbup/thumbup_7045.npy,train
scissors,scissors (279),./dataset/skeleton_final_v2/scissors/scissors (279).npy,train
scissors,scissors_4648,./dataset/skeleton_final_v2/scissors/scissors_4648.npy,train
scissors,scissors_7165,./dataset/skeleton_final_v2/scissors/scissors_7165.npy,train
ok,ok_1534,./dataset/skeleton_final_v2/ok/ok_1534.npy,train
scissors,scissors (428),./dataset/skeleton_final_v2/scissors/scissors (428).npy,train
thumbdown,thumbdown_7220,./dataset/skeleton_final_v2/thumbdown/thumbdown_7220.npy,train
the-finger,the-finger-set2 (107),./dataset/skeleton_final_v2/the-finger/the-finger-set2 (107).npy,train
thumbup,hand-10-2110,./dataset/skeleton_final_v2/thumbup/hand-10-2110.npy,train
thumbup,thumbup_2125,./dataset/skeleton_final_v2/thumbup/thumbup_2125.npy,train
the-finger,the-finger-set2 (366),./dataset/skeleton_final_v2/the-finger/the-finger-set2 (366).npy,train
scissors,scissors-set2 (16),./dataset/skeleton_final_v2/scissors/scissors-set2 (16).npy,train
paper,paper (125),./dataset/skeleton_final_v2/paper/paper (125).npy,train
ok,ok_Set2_ (117),./dataset/skeleton_final_v2/ok/ok_Set2_ (117).npy,train
thumbup,thumbup (95),./dataset/skeleton_final_v2/thumbup/thumbup (95).npy,train
ok,ok_8044,./dataset/skeleton_final_v2/ok/ok_8044.npy,train
scissors,scissors (107),./dataset/skeleton_final_v2/scissors/scissors (107).npy,train
the-finger,the-finger-set2 (401),./dataset/skeleton_final_v2/the-finger/the-finger-set2 (401).npy,train
ok,ok_2905,./dataset/skeleton_final_v2/ok/ok_2905.npy,train
thumbup,thumbup (168),./dataset/skeleton_final_v2/thumbup/thumbup (168).npy,train
scissors,scissors-set2 (303),./dataset/skeleton_final_v2/scissors/scissors-set2 (303).npy,train
ok,ok_Set2_ (453),./dataset/skeleton_final_v2/ok/ok_Set2_ (453).npy,train
scissors,scissors (187),./dataset/skeleton_final_v2/scissors/scissors (187).npy,train
thumbdown,thumbdown (319),./dataset/skeleton_final_v2/thumbdown/thumbdown (319).npy,train
paper,paper-set2 (53),./dataset/skeleton_final_v2/paper/paper-set2 (53).npy,train
ok,ok_2744,./dataset/skeleton_final_v2/ok/ok_2744.npy,train
scissors,scissors-set2 (671),./dataset/skeleton_final_v2/scissors/scissors-set2 (671).npy,train
scissors,scissors-set2 (60),./dataset/skeleton_final_v2/scissors/scissors-set2 (60).npy,train
the-finger,the-finger (55),./dataset/skeleton_final_v2/the-finger/the-finger (55).npy,train
ok,ok_Set2_ (160),./dataset/skeleton_final_v2/ok/ok_Set2_ (160).npy,train
paper,paper-set2 (291),./dataset/skeleton_final_v2/paper/paper-set2 (291).npy,train
paper,paper_5725,./dataset/skeleton_final_v2/paper/paper_5725.npy,train
scissors,scissors-set2 (502),./dataset/skeleton_final_v2/scissors/scissors-set2 (502).npy,train
paper,paper (223),./dataset/skeleton_final_v2/paper/paper (223).npy,train
scissors,scissors-set2 (251),./dataset/skeleton_final_v2/scissors/scissors-set2 (251).npy,train
thumbdown,thumbdown (209),./dataset/skeleton_final_v2/thumbdown/thumbdown (209).npy,train
scissors,scissors (464),./dataset/skeleton_final_v2/scissors/scissors (464).npy,train
the-finger,the-finger_5857,./dataset/skeleton_final_v2/the-finger/the-finger_5857.npy,train
scissors,scissors_3903,./dataset/skeleton_final_v2/scissors/scissors_3903.npy,train
thumbdown,thumbdown_9386,./dataset/skeleton_final_v2/thumbdown/thumbdown_9386.npy,train
scissors,scissors-set2 (72),./dataset/skeleton_final_v2/scissors/scissors-set2 (72).npy,train
scissors,scissors (399),./dataset/skeleton_final_v2/scissors/scissors (399).npy,train
paper,paper_5158,./dataset/skeleton_final_v2/paper/paper_5158.npy,train
thumbdown,thumbdown_7467,./dataset/skeleton_final_v2/thumbdown/thumbdown_7467.npy,train
thumbup,thumbup_7213,./dataset/skeleton_final_v2/thumbup/thumbup_7213.npy,train
thumbdown,thumbdown_3413,./dataset/skeleton_final_v2/thumbdown/thumbdown_3413.npy,train
thumbup,thumbup (100),./dataset/skeleton_final_v2/thumbup/thumbup (100).npy,train
scissors,scissors-set2 (675),./dataset/skeleton_final_v2/scissors/scissors-set2 (675).npy,train
scissors,scissors-set2 (473),./dataset/skeleton_final_v2/scissors/scissors-set2 (473).npy,train
scissors,scissors-set2 (324),./dataset/skeleton_final_v2/scissors/scissors-set2 (324).npy,train
ok,ok_Set2_ (494),./dataset/skeleton_final_v2/ok/ok_Set2_ (494).npy,train
thumbdown,thumbdown_5825,./dataset/skeleton_final_v2/thumbdown/thumbdown_5825.npy,train
paper,paper_3812,./dataset/skeleton_final_v2/paper/paper_3812.npy,train
scissors,scissors_7657,./dataset/skeleton_final_v2/scissors/scissors_7657.npy,train
scissors,scissors-set2 (658),./dataset/skeleton_final_v2/scissors/scissors-set2 (658).npy,train
ok,ok_4104,./dataset/skeleton_final_v2/ok/ok_4104.npy,train
ok,ok_2686,./dataset/skeleton_final_v2/ok/ok_2686.npy,train
paper,paper-set2 (401),./dataset/skeleton_final_v2/paper/paper-set2 (401).npy,train
scissors,scissors (452),./dataset/skeleton_final_v2/scissors/scissors (452).npy,train
ok,ok_Set2_ (48),./dataset/skeleton_final_v2/ok/ok_Set2_ (48).npy,train
rock,rock (250),./dataset/skeleton_final_v2/rock/rock (250).npy,train
scissors,scissors (99),./dataset/skeleton_final_v2/scissors/scissors (99).npy,train
paper,paper-set2 (423),./dataset/skeleton_final_v2/paper/paper-set2 (423).npy,train
ok,ok_2944,./dataset/skeleton_final_v2/ok/ok_2944.npy,train
scissors,scissors_5486,./dataset/skeleton_final_v2/scissors/scissors_5486.npy,train
scissors,scissors (215),./dataset/skeleton_final_v2/scissors/scissors (215).npy,train
paper,paper-set2 (29),./dataset/skeleton_final_v2/paper/paper-set2 (29).npy,train
thumbdown,thumbdown_7219,./dataset/skeleton_final_v2/thumbdown/thumbdown_7219.npy,train
the-finger,the-finger-set2 (345),./dataset/skeleton_final_v2/the-finger/the-finger-set2 (345).npy,train
the-finger,the-finger-set2 (66),./dataset/skeleton_final_v2/the-finger/the-finger-set2 (66).npy,train
thumbdown,hand-10-535,./dataset/skeleton_final_v2/thumbdown/hand-10-535.npy,train
thumbup,thumbup (47),./dataset/skeleton_final_v2/thumbup/thumbup (47).npy,train
rock,rock-set2 (151),./dataset/skeleton_final_v2/rock/rock-set2 (151).npy,train
paper,paper_7619,./dataset/skeleton_final_v2/paper/paper_7619.npy,train
thumbdown,thumbdown (60),./dataset/skeleton_final_v2/thumbdown/thumbdown (60).npy,train
thumbdown,thumbdown_160,./dataset/skeleton_final_v2/thumbdown/thumbdown_160.npy,train
thumbdown,thumbdown (80),./dataset/skeleton_final_v2/thumbdown/thumbdown (80).npy,train
scissors,scissors-set2 (280),./dataset/skeleton_final_v2/scissors/scissors-set2 (280).npy,train
rock,rock-set2 (277),./dataset/skeleton_final_v2/rock/rock-set2 (277).npy,train
thumbdown,thumbdown (323),./dataset/skeleton_final_v2/thumbdown/thumbdown (323).npy,train
scissors,scissors_6721,./dataset/skeleton_final_v2/scissors/scissors_6721.npy,train
thumbdown,hand-8-1900,./dataset/skeleton_final_v2/thumbdown/hand-8-1900.npy,train
scissors,scissors (415),./dataset/skeleton_final_v2/scissors/scissors (415).npy,train
paper,paper_2575,./dataset/skeleton_final_v2/paper/paper_2575.npy,train
thumbup,thumbup (249),./dataset/skeleton_final_v2/thumbup/thumbup (249).npy,train
ok,ok_Set2_ (508),./dataset/skeleton_final_v2/ok/ok_Set2_ (508).npy,train
paper,paper-set2 (313),./dataset/skeleton_final_v2/paper/paper-set2 (313).npy,train
scissors,scissors-set2 (532),./dataset/skeleton_final_v2/scissors/scissors-set2 (532).npy,train
scissors,scissors-set2 (557),./dataset/skeleton_final_v2/scissors/scissors-set2 (557).npy,train
paper,paper_7148,./dataset/skeleton_final_v2/paper/paper_7148.npy,train
thumbdown,thumbdown_2177,./dataset/skeleton_final_v2/thumbdown/thumbdown_2177.npy,train
scissors,scissors_2603,./dataset/skeleton_final_v2/scissors/scissors_2603.npy,train
thumbdown,thumbdown (135),./dataset/skeleton_final_v2/thumbdown/thumbdown (135).npy,train
thumbup,hand-10-1970,./dataset/skeleton_final_v2/thumbup/hand-10-1970.npy,train
scissors,scissors-set2 (599),./dataset/skeleton_final_v2/scissors/scissors-set2 (599).npy,train
scissors,scissors_4645,./dataset/skeleton_final_v2/scissors/scissors_4645.npy,train
scissors,scissors (189),./dataset/skeleton_final_v2/scissors/scissors (189).npy,train
thumbup,hand-9-1685,./dataset/skeleton_final_v2/thumbup/hand-9-1685.npy,train
scissors,scissors (257),./dataset/skeleton_final_v2/scissors/scissors (257).npy,train
thumbup,thumbup_2123,./dataset/skeleton_final_v2/thumbup/thumbup_2123.npy,train
paper,paper_6536,./dataset/skeleton_final_v2/paper/paper_6536.npy,train
paper,paper_6692,./dataset/skeleton_final_v2/paper/paper_6692.npy,train
paper,paper-set2 (321),./dataset/skeleton_final_v2/paper/paper-set2 (321).npy,train
the-finger,the-finger_9024,./dataset/skeleton_final_v2/the-finger/the-finger_9024.npy,train
scissors,scissors-set2 (644),./dataset/skeleton_final_v2/scissors/scissors-set2 (644).npy,train
scissors,scissors_7655,./dataset/skeleton_final_v2/scissors/scissors_7655.npy,train
paper,paper-set2 (42),./dataset/skeleton_final_v2/paper/paper-set2 (42).npy,train
scissors,scissors-set2 (87),./dataset/skeleton_final_v2/scissors/scissors-set2 (87).npy,train
scissors,scissors (355),./dataset/skeleton_final_v2/scissors/scissors (355).npy,train
scissors,scissors_1480,./dataset/skeleton_final_v2/scissors/scissors_1480.npy,train
the-finger,the-finger-set2 (192),./dataset/skeleton_final_v2/the-finger/the-finger-set2 (192).npy,train
thumbup,thumbup (52),./dataset/skeleton_final_v2/thumbup/thumbup (52).npy,train
ok,ok_Set2_ (344),./dataset/skeleton_final_v2/ok/ok_Set2_ (344).npy,train
scissors,scissors (500),./dataset/skeleton_final_v2/scissors/scissors (500).npy,train
ok,ok_Set2_ (290),./dataset/skeleton_final_v2/ok/ok_Set2_ (290).npy,train
thumbdown,hand-9-2095,./dataset/skeleton_final_v2/thumbdown/hand-9-2095.npy,train
paper,paper_38,./dataset/skeleton_final_v2/paper/paper_38.npy,train
ok,ok_7012,./dataset/skeleton_final_v2/ok/ok_7012.npy,train
ok,ok_Set2_ (150),./dataset/skeleton_final_v2/ok/ok_Set2_ (150).npy,train
thumbup,thumbup_2121,./dataset/skeleton_final_v2/thumbup/thumbup_2121.npy,train
scissors,scissors-set2 (613),./dataset/skeleton_final_v2/scissors/scissors-set2 (613).npy,train
the-finger,the-finger-set2 (70),./dataset/skeleton_final_v2/the-finger/the-finger-set2 (70).npy,train
scissors,scissors_3947,./dataset/skeleton_final_v2/scissors/scissors_3947.npy,train
paper,paper_2564,./dataset/skeleton_final_v2/paper/paper_2564.npy,train
paper,paper-set2 (38),./dataset/skeleton_final_v2/paper/paper-set2 (38).npy,train
paper,paper_6527,./dataset/skeleton_final_v2/paper/paper_6527.npy,train
the-finger,the-finger-set2 (331),./dataset/skeleton_final_v2/the-finger/the-finger-set2 (331).npy,train
ok,ok_5949,./dataset/skeleton_final_v2/ok/ok_5949.npy,train
scissors,scissors-set2 (108),./dataset/skeleton_final_v2/scissors/scissors-set2 (108).npy,train
thumbdown,thumbdown (42),./dataset/skeleton_final_v2/thumbdown/thumbdown (42).npy,train
scissors,scissors-set2 (175),./dataset/skeleton_final_v2/scissors/scissors-set2 (175).npy,train
paper,paper (167),./dataset/skeleton_final_v2/paper/paper (167).npy,train
thumbup,thumbup (94),./dataset/skeleton_final_v2/thumbup/thumbup (94).npy,train
rock,rock-set2 (545),./dataset/skeleton_final_v2/rock/rock-set2 (545).npy,train
ok,ok_6579,./dataset/skeleton_final_v2/ok/ok_6579.npy,train
scissors,scissors (431),./dataset/skeleton_final_v2/scissors/scissors (431).npy,train
ok,ok_5761,./dataset/skeleton_final_v2/ok/ok_5761.npy,train
thumbdown,thumbdown_5299,./dataset/skeleton_final_v2/thumbdown/thumbdown_5299.npy,train
ok,ok_Set2_ (360),./dataset/skeleton_final_v2/ok/ok_Set2_ (360).npy,train
paper,paper_6537,./dataset/skeleton_final_v2/paper/paper_6537.npy,train
scissors,scissors-set2 (260),./dataset/skeleton_final_v2/scissors/scissors-set2 (260).npy,train
paper,paper (134),./dataset/skeleton_final_v2/paper/paper (134).npy,train
paper,paper-set2 (355),./dataset/skeleton_final_v2/paper/paper-set2 (355).npy,train
scissors,scissors (25),./dataset/skeleton_final_v2/scissors/scissors (25).npy,train
thumbup,hand-7-1340,./dataset/skeleton_final_v2/thumbup/hand-7-1340.npy,train
thumbup,thumbup (475),./dataset/skeleton_final_v2/thumbup/thumbup (475).npy,train
paper,paper (141),./dataset/skeleton_final_v2/paper/paper (141).npy,train
paper,paper (272),./dataset/skeleton_final_v2/paper/paper (272).npy,train
ok,ok_Set2_ (271),./dataset/skeleton_final_v2/ok/ok_Set2_ (271).npy,train
thumbup,hand-11-2165,./dataset/skeleton_final_v2/thumbup/hand-11-2165.npy,train
the-finger,the-finger (146),./dataset/skeleton_final_v2/the-finger/the-finger (146).npy,train
scissors,scissors (18),./dataset/skeleton_final_v2/scissors/scissors (18).npy,train
scissors,scissors (339),./dataset/skeleton_final_v2/scissors/scissors (339).npy,train
ok,ok_2794,./dataset/skeleton_final_v2/ok/ok_2794.npy,train
paper,paper_9144,./dataset/skeleton_final_v2/paper/paper_9144.npy,train
rock,rock_1768,./dataset/skeleton_final_v2/rock/rock_1768.npy,train
thumbup,hand-11-2280,./dataset/skeleton_final_v2/thumbup/hand-11-2280.npy,train
rock,rock_695,./dataset/skeleton_final_v2/rock/rock_695.npy,train
scissors,scissors_5496,./dataset/skeleton_final_v2/scissors/scissors_5496.npy,train
thumbup,hand-10-2575,./dataset/skeleton_final_v2/thumbup/hand-10-2575.npy,train
paper,paper_4573,./dataset/skeleton_final_v2/paper/paper_4573.npy,train
paper,paper-set2 (374),./dataset/skeleton_final_v2/paper/paper-set2 (374).npy,train
paper,paper_5716,./dataset/skeleton_final_v2/paper/paper_5716.npy,train
thumbdown,thumbdown (277),./dataset/skeleton_final_v2/thumbdown/thumbdown (277).npy,train
thumbup,hand-9-1710,./dataset/skeleton_final_v2/thumbup/hand-9-1710.npy,train
thumbdown,thumbdown (311),./dataset/skeleton_final_v2/thumbdown/thumbdown (311).npy,train
ok,ok_Set2_ (563),./dataset/skeleton_final_v2/ok/ok_Set2_ (563).npy,train
scissors,scissors-set2 (321),./dataset/skeleton_final_v2/scissors/scissors-set2 (321).npy,train
the-finger,the-finger_2262,./dataset/skeleton_final_v2/the-finger/the-finger_2262.npy,train
thumbdown,thumbdown_6444,./dataset/skeleton_final_v2/thumbdown/thumbdown_6444.npy,train
the-finger,the-finger_8272,./dataset/skeleton_final_v2/the-finger/the-finger_8272.npy,train
ok,ok_2626,./dataset/skeleton_final_v2/ok/ok_2626.npy,train
thumbup,thumbup (170),./dataset/skeleton_final_v2/thumbup/thumbup (170).npy,train
thumbup,thumbup_2133,./dataset/skeleton_final_v2/thumbup/thumbup_2133.npy,train
paper,paper-set2 (89),./dataset/skeleton_final_v2/paper/paper-set2 (89).npy,train
thumbup,thumbup (136),./dataset/skeleton_final_v2/thumbup/thumbup (136).npy,train
scissors,scissors_2676,./dataset/skeleton_final_v2/scissors/scissors_2676.npy,train
ok,ok_6976,./dataset/skeleton_final_v2/ok/ok_6976.npy,train
paper,paper_356,./dataset/skeleton_final_v2/paper/paper_356.npy,train
paper,paper_5718,./dataset/skeleton_final_v2/paper/paper_5718.npy,train
thumbup,hand-9-1530,./dataset/skeleton_final_v2/thumbup/hand-9-1530.npy,train
thumbdown,thumbdown (299),./dataset/skeleton_final_v2/thumbdown/thumbdown (299).npy,train
thumbdown,thumbdown_4394,./dataset/skeleton_final_v2/thumbdown/thumbdown_4394.npy,train
scissors,scissors_5491,./dataset/skeleton_final_v2/scissors/scissors_5491.npy,train
thumbdown,thumbdown (237),./dataset/skeleton_final_v2/thumbdown/thumbdown (237).npy,train
scissors,scissors (337),./dataset/skeleton_final_v2/scissors/scissors (337).npy,train
ok,ok (67),./dataset/skeleton_final_v2/ok/ok (67).npy,train
scissors,scissors_2587,./dataset/skeleton_final_v2/scissors/scissors_2587.npy,train
paper,paper_4580,./dataset/skeleton_final_v2/paper/paper_4580.npy,train
ok,ok (218),./dataset/skeleton_final_v2/ok/ok (218).npy,train
paper,paper-set2 (315),./dataset/skeleton_final_v2/paper/paper-set2 (315).npy,train
thumbdown,hand-11-830,./dataset/skeleton_final_v2/thumbdown/hand-11-830.npy,train
scissors,scissors-set2 (71),./dataset/skeleton_final_v2/scissors/scissors-set2 (71).npy,train
the-finger,the-finger-set2 (396),./dataset/skeleton_final_v2/the-finger/the-finger-set2 (396).npy,train
the-finger,the-finger-set2 (303),./dataset/skeleton_final_v2/the-finger/the-finger-set2 (303).npy,train
the-finger,the-finger_6295,./dataset/skeleton_final_v2/the-finger/the-finger_6295.npy,train
paper,paper-set2 (507),./dataset/skeleton_final_v2/paper/paper-set2 (507).npy,train
paper,paper_8746,./dataset/skeleton_final_v2/paper/paper_8746.npy,train
paper,paper-set2 (278),./dataset/skeleton_final_v2/paper/paper-set2 (278).npy,train
ok,ok_Set2_ (23),./dataset/skeleton_final_v2/ok/ok_Set2_ (23).npy,train
ok,ok_Set2_ (194),./dataset/skeleton_final_v2/ok/ok_Set2_ (194).npy,train
the-finger,the-finger (23),./dataset/skeleton_final_v2/the-finger/the-finger (23).npy,train
scissors,scissors_5746,./dataset/skeleton_final_v2/scissors/scissors_5746.npy,train
ok,ok (51),./dataset/skeleton_final_v2/ok/ok (51).npy,train
rock,rock (131),./dataset/skeleton_final_v2/rock/rock (131).npy,train
ok,ok_9228,./dataset/skeleton_final_v2/ok/ok_9228.npy,train
scissors,scissors (54),./dataset/skeleton_final_v2/scissors/scissors (54).npy,train
thumbup,thumbup_5789,./dataset/skeleton_final_v2/thumbup/thumbup_5789.npy,train
scissors,scissors-set2 (34),./dataset/skeleton_final_v2/scissors/scissors-set2 (34).npy,train
paper,paper-set2 (83),./dataset/skeleton_final_v2/paper/paper-set2 (83).npy,train
thumbdown,hand-9-1905,./dataset/skeleton_final_v2/thumbdown/hand-9-1905.npy,train
ok,ok (134),./dataset/skeleton_final_v2/ok/ok (134).npy,train
paper,paper (57),./dataset/skeleton_final_v2/paper/paper (57).npy,train
thumbup,thumbup_6203,./dataset/skeleton_final_v2/thumbup/thumbup_6203.npy,train
ok,ok_Set2_ (560),./dataset/skeleton_final_v2/ok/ok_Set2_ (560).npy,train
the-finger,the-finger-set2 (310),./dataset/skeleton_final_v2/the-finger/the-finger-set2 (310).npy,train
ok,ok_1997,./dataset/skeleton_final_v2/ok/ok_1997.npy,train
thumbup,thumbup (181),./dataset/skeleton_final_v2/thumbup/thumbup (181).npy,train
thumbdown,thumbdown (252),./dataset/skeleton_final_v2/thumbdown/thumbdown (252).npy,train
thumbdown,thumbdown_4419,./dataset/skeleton_final_v2/thumbdown/thumbdown_4419.npy,train
ok,ok_Set2_ (372),./dataset/skeleton_final_v2/ok/ok_Set2_ (372).npy,train
ok,ok_Set2_ (217),./dataset/skeleton_final_v2/ok/ok_Set2_ (217).npy,train
scissors,scissors-set2 (1),./dataset/skeleton_final_v2/scissors/scissors-set2 (1).npy,train
ok,ok_6973,./dataset/skeleton_final_v2/ok/ok_6973.npy,train
thumbdown,thumbdown (178),./dataset/skeleton_final_v2/thumbdown/thumbdown (178).npy,train
the-finger,the-finger-set2 (376),./dataset/skeleton_final_v2/the-finger/the-finger-set2 (376).npy,train
scissors,scissors-set2 (552),./dataset/skeleton_final_v2/scissors/scissors-set2 (552).npy,train
thumbdown,thumbdown (74),./dataset/skeleton_final_v2/thumbdown/thumbdown (74).npy,train
the-finger,the-finger-set2 (134),./dataset/skeleton_final_v2/the-finger/the-finger-set2 (134).npy,train
ok,ok_4028,./dataset/skeleton_final_v2/ok/ok_4028.npy,train
scissors,scissors-set2 (435),./dataset/skeleton_final_v2/scissors/scissors-set2 (435).npy,train
paper,paper_388,./dataset/skeleton_final_v2/paper/paper_388.npy,train
scissors,scissors (353),./dataset/skeleton_final_v2/scissors/scissors (353).npy,train
scissors,scissors_6558,./dataset/skeleton_final_v2/scissors/scissors_6558.npy,train
thumbup,thumbup (384),./dataset/skeleton_final_v2/thumbup/thumbup (384).npy,train
thumbup,thumbup (129),./dataset/skeleton_final_v2/thumbup/thumbup (129).npy,train
scissors,scissors (273),./dataset/skeleton_final_v2/scissors/scissors (273).npy,train
thumbup,thumbup (27),./dataset/skeleton_final_v2/thumbup/thumbup (27).npy,train
scissors,scissors-set2 (128),./dataset/skeleton_final_v2/scissors/scissors-set2 (128).npy,train
scissors,scissors_9220,./dataset/skeleton_final_v2/scissors/scissors_9220.npy,train
paper,paper_4594,./dataset/skeleton_final_v2/paper/paper_4594.npy,train
thumbup,thumbup_8122,./dataset/skeleton_final_v2/thumbup/thumbup_8122.npy,train
thumbdown,thumbdown_5589,./dataset/skeleton_final_v2/thumbdown/thumbdown_5589.npy,train
thumbup,thumbup_6412,./dataset/skeleton_final_v2/thumbup/thumbup_6412.npy,train
ok,ok_Set2_ (215),./dataset/skeleton_final_v2/ok/ok_Set2_ (215).npy,train
rock,rock-set2 (155),./dataset/skeleton_final_v2/rock/rock-set2 (155).npy,train
scissors,scissors (419),./dataset/skeleton_final_v2/scissors/scissors (419).npy,train
thumbup,thumbup (438),./dataset/skeleton_final_v2/thumbup/thumbup (438).npy,train
thumbup,thumbup (298),./dataset/skeleton_final_v2/thumbup/thumbup (298).npy,train
paper,paper-set2 (333),./dataset/skeleton_final_v2/paper/paper-set2 (333).npy,train
rock,rock-set2 (242),./dataset/skeleton_final_v2/rock/rock-set2 (242).npy,train
paper,paper_2557,./dataset/skeleton_final_v2/paper/paper_2557.npy,train
scissors,scissors_764,./dataset/skeleton_final_v2/scissors/scissors_764.npy,train
scissors,scissors_8792,./dataset/skeleton_final_v2/scissors/scissors_8792.npy,train
ok,ok_Set2_ (257),./dataset/skeleton_final_v2/ok/ok_Set2_ (257).npy,train
thumbdown,thumbdown (336),./dataset/skeleton_final_v2/thumbdown/thumbdown (336).npy,train
thumbup,thumbup_7036,./dataset/skeleton_final_v2/thumbup/thumbup_7036.npy,train
thumbdown,hand-9-2085,./dataset/skeleton_final_v2/thumbdown/hand-9-2085.npy,train
thumbup,thumbup (13),./dataset/skeleton_final_v2/thumbup/thumbup (13).npy,train
paper,paper_9138,./dataset/skeleton_final_v2/paper/paper_9138.npy,train
ok,ok_1937,./dataset/skeleton_final_v2/ok/ok_1937.npy,train
thumbup,thumbup_5807,./dataset/skeleton_final_v2/thumbup/thumbup_5807.npy,train
thumbdown,hand-11-730,./dataset/skeleton_final_v2/thumbdown/hand-11-730.npy,train
the-finger,the-finger-set2 (41),./dataset/skeleton_final_v2/the-finger/the-finger-set2 (41).npy,train
thumbup,thumbup (328),./dataset/skeleton_final_v2/thumbup/thumbup (328).npy,train
scissors,scissors (130),./dataset/skeleton_final_v2/scissors/scissors (130).npy,train
scissors,scissors_2658,./dataset/skeleton_final_v2/scissors/scissors_2658.npy,train
scissors,scissors-set2 (36),./dataset/skeleton_final_v2/scissors/scissors-set2 (36).npy,train
the-finger,the-finger_6868,./dataset/skeleton_final_v2/the-finger/the-finger_6868.npy,train
thumbdown,hand-9-1900,./dataset/skeleton_final_v2/thumbdown/hand-9-1900.npy,train
scissors,scissors-set2 (67),./dataset/skeleton_final_v2/scissors/scissors-set2 (67).npy,train
thumbup,thumbup (296),./dataset/skeleton_final_v2/thumbup/thumbup (296).npy,train
thumbdown,thumbdown_157,./dataset/skeleton_final_v2/thumbdown/thumbdown_157.npy,train
scissors,scissors (234),./dataset/skeleton_final_v2/scissors/scissors (234).npy,train
paper,paper_6934,./dataset/skeleton_final_v2/paper/paper_6934.npy,train
scissors,scissors-set2 (368),./dataset/skeleton_final_v2/scissors/scissors-set2 (368).npy,train
paper,paper-set2 (415),./dataset/skeleton_final_v2/paper/paper-set2 (415).npy,train
scissors,scissors-set2 (609),./dataset/skeleton_final_v2/scissors/scissors-set2 (609).npy,train
ok,ok_1933,./dataset/skeleton_final_v2/ok/ok_1933.npy,train
scissors,scissors (59),./dataset/skeleton_final_v2/scissors/scissors (59).npy,train
paper,paper (145),./dataset/skeleton_final_v2/paper/paper (145).npy,train
paper,paper (284),./dataset/skeleton_final_v2/paper/paper (284).npy,train
the-finger,the-finger_6656,./dataset/skeleton_final_v2/the-finger/the-finger_6656.npy,train
scissors,scissors-set2 (191),./dataset/skeleton_final_v2/scissors/scissors-set2 (191).npy,train
scissors,scissors_2650,./dataset/skeleton_final_v2/scissors/scissors_2650.npy,train
scissors,scissors-set2 (466),./dataset/skeleton_final_v2/scissors/scissors-set2 (466).npy,train
scissors,scissors_3868,./dataset/skeleton_final_v2/scissors/scissors_3868.npy,train
scissors,scissors_2597,./dataset/skeleton_final_v2/scissors/scissors_2597.npy,train
scissors,scissors (260),./dataset/skeleton_final_v2/scissors/scissors (260).npy,train
paper,paper_9166,./dataset/skeleton_final_v2/paper/paper_9166.npy,train
thumbdown,thumbdown_3395,./dataset/skeleton_final_v2/thumbdown/thumbdown_3395.npy,train
paper,paper_3715,./dataset/skeleton_final_v2/paper/paper_3715.npy,train
paper,paper-set2 (495),./dataset/skeleton_final_v2/paper/paper-set2 (495).npy,train
paper,paper_1029,./dataset/skeleton_final_v2/paper/paper_1029.npy,train
rock,rock-set2 (342),./dataset/skeleton_final_v2/rock/rock-set2 (342).npy,train
paper,paper-set2 (435),./dataset/skeleton_final_v2/paper/paper-set2 (435).npy,train
the-finger,the-finger-set2 (326),./dataset/skeleton_final_v2/the-finger/the-finger-set2 (326).npy,train
rock,rock-set2 (19),./dataset/skeleton_final_v2/rock/rock-set2 (19).npy,train
thumbup,thumbup (142),./dataset/skeleton_final_v2/thumbup/thumbup (142).npy,train
paper,paper_5731,./dataset/skeleton_final_v2/paper/paper_5731.npy,train
paper,paper (194),./dataset/skeleton_final_v2/paper/paper (194).npy,train
scissors,scissors (359),./dataset/skeleton_final_v2/scissors/scissors (359).npy,train
ok,ok (144),./dataset/skeleton_final_v2/ok/ok (144).npy,train
scissors,scissors-set2 (193),./dataset/skeleton_final_v2/scissors/scissors-set2 (193).npy,train
thumbup,thumbup (125),./dataset/skeleton_final_v2/thumbup/thumbup (125).npy,train
the-finger,the-finger-set2 (335),./dataset/skeleton_final_v2/the-finger/the-finger-set2 (335).npy,train
scissors,scissors_5489,./dataset/skeleton_final_v2/scissors/scissors_5489.npy,train
paper,paper-set2 (320),./dataset/skeleton_final_v2/paper/paper-set2 (320).npy,train
thumbup,hand-7-1470,./dataset/skeleton_final_v2/thumbup/hand-7-1470.npy,train
the-finger,the-finger_9052,./dataset/skeleton_final_v2/the-finger/the-finger_9052.npy,train
ok,ok_Set2_ (539),./dataset/skeleton_final_v2/ok/ok_Set2_ (539).npy,train
paper,paper_4595,./dataset/skeleton_final_v2/paper/paper_4595.npy,train
paper,paper (25),./dataset/skeleton_final_v2/paper/paper (25).npy,train
scissors,scissors-set2 (244),./dataset/skeleton_final_v2/scissors/scissors-set2 (244).npy,train
scissors,scissors-set2 (182),./dataset/skeleton_final_v2/scissors/scissors-set2 (182).npy,train
paper,paper-set2 (181),./dataset/skeleton_final_v2/paper/paper-set2 (181).npy,train
thumbup,thumbup (244),./dataset/skeleton_final_v2/thumbup/thumbup (244).npy,train
scissors,scissors-set2 (544),./dataset/skeleton_final_v2/scissors/scissors-set2 (544).npy,train
thumbdown,thumbdown (124),./dataset/skeleton_final_v2/thumbdown/thumbdown (124).npy,train
scissors,scissors-set2 (114),./dataset/skeleton_final_v2/scissors/scissors-set2 (114).npy,train
scissors,scissors-set2 (200),./dataset/skeleton_final_v2/scissors/scissors-set2 (200).npy,train
thumbdown,thumbdown_3417,./dataset/skeleton_final_v2/thumbdown/thumbdown_3417.npy,train
thumbdown,thumbdown_7455,./dataset/skeleton_final_v2/thumbdown/thumbdown_7455.npy,train
paper,paper_743,./dataset/skeleton_final_v2/paper/paper_743.npy,train
thumbup,hand-10-465,./dataset/skeleton_final_v2/thumbup/hand-10-465.npy,train
the-finger,the-finger-set2 (346),./dataset/skeleton_final_v2/the-finger/the-finger-set2 (346).npy,train
the-finger,the-finger (96),./dataset/skeleton_final_v2/the-finger/the-finger (96).npy,train
rock,rock-set2 (431),./dataset/skeleton_final_v2/rock/rock-set2 (431).npy,train
ok,ok_Set2_ (383),./dataset/skeleton_final_v2/ok/ok_Set2_ (383).npy,train
scissors,scissors_754,./dataset/skeleton_final_v2/scissors/scissors_754.npy,train
rock,rock_7876,./dataset/skeleton_final_v2/rock/rock_7876.npy,train
thumbup,thumbup (382),./dataset/skeleton_final_v2/thumbup/thumbup (382).npy,train
scissors,scissors (22),./dataset/skeleton_final_v2/scissors/scissors (22).npy,train
scissors,scissors_4664,./dataset/skeleton_final_v2/scissors/scissors_4664.npy,train
the-finger,the-finger (43),./dataset/skeleton_final_v2/the-finger/the-finger (43).npy,train
scissors,scissors (113),./dataset/skeleton_final_v2/scissors/scissors (113).npy,train
paper,paper_7603,./dataset/skeleton_final_v2/paper/paper_7603.npy,train
thumbdown,hand-7-1570,./dataset/skeleton_final_v2/thumbdown/hand-7-1570.npy,train
ok,ok_4961,./dataset/skeleton_final_v2/ok/ok_4961.npy,train
ok,ok_Set2_ (230),./dataset/skeleton_final_v2/ok/ok_Set2_ (230).npy,train
thumbup,thumbup (163),./dataset/skeleton_final_v2/thumbup/thumbup (163).npy,train
thumbdown,thumbdown_1319,./dataset/skeleton_final_v2/thumbdown/thumbdown_1319.npy,train
thumbup,thumbup_7406,./dataset/skeleton_final_v2/thumbup/thumbup_7406.npy,train
paper,paper-set2 (100),./dataset/skeleton_final_v2/paper/paper-set2 (100).npy,train
ok,ok_Set2_ (341),./dataset/skeleton_final_v2/ok/ok_Set2_ (341).npy,train
paper,paper_5163,./dataset/skeleton_final_v2/paper/paper_5163.npy,train
paper,paper-set2 (201),./dataset/skeleton_final_v2/paper/paper-set2 (201).npy,train
ok,ok_1193,./dataset/skeleton_final_v2/ok/ok_1193.npy,train
thumbdown,hand-7-1705,./dataset/skeleton_final_v2/thumbdown/hand-7-1705.npy,train
scissors,scissors_5181,./dataset/skeleton_final_v2/scissors/scissors_5181.npy,train
the-finger,the-finger_236,./dataset/skeleton_final_v2/the-finger/the-finger_236.npy,train
scissors,scissors-set2 (351),./dataset/skeleton_final_v2/scissors/scissors-set2 (351).npy,train
ok,ok_Set2_ (82),./dataset/skeleton_final_v2/ok/ok_Set2_ (82).npy,train
rock,rock-set2 (5),./dataset/skeleton_final_v2/rock/rock-set2 (5).npy,train
thumbup,hand-10-2125,./dataset/skeleton_final_v2/thumbup/hand-10-2125.npy,train
thumbdown,thumbdown_5822,./dataset/skeleton_final_v2/thumbdown/thumbdown_5822.npy,train
scissors,scissors-set2 (366),./dataset/skeleton_final_v2/scissors/scissors-set2 (366).npy,train
scissors,scissors (132),./dataset/skeleton_final_v2/scissors/scissors (132).npy,train
scissors,scissors-set2 (195),./dataset/skeleton_final_v2/scissors/scissors-set2 (195).npy,train
scissors,scissors (241),./dataset/skeleton_final_v2/scissors/scissors (241).npy,train
ok,ok_Set2_ (135),./dataset/skeleton_final_v2/ok/ok_Set2_ (135).npy,train
thumbdown,thumbdown (322),./dataset/skeleton_final_v2/thumbdown/thumbdown (322).npy,train
thumbdown,thumbdown (134),./dataset/skeleton_final_v2/thumbdown/thumbdown (134).npy,train
scissors,scissors_5500,./dataset/skeleton_final_v2/scissors/scissors_5500.npy,train
thumbdown,thumbdown (253),./dataset/skeleton_final_v2/thumbdown/thumbdown (253).npy,train
thumbup,hand-7-1460,./dataset/skeleton_final_v2/thumbup/hand-7-1460.npy,train
scissors,scissors (29),./dataset/skeleton_final_v2/scissors/scissors (29).npy,train
thumbdown,thumbdown_3375,./dataset/skeleton_final_v2/thumbdown/thumbdown_3375.npy,train
paper,paper_8760,./dataset/skeleton_final_v2/paper/paper_8760.npy,train
thumbup,hand-7-1445,./dataset/skeleton_final_v2/thumbup/hand-7-1445.npy,train
scissors,scissors-set2 (462),./dataset/skeleton_final_v2/scissors/scissors-set2 (462).npy,train
ok,ok_Set2_ (547),./dataset/skeleton_final_v2/ok/ok_Set2_ (547).npy,train
paper,paper-set2 (434),./dataset/skeleton_final_v2/paper/paper-set2 (434).npy,train
paper,paper-set2 (24),./dataset/skeleton_final_v2/paper/paper-set2 (24).npy,train
ok,ok_1967,./dataset/skeleton_final_v2/ok/ok_1967.npy,train
the-finger,the-finger-set2 (212),./dataset/skeleton_final_v2/the-finger/the-finger-set2 (212).npy,train
thumbup,thumbup (449),./dataset/skeleton_final_v2/thumbup/thumbup (449).npy,train
paper,paper (273),./dataset/skeleton_final_v2/paper/paper (273).npy,train
scissors,scissors (251),./dataset/skeleton_final_v2/scissors/scissors (251).npy,train
ok,ok_5524,./dataset/skeleton_final_v2/ok/ok_5524.npy,train
ok,ok_Set2_ (332),./dataset/skeleton_final_v2/ok/ok_Set2_ (332).npy,train
ok,ok_Set2_ (277),./dataset/skeleton_final_v2/ok/ok_Set2_ (277).npy,train
the-finger,the-finger_235,./dataset/skeleton_final_v2/the-finger/the-finger_235.npy,train
ok,ok_2662,./dataset/skeleton_final_v2/ok/ok_2662.npy,train
paper,paper (196),./dataset/skeleton_final_v2/paper/paper (196).npy,train
scissors,scissors-set2 (516),./dataset/skeleton_final_v2/scissors/scissors-set2 (516).npy,train
the-finger,the-finger-set2 (304),./dataset/skeleton_final_v2/the-finger/the-finger-set2 (304).npy,train
ok,ok_5762,./dataset/skeleton_final_v2/ok/ok_5762.npy,train
scissors,scissors-set2 (234),./dataset/skeleton_final_v2/scissors/scissors-set2 (234).npy,train
thumbdown,thumbdown_2237,./dataset/skeleton_final_v2/thumbdown/thumbdown_2237.npy,train
ok,ok_Set2_ (61),./dataset/skeleton_final_v2/ok/ok_Set2_ (61).npy,train
the-finger,the-finger-set2 (430),./dataset/skeleton_final_v2/the-finger/the-finger-set2 (430).npy,train
ok,ok_Set2_ (518),./dataset/skeleton_final_v2/ok/ok_Set2_ (518).npy,train
scissors,scissors-set2 (155),./dataset/skeleton_final_v2/scissors/scissors-set2 (155).npy,train
scissors,scissors_7173,./dataset/skeleton_final_v2/scissors/scissors_7173.npy,train
paper,paper-set2 (327),./dataset/skeleton_final_v2/paper/paper-set2 (327).npy,train
scissors,scissors_7188,./dataset/skeleton_final_v2/scissors/scissors_7188.npy,train
paper,paper (170),./dataset/skeleton_final_v2/paper/paper (170).npy,train
scissors,scissors-set2 (635),./dataset/skeleton_final_v2/scissors/scissors-set2 (635).npy,train
thumbdown,hand-7-1605,./dataset/skeleton_final_v2/thumbdown/hand-7-1605.npy,train
paper,paper-set2 (129),./dataset/skeleton_final_v2/paper/paper-set2 (129).npy,train
thumbup,thumbup (46),./dataset/skeleton_final_v2/thumbup/thumbup (46).npy,train
ok,ok_1530,./dataset/skeleton_final_v2/ok/ok_1530.npy,train
paper,paper-set2 (11),./dataset/skeleton_final_v2/paper/paper-set2 (11).npy,train
thumbup,hand-11-550,./dataset/skeleton_final_v2/thumbup/hand-11-550.npy,train
scissors,scissors_3927,./dataset/skeleton_final_v2/scissors/scissors_3927.npy,train
paper,paper (83),./dataset/skeleton_final_v2/paper/paper (83).npy,train
paper,paper_6701,./dataset/skeleton_final_v2/paper/paper_6701.npy,train
scissors,scissors-set2 (243),./dataset/skeleton_final_v2/scissors/scissors-set2 (243).npy,train
scissors,scissors_5931,./dataset/skeleton_final_v2/scissors/scissors_5931.npy,train
paper,paper_1438,./dataset/skeleton_final_v2/paper/paper_1438.npy,train
scissors,scissors_6955,./dataset/skeleton_final_v2/scissors/scissors_6955.npy,train
scissors,scissors_6167,./dataset/skeleton_final_v2/scissors/scissors_6167.npy,train
paper,paper_42,./dataset/skeleton_final_v2/paper/paper_42.npy,train
ok,ok (233),./dataset/skeleton_final_v2/ok/ok (233).npy,train
ok,ok (23),./dataset/skeleton_final_v2/ok/ok (23).npy,train
paper,paper-set2 (419),./dataset/skeleton_final_v2/paper/paper-set2 (419).npy,train
thumbdown,thumbdown_185,./dataset/skeleton_final_v2/thumbdown/thumbdown_185.npy,train
ok,ok_Set2_ (312),./dataset/skeleton_final_v2/ok/ok_Set2_ (312).npy,train
ok,ok_Set2_ (225),./dataset/skeleton_final_v2/ok/ok_Set2_ (225).npy,train
the-finger,the-finger (153),./dataset/skeleton_final_v2/the-finger/the-finger (153).npy,train
ok,ok_8904,./dataset/skeleton_final_v2/ok/ok_8904.npy,train
thumbdown,thumbdown_7768,./dataset/skeleton_final_v2/thumbdown/thumbdown_7768.npy,train
thumbup,hand-11-2300,./dataset/skeleton_final_v2/thumbup/hand-11-2300.npy,train
scissors,scissors (266),./dataset/skeleton_final_v2/scissors/scissors (266).npy,train
thumbdown,thumbdown_7436,./dataset/skeleton_final_v2/thumbdown/thumbdown_7436.npy,train
thumbup,thumbup (42),./dataset/skeleton_final_v2/thumbup/thumbup (42).npy,train
thumbup,thumbup (77),./dataset/skeleton_final_v2/thumbup/thumbup (77).npy,train
rock,rock-set2 (50),./dataset/skeleton_final_v2/rock/rock-set2 (50).npy,train
paper,paper_37,./dataset/skeleton_final_v2/paper/paper_37.npy,train
rock,rock-set2 (213),./dataset/skeleton_final_v2/rock/rock-set2 (213).npy,train
scissors,scissors (296),./dataset/skeleton_final_v2/scissors/scissors (296).npy,train
paper,paper_737,./dataset/skeleton_final_v2/paper/paper_737.npy,train
rock,rock (91),./dataset/skeleton_final_v2/rock/rock (91).npy,train
scissors,scissors_5514,./dataset/skeleton_final_v2/scissors/scissors_5514.npy,train
thumbdown,thumbdown (194),./dataset/skeleton_final_v2/thumbdown/thumbdown (194).npy,train
ok,ok_7693,./dataset/skeleton_final_v2/ok/ok_7693.npy,train
thumbup,thumbup_2129,./dataset/skeleton_final_v2/thumbup/thumbup_2129.npy,train
ok,ok_Set2_ (392),./dataset/skeleton_final_v2/ok/ok_Set2_ (392).npy,train
scissors,scissors_440,./dataset/skeleton_final_v2/scissors/scissors_440.npy,train
paper,paper (19),./dataset/skeleton_final_v2/paper/paper (19).npy,train
thumbdown,thumbdown_1317,./dataset/skeleton_final_v2/thumbdown/thumbdown_1317.npy,train
paper,paper_731,./dataset/skeleton_final_v2/paper/paper_731.npy,train
thumbup,thumbup (489),./dataset/skeleton_final_v2/thumbup/thumbup (489).npy,train
thumbup,thumbup_8130,./dataset/skeleton_final_v2/thumbup/thumbup_8130.npy,train
ok,ok (96),./dataset/skeleton_final_v2/ok/ok (96).npy,train
ok,ok (220),./dataset/skeleton_final_v2/ok/ok (220).npy,train
ok,ok_1536,./dataset/skeleton_final_v2/ok/ok_1536.npy,train
paper,paper-set2 (439),./dataset/skeleton_final_v2/paper/paper-set2 (439).npy,train
scissors,scissors_6151,./dataset/skeleton_final_v2/scissors/scissors_6151.npy,train
paper,paper_744,./dataset/skeleton_final_v2/paper/paper_744.npy,train
thumbup,thumbup (34),./dataset/skeleton_final_v2/thumbup/thumbup (34).npy,train
scissors,scissors (329),./dataset/skeleton_final_v2/scissors/scissors (329).npy,train
ok,ok_8922,./dataset/skeleton_final_v2/ok/ok_8922.npy,train
scissors,scissors-set2 (584),./dataset/skeleton_final_v2/scissors/scissors-set2 (584).npy,train
the-finger,the-finger-set2 (348),./dataset/skeleton_final_v2/the-finger/the-finger-set2 (348).npy,train
thumbdown,thumbdown_4405,./dataset/skeleton_final_v2/thumbdown/thumbdown_4405.npy,train
paper,paper_6332,./dataset/skeleton_final_v2/paper/paper_6332.npy,train
thumbdown,thumbdown_4446,./dataset/skeleton_final_v2/thumbdown/thumbdown_4446.npy,train
thumbdown,hand-7-1610,./dataset/skeleton_final_v2/thumbdown/hand-7-1610.npy,train
scissors,scissors (467),./dataset/skeleton_final_v2/scissors/scissors (467).npy,train
ok,ok_Set2_ (437),./dataset/skeleton_final_v2/ok/ok_Set2_ (437).npy,train
scissors,scissors (422),./dataset/skeleton_final_v2/scissors/scissors (422).npy,train
paper,paper-set2 (272),./dataset/skeleton_final_v2/paper/paper-set2 (272).npy,train
thumbup,thumbup_3020,./dataset/skeleton_final_v2/thumbup/thumbup_3020.npy,train
thumbdown,thumbdown_5816,./dataset/skeleton_final_v2/thumbdown/thumbdown_5816.npy,train
thumbdown,thumbdown_6259,./dataset/skeleton_final_v2/thumbdown/thumbdown_6259.npy,train
thumbdown,thumbdown_2217,./dataset/skeleton_final_v2/thumbdown/thumbdown_2217.npy,train
thumbdown,thumbdown (66),./dataset/skeleton_final_v2/thumbdown/thumbdown (66).npy,train
scissors,scissors-set2 (616),./dataset/skeleton_final_v2/scissors/scissors-set2 (616).npy,train
rock,rock-set2 (348),./dataset/skeleton_final_v2/rock/rock-set2 (348).npy,train
the-finger,the-finger_244,./dataset/skeleton_final_v2/the-finger/the-finger_244.npy,train
rock,rock_693,./dataset/skeleton_final_v2/rock/rock_693.npy,train
thumbdown,thumbdown_3200,./dataset/skeleton_final_v2/thumbdown/thumbdown_3200.npy,train
thumbdown,thumbdown_3224,./dataset/skeleton_final_v2/thumbdown/thumbdown_3224.npy,train
thumbup,thumbup (274),./dataset/skeleton_final_v2/thumbup/thumbup (274).npy,train
scissors,scissors-set2 (384),./dataset/skeleton_final_v2/scissors/scissors-set2 (384).npy,train
thumbdown,thumbdown_3248,./dataset/skeleton_final_v2/thumbdown/thumbdown_3248.npy,train
thumbup,hand-7-1465,./dataset/skeleton_final_v2/thumbup/hand-7-1465.npy,train
thumbup,thumbup (10),./dataset/skeleton_final_v2/thumbup/thumbup (10).npy,train
ok,ok_79,./dataset/skeleton_final_v2/ok/ok_79.npy,train
paper,paper_5909,./dataset/skeleton_final_v2/paper/paper_5909.npy,train
thumbdown,thumbdown_5660,./dataset/skeleton_final_v2/thumbdown/thumbdown_5660.npy,train
ok,ok (132),./dataset/skeleton_final_v2/ok/ok (132).npy,train
thumbdown,hand-10-570,./dataset/skeleton_final_v2/thumbdown/hand-10-570.npy,train
paper,paper-set2 (46),./dataset/skeleton_final_v2/paper/paper-set2 (46).npy,train
ok,ok (170),./dataset/skeleton_final_v2/ok/ok (170).npy,train
the-finger,the-finger_3474,./dataset/skeleton_final_v2/the-finger/the-finger_3474.npy,train
thumbdown,hand-7-1595,./dataset/skeleton_final_v2/thumbdown/hand-7-1595.npy,train
paper,paper_1840,./dataset/skeleton_final_v2/paper/paper_1840.npy,train
scissors,scissors-set2 (220),./dataset/skeleton_final_v2/scissors/scissors-set2 (220).npy,train
paper,paper-set2 (60),./dataset/skeleton_final_v2/paper/paper-set2 (60).npy,train
scissors,scissors-set2 (80),./dataset/skeleton_final_v2/scissors/scissors-set2 (80).npy,train
thumbdown,thumbdown_3169,./dataset/skeleton_final_v2/thumbdown/thumbdown_3169.npy,train
thumbup,thumbup (86),./dataset/skeleton_final_v2/thumbup/thumbup (86).npy,train
paper,paper-set2 (350),./dataset/skeleton_final_v2/paper/paper-set2 (350).npy,train
paper,paper (58),./dataset/skeleton_final_v2/paper/paper (58).npy,train
paper,paper_6699,./dataset/skeleton_final_v2/paper/paper_6699.npy,train
thumbup,thumbup (451),./dataset/skeleton_final_v2/thumbup/thumbup (451).npy,train
scissors,scissors-set2 (259),./dataset/skeleton_final_v2/scissors/scissors-set2 (259).npy,train
ok,ok_Set2_ (352),./dataset/skeleton_final_v2/ok/ok_Set2_ (352).npy,train
ok,ok_Set2_ (317),./dataset/skeleton_final_v2/ok/ok_Set2_ (317).npy,train
paper,paper-set2 (444),./dataset/skeleton_final_v2/paper/paper-set2 (444).npy,train
ok,ok_5939,./dataset/skeleton_final_v2/ok/ok_5939.npy,train
the-finger,the-finger_6292,./dataset/skeleton_final_v2/the-finger/the-finger_6292.npy,train
paper,paper-set2 (287),./dataset/skeleton_final_v2/paper/paper-set2 (287).npy,train
ok,ok_5783,./dataset/skeleton_final_v2/ok/ok_5783.npy,train
scissors,scissors (445),./dataset/skeleton_final_v2/scissors/scissors (445).npy,train
rock,rock-set2 (362),./dataset/skeleton_final_v2/rock/rock-set2 (362).npy,train
thumbup,thumbup (245),./dataset/skeleton_final_v2/thumbup/thumbup (245).npy,train
thumbdown,thumbdown (247),./dataset/skeleton_final_v2/thumbdown/thumbdown (247).npy,train
ok,ok_8830,./dataset/skeleton_final_v2/ok/ok_8830.npy,train
paper,paper-set2 (476),./dataset/skeleton_final_v2/paper/paper-set2 (476).npy,train
scissors,scissors_1484,./dataset/skeleton_final_v2/scissors/scissors_1484.npy,train
thumbdown,thumbdown_7252,./dataset/skeleton_final_v2/thumbdown/thumbdown_7252.npy,train
the-finger,the-finger-set2 (3),./dataset/skeleton_final_v2/the-finger/the-finger-set2 (3).npy,train
thumbdown,thumbdown_5662,./dataset/skeleton_final_v2/thumbdown/thumbdown_5662.npy,train
ok,ok_Set2_ (350),./dataset/skeleton_final_v2/ok/ok_Set2_ (350).npy,train
thumbup,thumbup_6762,./dataset/skeleton_final_v2/thumbup/thumbup_6762.npy,train
the-finger,the-finger_7080,./dataset/skeleton_final_v2/the-finger/the-finger_7080.npy,train
paper,paper-set2 (214),./dataset/skeleton_final_v2/paper/paper-set2 (214).npy,train
paper,paper-set2 (121),./dataset/skeleton_final_v2/paper/paper-set2 (121).npy,train
scissors,scissors_5245,./dataset/skeleton_final_v2/scissors/scissors_5245.npy,train
ok,ok_6571,./dataset/skeleton_final_v2/ok/ok_6571.npy,train
scissors,scissors (318),./dataset/skeleton_final_v2/scissors/scissors (318).npy,train
thumbdown,hand-10-2685,./dataset/skeleton_final_v2/thumbdown/hand-10-2685.npy,train
ok,ok_2945,./dataset/skeleton_final_v2/ok/ok_2945.npy,train
ok,ok_Set2_ (575),./dataset/skeleton_final_v2/ok/ok_Set2_ (575).npy,train
ok,ok_Set2_ (134),./dataset/skeleton_final_v2/ok/ok_Set2_ (134).npy,train
ok,ok (197),./dataset/skeleton_final_v2/ok/ok (197).npy,train
scissors,scissors (228),./dataset/skeleton_final_v2/scissors/scissors (228).npy,train
the-finger,the-finger-set2 (282),./dataset/skeleton_final_v2/the-finger/the-finger-set2 (282).npy,train
the-finger,the-finger-set2 (174),./dataset/skeleton_final_v2/the-finger/the-finger-set2 (174).npy,train
scissors,scissors (330),./dataset/skeleton_final_v2/scissors/scissors (330).npy,train
thumbup,thumbup_6805,./dataset/skeleton_final_v2/thumbup/thumbup_6805.npy,train
ok,ok_4870,./dataset/skeleton_final_v2/ok/ok_4870.npy,train
scissors,scissors (2),./dataset/skeleton_final_v2/scissors/scissors (2).npy,train
scissors,scissors_2601,./dataset/skeleton_final_v2/scissors/scissors_2601.npy,train
scissors,scissors (444),./dataset/skeleton_final_v2/scissors/scissors (444).npy,train
ok,ok (102),./dataset/skeleton_final_v2/ok/ok (102).npy,train
the-finger,the-finger-set2 (363),./dataset/skeleton_final_v2/the-finger/the-finger-set2 (363).npy,train
the-finger,the-finger-set2 (293),./dataset/skeleton_final_v2/the-finger/the-finger-set2 (293).npy,train
thumbup,thumbup (303),./dataset/skeleton_final_v2/thumbup/thumbup (303).npy,train
thumbdown,thumbdown (298),./dataset/skeleton_final_v2/thumbdown/thumbdown (298).npy,train
thumbdown,thumbdown (275),./dataset/skeleton_final_v2/thumbdown/thumbdown (275).npy,train
the-finger,the-finger-set2 (410),./dataset/skeleton_final_v2/the-finger/the-finger-set2 (410).npy,train
thumbup,thumbup_2041,./dataset/skeleton_final_v2/thumbup/thumbup_2041.npy,train
scissors,scissors-set2 (430),./dataset/skeleton_final_v2/scissors/scissors-set2 (430).npy,train
scissors,scissors-set2 (411),./dataset/skeleton_final_v2/scissors/scissors-set2 (411).npy,train
paper,paper_4576,./dataset/skeleton_final_v2/paper/paper_4576.npy,train
paper,paper (96),./dataset/skeleton_final_v2/paper/paper (96).npy,train
ok,ok_2640,./dataset/skeleton_final_v2/ok/ok_2640.npy,train
the-finger,the-finger_656,./dataset/skeleton_final_v2/the-finger/the-finger_656.npy,train
rock,rock-set2 (207),./dataset/skeleton_final_v2/rock/rock-set2 (207).npy,train
scissors,scissors-set2 (186),./dataset/skeleton_final_v2/scissors/scissors-set2 (186).npy,train
ok,ok_Set2_ (482),./dataset/skeleton_final_v2/ok/ok_Set2_ (482).npy,train
the-finger,the-finger (66),./dataset/skeleton_final_v2/the-finger/the-finger (66).npy,train
paper,paper-set2 (118),./dataset/skeleton_final_v2/paper/paper-set2 (118).npy,train
the-finger,the-finger_6296,./dataset/skeleton_final_v2/the-finger/the-finger_6296.npy,train
thumbup,thumbup_6768,./dataset/skeleton_final_v2/thumbup/thumbup_6768.npy,train
the-finger,the-finger-set2 (274),./dataset/skeleton_final_v2/the-finger/the-finger-set2 (274).npy,train
ok,ok_2880,./dataset/skeleton_final_v2/ok/ok_2880.npy,train
thumbdown,thumbdown_7447,./dataset/skeleton_final_v2/thumbdown/thumbdown_7447.npy,train
the-finger,the-finger-set2 (341),./dataset/skeleton_final_v2/the-finger/the-finger-set2 (341).npy,train
the-finger,the-finger_9070,./dataset/skeleton_final_v2/the-finger/the-finger_9070.npy,train
thumbup,thumbup (253),./dataset/skeleton_final_v2/thumbup/thumbup (253).npy,train
paper,paper-set2 (234),./dataset/skeleton_final_v2/paper/paper-set2 (234).npy,train
thumbdown,thumbdown_3218,./dataset/skeleton_final_v2/thumbdown/thumbdown_3218.npy,train
thumbdown,thumbdown (89),./dataset/skeleton_final_v2/thumbdown/thumbdown (89).npy,train
thumbdown,thumbdown (133),./dataset/skeleton_final_v2/thumbdown/thumbdown (133).npy,train
the-finger,the-finger_2268,./dataset/skeleton_final_v2/the-finger/the-finger_2268.npy,train
paper,paper-set2 (491),./dataset/skeleton_final_v2/paper/paper-set2 (491).npy,train
thumbup,hand-10-2550,./dataset/skeleton_final_v2/thumbup/hand-10-2550.npy,train
scissors,scissors-set2 (619),./dataset/skeleton_final_v2/scissors/scissors-set2 (619).npy,train
the-finger,the-finger (147),./dataset/skeleton_final_v2/the-finger/the-finger (147).npy,train
thumbup,thumbup (416),./dataset/skeleton_final_v2/thumbup/thumbup (416).npy,train
scissors,scissors_8784,./dataset/skeleton_final_v2/scissors/scissors_8784.npy,train
ok,ok_2844,./dataset/skeleton_final_v2/ok/ok_2844.npy,train
thumbdown,thumbdown_6436,./dataset/skeleton_final_v2/thumbdown/thumbdown_6436.npy,train
thumbup,thumbup_7400,./dataset/skeleton_final_v2/thumbup/thumbup_7400.npy,train
scissors,scissors_1109,./dataset/skeleton_final_v2/scissors/scissors_1109.npy,train
paper,paper (66),./dataset/skeleton_final_v2/paper/paper (66).npy,train
scissors,scissors-set2 (428),./dataset/skeleton_final_v2/scissors/scissors-set2 (428).npy,train
paper,paper (13),./dataset/skeleton_final_v2/paper/paper (13).npy,train
thumbdown,thumbdown_6833,./dataset/skeleton_final_v2/thumbdown/thumbdown_6833.npy,train
paper,paper-set2 (240),./dataset/skeleton_final_v2/paper/paper-set2 (240).npy,train
the-finger,the-finger-set2 (140),./dataset/skeleton_final_v2/the-finger/the-finger-set2 (140).npy,train
paper,paper (241),./dataset/skeleton_final_v2/paper/paper (241).npy,train
scissors,scissors (410),./dataset/skeleton_final_v2/scissors/scissors (410).npy,train
ok,ok (150),./dataset/skeleton_final_v2/ok/ok (150).npy,train
thumbdown,thumbdown_9400,./dataset/skeleton_final_v2/thumbdown/thumbdown_9400.npy,train
thumbup,thumbup_8932,./dataset/skeleton_final_v2/thumbup/thumbup_8932.npy,train
thumbdown,thumbdown (257),./dataset/skeleton_final_v2/thumbdown/thumbdown (257).npy,train
paper,paper-set2 (279),./dataset/skeleton_final_v2/paper/paper-set2 (279).npy,train
scissors,scissors (224),./dataset/skeleton_final_v2/scissors/scissors (224).npy,train
scissors,scissors_6960,./dataset/skeleton_final_v2/scissors/scissors_6960.npy,train
paper,paper-set2 (358),./dataset/skeleton_final_v2/paper/paper-set2 (358).npy,train
paper,paper_4596,./dataset/skeleton_final_v2/paper/paper_4596.npy,train
scissors,scissors_5922,./dataset/skeleton_final_v2/scissors/scissors_5922.npy,train
ok,ok_90,./dataset/skeleton_final_v2/ok/ok_90.npy,train
thumbup,hand-10-2600,./dataset/skeleton_final_v2/thumbup/hand-10-2600.npy,train
paper,paper (185),./dataset/skeleton_final_v2/paper/paper (185).npy,train
thumbup,thumbup (320),./dataset/skeleton_final_v2/thumbup/thumbup (320).npy,train
scissors,scissors_4660,./dataset/skeleton_final_v2/scissors/scissors_4660.npy,train
thumbup,thumbup (141),./dataset/skeleton_final_v2/thumbup/thumbup (141).npy,train
ok,ok_5771,./dataset/skeleton_final_v2/ok/ok_5771.npy,train
thumbup,thumbup (251),./dataset/skeleton_final_v2/thumbup/thumbup (251).npy,train
thumbup,hand-9-1615,./dataset/skeleton_final_v2/thumbup/hand-9-1615.npy,train
thumbdown,thumbdown_5339,./dataset/skeleton_final_v2/thumbdown/thumbdown_5339.npy,train
paper,paper-set2 (101),./dataset/skeleton_final_v2/paper/paper-set2 (101).npy,train
thumbdown,hand-9-2050,./dataset/skeleton_final_v2/thumbdown/hand-9-2050.npy,train
thumbup,thumbup_5809,./dataset/skeleton_final_v2/thumbup/thumbup_5809.npy,train
paper,paper_3752,./dataset/skeleton_final_v2/paper/paper_3752.npy,train
the-finger,the-finger_6470,./dataset/skeleton_final_v2/the-finger/the-finger_6470.npy,train
ok,ok_Set2_ (263),./dataset/skeleton_final_v2/ok/ok_Set2_ (263).npy,train
thumbup,thumbup_8114,./dataset/skeleton_final_v2/thumbup/thumbup_8114.npy,train
thumbdown,hand-7-1630,./dataset/skeleton_final_v2/thumbdown/hand-7-1630.npy,train
thumbdown,thumbdown_531,./dataset/skeleton_final_v2/thumbdown/thumbdown_531.npy,train
the-finger,the-finger (46),./dataset/skeleton_final_v2/the-finger/the-finger (46).npy,train
the-finger,the-finger (149),./dataset/skeleton_final_v2/the-finger/the-finger (149).npy,train
thumbdown,thumbdown (224),./dataset/skeleton_final_v2/thumbdown/thumbdown (224).npy,train
thumbup,hand-10-30,./dataset/skeleton_final_v2/thumbup/hand-10-30.npy,train
thumbup,hand-10-215,./dataset/skeleton_final_v2/thumbup/hand-10-215.npy,train
thumbup,thumbup_9296,./dataset/skeleton_final_v2/thumbup/thumbup_9296.npy,train
thumbdown,thumbdown (248),./dataset/skeleton_final_v2/thumbdown/thumbdown (248).npy,train
scissors,scissors_8012,./dataset/skeleton_final_v2/scissors/scissors_8012.npy,train
thumbdown,hand-11-775,./dataset/skeleton_final_v2/thumbdown/hand-11-775.npy,train
scissors,scissors-set2 (670),./dataset/skeleton_final_v2/scissors/scissors-set2 (670).npy,train
the-finger,the-finger-set2 (23),./dataset/skeleton_final_v2/the-finger/the-finger-set2 (23).npy,train
thumbup,thumbup (106),./dataset/skeleton_final_v2/thumbup/thumbup (106).npy,train
ok,ok_6188,./dataset/skeleton_final_v2/ok/ok_6188.npy,train
ok,ok (56),./dataset/skeleton_final_v2/ok/ok (56).npy,train
thumbup,thumbup (177),./dataset/skeleton_final_v2/thumbup/thumbup (177).npy,train
thumbdown,hand-11-750,./dataset/skeleton_final_v2/thumbdown/hand-11-750.npy,train
thumbup,hand-10-455,./dataset/skeleton_final_v2/thumbup/hand-10-455.npy,train
paper,paper-set2 (44),./dataset/skeleton_final_v2/paper/paper-set2 (44).npy,train
scissors,scissors_5240,./dataset/skeleton_final_v2/scissors/scissors_5240.npy,train
ok,ok (234),./dataset/skeleton_final_v2/ok/ok (234).npy,train
ok,ok_9250,./dataset/skeleton_final_v2/ok/ok_9250.npy,train
rock,rock-set2 (12),./dataset/skeleton_final_v2/rock/rock-set2 (12).npy,train
the-finger,the-finger (159),./dataset/skeleton_final_v2/the-finger/the-finger (159).npy,train
paper,paper_9136,./dataset/skeleton_final_v2/paper/paper_9136.npy,train
thumbup,thumbup_6794,./dataset/skeleton_final_v2/thumbup/thumbup_6794.npy,train
the-finger,the-finger_7498,./dataset/skeleton_final_v2/the-finger/the-finger_7498.npy,train
ok,ok_2902,./dataset/skeleton_final_v2/ok/ok_2902.npy,train
paper,paper (177),./dataset/skeleton_final_v2/paper/paper (177).npy,train
ok,ok (111),./dataset/skeleton_final_v2/ok/ok (111).npy,train
thumbdown,thumbdown (314),./dataset/skeleton_final_v2/thumbdown/thumbdown (314).npy,train
thumbup,thumbup_4178,./dataset/skeleton_final_v2/thumbup/thumbup_4178.npy,train
ok,ok_Set2_ (412),./dataset/skeleton_final_v2/ok/ok_Set2_ (412).npy,train
paper,paper (217),./dataset/skeleton_final_v2/paper/paper (217).npy,train
thumbdown,thumbdown (213),./dataset/skeleton_final_v2/thumbdown/thumbdown (213).npy,train
thumbup,hand-11-2245,./dataset/skeleton_final_v2/thumbup/hand-11-2245.npy,train
ok,ok_Set2_ (387),./dataset/skeleton_final_v2/ok/ok_Set2_ (387).npy,train
thumbdown,thumbdown_5817,./dataset/skeleton_final_v2/thumbdown/thumbdown_5817.npy,train
paper,paper_1852,./dataset/skeleton_final_v2/paper/paper_1852.npy,train
thumbup,thumbup_6778,./dataset/skeleton_final_v2/thumbup/thumbup_6778.npy,train
paper,paper-set2 (174),./dataset/skeleton_final_v2/paper/paper-set2 (174).npy,train
thumbup,hand-9-1585,./dataset/skeleton_final_v2/thumbup/hand-9-1585.npy,train
the-finger,the-finger_636,./dataset/skeleton_final_v2/the-finger/the-finger_636.npy,train
scissors,scissors-set2 (568),./dataset/skeleton_final_v2/scissors/scissors-set2 (568).npy,train
paper,paper-set2 (310),./dataset/skeleton_final_v2/paper/paper-set2 (310).npy,train
paper,paper_6355,./dataset/skeleton_final_v2/paper/paper_6355.npy,train
scissors,scissors (366),./dataset/skeleton_final_v2/scissors/scissors (366).npy,train
ok,ok_6176,./dataset/skeleton_final_v2/ok/ok_6176.npy,train
ok,ok_6179,./dataset/skeleton_final_v2/ok/ok_6179.npy,train
thumbdown,thumbdown (71),./dataset/skeleton_final_v2/thumbdown/thumbdown (71).npy,train
ok,ok_Set2_ (469),./dataset/skeleton_final_v2/ok/ok_Set2_ (469).npy,train
rock,rock-set2 (331),./dataset/skeleton_final_v2/rock/rock-set2 (331).npy,train
scissors,scissors (459),./dataset/skeleton_final_v2/scissors/scissors (459).npy,train
scissors,scissors-set2 (237),./dataset/skeleton_final_v2/scissors/scissors-set2 (237).npy,train
thumbup,hand-7-1420,./dataset/skeleton_final_v2/thumbup/hand-7-1420.npy,train
scissors,scissors_2613,./dataset/skeleton_final_v2/scissors/scissors_2613.npy,train
rock,rock_6680,./dataset/skeleton_final_v2/rock/rock_6680.npy,train
thumbdown,thumbdown (76),./dataset/skeleton_final_v2/thumbdown/thumbdown (76).npy,train
thumbup,thumbup_9342,./dataset/skeleton_final_v2/thumbup/thumbup_9342.npy,train
paper,paper-set2 (283),./dataset/skeleton_final_v2/paper/paper-set2 (283).npy,train
the-finger,the-finger_222,./dataset/skeleton_final_v2/the-finger/the-finger_222.npy,train
paper,paper-set2 (109),./dataset/skeleton_final_v2/paper/paper-set2 (109).npy,train
thumbdown,hand-10-55,./dataset/skeleton_final_v2/thumbdown/hand-10-55.npy,train
ok,ok_2739,./dataset/skeleton_final_v2/ok/ok_2739.npy,train
paper,paper_7922,./dataset/skeleton_final_v2/paper/paper_7922.npy,train
thumbup,thumbup_6427,./dataset/skeleton_final_v2/thumbup/thumbup_6427.npy,train
ok,ok (76),./dataset/skeleton_final_v2/ok/ok (76).npy,train
paper,paper (70),./dataset/skeleton_final_v2/paper/paper (70).npy,train
scissors,scissors-set2 (185),./dataset/skeleton_final_v2/scissors/scissors-set2 (185).npy,train
ok,ok_Set2_ (519),./dataset/skeleton_final_v2/ok/ok_Set2_ (519).npy,train
thumbup,thumbup_7203,./dataset/skeleton_final_v2/thumbup/thumbup_7203.npy,train
paper,paper_27,./dataset/skeleton_final_v2/paper/paper_27.npy,train
scissors,scissors (33),./dataset/skeleton_final_v2/scissors/scissors (33).npy,train
scissors,scissors-set2 (154),./dataset/skeleton_final_v2/scissors/scissors-set2 (154).npy,train
paper,paper-set2 (308),./dataset/skeleton_final_v2/paper/paper-set2 (308).npy,train
scissors,scissors_4617,./dataset/skeleton_final_v2/scissors/scissors_4617.npy,train
ok,ok_1612,./dataset/skeleton_final_v2/ok/ok_1612.npy,train
ok,ok_Set2_ (232),./dataset/skeleton_final_v2/ok/ok_Set2_ (232).npy,train
thumbdown,thumbdown (233),./dataset/skeleton_final_v2/thumbdown/thumbdown (233).npy,train
thumbdown,hand-7-1545,./dataset/skeleton_final_v2/thumbdown/hand-7-1545.npy,train
scissors,scissors_4663,./dataset/skeleton_final_v2/scissors/scissors_4663.npy,train
the-finger,the-finger-set2 (333),./dataset/skeleton_final_v2/the-finger/the-finger-set2 (333).npy,train
thumbdown,thumbdown (225),./dataset/skeleton_final_v2/thumbdown/thumbdown (225).npy,train
scissors,scissors-set2 (123),./dataset/skeleton_final_v2/scissors/scissors-set2 (123).npy,train
rock,rock_668,./dataset/skeleton_final_v2/rock/rock_668.npy,train
paper,paper-set2 (141),./dataset/skeleton_final_v2/paper/paper-set2 (141).npy,train
ok,ok_2847,./dataset/skeleton_final_v2/ok/ok_2847.npy,train
thumbup,hand-10-255,./dataset/skeleton_final_v2/thumbup/hand-10-255.npy,train
paper,paper_7321,./dataset/skeleton_final_v2/paper/paper_7321.npy,train
scissors,scissors_1889,./dataset/skeleton_final_v2/scissors/scissors_1889.npy,train
scissors,scissors_7349,./dataset/skeleton_final_v2/scissors/scissors_7349.npy,train
thumbup,thumbup (134),./dataset/skeleton_final_v2/thumbup/thumbup (134).npy,train
paper,paper-set2 (385),./dataset/skeleton_final_v2/paper/paper-set2 (385).npy,train
paper,paper_4606,./dataset/skeleton_final_v2/paper/paper_4606.npy,train
paper,paper_8744,./dataset/skeleton_final_v2/paper/paper_8744.npy,train
thumbup,hand-10-435,./dataset/skeleton_final_v2/thumbup/hand-10-435.npy,train
the-finger,the-finger (51),./dataset/skeleton_final_v2/the-finger/the-finger (51).npy,train
thumbup,thumbup_9290,./dataset/skeleton_final_v2/thumbup/thumbup_9290.npy,train
scissors,scissors_5752,./dataset/skeleton_final_v2/scissors/scissors_5752.npy,train
thumbup,thumbup (157),./dataset/skeleton_final_v2/thumbup/thumbup (157).npy,train
scissors,scissors_4620,./dataset/skeleton_final_v2/scissors/scissors_4620.npy,train
thumbdown,thumbdown_4406,./dataset/skeleton_final_v2/thumbdown/thumbdown_4406.npy,train
ok,ok_Set2_ (58),./dataset/skeleton_final_v2/ok/ok_Set2_ (58).npy,train
thumbup,thumbup_7734,./dataset/skeleton_final_v2/thumbup/thumbup_7734.npy,train
the-finger,the-finger_7101,./dataset/skeleton_final_v2/the-finger/the-finger_7101.npy,train
rock,rock-set2 (535),./dataset/skeleton_final_v2/rock/rock-set2 (535).npy,train
paper,paper (276),./dataset/skeleton_final_v2/paper/paper (276).npy,train
ok,ok_2885,./dataset/skeleton_final_v2/ok/ok_2885.npy,train
the-finger,the-finger_6467,./dataset/skeleton_final_v2/the-finger/the-finger_6467.npy,train
thumbdown,thumbdown_6840,./dataset/skeleton_final_v2/thumbdown/thumbdown_6840.npy,train
paper,paper_6918,./dataset/skeleton_final_v2/paper/paper_6918.npy,train
the-finger,the-finger_217,./dataset/skeleton_final_v2/the-finger/the-finger_217.npy,train
the-finger,the-finger-set2 (402),./dataset/skeleton_final_v2/the-finger/the-finger-set2 (402).npy,train
scissors,scissors-set2 (337),./dataset/skeleton_final_v2/scissors/scissors-set2 (337).npy,train
ok,ok_1548,./dataset/skeleton_final_v2/ok/ok_1548.npy,train
ok,ok_5558,./dataset/skeleton_final_v2/ok/ok_5558.npy,train
the-finger,the-finger_1352,./dataset/skeleton_final_v2/the-finger/the-finger_1352.npy,train
the-finger,the-finger_6063,./dataset/skeleton_final_v2/the-finger/the-finger_6063.npy,train
the-finger,the-finger_5843,./dataset/skeleton_final_v2/the-finger/the-finger_5843.npy,train
scissors,scissors_760,./dataset/skeleton_final_v2/scissors/scissors_760.npy,train
paper,paper-set2 (81),./dataset/skeleton_final_v2/paper/paper-set2 (81).npy,train
the-finger,the-finger_7275,./dataset/skeleton_final_v2/the-finger/the-finger_7275.npy,train
the-finger,the-finger-set2 (417),./dataset/skeleton_final_v2/the-finger/the-finger-set2 (417).npy,train
thumbdown,hand-12-1280,./dataset/skeleton_final_v2/thumbdown/hand-12-1280.npy,train
the-finger,the-finger-set2 (209),./dataset/skeleton_final_v2/the-finger/the-finger-set2 (209).npy,train
paper,paper (11),./dataset/skeleton_final_v2/paper/paper (11).npy,train
the-finger,the-finger-set2 (429),./dataset/skeleton_final_v2/the-finger/the-finger-set2 (429).npy,train
scissors,scissors_7335,./dataset/skeleton_final_v2/scissors/scissors_7335.npy,train
thumbup,thumbup (413),./dataset/skeleton_final_v2/thumbup/thumbup (413).npy,train
paper,paper_1864,./dataset/skeleton_final_v2/paper/paper_1864.npy,train
thumbup,thumbup (223),./dataset/skeleton_final_v2/thumbup/thumbup (223).npy,train
thumbdown,hand-10-580,./dataset/skeleton_final_v2/thumbdown/hand-10-580.npy,train
ok,ok (16),./dataset/skeleton_final_v2/ok/ok (16).npy,train
thumbup,thumbup (358),./dataset/skeleton_final_v2/thumbup/thumbup (358).npy,train
scissors,scissors (380),./dataset/skeleton_final_v2/scissors/scissors (380).npy,train
thumbup,thumbup_7056,./dataset/skeleton_final_v2/thumbup/thumbup_7056.npy,train
scissors,scissors-set2 (352),./dataset/skeleton_final_v2/scissors/scissors-set2 (352).npy,train
the-finger,the-finger_7256,./dataset/skeleton_final_v2/the-finger/the-finger_7256.npy,train
thumbdown,thumbdown (151),./dataset/skeleton_final_v2/thumbdown/thumbdown (151).npy,train
paper,paper-set2 (365),./dataset/skeleton_final_v2/paper/paper-set2 (365).npy,train
paper,paper-set2 (107),./dataset/skeleton_final_v2/paper/paper-set2 (107).npy,train
the-finger,the-finger-set2 (378),./dataset/skeleton_final_v2/the-finger/the-finger-set2 (378).npy,train
the-finger,the-finger (118),./dataset/skeleton_final_v2/the-finger/the-finger (118).npy,train
thumbup,thumbup (472),./dataset/skeleton_final_v2/thumbup/thumbup (472).npy,train
paper,paper_6517,./dataset/skeleton_final_v2/paper/paper_6517.npy,train
the-finger,the-finger (24),./dataset/skeleton_final_v2/the-finger/the-finger (24).npy,train
the-finger,the-finger-set2 (207),./dataset/skeleton_final_v2/the-finger/the-finger-set2 (207).npy,train
ok,ok_Set2_ (294),./dataset/skeleton_final_v2/ok/ok_Set2_ (294).npy,train
ok,ok (90),./dataset/skeleton_final_v2/ok/ok (90).npy,train
ok,ok_2888,./dataset/skeleton_final_v2/ok/ok_2888.npy,train
ok,ok_6183,./dataset/skeleton_final_v2/ok/ok_6183.npy,train
thumbup,hand-10-1990,./dataset/skeleton_final_v2/thumbup/hand-10-1990.npy,train
ok,ok_4969,./dataset/skeleton_final_v2/ok/ok_4969.npy,train
paper,paper-set2 (157),./dataset/skeleton_final_v2/paper/paper-set2 (157).npy,train
thumbup,thumbup (317),./dataset/skeleton_final_v2/thumbup/thumbup (317).npy,train
scissors,scissors_6544,./dataset/skeleton_final_v2/scissors/scissors_6544.npy,train
scissors,scissors-set2 (79),./dataset/skeleton_final_v2/scissors/scissors-set2 (79).npy,train
thumbdown,thumbdown_4367,./dataset/skeleton_final_v2/thumbdown/thumbdown_4367.npy,train
ok,ok (224),./dataset/skeleton_final_v2/ok/ok (224).npy,train
thumbup,hand-7-1335,./dataset/skeleton_final_v2/thumbup/hand-7-1335.npy,train
ok,ok_Set2_ (473),./dataset/skeleton_final_v2/ok/ok_Set2_ (473).npy,train
scissors,scissors-set2 (537),./dataset/skeleton_final_v2/scissors/scissors-set2 (537).npy,train
ok,ok_Set2_ (207),./dataset/skeleton_final_v2/ok/ok_Set2_ (207).npy,train
scissors,scissors-set2 (386),./dataset/skeleton_final_v2/scissors/scissors-set2 (386).npy,train
ok,ok_2015,./dataset/skeleton_final_v2/ok/ok_2015.npy,train
ok,ok_Set2_ (299),./dataset/skeleton_final_v2/ok/ok_Set2_ (299).npy,train
ok,ok_1969,./dataset/skeleton_final_v2/ok/ok_1969.npy,train
the-finger,the-finger-set2 (205),./dataset/skeleton_final_v2/the-finger/the-finger-set2 (205).npy,train
ok,ok_Set2_ (133),./dataset/skeleton_final_v2/ok/ok_Set2_ (133).npy,train
thumbdown,thumbdown_3159,./dataset/skeleton_final_v2/thumbdown/thumbdown_3159.npy,train
paper,paper-set2 (468),./dataset/skeleton_final_v2/paper/paper-set2 (468).npy,train
ok,ok_6394,./dataset/skeleton_final_v2/ok/ok_6394.npy,train
scissors,scissors (403),./dataset/skeleton_final_v2/scissors/scissors (403).npy,train
paper,paper_6126,./dataset/skeleton_final_v2/paper/paper_6126.npy,train
scissors,scissors-set2 (518),./dataset/skeleton_final_v2/scissors/scissors-set2 (518).npy,train
ok,ok (73),./dataset/skeleton_final_v2/ok/ok (73).npy,train
scissors,scissors (185),./dataset/skeleton_final_v2/scissors/scissors (185).npy,train
paper,paper-set2 (14),./dataset/skeleton_final_v2/paper/paper-set2 (14).npy,train
scissors,scissors (250),./dataset/skeleton_final_v2/scissors/scissors (250).npy,train
scissors,scissors_9216,./dataset/skeleton_final_v2/scissors/scissors_9216.npy,train
thumbup,thumbup (54),./dataset/skeleton_final_v2/thumbup/thumbup (54).npy,train
ok,ok_Set2_ (388),./dataset/skeleton_final_v2/ok/ok_Set2_ (388).npy,train
paper,paper-set2 (227),./dataset/skeleton_final_v2/paper/paper-set2 (227).npy,train
ok,ok (251),./dataset/skeleton_final_v2/ok/ok (251).npy,train
rock,rock-set2 (565),./dataset/skeleton_final_v2/rock/rock-set2 (565).npy,train
ok,ok_8048,./dataset/skeleton_final_v2/ok/ok_8048.npy,train
paper,paper_7141,./dataset/skeleton_final_v2/paper/paper_7141.npy,train
scissors,scissors-set2 (439),./dataset/skeleton_final_v2/scissors/scissors-set2 (439).npy,train
thumbup,thumbup (45),./dataset/skeleton_final_v2/thumbup/thumbup (45).npy,train
paper,paper_6115,./dataset/skeleton_final_v2/paper/paper_6115.npy,train
the-finger,the-finger_243,./dataset/skeleton_final_v2/the-finger/the-finger_243.npy,train
scissors,scissors-set2 (407),./dataset/skeleton_final_v2/scissors/scissors-set2 (407).npy,train
ok,ok_7698,./dataset/skeleton_final_v2/ok/ok_7698.npy,train
paper,paper-set2 (388),./dataset/skeleton_final_v2/paper/paper-set2 (388).npy,train
scissors,scissors-set2 (180),./dataset/skeleton_final_v2/scissors/scissors-set2 (180).npy,train
thumbdown,hand-7-1565,./dataset/skeleton_final_v2/thumbdown/hand-7-1565.npy,train
paper,paper_728,./dataset/skeleton_final_v2/paper/paper_728.npy,train
ok,ok_6990,./dataset/skeleton_final_v2/ok/ok_6990.npy,train
scissors,scissors-set2 (329),./dataset/skeleton_final_v2/scissors/scissors-set2 (329).npy,train
paper,paper (227),./dataset/skeleton_final_v2/paper/paper (227).npy,train
paper,paper-set2 (458),./dataset/skeleton_final_v2/paper/paper-set2 (458).npy,train
scissors,scissors_6156,./dataset/skeleton_final_v2/scissors/scissors_6156.npy,train
paper,paper-set2 (307),./dataset/skeleton_final_v2/paper/paper-set2 (307).npy,train
ok,ok_Set2_ (208),./dataset/skeleton_final_v2/ok/ok_Set2_ (208).npy,train
thumbdown,thumbdown (259),./dataset/skeleton_final_v2/thumbdown/thumbdown (259).npy,train
scissors,scissors_5758,./dataset/skeleton_final_v2/scissors/scissors_5758.npy,train
rock,rock-set2 (211),./dataset/skeleton_final_v2/rock/rock-set2 (211).npy,train
scissors,scissors (335),./dataset/skeleton_final_v2/scissors/scissors (335).npy,train
the-finger,the-finger_6857,./dataset/skeleton_final_v2/the-finger/the-finger_6857.npy,train
thumbdown,thumbdown_187,./dataset/skeleton_final_v2/thumbdown/thumbdown_187.npy,train
thumbup,thumbup (266),./dataset/skeleton_final_v2/thumbup/thumbup (266).npy,train
scissors,scissors-set2 (296),./dataset/skeleton_final_v2/scissors/scissors-set2 (296).npy,train
paper,paper-set2 (216),./dataset/skeleton_final_v2/paper/paper-set2 (216).npy,train
thumbup,thumbup (462),./dataset/skeleton_final_v2/thumbup/thumbup (462).npy,train
ok,ok_Set2_ (152),./dataset/skeleton_final_v2/ok/ok_Set2_ (152).npy,train
the-finger,the-finger-set2 (290),./dataset/skeleton_final_v2/the-finger/the-finger-set2 (290).npy,train
ok,ok_2704,./dataset/skeleton_final_v2/ok/ok_2704.npy,train
ok,ok_3974,./dataset/skeleton_final_v2/ok/ok_3974.npy,train
scissors,scissors_6366,./dataset/skeleton_final_v2/scissors/scissors_6366.npy,train
the-finger,the-finger_7832,./dataset/skeleton_final_v2/the-finger/the-finger_7832.npy,train
the-finger,the-finger-set2 (370),./dataset/skeleton_final_v2/the-finger/the-finger-set2 (370).npy,train
paper,paper-set2 (357),./dataset/skeleton_final_v2/paper/paper-set2 (357).npy,train
the-finger,the-finger (87),./dataset/skeleton_final_v2/the-finger/the-finger (87).npy,train
paper,paper_2438,./dataset/skeleton_final_v2/paper/paper_2438.npy,train
thumbdown,thumbdown_5309,./dataset/skeleton_final_v2/thumbdown/thumbdown_5309.npy,train
paper,paper_6714,./dataset/skeleton_final_v2/paper/paper_6714.npy,train
thumbdown,thumbdown (49),./dataset/skeleton_final_v2/thumbdown/thumbdown (49).npy,train
the-finger,the-finger_6300,./dataset/skeleton_final_v2/the-finger/the-finger_6300.npy,train
paper,paper-set2 (67),./dataset/skeleton_final_v2/paper/paper-set2 (67).npy,train
scissors,scissors-set2 (375),./dataset/skeleton_final_v2/scissors/scissors-set2 (375).npy,train
the-finger,the-finger-set2 (400),./dataset/skeleton_final_v2/the-finger/the-finger-set2 (400).npy,train
thumbup,thumbup (351),./dataset/skeleton_final_v2/thumbup/thumbup (351).npy,train
the-finger,the-finger (78),./dataset/skeleton_final_v2/the-finger/the-finger (78).npy,train
scissors,scissors-set2 (470),./dataset/skeleton_final_v2/scissors/scissors-set2 (470).npy,train
ok,ok (25),./dataset/skeleton_final_v2/ok/ok (25).npy,train
thumbdown,thumbdown (18),./dataset/skeleton_final_v2/thumbdown/thumbdown (18).npy,train
the-finger,the-finger_232,./dataset/skeleton_final_v2/the-finger/the-finger_232.npy,train
thumbdown,thumbdown (244),./dataset/skeleton_final_v2/thumbdown/thumbdown (244).npy,train
ok,ok_2765,./dataset/skeleton_final_v2/ok/ok_2765.npy,train
the-finger,the-finger_881,./dataset/skeleton_final_v2/the-finger/the-finger_881.npy,train
ok,ok_Set2_ (343),./dataset/skeleton_final_v2/ok/ok_Set2_ (343).npy,train
rock,rock-set2 (8),./dataset/skeleton_final_v2/rock/rock-set2 (8).npy,train
the-finger,the-finger_2248,./dataset/skeleton_final_v2/the-finger/the-finger_2248.npy,train
thumbup,thumbup (326),./dataset/skeleton_final_v2/thumbup/thumbup (326).npy,train
paper,paper-set2 (494),./dataset/skeleton_final_v2/paper/paper-set2 (494).npy,train
thumbup,thumbup (482),./dataset/skeleton_final_v2/thumbup/thumbup (482).npy,train
thumbdown,thumbdown_6818,./dataset/skeleton_final_v2/thumbdown/thumbdown_6818.npy,train
paper,paper-set2 (487),./dataset/skeleton_final_v2/paper/paper-set2 (487).npy,train
thumbdown,thumbdown_7782,./dataset/skeleton_final_v2/thumbdown/thumbdown_7782.npy,train
thumbup,thumbup (90),./dataset/skeleton_final_v2/thumbup/thumbup (90).npy,train
thumbup,thumbup_7215,./dataset/skeleton_final_v2/thumbup/thumbup_7215.npy,train
paper,paper-set2 (12),./dataset/skeleton_final_v2/paper/paper-set2 (12).npy,train
thumbup,thumbup_7732,./dataset/skeleton_final_v2/thumbup/thumbup_7732.npy,train
ok,ok (7),./dataset/skeleton_final_v2/ok/ok (7).npy,train
thumbup,hand-7-1490,./dataset/skeleton_final_v2/thumbup/hand-7-1490.npy,train
ok,ok_7704,./dataset/skeleton_final_v2/ok/ok_7704.npy,train
scissors,scissors (67),./dataset/skeleton_final_v2/scissors/scissors (67).npy,train
paper,paper (65),./dataset/skeleton_final_v2/paper/paper (65).npy,train
scissors,scissors-set2 (650),./dataset/skeleton_final_v2/scissors/scissors-set2 (650).npy,train
rock,rock-set2 (169),./dataset/skeleton_final_v2/rock/rock-set2 (169).npy,train
the-finger,the-finger_6661,./dataset/skeleton_final_v2/the-finger/the-finger_6661.npy,train
thumbup,thumbup (359),./dataset/skeleton_final_v2/thumbup/thumbup (359).npy,train
thumbup,thumbup_5804,./dataset/skeleton_final_v2/thumbup/thumbup_5804.npy,train
ok,ok_6584,./dataset/skeleton_final_v2/ok/ok_6584.npy,train
the-finger,the-finger_6286,./dataset/skeleton_final_v2/the-finger/the-finger_6286.npy,train
ok,ok_Set2_ (291),./dataset/skeleton_final_v2/ok/ok_Set2_ (291).npy,train
thumbdown,thumbdown_5595,./dataset/skeleton_final_v2/thumbdown/thumbdown_5595.npy,train
scissors,scissors-set2 (127),./dataset/skeleton_final_v2/scissors/scissors-set2 (127).npy,train
ok,ok_Set2_ (384),./dataset/skeleton_final_v2/ok/ok_Set2_ (384).npy,train
paper,paper_2554,./dataset/skeleton_final_v2/paper/paper_2554.npy,train
thumbdown,thumbdown (256),./dataset/skeleton_final_v2/thumbdown/thumbdown (256).npy,train
scissors,scissors-set2 (203),./dataset/skeleton_final_v2/scissors/scissors-set2 (203).npy,train
thumbdown,thumbdown_7438,./dataset/skeleton_final_v2/thumbdown/thumbdown_7438.npy,train
the-finger,the-finger_8350,./dataset/skeleton_final_v2/the-finger/the-finger_8350.npy,train
ok,ok (209),./dataset/skeleton_final_v2/ok/ok (209).npy,train
paper,paper_5894,./dataset/skeleton_final_v2/paper/paper_5894.npy,train
thumbdown,hand-7-1645,./dataset/skeleton_final_v2/thumbdown/hand-7-1645.npy,train
paper,paper_1007,./dataset/skeleton_final_v2/paper/paper_1007.npy,train
thumbup,hand-7-1475,./dataset/skeleton_final_v2/thumbup/hand-7-1475.npy,train
paper,paper_4605,./dataset/skeleton_final_v2/paper/paper_4605.npy,train
paper,paper-set2 (217),./dataset/skeleton_final_v2/paper/paper-set2 (217).npy,train
scissors,scissors (52),./dataset/skeleton_final_v2/scissors/scissors (52).npy,train
rock,rock-set2 (288),./dataset/skeleton_final_v2/rock/rock-set2 (288).npy,train
scissors,scissors-set2 (525),./dataset/skeleton_final_v2/scissors/scissors-set2 (525).npy,train
scissors,scissors_9218,./dataset/skeleton_final_v2/scissors/scissors_9218.npy,train
scissors,scissors-set2 (421),./dataset/skeleton_final_v2/scissors/scissors-set2 (421).npy,train
thumbup,thumbup (80),./dataset/skeleton_final_v2/thumbup/thumbup (80).npy,train
the-finger,the-finger-set2 (275),./dataset/skeleton_final_v2/the-finger/the-finger-set2 (275).npy,train
rock,rock_15,./dataset/skeleton_final_v2/rock/rock_15.npy,train
thumbdown,thumbdown_6054,./dataset/skeleton_final_v2/thumbdown/thumbdown_6054.npy,train
ok,ok_6186,./dataset/skeleton_final_v2/ok/ok_6186.npy,train
paper,paper-set2 (323),./dataset/skeleton_final_v2/paper/paper-set2 (323).npy,train
thumbdown,thumbdown_6823,./dataset/skeleton_final_v2/thumbdown/thumbdown_6823.npy,train
ok,ok_6752,./dataset/skeleton_final_v2/ok/ok_6752.npy,train
paper,paper-set2 (260),./dataset/skeleton_final_v2/paper/paper-set2 (260).npy,train
scissors,scissors (270),./dataset/skeleton_final_v2/scissors/scissors (270).npy,train
thumbup,thumbup_7034,./dataset/skeleton_final_v2/thumbup/thumbup_7034.npy,train
thumbdown,thumbdown (204),./dataset/skeleton_final_v2/thumbdown/thumbdown (204).npy,train
ok,ok_2857,./dataset/skeleton_final_v2/ok/ok_2857.npy,train
the-finger,the-finger_5855,./dataset/skeleton_final_v2/the-finger/the-finger_5855.npy,train
ok,ok_Set2_ (493),./dataset/skeleton_final_v2/ok/ok_Set2_ (493).npy,train
ok,ok_Set2_ (269),./dataset/skeleton_final_v2/ok/ok_Set2_ (269).npy,train
the-finger,the-finger_7490,./dataset/skeleton_final_v2/the-finger/the-finger_7490.npy,train
thumbup,hand-11-2275,./dataset/skeleton_final_v2/thumbup/hand-11-2275.npy,train
thumbup,thumbup_7205,./dataset/skeleton_final_v2/thumbup/thumbup_7205.npy,train
thumbup,thumbup (72),./dataset/skeleton_final_v2/thumbup/thumbup (72).npy,train
scissors,scissors_3850,./dataset/skeleton_final_v2/scissors/scissors_3850.npy,train
thumbup,hand-9-1690,./dataset/skeleton_final_v2/thumbup/hand-9-1690.npy,train
the-finger,the-finger_606,./dataset/skeleton_final_v2/the-finger/the-finger_606.npy,train
the-finger,the-finger-set2 (332),./dataset/skeleton_final_v2/the-finger/the-finger-set2 (332).npy,train
thumbup,thumbup (255),./dataset/skeleton_final_v2/thumbup/thumbup (255).npy,train
the-finger,the-finger_8662,./dataset/skeleton_final_v2/the-finger/the-finger_8662.npy,train
the-finger,the-finger-set2 (22),./dataset/skeleton_final_v2/the-finger/the-finger-set2 (22).npy,train
scissors,scissors_7342,./dataset/skeleton_final_v2/scissors/scissors_7342.npy,train
ok,ok_Set2_ (531),./dataset/skeleton_final_v2/ok/ok_Set2_ (531).npy,train
scissors,scissors-set2 (718),./dataset/skeleton_final_v2/scissors/scissors-set2 (718).npy,train
paper,paper-set2 (126),./dataset/skeleton_final_v2/paper/paper-set2 (126).npy,train
paper,paper (297),./dataset/skeleton_final_v2/paper/paper (297).npy,train
scissors,scissors-set2 (299),./dataset/skeleton_final_v2/scissors/scissors-set2 (299).npy,train
paper,paper (262),./dataset/skeleton_final_v2/paper/paper (262).npy,train
thumbdown,thumbdown_168,./dataset/skeleton_final_v2/thumbdown/thumbdown_168.npy,train
thumbdown,thumbdown (262),./dataset/skeleton_final_v2/thumbdown/thumbdown (262).npy,train
thumbdown,hand-9-2065,./dataset/skeleton_final_v2/thumbdown/hand-9-2065.npy,train
ok,ok (42),./dataset/skeleton_final_v2/ok/ok (42).npy,train
ok,ok (153),./dataset/skeleton_final_v2/ok/ok (153).npy,train
the-finger,the-finger_1728,./dataset/skeleton_final_v2/the-finger/the-finger_1728.npy,train
thumbdown,thumbdown_4373,./dataset/skeleton_final_v2/thumbdown/thumbdown_4373.npy,train
thumbup,hand-11-2090,./dataset/skeleton_final_v2/thumbup/hand-11-2090.npy,train
paper,paper (49),./dataset/skeleton_final_v2/paper/paper (49).npy,train
the-finger,the-finger_883,./dataset/skeleton_final_v2/the-finger/the-finger_883.npy,train
the-finger,the-finger-set2 (245),./dataset/skeleton_final_v2/the-finger/the-finger-set2 (245).npy,train
rock,rock_7516,./dataset/skeleton_final_v2/rock/rock_7516.npy,train
thumbup,thumbup (40),./dataset/skeleton_final_v2/thumbup/thumbup (40).npy,train
ok,ok_Set2_ (356),./dataset/skeleton_final_v2/ok/ok_Set2_ (356).npy,train
paper,paper_3819,./dataset/skeleton_final_v2/paper/paper_3819.npy,train
the-finger,the-finger_6862,./dataset/skeleton_final_v2/the-finger/the-finger_6862.npy,train
scissors,scissors-set2 (529),./dataset/skeleton_final_v2/scissors/scissors-set2 (529).npy,train
paper,paper_5148,./dataset/skeleton_final_v2/paper/paper_5148.npy,train
ok,ok_Set2_ (252),./dataset/skeleton_final_v2/ok/ok_Set2_ (252).npy,train
the-finger,the-finger_886,./dataset/skeleton_final_v2/the-finger/the-finger_886.npy,train
ok,ok_5955,./dataset/skeleton_final_v2/ok/ok_5955.npy,train
ok,ok_Set2_ (411),./dataset/skeleton_final_v2/ok/ok_Set2_ (411).npy,train
thumbdown,thumbdown (335),./dataset/skeleton_final_v2/thumbdown/thumbdown (335).npy,train
the-finger,the-finger (92),./dataset/skeleton_final_v2/the-finger/the-finger (92).npy,train
scissors,scissors-set2 (86),./dataset/skeleton_final_v2/scissors/scissors-set2 (86).npy,train
paper,paper (281),./dataset/skeleton_final_v2/paper/paper (281).npy,train
ok,ok_5516,./dataset/skeleton_final_v2/ok/ok_5516.npy,train
scissors,scissors-set2 (400),./dataset/skeleton_final_v2/scissors/scissors-set2 (400).npy,train
thumbdown,thumbdown (229),./dataset/skeleton_final_v2/thumbdown/thumbdown (229).npy,train
ok,ok_Set2_ (450),./dataset/skeleton_final_v2/ok/ok_Set2_ (450).npy,train
scissors,scissors_3935,./dataset/skeleton_final_v2/scissors/scissors_3935.npy,train
paper,paper_6921,./dataset/skeleton_final_v2/paper/paper_6921.npy,train
thumbup,thumbup (442),./dataset/skeleton_final_v2/thumbup/thumbup (442).npy,train
ok,ok (164),./dataset/skeleton_final_v2/ok/ok (164).npy,train
paper,paper-set2 (161),./dataset/skeleton_final_v2/paper/paper-set2 (161).npy,train
scissors,scissors-set2 (412),./dataset/skeleton_final_v2/scissors/scissors-set2 (412).npy,train
paper,paper_3765,./dataset/skeleton_final_v2/paper/paper_3765.npy,train
rock,rock-set2 (467),./dataset/skeleton_final_v2/rock/rock-set2 (467).npy,train
the-finger,the-finger_7834,./dataset/skeleton_final_v2/the-finger/the-finger_7834.npy,train
thumbup,hand-7-1280,./dataset/skeleton_final_v2/thumbup/hand-7-1280.npy,train
paper,paper (201),./dataset/skeleton_final_v2/paper/paper (201).npy,train
scissors,scissors (84),./dataset/skeleton_final_v2/scissors/scissors (84).npy,train
thumbup,thumbup_4152,./dataset/skeleton_final_v2/thumbup/thumbup_4152.npy,train
the-finger,the-finger-set2 (93),./dataset/skeleton_final_v2/the-finger/the-finger-set2 (93).npy,train
thumbdown,thumbdown_4399,./dataset/skeleton_final_v2/thumbdown/thumbdown_4399.npy,train
paper,paper-set2 (47),./dataset/skeleton_final_v2/paper/paper-set2 (47).npy,train
scissors,scissors (64),./dataset/skeleton_final_v2/scissors/scissors (64).npy,train
paper,paper (215),./dataset/skeleton_final_v2/paper/paper (215).npy,train
the-finger,the-finger-set2 (138),./dataset/skeleton_final_v2/the-finger/the-finger-set2 (138).npy,train
scissors,scissors_755,./dataset/skeleton_final_v2/scissors/scissors_755.npy,train
ok,ok (105),./dataset/skeleton_final_v2/ok/ok (105).npy,train
thumbup,thumbup (478),./dataset/skeleton_final_v2/thumbup/thumbup (478).npy,train
the-finger,the-finger_8348,./dataset/skeleton_final_v2/the-finger/the-finger_8348.npy,train
the-finger,the-finger_7476,./dataset/skeleton_final_v2/the-finger/the-finger_7476.npy,train
scissors,scissors-set2 (535),./dataset/skeleton_final_v2/scissors/scissors-set2 (535).npy,train
thumbup,thumbup_9278,./dataset/skeleton_final_v2/thumbup/thumbup_9278.npy,train
scissors,scissors (490),./dataset/skeleton_final_v2/scissors/scissors (490).npy,train
thumbup,thumbup_7211,./dataset/skeleton_final_v2/thumbup/thumbup_7211.npy,train
paper,paper-set2 (464),./dataset/skeleton_final_v2/paper/paper-set2 (464).npy,train
scissors,scissors-set2 (88),./dataset/skeleton_final_v2/scissors/scissors-set2 (88).npy,train
thumbdown,hand-10-555,./dataset/skeleton_final_v2/thumbdown/hand-10-555.npy,train
scissors,scissors-set2 (628),./dataset/skeleton_final_v2/scissors/scissors-set2 (628).npy,train
ok,ok_6975,./dataset/skeleton_final_v2/ok/ok_6975.npy,train
paper,paper-set2 (328),./dataset/skeleton_final_v2/paper/paper-set2 (328).npy,train
scissors,scissors (173),./dataset/skeleton_final_v2/scissors/scissors (173).npy,train
thumbdown,thumbdown (34),./dataset/skeleton_final_v2/thumbdown/thumbdown (34).npy,train
thumbdown,thumbdown_9380,./dataset/skeleton_final_v2/thumbdown/thumbdown_9380.npy,train
ok,ok_Set2_ (361),./dataset/skeleton_final_v2/ok/ok_Set2_ (361).npy,train
ok,ok_6401,./dataset/skeleton_final_v2/ok/ok_6401.npy,train
thumbdown,thumbdown_186,./dataset/skeleton_final_v2/thumbdown/thumbdown_186.npy,train
scissors,scissors (492),./dataset/skeleton_final_v2/scissors/scissors (492).npy,train
ok,ok (118),./dataset/skeleton_final_v2/ok/ok (118).npy,train
thumbup,thumbup_1654,./dataset/skeleton_final_v2/thumbup/thumbup_1654.npy,train
thumbup,thumbup (195),./dataset/skeleton_final_v2/thumbup/thumbup (195).npy,train
scissors,scissors_7176,./dataset/skeleton_final_v2/scissors/scissors_7176.npy,train
thumbup,thumbup (348),./dataset/skeleton_final_v2/thumbup/thumbup (348).npy,train
ok,ok_Set2_ (256),./dataset/skeleton_final_v2/ok/ok_Set2_ (256).npy,train
thumbup,thumbup_8940,./dataset/skeleton_final_v2/thumbup/thumbup_8940.npy,train
the-finger,the-finger-set2 (21),./dataset/skeleton_final_v2/the-finger/the-finger-set2 (21).npy,train
scissors,scissors_7189,./dataset/skeleton_final_v2/scissors/scissors_7189.npy,train
the-finger,the-finger-set2 (322),./dataset/skeleton_final_v2/the-finger/the-finger-set2 (322).npy,train
the-finger,the-finger-set2 (323),./dataset/skeleton_final_v2/the-finger/the-finger-set2 (323).npy,train
scissors,scissors (182),./dataset/skeleton_final_v2/scissors/scissors (182).npy,train
rock,rock-set2 (600),./dataset/skeleton_final_v2/rock/rock-set2 (600).npy,train
paper,paper-set2 (482),./dataset/skeleton_final_v2/paper/paper-set2 (482).npy,train
thumbdown,thumbdown_3388,./dataset/skeleton_final_v2/thumbdown/thumbdown_3388.npy,train
ok,ok (195),./dataset/skeleton_final_v2/ok/ok (195).npy,train
scissors,scissors-set2 (495),./dataset/skeleton_final_v2/scissors/scissors-set2 (495).npy,train
the-finger,the-finger (139),./dataset/skeleton_final_v2/the-finger/the-finger (139).npy,train
scissors,scissors-set2 (419),./dataset/skeleton_final_v2/scissors/scissors-set2 (419).npy,train
scissors,scissors-set2 (347),./dataset/skeleton_final_v2/scissors/scissors-set2 (347).npy,train
scissors,scissors_6964,./dataset/skeleton_final_v2/scissors/scissors_6964.npy,train
thumbdown,thumbdown_4398,./dataset/skeleton_final_v2/thumbdown/thumbdown_4398.npy,train
scissors,scissors-set2 (499),./dataset/skeleton_final_v2/scissors/scissors-set2 (499).npy,train
ok,ok_Set2_ (537),./dataset/skeleton_final_v2/ok/ok_Set2_ (537).npy,train
scissors,scissors-set2 (279),./dataset/skeleton_final_v2/scissors/scissors-set2 (279).npy,train
scissors,scissors-set2 (360),./dataset/skeleton_final_v2/scissors/scissors-set2 (360).npy,train
thumbdown,thumbdown_5646,./dataset/skeleton_final_v2/thumbdown/thumbdown_5646.npy,train
the-finger,the-finger-set2 (104),./dataset/skeleton_final_v2/the-finger/the-finger-set2 (104).npy,train
paper,paper (36),./dataset/skeleton_final_v2/paper/paper (36).npy,train
thumbdown,thumbdown_843,./dataset/skeleton_final_v2/thumbdown/thumbdown_843.npy,train
paper,paper (234),./dataset/skeleton_final_v2/paper/paper (234).npy,train
paper,paper-set2 (363),./dataset/skeleton_final_v2/paper/paper-set2 (363).npy,train
the-finger,the-finger-set2 (198),./dataset/skeleton_final_v2/the-finger/the-finger-set2 (198).npy,train
thumbup,thumbup (41),./dataset/skeleton_final_v2/thumbup/thumbup (41).npy,train
ok,ok_Set2_ (248),./dataset/skeleton_final_v2/ok/ok_Set2_ (248).npy,train
ok,ok_5776,./dataset/skeleton_final_v2/ok/ok_5776.npy,train
scissors,scissors_2607,./dataset/skeleton_final_v2/scissors/scissors_2607.npy,train
ok,ok_Set2_ (516),./dataset/skeleton_final_v2/ok/ok_Set2_ (516).npy,train
ok,ok_Set2_ (27),./dataset/skeleton_final_v2/ok/ok_Set2_ (27).npy,train
paper,paper-set2 (48),./dataset/skeleton_final_v2/paper/paper-set2 (48).npy,train
thumbup,thumbup (237),./dataset/skeleton_final_v2/thumbup/thumbup (237).npy,train
the-finger,the-finger_5365,./dataset/skeleton_final_v2/the-finger/the-finger_5365.npy,train
paper,paper_5911,./dataset/skeleton_final_v2/paper/paper_5911.npy,train
paper,paper_1860,./dataset/skeleton_final_v2/paper/paper_1860.npy,train
the-finger,the-finger_7085,./dataset/skeleton_final_v2/the-finger/the-finger_7085.npy,train
scissors,scissors (362),./dataset/skeleton_final_v2/scissors/scissors (362).npy,train
ok,ok_Set2_ (43),./dataset/skeleton_final_v2/ok/ok_Set2_ (43).npy,train
ok,ok_6383,./dataset/skeleton_final_v2/ok/ok_6383.npy,train
the-finger,the-finger-set2 (271),./dataset/skeleton_final_v2/the-finger/the-finger-set2 (271).npy,train
scissors,scissors-set2 (461),./dataset/skeleton_final_v2/scissors/scissors-set2 (461).npy,train
scissors,scissors_6959,./dataset/skeleton_final_v2/scissors/scissors_6959.npy,train
paper,paper-set2 (168),./dataset/skeleton_final_v2/paper/paper-set2 (168).npy,train
ok,ok_Set2_ (52),./dataset/skeleton_final_v2/ok/ok_Set2_ (52).npy,train
scissors,scissors_4636,./dataset/skeleton_final_v2/scissors/scissors_4636.npy,train
paper,paper-set2 (436),./dataset/skeleton_final_v2/paper/paper-set2 (436).npy,train
ok,ok_5943,./dataset/skeleton_final_v2/ok/ok_5943.npy,train
scissors,scissors_6745,./dataset/skeleton_final_v2/scissors/scissors_6745.npy,train
ok,ok_Set2_ (226),./dataset/skeleton_final_v2/ok/ok_Set2_ (226).npy,train
scissors,scissors_2617,./dataset/skeleton_final_v2/scissors/scissors_2617.npy,train
paper,paper_2481,./dataset/skeleton_final_v2/paper/paper_2481.npy,train
scissors,scissors (151),./dataset/skeleton_final_v2/scissors/scissors (151).npy,train
thumbdown,thumbdown_3267,./dataset/skeleton_final_v2/thumbdown/thumbdown_3267.npy,train
thumbup,thumbup (333),./dataset/skeleton_final_v2/thumbup/thumbup (333).npy,train
thumbdown,thumbdown_163,./dataset/skeleton_final_v2/thumbdown/thumbdown_163.npy,train
ok,ok_2684,./dataset/skeleton_final_v2/ok/ok_2684.npy,train
thumbdown,hand-9-2070,./dataset/skeleton_final_v2/thumbdown/hand-9-2070.npy,train
thumbup,thumbup_9274,./dataset/skeleton_final_v2/thumbup/thumbup_9274.npy,train
ok,ok_Set2_ (33),./dataset/skeleton_final_v2/ok/ok_Set2_ (33).npy,train
thumbdown,hand-11-735,./dataset/skeleton_final_v2/thumbdown/hand-11-735.npy,train
thumbup,thumbup (38),./dataset/skeleton_final_v2/thumbup/thumbup (38).npy,train
the-finger,the-finger (104),./dataset/skeleton_final_v2/the-finger/the-finger (104).npy,train
paper,paper_7328,./dataset/skeleton_final_v2/paper/paper_7328.npy,train
ok,ok_Set2_ (287),./dataset/skeleton_final_v2/ok/ok_Set2_ (287).npy,train
ok,ok_Set2_ (465),./dataset/skeleton_final_v2/ok/ok_Set2_ (465).npy,train
paper,paper-set2 (257),./dataset/skeleton_final_v2/paper/paper-set2 (257).npy,train
paper,paper-set2 (294),./dataset/skeleton_final_v2/paper/paper-set2 (294).npy,train
ok,ok_Set2_ (498),./dataset/skeleton_final_v2/ok/ok_Set2_ (498).npy,train
scissors,scissors_775,./dataset/skeleton_final_v2/scissors/scissors_775.npy,train
scissors,scissors-set2 (555),./dataset/skeleton_final_v2/scissors/scissors-set2 (555).npy,train
thumbdown,hand-9-2060,./dataset/skeleton_final_v2/thumbdown/hand-9-2060.npy,train
scissors,scissors-set2 (438),./dataset/skeleton_final_v2/scissors/scissors-set2 (438).npy,train
the-finger,the-finger_8276,./dataset/skeleton_final_v2/the-finger/the-finger_8276.npy,train
paper,paper_6695,./dataset/skeleton_final_v2/paper/paper_6695.npy,train
scissors,scissors-set2 (250),./dataset/skeleton_final_v2/scissors/scissors-set2 (250).npy,train
thumbup,thumbup (49),./dataset/skeleton_final_v2/thumbup/thumbup (49).npy,train
paper,paper (48),./dataset/skeleton_final_v2/paper/paper (48).npy,train
paper,paper-set2 (501),./dataset/skeleton_final_v2/paper/paper-set2 (501).npy,train
paper,paper-set2 (39),./dataset/skeleton_final_v2/paper/paper-set2 (39).npy,train
scissors,scissors-set2 (427),./dataset/skeleton_final_v2/scissors/scissors-set2 (427).npy,train
thumbup,thumbup_2095,./dataset/skeleton_final_v2/thumbup/thumbup_2095.npy,train
paper,paper-set2 (5),./dataset/skeleton_final_v2/paper/paper-set2 (5).npy,train
thumbup,thumbup_8956,./dataset/skeleton_final_v2/thumbup/thumbup_8956.npy,train
ok,ok_6985,./dataset/skeleton_final_v2/ok/ok_6985.npy,train
thumbdown,thumbdown (165),./dataset/skeleton_final_v2/thumbdown/thumbdown (165).npy,train
scissors,scissors (183),./dataset/skeleton_final_v2/scissors/scissors (183).npy,train
scissors,scissors-set2 (277),./dataset/skeleton_final_v2/scissors/scissors-set2 (277).npy,train
scissors,scissors-set2 (719),./dataset/skeleton_final_v2/scissors/scissors-set2 (719).npy,train
scissors,scissors-set2 (110),./dataset/skeleton_final_v2/scissors/scissors-set2 (110).npy,train
paper,paper_7613,./dataset/skeleton_final_v2/paper/paper_7613.npy,train
thumbdown,thumbdown (154),./dataset/skeleton_final_v2/thumbdown/thumbdown (154).npy,train
scissors,scissors (101),./dataset/skeleton_final_v2/scissors/scissors (101).npy,train
the-finger,the-finger_6477,./dataset/skeleton_final_v2/the-finger/the-finger_6477.npy,train
thumbdown,hand-9-2055,./dataset/skeleton_final_v2/thumbdown/hand-9-2055.npy,train
ok,ok (183),./dataset/skeleton_final_v2/ok/ok (183).npy,train
paper,paper_6129,./dataset/skeleton_final_v2/paper/paper_6129.npy,train
thumbdown,thumbdown_7452,./dataset/skeleton_final_v2/thumbdown/thumbdown_7452.npy,train
ok,ok_1592,./dataset/skeleton_final_v2/ok/ok_1592.npy,train
thumbup,hand-9-1610,./dataset/skeleton_final_v2/thumbup/hand-9-1610.npy,train
thumbdown,thumbdown_3242,./dataset/skeleton_final_v2/thumbdown/thumbdown_3242.npy,train
paper,paper_3796,./dataset/skeleton_final_v2/paper/paper_3796.npy,train
thumbdown,thumbdown_6828,./dataset/skeleton_final_v2/thumbdown/thumbdown_6828.npy,train
ok,ok_1588,./dataset/skeleton_final_v2/ok/ok_1588.npy,train
thumbup,hand-10-2165,./dataset/skeleton_final_v2/thumbup/hand-10-2165.npy,train
scissors,scissors-set2 (581),./dataset/skeleton_final_v2/scissors/scissors-set2 (581).npy,train
the-finger,the-finger (100),./dataset/skeleton_final_v2/the-finger/the-finger (100).npy,train
the-finger,the-finger_6293,./dataset/skeleton_final_v2/the-finger/the-finger_6293.npy,train
scissors,scissors-set2 (536),./dataset/skeleton_final_v2/scissors/scissors-set2 (536).npy,train
scissors,scissors-set2 (651),./dataset/skeleton_final_v2/scissors/scissors-set2 (651).npy,train
scissors,scissors_2706,./dataset/skeleton_final_v2/scissors/scissors_2706.npy,train
scissors,scissors (344),./dataset/skeleton_final_v2/scissors/scissors (344).npy,train
scissors,scissors-set2 (680),./dataset/skeleton_final_v2/scissors/scissors-set2 (680).npy,train
the-finger,the-finger-set2 (26),./dataset/skeleton_final_v2/the-finger/the-finger-set2 (26).npy,train
rock,rock (111),./dataset/skeleton_final_v2/rock/rock (111).npy,train
scissors,scissors (75),./dataset/skeleton_final_v2/scissors/scissors (75).npy,train
ok,ok_Set2_ (572),./dataset/skeleton_final_v2/ok/ok_Set2_ (572).npy,train
thumbdown,thumbdown_6851,./dataset/skeleton_final_v2/thumbdown/thumbdown_6851.npy,train
ok,ok_Set2_ (126),./dataset/skeleton_final_v2/ok/ok_Set2_ (126).npy,train
thumbdown,thumbdown_8576,./dataset/skeleton_final_v2/thumbdown/thumbdown_8576.npy,train
ok,ok_Set2_ (421),./dataset/skeleton_final_v2/ok/ok_Set2_ (421).npy,train
scissors,scissors_7631,./dataset/skeleton_final_v2/scissors/scissors_7631.npy,train
scissors,scissors-set2 (298),./dataset/skeleton_final_v2/scissors/scissors-set2 (298).npy,train
thumbdown,thumbdown (222),./dataset/skeleton_final_v2/thumbdown/thumbdown (222).npy,train
paper,paper-set2 (477),./dataset/skeleton_final_v2/paper/paper-set2 (477).npy,train
scissors,scissors (115),./dataset/skeleton_final_v2/scissors/scissors (115).npy,train
ok,ok (106),./dataset/skeleton_final_v2/ok/ok (106).npy,train
the-finger,the-finger_7812,./dataset/skeleton_final_v2/the-finger/the-finger_7812.npy,train
paper,paper_3637,./dataset/skeleton_final_v2/paper/paper_3637.npy,train
ok,ok_1587,./dataset/skeleton_final_v2/ok/ok_1587.npy,train
thumbup,thumbup_2097,./dataset/skeleton_final_v2/thumbup/thumbup_2097.npy,train
ok,ok (130),./dataset/skeleton_final_v2/ok/ok (130).npy,train
ok,ok (225),./dataset/skeleton_final_v2/ok/ok (225).npy,train
ok,ok_2719,./dataset/skeleton_final_v2/ok/ok_2719.npy,train
the-finger,the-finger-set2 (259),./dataset/skeleton_final_v2/the-finger/the-finger-set2 (259).npy,train
scissors,scissors_761,./dataset/skeleton_final_v2/scissors/scissors_761.npy,train
thumbdown,thumbdown (272),./dataset/skeleton_final_v2/thumbdown/thumbdown (272).npy,train
paper,paper_3720,./dataset/skeleton_final_v2/paper/paper_3720.npy,train
thumbup,hand-9-1700,./dataset/skeleton_final_v2/thumbup/hand-9-1700.npy,train
the-finger,the-finger_8656,./dataset/skeleton_final_v2/the-finger/the-finger_8656.npy,train
scissors,scissors_436,./dataset/skeleton_final_v2/scissors/scissors_436.npy,train
thumbdown,thumbdown_6253,./dataset/skeleton_final_v2/thumbdown/thumbdown_6253.npy,train
thumbup,thumbup (139),./dataset/skeleton_final_v2/thumbup/thumbup (139).npy,train
thumbdown,thumbdown (62),./dataset/skeleton_final_v2/thumbdown/thumbdown (62).npy,train
paper,paper-set2 (442),./dataset/skeleton_final_v2/paper/paper-set2 (442).npy,train
scissors,scissors-set2 (571),./dataset/skeleton_final_v2/scissors/scissors-set2 (571).npy,train
scissors,scissors-set2 (503),./dataset/skeleton_final_v2/scissors/scissors-set2 (503).npy,train
scissors,scissors (49),./dataset/skeleton_final_v2/scissors/scissors (49).npy,train
scissors,scissors-set2 (397),./dataset/skeleton_final_v2/scissors/scissors-set2 (397).npy,val
thumbdown,thumbdown (82),./dataset/skeleton_final_v2/thumbdown/thumbdown (82).npy,val
ok,ok_Set2_ (228),./dataset/skeleton_final_v2/ok/ok_Set2_ (228).npy,val
thumbdown,thumbdown (61),./dataset/skeleton_final_v2/thumbdown/thumbdown (61).npy,val
ok,ok_9244,./dataset/skeleton_final_v2/ok/ok_9244.npy,val
thumbup,thumbup (220),./dataset/skeleton_final_v2/thumbup/thumbup (220).npy,val
scissors,scissors_4611,./dataset/skeleton_final_v2/scissors/scissors_4611.npy,val
paper,paper-set2 (246),./dataset/skeleton_final_v2/paper/paper-set2 (246).npy,val
thumbup,thumbup_6786,./dataset/skeleton_final_v2/thumbup/thumbup_6786.npy,val
the-finger,the-finger (44),./dataset/skeleton_final_v2/the-finger/the-finger (44).npy,val
paper,paper-set2 (106),./dataset/skeleton_final_v2/paper/paper-set2 (106).npy,val
paper,paper-set2 (496),./dataset/skeleton_final_v2/paper/paper-set2 (496).npy,val
ok,ok_Set2_ (348),./dataset/skeleton_final_v2/ok/ok_Set2_ (348).npy,val
paper,paper-set2 (368),./dataset/skeleton_final_v2/paper/paper-set2 (368).npy,val
scissors,scissors-set2 (549),./dataset/skeleton_final_v2/scissors/scissors-set2 (549).npy,val
thumbup,thumbup (1),./dataset/skeleton_final_v2/thumbup/thumbup (1).npy,val
thumbdown,hand-7-1555,./dataset/skeleton_final_v2/thumbdown/hand-7-1555.npy,val
ok,ok (8),./dataset/skeleton_final_v2/ok/ok (8).npy,val
rock,rock_8700,./dataset/skeleton_final_v2/rock/rock_8700.npy,val
thumbdown,thumbdown_4454,./dataset/skeleton_final_v2/thumbdown/thumbdown_4454.npy,val
scissors,scissors-set2 (740),./dataset/skeleton_final_v2/scissors/scissors-set2 (740).npy,val
paper,paper_9128,./dataset/skeleton_final_v2/paper/paper_9128.npy,val
paper,paper-set2 (175),./dataset/skeleton_final_v2/paper/paper-set2 (175).npy,val
paper,paper_6349,./dataset/skeleton_final_v2/paper/paper_6349.npy,val
the-finger,the-finger_3450,./dataset/skeleton_final_v2/the-finger/the-finger_3450.npy,val
paper,paper-set2 (31),./dataset/skeleton_final_v2/paper/paper-set2 (31).npy,val
thumbup,thumbup (81),./dataset/skeleton_final_v2/thumbup/thumbup (81).npy,val
the-finger,the-finger-set2 (257),./dataset/skeleton_final_v2/the-finger/the-finger-set2 (257).npy,val
scissors,scissors-set2 (582),./dataset/skeleton_final_v2/scissors/scissors-set2 (582).npy,val
thumbdown,thumbdown (249),./dataset/skeleton_final_v2/thumbdown/thumbdown (249).npy,val
scissors,scissors_6147,./dataset/skeleton_final_v2/scissors/scissors_6147.npy,val
thumbup,thumbup_6221,./dataset/skeleton_final_v2/thumbup/thumbup_6221.npy,val
the-finger,the-finger_6879,./dataset/skeleton_final_v2/the-finger/the-finger_6879.npy,val
thumbup,hand-7-1385,./dataset/skeleton_final_v2/thumbup/hand-7-1385.npy,val
thumbdown,thumbdown_3406,./dataset/skeleton_final_v2/thumbdown/thumbdown_3406.npy,val
scissors,scissors_1887,./dataset/skeleton_final_v2/scissors/scissors_1887.npy,val
ok,ok_Set2_ (553),./dataset/skeleton_final_v2/ok/ok_Set2_ (553).npy,val
paper,paper_6130,./dataset/skeleton_final_v2/paper/paper_6130.npy,val
paper,paper_7151,./dataset/skeleton_final_v2/paper/paper_7151.npy,val
paper,paper-set2 (62),./dataset/skeleton_final_v2/paper/paper-set2 (62).npy,val
rock,rock_6887,./dataset/skeleton_final_v2/rock/rock_6887.npy,val
ok,ok_Set2_ (483),./dataset/skeleton_final_v2/ok/ok_Set2_ (483).npy,val
scissors,scissors_5757,./dataset/skeleton_final_v2/scissors/scissors_5757.npy,val
rock,rock-set2 (167),./dataset/skeleton_final_v2/rock/rock-set2 (167).npy,val
scissors,scissors (466),./dataset/skeleton_final_v2/scissors/scissors (466).npy,val
ok,ok (75),./dataset/skeleton_final_v2/ok/ok (75).npy,val
the-finger,the-finger (131),./dataset/skeleton_final_v2/the-finger/the-finger (131).npy,val
rock,rock-set2 (568),./dataset/skeleton_final_v2/rock/rock-set2 (568).npy,val
thumbup,hand-10-1975,./dataset/skeleton_final_v2/thumbup/hand-10-1975.npy,val
scissors,scissors (360),./dataset/skeleton_final_v2/scissors/scissors (360).npy,val
the-finger,the-finger-set2 (424),./dataset/skeleton_final_v2/the-finger/the-finger-set2 (424).npy,val
thumbup,thumbup (196),./dataset/skeleton_final_v2/thumbup/thumbup (196).npy,val
thumbup,thumbup (486),./dataset/skeleton_final_v2/thumbup/thumbup (486).npy,val
ok,ok_Set2_ (286),./dataset/skeleton_final_v2/ok/ok_Set2_ (286).npy,val
thumbup,hand-7-1480,./dataset/skeleton_final_v2/thumbup/hand-7-1480.npy,val
ok,ok_91,./dataset/skeleton_final_v2/ok/ok_91.npy,val
scissors,scissors_7181,./dataset/skeleton_final_v2/scissors/scissors_7181.npy,val
paper,paper_739,./dataset/skeleton_final_v2/paper/paper_739.npy,val
scissors,scissors (485),./dataset/skeleton_final_v2/scissors/scissors (485).npy,val
scissors,scissors_6169,./dataset/skeleton_final_v2/scissors/scissors_6169.npy,val
thumbup,thumbup (68),./dataset/skeleton_final_v2/thumbup/thumbup (68).npy,val
thumbup,thumbup (200),./dataset/skeleton_final_v2/thumbup/thumbup (200).npy,val
thumbdown,thumbdown_4460,./dataset/skeleton_final_v2/thumbdown/thumbdown_4460.npy,val
thumbup,thumbup_6765,./dataset/skeleton_final_v2/thumbup/thumbup_6765.npy,val
paper,paper_3657,./dataset/skeleton_final_v2/paper/paper_3657.npy,val
scissors,scissors-set2 (607),./dataset/skeleton_final_v2/scissors/scissors-set2 (607).npy,val
rock,rock-set2 (171),./dataset/skeleton_final_v2/rock/rock-set2 (171).npy,val
scissors,scissors-set2 (404),./dataset/skeleton_final_v2/scissors/scissors-set2 (404).npy,val
thumbup,thumbup_4136,./dataset/skeleton_final_v2/thumbup/thumbup_4136.npy,val
thumbup,thumbup_7047,./dataset/skeleton_final_v2/thumbup/thumbup_7047.npy,val
paper,paper_5130,./dataset/skeleton_final_v2/paper/paper_5130.npy,val
thumbdown,thumbdown (160),./dataset/skeleton_final_v2/thumbdown/thumbdown (160).npy,val
scissors,scissors-set2 (387),./dataset/skeleton_final_v2/scissors/scissors-set2 (387).npy,val
scissors,scissors (471),./dataset/skeleton_final_v2/scissors/scissors (471).npy,val
paper,paper-set2 (64),./dataset/skeleton_final_v2/paper/paper-set2 (64).npy,val
scissors,scissors-set2 (239),./dataset/skeleton_final_v2/scissors/scissors-set2 (239).npy,val
paper,paper-set2 (245),./dataset/skeleton_final_v2/paper/paper-set2 (245).npy,val
the-finger,the-finger_6878,./dataset/skeleton_final_v2/the-finger/the-finger_6878.npy,val
paper,paper-set2 (471),./dataset/skeleton_final_v2/paper/paper-set2 (471).npy,val
paper,paper_9140,./dataset/skeleton_final_v2/paper/paper_9140.npy,val
ok,ok_2013,./dataset/skeleton_final_v2/ok/ok_2013.npy,val
ok,ok_787,./dataset/skeleton_final_v2/ok/ok_787.npy,val
thumbdown,thumbdown (103),./dataset/skeleton_final_v2/thumbdown/thumbdown (103).npy,val
ok,ok_5277,./dataset/skeleton_final_v2/ok/ok_5277.npy,val
scissors,scissors-set2 (646),./dataset/skeleton_final_v2/scissors/scissors-set2 (646).npy,val
ok,ok_Set2_ (496),./dataset/skeleton_final_v2/ok/ok_Set2_ (496).npy,val
the-finger,the-finger-set2 (202),./dataset/skeleton_final_v2/the-finger/the-finger-set2 (202).npy,val
thumbup,thumbup (11),./dataset/skeleton_final_v2/thumbup/thumbup (11).npy,val
paper,paper (165),./dataset/skeleton_final_v2/paper/paper (165).npy,val
scissors,scissors-set2 (312),./dataset/skeleton_final_v2/scissors/scissors-set2 (312).npy,val
the-finger,the-finger_7838,./dataset/skeleton_final_v2/the-finger/the-finger_7838.npy,val
paper,paper_6336,./dataset/skeleton_final_v2/paper/paper_6336.npy,val
scissors,scissors (312),./dataset/skeleton_final_v2/scissors/scissors (312).npy,val
scissors,scissors_8808,./dataset/skeleton_final_v2/scissors/scissors_8808.npy,val
the-finger,the-finger-set2 (294),./dataset/skeleton_final_v2/the-finger/the-finger-set2 (294).npy,val
the-finger,the-finger-set2 (103),./dataset/skeleton_final_v2/the-finger/the-finger-set2 (103).npy,val
the-finger,the-finger (82),./dataset/skeleton_final_v2/the-finger/the-finger (82).npy,val
thumbup,hand-7-1415,./dataset/skeleton_final_v2/thumbup/hand-7-1415.npy,val
scissors,scissors-set2 (543),./dataset/skeleton_final_v2/scissors/scissors-set2 (543).npy,val
ok,ok_804,./dataset/skeleton_final_v2/ok/ok_804.npy,val
scissors,scissors_1073,./dataset/skeleton_final_v2/scissors/scissors_1073.npy,val
paper,paper_1830,./dataset/skeleton_final_v2/paper/paper_1830.npy,val
the-finger,the-finger-set2 (393),./dataset/skeleton_final_v2/the-finger/the-finger-set2 (393).npy,val
scissors,scissors-set2 (221),./dataset/skeleton_final_v2/scissors/scissors-set2 (221).npy,val
thumbup,thumbup (97),./dataset/skeleton_final_v2/thumbup/thumbup (97).npy,val
scissors,scissors-set2 (686),./dataset/skeleton_final_v2/scissors/scissors-set2 (686).npy,val
scissors,scissors-set2 (285),./dataset/skeleton_final_v2/scissors/scissors-set2 (285).npy,val
scissors,scissors-set2 (235),./dataset/skeleton_final_v2/scissors/scissors-set2 (235).npy,val
thumbup,thumbup_7055,./dataset/skeleton_final_v2/thumbup/thumbup_7055.npy,val
thumbdown,thumbdown_5353,./dataset/skeleton_final_v2/thumbdown/thumbdown_5353.npy,val
thumbdown,hand-7-1550,./dataset/skeleton_final_v2/thumbdown/hand-7-1550.npy,val
ok,ok_Set2_ (543),./dataset/skeleton_final_v2/ok/ok_Set2_ (543).npy,val
paper,paper (39),./dataset/skeleton_final_v2/paper/paper (39).npy,val
the-finger,the-finger-set2 (215),./dataset/skeleton_final_v2/the-finger/the-finger-set2 (215).npy,val
thumbdown,thumbdown (184),./dataset/skeleton_final_v2/thumbdown/thumbdown (184).npy,val
the-finger,the-finger_3525,./dataset/skeleton_final_v2/the-finger/the-finger_3525.npy,val
thumbup,hand-9-1765,./dataset/skeleton_final_v2/thumbup/hand-9-1765.npy,val
ok,ok_Set2_ (548),./dataset/skeleton_final_v2/ok/ok_Set2_ (548).npy,val
the-finger,the-finger_7494,./dataset/skeleton_final_v2/the-finger/the-finger_7494.npy,val
ok,ok_6189,./dataset/skeleton_final_v2/ok/ok_6189.npy,val
scissors,scissors-set2 (700),./dataset/skeleton_final_v2/scissors/scissors-set2 (700).npy,val
the-finger,the-finger-set2 (359),./dataset/skeleton_final_v2/the-finger/the-finger-set2 (359).npy,val
paper,paper-set2 (215),./dataset/skeleton_final_v2/paper/paper-set2 (215).npy,val
paper,paper_7162,./dataset/skeleton_final_v2/paper/paper_7162.npy,val
scissors,scissors-set2 (736),./dataset/skeleton_final_v2/scissors/scissors-set2 (736).npy,val
scissors,scissors (146),./dataset/skeleton_final_v2/scissors/scissors (146).npy,val
ok,ok_2674,./dataset/skeleton_final_v2/ok/ok_2674.npy,val
thumbdown,thumbdown (126),./dataset/skeleton_final_v2/thumbdown/thumbdown (126).npy,val
scissors,scissors (456),./dataset/skeleton_final_v2/scissors/scissors (456).npy,val
thumbup,thumbup (250),./dataset/skeleton_final_v2/thumbup/thumbup (250).npy,val
thumbup,thumbup (455),./dataset/skeleton_final_v2/thumbup/thumbup (455).npy,val
thumbdown,thumbdown (226),./dataset/skeleton_final_v2/thumbdown/thumbdown (226).npy,val
rock,rock-set2 (360),./dataset/skeleton_final_v2/rock/rock-set2 (360).npy,val
thumbup,hand-7-1455,./dataset/skeleton_final_v2/thumbup/hand-7-1455.npy,val
paper,paper-set2 (78),./dataset/skeleton_final_v2/paper/paper-set2 (78).npy,val
scissors,scissors_7647,./dataset/skeleton_final_v2/scissors/scissors_7647.npy,val
paper,paper_5729,./dataset/skeleton_final_v2/paper/paper_5729.npy,val
paper,paper_376,./dataset/skeleton_final_v2/paper/paper_376.npy,val
ok,ok_2949,./dataset/skeleton_final_v2/ok/ok_2949.npy,val
ok,ok_2845,./dataset/skeleton_final_v2/ok/ok_2845.npy,val
paper,paper (46),./dataset/skeleton_final_v2/paper/paper (46).npy,val
ok,ok_Set2_ (275),./dataset/skeleton_final_v2/ok/ok_Set2_ (275).npy,val
ok,ok_6182,./dataset/skeleton_final_v2/ok/ok_6182.npy,val
thumbup,hand-8-3435,./dataset/skeleton_final_v2/thumbup/hand-8-3435.npy,val
ok,ok_2869,./dataset/skeleton_final_v2/ok/ok_2869.npy,val
thumbup,thumbup_7059,./dataset/skeleton_final_v2/thumbup/thumbup_7059.npy,val
thumbdown,thumbdown_7237,./dataset/skeleton_final_v2/thumbdown/thumbdown_7237.npy,val
thumbdown,thumbdown_5568,./dataset/skeleton_final_v2/thumbdown/thumbdown_5568.npy,val
ok,ok_Set2_ (571),./dataset/skeleton_final_v2/ok/ok_Set2_ (571).npy,val
thumbdown,thumbdown_4408,./dataset/skeleton_final_v2/thumbdown/thumbdown_4408.npy,val
paper,paper_735,./dataset/skeleton_final_v2/paper/paper_735.npy,val
paper,paper_5898,./dataset/skeleton_final_v2/paper/paper_5898.npy,val
thumbup,thumbup_9332,./dataset/skeleton_final_v2/thumbup/thumbup_9332.npy,val
paper,paper_2536,./dataset/skeleton_final_v2/paper/paper_2536.npy,val
paper,paper_2527,./dataset/skeleton_final_v2/paper/paper_2527.npy,val
the-finger,the-finger_8356,./dataset/skeleton_final_v2/the-finger/the-finger_8356.npy,val
ok,ok (140),./dataset/skeleton_final_v2/ok/ok (140).npy,val
thumbup,thumbup (149),./dataset/skeleton_final_v2/thumbup/thumbup (149).npy,val
the-finger,the-finger-set2 (301),./dataset/skeleton_final_v2/the-finger/the-finger-set2 (301).npy,val
scissors,scissors-set2 (682),./dataset/skeleton_final_v2/scissors/scissors-set2 (682).npy,val
ok,ok_Set2_ (185),./dataset/skeleton_final_v2/ok/ok_Set2_ (185).npy,val
paper,paper-set2 (438),./dataset/skeleton_final_v2/paper/paper-set2 (438).npy,val
paper,paper-set2 (393),./dataset/skeleton_final_v2/paper/paper-set2 (393).npy,val
paper,paper-set2 (353),./dataset/skeleton_final_v2/paper/paper-set2 (353).npy,val
rock,rock-set2 (160),./dataset/skeleton_final_v2/rock/rock-set2 (160).npy,val
paper,paper_30,./dataset/skeleton_final_v2/paper/paper_30.npy,val
thumbup,thumbup (372),./dataset/skeleton_final_v2/thumbup/thumbup (372).npy,val
paper,paper_9160,./dataset/skeleton_final_v2/paper/paper_9160.npy,val
rock,rock-set2 (152),./dataset/skeleton_final_v2/rock/rock-set2 (152).npy,val
thumbup,hand-9-1705,./dataset/skeleton_final_v2/thumbup/hand-9-1705.npy,val
thumbup,hand-9-1580,./dataset/skeleton_final_v2/thumbup/hand-9-1580.npy,val
the-finger,the-finger-set2 (232),./dataset/skeleton_final_v2/the-finger/the-finger-set2 (232).npy,val
ok,ok_Set2_ (136),./dataset/skeleton_final_v2/ok/ok_Set2_ (136).npy,val
paper,paper (3),./dataset/skeleton_final_v2/paper/paper (3).npy,val
thumbup,thumbup_4186,./dataset/skeleton_final_v2/thumbup/thumbup_4186.npy,val
ok,ok_Set2_ (72),./dataset/skeleton_final_v2/ok/ok_Set2_ (72).npy,val
thumbdown,thumbdown (50),./dataset/skeleton_final_v2/thumbdown/thumbdown (50).npy,val
scissors,scissors-set2 (125),./dataset/skeleton_final_v2/scissors/scissors-set2 (125).npy,val
thumbdown,thumbdown_4476,./dataset/skeleton_final_v2/thumbdown/thumbdown_4476.npy,val
the-finger,the-finger_5861,./dataset/skeleton_final_v2/the-finger/the-finger_5861.npy,val
paper,paper (192),./dataset/skeleton_final_v2/paper/paper (192).npy,val
ok,ok_Set2_ (541),./dataset/skeleton_final_v2/ok/ok_Set2_ (541).npy,val
thumbup,hand-11-2290,./dataset/skeleton_final_v2/thumbup/hand-11-2290.npy,val
paper,paper_6354,./dataset/skeleton_final_v2/paper/paper_6354.npy,val
scissors,scissors (326),./dataset/skeleton_final_v2/scissors/scissors (326).npy,val
ok,ok (155),./dataset/skeleton_final_v2/ok/ok (155).npy,val
paper,paper_746,./dataset/skeleton_final_v2/paper/paper_746.npy,val
thumbup,thumbup (50),./dataset/skeleton_final_v2/thumbup/thumbup (50).npy,val
the-finger,the-finger (83),./dataset/skeleton_final_v2/the-finger/the-finger (83).npy,val
the-finger,the-finger_6298,./dataset/skeleton_final_v2/the-finger/the-finger_6298.npy,val
thumbdown,thumbdown_182,./dataset/skeleton_final_v2/thumbdown/thumbdown_182.npy,val
rock,rock-set2 (598),./dataset/skeleton_final_v2/rock/rock-set2 (598).npy,val
scissors,scissors_3899,./dataset/skeleton_final_v2/scissors/scissors_3899.npy,val
thumbdown,thumbdown (291),./dataset/skeleton_final_v2/thumbdown/thumbdown (291).npy,val
scissors,scissors_5743,./dataset/skeleton_final_v2/scissors/scissors_5743.npy,val
scissors,scissors_7353,./dataset/skeleton_final_v2/scissors/scissors_7353.npy,val
thumbdown,thumbdown (334),./dataset/skeleton_final_v2/thumbdown/thumbdown (334).npy,val
paper,paper-set2 (22),./dataset/skeleton_final_v2/paper/paper-set2 (22).npy,val
scissors,scissors-set2 (258),./dataset/skeleton_final_v2/scissors/scissors-set2 (258).npy,val
scissors,scissors (400),./dataset/skeleton_final_v2/scissors/scissors (400).npy,val
thumbup,thumbup (267),./dataset/skeleton_final_v2/thumbup/thumbup (267).npy,val
thumbup,thumbup (429),./dataset/skeleton_final_v2/thumbup/thumbup (429).npy,val
scissors,scissors-set2 (433),./dataset/skeleton_final_v2/scissors/scissors-set2 (433).npy,val
scissors,scissors-set2 (468),./dataset/skeleton_final_v2/scissors/scissors-set2 (468).npy,val
scissors,scissors-set2 (530),./dataset/skeleton_final_v2/scissors/scissors-set2 (530).npy,val
paper,paper_1005,./dataset/skeleton_final_v2/paper/paper_1005.npy,val
thumbup,thumbup_1686,./dataset/skeleton_final_v2/thumbup/thumbup_1686.npy,val
the-finger,the-finger-set2 (336),./dataset/skeleton_final_v2/the-finger/the-finger-set2 (336).npy,val
thumbdown,thumbdown_5834,./dataset/skeleton_final_v2/thumbdown/thumbdown_5834.npy,val
thumbdown,thumbdown (78),./dataset/skeleton_final_v2/thumbdown/thumbdown (78).npy,val
scissors,scissors_6361,./dataset/skeleton_final_v2/scissors/scissors_6361.npy,val
rock,rock-set2 (147),./dataset/skeleton_final_v2/rock/rock-set2 (147).npy,val
thumbdown,thumbdown_854,./dataset/skeleton_final_v2/thumbdown/thumbdown_854.npy,val
paper,paper_7607,./dataset/skeleton_final_v2/paper/paper_7607.npy,val
ok,ok_Set2_ (74),./dataset/skeleton_final_v2/ok/ok_Set2_ (74).npy,val
thumbup,thumbup (406),./dataset/skeleton_final_v2/thumbup/thumbup (406).npy,val
scissors,scissors_8786,./dataset/skeleton_final_v2/scissors/scissors_8786.npy,val
paper,paper_370,./dataset/skeleton_final_v2/paper/paper_370.npy,val
scissors,scissors_2746,./dataset/skeleton_final_v2/scissors/scissors_2746.npy,val
ok,ok_Set2_ (42),./dataset/skeleton_final_v2/ok/ok_Set2_ (42).npy,val
thumbdown,thumbdown (146),./dataset/skeleton_final_v2/thumbdown/thumbdown (146).npy,val
ok,ok_Set2_ (10),./dataset/skeleton_final_v2/ok/ok_Set2_ (10).npy,val
thumbdown,thumbdown_3250,./dataset/skeleton_final_v2/thumbdown/thumbdown_3250.npy,val
rock,rock-set2 (338),./dataset/skeleton_final_v2/rock/rock-set2 (338).npy,val
the-finger,the-finger_5364,./dataset/skeleton_final_v2/the-finger/the-finger_5364.npy,val
scissors,scissors (368),./dataset/skeleton_final_v2/scissors/scissors (368).npy,val
scissors,scissors_6965,./dataset/skeleton_final_v2/scissors/scissors_6965.npy,val
the-finger,the-finger-set2 (355),./dataset/skeleton_final_v2/the-finger/the-finger-set2 (355).npy,val
paper,paper_1046,./dataset/skeleton_final_v2/paper/paper_1046.npy,val
scissors,scissors_7982,./dataset/skeleton_final_v2/scissors/scissors_7982.npy,val
ok,ok_Set2_ (260),./dataset/skeleton_final_v2/ok/ok_Set2_ (260).npy,val
the-finger,the-finger-set2 (435),./dataset/skeleton_final_v2/the-finger/the-finger-set2 (435).npy,val
scissors,scissors_753,./dataset/skeleton_final_v2/scissors/scissors_753.npy,val
ok,ok_Set2_ (338),./dataset/skeleton_final_v2/ok/ok_Set2_ (338).npy,val
rock,rock-set2 (427),./dataset/skeleton_final_v2/rock/rock-set2 (427).npy,val
paper,paper_7609,./dataset/skeleton_final_v2/paper/paper_7609.npy,val
paper,paper-set2 (433),./dataset/skeleton_final_v2/paper/paper-set2 (433).npy,val
ok,ok_Set2_ (429),./dataset/skeleton_final_v2/ok/ok_Set2_ (429).npy,val
thumbdown,thumbdown (316),./dataset/skeleton_final_v2/thumbdown/thumbdown (316).npy,val
ok,ok_Set2_ (214),./dataset/skeleton_final_v2/ok/ok_Set2_ (214).npy,val
thumbup,thumbup_8096,./dataset/skeleton_final_v2/thumbup/thumbup_8096.npy,val
scissors,scissors-set2 (434),./dataset/skeleton_final_v2/scissors/scissors-set2 (434).npy,val
scissors,scissors_7175,./dataset/skeleton_final_v2/scissors/scissors_7175.npy,val
scissors,scissors (416),./dataset/skeleton_final_v2/scissors/scissors (416).npy,val
the-finger,the-finger-set2 (97),./dataset/skeleton_final_v2/the-finger/the-finger-set2 (97).npy,val
thumbdown,hand-11-765,./dataset/skeleton_final_v2/thumbdown/hand-11-765.npy,val
paper,paper-set2 (376),./dataset/skeleton_final_v2/paper/paper-set2 (376).npy,val
paper,paper-set2 (6),./dataset/skeleton_final_v2/paper/paper-set2 (6).npy,val
ok,ok_Set2_ (523),./dataset/skeleton_final_v2/ok/ok_Set2_ (523).npy,val
thumbup,thumbup_6777,./dataset/skeleton_final_v2/thumbup/thumbup_6777.npy,val
scissors,scissors-set2 (663),./dataset/skeleton_final_v2/scissors/scissors-set2 (663).npy,val
scissors,scissors-set2 (676),./dataset/skeleton_final_v2/scissors/scissors-set2 (676).npy,val
ok,ok_Set2_ (229),./dataset/skeleton_final_v2/ok/ok_Set2_ (229).npy,val
thumbup,thumbup (190),./dataset/skeleton_final_v2/thumbup/thumbup (190).npy,val
scissors,scissors_3901,./dataset/skeleton_final_v2/scissors/scissors_3901.npy,val
the-finger,the-finger-set2 (65),./dataset/skeleton_final_v2/the-finger/the-finger-set2 (65).npy,val
the-finger,the-finger-set2 (377),./dataset/skeleton_final_v2/the-finger/the-finger-set2 (377).npy,val
the-finger,the-finger (28),./dataset/skeleton_final_v2/the-finger/the-finger (28).npy,val
ok,ok_Set2_ (408),./dataset/skeleton_final_v2/ok/ok_Set2_ (408).npy,val
thumbdown,thumbdown_6835,./dataset/skeleton_final_v2/thumbdown/thumbdown_6835.npy,val
paper,paper-set2 (110),./dataset/skeleton_final_v2/paper/paper-set2 (110).npy,val
thumbdown,thumbdown (127),./dataset/skeleton_final_v2/thumbdown/thumbdown (127).npy,val
scissors,scissors_4652,./dataset/skeleton_final_v2/scissors/scissors_4652.npy,val
thumbup,thumbup_7403,./dataset/skeleton_final_v2/thumbup/thumbup_7403.npy,val
ok,ok_2509,./dataset/skeleton_final_v2/ok/ok_2509.npy,val
scissors,scissors_7167,./dataset/skeleton_final_v2/scissors/scissors_7167.npy,val
scissors,scissors_3856,./dataset/skeleton_final_v2/scissors/scissors_3856.npy,val
scissors,scissors (55),./dataset/skeleton_final_v2/scissors/scissors (55).npy,val
thumbdown,thumbdown_5604,./dataset/skeleton_final_v2/thumbdown/thumbdown_5604.npy,val
thumbup,thumbup (8),./dataset/skeleton_final_v2/thumbup/thumbup (8).npy,val
thumbdown,thumbdown_8602,./dataset/skeleton_final_v2/thumbdown/thumbdown_8602.npy,val
scissors,scissors (34),./dataset/skeleton_final_v2/scissors/scissors (34).npy,val
scissors,scissors (41),./dataset/skeleton_final_v2/scissors/scissors (41).npy,val
ok,ok_5001,./dataset/skeleton_final_v2/ok/ok_5001.npy,val
thumbdown,thumbdown (20),./dataset/skeleton_final_v2/thumbdown/thumbdown (20).npy,val
paper,paper (178),./dataset/skeleton_final_v2/paper/paper (178).npy,val
the-finger,the-finger_602,./dataset/skeleton_final_v2/the-finger/the-finger_602.npy,val
rock,rock-set2 (420),./dataset/skeleton_final_v2/rock/rock-set2 (420).npy,val
scissors,scissors (149),./dataset/skeleton_final_v2/scissors/scissors (149).npy,val
scissors,scissors-set2 (263),./dataset/skeleton_final_v2/scissors/scissors-set2 (263).npy,val
the-finger,the-finger_3526,./dataset/skeleton_final_v2/the-finger/the-finger_3526.npy,val
ok,ok_Set2_ (196),./dataset/skeleton_final_v2/ok/ok_Set2_ (196).npy,val
ok,ok_6751,./dataset/skeleton_final_v2/ok/ok_6751.npy,val
thumbdown,hand-11-855,./dataset/skeleton_final_v2/thumbdown/hand-11-855.npy,val
thumbdown,thumbdown_2193,./dataset/skeleton_final_v2/thumbdown/thumbdown_2193.npy,val
thumbdown,thumbdown_4404,./dataset/skeleton_final_v2/thumbdown/thumbdown_4404.npy,val
thumbdown,thumbdown (32),./dataset/skeleton_final_v2/thumbdown/thumbdown (32).npy,val
thumbup,thumbup (389),./dataset/skeleton_final_v2/thumbup/thumbup (389).npy,val
paper,paper (73),./dataset/skeleton_final_v2/paper/paper (73).npy,val
paper,paper-set2 (9),./dataset/skeleton_final_v2/paper/paper-set2 (9).npy,val
paper,paper (264),./dataset/skeleton_final_v2/paper/paper (264).npy,val
ok,ok (59),./dataset/skeleton_final_v2/ok/ok (59).npy,val
ok,ok_Set2_ (462),./dataset/skeleton_final_v2/ok/ok_Set2_ (462).npy,val
thumbup,thumbup (122),./dataset/skeleton_final_v2/thumbup/thumbup (122).npy,val
the-finger,the-finger-set2 (39),./dataset/skeleton_final_v2/the-finger/the-finger-set2 (39).npy,val
paper,paper-set2 (431),./dataset/skeleton_final_v2/paper/paper-set2 (431).npy,val
scissors,scissors-set2 (330),./dataset/skeleton_final_v2/scissors/scissors-set2 (330).npy,val
scissors,scissors_398,./dataset/skeleton_final_v2/scissors/scissors_398.npy,val
rock,rock-set2 (574),./dataset/skeleton_final_v2/rock/rock-set2 (574).npy,val
scissors,scissors-set2 (388),./dataset/skeleton_final_v2/scissors/scissors-set2 (388).npy,val
paper,paper_5726,./dataset/skeleton_final_v2/paper/paper_5726.npy,val
ok,ok_1921,./dataset/skeleton_final_v2/ok/ok_1921.npy,val
paper,paper_1041,./dataset/skeleton_final_v2/paper/paper_1041.npy,val
ok,ok_Set2_ (403),./dataset/skeleton_final_v2/ok/ok_Set2_ (403).npy,val
scissors,scissors-set2 (372),./dataset/skeleton_final_v2/scissors/scissors-set2 (372).npy,val
rock,rock_12,./dataset/skeleton_final_v2/rock/rock_12.npy,val
scissors,scissors_6154,./dataset/skeleton_final_v2/scissors/scissors_6154.npy,val
paper,paper-set2 (213),./dataset/skeleton_final_v2/paper/paper-set2 (213).npy,val
paper,paper (140),./dataset/skeleton_final_v2/paper/paper (140).npy,val
thumbup,thumbup (327),./dataset/skeleton_final_v2/thumbup/thumbup (327).npy,val
ok,ok_Set2_ (301),./dataset/skeleton_final_v2/ok/ok_Set2_ (301).npy,val
scissors,scissors-set2 (469),./dataset/skeleton_final_v2/scissors/scissors-set2 (469).npy,val
thumbdown,thumbdown (107),./dataset/skeleton_final_v2/thumbdown/thumbdown (107).npy,val
thumbup,thumbup (360),./dataset/skeleton_final_v2/thumbup/thumbup (360).npy,val
thumbdown,hand-9-2035,./dataset/skeleton_final_v2/thumbdown/hand-9-2035.npy,val
rock,rock-set2 (424),./dataset/skeleton_final_v2/rock/rock-set2 (424).npy,val
ok,ok_Set2_ (157),./dataset/skeleton_final_v2/ok/ok_Set2_ (157).npy,val
scissors,scissors_4626,./dataset/skeleton_final_v2/scissors/scissors_4626.npy,val
paper,paper_6532,./dataset/skeleton_final_v2/paper/paper_6532.npy,val
thumbdown,thumbdown_2187,./dataset/skeleton_final_v2/thumbdown/thumbdown_2187.npy,val
the-finger,the-finger_3484,./dataset/skeleton_final_v2/the-finger/the-finger_3484.npy,val
paper,paper-set2 (223),./dataset/skeleton_final_v2/paper/paper-set2 (223).npy,val
ok,ok (116),./dataset/skeleton_final_v2/ok/ok (116).npy,val
ok,ok_794,./dataset/skeleton_final_v2/ok/ok_794.npy,val
thumbup,thumbup (457),./dataset/skeleton_final_v2/thumbup/thumbup (457).npy,val
paper,paper-set2 (361),./dataset/skeleton_final_v2/paper/paper-set2 (361).npy,val
scissors,scissors-set2 (362),./dataset/skeleton_final_v2/scissors/scissors-set2 (362).npy,val
the-finger,the-finger_242,./dataset/skeleton_final_v2/the-finger/the-finger_242.npy,val
scissors,scissors-set2 (452),./dataset/skeleton_final_v2/scissors/scissors-set2 (452).npy,val
paper,paper_7934,./dataset/skeleton_final_v2/paper/paper_7934.npy,val
scissors,scissors-set2 (408),./dataset/skeleton_final_v2/scissors/scissors-set2 (408).npy,val
thumbdown,hand-7-1615,./dataset/skeleton_final_v2/thumbdown/hand-7-1615.npy,val
paper,paper-set2 (247),./dataset/skeleton_final_v2/paper/paper-set2 (247).npy,val
ok,ok_Set2_ (289),./dataset/skeleton_final_v2/ok/ok_Set2_ (289).npy,val
scissors,scissors-set2 (95),./dataset/skeleton_final_v2/scissors/scissors-set2 (95).npy,val
scissors,scissors_9210,./dataset/skeleton_final_v2/scissors/scissors_9210.npy,val
paper,paper_7137,./dataset/skeleton_final_v2/paper/paper_7137.npy,val
thumbdown,hand-7-1640,./dataset/skeleton_final_v2/thumbdown/hand-7-1640.npy,val
ok,ok_Set2_ (308),./dataset/skeleton_final_v2/ok/ok_Set2_ (308).npy,val
the-finger,the-finger_5680,./dataset/skeleton_final_v2/the-finger/the-finger_5680.npy,val
thumbup,thumbup_4128,./dataset/skeleton_final_v2/thumbup/thumbup_4128.npy,val
the-finger,the-finger-set2 (385),./dataset/skeleton_final_v2/the-finger/the-finger-set2 (385).npy,val
thumbdown,thumbdown (63),./dataset/skeleton_final_v2/thumbdown/thumbdown (63).npy,val
the-finger,the-finger-set2 (432),./dataset/skeleton_final_v2/the-finger/the-finger-set2 (432).npy,val
paper,paper (30),./dataset/skeleton_final_v2/paper/paper (30).npy,val
paper,paper (24),./dataset/skeleton_final_v2/paper/paper (24).npy,val
ok,ok_6974,./dataset/skeleton_final_v2/ok/ok_6974.npy,val
scissors,scissors-set2 (398),./dataset/skeleton_final_v2/scissors/scissors-set2 (398).npy,val
scissors,scissors-set2 (690),./dataset/skeleton_final_v2/scissors/scissors-set2 (690).npy,val
scissors,scissors (479),./dataset/skeleton_final_v2/scissors/scissors (479).npy,val
paper,paper_2523,./dataset/skeleton_final_v2/paper/paper_2523.npy,val
scissors,scissors (461),./dataset/skeleton_final_v2/scissors/scissors (461).npy,val
thumbup,thumbup_1263,./dataset/skeleton_final_v2/thumbup/thumbup_1263.npy,val
thumbup,thumbup_2039,./dataset/skeleton_final_v2/thumbup/thumbup_2039.npy,val
paper,paper-set2 (36),./dataset/skeleton_final_v2/paper/paper-set2 (36).npy,val
the-finger,the-finger_2252,./dataset/skeleton_final_v2/the-finger/the-finger_2252.npy,val
ok,ok_Set2_ (73),./dataset/skeleton_final_v2/ok/ok_Set2_ (73).npy,val
thumbup,thumbup_9304,./dataset/skeleton_final_v2/thumbup/thumbup_9304.npy,val
paper,paper_7138,./dataset/skeleton_final_v2/paper/paper_7138.npy,val
thumbdown,hand-11-685,./dataset/skeleton_final_v2/thumbdown/hand-11-685.npy,val
scissors,scissors-set2 (8),./dataset/skeleton_final_v2/scissors/scissors-set2 (8).npy,val
rock,rock_6317,./dataset/skeleton_final_v2/rock/rock_6317.npy,val
thumbdown,thumbdown (161),./dataset/skeleton_final_v2/thumbdown/thumbdown (161).npy,val
ok,ok_Set2_ (369),./dataset/skeleton_final_v2/ok/ok_Set2_ (369).npy,val
thumbup,thumbup_1706,./dataset/skeleton_final_v2/thumbup/thumbup_1706.npy,val
paper,paper_2475,./dataset/skeleton_final_v2/paper/paper_2475.npy,val
thumbdown,thumbdown_9008,./dataset/skeleton_final_v2/thumbdown/thumbdown_9008.npy,val
rock,rock-set2 (67),./dataset/skeleton_final_v2/rock/rock-set2 (67).npy,val
ok,ok_4981,./dataset/skeleton_final_v2/ok/ok_4981.npy,val
ok,ok_1550,./dataset/skeleton_final_v2/ok/ok_1550.npy,val
scissors,scissors-set2 (717),./dataset/skeleton_final_v2/scissors/scissors-set2 (717).npy,val
the-finger,the-finger-set2 (223),./dataset/skeleton_final_v2/the-finger/the-finger-set2 (223).npy,val
scissors,scissors_3907,./dataset/skeleton_final_v2/scissors/scissors_3907.npy,val
thumbup,thumbup (172),./dataset/skeleton_final_v2/thumbup/thumbup (172).npy,val
thumbdown,thumbdown (94),./dataset/skeleton_final_v2/thumbdown/thumbdown (94).npy,val
rock,rock-set2 (35),./dataset/skeleton_final_v2/rock/rock-set2 (35).npy,val
paper,paper_733,./dataset/skeleton_final_v2/paper/paper_733.npy,val
thumbdown,thumbdown (280),./dataset/skeleton_final_v2/thumbdown/thumbdown (280).npy,val
ok,ok (85),./dataset/skeleton_final_v2/ok/ok (85).npy,val
paper,paper_3672,./dataset/skeleton_final_v2/paper/paper_3672.npy,val
ok,ok_5263,./dataset/skeleton_final_v2/ok/ok_5263.npy,val
paper,paper-set2 (326),./dataset/skeleton_final_v2/paper/paper-set2 (326).npy,val
rock,rock-set2 (349),./dataset/skeleton_final_v2/rock/rock-set2 (349).npy,val
scissors,scissors-set2 (173),./dataset/skeleton_final_v2/scissors/scissors-set2 (173).npy,val
thumbup,thumbup (243),./dataset/skeleton_final_v2/thumbup/thumbup (243).npy,val
scissors,scissors_1891,./dataset/skeleton_final_v2/scissors/scissors_1891.npy,val
ok,ok_Set2_ (389),./dataset/skeleton_final_v2/ok/ok_Set2_ (389).npy,val
scissors,scissors (150),./dataset/skeleton_final_v2/scissors/scissors (150).npy,val
scissors,scissors-set2 (138),./dataset/skeleton_final_v2/scissors/scissors-set2 (138).npy,val
thumbdown,hand-9-2090,./dataset/skeleton_final_v2/thumbdown/hand-9-2090.npy,val
ok,ok_2007,./dataset/skeleton_final_v2/ok/ok_2007.npy,val
thumbdown,thumbdown (210),./dataset/skeleton_final_v2/thumbdown/thumbdown (210).npy,val
scissors,scissors_56,./dataset/skeleton_final_v2/scissors/scissors_56.npy,val
scissors,scissors (176),./dataset/skeleton_final_v2/scissors/scissors (176).npy,val
thumbdown,thumbdown (196),./dataset/skeleton_final_v2/thumbdown/thumbdown (196).npy,val
paper,paper-set2 (34),./dataset/skeleton_final_v2/paper/paper-set2 (34).npy,val
thumbup,thumbup_4202,./dataset/skeleton_final_v2/thumbup/thumbup_4202.npy,val
scissors,scissors-set2 (588),./dataset/skeleton_final_v2/scissors/scissors-set2 (588).npy,val
ok,ok_Set2_ (410),./dataset/skeleton_final_v2/ok/ok_Set2_ (410).npy,val
thumbup,thumbup_4190,./dataset/skeleton_final_v2/thumbup/thumbup_4190.npy,val
the-finger,the-finger_6069,./dataset/skeleton_final_v2/the-finger/the-finger_6069.npy,val
thumbdown,thumbdown_2195,./dataset/skeleton_final_v2/thumbdown/thumbdown_2195.npy,val
thumbdown,hand-11-720,./dataset/skeleton_final_v2/thumbdown/hand-11-720.npy,val
scissors,scissors_5237,./dataset/skeleton_final_v2/scissors/scissors_5237.npy,val
the-finger,the-finger_5368,./dataset/skeleton_final_v2/the-finger/the-finger_5368.npy,val
paper,paper_6939,./dataset/skeleton_final_v2/paper/paper_6939.npy,val
paper,paper_2493,./dataset/skeleton_final_v2/paper/paper_2493.npy,val
thumbdown,thumbdown (250),./dataset/skeleton_final_v2/thumbdown/thumbdown (250).npy,val
paper,paper_6529,./dataset/skeleton_final_v2/paper/paper_6529.npy,val
paper,paper (16),./dataset/skeleton_final_v2/paper/paper (16).npy,val
paper,paper_3638,./dataset/skeleton_final_v2/paper/paper_3638.npy,val
thumbup,thumbup_6202,./dataset/skeleton_final_v2/thumbup/thumbup_6202.npy,val
thumbdown,thumbdown (156),./dataset/skeleton_final_v2/thumbdown/thumbdown (156).npy,val
thumbup,thumbup (18),./dataset/skeleton_final_v2/thumbup/thumbup (18).npy,val
scissors,scissors-set2 (271),./dataset/skeleton_final_v2/scissors/scissors-set2 (271).npy,val
scissors,scissors-set2 (546),./dataset/skeleton_final_v2/scissors/scissors-set2 (546).npy,val
thumbdown,thumbdown_8216,./dataset/skeleton_final_v2/thumbdown/thumbdown_8216.npy,val
thumbup,hand-10-2100,./dataset/skeleton_final_v2/thumbup/hand-10-2100.npy,val
ok,ok_2701,./dataset/skeleton_final_v2/ok/ok_2701.npy,val
ok,ok_4056,./dataset/skeleton_final_v2/ok/ok_4056.npy,val
scissors,scissors (384),./dataset/skeleton_final_v2/scissors/scissors (384).npy,val
scissors,scissors-set2 (666),./dataset/skeleton_final_v2/scissors/scissors-set2 (666).npy,val
thumbup,thumbup_6789,./dataset/skeleton_final_v2/thumbup/thumbup_6789.npy,val
scissors,scissors-set2 (322),./dataset/skeleton_final_v2/scissors/scissors-set2 (322).npy,val
ok,ok_Set2_ (327),./dataset/skeleton_final_v2/ok/ok_Set2_ (327).npy,val
ok,ok (214),./dataset/skeleton_final_v2/ok/ok (214).npy,val
paper,paper-set2 (153),./dataset/skeleton_final_v2/paper/paper-set2 (153).npy,val
ok,ok_Set2_ (417),./dataset/skeleton_final_v2/ok/ok_Set2_ (417).npy,val
ok,ok (61),./dataset/skeleton_final_v2/ok/ok (61).npy,val
thumbdown,thumbdown_846,./dataset/skeleton_final_v2/thumbdown/thumbdown_846.npy,val
scissors,scissors (477),./dataset/skeleton_final_v2/scissors/scissors (477).npy,val
thumbdown,hand-7-1575,./dataset/skeleton_final_v2/thumbdown/hand-7-1575.npy,val
thumbup,thumbup (335),./dataset/skeleton_final_v2/thumbup/thumbup (335).npy,val
thumbup,thumbup_6419,./dataset/skeleton_final_v2/thumbup/thumbup_6419.npy,val
scissors,scissors_2691,./dataset/skeleton_final_v2/scissors/scissors_2691.npy,val
scissors,scissors (377),./dataset/skeleton_final_v2/scissors/scissors (377).npy,val
paper,paper_6134,./dataset/skeleton_final_v2/paper/paper_6134.npy,val
paper,paper-set2 (380),./dataset/skeleton_final_v2/paper/paper-set2 (380).npy,val
paper,paper_4570,./dataset/skeleton_final_v2/paper/paper_4570.npy,val
ok,ok_1560,./dataset/skeleton_final_v2/ok/ok_1560.npy,val
scissors,scissors_7338,./dataset/skeleton_final_v2/scissors/scissors_7338.npy,val
ok,ok_Set2_ (504),./dataset/skeleton_final_v2/ok/ok_Set2_ (504).npy,val
ok,ok_Set2_ (210),./dataset/skeleton_final_v2/ok/ok_Set2_ (210).npy,val
ok,ok_5963,./dataset/skeleton_final_v2/ok/ok_5963.npy,val
scissors,scissors-set2 (440),./dataset/skeleton_final_v2/scissors/scissors-set2 (440).npy,val
thumbup,hand-11-2250,./dataset/skeleton_final_v2/thumbup/hand-11-2250.npy,val
the-finger,the-finger-set2 (101),./dataset/skeleton_final_v2/the-finger/the-finger-set2 (101).npy,val
scissors,scissors (42),./dataset/skeleton_final_v2/scissors/scissors (42).npy,val
thumbup,thumbup_9330,./dataset/skeleton_final_v2/thumbup/thumbup_9330.npy,val
thumbdown,thumbdown_548,./dataset/skeleton_final_v2/thumbdown/thumbdown_548.npy,val
scissors,scissors-set2 (336),./dataset/skeleton_final_v2/scissors/scissors-set2 (336).npy,val
scissors,scissors (53),./dataset/skeleton_final_v2/scissors/scissors (53).npy,val
scissors,scissors-set2 (511),./dataset/skeleton_final_v2/scissors/scissors-set2 (511).npy,val
paper,paper_747,./dataset/skeleton_final_v2/paper/paper_747.npy,val
scissors,scissors-set2 (167),./dataset/skeleton_final_v2/scissors/scissors-set2 (167).npy,val
the-finger,the-finger-set2 (190),./dataset/skeleton_final_v2/the-finger/the-finger-set2 (190).npy,val
scissors,scissors (448),./dataset/skeleton_final_v2/scissors/scissors (448).npy,val
paper,paper_6343,./dataset/skeleton_final_v2/paper/paper_6343.npy,val
paper,paper (245),./dataset/skeleton_final_v2/paper/paper (245).npy,val
scissors,scissors_3865,./dataset/skeleton_final_v2/scissors/scissors_3865.npy,val
the-finger,the-finger (56),./dataset/skeleton_final_v2/the-finger/the-finger (56).npy,val
paper,paper-set2 (324),./dataset/skeleton_final_v2/paper/paper-set2 (324).npy,val
ok,ok (18),./dataset/skeleton_final_v2/ok/ok (18).npy,val
thumbdown,hand-8-3635,./dataset/skeleton_final_v2/thumbdown/hand-8-3635.npy,val
rock,rock-set2 (527),./dataset/skeleton_final_v2/rock/rock-set2 (527).npy,val
scissors,scissors-set2 (701),./dataset/skeleton_final_v2/scissors/scissors-set2 (701).npy,val
thumbdown,thumbdown_3166,./dataset/skeleton_final_v2/thumbdown/thumbdown_3166.npy,val
paper,paper_5895,./dataset/skeleton_final_v2/paper/paper_5895.npy,val
ok,ok_Set2_ (495),./dataset/skeleton_final_v2/ok/ok_Set2_ (495).npy,val
scissors,scissors-set2 (589),./dataset/skeleton_final_v2/scissors/scissors-set2 (589).npy,val
scissors,scissors-set2 (338),./dataset/skeleton_final_v2/scissors/scissors-set2 (338).npy,val
the-finger,the-finger-set2 (244),./dataset/skeleton_final_v2/the-finger/the-finger-set2 (244).npy,val
paper,paper-set2 (412),./dataset/skeleton_final_v2/paper/paper-set2 (412).npy,val
scissors,scissors_1881,./dataset/skeleton_final_v2/scissors/scissors_1881.npy,val
paper,paper-set2 (343),./dataset/skeleton_final_v2/paper/paper-set2 (343).npy,val
the-finger,the-finger_7500,./dataset/skeleton_final_v2/the-finger/the-finger_7500.npy,val
rock,rock_690,./dataset/skeleton_final_v2/rock/rock_690.npy,val
paper,paper-set2 (387),./dataset/skeleton_final_v2/paper/paper-set2 (387).npy,val
thumbup,thumbup (373),./dataset/skeleton_final_v2/thumbup/thumbup (373).npy,val
thumbup,thumbup (422),./dataset/skeleton_final_v2/thumbup/thumbup (422).npy,val
paper,paper_1043,./dataset/skeleton_final_v2/paper/paper_1043.npy,val
the-finger,the-finger-set2 (148),./dataset/skeleton_final_v2/the-finger/the-finger-set2 (148).npy,val
ok,ok_1987,./dataset/skeleton_final_v2/ok/ok_1987.npy,val
thumbdown,thumbdown (177),./dataset/skeleton_final_v2/thumbdown/thumbdown (177).npy,val
scissors,scissors (10),./dataset/skeleton_final_v2/scissors/scissors (10).npy,val
ok,ok_Set2_ (371),./dataset/skeleton_final_v2/ok/ok_Set2_ (371).npy,val
scissors,scissors-set2 (83),./dataset/skeleton_final_v2/scissors/scissors-set2 (83).npy,val
thumbup,hand-10-2545,./dataset/skeleton_final_v2/thumbup/hand-10-2545.npy,val
paper,paper (291),./dataset/skeleton_final_v2/paper/paper (291).npy,val
ok,ok_5562,./dataset/skeleton_final_v2/ok/ok_5562.npy,val
paper,paper_1049,./dataset/skeleton_final_v2/paper/paper_1049.npy,val
the-finger,the-finger (14),./dataset/skeleton_final_v2/the-finger/the-finger (14).npy,val
thumbup,hand-7-1350,./dataset/skeleton_final_v2/thumbup/hand-7-1350.npy,val
ok,ok_77,./dataset/skeleton_final_v2/ok/ok_77.npy,val
thumbup,hand-8-3525,./dataset/skeleton_final_v2/thumbup/hand-8-3525.npy,val
paper,paper (246),./dataset/skeleton_final_v2/paper/paper (246).npy,val
scissors,scissors-set2 (196),./dataset/skeleton_final_v2/scissors/scissors-set2 (196).npy,val
thumbdown,thumbdown (205),./dataset/skeleton_final_v2/thumbdown/thumbdown (205).npy,val
thumbdown,hand-10-540,./dataset/skeleton_final_v2/thumbdown/hand-10-540.npy,val
scissors,scissors_4657,./dataset/skeleton_final_v2/scissors/scissors_4657.npy,val
thumbup,thumbup (247),./dataset/skeleton_final_v2/thumbup/thumbup (247).npy,val
thumbup,hand-10-2150,./dataset/skeleton_final_v2/thumbup/hand-10-2150.npy,val
rock,rock_7530,./dataset/skeleton_final_v2/rock/rock_7530.npy,val
rock,rock-set2 (177),./dataset/skeleton_final_v2/rock/rock-set2 (177).npy,val
scissors,scissors (121),./dataset/skeleton_final_v2/scissors/scissors (121).npy,val
paper,paper (80),./dataset/skeleton_final_v2/paper/paper (80).npy,val
ok,ok_Set2_ (5),./dataset/skeleton_final_v2/ok/ok_Set2_ (5).npy,val
ok,ok_5774,./dataset/skeleton_final_v2/ok/ok_5774.npy,val
scissors,scissors (144),./dataset/skeleton_final_v2/scissors/scissors (144).npy,val
paper,paper_5150,./dataset/skeleton_final_v2/paper/paper_5150.npy,val
ok,ok_8042,./dataset/skeleton_final_v2/ok/ok_8042.npy,val
paper,paper-set2 (137),./dataset/skeleton_final_v2/paper/paper-set2 (137).npy,val
thumbup,hand-7-1275,./dataset/skeleton_final_v2/thumbup/hand-7-1275.npy,val
ok,ok_5554,./dataset/skeleton_final_v2/ok/ok_5554.npy,val
the-finger,the-finger-set2 (137),./dataset/skeleton_final_v2/the-finger/the-finger-set2 (137).npy,val
thumbdown,thumbdown_2227,./dataset/skeleton_final_v2/thumbdown/thumbdown_2227.npy,val
paper,paper_3738,./dataset/skeleton_final_v2/paper/paper_3738.npy,val
thumbdown,hand-10-520,./dataset/skeleton_final_v2/thumbdown/hand-10-520.npy,val
paper,paper (211),./dataset/skeleton_final_v2/paper/paper (211).npy,val
the-finger,the-finger-set2 (415),./dataset/skeleton_final_v2/the-finger/the-finger-set2 (415).npy,val
ok,ok_Set2_ (339),./dataset/skeleton_final_v2/ok/ok_Set2_ (339).npy,val
ok,ok_Set2_ (224),./dataset/skeleton_final_v2/ok/ok_Set2_ (224).npy,val
scissors,scissors_6379,./dataset/skeleton_final_v2/scissors/scissors_6379.npy,val
scissors,scissors-set2 (308),./dataset/skeleton_final_v2/scissors/scissors-set2 (308).npy,val
ok,ok_Set2_ (491),./dataset/skeleton_final_v2/ok/ok_Set2_ (491).npy,val
thumbdown,hand-9-1910,./dataset/skeleton_final_v2/thumbdown/hand-9-1910.npy,val
rock,rock_260,./dataset/skeleton_final_v2/rock/rock_260.npy,val
thumbdown,thumbdown_7441,./dataset/skeleton_final_v2/thumbdown/thumbdown_7441.npy,val
the-finger,the-finger-set2 (91),./dataset/skeleton_final_v2/the-finger/the-finger-set2 (91).npy,val
the-finger,the-finger_3454,./dataset/skeleton_final_v2/the-finger/the-finger_3454.npy,val
the-finger,the-finger_3464,./dataset/skeleton_final_v2/the-finger/the-finger_3464.npy,val
scissors,scissors-set2 (542),./dataset/skeleton_final_v2/scissors/scissors-set2 (542).npy,val
the-finger,the-finger-set2 (87),./dataset/skeleton_final_v2/the-finger/the-finger-set2 (87).npy,val
thumbdown,thumbdown (328),./dataset/skeleton_final_v2/thumbdown/thumbdown (328).npy,val
thumbup,thumbup (15),./dataset/skeleton_final_v2/thumbup/thumbup (15).npy,val
thumbdown,thumbdown_5597,./dataset/skeleton_final_v2/thumbdown/thumbdown_5597.npy,val
rock,rock-set2 (146),./dataset/skeleton_final_v2/rock/rock-set2 (146).npy,val
scissors,scissors-set2 (478),./dataset/skeleton_final_v2/scissors/scissors-set2 (478).npy,val
scissors,scissors (463),./dataset/skeleton_final_v2/scissors/scissors (463).npy,val
ok,ok_Set2_ (125),./dataset/skeleton_final_v2/ok/ok_Set2_ (125).npy,val
ok,ok_1989,./dataset/skeleton_final_v2/ok/ok_1989.npy,val
scissors,scissors (96),./dataset/skeleton_final_v2/scissors/scissors (96).npy,val
paper,paper_2477,./dataset/skeleton_final_v2/paper/paper_2477.npy,val
ok,ok (133),./dataset/skeleton_final_v2/ok/ok (133).npy,val
scissors,scissors_7653,./dataset/skeleton_final_v2/scissors/scissors_7653.npy,val
scissors,scissors-set2 (705),./dataset/skeleton_final_v2/scissors/scissors-set2 (705).npy,val
thumbdown,thumbdown_6806,./dataset/skeleton_final_v2/thumbdown/thumbdown_6806.npy,val
thumbup,thumbup (269),./dataset/skeleton_final_v2/thumbup/thumbup (269).npy,val
ok,ok_2963,./dataset/skeleton_final_v2/ok/ok_2963.npy,val
the-finger,the-finger (81),./dataset/skeleton_final_v2/the-finger/the-finger (81).npy,val
scissors,scissors-set2 (297),./dataset/skeleton_final_v2/scissors/scissors-set2 (297).npy,val
thumbdown,hand-10-70,./dataset/skeleton_final_v2/thumbdown/hand-10-70.npy,val
paper,paper_7158,./dataset/skeleton_final_v2/paper/paper_7158.npy,val
thumbdown,thumbdown_3391,./dataset/skeleton_final_v2/thumbdown/thumbdown_3391.npy,val
ok,ok_Set2_ (345),./dataset/skeleton_final_v2/ok/ok_Set2_ (345).npy,val
ok,ok_3976,./dataset/skeleton_final_v2/ok/ok_3976.npy,val
paper,paper (268),./dataset/skeleton_final_v2/paper/paper (268).npy,val
paper,paper (232),./dataset/skeleton_final_v2/paper/paper (232).npy,val
paper,paper_3648,./dataset/skeleton_final_v2/paper/paper_3648.npy,val
scissors,scissors_4649,./dataset/skeleton_final_v2/scissors/scissors_4649.npy,val
paper,paper_3820,./dataset/skeleton_final_v2/paper/paper_3820.npy,val
thumbup,thumbup_1682,./dataset/skeleton_final_v2/thumbup/thumbup_1682.npy,val
thumbdown,thumbdown (208),./dataset/skeleton_final_v2/thumbdown/thumbdown (208).npy,val
the-finger,the-finger (157),./dataset/skeleton_final_v2/the-finger/the-finger (157).npy,val
scissors,scissors-set2 (431),./dataset/skeleton_final_v2/scissors/scissors-set2 (431).npy,val
thumbdown,thumbdown (296),./dataset/skeleton_final_v2/thumbdown/thumbdown (296).npy,val
the-finger,the-finger_3519,./dataset/skeleton_final_v2/the-finger/the-finger_3519.npy,val
scissors,scissors (120),./dataset/skeleton_final_v2/scissors/scissors (120).npy,val
ok,ok_Set2_ (455),./dataset/skeleton_final_v2/ok/ok_Set2_ (455).npy,val
the-finger,the-finger-set2 (427),./dataset/skeleton_final_v2/the-finger/the-finger-set2 (427).npy,val
ok,ok_Set2_ (340),./dataset/skeleton_final_v2/ok/ok_Set2_ (340).npy,val
scissors,scissors-set2 (507),./dataset/skeleton_final_v2/scissors/scissors-set2 (507).npy,val
thumbup,thumbup (233),./dataset/skeleton_final_v2/thumbup/thumbup (233).npy,val
ok,ok_Set2_ (221),./dataset/skeleton_final_v2/ok/ok_Set2_ (221).npy,val
scissors,scissors_5196,./dataset/skeleton_final_v2/scissors/scissors_5196.npy,val
ok,ok_87,./dataset/skeleton_final_v2/ok/ok_87.npy,val
thumbup,hand-11-2305,./dataset/skeleton_final_v2/thumbup/hand-11-2305.npy,val
paper,paper-set2 (500),./dataset/skeleton_final_v2/paper/paper-set2 (500).npy,val
thumbup,thumbup (218),./dataset/skeleton_final_v2/thumbup/thumbup (218).npy,val
thumbup,thumbup (308),./dataset/skeleton_final_v2/thumbup/thumbup (308).npy,val
paper,paper (213),./dataset/skeleton_final_v2/paper/paper (213).npy,val
ok,ok_Set2_ (304),./dataset/skeleton_final_v2/ok/ok_Set2_ (304).npy,val
paper,paper_360,./dataset/skeleton_final_v2/paper/paper_360.npy,val
thumbdown,thumbdown_1297,./dataset/skeleton_final_v2/thumbdown/thumbdown_1297.npy,val
thumbdown,thumbdown_4412,./dataset/skeleton_final_v2/thumbdown/thumbdown_4412.npy,val
the-finger,the-finger_7492,./dataset/skeleton_final_v2/the-finger/the-finger_7492.npy,val
the-finger,the-finger_581,./dataset/skeleton_final_v2/the-finger/the-finger_581.npy,val
paper,paper_7579,./dataset/skeleton_final_v2/paper/paper_7579.npy,val
the-finger,the-finger (93),./dataset/skeleton_final_v2/the-finger/the-finger (93).npy,val
scissors,scissors-set2 (3),./dataset/skeleton_final_v2/scissors/scissors-set2 (3).npy,val
paper,paper (136),./dataset/skeleton_final_v2/paper/paper (136).npy,val
thumbdown,hand-10-590,./dataset/skeleton_final_v2/thumbdown/hand-10-590.npy,val
paper,paper-set2 (79),./dataset/skeleton_final_v2/paper/paper-set2 (79).npy,val
scissors,scissors (118),./dataset/skeleton_final_v2/scissors/scissors (118).npy,val
thumbup,thumbup (258),./dataset/skeleton_final_v2/thumbup/thumbup (258).npy,val
thumbup,thumbup (229),./dataset/skeleton_final_v2/thumbup/thumbup (229).npy,val
scissors,scissors-set2 (135),./dataset/skeleton_final_v2/scissors/scissors-set2 (135).npy,val
thumbup,thumbup (428),./dataset/skeleton_final_v2/thumbup/thumbup (428).npy,val
scissors,scissors (39),./dataset/skeleton_final_v2/scissors/scissors (39).npy,val
thumbup,thumbup (477),./dataset/skeleton_final_v2/thumbup/thumbup (477).npy,val
scissors,scissors (288),./dataset/skeleton_final_v2/scissors/scissors (288).npy,val
scissors,scissors_6365,./dataset/skeleton_final_v2/scissors/scissors_6365.npy,val
scissors,scissors (258),./dataset/skeleton_final_v2/scissors/scissors (258).npy,val
thumbup,hand-11-2265,./dataset/skeleton_final_v2/thumbup/hand-11-2265.npy,val
scissors,scissors_7331,./dataset/skeleton_final_v2/scissors/scissors_7331.npy,val
scissors,scissors (402),./dataset/skeleton_final_v2/scissors/scissors (402).npy,val
thumbdown,hand-7-1670,./dataset/skeleton_final_v2/thumbdown/hand-7-1670.npy,val
the-finger,the-finger_5372,./dataset/skeleton_final_v2/the-finger/the-finger_5372.npy,val
paper,paper (202),./dataset/skeleton_final_v2/paper/paper (202).npy,val
paper,paper_6133,./dataset/skeleton_final_v2/paper/paper_6133.npy,val
thumbdown,thumbdown (203),./dataset/skeleton_final_v2/thumbdown/thumbdown (203).npy,val
paper,paper-set2 (105),./dataset/skeleton_final_v2/paper/paper-set2 (105).npy,val
the-finger,the-finger-set2 (372),./dataset/skeleton_final_v2/the-finger/the-finger-set2 (372).npy,val
ok,ok (262),./dataset/skeleton_final_v2/ok/ok (262).npy,val
rock,rock_682,./dataset/skeleton_final_v2/rock/rock_682.npy,val
thumbdown,thumbdown_4409,./dataset/skeleton_final_v2/thumbdown/thumbdown_4409.npy,val
paper,paper-set2 (453),./dataset/skeleton_final_v2/paper/paper-set2 (453).npy,val
scissors,scissors_7179,./dataset/skeleton_final_v2/scissors/scissors_7179.npy,val
scissors,scissors (139),./dataset/skeleton_final_v2/scissors/scissors (139).npy,val
scissors,scissors (413),./dataset/skeleton_final_v2/scissors/scissors (413).npy,val
thumbdown,thumbdown (158),./dataset/skeleton_final_v2/thumbdown/thumbdown (158).npy,val
ok,ok (121),./dataset/skeleton_final_v2/ok/ok (121).npy,val
scissors,scissors-set2 (422),./dataset/skeleton_final_v2/scissors/scissors-set2 (422).npy,val
the-finger,the-finger_9470,./dataset/skeleton_final_v2/the-finger/the-finger_9470.npy,val
paper,paper_6347,./dataset/skeleton_final_v2/paper/paper_6347.npy,val
thumbup,thumbup_7050,./dataset/skeleton_final_v2/thumbup/thumbup_7050.npy,val
thumbup,thumbup (453),./dataset/skeleton_final_v2/thumbup/thumbup (453).npy,val
thumbup,thumbup_7412,./dataset/skeleton_final_v2/thumbup/thumbup_7412.npy,val
scissors,scissors-set2 (606),./dataset/skeleton_final_v2/scissors/scissors-set2 (606).npy,val
scissors,scissors (281),./dataset/skeleton_final_v2/scissors/scissors (281).npy,val
scissors,scissors-set2 (370),./dataset/skeleton_final_v2/scissors/scissors-set2 (370).npy,val
scissors,scissors-set2 (278),./dataset/skeleton_final_v2/scissors/scissors-set2 (278).npy,val
paper,paper (5),./dataset/skeleton_final_v2/paper/paper (5).npy,val
ok,ok_Set2_ (32),./dataset/skeleton_final_v2/ok/ok_Set2_ (32).npy,val
scissors,scissors-set2 (227),./dataset/skeleton_final_v2/scissors/scissors-set2 (227).npy,val
rock,rock-set2 (350),./dataset/skeleton_final_v2/rock/rock-set2 (350).npy,val
paper,paper_7928,./dataset/skeleton_final_v2/paper/paper_7928.npy,val
thumbdown,hand-7-1600,./dataset/skeleton_final_v2/thumbdown/hand-7-1600.npy,val
thumbdown,thumbdown_5318,./dataset/skeleton_final_v2/thumbdown/thumbdown_5318.npy,val
ok,ok (6),./dataset/skeleton_final_v2/ok/ok (6).npy,val
paper,paper_1039,./dataset/skeleton_final_v2/paper/paper_1039.npy,val
paper,paper-set2 (478),./dataset/skeleton_final_v2/paper/paper-set2 (478).npy,val
ok,ok_Set2_ (154),./dataset/skeleton_final_v2/ok/ok_Set2_ (154).npy,val
thumbup,thumbup (104),./dataset/skeleton_final_v2/thumbup/thumbup (104).npy,val
ok,ok (208),./dataset/skeleton_final_v2/ok/ok (208).npy,val
scissors,scissors_763,./dataset/skeleton_final_v2/scissors/scissors_763.npy,val
paper,paper-set2 (179),./dataset/skeleton_final_v2/paper/paper-set2 (179).npy,val
ok,ok_Set2_ (54),./dataset/skeleton_final_v2/ok/ok_Set2_ (54).npy,val
thumbup,thumbup_1698,./dataset/skeleton_final_v2/thumbup/thumbup_1698.npy,val
thumbdown,thumbdown_4397,./dataset/skeleton_final_v2/thumbdown/thumbdown_4397.npy,val
thumbup,thumbup (423),./dataset/skeleton_final_v2/thumbup/thumbup (423).npy,val
thumbup,thumbup_8110,./dataset/skeleton_final_v2/thumbup/thumbup_8110.npy,val
thumbup,thumbup (265),./dataset/skeleton_final_v2/thumbup/thumbup (265).npy,val
the-finger,the-finger-set2 (28),./dataset/skeleton_final_v2/the-finger/the-finger-set2 (28).npy,val
scissors,scissors-set2 (94),./dataset/skeleton_final_v2/scissors/scissors-set2 (94).npy,val
ok,ok_Set2_ (159),./dataset/skeleton_final_v2/ok/ok_Set2_ (159).npy,val
the-finger,the-finger (160),./dataset/skeleton_final_v2/the-finger/the-finger (160).npy,val
thumbdown,thumbdown_847,./dataset/skeleton_final_v2/thumbdown/thumbdown_847.npy,val
ok,ok_2908,./dataset/skeleton_final_v2/ok/ok_2908.npy,val
rock,rock-set2 (7),./dataset/skeleton_final_v2/rock/rock-set2 (7).npy,val
thumbdown,thumbdown (214),./dataset/skeleton_final_v2/thumbdown/thumbdown (214).npy,val
the-finger,the-finger_7100,./dataset/skeleton_final_v2/the-finger/the-finger_7100.npy,val
the-finger,the-finger (115),./dataset/skeleton_final_v2/the-finger/the-finger (115).npy,val
paper,paper_3769,./dataset/skeleton_final_v2/paper/paper_3769.npy,val
the-finger,the-finger_5851,./dataset/skeleton_final_v2/the-finger/the-finger_5851.npy,val
thumbdown,thumbdown (285),./dataset/skeleton_final_v2/thumbdown/thumbdown (285).npy,val
thumbup,hand-10-235,./dataset/skeleton_final_v2/thumbup/hand-10-235.npy,val
the-finger,the-finger-set2 (312),./dataset/skeleton_final_v2/the-finger/the-finger-set2 (312).npy,val
thumbdown,hand-11-815,./dataset/skeleton_final_v2/thumbdown/hand-11-815.npy,val
paper,paper (289),./dataset/skeleton_final_v2/paper/paper (289).npy,val
paper,paper_1448,./dataset/skeleton_final_v2/paper/paper_1448.npy,val
thumbdown,thumbdown_867,./dataset/skeleton_final_v2/thumbdown/thumbdown_867.npy,val
the-finger,the-finger-set2 (240),./dataset/skeleton_final_v2/the-finger/the-finger-set2 (240).npy,val
thumbdown,thumbdown (64),./dataset/skeleton_final_v2/thumbdown/thumbdown (64).npy,val
rock,rock (84),./dataset/skeleton_final_v2/rock/rock (84).npy,val
scissors,scissors-set2 (414),./dataset/skeleton_final_v2/scissors/scissors-set2 (414).npy,val
thumbdown,thumbdown (101),./dataset/skeleton_final_v2/thumbdown/thumbdown (101).npy,val
scissors,scissors-set2 (31),./dataset/skeleton_final_v2/scissors/scissors-set2 (31).npy,val
thumbdown,hand-10-600,./dataset/skeleton_final_v2/thumbdown/hand-10-600.npy,val
paper,paper (132),./dataset/skeleton_final_v2/paper/paper (132).npy,val
paper,paper-set2 (172),./dataset/skeleton_final_v2/paper/paper-set2 (172).npy,val
scissors,scissors_8818,./dataset/skeleton_final_v2/scissors/scissors_8818.npy,val
scissors,scissors (161),./dataset/skeleton_final_v2/scissors/scissors (161).npy,val
ok,ok_Set2_ (432),./dataset/skeleton_final_v2/ok/ok_Set2_ (432).npy,val
scissors,scissors_9184,./dataset/skeleton_final_v2/scissors/scissors_9184.npy,val
the-finger,the-finger-set2 (356),./dataset/skeleton_final_v2/the-finger/the-finger-set2 (356).npy,val
scissors,scissors-set2 (130),./dataset/skeleton_final_v2/scissors/scissors-set2 (130).npy,val
ok,ok_Set2_ (506),./dataset/skeleton_final_v2/ok/ok_Set2_ (506).npy,val
thumbdown,thumbdown_5838,./dataset/skeleton_final_v2/thumbdown/thumbdown_5838.npy,val
scissors,scissors_3892,./dataset/skeleton_final_v2/scissors/scissors_3892.npy,val
thumbup,thumbup_136,./dataset/skeleton_final_v2/thumbup/thumbup_136.npy,val
scissors,scissors-set2 (695),./dataset/skeleton_final_v2/scissors/scissors-set2 (695).npy,val
the-finger,the-finger-set2 (226),./dataset/skeleton_final_v2/the-finger/the-finger-set2 (226).npy,val
the-finger,the-finger (124),./dataset/skeleton_final_v2/the-finger/the-finger (124).npy,val
the-finger,the-finger_1752,./dataset/skeleton_final_v2/the-finger/the-finger_1752.npy,val
the-finger,the-finger-set2 (211),./dataset/skeleton_final_v2/the-finger/the-finger-set2 (211).npy,val
paper,paper_3675,./dataset/skeleton_final_v2/paper/paper_3675.npy,val
thumbdown,thumbdown (69),./dataset/skeleton_final_v2/thumbdown/thumbdown (69).npy,val
scissors,scissors_3859,./dataset/skeleton_final_v2/scissors/scissors_3859.npy,val
scissors,scissors-set2 (315),./dataset/skeleton_final_v2/scissors/scissors-set2 (315).npy,val
thumbup,thumbup (297),./dataset/skeleton_final_v2/thumbup/thumbup (297).npy,val
scissors,scissors_1482,./dataset/skeleton_final_v2/scissors/scissors_1482.npy,val
thumbup,thumbup (421),./dataset/skeleton_final_v2/thumbup/thumbup (421).npy,val
scissors,scissors (320),./dataset/skeleton_final_v2/scissors/scissors (320).npy,val
the-finger,the-finger-set2 (263),./dataset/skeleton_final_v2/the-finger/the-finger-set2 (263).npy,val
ok,ok_1185,./dataset/skeleton_final_v2/ok/ok_1185.npy,val
paper,paper_3718,./dataset/skeleton_final_v2/paper/paper_3718.npy,val
paper,paper-set2 (58),./dataset/skeleton_final_v2/paper/paper-set2 (58).npy,val
ok,ok_Set2_ (131),./dataset/skeleton_final_v2/ok/ok_Set2_ (131).npy,val
the-finger,the-finger-set2 (361),./dataset/skeleton_final_v2/the-finger/the-finger-set2 (361).npy,val
scissors,scissors-set2 (476),./dataset/skeleton_final_v2/scissors/scissors-set2 (476).npy,val
the-finger,the-finger (80),./dataset/skeleton_final_v2/the-finger/the-finger (80).npy,val
ok,ok_1542,./dataset/skeleton_final_v2/ok/ok_1542.npy,val
scissors,scissors-set2 (374),./dataset/skeleton_final_v2/scissors/scissors-set2 (374).npy,val
thumbdown,hand-9-2040,./dataset/skeleton_final_v2/thumbdown/hand-9-2040.npy,val
thumbdown,hand-9-2010,./dataset/skeleton_final_v2/thumbdown/hand-9-2010.npy,val
ok,ok_Set2_ (451),./dataset/skeleton_final_v2/ok/ok_Set2_ (451).npy,val
ok,ok_Set2_ (510),./dataset/skeleton_final_v2/ok/ok_Set2_ (510).npy,val
scissors,scissors-set2 (457),./dataset/skeleton_final_v2/scissors/scissors-set2 (457).npy,val
the-finger,the-finger_5380,./dataset/skeleton_final_v2/the-finger/the-finger_5380.npy,val
the-finger,the-finger_5840,./dataset/skeleton_final_v2/the-finger/the-finger_5840.npy,val
the-finger,the-finger-set2 (10),./dataset/skeleton_final_v2/the-finger/the-finger-set2 (10).npy,val
rock,rock-set2 (4),./dataset/skeleton_final_v2/rock/rock-set2 (4).npy,val
ok,ok_Set2_ (381),./dataset/skeleton_final_v2/ok/ok_Set2_ (381).npy,val
scissors,scissors_2593,./dataset/skeleton_final_v2/scissors/scissors_2593.npy,val
ok,ok_Set2_ (559),./dataset/skeleton_final_v2/ok/ok_Set2_ (559).npy,val
thumbup,thumbup (74),./dataset/skeleton_final_v2/thumbup/thumbup (74).npy,val
thumbdown,hand-11-745,./dataset/skeleton_final_v2/thumbdown/hand-11-745.npy,val
paper,paper_750,./dataset/skeleton_final_v2/paper/paper_750.npy,val
ok,ok_1606,./dataset/skeleton_final_v2/ok/ok_1606.npy,val
thumbdown,hand-7-1560,./dataset/skeleton_final_v2/thumbdown/hand-7-1560.npy,val
scissors,scissors (94),./dataset/skeleton_final_v2/scissors/scissors (94).npy,val
rock,rock (26),./dataset/skeleton_final_v2/rock/rock (26).npy,val
the-finger,the-finger_6275,./dataset/skeleton_final_v2/the-finger/the-finger_6275.npy,val
rock,rock (14),./dataset/skeleton_final_v2/rock/rock (14).npy,val
paper,paper (174),./dataset/skeleton_final_v2/paper/paper (174).npy,val
rock,rock-set2 (421),./dataset/skeleton_final_v2/rock/rock-set2 (421).npy,val
scissors,scissors (162),./dataset/skeleton_final_v2/scissors/scissors (162).npy,val
ok,ok_5773,./dataset/skeleton_final_v2/ok/ok_5773.npy,val
ok,ok (101),./dataset/skeleton_final_v2/ok/ok (101).npy,val
paper,paper_6125,./dataset/skeleton_final_v2/paper/paper_6125.npy,val
scissors,scissors-set2 (35),./dataset/skeleton_final_v2/scissors/scissors-set2 (35).npy,val
paper,paper_3729,./dataset/skeleton_final_v2/paper/paper_3729.npy,val
paper,paper-set2 (270),./dataset/skeleton_final_v2/paper/paper-set2 (270).npy,val
scissors,scissors-set2 (62),./dataset/skeleton_final_v2/scissors/scissors-set2 (62).npy,val
thumbup,hand-7-1410,./dataset/skeleton_final_v2/thumbup/hand-7-1410.npy,val
thumbup,thumbup_8960,./dataset/skeleton_final_v2/thumbup/thumbup_8960.npy,val
scissors,scissors-set2 (595),./dataset/skeleton_final_v2/scissors/scissors-set2 (595).npy,val
ok,ok_6989,./dataset/skeleton_final_v2/ok/ok_6989.npy,val
rock,rock-set2 (437),./dataset/skeleton_final_v2/rock/rock-set2 (437).npy,val
paper,paper_6703,./dataset/skeleton_final_v2/paper/paper_6703.npy,val
scissors,scissors (462),./dataset/skeleton_final_v2/scissors/scissors (462).npy,val
rock,rock-set2 (66),./dataset/skeleton_final_v2/rock/rock-set2 (66).npy,val
thumbup,thumbup (234),./dataset/skeleton_final_v2/thumbup/thumbup (234).npy,val
ok,ok_Set2_ (22),./dataset/skeleton_final_v2/ok/ok_Set2_ (22).npy,val
thumbup,thumbup_2079,./dataset/skeleton_final_v2/thumbup/thumbup_2079.npy,val
thumbup,thumbup (93),./dataset/skeleton_final_v2/thumbup/thumbup (93).npy,val
ok,ok_1608,./dataset/skeleton_final_v2/ok/ok_1608.npy,val
the-finger,the-finger-set2 (68),./dataset/skeleton_final_v2/the-finger/the-finger-set2 (68).npy,val
the-finger,the-finger-set2 (384),./dataset/skeleton_final_v2/the-finger/the-finger-set2 (384).npy,val
scissors,scissors-set2 (349),./dataset/skeleton_final_v2/scissors/scissors-set2 (349).npy,val
ok,ok_Set2_ (53),./dataset/skeleton_final_v2/ok/ok_Set2_ (53).npy,val
ok,ok (129),./dataset/skeleton_final_v2/ok/ok (129).npy,val
thumbup,thumbup (452),./dataset/skeleton_final_v2/thumbup/thumbup (452).npy,val
thumbup,thumbup_1690,./dataset/skeleton_final_v2/thumbup/thumbup_1690.npy,val
thumbup,thumbup (184),./dataset/skeleton_final_v2/thumbup/thumbup (184).npy,val
thumbdown,hand-10-80,./dataset/skeleton_final_v2/thumbdown/hand-10-80.npy,val
thumbup,thumbup (332),./dataset/skeleton_final_v2/thumbup/thumbup (332).npy,val
scissors,scissors-set2 (724),./dataset/skeleton_final_v2/scissors/scissors-set2 (724).npy,val
thumbup,thumbup (439),./dataset/skeleton_final_v2/thumbup/thumbup (439).npy,val
scissors,scissors-set2 (626),./dataset/skeleton_final_v2/scissors/scissors-set2 (626).npy,val
rock,rock_11,./dataset/skeleton_final_v2/rock/rock_11.npy,val
thumbup,thumbup (487),./dataset/skeleton_final_v2/thumbup/thumbup (487).npy,val
scissors,scissors-set2 (696),./dataset/skeleton_final_v2/scissors/scissors-set2 (696).npy,val
ok,ok_6998,./dataset/skeleton_final_v2/ok/ok_6998.npy,val
thumbup,hand-7-1330,./dataset/skeleton_final_v2/thumbup/hand-7-1330.npy,val
ok,ok (55),./dataset/skeleton_final_v2/ok/ok (55).npy,val
the-finger,the-finger_6070,./dataset/skeleton_final_v2/the-finger/the-finger_6070.npy,val
scissors,scissors_1079,./dataset/skeleton_final_v2/scissors/scissors_1079.npy,val
ok,ok_Set2_ (272),./dataset/skeleton_final_v2/ok/ok_Set2_ (272).npy,val
ok,ok_2716,./dataset/skeleton_final_v2/ok/ok_2716.npy,val
thumbup,thumbup (371),./dataset/skeleton_final_v2/thumbup/thumbup (371).npy,val
the-finger,the-finger-set2 (8),./dataset/skeleton_final_v2/the-finger/the-finger-set2 (8).npy,val
scissors,scissors_450,./dataset/skeleton_final_v2/scissors/scissors_450.npy,val
ok,ok_Set2_ (377),./dataset/skeleton_final_v2/ok/ok_Set2_ (377).npy,val
thumbup,thumbup (154),./dataset/skeleton_final_v2/thumbup/thumbup (154).npy,val
rock,rock-set2 (357),./dataset/skeleton_final_v2/rock/rock-set2 (357).npy,val
scissors,scissors-set2 (18),./dataset/skeleton_final_v2/scissors/scissors-set2 (18).npy,val
paper,paper_6916,./dataset/skeleton_final_v2/paper/paper_6916.npy,val
rock,rock_21,./dataset/skeleton_final_v2/rock/rock_21.npy,val
ok,ok_Set2_ (490),./dataset/skeleton_final_v2/ok/ok_Set2_ (490).npy,val
thumbdown,thumbdown (92),./dataset/skeleton_final_v2/thumbdown/thumbdown (92).npy,val
thumbdown,hand-7-1665,./dataset/skeleton_final_v2/thumbdown/hand-7-1665.npy,val
paper,paper_2458,./dataset/skeleton_final_v2/paper/paper_2458.npy,val
thumbup,thumbup (273),./dataset/skeleton_final_v2/thumbup/thumbup (273).npy,val
thumbup,thumbup (341),./dataset/skeleton_final_v2/thumbup/thumbup (341).npy,val
thumbup,thumbup (115),./dataset/skeleton_final_v2/thumbup/thumbup (115).npy,val
thumbup,thumbup_5799,./dataset/skeleton_final_v2/thumbup/thumbup_5799.npy,val
the-finger,the-finger_3532,./dataset/skeleton_final_v2/the-finger/the-finger_3532.npy,val
ok,ok_Set2_ (409),./dataset/skeleton_final_v2/ok/ok_Set2_ (409).npy,val
paper,paper_3816,./dataset/skeleton_final_v2/paper/paper_3816.npy,val
the-finger,the-finger_2276,./dataset/skeleton_final_v2/the-finger/the-finger_2276.npy,val
thumbup,thumbup_4154,./dataset/skeleton_final_v2/thumbup/thumbup_4154.npy,val
scissors,scissors_3833,./dataset/skeleton_final_v2/scissors/scissors_3833.npy,val
paper,paper_6350,./dataset/skeleton_final_v2/paper/paper_6350.npy,val
thumbdown,thumbdown (255),./dataset/skeleton_final_v2/thumbdown/thumbdown (255).npy,val
ok,ok_5764,./dataset/skeleton_final_v2/ok/ok_5764.npy,val
ok,ok_Set2_ (355),./dataset/skeleton_final_v2/ok/ok_Set2_ (355).npy,val
thumbdown,hand-10-515,./dataset/skeleton_final_v2/thumbdown/hand-10-515.npy,val
the-finger,the-finger_6478,./dataset/skeleton_final_v2/the-finger/the-finger_6478.npy,val
paper,paper-set2 (497),./dataset/skeleton_final_v2/paper/paper-set2 (497).npy,val
thumbup,hand-7-1325,./dataset/skeleton_final_v2/thumbup/hand-7-1325.npy,val
paper,paper-set2 (123),./dataset/skeleton_final_v2/paper/paper-set2 (123).npy,val
thumbup,thumbup (300),./dataset/skeleton_final_v2/thumbup/thumbup (300).npy,val
thumbdown,hand-11-810,./dataset/skeleton_final_v2/thumbdown/hand-11-810.npy,val
thumbup,thumbup_4168,./dataset/skeleton_final_v2/thumbup/thumbup_4168.npy,val
scissors,scissors-set2 (455),./dataset/skeleton_final_v2/scissors/scissors-set2 (455).npy,val
scissors,scissors_5741,./dataset/skeleton_final_v2/scissors/scissors_5741.npy,val
thumbup,thumbup_6222,./dataset/skeleton_final_v2/thumbup/thumbup_6222.npy,val
ok,ok (54),./dataset/skeleton_final_v2/ok/ok (54).npy,val
the-finger,the-finger_225,./dataset/skeleton_final_v2/the-finger/the-finger_225.npy,val
ok,ok_Set2_ (21),./dataset/skeleton_final_v2/ok/ok_Set2_ (21).npy,val
ok,ok_Set2_ (399),./dataset/skeleton_final_v2/ok/ok_Set2_ (399).npy,val
the-finger,the-finger_231,./dataset/skeleton_final_v2/the-finger/the-finger_231.npy,val
thumbdown,thumbdown (84),./dataset/skeleton_final_v2/thumbdown/thumbdown (84).npy,val
scissors,scissors-set2 (188),./dataset/skeleton_final_v2/scissors/scissors-set2 (188).npy,val
scissors,scissors-set2 (199),./dataset/skeleton_final_v2/scissors/scissors-set2 (199).npy,val
thumbdown,thumbdown (129),./dataset/skeleton_final_v2/thumbdown/thumbdown (129).npy,val
rock,rock (178),./dataset/skeleton_final_v2/rock/rock (178).npy,val
the-finger,the-finger-set2 (368),./dataset/skeleton_final_v2/the-finger/the-finger-set2 (368).npy,val
paper,paper-set2 (349),./dataset/skeleton_final_v2/paper/paper-set2 (349).npy,val
rock,rock (150),./dataset/skeleton_final_v2/rock/rock (150).npy,val
paper,paper (224),./dataset/skeleton_final_v2/paper/paper (224).npy,val
scissors,scissors-set2 (343),./dataset/skeleton_final_v2/scissors/scissors-set2 (343).npy,val
scissors,scissors_7659,./dataset/skeleton_final_v2/scissors/scissors_7659.npy,val
scissors,scissors (179),./dataset/skeleton_final_v2/scissors/scissors (179).npy,val
scissors,scissors-set2 (465),./dataset/skeleton_final_v2/scissors/scissors-set2 (465).npy,val
ok,ok_1167,./dataset/skeleton_final_v2/ok/ok_1167.npy,val
the-finger,the-finger_6458,./dataset/skeleton_final_v2/the-finger/the-finger_6458.npy,val
the-finger,the-finger_7487,./dataset/skeleton_final_v2/the-finger/the-finger_7487.npy,val
scissors,scissors_6146,./dataset/skeleton_final_v2/scissors/scissors_6146.npy,val
ok,ok_Set2_ (307),./dataset/skeleton_final_v2/ok/ok_Set2_ (307).npy,val
rock,rock-set2 (165),./dataset/skeleton_final_v2/rock/rock-set2 (165).npy,val
the-finger,the-finger_618,./dataset/skeleton_final_v2/the-finger/the-finger_618.npy,val
paper,paper_5474,./dataset/skeleton_final_v2/paper/paper_5474.npy,val
scissors,scissors-set2 (165),./dataset/skeleton_final_v2/scissors/scissors-set2 (165).npy,val
ok,ok_6385,./dataset/skeleton_final_v2/ok/ok_6385.npy,val
scissors,scissors-set2 (405),./dataset/skeleton_final_v2/scissors/scissors-set2 (405).npy,val
thumbup,thumbup_3006,./dataset/skeleton_final_v2/thumbup/thumbup_3006.npy,val
thumbup,thumbup_6207,./dataset/skeleton_final_v2/thumbup/thumbup_6207.npy,val
thumbdown,thumbdown_535,./dataset/skeleton_final_v2/thumbdown/thumbdown_535.npy,val
the-finger,the-finger-set2 (305),./dataset/skeleton_final_v2/the-finger/the-finger-set2 (305).npy,val
ok,ok_6185,./dataset/skeleton_final_v2/ok/ok_6185.npy,val
the-finger,the-finger_6066,./dataset/skeleton_final_v2/the-finger/the-finger_6066.npy,val
thumbup,thumbup (214),./dataset/skeleton_final_v2/thumbup/thumbup (214).npy,val
scissors,scissors_6362,./dataset/skeleton_final_v2/scissors/scissors_6362.npy,val
scissors,scissors-set2 (378),./dataset/skeleton_final_v2/scissors/scissors-set2 (378).npy,val
the-finger,the-finger_5858,./dataset/skeleton_final_v2/the-finger/the-finger_5858.npy,val
paper,paper-set2 (480),./dataset/skeleton_final_v2/paper/paper-set2 (480).npy,val
scissors,scissors-set2 (631),./dataset/skeleton_final_v2/scissors/scissors-set2 (631).npy,val
thumbup,thumbup (73),./dataset/skeleton_final_v2/thumbup/thumbup (73).npy,val
ok,ok_Set2_ (439),./dataset/skeleton_final_v2/ok/ok_Set2_ (439).npy,val
paper,paper (89),./dataset/skeleton_final_v2/paper/paper (89).npy,val
ok,ok_Set2_ (564),./dataset/skeleton_final_v2/ok/ok_Set2_ (564).npy,val
the-finger,the-finger (89),./dataset/skeleton_final_v2/the-finger/the-finger (89).npy,val
paper,paper (225),./dataset/skeleton_final_v2/paper/paper (225).npy,val
ok,ok (174),./dataset/skeleton_final_v2/ok/ok (174).npy,val
thumbup,thumbup (118),./dataset/skeleton_final_v2/thumbup/thumbup (118).npy,val
thumbdown,thumbdown_9022,./dataset/skeleton_final_v2/thumbdown/thumbdown_9022.npy,val
thumbdown,hand-11-725,./dataset/skeleton_final_v2/thumbdown/hand-11-725.npy,val
rock,rock-set2 (174),./dataset/skeleton_final_v2/rock/rock-set2 (174).npy,val
thumbup,thumbup (494),./dataset/skeleton_final_v2/thumbup/thumbup (494).npy,val
scissors,scissors-set2 (344),./dataset/skeleton_final_v2/scissors/scissors-set2 (344).npy,val
thumbdown,thumbdown (332),./dataset/skeleton_final_v2/thumbdown/thumbdown (332).npy,val
paper,paper (263),./dataset/skeleton_final_v2/paper/paper (263).npy,val
the-finger,the-finger_7087,./dataset/skeleton_final_v2/the-finger/the-finger_7087.npy,val
scissors,scissors-set2 (319),./dataset/skeleton_final_v2/scissors/scissors-set2 (319).npy,val
ok,ok_2796,./dataset/skeleton_final_v2/ok/ok_2796.npy,val
ok,ok_Set2_ (396),./dataset/skeleton_final_v2/ok/ok_Set2_ (396).npy,val
scissors,scissors_9192,./dataset/skeleton_final_v2/scissors/scissors_9192.npy,val
thumbup,hand-11-525,./dataset/skeleton_final_v2/thumbup/hand-11-525.npy,val
paper,paper_6523,./dataset/skeleton_final_v2/paper/paper_6523.npy,val
thumbup,thumbup (325),./dataset/skeleton_final_v2/thumbup/thumbup (325).npy,val
paper,paper_364,./dataset/skeleton_final_v2/paper/paper_364.npy,val
paper,paper_7926,./dataset/skeleton_final_v2/paper/paper_7926.npy,val
thumbdown,thumbdown_570,./dataset/skeleton_final_v2/thumbdown/thumbdown_570.npy,val
paper,paper-set2 (347),./dataset/skeleton_final_v2/paper/paper-set2 (347).npy,val
ok,ok (137),./dataset/skeleton_final_v2/ok/ok (137).npy,val
thumbup,thumbup_6429,./dataset/skeleton_final_v2/thumbup/thumbup_6429.npy,val
scissors,scissors_4624,./dataset/skeleton_final_v2/scissors/scissors_4624.npy,val
rock,rock-set2 (3),./dataset/skeleton_final_v2/rock/rock-set2 (3).npy,val
rock,rock_2423,./dataset/skeleton_final_v2/rock/rock_2423.npy,val
the-finger,the-finger_246,./dataset/skeleton_final_v2/the-finger/the-finger_246.npy,val
thumbup,thumbup_6413,./dataset/skeleton_final_v2/thumbup/thumbup_6413.npy,val
ok,ok_Set2_ (425),./dataset/skeleton_final_v2/ok/ok_Set2_ (425).npy,val
paper,paper_5467,./dataset/skeleton_final_v2/paper/paper_5467.npy,val
ok,ok_Set2_ (255),./dataset/skeleton_final_v2/ok/ok_Set2_ (255).npy,val
rock,rock-set2 (423),./dataset/skeleton_final_v2/rock/rock-set2 (423).npy,val
thumbup,thumbup (337),./dataset/skeleton_final_v2/thumbup/thumbup (337).npy,val
thumbdown,thumbdown (15),./dataset/skeleton_final_v2/thumbdown/thumbdown (15).npy,val
paper,paper-set2 (114),./dataset/skeleton_final_v2/paper/paper-set2 (114).npy,val
paper,paper_2465,./dataset/skeleton_final_v2/paper/paper_2465.npy,val
thumbdown,thumbdown_2169,./dataset/skeleton_final_v2/thumbdown/thumbdown_2169.npy,val
the-finger,the-finger (4),./dataset/skeleton_final_v2/the-finger/the-finger (4).npy,val
rock,rock (269),./dataset/skeleton_final_v2/rock/rock (269).npy,val
ok,ok_2884,./dataset/skeleton_final_v2/ok/ok_2884.npy,val
thumbup,thumbup (240),./dataset/skeleton_final_v2/thumbup/thumbup (240).npy,val
paper,paper (119),./dataset/skeleton_final_v2/paper/paper (119).npy,val
scissors,scissors-set2 (674),./dataset/skeleton_final_v2/scissors/scissors-set2 (674).npy,val
paper,paper (130),./dataset/skeleton_final_v2/paper/paper (130).npy,val
scissors,scissors (225),./dataset/skeleton_final_v2/scissors/scissors (225).npy,val
scissors,scissors-set2 (172),./dataset/skeleton_final_v2/scissors/scissors-set2 (172).npy,val
paper,paper_2539,./dataset/skeleton_final_v2/paper/paper_2539.npy,val
paper,paper-set2 (13),./dataset/skeleton_final_v2/paper/paper-set2 (13).npy,val
ok,ok_6570,./dataset/skeleton_final_v2/ok/ok_6570.npy,val
paper,paper-set2 (104),./dataset/skeleton_final_v2/paper/paper-set2 (104).npy,val
thumbup,thumbup (24),./dataset/skeleton_final_v2/thumbup/thumbup (24).npy,val
paper,paper (32),./dataset/skeleton_final_v2/paper/paper (32).npy,val
paper,paper_1474,./dataset/skeleton_final_v2/paper/paper_1474.npy,val
ok,ok_Set2_ (586),./dataset/skeleton_final_v2/ok/ok_Set2_ (586).npy,val
thumbdown,thumbdown (321),./dataset/skeleton_final_v2/thumbdown/thumbdown (321).npy,val
thumbup,thumbup (58),./dataset/skeleton_final_v2/thumbup/thumbup (58).npy,val
paper,paper_712,./dataset/skeleton_final_v2/paper/paper_712.npy,val
paper,paper_6932,./dataset/skeleton_final_v2/paper/paper_6932.npy,val
the-finger,the-finger_1726,./dataset/skeleton_final_v2/the-finger/the-finger_1726.npy,val
thumbup,thumbup (432),./dataset/skeleton_final_v2/thumbup/thumbup (432).npy,val
scissors,scissors-set2 (688),./dataset/skeleton_final_v2/scissors/scissors-set2 (688).npy,val
ok,ok_8840,./dataset/skeleton_final_v2/ok/ok_8840.npy,val
paper,paper-set2 (339),./dataset/skeleton_final_v2/paper/paper-set2 (339).npy,val
the-finger,the-finger-set2 (437),./dataset/skeleton_final_v2/the-finger/the-finger-set2 (437).npy,val
ok,ok_1538,./dataset/skeleton_final_v2/ok/ok_1538.npy,val
thumbdown,thumbdown (163),./dataset/skeleton_final_v2/thumbdown/thumbdown (163).npy,val
ok,ok_Set2_ (235),./dataset/skeleton_final_v2/ok/ok_Set2_ (235).npy,val
thumbdown,thumbdown_862,./dataset/skeleton_final_v2/thumbdown/thumbdown_862.npy,val
scissors,scissors (482),./dataset/skeleton_final_v2/scissors/scissors (482).npy,val
paper,paper (52),./dataset/skeleton_final_v2/paper/paper (52).npy,val
ok,ok_2855,./dataset/skeleton_final_v2/ok/ok_2855.npy,val
ok,ok_Set2_ (503),./dataset/skeleton_final_v2/ok/ok_Set2_ (503).npy,val
ok,ok_795,./dataset/skeleton_final_v2/ok/ok_795.npy,val
thumbdown,thumbdown_4413,./dataset/skeleton_final_v2/thumbdown/thumbdown_4413.npy,val
paper,paper-set2 (490),./dataset/skeleton_final_v2/paper/paper-set2 (490).npy,val
ok,ok_1953,./dataset/skeleton_final_v2/ok/ok_1953.npy,val
paper,paper_7330,./dataset/skeleton_final_v2/paper/paper_7330.npy,val
scissors,scissors_6546,./dataset/skeleton_final_v2/scissors/scissors_6546.npy,val
the-finger,the-finger_6861,./dataset/skeleton_final_v2/the-finger/the-finger_6861.npy,val
paper,paper (180),./dataset/skeleton_final_v2/paper/paper (180).npy,val
thumbup,thumbup_7758,./dataset/skeleton_final_v2/thumbup/thumbup_7758.npy,val
thumbup,thumbup_1694,./dataset/skeleton_final_v2/thumbup/thumbup_1694.npy,val
paper,paper_6912,./dataset/skeleton_final_v2/paper/paper_6912.npy,val
the-finger,the-finger (127),./dataset/skeleton_final_v2/the-finger/the-finger (127).npy,val
thumbup,thumbup (476),./dataset/skeleton_final_v2/thumbup/thumbup (476).npy,val
thumbdown,thumbdown_7804,./dataset/skeleton_final_v2/thumbdown/thumbdown_7804.npy,val
rock,rock_1770,./dataset/skeleton_final_v2/rock/rock_1770.npy,val
ok,ok_Set2_ (4),./dataset/skeleton_final_v2/ok/ok_Set2_ (4).npy,val
thumbdown,thumbdown (41),./dataset/skeleton_final_v2/thumbdown/thumbdown (41).npy,val
scissors,scissors-set2 (381),./dataset/skeleton_final_v2/scissors/scissors-set2 (381).npy,val
the-finger,the-finger-set2 (175),./dataset/skeleton_final_v2/the-finger/the-finger-set2 (175).npy,val
scissors,scissors_7645,./dataset/skeleton_final_v2/scissors/scissors_7645.npy,val
paper,paper_6691,./dataset/skeleton_final_v2/paper/paper_6691.npy,val
paper,paper_2548,./dataset/skeleton_final_v2/paper/paper_2548.npy,val
paper,paper_1862,./dataset/skeleton_final_v2/paper/paper_1862.npy,val
the-finger,the-finger_6655,./dataset/skeleton_final_v2/the-finger/the-finger_6655.npy,val
thumbup,thumbup_5801,./dataset/skeleton_final_v2/thumbup/thumbup_5801.npy,val
ok,ok_2943,./dataset/skeleton_final_v2/ok/ok_2943.npy,val
ok,ok_6984,./dataset/skeleton_final_v2/ok/ok_6984.npy,val
paper,paper_1846,./dataset/skeleton_final_v2/paper/paper_1846.npy,val
thumbup,thumbup_8962,./dataset/skeleton_final_v2/thumbup/thumbup_8962.npy,val
scissors,scissors-set2 (712),./dataset/skeleton_final_v2/scissors/scissors-set2 (712).npy,val
paper,paper-set2 (2),./dataset/skeleton_final_v2/paper/paper-set2 (2).npy,val
scissors,scissors (91),./dataset/skeleton_final_v2/scissors/scissors (91).npy,val
the-finger,the-finger (17),./dataset/skeleton_final_v2/the-finger/the-finger (17).npy,val
thumbdown,thumbdown (309),./dataset/skeleton_final_v2/thumbdown/thumbdown (309).npy,val
paper,paper_4608,./dataset/skeleton_final_v2/paper/paper_4608.npy,val
ok,ok_3973,./dataset/skeleton_final_v2/ok/ok_3973.npy,val
paper,paper-set2 (449),./dataset/skeleton_final_v2/paper/paper-set2 (449).npy,val
rock,rock-set2 (46),./dataset/skeleton_final_v2/rock/rock-set2 (46).npy,val
thumbup,thumbup_124,./dataset/skeleton_final_v2/thumbup/thumbup_124.npy,val
thumbup,thumbup_4126,./dataset/skeleton_final_v2/thumbup/thumbup_4126.npy,val
thumbdown,hand-9-1985,./dataset/skeleton_final_v2/thumbdown/hand-9-1985.npy,val
the-finger,the-finger_237,./dataset/skeleton_final_v2/the-finger/the-finger_237.npy,val
thumbup,thumbup_3004,./dataset/skeleton_final_v2/thumbup/thumbup_3004.npy,val
scissors,scissors (501),./dataset/skeleton_final_v2/scissors/scissors (501).npy,val
ok,ok_1532,./dataset/skeleton_final_v2/ok/ok_1532.npy,test
paper,paper-set2 (35),./dataset/skeleton_final_v2/paper/paper-set2 (35).npy,test
scissors,scissors (272),./dataset/skeleton_final_v2/scissors/scissors (272).npy,test
thumbdown,hand-10-60,./dataset/skeleton_final_v2/thumbdown/hand-10-60.npy,test
paper,paper (151),./dataset/skeleton_final_v2/paper/paper (151).npy,test
thumbup,thumbup (277),./dataset/skeleton_final_v2/thumbup/thumbup (277).npy,test
thumbdown,thumbdown (206),./dataset/skeleton_final_v2/thumbdown/thumbdown (206).npy,test
scissors,scissors (435),./dataset/skeleton_final_v2/scissors/scissors (435).npy,test
paper,paper-set2 (212),./dataset/skeleton_final_v2/paper/paper-set2 (212).npy,test
ok,ok_Set2_ (542),./dataset/skeleton_final_v2/ok/ok_Set2_ (542).npy,test
ok,ok_Set2_ (456),./dataset/skeleton_final_v2/ok/ok_Set2_ (456).npy,test
scissors,scissors_3838,./dataset/skeleton_final_v2/scissors/scissors_3838.npy,test
scissors,scissors-set2 (735),./dataset/skeleton_final_v2/scissors/scissors-set2 (735).npy,test
rock,rock-set2 (179),./dataset/skeleton_final_v2/rock/rock-set2 (179).npy,test
paper,paper-set2 (43),./dataset/skeleton_final_v2/paper/paper-set2 (43).npy,test
rock,rock_6325,./dataset/skeleton_final_v2/rock/rock_6325.npy,test
scissors,scissors-set2 (38),./dataset/skeleton_final_v2/scissors/scissors-set2 (38).npy,test
thumbup,thumbup_6763,./dataset/skeleton_final_v2/thumbup/thumbup_6763.npy,test
thumbup,hand-7-1315,./dataset/skeleton_final_v2/thumbup/hand-7-1315.npy,test
thumbup,thumbup (393),./dataset/skeleton_final_v2/thumbup/thumbup (393).npy,test
thumbdown,thumbdown (164),./dataset/skeleton_final_v2/thumbdown/thumbdown (164).npy,test
the-finger,the-finger-set2 (309),./dataset/skeleton_final_v2/the-finger/the-finger-set2 (309).npy,test
paper,paper (123),./dataset/skeleton_final_v2/paper/paper (123).npy,test
ok,ok (263),./dataset/skeleton_final_v2/ok/ok (263).npy,test
thumbdown,thumbdown (77),./dataset/skeleton_final_v2/thumbdown/thumbdown (77).npy,test
paper,paper-set2 (341),./dataset/skeleton_final_v2/paper/paper-set2 (341).npy,test
scissors,scissors_6168,./dataset/skeleton_final_v2/scissors/scissors_6168.npy,test
scissors,scissors_5744,./dataset/skeleton_final_v2/scissors/scissors_5744.npy,test
scissors,scissors (473),./dataset/skeleton_final_v2/scissors/scissors (473).npy,test
the-finger,the-finger (135),./dataset/skeleton_final_v2/the-finger/the-finger (135).npy,test
paper,paper (124),./dataset/skeleton_final_v2/paper/paper (124).npy,test
paper,paper-set2 (280),./dataset/skeleton_final_v2/paper/paper-set2 (280).npy,test
the-finger,the-finger_2250,./dataset/skeleton_final_v2/the-finger/the-finger_2250.npy,test
thumbdown,thumbdown_6847,./dataset/skeleton_final_v2/thumbdown/thumbdown_6847.npy,test
ok,ok_Set2_ (38),./dataset/skeleton_final_v2/ok/ok_Set2_ (38).npy,test
thumbup,thumbup (202),./dataset/skeleton_final_v2/thumbup/thumbup (202).npy,test
thumbdown,thumbdown (191),./dataset/skeleton_final_v2/thumbdown/thumbdown (191).npy,test
ok,ok_2009,./dataset/skeleton_final_v2/ok/ok_2009.npy,test
thumbdown,thumbdown_4361,./dataset/skeleton_final_v2/thumbdown/thumbdown_4361.npy,test
thumbup,thumbup (430),./dataset/skeleton_final_v2/thumbup/thumbup (430).npy,test
thumbdown,thumbdown (171),./dataset/skeleton_final_v2/thumbdown/thumbdown (171).npy,test
thumbup,hand-10-2560,./dataset/skeleton_final_v2/thumbup/hand-10-2560.npy,test
thumbup,thumbup (390),./dataset/skeleton_final_v2/thumbup/thumbup (390).npy,test
paper,paper-set2 (23),./dataset/skeleton_final_v2/paper/paper-set2 (23).npy,test
thumbdown,hand-11-715,./dataset/skeleton_final_v2/thumbdown/hand-11-715.npy,test
thumbup,hand-9-1720,./dataset/skeleton_final_v2/thumbup/hand-9-1720.npy,test
thumbdown,thumbdown_9014,./dataset/skeleton_final_v2/thumbdown/thumbdown_9014.npy,test
ok,ok_Set2_ (264),./dataset/skeleton_final_v2/ok/ok_Set2_ (264).npy,test
thumbdown,thumbdown (122),./dataset/skeleton_final_v2/thumbdown/thumbdown (122).npy,test
thumbdown,thumbdown_4353,./dataset/skeleton_final_v2/thumbdown/thumbdown_4353.npy,test
scissors,scissors_6553,./dataset/skeleton_final_v2/scissors/scissors_6553.npy,test
thumbup,thumbup_5808,./dataset/skeleton_final_v2/thumbup/thumbup_5808.npy,test
thumbup,thumbup (143),./dataset/skeleton_final_v2/thumbup/thumbup (143).npy,test
ok,ok (267),./dataset/skeleton_final_v2/ok/ok (267).npy,test
thumbup,thumbup (469),./dataset/skeleton_final_v2/thumbup/thumbup (469).npy,test
scissors,scissors_422,./dataset/skeleton_final_v2/scissors/scissors_422.npy,test
thumbdown,thumbdown (145),./dataset/skeleton_final_v2/thumbdown/thumbdown (145).npy,test
paper,paper_5712,./dataset/skeleton_final_v2/paper/paper_5712.npy,test
paper,paper-set2 (318),./dataset/skeleton_final_v2/paper/paper-set2 (318).npy,test
thumbup,hand-11-2260,./dataset/skeleton_final_v2/thumbup/hand-11-2260.npy,test
scissors,scissors-set2 (149),./dataset/skeleton_final_v2/scissors/scissors-set2 (149).npy,test
thumbdown,thumbdown_7442,./dataset/skeleton_final_v2/thumbdown/thumbdown_7442.npy,test
the-finger,the-finger-set2 (92),./dataset/skeleton_final_v2/the-finger/the-finger-set2 (92).npy,test
ok,ok_Set2_ (158),./dataset/skeleton_final_v2/ok/ok_Set2_ (158).npy,test
ok,ok_81,./dataset/skeleton_final_v2/ok/ok_81.npy,test
thumbdown,thumbdown_3307,./dataset/skeleton_final_v2/thumbdown/thumbdown_3307.npy,test
paper,paper-set2 (389),./dataset/skeleton_final_v2/paper/paper-set2 (389).npy,test
scissors,scissors (392),./dataset/skeleton_final_v2/scissors/scissors (392).npy,test
thumbup,hand-9-1775,./dataset/skeleton_final_v2/thumbup/hand-9-1775.npy,test
ok,ok_1145,./dataset/skeleton_final_v2/ok/ok_1145.npy,test
ok,ok_Set2_ (261),./dataset/skeleton_final_v2/ok/ok_Set2_ (261).npy,test
paper,paper-set2 (253),./dataset/skeleton_final_v2/paper/paper-set2 (253).npy,test
ok,ok_Set2_ (281),./dataset/skeleton_final_v2/ok/ok_Set2_ (281).npy,test
scissors,scissors-set2 (602),./dataset/skeleton_final_v2/scissors/scissors-set2 (602).npy,test
thumbdown,thumbdown_8586,./dataset/skeleton_final_v2/thumbdown/thumbdown_8586.npy,test
the-finger,the-finger_6299,./dataset/skeleton_final_v2/the-finger/the-finger_6299.npy,test
scissors,scissors-set2 (334),./dataset/skeleton_final_v2/scissors/scissors-set2 (334).npy,test
thumbup,thumbup (353),./dataset/skeleton_final_v2/thumbup/thumbup (353).npy,test
paper,paper-set2 (463),./dataset/skeleton_final_v2/paper/paper-set2 (463).npy,test
scissors,scissors_2678,./dataset/skeleton_final_v2/scissors/scissors_2678.npy,test
thumbdown,thumbdown_3265,./dataset/skeleton_final_v2/thumbdown/thumbdown_3265.npy,test
thumbup,thumbup (334),./dataset/skeleton_final_v2/thumbup/thumbup (334).npy,test
scissors,scissors_7970,./dataset/skeleton_final_v2/scissors/scissors_7970.npy,test
scissors,scissors-set2 (660),./dataset/skeleton_final_v2/scissors/scissors-set2 (660).npy,test
thumbup,thumbup_7048,./dataset/skeleton_final_v2/thumbup/thumbup_7048.npy,test
thumbup,thumbup_4122,./dataset/skeleton_final_v2/thumbup/thumbup_4122.npy,test
thumbdown,hand-9-1980,./dataset/skeleton_final_v2/thumbdown/hand-9-1980.npy,test
thumbup,thumbup_4182,./dataset/skeleton_final_v2/thumbup/thumbup_4182.npy,test
the-finger,the-finger-set2 (2),./dataset/skeleton_final_v2/the-finger/the-finger-set2 (2).npy,test
paper,paper_368,./dataset/skeleton_final_v2/paper/paper_368.npy,test
ok,ok_1974,./dataset/skeleton_final_v2/ok/ok_1974.npy,test
ok,ok_Set2_ (380),./dataset/skeleton_final_v2/ok/ok_Set2_ (380).npy,test
ok,ok (253),./dataset/skeleton_final_v2/ok/ok (253).npy,test
scissors,scissors (106),./dataset/skeleton_final_v2/scissors/scissors (106).npy,test
scissors,scissors (70),./dataset/skeleton_final_v2/scissors/scissors (70).npy,test
paper,paper_5460,./dataset/skeleton_final_v2/paper/paper_5460.npy,test
the-finger,the-finger_6068,./dataset/skeleton_final_v2/the-finger/the-finger_6068.npy,test
paper,paper_6128,./dataset/skeleton_final_v2/paper/paper_6128.npy,test
rock,rock_6310,./dataset/skeleton_final_v2/rock/rock_6310.npy,test
the-finger,the-finger_878,./dataset/skeleton_final_v2/the-finger/the-finger_878.npy,test
scissors,scissors (432),./dataset/skeleton_final_v2/scissors/scissors (432).npy,test
thumbdown,thumbdown_6839,./dataset/skeleton_final_v2/thumbdown/thumbdown_6839.npy,test
thumbup,thumbup (217),./dataset/skeleton_final_v2/thumbup/thumbup (217).npy,test
ok,ok_7018,./dataset/skeleton_final_v2/ok/ok_7018.npy,test
ok,ok_5292,./dataset/skeleton_final_v2/ok/ok_5292.npy,test
scissors,scissors (282),./dataset/skeleton_final_v2/scissors/scissors (282).npy,test
thumbup,thumbup_8966,./dataset/skeleton_final_v2/thumbup/thumbup_8966.npy,test
scissors,scissors (427),./dataset/skeleton_final_v2/scissors/scissors (427).npy,test
thumbup,thumbup_7193,./dataset/skeleton_final_v2/thumbup/thumbup_7193.npy,test
thumbdown,thumbdown_153,./dataset/skeleton_final_v2/thumbdown/thumbdown_153.npy,test
scissors,scissors-set2 (364),./dataset/skeleton_final_v2/scissors/scissors-set2 (364).npy,test
thumbdown,thumbdown_6453,./dataset/skeleton_final_v2/thumbdown/thumbdown_6453.npy,test
scissors,scissors-set2 (30),./dataset/skeleton_final_v2/scissors/scissors-set2 (30).npy,test
thumbup,thumbup_8928,./dataset/skeleton_final_v2/thumbup/thumbup_8928.npy,test
thumbup,thumbup (225),./dataset/skeleton_final_v2/thumbup/thumbup (225).npy,test
scissors,scissors-set2 (638),./dataset/skeleton_final_v2/scissors/scissors-set2 (638).npy,test
paper,paper (107),./dataset/skeleton_final_v2/paper/paper (107).npy,test
scissors,scissors (211),./dataset/skeleton_final_v2/scissors/scissors (211).npy,test
paper,paper-set2 (103),./dataset/skeleton_final_v2/paper/paper-set2 (103).npy,test
thumbdown,thumbdown_7249,./dataset/skeleton_final_v2/thumbdown/thumbdown_7249.npy,test
thumbup,hand-10-1980,./dataset/skeleton_final_v2/thumbup/hand-10-1980.npy,test
paper,paper_24,./dataset/skeleton_final_v2/paper/paper_24.npy,test
thumbup,hand-9-1740,./dataset/skeleton_final_v2/thumbup/hand-9-1740.npy,test
scissors,scissors-set2 (729),./dataset/skeleton_final_v2/scissors/scissors-set2 (729).npy,test
paper,paper-set2 (424),./dataset/skeleton_final_v2/paper/paper-set2 (424).npy,test
thumbdown,thumbdown_5615,./dataset/skeleton_final_v2/thumbdown/thumbdown_5615.npy,test
scissors,scissors (267),./dataset/skeleton_final_v2/scissors/scissors (267).npy,test
the-finger,the-finger-set2 (234),./dataset/skeleton_final_v2/the-finger/the-finger-set2 (234).npy,test
thumbup,hand-10-2140,./dataset/skeleton_final_v2/thumbup/hand-10-2140.npy,test
thumbdown,thumbdown_5573,./dataset/skeleton_final_v2/thumbdown/thumbdown_5573.npy,test
scissors,scissors (324),./dataset/skeleton_final_v2/scissors/scissors (324).npy,test
ok,ok_1556,./dataset/skeleton_final_v2/ok/ok_1556.npy,test
rock,rock_3152,./dataset/skeleton_final_v2/rock/rock_3152.npy,test
ok,ok_Set2_ (474),./dataset/skeleton_final_v2/ok/ok_Set2_ (474).npy,test
scissors,scissors-set2 (477),./dataset/skeleton_final_v2/scissors/scissors-set2 (477).npy,test
thumbup,thumbup (89),./dataset/skeleton_final_v2/thumbup/thumbup (89).npy,test
paper,paper-set2 (402),./dataset/skeleton_final_v2/paper/paper-set2 (402).npy,test
scissors,scissors-set2 (576),./dataset/skeleton_final_v2/scissors/scissors-set2 (576).npy,test
ok,ok (115),./dataset/skeleton_final_v2/ok/ok (115).npy,test
scissors,scissors_7170,./dataset/skeleton_final_v2/scissors/scissors_7170.npy,test
thumbup,thumbup (150),./dataset/skeleton_final_v2/thumbup/thumbup (150).npy,test
paper,paper_3814,./dataset/skeleton_final_v2/paper/paper_3814.npy,test
paper,paper-set2 (454),./dataset/skeleton_final_v2/paper/paper-set2 (454).npy,test
ok,ok_5777,./dataset/skeleton_final_v2/ok/ok_5777.npy,test
paper,paper-set2 (403),./dataset/skeleton_final_v2/paper/paper-set2 (403).npy,test
the-finger,the-finger-set2 (371),./dataset/skeleton_final_v2/the-finger/the-finger-set2 (371).npy,test
the-finger,the-finger_7093,./dataset/skeleton_final_v2/the-finger/the-finger_7093.npy,test
the-finger,the-finger_6062,./dataset/skeleton_final_v2/the-finger/the-finger_6062.npy,test
scissors,scissors_6375,./dataset/skeleton_final_v2/scissors/scissors_6375.npy,test
thumbup,thumbup (336),./dataset/skeleton_final_v2/thumbup/thumbup (336).npy,test
ok,ok (108),./dataset/skeleton_final_v2/ok/ok (108).npy,test
the-finger,the-finger (61),./dataset/skeleton_final_v2/the-finger/the-finger (61).npy,test
thumbup,thumbup_6756,./dataset/skeleton_final_v2/thumbup/thumbup_6756.npy,test
scissors,scissors-set2 (74),./dataset/skeleton_final_v2/scissors/scissors-set2 (74).npy,test
ok,ok_Set2_ (123),./dataset/skeleton_final_v2/ok/ok_Set2_ (123).npy,test
the-finger,the-finger_6871,./dataset/skeleton_final_v2/the-finger/the-finger_6871.npy,test
rock,rock-set2 (426),./dataset/skeleton_final_v2/rock/rock-set2 (426).npy,test
scissors,scissors_1083,./dataset/skeleton_final_v2/scissors/scissors_1083.npy,test
paper,paper_2440,./dataset/skeleton_final_v2/paper/paper_2440.npy,test
the-finger,the-finger_5363,./dataset/skeleton_final_v2/the-finger/the-finger_5363.npy,test
thumbdown,thumbdown (268),./dataset/skeleton_final_v2/thumbdown/thumbdown (268).npy,test
scissors,scissors_6368,./dataset/skeleton_final_v2/scissors/scissors_6368.npy,test
scissors,scissors_766,./dataset/skeleton_final_v2/scissors/scissors_766.npy,test
scissors,scissors (259),./dataset/skeleton_final_v2/scissors/scissors (259).npy,test
ok,ok_Set2_ (137),./dataset/skeleton_final_v2/ok/ok_Set2_ (137).npy,test
paper,paper_5720,./dataset/skeleton_final_v2/paper/paper_5720.npy,test
scissors,scissors-set2 (634),./dataset/skeleton_final_v2/scissors/scissors-set2 (634).npy,test
ok,ok (223),./dataset/skeleton_final_v2/ok/ok (223).npy,test
rock,rock_5409,./dataset/skeleton_final_v2/rock/rock_5409.npy,test
ok,ok_8036,./dataset/skeleton_final_v2/ok/ok_8036.npy,test
paper,paper-set2 (364),./dataset/skeleton_final_v2/paper/paper-set2 (364).npy,test
thumbdown,thumbdown_8584,./dataset/skeleton_final_v2/thumbdown/thumbdown_8584.npy,test
scissors,scissors_6145,./dataset/skeleton_final_v2/scissors/scissors_6145.npy,test
scissors,scissors-set2 (373),./dataset/skeleton_final_v2/scissors/scissors-set2 (373).npy,test
paper,paper_5908,./dataset/skeleton_final_v2/paper/paper_5908.npy,test
rock,rock-set2 (24),./dataset/skeleton_final_v2/rock/rock-set2 (24).npy,test
ok,ok_6388,./dataset/skeleton_final_v2/ok/ok_6388.npy,test
thumbdown,hand-10-2315,./dataset/skeleton_final_v2/thumbdown/hand-10-2315.npy,test
ok,ok_6993,./dataset/skeleton_final_v2/ok/ok_6993.npy,test
ok,ok_Set2_ (497),./dataset/skeleton_final_v2/ok/ok_Set2_ (497).npy,test
scissors,scissors-set2 (255),./dataset/skeleton_final_v2/scissors/scissors-set2 (255).npy,test
scissors,scissors-set2 (493),./dataset/skeleton_final_v2/scissors/scissors-set2 (493).npy,test
scissors,scissors-set2 (66),./dataset/skeleton_final_v2/scissors/scissors-set2 (66).npy,test
scissors,scissors-set2 (693),./dataset/skeleton_final_v2/scissors/scissors-set2 (693).npy,test
ok,ok_1945,./dataset/skeleton_final_v2/ok/ok_1945.npy,test
ok,ok (74),./dataset/skeleton_final_v2/ok/ok (74).npy,test
paper,paper_9158,./dataset/skeleton_final_v2/paper/paper_9158.npy,test
paper,paper-set2 (85),./dataset/skeleton_final_v2/paper/paper-set2 (85).npy,test
thumbdown,thumbdown (331),./dataset/skeleton_final_v2/thumbdown/thumbdown (331).npy,test
thumbdown,thumbdown (123),./dataset/skeleton_final_v2/thumbdown/thumbdown (123).npy,test
thumbdown,thumbdown (192),./dataset/skeleton_final_v2/thumbdown/thumbdown (192).npy,test
paper,paper (59),./dataset/skeleton_final_v2/paper/paper (59).npy,test
ok,ok (146),./dataset/skeleton_final_v2/ok/ok (146).npy,test
thumbdown,thumbdown_5827,./dataset/skeleton_final_v2/thumbdown/thumbdown_5827.npy,test
thumbup,thumbup_7042,./dataset/skeleton_final_v2/thumbup/thumbup_7042.npy,test
thumbdown,hand-7-1580,./dataset/skeleton_final_v2/thumbdown/hand-7-1580.npy,test
ok,ok_8538,./dataset/skeleton_final_v2/ok/ok_8538.npy,test
rock,rock-set2 (166),./dataset/skeleton_final_v2/rock/rock-set2 (166).npy,test
the-finger,the-finger-set2 (239),./dataset/skeleton_final_v2/the-finger/the-finger-set2 (239).npy,test
paper,paper-set2 (94),./dataset/skeleton_final_v2/paper/paper-set2 (94).npy,test
paper,paper-set2 (367),./dataset/skeleton_final_v2/paper/paper-set2 (367).npy,test
thumbdown,thumbdown_2215,./dataset/skeleton_final_v2/thumbdown/thumbdown_2215.npy,test
thumbup,thumbup (403),./dataset/skeleton_final_v2/thumbup/thumbup (403).npy,test
ok,ok_2917,./dataset/skeleton_final_v2/ok/ok_2917.npy,test
scissors,scissors-set2 (361),./dataset/skeleton_final_v2/scissors/scissors-set2 (361).npy,test
ok,ok_Set2_ (71),./dataset/skeleton_final_v2/ok/ok_Set2_ (71).npy,test
thumbup,thumbup (466),./dataset/skeleton_final_v2/thumbup/thumbup (466).npy,test
the-finger,the-finger-set2 (79),./dataset/skeleton_final_v2/the-finger/the-finger-set2 (79).npy,test
thumbdown,thumbdown_7226,./dataset/skeleton_final_v2/thumbdown/thumbdown_7226.npy,test
paper,paper_6531,./dataset/skeleton_final_v2/paper/paper_6531.npy,test
paper,paper-set2 (17),./dataset/skeleton_final_v2/paper/paper-set2 (17).npy,test
ok,ok_Set2_ (246),./dataset/skeleton_final_v2/ok/ok_Set2_ (246).npy,test
ok,ok_Set2_ (373),./dataset/skeleton_final_v2/ok/ok_Set2_ (373).npy,test
thumbdown,hand-7-1530,./dataset/skeleton_final_v2/thumbdown/hand-7-1530.npy,test
paper,paper_7960,./dataset/skeleton_final_v2/paper/paper_7960.npy,test
ok,ok_Set2_ (239),./dataset/skeleton_final_v2/ok/ok_Set2_ (239).npy,test
rock,rock-set2 (603),./dataset/skeleton_final_v2/rock/rock-set2 (603).npy,test
ok,ok_Set2_ (487),./dataset/skeleton_final_v2/ok/ok_Set2_ (487).npy,test
ok,ok_Set2_ (395),./dataset/skeleton_final_v2/ok/ok_Set2_ (395).npy,test
rock,rock-set2 (54),./dataset/skeleton_final_v2/rock/rock-set2 (54).npy,test
the-finger,the-finger_6059,./dataset/skeleton_final_v2/the-finger/the-finger_6059.npy,test
paper,paper_6342,./dataset/skeleton_final_v2/paper/paper_6342.npy,test
the-finger,the-finger-set2 (102),./dataset/skeleton_final_v2/the-finger/the-finger-set2 (102).npy,test
scissors,scissors_5749,./dataset/skeleton_final_v2/scissors/scissors_5749.npy,test
thumbdown,hand-7-1590,./dataset/skeleton_final_v2/thumbdown/hand-7-1590.npy,test
scissors,scissors_6958,./dataset/skeleton_final_v2/scissors/scissors_6958.npy,test
thumbup,thumbup (5),./dataset/skeleton_final_v2/thumbup/thumbup (5).npy,test
thumbdown,thumbdown (173),./dataset/skeleton_final_v2/thumbdown/thumbdown (173).npy,test
ok,ok (228),./dataset/skeleton_final_v2/ok/ok (228).npy,test
thumbup,thumbup_140,./dataset/skeleton_final_v2/thumbup/thumbup_140.npy,test
ok,ok (66),./dataset/skeleton_final_v2/ok/ok (66).npy,test
paper,paper_1832,./dataset/skeleton_final_v2/paper/paper_1832.npy,test
ok,ok_Set2_ (65),./dataset/skeleton_final_v2/ok/ok_Set2_ (65).npy,test
ok,ok_1540,./dataset/skeleton_final_v2/ok/ok_1540.npy,test
scissors,scissors_6161,./dataset/skeleton_final_v2/scissors/scissors_6161.npy,test
thumbup,thumbup (301),./dataset/skeleton_final_v2/thumbup/thumbup (301).npy,test
scissors,scissors_1115,./dataset/skeleton_final_v2/scissors/scissors_1115.npy,test
thumbdown,hand-12-1265,./dataset/skeleton_final_v2/thumbdown/hand-12-1265.npy,test
scissors,scissors-set2 (399),./dataset/skeleton_final_v2/scissors/scissors-set2 (399).npy,test
paper,paper_2471,./dataset/skeleton_final_v2/paper/paper_2471.npy,test
ok,ok (241),./dataset/skeleton_final_v2/ok/ok (241).npy,test
thumbdown,thumbdown_3303,./dataset/skeleton_final_v2/thumbdown/thumbdown_3303.npy,test
paper,paper (122),./dataset/skeleton_final_v2/paper/paper (122).npy,test
rock,rock-set2 (363),./dataset/skeleton_final_v2/rock/rock-set2 (363).npy,test
thumbup,hand-10-2555,./dataset/skeleton_final_v2/thumbup/hand-10-2555.npy,test
thumbup,thumbup_6208,./dataset/skeleton_final_v2/thumbup/thumbup_6208.npy,test
paper,paper-set2 (382),./dataset/skeleton_final_v2/paper/paper-set2 (382).npy,test
paper,paper-set2 (259),./dataset/skeleton_final_v2/paper/paper-set2 (259).npy,test
ok,ok_Set2_ (247),./dataset/skeleton_final_v2/ok/ok_Set2_ (247).npy,test
thumbup,thumbup (322),./dataset/skeleton_final_v2/thumbup/thumbup (322).npy,test
thumbup,thumbup_7194,./dataset/skeleton_final_v2/thumbup/thumbup_7194.npy,test
ok,ok_5958,./dataset/skeleton_final_v2/ok/ok_5958.npy,test
the-finger,the-finger-set2 (352),./dataset/skeleton_final_v2/the-finger/the-finger-set2 (352).npy,test
ok,ok_5530,./dataset/skeleton_final_v2/ok/ok_5530.npy,test
scissors,scissors-set2 (189),./dataset/skeleton_final_v2/scissors/scissors-set2 (189).npy,test
ok,ok_6402,./dataset/skeleton_final_v2/ok/ok_6402.npy,test
scissors,scissors-set2 (270),./dataset/skeleton_final_v2/scissors/scissors-set2 (270).npy,test
ok,ok_Set2_ (63),./dataset/skeleton_final_v2/ok/ok_Set2_ (63).npy,test
ok,ok_6191,./dataset/skeleton_final_v2/ok/ok_6191.npy,test
ok,ok (32),./dataset/skeleton_final_v2/ok/ok (32).npy,test
thumbdown,thumbdown (174),./dataset/skeleton_final_v2/thumbdown/thumbdown (174).npy,test
rock,rock_2,./dataset/skeleton_final_v2/rock/rock_2.npy,test
scissors,scissors_3847,./dataset/skeleton_final_v2/scissors/scissors_3847.npy,test
rock,rock-set2 (43),./dataset/skeleton_final_v2/rock/rock-set2 (43).npy,test
thumbup,thumbup_1247,./dataset/skeleton_final_v2/thumbup/thumbup_1247.npy,test
scissors,scissors-set2 (325),./dataset/skeleton_final_v2/scissors/scissors-set2 (325).npy,test
ok,ok_Set2_ (454),./dataset/skeleton_final_v2/ok/ok_Set2_ (454).npy,test
the-finger,the-finger-set2 (133),./dataset/skeleton_final_v2/the-finger/the-finger-set2 (133).npy,test
ok,ok_5542,./dataset/skeleton_final_v2/ok/ok_5542.npy,test
paper,paper_1051,./dataset/skeleton_final_v2/paper/paper_1051.npy,test
paper,paper (117),./dataset/skeleton_final_v2/paper/paper (117).npy,test
scissors,scissors-set2 (512),./dataset/skeleton_final_v2/scissors/scissors-set2 (512).npy,test
ok,ok_Set2_ (532),./dataset/skeleton_final_v2/ok/ok_Set2_ (532).npy,test
ok,ok_Set2_ (81),./dataset/skeleton_final_v2/ok/ok_Set2_ (81).npy,test
thumbdown,thumbdown (35),./dataset/skeleton_final_v2/thumbdown/thumbdown (35).npy,test
paper,paper_5160,./dataset/skeleton_final_v2/paper/paper_5160.npy,test
thumbup,thumbup (227),./dataset/skeleton_final_v2/thumbup/thumbup (227).npy,test
scissors,scissors-set2 (702),./dataset/skeleton_final_v2/scissors/scissors-set2 (702).npy,test
rock,rock-set2 (216),./dataset/skeleton_final_v2/rock/rock-set2 (216).npy,test
paper,paper_4600,./dataset/skeleton_final_v2/paper/paper_4600.npy,test
ok,ok (2),./dataset/skeleton_final_v2/ok/ok (2).npy,test
thumbdown,thumbdown_5583,./dataset/skeleton_final_v2/thumbdown/thumbdown_5583.npy,test
scissors,scissors (358),./dataset/skeleton_final_v2/scissors/scissors (358).npy,test
scissors,scissors (374),./dataset/skeleton_final_v2/scissors/scissors (374).npy,test
thumbdown,thumbdown_5819,./dataset/skeleton_final_v2/thumbdown/thumbdown_5819.npy,test
thumbdown,thumbdown (297),./dataset/skeleton_final_v2/thumbdown/thumbdown (297).npy,test
ok,ok_Set2_ (122),./dataset/skeleton_final_v2/ok/ok_Set2_ (122).npy,test
thumbdown,hand-8-1890,./dataset/skeleton_final_v2/thumbdown/hand-8-1890.npy,test
ok,ok_Set2_ (14),./dataset/skeleton_final_v2/ok/ok_Set2_ (14).npy,test
scissors,scissors (480),./dataset/skeleton_final_v2/scissors/scissors (480).npy,test
scissors,scissors-set2 (294),./dataset/skeleton_final_v2/scissors/scissors-set2 (294).npy,test
thumbdown,thumbdown (287),./dataset/skeleton_final_v2/thumbdown/thumbdown (287).npy,test
thumbdown,hand-7-1660,./dataset/skeleton_final_v2/thumbdown/hand-7-1660.npy,test
thumbup,thumbup (63),./dataset/skeleton_final_v2/thumbup/thumbup (63).npy,test
thumbup,hand-10-2530,./dataset/skeleton_final_v2/thumbup/hand-10-2530.npy,test
scissors,scissors_6725,./dataset/skeleton_final_v2/scissors/scissors_6725.npy,test
rock,rock_3583,./dataset/skeleton_final_v2/rock/rock_3583.npy,test
scissors,scissors-set2 (681),./dataset/skeleton_final_v2/scissors/scissors-set2 (681).npy,test
thumbdown,thumbdown_7255,./dataset/skeleton_final_v2/thumbdown/thumbdown_7255.npy,test
scissors,scissors-set2 (7),./dataset/skeleton_final_v2/scissors/scissors-set2 (7).npy,test
the-finger,the-finger-set2 (342),./dataset/skeleton_final_v2/the-finger/the-finger-set2 (342).npy,test
thumbdown,thumbdown (153),./dataset/skeleton_final_v2/thumbdown/thumbdown (153).npy,test
paper,paper_6533,./dataset/skeleton_final_v2/paper/paper_6533.npy,test
the-finger,the-finger-set2 (201),./dataset/skeleton_final_v2/the-finger/the-finger-set2 (201).npy,test
the-finger,the-finger-set2 (354),./dataset/skeleton_final_v2/the-finger/the-finger-set2 (354).npy,test
paper,paper_1462,./dataset/skeleton_final_v2/paper/paper_1462.npy,test
scissors,scissors_5190,./dataset/skeleton_final_v2/scissors/scissors_5190.npy,test
the-finger,the-finger-set2 (108),./dataset/skeleton_final_v2/the-finger/the-finger-set2 (108).npy,test
ok,ok_3981,./dataset/skeleton_final_v2/ok/ok_3981.npy,test
scissors,scissors (61),./dataset/skeleton_final_v2/scissors/scissors (61).npy,test
the-finger,the-finger-set2 (246),./dataset/skeleton_final_v2/the-finger/the-finger-set2 (246).npy,test
the-finger,the-finger-set2 (155),./dataset/skeleton_final_v2/the-finger/the-finger-set2 (155).npy,test
ok,ok_7000,./dataset/skeleton_final_v2/ok/ok_7000.npy,test
paper,paper-set2 (158),./dataset/skeleton_final_v2/paper/paper-set2 (158).npy,test
thumbdown,thumbdown (128),./dataset/skeleton_final_v2/thumbdown/thumbdown (128).npy,test
scissors,scissors-set2 (249),./dataset/skeleton_final_v2/scissors/scissors-set2 (249).npy,test
ok,ok (160),./dataset/skeleton_final_v2/ok/ok (160).npy,test
paper,paper-set2 (437),./dataset/skeleton_final_v2/paper/paper-set2 (437).npy,test
the-finger,the-finger (1),./dataset/skeleton_final_v2/the-finger/the-finger (1).npy,test
scissors,scissors-set2 (596),./dataset/skeleton_final_v2/scissors/scissors-set2 (596).npy,test
ok,ok (104),./dataset/skeleton_final_v2/ok/ok (104).npy,test
scissors,scissors-set2 (392),./dataset/skeleton_final_v2/scissors/scissors-set2 (392).npy,test
thumbdown,thumbdown_9384,./dataset/skeleton_final_v2/thumbdown/thumbdown_9384.npy,test
paper,paper_3695,./dataset/skeleton_final_v2/paper/paper_3695.npy,test
paper,paper-set2 (440),./dataset/skeleton_final_v2/paper/paper-set2 (440).npy,test
the-finger,the-finger_3507,./dataset/skeleton_final_v2/the-finger/the-finger_3507.npy,test
thumbup,thumbup (114),./dataset/skeleton_final_v2/thumbup/thumbup (114).npy,test
paper,paper_9150,./dataset/skeleton_final_v2/paper/paper_9150.npy,test
thumbdown,thumbdown_4444,./dataset/skeleton_final_v2/thumbdown/thumbdown_4444.npy,test
ok,ok_Set2_ (347),./dataset/skeleton_final_v2/ok/ok_Set2_ (347).npy,test
thumbdown,thumbdown_6846,./dataset/skeleton_final_v2/thumbdown/thumbdown_6846.npy,test
scissors,scissors-set2 (209),./dataset/skeleton_final_v2/scissors/scissors-set2 (209).npy,test
scissors,scissors_434,./dataset/skeleton_final_v2/scissors/scissors_434.npy,test
the-finger,the-finger-set2 (364),./dataset/skeleton_final_v2/the-finger/the-finger-set2 (364).npy,test
paper,paper-set2 (20),./dataset/skeleton_final_v2/paper/paper-set2 (20).npy,test
thumbdown,thumbdown_6845,./dataset/skeleton_final_v2/thumbdown/thumbdown_6845.npy,test
the-finger,the-finger-set2 (229),./dataset/skeleton_final_v2/the-finger/the-finger-set2 (229).npy,test
the-finger,the-finger_3466,./dataset/skeleton_final_v2/the-finger/the-finger_3466.npy,test
scissors,scissors-set2 (311),./dataset/skeleton_final_v2/scissors/scissors-set2 (311).npy,test
thumbdown,thumbdown_4387,./dataset/skeleton_final_v2/thumbdown/thumbdown_4387.npy,test
paper,paper (29),./dataset/skeleton_final_v2/paper/paper (29).npy,test
ok,ok_Set2_ (397),./dataset/skeleton_final_v2/ok/ok_Set2_ (397).npy,test
thumbup,thumbup_6791,./dataset/skeleton_final_v2/thumbup/thumbup_6791.npy,test
paper,paper-set2 (394),./dataset/skeleton_final_v2/paper/paper-set2 (394).npy,test
scissors,scissors_4615,./dataset/skeleton_final_v2/scissors/scissors_4615.npy,test
ok,ok_Set2_ (241),./dataset/skeleton_final_v2/ok/ok_Set2_ (241).npy,test
ok,ok_Set2_ (413),./dataset/skeleton_final_v2/ok/ok_Set2_ (413).npy,test
paper,paper_382,./dataset/skeleton_final_v2/paper/paper_382.npy,test
paper,paper_7577,./dataset/skeleton_final_v2/paper/paper_7577.npy,test
paper,paper-set2 (169),./dataset/skeleton_final_v2/paper/paper-set2 (169).npy,test
ok,ok_Set2_ (167),./dataset/skeleton_final_v2/ok/ok_Set2_ (167).npy,test
scissors,scissors-set2 (739),./dataset/skeleton_final_v2/scissors/scissors-set2 (739).npy,test
paper,paper (210),./dataset/skeleton_final_v2/paper/paper (210).npy,test
scissors,scissors_1885,./dataset/skeleton_final_v2/scissors/scissors_1885.npy,test
thumbup,thumbup (32),./dataset/skeleton_final_v2/thumbup/thumbup (32).npy,test
scissors,scissors (8),./dataset/skeleton_final_v2/scissors/scissors (8).npy,test
thumbup,thumbup (350),./dataset/skeleton_final_v2/thumbup/thumbup (350).npy,test
thumbup,thumbup_6417,./dataset/skeleton_final_v2/thumbup/thumbup_6417.npy,test
paper,paper-set2 (469),./dataset/skeleton_final_v2/paper/paper-set2 (469).npy,test
the-finger,the-finger_7264,./dataset/skeleton_final_v2/the-finger/the-finger_7264.npy,test
paper,paper-set2 (450),./dataset/skeleton_final_v2/paper/paper-set2 (450).npy,test
ok,ok (123),./dataset/skeleton_final_v2/ok/ok (123).npy,test
paper,paper_3771,./dataset/skeleton_final_v2/paper/paper_3771.npy,test
paper,paper-set2 (304),./dataset/skeleton_final_v2/paper/paper-set2 (304).npy,test
ok,ok (219),./dataset/skeleton_final_v2/ok/ok (219).npy,test
ok,ok_Set2_ (31),./dataset/skeleton_final_v2/ok/ok_Set2_ (31).npy,test
scissors,scissors-set2 (33),./dataset/skeleton_final_v2/scissors/scissors-set2 (33).npy,test
scissors,scissors (405),./dataset/skeleton_final_v2/scissors/scissors (405).npy,test
paper,paper (15),./dataset/skeleton_final_v2/paper/paper (15).npy,test
paper,paper (152),./dataset/skeleton_final_v2/paper/paper (152).npy,test
scissors,scissors-set2 (396),./dataset/skeleton_final_v2/scissors/scissors-set2 (396).npy,test
ok,ok_3971,./dataset/skeleton_final_v2/ok/ok_3971.npy,test
thumbdown,thumbdown_2199,./dataset/skeleton_final_v2/thumbdown/thumbdown_2199.npy,test
thumbup,thumbup (110),./dataset/skeleton_final_v2/thumbup/thumbup (110).npy,test
paper,paper_6123,./dataset/skeleton_final_v2/paper/paper_6123.npy,test
scissors,scissors_7166,./dataset/skeleton_final_v2/scissors/scissors_7166.npy,test
paper,paper (9),./dataset/skeleton_final_v2/paper/paper (9).npy,test
thumbdown,thumbdown (67),./dataset/skeleton_final_v2/thumbdown/thumbdown (67).npy,test
paper,paper-set2 (421),./dataset/skeleton_final_v2/paper/paper-set2 (421).npy,test
scissors,scissors-set2 (541),./dataset/skeleton_final_v2/scissors/scissors-set2 (541).npy,test
thumbup,hand-10-240,./dataset/skeleton_final_v2/thumbup/hand-10-240.npy,test
paper,paper-set2 (255),./dataset/skeleton_final_v2/paper/paper-set2 (255).npy,test
scissors,scissors-set2 (152),./dataset/skeleton_final_v2/scissors/scissors-set2 (152).npy,test
thumbdown,thumbdown_7246,./dataset/skeleton_final_v2/thumbdown/thumbdown_7246.npy,test
scissors,scissors-set2 (711),./dataset/skeleton_final_v2/scissors/scissors-set2 (711).npy,test
rock,rock_6499,./dataset/skeleton_final_v2/rock/rock_6499.npy,test
paper,paper_9164,./dataset/skeleton_final_v2/paper/paper_9164.npy,test
paper,paper (88),./dataset/skeleton_final_v2/paper/paper (88).npy,test
ok,ok_7001,./dataset/skeleton_final_v2/ok/ok_7001.npy,test
thumbup,hand-9-1595,./dataset/skeleton_final_v2/thumbup/hand-9-1595.npy,test
thumbdown,thumbdown (29),./dataset/skeleton_final_v2/thumbdown/thumbdown (29).npy,test
scissors,scissors (370),./dataset/skeleton_final_v2/scissors/scissors (370).npy,test
rock,rock_704,./dataset/skeleton_final_v2/rock/rock_704.npy,test
ok,ok (70),./dataset/skeleton_final_v2/ok/ok (70).npy,test
ok,ok_Set2_ (500),./dataset/skeleton_final_v2/ok/ok_Set2_ (500).npy,test
ok,ok_Set2_ (367),./dataset/skeleton_final_v2/ok/ok_Set2_ (367).npy,test
ok,ok_2862,./dataset/skeleton_final_v2/ok/ok_2862.npy,test
ok,ok_Set2_ (262),./dataset/skeleton_final_v2/ok/ok_Set2_ (262).npy,test
paper,paper_7585,./dataset/skeleton_final_v2/paper/paper_7585.npy,test
the-finger,the-finger_233,./dataset/skeleton_final_v2/the-finger/the-finger_233.npy,test
thumbup,thumbup_6407,./dataset/skeleton_final_v2/thumbup/thumbup_6407.npy,test
the-finger,the-finger-set2 (208),./dataset/skeleton_final_v2/the-finger/the-finger-set2 (208).npy,test
ok,ok_Set2_ (270),./dataset/skeleton_final_v2/ok/ok_Set2_ (270).npy,test
paper,paper-set2 (329),./dataset/skeleton_final_v2/paper/paper-set2 (329).npy,test
ok,ok_Set2_ (321),./dataset/skeleton_final_v2/ok/ok_Set2_ (321).npy,test
thumbdown,thumbdown (132),./dataset/skeleton_final_v2/thumbdown/thumbdown (132).npy,test
thumbdown,thumbdown_6827,./dataset/skeleton_final_v2/thumbdown/thumbdown_6827.npy,test
paper,paper_4586,./dataset/skeleton_final_v2/paper/paper_4586.npy,test
paper,paper (228),./dataset/skeleton_final_v2/paper/paper (228).npy,test
thumbup,thumbup (386),./dataset/skeleton_final_v2/thumbup/thumbup (386).npy,test
ok,ok_Set2_ (164),./dataset/skeleton_final_v2/ok/ok_Set2_ (164).npy,test
ok,ok (254),./dataset/skeleton_final_v2/ok/ok (254).npy,test
ok,ok_Set2_ (324),./dataset/skeleton_final_v2/ok/ok_Set2_ (324).npy,test
ok,ok (138),./dataset/skeleton_final_v2/ok/ok (138).npy,test
rock,rock-set2 (52),./dataset/skeleton_final_v2/rock/rock-set2 (52).npy,test
thumbup,hand-11-2240,./dataset/skeleton_final_v2/thumbup/hand-11-2240.npy,test
ok,ok_2524,./dataset/skeleton_final_v2/ok/ok_2524.npy,test
ok,ok_Set2_ (401),./dataset/skeleton_final_v2/ok/ok_Set2_ (401).npy,test
ok,ok_Set2_ (37),./dataset/skeleton_final_v2/ok/ok_Set2_ (37).npy,test
thumbup,thumbup (264),./dataset/skeleton_final_v2/thumbup/thumbup (264).npy,test
the-finger,the-finger (145),./dataset/skeleton_final_v2/the-finger/the-finger (145).npy,test
the-finger,the-finger-set2 (95),./dataset/skeleton_final_v2/the-finger/the-finger-set2 (95).npy,test
scissors,scissors (393),./dataset/skeleton_final_v2/scissors/scissors (393).npy,test
thumbup,thumbup_7394,./dataset/skeleton_final_v2/thumbup/thumbup_7394.npy,test
thumbdown,hand-10-620,./dataset/skeleton_final_v2/thumbdown/hand-10-620.npy,test
ok,ok_5778,./dataset/skeleton_final_v2/ok/ok_5778.npy,test
paper,paper_6518,./dataset/skeleton_final_v2/paper/paper_6518.npy,test
the-finger,the-finger_7267,./dataset/skeleton_final_v2/the-finger/the-finger_7267.npy,test
thumbup,thumbup (169),./dataset/skeleton_final_v2/thumbup/thumbup (169).npy,test
thumbdown,hand-8-1925,./dataset/skeleton_final_v2/thumbdown/hand-8-1925.npy,test
paper,paper (249),./dataset/skeleton_final_v2/paper/paper (249).npy,test
ok,ok_6194,./dataset/skeleton_final_v2/ok/ok_6194.npy,test
thumbup,thumbup_2137,./dataset/skeleton_final_v2/thumbup/thumbup_2137.npy,test
scissors,scissors-set2 (598),./dataset/skeleton_final_v2/scissors/scissors-set2 (598).npy,test
the-finger,the-finger-set2 (1),./dataset/skeleton_final_v2/the-finger/the-finger-set2 (1).npy,test
ok,ok_Set2_ (415),./dataset/skeleton_final_v2/ok/ok_Set2_ (415).npy,test
scissors,scissors-set2 (113),./dataset/skeleton_final_v2/scissors/scissors-set2 (113).npy,test
scissors,scissors-set2 (722),./dataset/skeleton_final_v2/scissors/scissors-set2 (722).npy,test
paper,paper_5154,./dataset/skeleton_final_v2/paper/paper_5154.npy,test
ok,ok_Set2_ (6),./dataset/skeleton_final_v2/ok/ok_Set2_ (6).npy,test
rock,rock-set2 (563),./dataset/skeleton_final_v2/rock/rock-set2 (563).npy,test
scissors,scissors-set2 (116),./dataset/skeleton_final_v2/scissors/scissors-set2 (116).npy,test
rock,rock_678,./dataset/skeleton_final_v2/rock/rock_678.npy,test
ok,ok_6585,./dataset/skeleton_final_v2/ok/ok_6585.npy,test
paper,paper (195),./dataset/skeleton_final_v2/paper/paper (195).npy,test
ok,ok_Set2_ (335),./dataset/skeleton_final_v2/ok/ok_Set2_ (335).npy,test
rock,rock-set2 (307),./dataset/skeleton_final_v2/rock/rock-set2 (307).npy,test
thumbup,thumbup (262),./dataset/skeleton_final_v2/thumbup/thumbup (262).npy,test
thumbdown,thumbdown (175),./dataset/skeleton_final_v2/thumbdown/thumbdown (175).npy,test
the-finger,the-finger_6297,./dataset/skeleton_final_v2/the-finger/the-finger_6297.npy,test
scissors,scissors-set2 (554),./dataset/skeleton_final_v2/scissors/scissors-set2 (554).npy,test
scissors,scissors (186),./dataset/skeleton_final_v2/scissors/scissors (186).npy,test
scissors,scissors-set2 (691),./dataset/skeleton_final_v2/scissors/scissors-set2 (691).npy,test
thumbup,thumbup (309),./dataset/skeleton_final_v2/thumbup/thumbup (309).npy,test
ok,ok_Set2_ (434),./dataset/skeleton_final_v2/ok/ok_Set2_ (434).npy,test
scissors,scissors_3905,./dataset/skeleton_final_v2/scissors/scissors_3905.npy,test
scissors,scissors (433),./dataset/skeleton_final_v2/scissors/scissors (433).npy,test
the-finger,the-finger (54),./dataset/skeleton_final_v2/the-finger/the-finger (54).npy,test
thumbup,hand-10-2580,./dataset/skeleton_final_v2/thumbup/hand-10-2580.npy,test
paper,paper_5450,./dataset/skeleton_final_v2/paper/paper_5450.npy,test
paper,paper-set2 (316),./dataset/skeleton_final_v2/paper/paper-set2 (316).npy,test
rock,rock-set2 (564),./dataset/skeleton_final_v2/rock/rock-set2 (564).npy,test
thumbup,thumbup (103),./dataset/skeleton_final_v2/thumbup/thumbup (103).npy,test
thumbup,thumbup (365),./dataset/skeleton_final_v2/thumbup/thumbup (365).npy,test
paper,paper-set2 (414),./dataset/skeleton_final_v2/paper/paper-set2 (414).npy,test
paper,paper-set2 (356),./dataset/skeleton_final_v2/paper/paper-set2 (356).npy,test
ok,ok_Set2_ (573),./dataset/skeleton_final_v2/ok/ok_Set2_ (573).npy,test
thumbdown,thumbdown (14),./dataset/skeleton_final_v2/thumbdown/thumbdown (14).npy,test
paper,paper_4602,./dataset/skeleton_final_v2/paper/paper_4602.npy,test
paper,paper-set2 (416),./dataset/skeleton_final_v2/paper/paper-set2 (416).npy,test
thumbdown,hand-7-1520,./dataset/skeleton_final_v2/thumbdown/hand-7-1520.npy,test
thumbup,thumbup (87),./dataset/skeleton_final_v2/thumbup/thumbup (87).npy,test
scissors,scissors-set2 (508),./dataset/skeleton_final_v2/scissors/scissors-set2 (508).npy,test
thumbup,hand-7-1320,./dataset/skeleton_final_v2/thumbup/hand-7-1320.npy,test
ok,ok_Set2_ (526),./dataset/skeleton_final_v2/ok/ok_Set2_ (526).npy,test
ok,ok_Set2_ (175),./dataset/skeleton_final_v2/ok/ok_Set2_ (175).npy,test
paper,paper-set2 (52),./dataset/skeleton_final_v2/paper/paper-set2 (52).npy,test
rock,rock (240),./dataset/skeleton_final_v2/rock/rock (240).npy,test
the-finger,the-finger_2254,./dataset/skeleton_final_v2/the-finger/the-finger_2254.npy,test
paper,paper_7153,./dataset/skeleton_final_v2/paper/paper_7153.npy,test
scissors,scissors-set2 (92),./dataset/skeleton_final_v2/scissors/scissors-set2 (92).npy,test
ok,ok_1173,./dataset/skeleton_final_v2/ok/ok_1173.npy,test
the-finger,the-finger-set2 (135),./dataset/skeleton_final_v2/the-finger/the-finger-set2 (135).npy,test
the-finger,the-finger-set2 (316),./dataset/skeleton_final_v2/the-finger/the-finger-set2 (316).npy,test
scissors,scissors-set2 (441),./dataset/skeleton_final_v2/scissors/scissors-set2 (441).npy,test
thumbdown,thumbdown (87),./dataset/skeleton_final_v2/thumbdown/thumbdown (87).npy,test
paper,paper_5458,./dataset/skeleton_final_v2/paper/paper_5458.npy,test
ok,ok_6980,./dataset/skeleton_final_v2/ok/ok_6980.npy,test
scissors,scissors-set2 (171),./dataset/skeleton_final_v2/scissors/scissors-set2 (171).npy,test
ok,ok_8034,./dataset/skeleton_final_v2/ok/ok_8034.npy,test
thumbup,hand-7-1395,./dataset/skeleton_final_v2/thumbup/hand-7-1395.npy,test
thumbdown,thumbdown (73),./dataset/skeleton_final_v2/thumbdown/thumbdown (73).npy,test
scissors,scissors-set2 (494),./dataset/skeleton_final_v2/scissors/scissors-set2 (494).npy,test
paper,paper-set2 (348),./dataset/skeleton_final_v2/paper/paper-set2 (348).npy,test
scissors,scissors_8010,./dataset/skeleton_final_v2/scissors/scissors_8010.npy,test
ok,ok_Set2_ (468),./dataset/skeleton_final_v2/ok/ok_Set2_ (468).npy,test
paper,paper_5156,./dataset/skeleton_final_v2/paper/paper_5156.npy,test
the-finger,the-finger (13),./dataset/skeleton_final_v2/the-finger/the-finger (13).npy,test
paper,paper_3647,./dataset/skeleton_final_v2/paper/paper_3647.npy,test
ok,ok (162),./dataset/skeleton_final_v2/ok/ok (162).npy,test
paper,paper-set2 (275),./dataset/skeleton_final_v2/paper/paper-set2 (275).npy,test
scissors,scissors-set2 (665),./dataset/skeleton_final_v2/scissors/scissors-set2 (665).npy,test
scissors,scissors-set2 (4),./dataset/skeleton_final_v2/scissors/scissors-set2 (4).npy,test
thumbdown,thumbdown_176,./dataset/skeleton_final_v2/thumbdown/thumbdown_176.npy,test
scissors,scissors-set2 (657),./dataset/skeleton_final_v2/scissors/scissors-set2 (657).npy,test
scissors,scissors_6718,./dataset/skeleton_final_v2/scissors/scissors_6718.npy,test
ok,ok_2526,./dataset/skeleton_final_v2/ok/ok_2526.npy,test
thumbdown,thumbdown (211),./dataset/skeleton_final_v2/thumbdown/thumbdown (211).npy,test
thumbup,thumbup (192),./dataset/skeleton_final_v2/thumbup/thumbup (192).npy,test
ok,ok_Set2_ (36),./dataset/skeleton_final_v2/ok/ok_Set2_ (36).npy,test
scissors,scissors (325),./dataset/skeleton_final_v2/scissors/scissors (325).npy,test
ok,ok_Set2_ (285),./dataset/skeleton_final_v2/ok/ok_Set2_ (285).npy,test
thumbdown,hand-10-75,./dataset/skeleton_final_v2/thumbdown/hand-10-75.npy,test
the-finger,the-finger-set2 (436),./dataset/skeleton_final_v2/the-finger/the-finger-set2 (436).npy,test
thumbdown,thumbdown (4),./dataset/skeleton_final_v2/thumbdown/thumbdown (4).npy,test
thumbup,thumbup (189),./dataset/skeleton_final_v2/thumbup/thumbup (189).npy,test
rock,rock (189),./dataset/skeleton_final_v2/rock/rock (189).npy,test
ok,ok_6403,./dataset/skeleton_final_v2/ok/ok_6403.npy,test
thumbup,thumbup (138),./dataset/skeleton_final_v2/thumbup/thumbup (138).npy,test
paper,paper_7621,./dataset/skeleton_final_v2/paper/paper_7621.npy,test
thumbup,thumbup_6415,./dataset/skeleton_final_v2/thumbup/thumbup_6415.npy,test
rock,rock-set2 (220),./dataset/skeleton_final_v2/rock/rock-set2 (220).npy,test
the-finger,the-finger-set2 (383),./dataset/skeleton_final_v2/the-finger/the-finger-set2 (383).npy,test
thumbup,hand-11-2190,./dataset/skeleton_final_v2/thumbup/hand-11-2190.npy,test
ok,ok_5248,./dataset/skeleton_final_v2/ok/ok_5248.npy,test
scissors,scissors-set2 (605),./dataset/skeleton_final_v2/scissors/scissors-set2 (605).npy,test
scissors,scissors-set2 (261),./dataset/skeleton_final_v2/scissors/scissors-set2 (261).npy,test
thumbup,thumbup (199),./dataset/skeleton_final_v2/thumbup/thumbup (199).npy,test
the-finger,the-finger-set2 (297),./dataset/skeleton_final_v2/the-finger/the-finger-set2 (297).npy,test
scissors,scissors_6720,./dataset/skeleton_final_v2/scissors/scissors_6720.npy,test
scissors,scissors-set2 (151),./dataset/skeleton_final_v2/scissors/scissors-set2 (151).npy,test
ok,ok_Set2_ (354),./dataset/skeleton_final_v2/ok/ok_Set2_ (354).npy,test
paper,paper (188),./dataset/skeleton_final_v2/paper/paper (188).npy,test
scissors,scissors (327),./dataset/skeleton_final_v2/scissors/scissors (327).npy,test
thumbup,thumbup_6001,./dataset/skeleton_final_v2/thumbup/thumbup_6001.npy,test
ok,ok_5546,./dataset/skeleton_final_v2/ok/ok_5546.npy,test
scissors,scissors-set2 (19),./dataset/skeleton_final_v2/scissors/scissors-set2 (19).npy,test
paper,paper-set2 (266),./dataset/skeleton_final_v2/paper/paper-set2 (266).npy,test
the-finger,the-finger (119),./dataset/skeleton_final_v2/the-finger/the-finger (119).npy,test
the-finger,the-finger_6274,./dataset/skeleton_final_v2/the-finger/the-finger_6274.npy,test
thumbdown,thumbdown_855,./dataset/skeleton_final_v2/thumbdown/thumbdown_855.npy,test
rock,rock_8418,./dataset/skeleton_final_v2/rock/rock_8418.npy,test
ok,ok_71,./dataset/skeleton_final_v2/ok/ok_71.npy,test
thumbdown,thumbdown_3239,./dataset/skeleton_final_v2/thumbdown/thumbdown_3239.npy,test
scissors,scissors-set2 (620),./dataset/skeleton_final_v2/scissors/scissors-set2 (620).npy,test
paper,paper_1013,./dataset/skeleton_final_v2/paper/paper_1013.npy,test
thumbdown,hand-11-850,./dataset/skeleton_final_v2/thumbdown/hand-11-850.npy,test
paper,paper (67),./dataset/skeleton_final_v2/paper/paper (67).npy,test
scissors,scissors_6969,./dataset/skeleton_final_v2/scissors/scissors_6969.npy,test
thumbup,hand-9-1550,./dataset/skeleton_final_v2/thumbup/hand-9-1550.npy,test
paper,paper_3687,./dataset/skeleton_final_v2/paper/paper_3687.npy,test
ok,ok_Set2_ (323),./dataset/skeleton_final_v2/ok/ok_Set2_ (323).npy,test
thumbdown,thumbdown (300),./dataset/skeleton_final_v2/thumbdown/thumbdown (300).npy,test
thumbdown,thumbdown (269),./dataset/skeleton_final_v2/thumbdown/thumbdown (269).npy,test
scissors,scissors_2609,./dataset/skeleton_final_v2/scissors/scissors_2609.npy,test
scissors,scissors_5753,./dataset/skeleton_final_v2/scissors/scissors_5753.npy,test
ok,ok_Set2_ (26),./dataset/skeleton_final_v2/ok/ok_Set2_ (26).npy,test
the-finger,the-finger_7270,./dataset/skeleton_final_v2/the-finger/the-finger_7270.npy,test
thumbup,thumbup_1650,./dataset/skeleton_final_v2/thumbup/thumbup_1650.npy,test
paper,paper_6709,./dataset/skeleton_final_v2/paper/paper_6709.npy,test
the-finger,the-finger (59),./dataset/skeleton_final_v2/the-finger/the-finger (59).npy,test
scissors,scissors-set2 (710),./dataset/skeleton_final_v2/scissors/scissors-set2 (710).npy,test
thumbdown,thumbdown_6251,./dataset/skeleton_final_v2/thumbdown/thumbdown_6251.npy,test
paper,paper-set2 (360),./dataset/skeleton_final_v2/paper/paper-set2 (360).npy,test
the-finger,the-finger_7273,./dataset/skeleton_final_v2/the-finger/the-finger_7273.npy,test
the-finger,the-finger-set2 (71),./dataset/skeleton_final_v2/the-finger/the-finger-set2 (71).npy,test
thumbup,thumbup (21),./dataset/skeleton_final_v2/thumbup/thumbup (21).npy,test
rock,rock_302,./dataset/skeleton_final_v2/rock/rock_302.npy,test
paper,paper_3693,./dataset/skeleton_final_v2/paper/paper_3693.npy,test
paper,paper-set2 (391),./dataset/skeleton_final_v2/paper/paper-set2 (391).npy,test
scissors,scissors (36),./dataset/skeleton_final_v2/scissors/scissors (36).npy,test
thumbup,hand-9-1570,./dataset/skeleton_final_v2/thumbup/hand-9-1570.npy,test
ok,ok_791,./dataset/skeleton_final_v2/ok/ok_791.npy,test
paper,paper-set2 (90),./dataset/skeleton_final_v2/paper/paper-set2 (90).npy,test
paper,paper-set2 (486),./dataset/skeleton_final_v2/paper/paper-set2 (486).npy,test
rock,rock (99),./dataset/skeleton_final_v2/rock/rock (99).npy,test
thumbup,thumbup (180),./dataset/skeleton_final_v2/thumbup/thumbup (180).npy,test
thumbdown,thumbdown (125),./dataset/skeleton_final_v2/thumbdown/thumbdown (125).npy,test
thumbdown,thumbdown_6850,./dataset/skeleton_final_v2/thumbdown/thumbdown_6850.npy,test
scissors,scissors (24),./dataset/skeleton_final_v2/scissors/scissors (24).npy,test
thumbdown,thumbdown (325),./dataset/skeleton_final_v2/thumbdown/thumbdown (325).npy,test
the-finger,the-finger-set2 (408),./dataset/skeleton_final_v2/the-finger/the-finger-set2 (408).npy,test
thumbup,thumbup_6210,./dataset/skeleton_final_v2/thumbup/thumbup_6210.npy,test
ok,ok_Set2_ (509),./dataset/skeleton_final_v2/ok/ok_Set2_ (509).npy,test
scissors,scissors_8776,./dataset/skeleton_final_v2/scissors/scissors_8776.npy,test
thumbup,thumbup_8950,./dataset/skeleton_final_v2/thumbup/thumbup_8950.npy,test
paper,paper-set2 (226),./dataset/skeleton_final_v2/paper/paper-set2 (226).npy,test
thumbup,thumbup (260),./dataset/skeleton_final_v2/thumbup/thumbup (260).npy,test
paper,paper-set2 (7),./dataset/skeleton_final_v2/paper/paper-set2 (7).npy,test
ok,ok_2027,./dataset/skeleton_final_v2/ok/ok_2027.npy,test
thumbup,thumbup (340),./dataset/skeleton_final_v2/thumbup/thumbup (340).npy,test
rock,rock_8372,./dataset/skeleton_final_v2/rock/rock_8372.npy,test
the-finger,the-finger-set2 (318),./dataset/skeleton_final_v2/the-finger/the-finger-set2 (318).npy,test
ok,ok_Set2_ (349),./dataset/skeleton_final_v2/ok/ok_Set2_ (349).npy,test
ok,ok_Set2_ (28),./dataset/skeleton_final_v2/ok/ok_Set2_ (28).npy,test
scissors,scissors (387),./dataset/skeleton_final_v2/scissors/scissors (387).npy,test
thumbup,thumbup_7049,./dataset/skeleton_final_v2/thumbup/thumbup_7049.npy,test
scissors,scissors-set2 (327),./dataset/skeleton_final_v2/scissors/scissors-set2 (327).npy,test
scissors,scissors_6559,./dataset/skeleton_final_v2/scissors/scissors_6559.npy,test
the-finger,the-finger (15),./dataset/skeleton_final_v2/the-finger/the-finger (15).npy,test
the-finger,the-finger_6471,./dataset/skeleton_final_v2/the-finger/the-finger_6471.npy,test
the-finger,the-finger (71),./dataset/skeleton_final_v2/the-finger/the-finger (71).npy,test
the-finger,the-finger-set2 (249),./dataset/skeleton_final_v2/the-finger/the-finger-set2 (249).npy,test
ok,ok_Set2_ (8),./dataset/skeleton_final_v2/ok/ok_Set2_ (8).npy,test
thumbup,thumbup (257),./dataset/skeleton_final_v2/thumbup/thumbup (257).npy,test
scissors,scissors-set2 (156),./dataset/skeleton_final_v2/scissors/scissors-set2 (156).npy,test
paper,paper-set2 (452),./dataset/skeleton_final_v2/paper/paper-set2 (452).npy,test
ok,ok_Set2_ (554),./dataset/skeleton_final_v2/ok/ok_Set2_ (554).npy,test
the-finger,the-finger_7810,./dataset/skeleton_final_v2/the-finger/the-finger_7810.npy,test
the-finger,the-finger-set2 (222),./dataset/skeleton_final_v2/the-finger/the-finger-set2 (222).npy,test
paper,paper (269),./dataset/skeleton_final_v2/paper/paper (269).npy,test
the-finger,the-finger-set2 (165),./dataset/skeleton_final_v2/the-finger/the-finger-set2 (165).npy,test
thumbdown,thumbdown_7449,./dataset/skeleton_final_v2/thumbdown/thumbdown_7449.npy,test
thumbup,thumbup_2057,./dataset/skeleton_final_v2/thumbup/thumbup_2057.npy,test
scissors,scissors-set2 (636),./dataset/skeleton_final_v2/scissors/scissors-set2 (636).npy,test
thumbup,thumbup (270),./dataset/skeleton_final_v2/thumbup/thumbup (270).npy,test
the-finger,the-finger_6877,./dataset/skeleton_final_v2/the-finger/the-finger_6877.npy,test
ok,ok_Set2_ (236),./dataset/skeleton_final_v2/ok/ok_Set2_ (236).npy,test
paper,paper-set2 (484),./dataset/skeleton_final_v2/paper/paper-set2 (484).npy,test
thumbdown,thumbdown_6039,./dataset/skeleton_final_v2/thumbdown/thumbdown_6039.npy,test
scissors,scissors_5175,./dataset/skeleton_final_v2/scissors/scissors_5175.npy,test
thumbdown,thumbdown (201),./dataset/skeleton_final_v2/thumbdown/thumbdown (201).npy,test
thumbup,thumbup (434),./dataset/skeleton_final_v2/thumbup/thumbup (434).npy,test
paper,paper-set2 (87),./dataset/skeleton_final_v2/paper/paper-set2 (87).npy,test
the-finger,the-finger_3517,./dataset/skeleton_final_v2/the-finger/the-finger_3517.npy,test
scissors,scissors-set2 (687),./dataset/skeleton_final_v2/scissors/scissors-set2 (687).npy,test
thumbup,thumbup (275),./dataset/skeleton_final_v2/thumbup/thumbup (275).npy,test
thumbdown,hand-10-2675,./dataset/skeleton_final_v2/thumbdown/hand-10-2675.npy,test
paper,paper_1444,./dataset/skeleton_final_v2/paper/paper_1444.npy,test
thumbup,thumbup_6782,./dataset/skeleton_final_v2/thumbup/thumbup_6782.npy,test
scissors,scissors_8810,./dataset/skeleton_final_v2/scissors/scissors_8810.npy,test
scissors,scissors (289),./dataset/skeleton_final_v2/scissors/scissors (289).npy,test
scissors,scissors-set2 (253),./dataset/skeleton_final_v2/scissors/scissors-set2 (253).npy,test
rock,rock-set2 (110),./dataset/skeleton_final_v2/rock/rock-set2 (110).npy,test
paper,paper (155),./dataset/skeleton_final_v2/paper/paper (155).npy,test
thumbup,thumbup (440),./dataset/skeleton_final_v2/thumbup/thumbup (440).npy,test
rock,rock-set2 (576),./dataset/skeleton_final_v2/rock/rock-set2 (576).npy,test
the-finger,the-finger-set2 (389),./dataset/skeleton_final_v2/the-finger/the-finger-set2 (389).npy,test
paper,paper_3636,./dataset/skeleton_final_v2/paper/paper_3636.npy,test
paper,paper (42),./dataset/skeleton_final_v2/paper/paper (42).npy,test
scissors,scissors (31),./dataset/skeleton_final_v2/scissors/scissors (31).npy,test
scissors,scissors-set2 (656),./dataset/skeleton_final_v2/scissors/scissors-set2 (656).npy,test
scissors,scissors-set2 (391),./dataset/skeleton_final_v2/scissors/scissors-set2 (391).npy,test
ok,ok_Set2_ (83),./dataset/skeleton_final_v2/ok/ok_Set2_ (83).npy,test
thumbup,hand-10-220,./dataset/skeleton_final_v2/thumbup/hand-10-220.npy,test
thumbdown,thumbdown (150),./dataset/skeleton_final_v2/thumbdown/thumbdown (150).npy,test
ok,ok_5266,./dataset/skeleton_final_v2/ok/ok_5266.npy,test
thumbdown,thumbdown (227),./dataset/skeleton_final_v2/thumbdown/thumbdown (227).npy,test
paper,paper_1858,./dataset/skeleton_final_v2/paper/paper_1858.npy,test
thumbup,thumbup (338),./dataset/skeleton_final_v2/thumbup/thumbup (338).npy,test
thumbdown,thumbdown (337),./dataset/skeleton_final_v2/thumbdown/thumbdown (337).npy,test
the-finger,the-finger-set2 (40),./dataset/skeleton_final_v2/the-finger/the-finger-set2 (40).npy,test
ok,ok_Set2_ (172),./dataset/skeleton_final_v2/ok/ok_Set2_ (172).npy,test
scissors,scissors-set2 (689),./dataset/skeleton_final_v2/scissors/scissors-set2 (689).npy,test
scissors,scissors-set2 (345),./dataset/skeleton_final_v2/scissors/scissors-set2 (345).npy,test
rock,rock-set2 (309),./dataset/skeleton_final_v2/rock/rock-set2 (309).npy,test
rock,rock (16),./dataset/skeleton_final_v2/rock/rock (16).npy,test
scissors,scissors_7178,./dataset/skeleton_final_v2/scissors/scissors_7178.npy,test
the-finger,the-finger-set2 (177),./dataset/skeleton_final_v2/the-finger/the-finger-set2 (177).npy,test
thumbup,thumbup_7202,./dataset/skeleton_final_v2/thumbup/thumbup_7202.npy,test
the-finger,the-finger (70),./dataset/skeleton_final_v2/the-finger/the-finger (70).npy,test
scissors,scissors_7972,./dataset/skeleton_final_v2/scissors/scissors_7972.npy,test
paper,paper_2467,./dataset/skeleton_final_v2/paper/paper_2467.npy,test
paper,paper_3806,./dataset/skeleton_final_v2/paper/paper_3806.npy,test
ok,ok_5780,./dataset/skeleton_final_v2/ok/ok_5780.npy,test
scissors,scissors-set2 (727),./dataset/skeleton_final_v2/scissors/scissors-set2 (727).npy,test
rock,rock-set2 (148),./dataset/skeleton_final_v2/rock/rock-set2 (148).npy,test
rock,rock (200),./dataset/skeleton_final_v2/rock/rock (200).npy,test
thumbup,thumbup (410),./dataset/skeleton_final_v2/thumbup/thumbup (410).npy,test
paper,paper (35),./dataset/skeleton_final_v2/paper/paper (35).npy,test
scissors,scissors-set2 (65),./dataset/skeleton_final_v2/scissors/scissors-set2 (65).npy,test
thumbdown,hand-7-1655,./dataset/skeleton_final_v2/thumbdown/hand-7-1655.npy,test
ok,ok_5552,./dataset/skeleton_final_v2/ok/ok_5552.npy,test
the-finger,the-finger-set2 (90),./dataset/skeleton_final_v2/the-finger/the-finger-set2 (90).npy,test
scissors,scissors_3874,./dataset/skeleton_final_v2/scissors/scissors_3874.npy,test
rock,rock-set2 (221),./dataset/skeleton_final_v2/rock/rock-set2 (221).npy,test
scissors,scissors (465),./dataset/skeleton_final_v2/scissors/scissors (465).npy,test
ok,ok_2750,./dataset/skeleton_final_v2/ok/ok_2750.npy,test
paper,paper_716,./dataset/skeleton_final_v2/paper/paper_716.npy,test
the-finger,the-finger-set2 (178),./dataset/skeleton_final_v2/the-finger/the-finger-set2 (178).npy,test
scissors,scissors (375),./dataset/skeleton_final_v2/scissors/scissors (375).npy,test
thumbdown,thumbdown (6),./dataset/skeleton_final_v2/thumbdown/thumbdown (6).npy,test
thumbdown,thumbdown (167),./dataset/skeleton_final_v2/thumbdown/thumbdown (167).npy,test
paper,paper-set2 (284),./dataset/skeleton_final_v2/paper/paper-set2 (284).npy,test
scissors,scissors-set2 (316),./dataset/skeleton_final_v2/scissors/scissors-set2 (316).npy,test
the-finger,the-finger_7846,./dataset/skeleton_final_v2/the-finger/the-finger_7846.npy,test
thumbup,thumbup (22),./dataset/skeleton_final_v2/thumbup/thumbup (22).npy,test
thumbup,thumbup (208),./dataset/skeleton_final_v2/thumbup/thumbup (208).npy,test
scissors,scissors-set2 (204),./dataset/skeleton_final_v2/scissors/scissors-set2 (204).npy,test
thumbup,hand-10-440,./dataset/skeleton_final_v2/thumbup/hand-10-440.npy,test
paper,paper_6353,./dataset/skeleton_final_v2/paper/paper_6353.npy,test
thumbup,hand-7-1360,./dataset/skeleton_final_v2/thumbup/hand-7-1360.npy,test
scissors,scissors-set2 (323),./dataset/skeleton_final_v2/scissors/scissors-set2 (323).npy,test
paper,paper_8752,./dataset/skeleton_final_v2/paper/paper_8752.npy,test
thumbdown,thumbdown (25),./dataset/skeleton_final_v2/thumbdown/thumbdown (25).npy,test
scissors,scissors (200),./dataset/skeleton_final_v2/scissors/scissors (200).npy,test
paper,paper_7944,./dataset/skeleton_final_v2/paper/paper_7944.npy,test
paper,paper_7322,./dataset/skeleton_final_v2/paper/paper_7322.npy,test
thumbup,thumbup (107),./dataset/skeleton_final_v2/thumbup/thumbup (107).npy,test
ok,ok (250),./dataset/skeleton_final_v2/ok/ok (250).npy,test
scissors,scissors_3841,./dataset/skeleton_final_v2/scissors/scissors_3841.npy,test
scissors,scissors-set2 (64),./dataset/skeleton_final_v2/scissors/scissors-set2 (64).npy,test
the-finger,the-finger_5366,./dataset/skeleton_final_v2/the-finger/the-finger_5366.npy,test
paper,paper-set2 (370),./dataset/skeleton_final_v2/paper/paper-set2 (370).npy,test
scissors,scissors (442),./dataset/skeleton_final_v2/scissors/scissors (442).npy,test
thumbdown,thumbdown (234),./dataset/skeleton_final_v2/thumbdown/thumbdown (234).npy,test
the-finger,the-finger-set2 (423),./dataset/skeleton_final_v2/the-finger/the-finger-set2 (423).npy,test
paper,paper-set2 (204),./dataset/skeleton_final_v2/paper/paper-set2 (204).npy,test
paper,paper-set2 (170),./dataset/skeleton_final_v2/paper/paper-set2 (170).npy,test
paper,paper (74),./dataset/skeleton_final_v2/paper/paper (74).npy,test
the-finger,the-finger_7079,./dataset/skeleton_final_v2/the-finger/the-finger_7079.npy,test
scissors,scissors-set2 (524),./dataset/skeleton_final_v2/scissors/scissors-set2 (524).npy,test
scissors,scissors (371),./dataset/skeleton_final_v2/scissors/scissors (371).npy,test
scissors,scissors (133),./dataset/skeleton_final_v2/scissors/scissors (133).npy,test
scissors,scissors (451),./dataset/skeleton_final_v2/scissors/scissors (451).npy,test
ok,ok_2774,./dataset/skeleton_final_v2/ok/ok_2774.npy,test
thumbup,thumbup_1704,./dataset/skeleton_final_v2/thumbup/thumbup_1704.npy,test
thumbup,thumbup (133),./dataset/skeleton_final_v2/thumbup/thumbup (133).npy,test
scissors,scissors-set2 (302),./dataset/skeleton_final_v2/scissors/scissors-set2 (302).npy,test
ok,ok_Set2_ (552),./dataset/skeleton_final_v2/ok/ok_Set2_ (552).npy,test
thumbup,thumbup (204),./dataset/skeleton_final_v2/thumbup/thumbup (204).npy,test
thumbup,thumbup (57),./dataset/skeleton_final_v2/thumbup/thumbup (57).npy,test
the-finger,the-finger-set2 (262),./dataset/skeleton_final_v2/the-finger/the-finger-set2 (262).npy,test
paper,paper_6348,./dataset/skeleton_final_v2/paper/paper_6348.npy,test
ok,ok_Set2_ (156),./dataset/skeleton_final_v2/ok/ok_Set2_ (156).npy,test
the-finger,the-finger_7258,./dataset/skeleton_final_v2/the-finger/the-finger_7258.npy,test
scissors,scissors-set2 (420),./dataset/skeleton_final_v2/scissors/scissors-set2 (420).npy,test
thumbdown,hand-11-780,./dataset/skeleton_final_v2/thumbdown/hand-11-780.npy,test
the-finger,the-finger-set2 (67),./dataset/skeleton_final_v2/the-finger/the-finger-set2 (67).npy,test
scissors,scissors_6722,./dataset/skeleton_final_v2/scissors/scissors_6722.npy,test
ok,ok_Set2_ (184),./dataset/skeleton_final_v2/ok/ok_Set2_ (184).npy,test
the-finger,the-finger_6071,./dataset/skeleton_final_v2/the-finger/the-finger_6071.npy,test
thumbdown,thumbdown_7796,./dataset/skeleton_final_v2/thumbdown/thumbdown_7796.npy,test
paper,paper_1031,./dataset/skeleton_final_v2/paper/paper_1031.npy,test
paper,paper_5902,./dataset/skeleton_final_v2/paper/paper_5902.npy,test
paper,paper-set2 (198),./dataset/skeleton_final_v2/paper/paper-set2 (198).npy,test
thumbup,thumbup (91),./dataset/skeleton_final_v2/thumbup/thumbup (91).npy,test
ok,ok_Set2_ (120),./dataset/skeleton_final_v2/ok/ok_Set2_ (120).npy,test
thumbup,thumbup_4172,./dataset/skeleton_final_v2/thumbup/thumbup_4172.npy,test
the-finger,the-finger-set2 (156),./dataset/skeleton_final_v2/the-finger/the-finger-set2 (156).npy,test
paper,paper-set2 (473),./dataset/skeleton_final_v2/paper/paper-set2 (473).npy,test
thumbup,thumbup (224),./dataset/skeleton_final_v2/thumbup/thumbup (224).npy,test
paper,paper_7954,./dataset/skeleton_final_v2/paper/paper_7954.npy,test
scissors,scissors-set2 (61),./dataset/skeleton_final_v2/scissors/scissors-set2 (61).npy,test
the-finger,the-finger_6469,./dataset/skeleton_final_v2/the-finger/the-finger_6469.npy,test
scissors,scissors-set2 (224),./dataset/skeleton_final_v2/scissors/scissors-set2 (224).npy,test
ok,ok_7688,./dataset/skeleton_final_v2/ok/ok_7688.npy,test
scissors,scissors_5193,./dataset/skeleton_final_v2/scissors/scissors_5193.npy,test
thumbup,thumbup (463),./dataset/skeleton_final_v2/thumbup/thumbup (463).npy,test
the-finger,the-finger (143),./dataset/skeleton_final_v2/the-finger/the-finger (143).npy,test
rock,rock_3155,./dataset/skeleton_final_v2/rock/rock_3155.npy,test
the-finger,the-finger_634,./dataset/skeleton_final_v2/the-finger/the-finger_634.npy,test
ok,ok_2652,./dataset/skeleton_final_v2/ok/ok_2652.npy,test
ok,ok_Set2_ (121),./dataset/skeleton_final_v2/ok/ok_Set2_ (121).npy,test
thumbdown,thumbdown_5599,./dataset/skeleton_final_v2/thumbdown/thumbdown_5599.npy,test
paper,paper_5890,./dataset/skeleton_final_v2/paper/paper_5890.npy,test
paper,paper_5465,./dataset/skeleton_final_v2/paper/paper_5465.npy,test
paper,paper-set2 (187),./dataset/skeleton_final_v2/paper/paper-set2 (187).npy,test
the-finger,the-finger-set2 (420),./dataset/skeleton_final_v2/the-finger/the-finger-set2 (420).npy,test
paper,paper_6346,./dataset/skeleton_final_v2/paper/paper_6346.npy,test
scissors,scissors-set2 (618),./dataset/skeleton_final_v2/scissors/scissors-set2 (618).npy,test
the-finger,the-finger (85),./dataset/skeleton_final_v2/the-finger/the-finger (85).npy,test
ok,ok (24),./dataset/skeleton_final_v2/ok/ok (24).npy,test
thumbdown,thumbdown_5654,./dataset/skeleton_final_v2/thumbdown/thumbdown_5654.npy,test
thumbdown,thumbdown_5327,./dataset/skeleton_final_v2/thumbdown/thumbdown_5327.npy,test
the-finger,the-finger-set2 (330),./dataset/skeleton_final_v2/the-finger/the-finger-set2 (330).npy,test
ok,ok_6750,./dataset/skeleton_final_v2/ok/ok_6750.npy,test
paper,paper_7143,./dataset/skeleton_final_v2/paper/paper_7143.npy,test
scissors,scissors-set2 (257),./dataset/skeleton_final_v2/scissors/scissors-set2 (257).npy,test
paper,paper-set2 (239),./dataset/skeleton_final_v2/paper/paper-set2 (239).npy,test
scissors,scissors (188),./dataset/skeleton_final_v2/scissors/scissors (188).npy,test
scissors,scissors-set2 (15),./dataset/skeleton_final_v2/scissors/scissors-set2 (15).npy,test
scissors,scissors-set2 (207),./dataset/skeleton_final_v2/scissors/scissors-set2 (207).npy,test
the-finger,the-finger-set2 (387),./dataset/skeleton_final_v2/the-finger/the-finger-set2 (387).npy,test
scissors,scissors_5484,./dataset/skeleton_final_v2/scissors/scissors_5484.npy,test
the-finger,the-finger_6081,./dataset/skeleton_final_v2/the-finger/the-finger_6081.npy,test
scissors,scissors-set2 (371),./dataset/skeleton_final_v2/scissors/scissors-set2 (371).npy,test
the-finger,the-finger_1366,./dataset/skeleton_final_v2/the-finger/the-finger_1366.npy,test
ok,ok_Set2_ (562),./dataset/skeleton_final_v2/ok/ok_Set2_ (562).npy,test
scissors,scissors-set2 (744),./dataset/skeleton_final_v2/scissors/scissors-set2 (744).npy,test
scissors,scissors-set2 (685),./dataset/skeleton_final_v2/scissors/scissors-set2 (685).npy,test
rock,rock-set2 (196),./dataset/skeleton_final_v2/rock/rock-set2 (196).npy,test
scissors,scissors-set2 (59),./dataset/skeleton_final_v2/scissors/scissors-set2 (59).npy,test
scissors,scissors-set2 (639),./dataset/skeleton_final_v2/scissors/scissors-set2 (639).npy,test
scissors,scissors-set2 (105),./dataset/skeleton_final_v2/scissors/scissors-set2 (105).npy,test
paper,paper_6526,./dataset/skeleton_final_v2/paper/paper_6526.npy,test
paper,paper (144),./dataset/skeleton_final_v2/paper/paper (144).npy,test
thumbup,hand-10-460,./dataset/skeleton_final_v2/thumbup/hand-10-460.npy,test
thumbdown,thumbdown_5607,./dataset/skeleton_final_v2/thumbdown/thumbdown_5607.npy,test
ok,ok_Set2_ (433),./dataset/skeleton_final_v2/ok/ok_Set2_ (433).npy,test
thumbup,thumbup_2093,./dataset/skeleton_final_v2/thumbup/thumbup_2093.npy,test
paper,paper (169),./dataset/skeleton_final_v2/paper/paper (169).npy,test
thumbdown,thumbdown (310),./dataset/skeleton_final_v2/thumbdown/thumbdown (310).npy,test
scissors,scissors-set2 (164),./dataset/skeleton_final_v2/scissors/scissors-set2 (164).npy,test
scissors,scissors (323),./dataset/skeleton_final_v2/scissors/scissors (323).npy,test
scissors,scissors-set2 (159),./dataset/skeleton_final_v2/scissors/scissors-set2 (159).npy,test
scissors,scissors-set2 (612),./dataset/skeleton_final_v2/scissors/scissors-set2 (612).npy,test
the-finger,the-finger-set2 (386),./dataset/skeleton_final_v2/the-finger/the-finger-set2 (386).npy,test
paper,paper (104),./dataset/skeleton_final_v2/paper/paper (104).npy,test
the-finger,the-finger-set2 (29),./dataset/skeleton_final_v2/the-finger/the-finger-set2 (29).npy,test
paper,paper-set2 (295),./dataset/skeleton_final_v2/paper/paper-set2 (295).npy,test
thumbup,thumbup_7754,./dataset/skeleton_final_v2/thumbup/thumbup_7754.npy,test
thumbup,thumbup (366),./dataset/skeleton_final_v2/thumbup/thumbup (366).npy,test
thumbdown,hand-11-875,./dataset/skeleton_final_v2/thumbdown/hand-11-875.npy,test
ok,ok_Set2_ (489),./dataset/skeleton_final_v2/ok/ok_Set2_ (489).npy,test
scissors,scissors-set2 (707),./dataset/skeleton_final_v2/scissors/scissors-set2 (707).npy,test
scissors,scissors-set2 (359),./dataset/skeleton_final_v2/scissors/scissors-set2 (359).npy,test
scissors,scissors (38),./dataset/skeleton_final_v2/scissors/scissors (38).npy,test
paper,paper-set2 (459),./dataset/skeleton_final_v2/paper/paper-set2 (459).npy,test
thumbup,hand-10-470,./dataset/skeleton_final_v2/thumbup/hand-10-470.npy,test
thumbdown,thumbdown_8572,./dataset/skeleton_final_v2/thumbdown/thumbdown_8572.npy,test
ok,ok_Set2_ (521),./dataset/skeleton_final_v2/ok/ok_Set2_ (521).npy,test
ok,ok_Set2_ (427),./dataset/skeleton_final_v2/ok/ok_Set2_ (427).npy,test
the-finger,the-finger_7274,./dataset/skeleton_final_v2/the-finger/the-finger_7274.npy,test
paper,paper_9132,./dataset/skeleton_final_v2/paper/paper_9132.npy,test
thumbup,thumbup_9338,./dataset/skeleton_final_v2/thumbup/thumbup_9338.npy,test
ok,ok_Set2_ (144),./dataset/skeleton_final_v2/ok/ok_Set2_ (144).npy,test
thumbup,thumbup_4170,./dataset/skeleton_final_v2/thumbup/thumbup_4170.npy,test
paper,paper_6926,./dataset/skeleton_final_v2/paper/paper_6926.npy,test
scissors,scissors-set2 (533),./dataset/skeleton_final_v2/scissors/scissors-set2 (533).npy,test
thumbup,thumbup_4184,./dataset/skeleton_final_v2/thumbup/thumbup_4184.npy,test
paper,paper_6514,./dataset/skeleton_final_v2/paper/paper_6514.npy,test
thumbdown,thumbdown_845,./dataset/skeleton_final_v2/thumbdown/thumbdown_845.npy,test
paper,paper_7310,./dataset/skeleton_final_v2/paper/paper_7310.npy,test
thumbdown,thumbdown (16),./dataset/skeleton_final_v2/thumbdown/thumbdown (16).npy,test
the-finger,the-finger_3486,./dataset/skeleton_final_v2/the-finger/the-finger_3486.npy,test
the-finger,the-finger-set2 (254),./dataset/skeleton_final_v2/the-finger/the-finger-set2 (254).npy,test
paper,paper_3660,./dataset/skeleton_final_v2/paper/paper_3660.npy,test
the-finger,the-finger-set2 (413),./dataset/skeleton_final_v2/the-finger/the-finger-set2 (413).npy,test
paper,paper (203),./dataset/skeleton_final_v2/paper/paper (203).npy,test
paper,paper-set2 (489),./dataset/skeleton_final_v2/paper/paper-set2 (489).npy,test
ok,ok_Set2_ (436),./dataset/skeleton_final_v2/ok/ok_Set2_ (436).npy,test
paper,paper (294),./dataset/skeleton_final_v2/paper/paper (294).npy,test
paper,paper-set2 (474),./dataset/skeleton_final_v2/paper/paper-set2 (474).npy,test
thumbup,thumbup (319),./dataset/skeleton_final_v2/thumbup/thumbup (319).npy,test
ok,ok (205),./dataset/skeleton_final_v2/ok/ok (205).npy,test
scissors,scissors-set2 (313),./dataset/skeleton_final_v2/scissors/scissors-set2 (313).npy,test
the-finger,the-finger_6287,./dataset/skeleton_final_v2/the-finger/the-finger_6287.npy,test
the-finger,the-finger-set2 (20),./dataset/skeleton_final_v2/the-finger/the-finger-set2 (20).npy,test
scissors,scissors-set2 (737),./dataset/skeleton_final_v2/scissors/scissors-set2 (737).npy,test
paper,paper (53),./dataset/skeleton_final_v2/paper/paper (53).npy,test
paper,paper (68),./dataset/skeleton_final_v2/paper/paper (68).npy,test
thumbup,hand-10-430,./dataset/skeleton_final_v2/thumbup/hand-10-430.npy,test
ok,ok_Set2_ (306),./dataset/skeleton_final_v2/ok/ok_Set2_ (306).npy,test
paper,paper-set2 (371),./dataset/skeleton_final_v2/paper/paper-set2 (371).npy,test
thumbdown,thumbdown (130),./dataset/skeleton_final_v2/thumbdown/thumbdown (130).npy,test
thumbup,hand-7-1425,./dataset/skeleton_final_v2/thumbup/hand-7-1425.npy,test
scissors,scissors_4627,./dataset/skeleton_final_v2/scissors/scissors_4627.npy,test
thumbup,thumbup (174),./dataset/skeleton_final_v2/thumbup/thumbup (174).npy,test
paper,paper (129),./dataset/skeleton_final_v2/paper/paper (129).npy,test
thumbdown,thumbdown_3204,./dataset/skeleton_final_v2/thumbdown/thumbdown_3204.npy,test
thumbdown,hand-7-1700,./dataset/skeleton_final_v2/thumbdown/hand-7-1700.npy,test
scissors,scissors-set2 (357),./dataset/skeleton_final_v2/scissors/scissors-set2 (357).npy,test
rock,rock (230),./dataset/skeleton_final_v2/rock/rock (230).npy,test
scissors,scissors-set2 (683),./dataset/skeleton_final_v2/scissors/scissors-set2 (683).npy,test
scissors,scissors_2795,./dataset/skeleton_final_v2/scissors/scissors_2795.npy,test
rock,rock-set2 (353),./dataset/skeleton_final_v2/rock/rock-set2 (353).npy,test
scissors,scissors (293),./dataset/skeleton_final_v2/scissors/scissors (293).npy,test
paper,paper_3650,./dataset/skeleton_final_v2/paper/paper_3650.npy,test
the-finger,the-finger_616,./dataset/skeleton_final_v2/the-finger/the-finger_616.npy,test
scissors,scissors-set2 (654),./dataset/skeleton_final_v2/scissors/scissors-set2 (654).npy,test
thumbup,thumbup (166),./dataset/skeleton_final_v2/thumbup/thumbup (166).npy,test
rock,rock-set2 (425),./dataset/skeleton_final_v2/rock/rock-set2 (425).npy,test
paper,paper (274),./dataset/skeleton_final_v2/paper/paper (274).npy,test
scissors,scissors_5735,./dataset/skeleton_final_v2/scissors/scissors_5735.npy,test
thumbup,thumbup (6),./dataset/skeleton_final_v2/thumbup/thumbup (6).npy,test
the-finger,the-finger (60),./dataset/skeleton_final_v2/the-finger/the-finger (60).npy,test
thumbup,hand-9-1635,./dataset/skeleton_final_v2/thumbup/hand-9-1635.npy,test
the-finger,the-finger-set2 (421),./dataset/skeleton_final_v2/the-finger/the-finger-set2 (421).npy,test
rock,rock_7906,./dataset/skeleton_final_v2/rock/rock_7906.npy,test
the-finger,the-finger_6060,./dataset/skeleton_final_v2/the-finger/the-finger_6060.npy,test
thumbdown,thumbdown (105),./dataset/skeleton_final_v2/thumbdown/thumbdown (105).npy,test
paper,paper-set2 (16),./dataset/skeleton_final_v2/paper/paper-set2 (16).npy,test
rock,rock_20,./dataset/skeleton_final_v2/rock/rock_20.npy,test
ok,ok (252),./dataset/skeleton_final_v2/ok/ok (252).npy,test
scissors,scissors_5229,./dataset/skeleton_final_v2/scissors/scissors_5229.npy,test
thumbdown,thumbdown_5818,./dataset/skeleton_final_v2/thumbdown/thumbdown_5818.npy,test
thumbdown,thumbdown_7794,./dataset/skeleton_final_v2/thumbdown/thumbdown_7794.npy,test
the-finger,the-finger_1345,./dataset/skeleton_final_v2/the-finger/the-finger_1345.npy,test
paper,paper-set2 (28),./dataset/skeleton_final_v2/paper/paper-set2 (28).npy,test
scissors,scissors-set2 (437),./dataset/skeleton_final_v2/scissors/scissors-set2 (437).npy,test
thumbdown,thumbdown_4349,./dataset/skeleton_final_v2/thumbdown/thumbdown_4349.npy,test
scissors,scissors-set2 (424),./dataset/skeleton_final_v2/scissors/scissors-set2 (424).npy,test
ok,ok (37),./dataset/skeleton_final_v2/ok/ok (37).npy,test
thumbup,thumbup (51),./dataset/skeleton_final_v2/thumbup/thumbup (51).npy,test
ok,ok_Set2_ (333),./dataset/skeleton_final_v2/ok/ok_Set2_ (333).npy,test
paper,paper_6700,./dataset/skeleton_final_v2/paper/paper_6700.npy,test
the-finger,the-finger_6074,./dataset/skeleton_final_v2/the-finger/the-finger_6074.npy,test
scissors,scissors (348),./dataset/skeleton_final_v2/scissors/scissors (348).npy,test
thumbup,thumbup_3002,./dataset/skeleton_final_v2/thumbup/thumbup_3002.npy,test
ok,ok_2959,./dataset/skeleton_final_v2/ok/ok_2959.npy,test
scissors,scissors-set2 (559),./dataset/skeleton_final_v2/scissors/scissors-set2 (559).npy,test
thumbup,thumbup (441),./dataset/skeleton_final_v2/thumbup/thumbup (441).npy,test
ok,ok (45),./dataset/skeleton_final_v2/ok/ok (45).npy,test
thumbup,thumbup (450),./dataset/skeleton_final_v2/thumbup/thumbup (450).npy,test
thumbdown,thumbdown (305),./dataset/skeleton_final_v2/thumbdown/thumbdown (305).npy,test
scissors,scissors-set2 (742),./dataset/skeleton_final_v2/scissors/scissors-set2 (742).npy,test
the-finger,the-finger (5),./dataset/skeleton_final_v2/the-finger/the-finger (5).npy,test
scissors,scissors (294),./dataset/skeleton_final_v2/scissors/scissors (294).npy,test
thumbdown,thumbdown_6815,./dataset/skeleton_final_v2/thumbdown/thumbdown_6815.npy,test
thumbdown,hand-7-1540,./dataset/skeleton_final_v2/thumbdown/hand-7-1540.npy,test
rock,rock-set2 (185),./dataset/skeleton_final_v2/rock/rock-set2 (185).npy,test
paper,paper-set2 (171),./dataset/skeleton_final_v2/paper/paper-set2 (171).npy,test
thumbup,thumbup (82),./dataset/skeleton_final_v2/thumbup/thumbup (82).npy,test
the-finger,the-finger_8650,./dataset/skeleton_final_v2/the-finger/the-finger_8650.npy,test
the-finger,the-finger_7091,./dataset/skeleton_final_v2/the-finger/the-finger_7091.npy,test
thumbup,thumbup (286),./dataset/skeleton_final_v2/thumbup/thumbup (286).npy,test
the-finger,the-finger_6301,./dataset/skeleton_final_v2/the-finger/the-finger_6301.npy,test
scissors,scissors (216),./dataset/skeleton_final_v2/scissors/scissors (216).npy,test
ok,ok_Set2_ (536),./dataset/skeleton_final_v2/ok/ok_Set2_ (536).npy,test
paper,paper_6696,./dataset/skeleton_final_v2/paper/paper_6696.npy,test
scissors,scissors (449),./dataset/skeleton_final_v2/scissors/scissors (449).npy,test
ok,ok_Set2_ (238),./dataset/skeleton_final_v2/ok/ok_Set2_ (238).npy,test
thumbup,hand-9-1750,./dataset/skeleton_final_v2/thumbup/hand-9-1750.npy,test
the-finger,the-finger (64),./dataset/skeleton_final_v2/the-finger/the-finger (64).npy,test
paper,paper_1035,./dataset/skeleton_final_v2/paper/paper_1035.npy,test
paper,paper (31),./dataset/skeleton_final_v2/paper/paper (31).npy,test
thumbup,thumbup (230),./dataset/skeleton_final_v2/thumbup/thumbup (230).npy,test
rock,rock-set2 (341),./dataset/skeleton_final_v2/rock/rock-set2 (341).npy,test
thumbup,thumbup_9328,./dataset/skeleton_final_v2/thumbup/thumbup_9328.npy,test
thumbdown,hand-11-700,./dataset/skeleton_final_v2/thumbdown/hand-11-700.npy,test
rock,rock-set2 (47),./dataset/skeleton_final_v2/rock/rock-set2 (47).npy,test
thumbup,thumbup (377),./dataset/skeleton_final_v2/thumbup/thumbup (377).npy,test
scissors,scissors-set2 (20),./dataset/skeleton_final_v2/scissors/scissors-set2 (20).npy,test
scissors,scissors (336),./dataset/skeleton_final_v2/scissors/scissors (336).npy,test
thumbdown,thumbdown (24),./dataset/skeleton_final_v2/thumbdown/thumbdown (24).npy,test
thumbup,thumbup_4146,./dataset/skeleton_final_v2/thumbup/thumbup_4146.npy,test
paper,paper_7611,./dataset/skeleton_final_v2/paper/paper_7611.npy,test
ok,ok_4992,./dataset/skeleton_final_v2/ok/ok_4992.npy,test
paper,paper_6712,./dataset/skeleton_final_v2/paper/paper_6712.npy,test
thumbup,thumbup (281),./dataset/skeleton_final_v2/thumbup/thumbup (281).npy,test
scissors,scissors-set2 (643),./dataset/skeleton_final_v2/scissors/scissors-set2 (643).npy,test
thumbup,thumbup_6780,./dataset/skeleton_final_v2/thumbup/thumbup_6780.npy,test
scissors,scissors_8782,./dataset/skeleton_final_v2/scissors/scissors_8782.npy,test
ok,ok_Set2_ (40),./dataset/skeleton_final_v2/ok/ok_Set2_ (40).npy,test
scissors,scissors-set2 (355),./dataset/skeleton_final_v2/scissors/scissors-set2 (355).npy,test
scissors,scissors-set2 (354),./dataset/skeleton_final_v2/scissors/scissors-set2 (354).npy,test
paper,paper-set2 (116),./dataset/skeleton_final_v2/paper/paper-set2 (116).npy,test
paper,paper-set2 (147),./dataset/skeleton_final_v2/paper/paper-set2 (147).npy,test
scissors,scissors-set2 (471),./dataset/skeleton_final_v2/scissors/scissors-set2 (471).npy,test
scissors,scissors_8450,./dataset/skeleton_final_v2/scissors/scissors_8450.npy,test
thumbup,thumbup_2115,./dataset/skeleton_final_v2/thumbup/thumbup_2115.npy,test
ok,ok_5260,./dataset/skeleton_final_v2/ok/ok_5260.npy,test
scissors,scissors_4671,./dataset/skeleton_final_v2/scissors/scissors_4671.npy,test
paper,paper-set2 (230),./dataset/skeleton_final_v2/paper/paper-set2 (230).npy,test
scissors,scissors-set2 (274),./dataset/skeleton_final_v2/scissors/scissors-set2 (274).npy,test
thumbdown,thumbdown (303),./dataset/skeleton_final_v2/thumbdown/thumbdown (303).npy,test
paper,paper-set2 (252),./dataset/skeleton_final_v2/paper/paper-set2 (252).npy,test
the-finger,the-finger_9058,./dataset/skeleton_final_v2/the-finger/the-finger_9058.npy,test
thumbup,thumbup (346),./dataset/skeleton_final_v2/thumbup/thumbup (346).npy,test
scissors,scissors_2721,./dataset/skeleton_final_v2/scissors/scissors_2721.npy,test
paper,paper (280),./dataset/skeleton_final_v2/paper/paper (280).npy,test
rock,rock (265),./dataset/skeleton_final_v2/rock/rock (265).npy,test
scissors,scissors_7186,./dataset/skeleton_final_v2/scissors/scissors_7186.npy,test
thumbdown,hand-12-1260,./dataset/skeleton_final_v2/thumbdown/hand-12-1260.npy,test
scissors,scissors (210),./dataset/skeleton_final_v2/scissors/scissors (210).npy,test
the-finger,the-finger-set2 (217),./dataset/skeleton_final_v2/the-finger/the-finger-set2 (217).npy,test
thumbdown,thumbdown_4442,./dataset/skeleton_final_v2/thumbdown/thumbdown_4442.npy,test
paper,paper_6116,./dataset/skeleton_final_v2/paper/paper_6116.npy,test
scissors,scissors_2758,./dataset/skeleton_final_v2/scissors/scissors_2758.npy,test
ok,ok_Set2_ (357),./dataset/skeleton_final_v2/ok/ok_Set2_ (357).npy,test
ok,ok_Set2_ (212),./dataset/skeleton_final_v2/ok/ok_Set2_ (212).npy,test
thumbup,thumbup (310),./dataset/skeleton_final_v2/thumbup/thumbup (310).npy,test
paper,paper-set2 (297),./dataset/skeleton_final_v2/paper/paper-set2 (297).npy,test
thumbdown,thumbdown_7457,./dataset/skeleton_final_v2/thumbdown/thumbdown_7457.npy,test
thumbup,hand-7-1285,./dataset/skeleton_final_v2/thumbup/hand-7-1285.npy,test
ok,ok_Set2_ (17),./dataset/skeleton_final_v2/ok/ok_Set2_ (17).npy,test
scissors,scissors_1121,./dataset/skeleton_final_v2/scissors/scissors_1121.npy,test
thumbup,thumbup (60),./dataset/skeleton_final_v2/thumbup/thumbup (60).npy,test
ok,ok_Set2_ (166),./dataset/skeleton_final_v2/ok/ok_Set2_ (166).npy,test
thumbdown,hand-11-790,./dataset/skeleton_final_v2/thumbdown/hand-11-790.npy,test
ok,ok_Set2_ (50),./dataset/skeleton_final_v2/ok/ok_Set2_ (50).npy,test
the-finger,the-finger_7495,./dataset/skeleton_final_v2/the-finger/the-finger_7495.npy,test
rock,rock_688,./dataset/skeleton_final_v2/rock/rock_688.npy,test
thumbup,thumbup_142,./dataset/skeleton_final_v2/thumbup/thumbup_142.npy,test
thumbdown,hand-10-2630,./dataset/skeleton_final_v2/thumbdown/hand-10-2630.npy,test
scissors,scissors-set2 (283),./dataset/skeleton_final_v2/scissors/scissors-set2 (283).npy,test
the-finger,the-finger-set2 (86),./dataset/skeleton_final_v2/the-finger/the-finger-set2 (86).npy,test
thumbdown,thumbdown_7250,./dataset/skeleton_final_v2/thumbdown/thumbdown_7250.npy,test
ok,ok_5293,./dataset/skeleton_final_v2/ok/ok_5293.npy,test
paper,paper_8734,./dataset/skeleton_final_v2/paper/paper_8734.npy,test
thumbdown,hand-11-785,./dataset/skeleton_final_v2/thumbdown/hand-11-785.npy,test
rock,rock (13),./dataset/skeleton_final_v2/rock/rock (13).npy,test
