action,sample_id,split,image_path,skeleton_path,handedness,raw_path,mphand_bbox_x1,mphand_bbox_y1,mphand_bbox_x2,mphand_bbox_y2
ok,IMG_6289,test,./data/raw_droh/ok/IMG_6289.JPG,./test/skeleton_final_v2/ok/IMG_6289.npy,Left,./test/skeleton_raw/ok/IMG_6289.npy,0.06328082084655762,0.39750587940216064,0.8100571632385254,0.9429699182510376
ok,IMG_6290,test,./data/raw_droh/ok/IMG_6290.JPG,./test/skeleton_final_v2/ok/IMG_6290.npy,Left,./test/skeleton_raw/ok/IMG_6290.npy,0.2941066026687622,0.3231942057609558,0.7621450424194336,0.7512638568878174
ok,IMG_6292,test,./data/raw_droh/ok/IMG_6292.JPG,./test/skeleton_final_v2/ok/IMG_6292.npy,Left,./test/skeleton_raw/ok/IMG_6292.npy,0.26167428493499756,0.3527733087539673,0.5566403269767761,0.8974465131759644
ok,IMG_6327,test,./data/raw_droh/ok/IMG_6327.JPG,./test/skeleton_final_v2/ok/IMG_6327.npy,Left,./test/skeleton_raw/ok/IMG_6327.npy,0.26494264602661133,0.2958647608757019,0.7536892890930176,0.7292971014976501
ok,IMG_6329,test,./data/raw_droh/ok/IMG_6329.JPG,./test/skeleton_final_v2/ok/IMG_6329.npy,Left,./test/skeleton_raw/ok/IMG_6329.npy,0.38446033000946045,0.4171257019042969,0.6893280148506165,0.8494521379470825
ok,IMG_6362,test,./data/raw_droh/ok/IMG_6362.JPG,./test/skeleton_final_v2/ok/IMG_6362.npy,Left,./test/skeleton_raw/ok/IMG_6362.npy,0.1824723333120346,0.5587106943130493,0.5935044288635254,0.7819538712501526
ok,IMG_6363,test,./data/raw_droh/ok/IMG_6363.JPG,./test/skeleton_final_v2/ok/IMG_6363.npy,Left,./test/skeleton_raw/ok/IMG_6363.npy,0.5633073449134827,0.2341073900461197,0.8218700885772705,0.6438738107681274
ok,IMG_6396,test,./data/raw_droh/ok/IMG_6396.JPG,./test/skeleton_final_v2/ok/IMG_6396.npy,Left,./test/skeleton_raw/ok/IMG_6396.npy,0.22929254174232483,0.43717044591903687,0.7786352038383484,0.6969126462936401
ok,IMG_6434,test,./data/raw_droh/ok/IMG_6434.JPG,./test/skeleton_final_v2/ok/IMG_6434.npy,Left,./test/skeleton_raw/ok/IMG_6434.npy,0.09092238545417786,0.30195027589797974,0.5688343048095703,0.6749790906906128
ok,IMG_6437,test,./data/raw_droh/ok/IMG_6437.JPG,./test/skeleton_final_v2/ok/IMG_6437.npy,Left,./test/skeleton_raw/ok/IMG_6437.npy,0.16807430982589722,0.24992239475250244,0.6960575580596924,0.7035724520683289
ok,IMG_6472,test,./data/raw_droh/ok/IMG_6472.JPG,./test/skeleton_final_v2/ok/IMG_6472.npy,Right,./test/skeleton_raw/ok/IMG_6472.npy,0.32205232977867126,0.4162936210632324,0.8980017900466919,0.6884202361106873
ok,IMG_6474,test,./data/raw_droh/ok/IMG_6474.JPG,./test/skeleton_final_v2/ok/IMG_6474.npy,Right,./test/skeleton_raw/ok/IMG_6474.npy,0.3040175437927246,0.3966161608695984,0.9304034113883972,0.6394348740577698
ok,IMG_6512,test,./data/raw_droh/ok/IMG_6512.JPG,./test/skeleton_final_v2/ok/IMG_6512.npy,Left,./test/skeleton_raw/ok/IMG_6512.npy,0.3223520815372467,0.24780073761940002,0.8934611082077026,0.5561582446098328
ok,IMG_6554,test,./data/raw_droh/ok/IMG_6554.JPG,./test/skeleton_final_v2/ok/IMG_6554.npy,Right,./test/skeleton_raw/ok/IMG_6554.npy,0.2404993176460266,0.49648383259773254,0.6315217018127441,0.7534711360931396
ok,IMG_6555,test,./data/raw_droh/ok/IMG_6555.JPG,./test/skeleton_final_v2/ok/IMG_6555.npy,Left,./test/skeleton_raw/ok/IMG_6555.npy,0.08152705430984497,0.43548327684402466,0.7565009593963623,0.7991476058959961
ok,IMG_6591,test,./data/raw_droh/ok/IMG_6591.JPG,./test/skeleton_final_v2/ok/IMG_6591.npy,Left,./test/skeleton_raw/ok/IMG_6591.npy,0.18390345573425293,0.23272103071212769,0.8495172262191772,0.7317885756492615
ok,IMG_6623,test,./data/raw_droh/ok/IMG_6623.JPG,./test/skeleton_final_v2/ok/IMG_6623.npy,Left,./test/skeleton_raw/ok/IMG_6623.npy,0.23438873887062073,0.25885069370269775,0.8469303846359253,0.6854867935180664
ok,IMG_6624,test,./data/raw_droh/ok/IMG_6624.JPG,./test/skeleton_final_v2/ok/IMG_6624.npy,Left,./test/skeleton_raw/ok/IMG_6624.npy,0.24169041216373444,0.419472336769104,0.7392711639404297,0.8588159084320068
ok,IMG_6712,test,./data/raw_droh/ok/IMG_6712.JPG,./test/skeleton_final_v2/ok/IMG_6712.npy,Left,./test/skeleton_raw/ok/IMG_6712.npy,0.17336636781692505,0.35834503173828125,0.8886956572532654,0.8208927512168884
ok,IMG_6714,test,./data/raw_droh/ok/IMG_6714.JPG,./test/skeleton_final_v2/ok/IMG_6714.npy,Left,./test/skeleton_raw/ok/IMG_6714.npy,0.08471155166625977,0.24094358086585999,0.818244457244873,0.8162164688110352
ok,IMG_6738,test,./data/raw_droh/ok/IMG_6738.JPG,./test/skeleton_final_v2/ok/IMG_6738.npy,Right,./test/skeleton_raw/ok/IMG_6738.npy,0.4051356017589569,0.27936074137687683,0.6729272603988647,0.7062726616859436
ok,IMG_6803,test,./data/raw_droh/ok/IMG_6803.JPG,./test/skeleton_final_v2/ok/IMG_6803.npy,Left,./test/skeleton_raw/ok/IMG_6803.npy,0.3361518979072571,0.31993600726127625,0.5393335223197937,0.7277977466583252
ok,IMG_6805,test,./data/raw_droh/ok/IMG_6805.JPG,./test/skeleton_final_v2/ok/IMG_6805.npy,Left,./test/skeleton_raw/ok/IMG_6805.npy,0.2470247447490692,0.2867276072502136,0.5396212339401245,0.7707796096801758
ok,IMG_6834,test,./data/raw_droh/ok/IMG_6834.JPG,./test/skeleton_final_v2/ok/IMG_6834.npy,Right,./test/skeleton_raw/ok/IMG_6834.npy,0.2451382279396057,0.38445374369621277,0.7419195175170898,0.6522477269172668
ok,IMG_6835,test,./data/raw_droh/ok/IMG_6835.JPG,./test/skeleton_final_v2/ok/IMG_6835.npy,Right,./test/skeleton_raw/ok/IMG_6835.npy,0.20319581031799316,0.2804906666278839,0.6899122595787048,0.7926458716392517
ok,IMG_6937,test,./data/raw_droh/ok/IMG_6937.JPG,./test/skeleton_final_v2/ok/IMG_6937.npy,Left,./test/skeleton_raw/ok/IMG_6937.npy,0.3016155958175659,0.20291706919670105,0.7597595453262329,0.8919868469238281
ok,IMG_6938,test,./data/raw_droh/ok/IMG_6938.JPG,./test/skeleton_final_v2/ok/IMG_6938.npy,Left,./test/skeleton_raw/ok/IMG_6938.npy,0.1914961338043213,0.4687448740005493,0.8048766851425171,0.735173761844635
ok,IMG_6967,test,./data/raw_droh/ok/IMG_6967.JPG,./test/skeleton_final_v2/ok/IMG_6967.npy,Left,./test/skeleton_raw/ok/IMG_6967.npy,0.22809356451034546,0.09058570861816406,0.8419442176818848,0.7045265436172485
ok,IMG_6968,test,./data/raw_droh/ok/IMG_6968.JPG,./test/skeleton_final_v2/ok/IMG_6968.npy,Left,./test/skeleton_raw/ok/IMG_6968.npy,0.16176725924015045,0.18306811153888702,0.492215633392334,0.5610779523849487
ok,IMG_6969,test,./data/raw_droh/ok/IMG_6969.JPG,./test/skeleton_final_v2/ok/IMG_6969.npy,Left,./test/skeleton_raw/ok/IMG_6969.npy,0.2003021240234375,0.30429208278656006,0.6097764372825623,0.8141055703163147
ok,IMG_6970,test,./data/raw_droh/ok/IMG_6970.JPG,./test/skeleton_final_v2/ok/IMG_6970.npy,Left,./test/skeleton_raw/ok/IMG_6970.npy,0.27876585721969604,0.26113754510879517,0.8112964630126953,0.6787431240081787
ok,IMG_7001,test,./data/raw_droh/ok/IMG_7001.JPG,./test/skeleton_final_v2/ok/IMG_7001.npy,Left,./test/skeleton_raw/ok/IMG_7001.npy,0.12717768549919128,0.36960041522979736,0.8369877934455872,0.6842151880264282
ok,IMG_7036,test,./data/raw_droh/ok/IMG_7036.JPG,./test/skeleton_final_v2/ok/IMG_7036.npy,Right,./test/skeleton_raw/ok/IMG_7036.npy,0.2577032148838043,0.3730696141719818,0.8854886293411255,0.7341861128807068
ok,IMG_7037,test,./data/raw_droh/ok/IMG_7037.JPG,./test/skeleton_final_v2/ok/IMG_7037.npy,Right,./test/skeleton_raw/ok/IMG_7037.npy,0.1967509686946869,0.22963562607765198,0.9198685884475708,0.8511070013046265
ok,IMG_7038,test,./data/raw_droh/ok/IMG_7038.JPG,./test/skeleton_final_v2/ok/IMG_7038.npy,Right,./test/skeleton_raw/ok/IMG_7038.npy,0.22058385610580444,0.08919638395309448,0.9576617479324341,0.8022544384002686
ok,IMG_7070,test,./data/raw_droh/ok/IMG_7070.JPG,./test/skeleton_final_v2/ok/IMG_7070.npy,Right,./test/skeleton_raw/ok/IMG_7070.npy,0.45890527963638306,0.22294138371944427,0.7925703525543213,0.6548879146575928
ok,IMG_7072,test,./data/raw_droh/ok/IMG_7072.JPG,./test/skeleton_final_v2/ok/IMG_7072.npy,Right,./test/skeleton_raw/ok/IMG_7072.npy,0.02843087911605835,0.4820934236049652,0.6151067018508911,0.7438200116157532
ok,IMG_7073,test,./data/raw_droh/ok/IMG_7073.JPG,./test/skeleton_final_v2/ok/IMG_7073.npy,Right,./test/skeleton_raw/ok/IMG_7073.npy,0.16617241501808167,0.4816005825996399,0.7252867221832275,0.8532510995864868
ok,IMG_7227,test,./data/raw_droh/ok/IMG_7227.JPG,./test/skeleton_final_v2/ok/IMG_7227.npy,Left,./test/skeleton_raw/ok/IMG_7227.npy,0.30535444617271423,0.4015697240829468,0.7669079899787903,0.6963671445846558
ok,IMG_7228,test,./data/raw_droh/ok/IMG_7228.JPG,./test/skeleton_final_v2/ok/IMG_7228.npy,Left,./test/skeleton_raw/ok/IMG_7228.npy,0.2300409972667694,0.11728730797767639,0.7021152973175049,0.5788257122039795
ok,IMG_7258,test,./data/raw_droh/ok/IMG_7258.JPG,./test/skeleton_final_v2/ok/IMG_7258.npy,Left,./test/skeleton_raw/ok/IMG_7258.npy,0.24738630652427673,0.29702454805374146,0.825576663017273,0.6987392902374268
ok,IMG_7259,test,./data/raw_droh/ok/IMG_7259.JPG,./test/skeleton_final_v2/ok/IMG_7259.npy,Left,./test/skeleton_raw/ok/IMG_7259.npy,0.09628400206565857,0.3611287474632263,0.6616576313972473,0.6264736652374268
ok,IMG_7260,test,./data/raw_droh/ok/IMG_7260.JPG,./test/skeleton_final_v2/ok/IMG_7260.npy,Left,./test/skeleton_raw/ok/IMG_7260.npy,0.12491616606712341,0.4287321865558624,0.8271631002426147,0.7614914774894714
ok,IMG_7288,test,./data/raw_droh/ok/IMG_7288.JPG,./test/skeleton_final_v2/ok/IMG_7288.npy,Left,./test/skeleton_raw/ok/IMG_7288.npy,0.21916130185127258,0.4353651702404022,0.8245617151260376,0.7547032237052917
ok,IMG_7290,test,./data/raw_droh/ok/IMG_7290.JPG,./test/skeleton_final_v2/ok/IMG_7290.npy,Left,./test/skeleton_raw/ok/IMG_7290.npy,0.27458226680755615,0.4744423031806946,0.8841890096664429,0.8891874551773071
ok,IMG_7291,test,./data/raw_droh/ok/IMG_7291.JPG,./test/skeleton_final_v2/ok/IMG_7291.npy,Left,./test/skeleton_raw/ok/IMG_7291.npy,0.2694815695285797,0.4775150716304779,0.9430714249610901,0.9129366874694824
ok,IMG_7322,test,./data/raw_droh/ok/IMG_7322.JPG,./test/skeleton_final_v2/ok/IMG_7322.npy,Left,./test/skeleton_raw/ok/IMG_7322.npy,0.2518899142742157,0.2561499774456024,0.7648783922195435,0.8499485850334167
ok,IMG_7323,test,./data/raw_droh/ok/IMG_7323.JPG,./test/skeleton_final_v2/ok/IMG_7323.npy,Left,./test/skeleton_raw/ok/IMG_7323.npy,0.0,0.23476092517375946,0.6683734655380249,0.6764962673187256
ok,IMG_7351,test,./data/raw_droh/ok/IMG_7351.JPG,./test/skeleton_final_v2/ok/IMG_7351.npy,Left,./test/skeleton_raw/ok/IMG_7351.npy,0.07516884803771973,0.2199988216161728,0.7925846576690674,0.5949567556381226
ok,IMG_7352,test,./data/raw_droh/ok/IMG_7352.JPG,./test/skeleton_final_v2/ok/IMG_7352.npy,Left,./test/skeleton_raw/ok/IMG_7352.npy,0.07852965593338013,0.29984062910079956,0.7138248085975647,0.7267241477966309
ok,IMG_7354,test,./data/raw_droh/ok/IMG_7354.JPG,./test/skeleton_final_v2/ok/IMG_7354.npy,Right,./test/skeleton_raw/ok/IMG_7354.npy,0.09393367171287537,0.3002719283103943,0.6731676459312439,0.6613998413085938
ok,IMG_7355,test,./data/raw_droh/ok/IMG_7355.JPG,./test/skeleton_final_v2/ok/IMG_7355.npy,Left,./test/skeleton_raw/ok/IMG_7355.npy,0.24531808495521545,0.2691507935523987,0.8034112453460693,0.8354520797729492
ok,IMG_7391,test,./data/raw_droh/ok/IMG_7391.JPG,./test/skeleton_final_v2/ok/IMG_7391.npy,Right,./test/skeleton_raw/ok/IMG_7391.npy,0.23691952228546143,0.4261471629142761,0.7784624695777893,0.8773911595344543
ok,IMG_7394,test,./data/raw_droh/ok/IMG_7394.JPG,./test/skeleton_final_v2/ok/IMG_7394.npy,Right,./test/skeleton_raw/ok/IMG_7394.npy,0.23195385932922363,0.34888577461242676,0.7896580696105957,0.7690983414649963
ok,IMG_7416,test,./data/raw_droh/ok/IMG_7416.JPG,./test/skeleton_final_v2/ok/IMG_7416.npy,Right,./test/skeleton_raw/ok/IMG_7416.npy,0.2465939074754715,0.5351092219352722,0.743903398513794,0.7199819684028625
ok,IMG_7418,test,./data/raw_droh/ok/IMG_7418.JPG,./test/skeleton_final_v2/ok/IMG_7418.npy,Right,./test/skeleton_raw/ok/IMG_7418.npy,0.3496732711791992,0.4147734045982361,0.9515331983566284,0.8080517053604126
ok,IMG_7448,test,./data/raw_droh/ok/IMG_7448.JPG,./test/skeleton_final_v2/ok/IMG_7448.npy,Left,./test/skeleton_raw/ok/IMG_7448.npy,0.2273624837398529,0.35195088386535645,0.6747871041297913,0.646930456161499
ok,IMG_7484,test,./data/raw_droh/ok/IMG_7484.JPG,./test/skeleton_final_v2/ok/IMG_7484.npy,Right,./test/skeleton_raw/ok/IMG_7484.npy,0.08156278729438782,0.40877023339271545,0.5794527530670166,0.7543907761573792
ok,IMG_7529,test,./data/raw_droh/ok/IMG_7529.JPG,./test/skeleton_final_v2/ok/IMG_7529.npy,Right,./test/skeleton_raw/ok/IMG_7529.npy,0.35529759526252747,0.3878144919872284,1.0,0.9488325119018555
ok,IMG_7550,test,./data/raw_droh/ok/IMG_7550.JPG,./test/skeleton_final_v2/ok/IMG_7550.npy,Left,./test/skeleton_raw/ok/IMG_7550.npy,0.1876043975353241,0.11513131856918335,0.6656270623207092,0.7351680994033813
ok,IMG_7581,test,./data/raw_droh/ok/IMG_7581.JPG,./test/skeleton_final_v2/ok/IMG_7581.npy,Right,./test/skeleton_raw/ok/IMG_7581.npy,0.13036172091960907,0.40579110383987427,0.6780570149421692,0.8200722932815552
ok,IMG_7582,test,./data/raw_droh/ok/IMG_7582.JPG,./test/skeleton_final_v2/ok/IMG_7582.npy,Left,./test/skeleton_raw/ok/IMG_7582.npy,0.1999237835407257,0.3290707767009735,0.8059808015823364,0.8880560398101807
ok,IMG_7583,test,./data/raw_droh/ok/IMG_7583.JPG,./test/skeleton_final_v2/ok/IMG_7583.npy,Left,./test/skeleton_raw/ok/IMG_7583.npy,0.1236146092414856,0.43330809473991394,0.7431281805038452,0.9034011960029602
ok,IMG_7584,test,./data/raw_droh/ok/IMG_7584.JPG,./test/skeleton_final_v2/ok/IMG_7584.npy,Left,./test/skeleton_raw/ok/IMG_7584.npy,0.14371109008789062,0.3161470293998718,0.8556392192840576,0.8696929216384888
ok,IMG_7585,test,./data/raw_droh/ok/IMG_7585.JPG,./test/skeleton_final_v2/ok/IMG_7585.npy,Left,./test/skeleton_raw/ok/IMG_7585.npy,0.35502737760543823,0.33581867814064026,1.0,0.696662425994873
ok,IMG_7613,test,./data/raw_droh/ok/IMG_7613.JPG,./test/skeleton_final_v2/ok/IMG_7613.npy,Left,./test/skeleton_raw/ok/IMG_7613.npy,0.35847964882850647,0.43886905908584595,0.9202636480331421,0.7494050860404968
ok,IMG_7614,test,./data/raw_droh/ok/IMG_7614.JPG,./test/skeleton_final_v2/ok/IMG_7614.npy,Left,./test/skeleton_raw/ok/IMG_7614.npy,0.3636524975299835,0.5018180012702942,0.9028708934783936,0.6626428961753845
ok,IMG_7616,test,./data/raw_droh/ok/IMG_7616.JPG,./test/skeleton_final_v2/ok/IMG_7616.npy,Left,./test/skeleton_raw/ok/IMG_7616.npy,0.3181104063987732,0.4318345785140991,0.9097919464111328,0.6759761571884155
ok,IMG_7617,test,./data/raw_droh/ok/IMG_7617.JPG,./test/skeleton_final_v2/ok/IMG_7617.npy,Left,./test/skeleton_raw/ok/IMG_7617.npy,0.2950440049171448,0.4458790421485901,0.8878010511398315,0.7622038125991821
ok,IMG_7618,test,./data/raw_droh/ok/IMG_7618.JPG,./test/skeleton_final_v2/ok/IMG_7618.npy,Left,./test/skeleton_raw/ok/IMG_7618.npy,0.19597117602825165,0.2943396270275116,0.7839182019233704,0.7875903248786926
ok,IMG_7655,test,./data/raw_droh/ok/IMG_7655.JPG,./test/skeleton_final_v2/ok/IMG_7655.npy,Left,./test/skeleton_raw/ok/IMG_7655.npy,0.19740259647369385,0.1608678102493286,0.7566146850585938,0.5969551205635071
ok,IMG_7656,test,./data/raw_droh/ok/IMG_7656.JPG,./test/skeleton_final_v2/ok/IMG_7656.npy,Left,./test/skeleton_raw/ok/IMG_7656.npy,0.08116340637207031,0.20355936884880066,0.7986866235733032,0.6358953714370728
ok,IMG_7657,test,./data/raw_droh/ok/IMG_7657.JPG,./test/skeleton_final_v2/ok/IMG_7657.npy,Left,./test/skeleton_raw/ok/IMG_7657.npy,0.21035800874233246,0.31444376707077026,0.6612828373908997,0.643984317779541
ok,IMG_7660,test,./data/raw_droh/ok/IMG_7660.JPG,./test/skeleton_final_v2/ok/IMG_7660.npy,Left,./test/skeleton_raw/ok/IMG_7660.npy,0.18856999278068542,0.5878433585166931,0.8517377376556396,0.9496204853057861
ok,IMG_7690,test,./data/raw_droh/ok/IMG_7690.JPG,./test/skeleton_final_v2/ok/IMG_7690.npy,Left,./test/skeleton_raw/ok/IMG_7690.npy,0.31756484508514404,0.2898906469345093,0.8740744590759277,0.49518606066703796
ok,IMG_7691,test,./data/raw_droh/ok/IMG_7691.JPG,./test/skeleton_final_v2/ok/IMG_7691.npy,Right,./test/skeleton_raw/ok/IMG_7691.npy,0.3851056396961212,0.5037187337875366,0.8614620566368103,0.8158101439476013
ok,IMG_7693,test,./data/raw_droh/ok/IMG_7693.JPG,./test/skeleton_final_v2/ok/IMG_7693.npy,Left,./test/skeleton_raw/ok/IMG_7693.npy,0.29027825593948364,0.6905897259712219,0.7430884838104248,0.8625341653823853
ok,IMG_7722,test,./data/raw_droh/ok/IMG_7722.JPG,./test/skeleton_final_v2/ok/IMG_7722.npy,Right,./test/skeleton_raw/ok/IMG_7722.npy,0.2967473268508911,0.32982540130615234,0.7898174524307251,0.6247815489768982
ok,IMG_7723,test,./data/raw_droh/ok/IMG_7723.JPG,./test/skeleton_final_v2/ok/IMG_7723.npy,Right,./test/skeleton_raw/ok/IMG_7723.npy,0.2803647816181183,0.3828411102294922,0.898723840713501,0.7021843791007996
ok,IMG_7753,test,./data/raw_droh/ok/IMG_7753.JPG,./test/skeleton_final_v2/ok/IMG_7753.npy,Left,./test/skeleton_raw/ok/IMG_7753.npy,0.2336920201778412,0.23967069387435913,0.8197355270385742,0.639805793762207
ok,IMG_7756,test,./data/raw_droh/ok/IMG_7756.JPG,./test/skeleton_final_v2/ok/IMG_7756.npy,Left,./test/skeleton_raw/ok/IMG_7756.npy,0.26312023401260376,0.33665409684181213,0.7018569111824036,0.8536454439163208
ok,IMG_7782,test,./data/raw_droh/ok/IMG_7782.JPG,./test/skeleton_final_v2/ok/IMG_7782.npy,Right,./test/skeleton_raw/ok/IMG_7782.npy,0.21046671271324158,0.11318041384220123,0.7270128726959229,0.5146693587303162
ok,IMG_7783,test,./data/raw_droh/ok/IMG_7783.JPG,./test/skeleton_final_v2/ok/IMG_7783.npy,Left,./test/skeleton_raw/ok/IMG_7783.npy,0.22998619079589844,0.24675598740577698,0.6811431646347046,0.5358278751373291
ok,IMG_7786,test,./data/raw_droh/ok/IMG_7786.JPG,./test/skeleton_final_v2/ok/IMG_7786.npy,Left,./test/skeleton_raw/ok/IMG_7786.npy,0.24011564254760742,0.25978508591651917,0.5448731184005737,0.7628012299537659
ok,IMG_7854,test,./data/raw_droh/ok/IMG_7854.JPG,./test/skeleton_final_v2/ok/IMG_7854.npy,Left,./test/skeleton_raw/ok/IMG_7854.npy,0.08854222297668457,0.13572493195533752,0.7685478925704956,0.5375585556030273
ok,IMG_7887,test,./data/raw_droh/ok/IMG_7887.JPG,./test/skeleton_final_v2/ok/IMG_7887.npy,Left,./test/skeleton_raw/ok/IMG_7887.npy,0.2660466432571411,0.10394391417503357,0.6000532507896423,0.7805999517440796
ok,IMG_7888,test,./data/raw_droh/ok/IMG_7888.JPG,./test/skeleton_final_v2/ok/IMG_7888.npy,Left,./test/skeleton_raw/ok/IMG_7888.npy,0.23761725425720215,0.21374887228012085,0.694339394569397,0.8458646535873413
ok,IMG_7890,test,./data/raw_droh/ok/IMG_7890.JPG,./test/skeleton_final_v2/ok/IMG_7890.npy,Left,./test/skeleton_raw/ok/IMG_7890.npy,0.1643282175064087,0.16896727681159973,0.5874369144439697,0.8763443231582642
ok,IMG_7891,test,./data/raw_droh/ok/IMG_7891.JPG,./test/skeleton_final_v2/ok/IMG_7891.npy,Left,./test/skeleton_raw/ok/IMG_7891.npy,0.18897207081317902,0.21013715863227844,0.6676402688026428,0.9365896582603455
ok,IMG_7922,test,./data/raw_droh/ok/IMG_7922.JPG,./test/skeleton_final_v2/ok/IMG_7922.npy,Left,./test/skeleton_raw/ok/IMG_7922.npy,0.27476999163627625,0.38647353649139404,0.6076310873031616,0.6466407775878906
ok,IMG_7948,test,./data/raw_droh/ok/IMG_7948.JPG,./test/skeleton_final_v2/ok/IMG_7948.npy,Left,./test/skeleton_raw/ok/IMG_7948.npy,0.3037647604942322,0.21970534324645996,0.6582228541374207,0.8756121397018433
ok,IMG_7950,test,./data/raw_droh/ok/IMG_7950.JPG,./test/skeleton_final_v2/ok/IMG_7950.npy,Left,./test/skeleton_raw/ok/IMG_7950.npy,0.2162829488515854,0.1770140528678894,0.5337273478507996,0.8823472261428833
ok,IMG_7951,test,./data/raw_droh/ok/IMG_7951.JPG,./test/skeleton_final_v2/ok/IMG_7951.npy,Left,./test/skeleton_raw/ok/IMG_7951.npy,0.2745266854763031,0.2083146870136261,0.6047682166099548,0.9514109492301941
ok,IMG_7980,test,./data/raw_droh/ok/IMG_7980.JPG,./test/skeleton_final_v2/ok/IMG_7980.npy,Right,./test/skeleton_raw/ok/IMG_7980.npy,0.1947961151599884,0.1757144033908844,0.5557928085327148,0.8633877038955688
ok,IMG_8014,test,./data/raw_droh/ok/IMG_8014.JPG,./test/skeleton_final_v2/ok/IMG_8014.npy,Left,./test/skeleton_raw/ok/IMG_8014.npy,0.15933221578598022,0.4231913685798645,0.7952874898910522,0.6755146980285645
ok,IMG_8046,test,./data/raw_droh/ok/IMG_8046.JPG,./test/skeleton_final_v2/ok/IMG_8046.npy,Left,./test/skeleton_raw/ok/IMG_8046.npy,0.14876580238342285,0.26830485463142395,0.7182701826095581,0.7302263975143433
ok,IMG_8047,test,./data/raw_droh/ok/IMG_8047.JPG,./test/skeleton_final_v2/ok/IMG_8047.npy,Left,./test/skeleton_raw/ok/IMG_8047.npy,0.2541391849517822,0.18266966938972473,0.9087857007980347,0.5613856911659241
ok,IMG_8049,test,./data/raw_droh/ok/IMG_8049.JPG,./test/skeleton_final_v2/ok/IMG_8049.npy,Left,./test/skeleton_raw/ok/IMG_8049.npy,0.15571406483650208,0.47251105308532715,0.8155971765518188,0.7581273913383484
ok,IMG_8087,test,./data/raw_droh/ok/IMG_8087.JPG,./test/skeleton_final_v2/ok/IMG_8087.npy,Left,./test/skeleton_raw/ok/IMG_8087.npy,0.2241150140762329,0.31060099601745605,0.590157151222229,0.5736957788467407
ok,IMG_8088,test,./data/raw_droh/ok/IMG_8088.JPG,./test/skeleton_final_v2/ok/IMG_8088.npy,Left,./test/skeleton_raw/ok/IMG_8088.npy,0.2845067083835602,0.10843786597251892,0.714030385017395,0.8755574822425842
ok,IMG_8089,test,./data/raw_droh/ok/IMG_8089.JPG,./test/skeleton_final_v2/ok/IMG_8089.npy,Right,./test/skeleton_raw/ok/IMG_8089.npy,0.11213329434394836,0.13442763686180115,0.6047696471214294,0.4549846053123474
ok,IMG_8091,test,./data/raw_droh/ok/IMG_8091.JPG,./test/skeleton_final_v2/ok/IMG_8091.npy,Left,./test/skeleton_raw/ok/IMG_8091.npy,0.06066238880157471,0.16041187942028046,0.7124887704849243,0.5548847317695618
ok,IMG_8109,test,./data/raw_droh/ok/IMG_8109.JPG,./test/skeleton_final_v2/ok/IMG_8109.npy,Left,./test/skeleton_raw/ok/IMG_8109.npy,0.12121060490608215,0.4213004410266876,0.7295011878013611,0.7728930711746216
ok,IMG_8110,test,./data/raw_droh/ok/IMG_8110.JPG,./test/skeleton_final_v2/ok/IMG_8110.npy,Left,./test/skeleton_raw/ok/IMG_8110.npy,0.20657354593276978,0.449772447347641,0.7227137088775635,0.7015083432197571
ok,IMG_8177,test,./data/raw_droh/ok/IMG_8177.JPG,./test/skeleton_final_v2/ok/IMG_8177.npy,Right,./test/skeleton_raw/ok/IMG_8177.npy,0.4052615165710449,0.2765465974807739,0.7070025205612183,0.8289810419082642
ok,IMG_8178,test,./data/raw_droh/ok/IMG_8178.JPG,./test/skeleton_final_v2/ok/IMG_8178.npy,Left,./test/skeleton_raw/ok/IMG_8178.npy,0.3253282904624939,0.3964079022407532,0.75185227394104,0.9016056656837463
paper,IMG_6274,test,./data/raw_droh/paper/IMG_6274.JPG,./test/skeleton_final_v2/paper/IMG_6274.npy,Left,./test/skeleton_raw/paper/IMG_6274.npy,0.1819009929895401,0.448507696390152,0.6957667469978333,0.9116003513336182
paper,IMG_6275,test,./data/raw_droh/paper/IMG_6275.JPG,./test/skeleton_final_v2/paper/IMG_6275.npy,Left,./test/skeleton_raw/paper/IMG_6275.npy,0.14876225590705872,0.18608547747135162,0.7448887825012207,0.632358193397522
paper,IMG_6276,test,./data/raw_droh/paper/IMG_6276.JPG,./test/skeleton_final_v2/paper/IMG_6276.npy,Left,./test/skeleton_raw/paper/IMG_6276.npy,0.2595899701118469,0.14289554953575134,0.8992875814437866,0.7058250904083252
paper,IMG_6277,test,./data/raw_droh/paper/IMG_6277.JPG,./test/skeleton_final_v2/paper/IMG_6277.npy,Left,./test/skeleton_raw/paper/IMG_6277.npy,0.22118940949440002,0.21828654408454895,0.9128336906433105,0.8129254579544067
paper,IMG_6279,test,./data/raw_droh/paper/IMG_6279.JPG,./test/skeleton_final_v2/paper/IMG_6279.npy,Right,./test/skeleton_raw/paper/IMG_6279.npy,0.3410702347755432,0.5941805243492126,0.5860729813575745,0.8932446241378784
paper,IMG_6280,test,./data/raw_droh/paper/IMG_6280.JPG,./test/skeleton_final_v2/paper/IMG_6280.npy,Left,./test/skeleton_raw/paper/IMG_6280.npy,0.14599564671516418,0.6123925447463989,0.7437636256217957,0.8450437784194946
paper,IMG_6323,test,./data/raw_droh/paper/IMG_6323.JPG,./test/skeleton_final_v2/paper/IMG_6323.npy,Left,./test/skeleton_raw/paper/IMG_6323.npy,0.3234434127807617,0.29251593351364136,0.9141236543655396,0.75957190990448
paper,IMG_6324,test,./data/raw_droh/paper/IMG_6324.JPG,./test/skeleton_final_v2/paper/IMG_6324.npy,Left,./test/skeleton_raw/paper/IMG_6324.npy,0.2785758972167969,0.327100545167923,0.7149838209152222,0.7773694396018982
paper,IMG_6325,test,./data/raw_droh/paper/IMG_6325.JPG,./test/skeleton_final_v2/paper/IMG_6325.npy,Left,./test/skeleton_raw/paper/IMG_6325.npy,0.19867119193077087,0.09093409776687622,0.7172847390174866,0.6162601113319397
paper,IMG_6326,test,./data/raw_droh/paper/IMG_6326.JPG,./test/skeleton_final_v2/paper/IMG_6326.npy,Left,./test/skeleton_raw/paper/IMG_6326.npy,0.4737076759338379,0.356320321559906,0.662702739238739,0.666388750076294
paper,IMG_6355,test,./data/raw_droh/paper/IMG_6355.JPG,./test/skeleton_final_v2/paper/IMG_6355.npy,Left,./test/skeleton_raw/paper/IMG_6355.npy,0.2977946400642395,0.21753913164138794,0.8594576716423035,0.7546111941337585
paper,IMG_6358,test,./data/raw_droh/paper/IMG_6358.JPG,./test/skeleton_final_v2/paper/IMG_6358.npy,Left,./test/skeleton_raw/paper/IMG_6358.npy,0.3520655035972595,0.21329879760742188,0.6142584085464478,0.6949676275253296
paper,IMG_6359,test,./data/raw_droh/paper/IMG_6359.JPG,./test/skeleton_final_v2/paper/IMG_6359.npy,Left,./test/skeleton_raw/paper/IMG_6359.npy,0.13327035307884216,0.15410855412483215,0.3659535348415375,0.6875569820404053
paper,IMG_6391,test,./data/raw_droh/paper/IMG_6391.JPG,./test/skeleton_final_v2/paper/IMG_6391.npy,Left,./test/skeleton_raw/paper/IMG_6391.npy,0.15539982914924622,0.4244845509529114,0.8749919533729553,0.844155490398407
paper,IMG_6392,test,./data/raw_droh/paper/IMG_6392.JPG,./test/skeleton_final_v2/paper/IMG_6392.npy,Left,./test/skeleton_raw/paper/IMG_6392.npy,0.2406333088874817,0.4623912572860718,0.9083709716796875,0.7562410235404968
paper,IMG_6393,test,./data/raw_droh/paper/IMG_6393.JPG,./test/skeleton_final_v2/paper/IMG_6393.npy,Left,./test/skeleton_raw/paper/IMG_6393.npy,0.25117507576942444,0.321167916059494,0.830625057220459,0.8622740507125854
paper,IMG_6395,test,./data/raw_droh/paper/IMG_6395.JPG,./test/skeleton_final_v2/paper/IMG_6395.npy,Left,./test/skeleton_raw/paper/IMG_6395.npy,0.3185582160949707,0.4207533597946167,0.6542544960975647,0.8778258562088013
paper,IMG_6427,test,./data/raw_droh/paper/IMG_6427.JPG,./test/skeleton_final_v2/paper/IMG_6427.npy,Left,./test/skeleton_raw/paper/IMG_6427.npy,0.3104000687599182,0.1949651837348938,0.66883385181427,0.6118568181991577
paper,IMG_6429,test,./data/raw_droh/paper/IMG_6429.JPG,./test/skeleton_final_v2/paper/IMG_6429.npy,Left,./test/skeleton_raw/paper/IMG_6429.npy,0.14300447702407837,0.339046835899353,0.6058870553970337,0.7226662635803223
paper,IMG_6430,test,./data/raw_droh/paper/IMG_6430.JPG,./test/skeleton_final_v2/paper/IMG_6430.npy,Left,./test/skeleton_raw/paper/IMG_6430.npy,0.26167166233062744,0.5162508487701416,0.6887776851654053,0.8065868616104126
paper,IMG_6431,test,./data/raw_droh/paper/IMG_6431.JPG,./test/skeleton_final_v2/paper/IMG_6431.npy,Left,./test/skeleton_raw/paper/IMG_6431.npy,0.4171352684497833,0.25249963998794556,0.7454607486724854,0.6422190070152283
paper,IMG_6467,test,./data/raw_droh/paper/IMG_6467.JPG,./test/skeleton_final_v2/paper/IMG_6467.npy,Right,./test/skeleton_raw/paper/IMG_6467.npy,0.33137452602386475,0.5925574898719788,0.8988557457923889,0.9965124130249023
paper,IMG_6468,test,./data/raw_droh/paper/IMG_6468.JPG,./test/skeleton_final_v2/paper/IMG_6468.npy,Right,./test/skeleton_raw/paper/IMG_6468.npy,0.18988707661628723,0.29844439029693604,0.7534096240997314,0.6104137897491455
paper,IMG_6469,test,./data/raw_droh/paper/IMG_6469.JPG,./test/skeleton_final_v2/paper/IMG_6469.npy,Right,./test/skeleton_raw/paper/IMG_6469.npy,0.2348754107952118,0.3712034225463867,0.8236211538314819,0.7562541365623474
paper,IMG_6504,test,./data/raw_droh/paper/IMG_6504.JPG,./test/skeleton_final_v2/paper/IMG_6504.npy,Left,./test/skeleton_raw/paper/IMG_6504.npy,0.38548699021339417,0.2948024272918701,0.8995189666748047,0.6432307958602905
paper,IMG_6505,test,./data/raw_droh/paper/IMG_6505.JPG,./test/skeleton_final_v2/paper/IMG_6505.npy,Left,./test/skeleton_raw/paper/IMG_6505.npy,0.21780142188072205,0.30249476432800293,0.8785455226898193,0.6952102184295654
paper,IMG_6508,test,./data/raw_droh/paper/IMG_6508.JPG,./test/skeleton_final_v2/paper/IMG_6508.npy,Left,./test/skeleton_raw/paper/IMG_6508.npy,0.1856617033481598,0.17380234599113464,0.8816592693328857,0.7453954219818115
paper,IMG_6546,test,./data/raw_droh/paper/IMG_6546.JPG,./test/skeleton_final_v2/paper/IMG_6546.npy,Left,./test/skeleton_raw/paper/IMG_6546.npy,0.09835237264633179,0.23194223642349243,0.7355014085769653,0.8098496198654175
paper,IMG_6547,test,./data/raw_droh/paper/IMG_6547.JPG,./test/skeleton_final_v2/paper/IMG_6547.npy,Left,./test/skeleton_raw/paper/IMG_6547.npy,0.2885016202926636,0.4415881037712097,0.7642947435379028,0.8934026956558228
paper,IMG_6548,test,./data/raw_droh/paper/IMG_6548.JPG,./test/skeleton_final_v2/paper/IMG_6548.npy,Right,./test/skeleton_raw/paper/IMG_6548.npy,0.3325331509113312,0.33560696244239807,0.46612435579299927,0.6837968230247498
paper,IMG_6549,test,./data/raw_droh/paper/IMG_6549.JPG,./test/skeleton_final_v2/paper/IMG_6549.npy,Left,./test/skeleton_raw/paper/IMG_6549.npy,0.1358490288257599,0.4518893361091614,0.8599362373352051,0.7749249935150146
paper,IMG_6550,test,./data/raw_droh/paper/IMG_6550.JPG,./test/skeleton_final_v2/paper/IMG_6550.npy,Left,./test/skeleton_raw/paper/IMG_6550.npy,0.3423503041267395,0.27016764879226685,0.786324679851532,0.8940314054489136
paper,IMG_6582,test,./data/raw_droh/paper/IMG_6582.JPG,./test/skeleton_final_v2/paper/IMG_6582.npy,Left,./test/skeleton_raw/paper/IMG_6582.npy,0.14503765106201172,0.2177751213312149,0.8712760210037231,0.6493133902549744
paper,IMG_6583,test,./data/raw_droh/paper/IMG_6583.JPG,./test/skeleton_final_v2/paper/IMG_6583.npy,Left,./test/skeleton_raw/paper/IMG_6583.npy,0.1860778033733368,0.2648436725139618,0.7675735950469971,0.9081515669822693
paper,IMG_6584,test,./data/raw_droh/paper/IMG_6584.JPG,./test/skeleton_final_v2/paper/IMG_6584.npy,Left,./test/skeleton_raw/paper/IMG_6584.npy,0.08079159259796143,0.23772123456001282,0.9317561388015747,0.6878894567489624
paper,IMG_6585,test,./data/raw_droh/paper/IMG_6585.JPG,./test/skeleton_final_v2/paper/IMG_6585.npy,Left,./test/skeleton_raw/paper/IMG_6585.npy,0.1988372802734375,0.3804670572280884,0.8890917301177979,0.9378763437271118
paper,IMG_6619,test,./data/raw_droh/paper/IMG_6619.JPG,./test/skeleton_final_v2/paper/IMG_6619.npy,Left,./test/skeleton_raw/paper/IMG_6619.npy,0.14984464645385742,0.37370923161506653,0.7327877283096313,0.8172546625137329
paper,IMG_6622,test,./data/raw_droh/paper/IMG_6622.JPG,./test/skeleton_final_v2/paper/IMG_6622.npy,Left,./test/skeleton_raw/paper/IMG_6622.npy,0.011387467384338379,0.3237623870372772,0.6569647789001465,0.836400032043457
paper,IMG_6653,test,./data/raw_droh/paper/IMG_6653.JPG,./test/skeleton_final_v2/paper/IMG_6653.npy,Left,./test/skeleton_raw/paper/IMG_6653.npy,0.29611048102378845,0.15176478028297424,0.6924912929534912,0.6954400539398193
paper,IMG_6654,test,./data/raw_droh/paper/IMG_6654.JPG,./test/skeleton_final_v2/paper/IMG_6654.npy,Left,./test/skeleton_raw/paper/IMG_6654.npy,0.3073579668998718,0.1250716745853424,0.877727746963501,0.6847903728485107
paper,IMG_6655,test,./data/raw_droh/paper/IMG_6655.JPG,./test/skeleton_final_v2/paper/IMG_6655.npy,Left,./test/skeleton_raw/paper/IMG_6655.npy,0.1754641830921173,0.24374672770500183,0.8966839909553528,0.762965202331543
paper,IMG_6656,test,./data/raw_droh/paper/IMG_6656.JPG,./test/skeleton_final_v2/paper/IMG_6656.npy,Right,./test/skeleton_raw/paper/IMG_6656.npy,0.06538581848144531,0.19911712408065796,0.7201741933822632,0.6288000345230103
paper,IMG_6708,test,./data/raw_droh/paper/IMG_6708.JPG,./test/skeleton_final_v2/paper/IMG_6708.npy,Left,./test/skeleton_raw/paper/IMG_6708.npy,0.160000741481781,0.355284720659256,0.895602285861969,0.9378862380981445
paper,IMG_6709,test,./data/raw_droh/paper/IMG_6709.JPG,./test/skeleton_final_v2/paper/IMG_6709.npy,Right,./test/skeleton_raw/paper/IMG_6709.npy,0.0387994647026062,0.33637312054634094,0.9208437204360962,0.8724489212036133
paper,IMG_6710,test,./data/raw_droh/paper/IMG_6710.JPG,./test/skeleton_final_v2/paper/IMG_6710.npy,Right,./test/skeleton_raw/paper/IMG_6710.npy,0.09187963604927063,0.29601994156837463,0.9218924045562744,0.84449702501297
paper,IMG_6732,test,./data/raw_droh/paper/IMG_6732.JPG,./test/skeleton_final_v2/paper/IMG_6732.npy,Right,./test/skeleton_raw/paper/IMG_6732.npy,0.11086073517799377,0.47611185908317566,0.8392912745475769,0.9249732494354248
paper,IMG_6767,test,./data/raw_droh/paper/IMG_6767.JPG,./test/skeleton_final_v2/paper/IMG_6767.npy,Right,./test/skeleton_raw/paper/IMG_6767.npy,0.13298475742340088,0.06867364048957825,1.0,0.614089846611023
paper,IMG_6799,test,./data/raw_droh/paper/IMG_6799.JPG,./test/skeleton_final_v2/paper/IMG_6799.npy,Left,./test/skeleton_raw/paper/IMG_6799.npy,0.2305791676044464,0.2528490722179413,0.9042255878448486,0.6941109895706177
paper,IMG_6830,test,./data/raw_droh/paper/IMG_6830.JPG,./test/skeleton_final_v2/paper/IMG_6830.npy,Right,./test/skeleton_raw/paper/IMG_6830.npy,0.12153372168540955,0.23707175254821777,0.6191267967224121,0.6564761996269226
paper,IMG_6861,test,./data/raw_droh/paper/IMG_6861.JPG,./test/skeleton_final_v2/paper/IMG_6861.npy,Left,./test/skeleton_raw/paper/IMG_6861.npy,0.1190343052148819,0.30526450276374817,0.5731591582298279,0.6530004739761353
paper,IMG_6862,test,./data/raw_droh/paper/IMG_6862.JPG,./test/skeleton_final_v2/paper/IMG_6862.npy,Left,./test/skeleton_raw/paper/IMG_6862.npy,0.2404029667377472,0.21217390894889832,0.9283021688461304,0.6188415288925171
paper,IMG_6864,test,./data/raw_droh/paper/IMG_6864.JPG,./test/skeleton_final_v2/paper/IMG_6864.npy,Left,./test/skeleton_raw/paper/IMG_6864.npy,0.2164108157157898,0.39816755056381226,0.8740804195404053,0.9449215531349182
paper,IMG_6865,test,./data/raw_droh/paper/IMG_6865.JPG,./test/skeleton_final_v2/paper/IMG_6865.npy,Left,./test/skeleton_raw/paper/IMG_6865.npy,0.11149287223815918,0.39314424991607666,0.749143123626709,0.8422629237174988
paper,IMG_6909,test,./data/raw_droh/paper/IMG_6909.JPG,./test/skeleton_final_v2/paper/IMG_6909.npy,Left,./test/skeleton_raw/paper/IMG_6909.npy,0.10866332054138184,0.31176018714904785,0.779172420501709,0.9145369529724121
paper,IMG_6910,test,./data/raw_droh/paper/IMG_6910.JPG,./test/skeleton_final_v2/paper/IMG_6910.npy,Left,./test/skeleton_raw/paper/IMG_6910.npy,0.16136246919631958,0.28289467096328735,0.6527665853500366,0.8241270780563354
paper,IMG_6911,test,./data/raw_droh/paper/IMG_6911.JPG,./test/skeleton_final_v2/paper/IMG_6911.npy,Left,./test/skeleton_raw/paper/IMG_6911.npy,0.21543771028518677,0.39196306467056274,0.8471078872680664,0.9085257649421692
paper,IMG_6913,test,./data/raw_droh/paper/IMG_6913.JPG,./test/skeleton_final_v2/paper/IMG_6913.npy,Left,./test/skeleton_raw/paper/IMG_6913.npy,0.155374675989151,0.3661763370037079,0.8089312314987183,0.9407361149787903
paper,IMG_6934,test,./data/raw_droh/paper/IMG_6934.JPG,./test/skeleton_final_v2/paper/IMG_6934.npy,Left,./test/skeleton_raw/paper/IMG_6934.npy,0.19197848439216614,0.405807763338089,0.7756559252738953,0.9042149782180786
paper,IMG_6935,test,./data/raw_droh/paper/IMG_6935.JPG,./test/skeleton_final_v2/paper/IMG_6935.npy,Left,./test/skeleton_raw/paper/IMG_6935.npy,0.2887713611125946,0.49027594923973083,0.7438622713088989,0.7874681949615479
paper,IMG_6963,test,./data/raw_droh/paper/IMG_6963.JPG,./test/skeleton_final_v2/paper/IMG_6963.npy,Left,./test/skeleton_raw/paper/IMG_6963.npy,0.24056929349899292,0.15753528475761414,0.87972491979599,0.6668812036514282
paper,IMG_6964,test,./data/raw_droh/paper/IMG_6964.JPG,./test/skeleton_final_v2/paper/IMG_6964.npy,Left,./test/skeleton_raw/paper/IMG_6964.npy,0.2987094223499298,0.37899407744407654,0.720231831073761,0.8179666996002197
paper,IMG_6965,test,./data/raw_droh/paper/IMG_6965.JPG,./test/skeleton_final_v2/paper/IMG_6965.npy,Left,./test/skeleton_raw/paper/IMG_6965.npy,0.1447645127773285,0.3147290050983429,0.7895480394363403,0.7328916788101196
paper,IMG_6994,test,./data/raw_droh/paper/IMG_6994.JPG,./test/skeleton_final_v2/paper/IMG_6994.npy,Left,./test/skeleton_raw/paper/IMG_6994.npy,0.4533206820487976,0.23906056582927704,0.8790894746780396,0.6557275056838989
paper,IMG_6995,test,./data/raw_droh/paper/IMG_6995.JPG,./test/skeleton_final_v2/paper/IMG_6995.npy,Right,./test/skeleton_raw/paper/IMG_6995.npy,0.2849079966545105,0.2676745355129242,0.7967002391815186,0.670049786567688
paper,IMG_6996,test,./data/raw_droh/paper/IMG_6996.JPG,./test/skeleton_final_v2/paper/IMG_6996.npy,Left,./test/skeleton_raw/paper/IMG_6996.npy,0.06577205657958984,0.09258520603179932,0.7772140502929688,0.6676609516143799
paper,IMG_7033,test,./data/raw_droh/paper/IMG_7033.JPG,./test/skeleton_final_v2/paper/IMG_7033.npy,Right,./test/skeleton_raw/paper/IMG_7033.npy,0.087670236825943,0.3500714600086212,0.8004403710365295,0.8910501003265381
paper,IMG_7064,test,./data/raw_droh/paper/IMG_7064.JPG,./test/skeleton_final_v2/paper/IMG_7064.npy,Right,./test/skeleton_raw/paper/IMG_7064.npy,0.13866016268730164,0.30788958072662354,0.96147221326828,0.7479166984558105
paper,IMG_7065,test,./data/raw_droh/paper/IMG_7065.JPG,./test/skeleton_final_v2/paper/IMG_7065.npy,Right,./test/skeleton_raw/paper/IMG_7065.npy,0.1268743872642517,0.38525283336639404,0.9035080671310425,0.6303038001060486
paper,IMG_7067,test,./data/raw_droh/paper/IMG_7067.JPG,./test/skeleton_final_v2/paper/IMG_7067.npy,Right,./test/skeleton_raw/paper/IMG_7067.npy,0.11569887399673462,0.344412624835968,0.8502882122993469,0.8170322775840759
paper,IMG_7068,test,./data/raw_droh/paper/IMG_7068.JPG,./test/skeleton_final_v2/paper/IMG_7068.npy,Right,./test/skeleton_raw/paper/IMG_7068.npy,0.06059351563453674,0.48804768919944763,0.9093255996704102,0.8270317912101746
paper,IMG_7222,test,./data/raw_droh/paper/IMG_7222.JPG,./test/skeleton_final_v2/paper/IMG_7222.npy,Left,./test/skeleton_raw/paper/IMG_7222.npy,0.11721429228782654,0.3207607567310333,0.7726210951805115,0.7257245182991028
paper,IMG_7223,test,./data/raw_droh/paper/IMG_7223.JPG,./test/skeleton_final_v2/paper/IMG_7223.npy,Left,./test/skeleton_raw/paper/IMG_7223.npy,0.12055239081382751,0.3220784366130829,0.7744286060333252,0.7232838273048401
paper,IMG_7224,test,./data/raw_droh/paper/IMG_7224.JPG,./test/skeleton_final_v2/paper/IMG_7224.npy,Left,./test/skeleton_raw/paper/IMG_7224.npy,0.18430304527282715,0.3606041371822357,0.7269561290740967,0.6573059558868408
paper,IMG_7254,test,./data/raw_droh/paper/IMG_7254.JPG,./test/skeleton_final_v2/paper/IMG_7254.npy,Left,./test/skeleton_raw/paper/IMG_7254.npy,0.10959488153457642,0.4098436236381531,0.8673948049545288,0.835857093334198
paper,IMG_7285,test,./data/raw_droh/paper/IMG_7285.JPG,./test/skeleton_final_v2/paper/IMG_7285.npy,Left,./test/skeleton_raw/paper/IMG_7285.npy,0.32248130440711975,0.4415528178215027,0.8945054411888123,0.7694279551506042
paper,IMG_7286,test,./data/raw_droh/paper/IMG_7286.JPG,./test/skeleton_final_v2/paper/IMG_7286.npy,Left,./test/skeleton_raw/paper/IMG_7286.npy,0.36396324634552,0.5880268812179565,0.8529332876205444,0.6722066402435303
paper,IMG_7316,test,./data/raw_droh/paper/IMG_7316.JPG,./test/skeleton_final_v2/paper/IMG_7316.npy,Left,./test/skeleton_raw/paper/IMG_7316.npy,0.06604763865470886,0.4096178710460663,0.7709662914276123,0.7639515399932861
paper,IMG_7317,test,./data/raw_droh/paper/IMG_7317.JPG,./test/skeleton_final_v2/paper/IMG_7317.npy,Left,./test/skeleton_raw/paper/IMG_7317.npy,0.22043277323246002,0.21215437352657318,0.7160596251487732,0.6740474700927734
paper,IMG_7345,test,./data/raw_droh/paper/IMG_7345.JPG,./test/skeleton_final_v2/paper/IMG_7345.npy,Left,./test/skeleton_raw/paper/IMG_7345.npy,0.018078088760375977,0.14655892550945282,0.7327092885971069,0.6348011493682861
paper,IMG_7347,test,./data/raw_droh/paper/IMG_7347.JPG,./test/skeleton_final_v2/paper/IMG_7347.npy,Left,./test/skeleton_raw/paper/IMG_7347.npy,0.10716095566749573,0.1512061357498169,0.7134484052658081,0.6186190843582153
paper,IMG_7349,test,./data/raw_droh/paper/IMG_7349.JPG,./test/skeleton_final_v2/paper/IMG_7349.npy,Left,./test/skeleton_raw/paper/IMG_7349.npy,0.1256730854511261,0.1368287354707718,0.7783781290054321,0.49545344710350037
paper,IMG_7382,test,./data/raw_droh/paper/IMG_7382.JPG,./test/skeleton_final_v2/paper/IMG_7382.npy,Right,./test/skeleton_raw/paper/IMG_7382.npy,0.13312891125679016,0.5405981540679932,0.7110872268676758,0.851633608341217
paper,IMG_7414,test,./data/raw_droh/paper/IMG_7414.JPG,./test/skeleton_final_v2/paper/IMG_7414.npy,Right,./test/skeleton_raw/paper/IMG_7414.npy,0.08785402774810791,0.1570940613746643,0.8009885549545288,0.7886345982551575
paper,IMG_7443,test,./data/raw_droh/paper/IMG_7443.JPG,./test/skeleton_final_v2/paper/IMG_7443.npy,Left,./test/skeleton_raw/paper/IMG_7443.npy,0.16718712449073792,0.4326430559158325,0.8111550807952881,0.8588983416557312
paper,IMG_7446,test,./data/raw_droh/paper/IMG_7446.JPG,./test/skeleton_final_v2/paper/IMG_7446.npy,Left,./test/skeleton_raw/paper/IMG_7446.npy,0.2713467478752136,0.2551417946815491,0.8112528324127197,0.7286253571510315
paper,IMG_7447,test,./data/raw_droh/paper/IMG_7447.JPG,./test/skeleton_final_v2/paper/IMG_7447.npy,Left,./test/skeleton_raw/paper/IMG_7447.npy,0.07393854856491089,0.30714675784111023,0.7552077174186707,0.6544303894042969
paper,IMG_7476,test,./data/raw_droh/paper/IMG_7476.JPG,./test/skeleton_final_v2/paper/IMG_7476.npy,Right,./test/skeleton_raw/paper/IMG_7476.npy,0.10777860879898071,0.4841495454311371,0.7400994300842285,0.7759662866592407
paper,IMG_7477,test,./data/raw_droh/paper/IMG_7477.JPG,./test/skeleton_final_v2/paper/IMG_7477.npy,Right,./test/skeleton_raw/paper/IMG_7477.npy,0.09725752472877502,0.5095444321632385,0.7314291000366211,0.8891865015029907
paper,IMG_7513,test,./data/raw_droh/paper/IMG_7513.JPG,./test/skeleton_final_v2/paper/IMG_7513.npy,Right,./test/skeleton_raw/paper/IMG_7513.npy,0.2255590260028839,0.16724693775177002,0.7832029461860657,0.6331844329833984
paper,IMG_7515,test,./data/raw_droh/paper/IMG_7515.JPG,./test/skeleton_final_v2/paper/IMG_7515.npy,Left,./test/skeleton_raw/paper/IMG_7515.npy,0.21256057918071747,0.2574999928474426,0.6482211351394653,0.4246622920036316
paper,IMG_7545,test,./data/raw_droh/paper/IMG_7545.JPG,./test/skeleton_final_v2/paper/IMG_7545.npy,Left,./test/skeleton_raw/paper/IMG_7545.npy,0.04223993420600891,0.20968174934387207,0.8046358823776245,0.5632529258728027
paper,IMG_7578,test,./data/raw_droh/paper/IMG_7578.JPG,./test/skeleton_final_v2/paper/IMG_7578.npy,Left,./test/skeleton_raw/paper/IMG_7578.npy,0.17395204305648804,0.32497674226760864,0.8610895872116089,0.8675158023834229
paper,IMG_7579,test,./data/raw_droh/paper/IMG_7579.JPG,./test/skeleton_final_v2/paper/IMG_7579.npy,Left,./test/skeleton_raw/paper/IMG_7579.npy,0.2787279784679413,0.3908138871192932,0.9373635053634644,0.8472399711608887
paper,IMG_7609,test,./data/raw_droh/paper/IMG_7609.JPG,./test/skeleton_final_v2/paper/IMG_7609.npy,Left,./test/skeleton_raw/paper/IMG_7609.npy,0.2889406383037567,0.3329464793205261,0.8943935632705688,0.7669193744659424
paper,IMG_7610,test,./data/raw_droh/paper/IMG_7610.JPG,./test/skeleton_final_v2/paper/IMG_7610.npy,Right,./test/skeleton_raw/paper/IMG_7610.npy,0.34418314695358276,0.36892005801200867,0.8722282648086548,0.6011123061180115
paper,IMG_7611,test,./data/raw_droh/paper/IMG_7611.JPG,./test/skeleton_final_v2/paper/IMG_7611.npy,Left,./test/skeleton_raw/paper/IMG_7611.npy,0.4028836786746979,0.3104516267776489,0.9659795761108398,0.6546199321746826
paper,IMG_7652,test,./data/raw_droh/paper/IMG_7652.JPG,./test/skeleton_final_v2/paper/IMG_7652.npy,Left,./test/skeleton_raw/paper/IMG_7652.npy,0.03206676244735718,0.3176931142807007,0.6878465414047241,0.6481201648712158
paper,IMG_7653,test,./data/raw_droh/paper/IMG_7653.JPG,./test/skeleton_final_v2/paper/IMG_7653.npy,Left,./test/skeleton_raw/paper/IMG_7653.npy,0.1773974448442459,0.20854690670967102,0.7556495070457458,0.5451255440711975
paper,IMG_7717,test,./data/raw_droh/paper/IMG_7717.JPG,./test/skeleton_final_v2/paper/IMG_7717.npy,Right,./test/skeleton_raw/paper/IMG_7717.npy,0.11697506904602051,0.1479547619819641,0.8435064554214478,0.6134282350540161
paper,IMG_7718,test,./data/raw_droh/paper/IMG_7718.JPG,./test/skeleton_final_v2/paper/IMG_7718.npy,Right,./test/skeleton_raw/paper/IMG_7718.npy,0.2355996072292328,0.3124113976955414,0.8988218307495117,0.747432291507721
paper,IMG_7719,test,./data/raw_droh/paper/IMG_7719.JPG,./test/skeleton_final_v2/paper/IMG_7719.npy,Right,./test/skeleton_raw/paper/IMG_7719.npy,0.23146307468414307,0.3987780213356018,0.965842068195343,0.6100654602050781
paper,IMG_7720,test,./data/raw_droh/paper/IMG_7720.JPG,./test/skeleton_final_v2/paper/IMG_7720.npy,Left,./test/skeleton_raw/paper/IMG_7720.npy,0.2695116698741913,0.41333216428756714,0.943321943283081,0.5493128895759583
paper,IMG_7750,test,./data/raw_droh/paper/IMG_7750.JPG,./test/skeleton_final_v2/paper/IMG_7750.npy,Left,./test/skeleton_raw/paper/IMG_7750.npy,0.0343073308467865,0.3360511064529419,0.7440721988677979,0.47308680415153503
paper,IMG_7778,test,./data/raw_droh/paper/IMG_7778.JPG,./test/skeleton_final_v2/paper/IMG_7778.npy,Left,./test/skeleton_raw/paper/IMG_7778.npy,0.1303408443927765,0.30280423164367676,0.7447245121002197,0.6903604865074158
paper,IMG_7781,test,./data/raw_droh/paper/IMG_7781.JPG,./test/skeleton_final_v2/paper/IMG_7781.npy,Left,./test/skeleton_raw/paper/IMG_7781.npy,0.13571423292160034,0.25646764039993286,0.7427068948745728,0.5543927550315857
paper,IMG_7850,test,./data/raw_droh/paper/IMG_7850.JPG,./test/skeleton_final_v2/paper/IMG_7850.npy,Left,./test/skeleton_raw/paper/IMG_7850.npy,0.16192719340324402,0.06822827458381653,0.804092526435852,0.4974454641342163
paper,IMG_7882,test,./data/raw_droh/paper/IMG_7882.JPG,./test/skeleton_final_v2/paper/IMG_7882.npy,Left,./test/skeleton_raw/paper/IMG_7882.npy,0.10706466436386108,0.24571427702903748,0.6893508434295654,0.9515833854675293
paper,IMG_7883,test,./data/raw_droh/paper/IMG_7883.JPG,./test/skeleton_final_v2/paper/IMG_7883.npy,Left,./test/skeleton_raw/paper/IMG_7883.npy,0.3122633695602417,0.265594482421875,0.6038700342178345,0.8289680480957031
paper,IMG_7884,test,./data/raw_droh/paper/IMG_7884.JPG,./test/skeleton_final_v2/paper/IMG_7884.npy,Left,./test/skeleton_raw/paper/IMG_7884.npy,0.32520726323127747,0.24338051676750183,0.7593481540679932,0.9028142690658569
paper,IMG_7885,test,./data/raw_droh/paper/IMG_7885.JPG,./test/skeleton_final_v2/paper/IMG_7885.npy,Left,./test/skeleton_raw/paper/IMG_7885.npy,0.3552868962287903,0.2197953760623932,0.701353907585144,0.7863348722457886
paper,IMG_7946,test,./data/raw_droh/paper/IMG_7946.JPG,./test/skeleton_final_v2/paper/IMG_7946.npy,Left,./test/skeleton_raw/paper/IMG_7946.npy,0.28213265538215637,0.08646434545516968,0.71671462059021,0.8685556650161743
paper,IMG_7947,test,./data/raw_droh/paper/IMG_7947.JPG,./test/skeleton_final_v2/paper/IMG_7947.npy,Left,./test/skeleton_raw/paper/IMG_7947.npy,0.08968335390090942,0.11871680617332458,0.7308390140533447,0.8301588296890259
paper,IMG_7977,test,./data/raw_droh/paper/IMG_7977.JPG,./test/skeleton_final_v2/paper/IMG_7977.npy,Right,./test/skeleton_raw/paper/IMG_7977.npy,0.22538511455059052,0.23804539442062378,0.6439953446388245,0.8450460433959961
paper,IMG_7979,test,./data/raw_droh/paper/IMG_7979.JPG,./test/skeleton_final_v2/paper/IMG_7979.npy,Right,./test/skeleton_raw/paper/IMG_7979.npy,0.34987398982048035,0.1385672390460968,0.6926484704017639,0.7834217548370361
paper,IMG_8042,test,./data/raw_droh/paper/IMG_8042.JPG,./test/skeleton_final_v2/paper/IMG_8042.npy,Left,./test/skeleton_raw/paper/IMG_8042.npy,0.2658194899559021,0.31315678358078003,0.8602529764175415,0.6497718095779419
paper,IMG_8043,test,./data/raw_droh/paper/IMG_8043.JPG,./test/skeleton_final_v2/paper/IMG_8043.npy,Left,./test/skeleton_raw/paper/IMG_8043.npy,0.11048111319541931,0.3500825762748718,0.8192510604858398,0.7021551728248596
paper,IMG_8044,test,./data/raw_droh/paper/IMG_8044.JPG,./test/skeleton_final_v2/paper/IMG_8044.npy,Left,./test/skeleton_raw/paper/IMG_8044.npy,0.23742720484733582,0.4721793234348297,0.8133256435394287,0.7569826245307922
paper,IMG_8073,test,./data/raw_droh/paper/IMG_8073.JPG,./test/skeleton_final_v2/paper/IMG_8073.npy,Left,./test/skeleton_raw/paper/IMG_8073.npy,0.02026289701461792,0.20327937602996826,0.5158753991127014,0.9408515095710754
paper,IMG_8075,test,./data/raw_droh/paper/IMG_8075.JPG,./test/skeleton_final_v2/paper/IMG_8075.npy,Left,./test/skeleton_raw/paper/IMG_8075.npy,0.24270273745059967,0.39313024282455444,0.5596625804901123,0.935407280921936
paper,IMG_8105,test,./data/raw_droh/paper/IMG_8105.JPG,./test/skeleton_final_v2/paper/IMG_8105.npy,Left,./test/skeleton_raw/paper/IMG_8105.npy,0.1594473123550415,0.3691185712814331,0.7920783758163452,0.7980853915214539
paper,IMG_8106,test,./data/raw_droh/paper/IMG_8106.JPG,./test/skeleton_final_v2/paper/IMG_8106.npy,Left,./test/skeleton_raw/paper/IMG_8106.npy,0.10276278853416443,0.3677453398704529,0.7626920342445374,0.6841409206390381
paper,IMG_8139,test,./data/raw_droh/paper/IMG_8139.JPG,./test/skeleton_final_v2/paper/IMG_8139.npy,Right,./test/skeleton_raw/paper/IMG_8139.npy,0.06721648573875427,0.35153254866600037,0.6738408207893372,0.7738702297210693
paper,IMG_8174,test,./data/raw_droh/paper/IMG_8174.JPG,./test/skeleton_final_v2/paper/IMG_8174.npy,Left,./test/skeleton_raw/paper/IMG_8174.npy,0.28787821531295776,0.2039625644683838,1.0,0.871015191078186
rock,IMG_6254,test,./data/raw_droh/rock/IMG_6254.JPG,./test/skeleton_final_v2/rock/IMG_6254.npy,Left,./test/skeleton_raw/rock/IMG_6254.npy,0.33830922842025757,0.3100072145462036,0.6642017364501953,0.598453164100647
rock,IMG_6265,test,./data/raw_droh/rock/IMG_6265.JPG,./test/skeleton_final_v2/rock/IMG_6265.npy,Left,./test/skeleton_raw/rock/IMG_6265.npy,0.2955881655216217,0.18171349167823792,0.6211010217666626,0.5865087509155273
rock,IMG_6266,test,./data/raw_droh/rock/IMG_6266.JPG,./test/skeleton_final_v2/rock/IMG_6266.npy,Left,./test/skeleton_raw/rock/IMG_6266.npy,0.33453240990638733,0.2325001358985901,0.7774043083190918,0.614007830619812
rock,IMG_6267,test,./data/raw_droh/rock/IMG_6267.JPG,./test/skeleton_final_v2/rock/IMG_6267.npy,Left,./test/skeleton_raw/rock/IMG_6267.npy,0.33307552337646484,0.24162426590919495,0.7747972011566162,0.6169918775558472
rock,IMG_6271,test,./data/raw_droh/rock/IMG_6271.JPG,./test/skeleton_final_v2/rock/IMG_6271.npy,Left,./test/skeleton_raw/rock/IMG_6271.npy,0.5063372850418091,0.1666477471590042,0.8597865700721741,0.5463346242904663
rock,IMG_6272,test,./data/raw_droh/rock/IMG_6272.JPG,./test/skeleton_final_v2/rock/IMG_6272.npy,Left,./test/skeleton_raw/rock/IMG_6272.npy,0.4636334180831909,0.12489597499370575,0.8069244027137756,0.46807926893234253
rock,IMG_6318,test,./data/raw_droh/rock/IMG_6318.JPG,./test/skeleton_final_v2/rock/IMG_6318.npy,Left,./test/skeleton_raw/rock/IMG_6318.npy,0.4398503303527832,0.24002286791801453,0.7257032990455627,0.5374482870101929
rock,IMG_6321,test,./data/raw_droh/rock/IMG_6321.JPG,./test/skeleton_final_v2/rock/IMG_6321.npy,Left,./test/skeleton_raw/rock/IMG_6321.npy,0.4248421788215637,0.5017507076263428,0.6689453721046448,0.6933283805847168
rock,IMG_6345,test,./data/raw_droh/rock/IMG_6345.JPG,./test/skeleton_final_v2/rock/IMG_6345.npy,Left,./test/skeleton_raw/rock/IMG_6345.npy,0.4684178829193115,0.3045172691345215,0.8208671808242798,0.6088626384735107
rock,IMG_6346,test,./data/raw_droh/rock/IMG_6346.JPG,./test/skeleton_final_v2/rock/IMG_6346.npy,Left,./test/skeleton_raw/rock/IMG_6346.npy,0.4277203679084778,0.3227485418319702,0.6384029388427734,0.5914990305900574
rock,IMG_6348,test,./data/raw_droh/rock/IMG_6348.JPG,./test/skeleton_final_v2/rock/IMG_6348.npy,Left,./test/skeleton_raw/rock/IMG_6348.npy,0.27511486411094666,0.1343413144350052,0.745639443397522,0.5922214984893799
rock,IMG_6349,test,./data/raw_droh/rock/IMG_6349.JPG,./test/skeleton_final_v2/rock/IMG_6349.npy,Left,./test/skeleton_raw/rock/IMG_6349.npy,0.2416534423828125,0.23104189336299896,0.5295956134796143,0.6485046148300171
rock,IMG_6384,test,./data/raw_droh/rock/IMG_6384.JPG,./test/skeleton_final_v2/rock/IMG_6384.npy,Left,./test/skeleton_raw/rock/IMG_6384.npy,0.26749908924102783,0.5021501779556274,0.6174894571304321,0.7267879247665405
rock,IMG_6385,test,./data/raw_droh/rock/IMG_6385.JPG,./test/skeleton_final_v2/rock/IMG_6385.npy,Left,./test/skeleton_raw/rock/IMG_6385.npy,0.3704482614994049,0.32973822951316833,0.6951689720153809,0.6735547780990601
rock,IMG_6417,test,./data/raw_droh/rock/IMG_6417.JPG,./test/skeleton_final_v2/rock/IMG_6417.npy,Left,./test/skeleton_raw/rock/IMG_6417.npy,0.3586769998073578,0.20510908961296082,0.6164528131484985,0.5102317333221436
rock,IMG_6418,test,./data/raw_droh/rock/IMG_6418.JPG,./test/skeleton_final_v2/rock/IMG_6418.npy,Left,./test/skeleton_raw/rock/IMG_6418.npy,0.21466200053691864,0.31233569979667664,0.5920913219451904,0.5309082865715027
rock,IMG_6420,test,./data/raw_droh/rock/IMG_6420.JPG,./test/skeleton_final_v2/rock/IMG_6420.npy,Left,./test/skeleton_raw/rock/IMG_6420.npy,0.35918858647346497,0.2978721559047699,0.6743966341018677,0.6196770668029785
rock,IMG_6460,test,./data/raw_droh/rock/IMG_6460.JPG,./test/skeleton_final_v2/rock/IMG_6460.npy,Right,./test/skeleton_raw/rock/IMG_6460.npy,0.3931460380554199,0.3388487696647644,0.7730264663696289,0.5972990989685059
rock,IMG_6499,test,./data/raw_droh/rock/IMG_6499.JPG,./test/skeleton_final_v2/rock/IMG_6499.npy,Left,./test/skeleton_raw/rock/IMG_6499.npy,0.53336501121521,0.35273176431655884,0.8751802444458008,0.5761014819145203
rock,IMG_6500,test,./data/raw_droh/rock/IMG_6500.JPG,./test/skeleton_final_v2/rock/IMG_6500.npy,Left,./test/skeleton_raw/rock/IMG_6500.npy,0.47909361124038696,0.31322553753852844,0.8197325468063354,0.5891410708427429
rock,IMG_6502,test,./data/raw_droh/rock/IMG_6502.JPG,./test/skeleton_final_v2/rock/IMG_6502.npy,Left,./test/skeleton_raw/rock/IMG_6502.npy,0.36677366495132446,0.47953373193740845,0.8640567660331726,0.7708630561828613
rock,IMG_6503,test,./data/raw_droh/rock/IMG_6503.JPG,./test/skeleton_final_v2/rock/IMG_6503.npy,Left,./test/skeleton_raw/rock/IMG_6503.npy,0.6518773436546326,0.5218011736869812,1.0,0.6831400394439697
rock,IMG_6541,test,./data/raw_droh/rock/IMG_6541.JPG,./test/skeleton_final_v2/rock/IMG_6541.npy,Left,./test/skeleton_raw/rock/IMG_6541.npy,0.2963441014289856,0.30392640829086304,0.6682149767875671,0.6260899305343628
rock,IMG_6543,test,./data/raw_droh/rock/IMG_6543.JPG,./test/skeleton_final_v2/rock/IMG_6543.npy,Left,./test/skeleton_raw/rock/IMG_6543.npy,0.13999587297439575,0.47655147314071655,0.4482508599758148,0.6376485824584961
rock,IMG_6574,test,./data/raw_droh/rock/IMG_6574.JPG,./test/skeleton_final_v2/rock/IMG_6574.npy,Left,./test/skeleton_raw/rock/IMG_6574.npy,0.34213924407958984,0.19883331656455994,0.807650089263916,0.6157795190811157
rock,IMG_6575,test,./data/raw_droh/rock/IMG_6575.JPG,./test/skeleton_final_v2/rock/IMG_6575.npy,Left,./test/skeleton_raw/rock/IMG_6575.npy,0.10687042772769928,0.3784506320953369,0.689389169216156,0.6739943027496338
rock,IMG_6611,test,./data/raw_droh/rock/IMG_6611.JPG,./test/skeleton_final_v2/rock/IMG_6611.npy,Left,./test/skeleton_raw/rock/IMG_6611.npy,0.28899115324020386,0.39916205406188965,0.5768625140190125,0.7395537495613098
rock,IMG_6641,test,./data/raw_droh/rock/IMG_6641.JPG,./test/skeleton_final_v2/rock/IMG_6641.npy,Left,./test/skeleton_raw/rock/IMG_6641.npy,0.13523201644420624,0.06211972236633301,0.6364635229110718,0.5593141317367554
rock,IMG_6700,test,./data/raw_droh/rock/IMG_6700.JPG,./test/skeleton_final_v2/rock/IMG_6700.npy,Left,./test/skeleton_raw/rock/IMG_6700.npy,0.26459449529647827,0.5125175714492798,0.6201674938201904,0.8043913245201111
rock,IMG_6701,test,./data/raw_droh/rock/IMG_6701.JPG,./test/skeleton_final_v2/rock/IMG_6701.npy,Left,./test/skeleton_raw/rock/IMG_6701.npy,0.21082697808742523,0.36473971605300903,0.6503022909164429,0.8287172317504883
rock,IMG_6720,test,./data/raw_droh/rock/IMG_6720.JPG,./test/skeleton_final_v2/rock/IMG_6720.npy,Right,./test/skeleton_raw/rock/IMG_6720.npy,0.18483966588974,0.32595396041870117,0.6637966632843018,0.6439055800437927
rock,IMG_6723,test,./data/raw_droh/rock/IMG_6723.JPG,./test/skeleton_final_v2/rock/IMG_6723.npy,Right,./test/skeleton_raw/rock/IMG_6723.npy,0.27338021993637085,0.44905993342399597,0.7186704874038696,0.8291325569152832
rock,IMG_6765,test,./data/raw_droh/rock/IMG_6765.JPG,./test/skeleton_final_v2/rock/IMG_6765.npy,Right,./test/skeleton_raw/rock/IMG_6765.npy,0.39430904388427734,0.3654058277606964,0.7949458360671997,0.795198917388916
rock,IMG_6793,test,./data/raw_droh/rock/IMG_6793.JPG,./test/skeleton_final_v2/rock/IMG_6793.npy,Left,./test/skeleton_raw/rock/IMG_6793.npy,0.24932309985160828,0.4966045022010803,0.5939803123474121,0.7614442110061646
rock,IMG_6794,test,./data/raw_droh/rock/IMG_6794.JPG,./test/skeleton_final_v2/rock/IMG_6794.npy,Left,./test/skeleton_raw/rock/IMG_6794.npy,0.34593844413757324,0.594475507736206,0.6727403998374939,0.7933368682861328
rock,IMG_6796,test,./data/raw_droh/rock/IMG_6796.JPG,./test/skeleton_final_v2/rock/IMG_6796.npy,Left,./test/skeleton_raw/rock/IMG_6796.npy,0.3801407814025879,0.4141828417778015,0.7068841457366943,0.6521111726760864
rock,IMG_6821,test,./data/raw_droh/rock/IMG_6821.JPG,./test/skeleton_final_v2/rock/IMG_6821.npy,Right,./test/skeleton_raw/rock/IMG_6821.npy,0.26607513427734375,0.3245707154273987,0.6766258478164673,0.658273458480835
rock,IMG_6822,test,./data/raw_droh/rock/IMG_6822.JPG,./test/skeleton_final_v2/rock/IMG_6822.npy,Right,./test/skeleton_raw/rock/IMG_6822.npy,0.3424036502838135,0.3444743752479553,0.7104632258415222,0.6254107356071472
rock,IMG_6824,test,./data/raw_droh/rock/IMG_6824.JPG,./test/skeleton_final_v2/rock/IMG_6824.npy,Right,./test/skeleton_raw/rock/IMG_6824.npy,0.27273133397102356,0.24891826510429382,0.5913485288619995,0.518639326095581
rock,IMG_6851,test,./data/raw_droh/rock/IMG_6851.JPG,./test/skeleton_final_v2/rock/IMG_6851.npy,Left,./test/skeleton_raw/rock/IMG_6851.npy,0.28576815128326416,0.4141361117362976,0.6882086396217346,0.6872158050537109
rock,IMG_6853,test,./data/raw_droh/rock/IMG_6853.JPG,./test/skeleton_final_v2/rock/IMG_6853.npy,Left,./test/skeleton_raw/rock/IMG_6853.npy,0.2850602865219116,0.19978457689285278,0.6702268719673157,0.5255653858184814
rock,IMG_6855,test,./data/raw_droh/rock/IMG_6855.JPG,./test/skeleton_final_v2/rock/IMG_6855.npy,Left,./test/skeleton_raw/rock/IMG_6855.npy,0.38219815492630005,0.298540323972702,0.7930564880371094,0.5984991788864136
rock,IMG_6900,test,./data/raw_droh/rock/IMG_6900.JPG,./test/skeleton_final_v2/rock/IMG_6900.npy,Left,./test/skeleton_raw/rock/IMG_6900.npy,0.19846025109291077,0.39232614636421204,0.5631972551345825,0.7323489189147949
rock,IMG_6902,test,./data/raw_droh/rock/IMG_6902.JPG,./test/skeleton_final_v2/rock/IMG_6902.npy,Left,./test/skeleton_raw/rock/IMG_6902.npy,0.0408836305141449,0.5160559415817261,0.5857564210891724,0.7930795550346375
rock,IMG_6904,test,./data/raw_droh/rock/IMG_6904.JPG,./test/skeleton_final_v2/rock/IMG_6904.npy,Left,./test/skeleton_raw/rock/IMG_6904.npy,0.21558210253715515,0.6253247857093811,0.592083215713501,0.9061489105224609
rock,IMG_6924,test,./data/raw_droh/rock/IMG_6924.JPG,./test/skeleton_final_v2/rock/IMG_6924.npy,Left,./test/skeleton_raw/rock/IMG_6924.npy,0.37575119733810425,0.5158716440200806,0.71970134973526,0.7746669054031372
rock,IMG_6925,test,./data/raw_droh/rock/IMG_6925.JPG,./test/skeleton_final_v2/rock/IMG_6925.npy,Left,./test/skeleton_raw/rock/IMG_6925.npy,0.25677719712257385,0.5921286940574646,0.6706963181495667,0.838276207447052
rock,IMG_6927,test,./data/raw_droh/rock/IMG_6927.JPG,./test/skeleton_final_v2/rock/IMG_6927.npy,Left,./test/skeleton_raw/rock/IMG_6927.npy,0.23163095116615295,0.15060845017433167,0.5965484380722046,0.5352292060852051
rock,IMG_6954,test,./data/raw_droh/rock/IMG_6954.JPG,./test/skeleton_final_v2/rock/IMG_6954.npy,Left,./test/skeleton_raw/rock/IMG_6954.npy,0.19846180081367493,0.40994793176651,0.6838433742523193,0.7191600799560547
rock,IMG_6955,test,./data/raw_droh/rock/IMG_6955.JPG,./test/skeleton_final_v2/rock/IMG_6955.npy,Left,./test/skeleton_raw/rock/IMG_6955.npy,0.3656284511089325,0.29626035690307617,0.7444723844528198,0.6735849380493164
rock,IMG_6984,test,./data/raw_droh/rock/IMG_6984.JPG,./test/skeleton_final_v2/rock/IMG_6984.npy,Left,./test/skeleton_raw/rock/IMG_6984.npy,0.3306702971458435,0.3219175338745117,0.7234057188034058,0.5274887681007385
rock,IMG_6987,test,./data/raw_droh/rock/IMG_6987.JPG,./test/skeleton_final_v2/rock/IMG_6987.npy,Left,./test/skeleton_raw/rock/IMG_6987.npy,0.45779967308044434,0.40706396102905273,0.8309208154678345,0.7374711036682129
rock,IMG_7019,test,./data/raw_droh/rock/IMG_7019.JPG,./test/skeleton_final_v2/rock/IMG_7019.npy,Left,./test/skeleton_raw/rock/IMG_7019.npy,0.6520923376083374,0.06124849617481232,0.8798104524612427,0.24943387508392334
rock,IMG_7023,test,./data/raw_droh/rock/IMG_7023.JPG,./test/skeleton_final_v2/rock/IMG_7023.npy,Left,./test/skeleton_raw/rock/IMG_7023.npy,0.5501426458358765,0.12349995970726013,0.7656149864196777,0.30139875411987305
rock,IMG_7054,test,./data/raw_droh/rock/IMG_7054.JPG,./test/skeleton_final_v2/rock/IMG_7054.npy,Right,./test/skeleton_raw/rock/IMG_7054.npy,0.14661753177642822,0.44729992747306824,0.6943590641021729,0.843409538269043
rock,IMG_7212,test,./data/raw_droh/rock/IMG_7212.JPG,./test/skeleton_final_v2/rock/IMG_7212.npy,Left,./test/skeleton_raw/rock/IMG_7212.npy,0.12875999510288239,0.3735102713108063,0.5964480638504028,0.6657508015632629
rock,IMG_7213,test,./data/raw_droh/rock/IMG_7213.JPG,./test/skeleton_final_v2/rock/IMG_7213.npy,Left,./test/skeleton_raw/rock/IMG_7213.npy,0.27740010619163513,0.4012291729450226,0.7094096541404724,0.7497248649597168
rock,IMG_7214,test,./data/raw_droh/rock/IMG_7214.JPG,./test/skeleton_final_v2/rock/IMG_7214.npy,Left,./test/skeleton_raw/rock/IMG_7214.npy,0.272937536239624,0.32858335971832275,0.6857085824012756,0.6654687523841858
rock,IMG_7244,test,./data/raw_droh/rock/IMG_7244.JPG,./test/skeleton_final_v2/rock/IMG_7244.npy,Left,./test/skeleton_raw/rock/IMG_7244.npy,0.12938131392002106,0.43115800619125366,0.6571377515792847,0.6549738645553589
rock,IMG_7245,test,./data/raw_droh/rock/IMG_7245.JPG,./test/skeleton_final_v2/rock/IMG_7245.npy,Left,./test/skeleton_raw/rock/IMG_7245.npy,0.20132924616336823,0.5110389590263367,0.6399108171463013,0.8788565397262573
rock,IMG_7279,test,./data/raw_droh/rock/IMG_7279.JPG,./test/skeleton_final_v2/rock/IMG_7279.npy,Left,./test/skeleton_raw/rock/IMG_7279.npy,0.4197973906993866,0.3838989734649658,0.8806655406951904,0.7599037885665894
rock,IMG_7305,test,./data/raw_droh/rock/IMG_7305.JPG,./test/skeleton_final_v2/rock/IMG_7305.npy,Left,./test/skeleton_raw/rock/IMG_7305.npy,0.11609770357608795,0.3795797824859619,0.7267497181892395,0.6818249225616455
rock,IMG_7307,test,./data/raw_droh/rock/IMG_7307.JPG,./test/skeleton_final_v2/rock/IMG_7307.npy,Left,./test/skeleton_raw/rock/IMG_7307.npy,0.15580019354820251,0.4577580392360687,0.6076427102088928,0.7711687088012695
rock,IMG_7308,test,./data/raw_droh/rock/IMG_7308.JPG,./test/skeleton_final_v2/rock/IMG_7308.npy,Left,./test/skeleton_raw/rock/IMG_7308.npy,0.2663698196411133,0.325050413608551,0.5946354866027832,0.746746301651001
rock,IMG_7309,test,./data/raw_droh/rock/IMG_7309.JPG,./test/skeleton_final_v2/rock/IMG_7309.npy,Left,./test/skeleton_raw/rock/IMG_7309.npy,0.3046143651008606,0.28356117010116577,0.6498165726661682,0.597937822341919
rock,IMG_7337,test,./data/raw_droh/rock/IMG_7337.JPG,./test/skeleton_final_v2/rock/IMG_7337.npy,Left,./test/skeleton_raw/rock/IMG_7337.npy,0.28189486265182495,0.3128449618816376,0.7135211229324341,0.6755973100662231
rock,IMG_7338,test,./data/raw_droh/rock/IMG_7338.JPG,./test/skeleton_final_v2/rock/IMG_7338.npy,Left,./test/skeleton_raw/rock/IMG_7338.npy,0.23844130337238312,0.4618709683418274,0.668546199798584,0.8110071420669556
rock,IMG_7340,test,./data/raw_droh/rock/IMG_7340.JPG,./test/skeleton_final_v2/rock/IMG_7340.npy,Left,./test/skeleton_raw/rock/IMG_7340.npy,0.22069638967514038,0.09652704000473022,0.763791024684906,0.6025275588035583
rock,IMG_7370,test,./data/raw_droh/rock/IMG_7370.JPG,./test/skeleton_final_v2/rock/IMG_7370.npy,Right,./test/skeleton_raw/rock/IMG_7370.npy,0.35692137479782104,0.43094319105148315,0.7848140001296997,0.7891157865524292
rock,IMG_7371,test,./data/raw_droh/rock/IMG_7371.JPG,./test/skeleton_final_v2/rock/IMG_7371.npy,Right,./test/skeleton_raw/rock/IMG_7371.npy,0.2283581644296646,0.4486749768257141,0.7315467596054077,0.7616163492202759
rock,IMG_7373,test,./data/raw_droh/rock/IMG_7373.JPG,./test/skeleton_final_v2/rock/IMG_7373.npy,Right,./test/skeleton_raw/rock/IMG_7373.npy,0.17437195777893066,0.5050591826438904,0.6489483714103699,0.7670978307723999
rock,IMG_7402,test,./data/raw_droh/rock/IMG_7402.JPG,./test/skeleton_final_v2/rock/IMG_7402.npy,Right,./test/skeleton_raw/rock/IMG_7402.npy,0.249667227268219,0.3419351577758789,0.8768946528434753,0.6238030195236206
rock,IMG_7404,test,./data/raw_droh/rock/IMG_7404.JPG,./test/skeleton_final_v2/rock/IMG_7404.npy,Right,./test/skeleton_raw/rock/IMG_7404.npy,0.31548193097114563,0.4041827619075775,0.8802482485771179,0.6780035495758057
rock,IMG_7433,test,./data/raw_droh/rock/IMG_7433.JPG,./test/skeleton_final_v2/rock/IMG_7433.npy,Left,./test/skeleton_raw/rock/IMG_7433.npy,0.26602500677108765,0.5303682684898376,0.5571126341819763,0.7599190473556519
rock,IMG_7436,test,./data/raw_droh/rock/IMG_7436.JPG,./test/skeleton_final_v2/rock/IMG_7436.npy,Left,./test/skeleton_raw/rock/IMG_7436.npy,0.23906582593917847,0.3547915518283844,0.7041686773300171,0.6374565362930298
rock,IMG_7470,test,./data/raw_droh/rock/IMG_7470.JPG,./test/skeleton_final_v2/rock/IMG_7470.npy,Right,./test/skeleton_raw/rock/IMG_7470.npy,0.21718749403953552,0.4546966850757599,0.6875828504562378,0.7449983358383179
rock,IMG_7502,test,./data/raw_droh/rock/IMG_7502.JPG,./test/skeleton_final_v2/rock/IMG_7502.npy,Right,./test/skeleton_raw/rock/IMG_7502.npy,0.43656066060066223,0.33580291271209717,0.7885440587997437,0.6624267101287842
rock,IMG_7503,test,./data/raw_droh/rock/IMG_7503.JPG,./test/skeleton_final_v2/rock/IMG_7503.npy,Right,./test/skeleton_raw/rock/IMG_7503.npy,0.5544718503952026,0.3176341652870178,0.9119673371315002,0.6362511515617371
rock,IMG_7506,test,./data/raw_droh/rock/IMG_7506.JPG,./test/skeleton_final_v2/rock/IMG_7506.npy,Right,./test/skeleton_raw/rock/IMG_7506.npy,0.3495793044567108,0.327728271484375,0.6850714683532715,0.5322000980377197
rock,IMG_7539,test,./data/raw_droh/rock/IMG_7539.JPG,./test/skeleton_final_v2/rock/IMG_7539.npy,Left,./test/skeleton_raw/rock/IMG_7539.npy,0.1532132476568222,0.36830684542655945,0.7406317591667175,0.762860119342804
rock,IMG_7568,test,./data/raw_droh/rock/IMG_7568.JPG,./test/skeleton_final_v2/rock/IMG_7568.npy,Left,./test/skeleton_raw/rock/IMG_7568.npy,0.20216047763824463,0.37570303678512573,0.7993088960647583,0.8170023560523987
rock,IMG_7571,test,./data/raw_droh/rock/IMG_7571.JPG,./test/skeleton_final_v2/rock/IMG_7571.npy,Left,./test/skeleton_raw/rock/IMG_7571.npy,0.25946444272994995,0.2507757246494293,0.9084770083427429,0.5593761801719666
rock,IMG_7603,test,./data/raw_droh/rock/IMG_7603.JPG,./test/skeleton_final_v2/rock/IMG_7603.npy,Left,./test/skeleton_raw/rock/IMG_7603.npy,0.4926212430000305,0.3244403600692749,0.8322456479072571,0.5477916598320007
rock,IMG_7635,test,./data/raw_droh/rock/IMG_7635.JPG,./test/skeleton_final_v2/rock/IMG_7635.npy,Left,./test/skeleton_raw/rock/IMG_7635.npy,0.22639214992523193,0.2425042688846588,0.6450101137161255,0.4964861273765564
rock,IMG_7636,test,./data/raw_droh/rock/IMG_7636.JPG,./test/skeleton_final_v2/rock/IMG_7636.npy,Right,./test/skeleton_raw/rock/IMG_7636.npy,0.6723739504814148,0.660460889339447,0.9751074314117432,0.9870039820671082
rock,IMG_7637,test,./data/raw_droh/rock/IMG_7637.JPG,./test/skeleton_final_v2/rock/IMG_7637.npy,Right,./test/skeleton_raw/rock/IMG_7637.npy,0.641105592250824,0.6324762105941772,0.9608838558197021,0.9409847855567932
rock,IMG_7638,test,./data/raw_droh/rock/IMG_7638.JPG,./test/skeleton_final_v2/rock/IMG_7638.npy,Right,./test/skeleton_raw/rock/IMG_7638.npy,0.6856797933578491,0.655121922492981,1.0,0.9489273428916931
rock,IMG_7639,test,./data/raw_droh/rock/IMG_7639.JPG,./test/skeleton_final_v2/rock/IMG_7639.npy,Right,./test/skeleton_raw/rock/IMG_7639.npy,0.5731300115585327,0.6145603656768799,0.8765199780464172,0.9113402962684631
rock,IMG_7680,test,./data/raw_droh/rock/IMG_7680.JPG,./test/skeleton_final_v2/rock/IMG_7680.npy,Right,./test/skeleton_raw/rock/IMG_7680.npy,0.504352331161499,0.4031165838241577,0.8195171356201172,0.650858461856842
rock,IMG_7716,test,./data/raw_droh/rock/IMG_7716.JPG,./test/skeleton_final_v2/rock/IMG_7716.npy,Right,./test/skeleton_raw/rock/IMG_7716.npy,0.2366899698972702,0.3677251935005188,0.6523593068122864,0.6238729953765869
rock,IMG_7741,test,./data/raw_droh/rock/IMG_7741.JPG,./test/skeleton_final_v2/rock/IMG_7741.npy,Left,./test/skeleton_raw/rock/IMG_7741.npy,0.13647691905498505,0.35838747024536133,0.6060352325439453,0.6596431732177734
rock,IMG_7742,test,./data/raw_droh/rock/IMG_7742.JPG,./test/skeleton_final_v2/rock/IMG_7742.npy,Left,./test/skeleton_raw/rock/IMG_7742.npy,0.21872930228710175,0.3958492577075958,0.6418719291687012,0.5981084704399109
rock,IMG_7744,test,./data/raw_droh/rock/IMG_7744.JPG,./test/skeleton_final_v2/rock/IMG_7744.npy,Left,./test/skeleton_raw/rock/IMG_7744.npy,0.17324744164943695,0.4075770378112793,0.6320333480834961,0.7288543581962585
rock,IMG_7772,test,./data/raw_droh/rock/IMG_7772.JPG,./test/skeleton_final_v2/rock/IMG_7772.npy,Left,./test/skeleton_raw/rock/IMG_7772.npy,0.16492512822151184,0.350249707698822,0.5453904867172241,0.5862554907798767
rock,IMG_7838,test,./data/raw_droh/rock/IMG_7838.JPG,./test/skeleton_final_v2/rock/IMG_7838.npy,Left,./test/skeleton_raw/rock/IMG_7838.npy,0.15366481244564056,0.4813358783721924,0.5938475131988525,0.6705687642097473
rock,IMG_7873,test,./data/raw_droh/rock/IMG_7873.JPG,./test/skeleton_final_v2/rock/IMG_7873.npy,Left,./test/skeleton_raw/rock/IMG_7873.npy,0.44331032037734985,0.48761630058288574,0.8548197746276855,0.734413206577301
rock,IMG_7875,test,./data/raw_droh/rock/IMG_7875.JPG,./test/skeleton_final_v2/rock/IMG_7875.npy,Left,./test/skeleton_raw/rock/IMG_7875.npy,0.21478211879730225,0.43669378757476807,0.805896520614624,0.7326506972312927
rock,IMG_7876,test,./data/raw_droh/rock/IMG_7876.JPG,./test/skeleton_final_v2/rock/IMG_7876.npy,Left,./test/skeleton_raw/rock/IMG_7876.npy,0.2871057987213135,0.34376513957977295,0.7299438118934631,0.7300601005554199
rock,IMG_7907,test,./data/raw_droh/rock/IMG_7907.JPG,./test/skeleton_final_v2/rock/IMG_7907.npy,Left,./test/skeleton_raw/rock/IMG_7907.npy,0.331502228975296,0.5472739934921265,0.8891748785972595,0.8273878693580627
rock,IMG_7937,test,./data/raw_droh/rock/IMG_7937.JPG,./test/skeleton_final_v2/rock/IMG_7937.npy,Left,./test/skeleton_raw/rock/IMG_7937.npy,0.1814928650856018,0.4783521294593811,0.7797278761863708,0.8081294298171997
rock,IMG_7939,test,./data/raw_droh/rock/IMG_7939.JPG,./test/skeleton_final_v2/rock/IMG_7939.npy,Right,./test/skeleton_raw/rock/IMG_7939.npy,0.7144637107849121,0.16970589756965637,0.9116361737251282,0.48797807097435
rock,IMG_7970,test,./data/raw_droh/rock/IMG_7970.JPG,./test/skeleton_final_v2/rock/IMG_7970.npy,Right,./test/skeleton_raw/rock/IMG_7970.npy,0.23919619619846344,0.2879786193370819,0.6451001167297363,0.7433484792709351
rock,IMG_7971,test,./data/raw_droh/rock/IMG_7971.JPG,./test/skeleton_final_v2/rock/IMG_7971.npy,Right,./test/skeleton_raw/rock/IMG_7971.npy,0.15417464077472687,0.21409988403320312,0.46187135577201843,0.7224305868148804
rock,IMG_8002,test,./data/raw_droh/rock/IMG_8002.JPG,./test/skeleton_final_v2/rock/IMG_8002.npy,Left,./test/skeleton_raw/rock/IMG_8002.npy,0.2974686324596405,0.38524723052978516,0.6487014293670654,0.5568122863769531
rock,IMG_8032,test,./data/raw_droh/rock/IMG_8032.JPG,./test/skeleton_final_v2/rock/IMG_8032.npy,Left,./test/skeleton_raw/rock/IMG_8032.npy,0.13472336530685425,0.507925271987915,0.696609377861023,0.9037140607833862
rock,IMG_8065,test,./data/raw_droh/rock/IMG_8065.JPG,./test/skeleton_final_v2/rock/IMG_8065.npy,Left,./test/skeleton_raw/rock/IMG_8065.npy,0.1842513084411621,0.5350974798202515,0.7576353549957275,0.8482347130775452
rock,IMG_8066,test,./data/raw_droh/rock/IMG_8066.JPG,./test/skeleton_final_v2/rock/IMG_8066.npy,Left,./test/skeleton_raw/rock/IMG_8066.npy,0.19299447536468506,0.4705350399017334,0.7851775288581848,0.8560853004455566
rock,IMG_8068,test,./data/raw_droh/rock/IMG_8068.JPG,./test/skeleton_final_v2/rock/IMG_8068.npy,Right,./test/skeleton_raw/rock/IMG_8068.npy,0.7345497608184814,0.41063112020492554,0.9577629566192627,0.6842808127403259
rock,IMG_8100,test,./data/raw_droh/rock/IMG_8100.JPG,./test/skeleton_final_v2/rock/IMG_8100.npy,Left,./test/skeleton_raw/rock/IMG_8100.npy,0.18847547471523285,0.26329779624938965,0.6914631128311157,0.5522930026054382
scissors,IMG_6351,test,./data/raw_droh/scissors/IMG_6351.JPG,./test/skeleton_final_v2/scissors/IMG_6351.npy,Left,./test/skeleton_raw/scissors/IMG_6351.npy,0.3859637975692749,0.18005862832069397,0.6939171552658081,0.7022433280944824
scissors,IMG_6352,test,./data/raw_droh/scissors/IMG_6352.JPG,./test/skeleton_final_v2/scissors/IMG_6352.npy,Left,./test/skeleton_raw/scissors/IMG_6352.npy,0.14686895906925201,0.47863346338272095,0.5611822605133057,0.6626302599906921
scissors,IMG_6386,test,./data/raw_droh/scissors/IMG_6386.JPG,./test/skeleton_final_v2/scissors/IMG_6386.npy,Left,./test/skeleton_raw/scissors/IMG_6386.npy,0.15036827325820923,0.46332401037216187,0.8047140836715698,0.6993544697761536
scissors,IMG_6387,test,./data/raw_droh/scissors/IMG_6387.JPG,./test/skeleton_final_v2/scissors/IMG_6387.npy,Left,./test/skeleton_raw/scissors/IMG_6387.npy,0.10499715805053711,0.5526296496391296,0.7917311787605286,0.7193575501441956
scissors,IMG_6389,test,./data/raw_droh/scissors/IMG_6389.JPG,./test/skeleton_final_v2/scissors/IMG_6389.npy,Left,./test/skeleton_raw/scissors/IMG_6389.npy,0.1793917417526245,0.39376387000083923,0.8007017374038696,0.5556153655052185
scissors,IMG_6390,test,./data/raw_droh/scissors/IMG_6390.JPG,./test/skeleton_final_v2/scissors/IMG_6390.npy,Right,./test/skeleton_raw/scissors/IMG_6390.npy,0.30664247274398804,0.4973262548446655,0.6134415864944458,0.7518250942230225
scissors,IMG_6423,test,./data/raw_droh/scissors/IMG_6423.JPG,./test/skeleton_final_v2/scissors/IMG_6423.npy,Left,./test/skeleton_raw/scissors/IMG_6423.npy,0.24695612490177155,0.3320389986038208,0.6487675905227661,0.7683011293411255
scissors,IMG_6424,test,./data/raw_droh/scissors/IMG_6424.JPG,./test/skeleton_final_v2/scissors/IMG_6424.npy,Left,./test/skeleton_raw/scissors/IMG_6424.npy,0.0,0.32519418001174927,0.6117500066757202,0.6972630620002747
scissors,IMG_6425,test,./data/raw_droh/scissors/IMG_6425.JPG,./test/skeleton_final_v2/scissors/IMG_6425.npy,Left,./test/skeleton_raw/scissors/IMG_6425.npy,0.4093439280986786,0.4085298776626587,0.7278872728347778,0.7498629093170166
scissors,IMG_6461,test,./data/raw_droh/scissors/IMG_6461.JPG,./test/skeleton_final_v2/scissors/IMG_6461.npy,Right,./test/skeleton_raw/scissors/IMG_6461.npy,0.2552449703216553,0.41638311743736267,0.8675766587257385,0.7645778059959412
scissors,IMG_6463,test,./data/raw_droh/scissors/IMG_6463.JPG,./test/skeleton_final_v2/scissors/IMG_6463.npy,Right,./test/skeleton_raw/scissors/IMG_6463.npy,0.32063356041908264,0.28498080372810364,0.8552597761154175,1.0
scissors,IMG_6577,test,./data/raw_droh/scissors/IMG_6577.JPG,./test/skeleton_final_v2/scissors/IMG_6577.npy,Left,./test/skeleton_raw/scissors/IMG_6577.npy,0.27874425053596497,0.18419772386550903,0.7753506302833557,0.8098646402359009
scissors,IMG_6614,test,./data/raw_droh/scissors/IMG_6614.JPG,./test/skeleton_final_v2/scissors/IMG_6614.npy,Left,./test/skeleton_raw/scissors/IMG_6614.npy,0.2605154514312744,0.31551170349121094,0.7972012758255005,0.7300323843955994
scissors,IMG_6616,test,./data/raw_droh/scissors/IMG_6616.JPG,./test/skeleton_final_v2/scissors/IMG_6616.npy,Left,./test/skeleton_raw/scissors/IMG_6616.npy,0.2326820343732834,0.2642233073711395,0.5982440710067749,0.7467039227485657
scissors,IMG_6730,test,./data/raw_droh/scissors/IMG_6730.JPG,./test/skeleton_final_v2/scissors/IMG_6730.npy,Right,./test/skeleton_raw/scissors/IMG_6730.npy,0.1561262309551239,0.3983747065067291,0.8163617253303528,0.672998309135437
scissors,IMG_6757,test,./data/raw_droh/scissors/IMG_6757.JPG,./test/skeleton_final_v2/scissors/IMG_6757.npy,Right,./test/skeleton_raw/scissors/IMG_6757.npy,0.3554530143737793,0.11504971981048584,0.8334287405014038,0.6846098899841309
scissors,IMG_6858,test,./data/raw_droh/scissors/IMG_6858.JPG,./test/skeleton_final_v2/scissors/IMG_6858.npy,Left,./test/skeleton_raw/scissors/IMG_6858.npy,0.33589598536491394,0.07120883464813232,0.8270174860954285,0.581339955329895
scissors,IMG_6859,test,./data/raw_droh/scissors/IMG_6859.JPG,./test/skeleton_final_v2/scissors/IMG_6859.npy,Left,./test/skeleton_raw/scissors/IMG_6859.npy,0.31636476516723633,0.20334964990615845,0.6364108920097351,0.5706732869148254
scissors,IMG_6905,test,./data/raw_droh/scissors/IMG_6905.JPG,./test/skeleton_final_v2/scissors/IMG_6905.npy,Right,./test/skeleton_raw/scissors/IMG_6905.npy,0.28689274191856384,0.4953869581222534,0.5808494091033936,0.8403598070144653
scissors,IMG_6907,test,./data/raw_droh/scissors/IMG_6907.JPG,./test/skeleton_final_v2/scissors/IMG_6907.npy,Left,./test/skeleton_raw/scissors/IMG_6907.npy,0.25809478759765625,0.27006280422210693,0.6131852865219116,0.8381401300430298
scissors,IMG_6908,test,./data/raw_droh/scissors/IMG_6908.JPG,./test/skeleton_final_v2/scissors/IMG_6908.npy,Left,./test/skeleton_raw/scissors/IMG_6908.npy,0.3152264356613159,0.2991884648799896,0.6035535335540771,0.8657306432723999
scissors,IMG_7218,test,./data/raw_droh/scissors/IMG_7218.JPG,./test/skeleton_final_v2/scissors/IMG_7218.npy,Left,./test/skeleton_raw/scissors/IMG_7218.npy,0.11737269163131714,0.22037766873836517,0.7130333781242371,0.7419093251228333
scissors,IMG_7248,test,./data/raw_droh/scissors/IMG_7248.JPG,./test/skeleton_final_v2/scissors/IMG_7248.npy,Left,./test/skeleton_raw/scissors/IMG_7248.npy,0.09067076444625854,0.40510988235473633,0.8027840256690979,0.7416945099830627
scissors,IMG_7310,test,./data/raw_droh/scissors/IMG_7310.JPG,./test/skeleton_final_v2/scissors/IMG_7310.npy,Left,./test/skeleton_raw/scissors/IMG_7310.npy,0.12910667061805725,0.41922855377197266,0.9032121300697327,0.6499412059783936
scissors,IMG_7341,test,./data/raw_droh/scissors/IMG_7341.JPG,./test/skeleton_final_v2/scissors/IMG_7341.npy,Left,./test/skeleton_raw/scissors/IMG_7341.npy,0.09870824217796326,0.2529575824737549,0.810060977935791,0.6084707379341125
scissors,IMG_7374,test,./data/raw_droh/scissors/IMG_7374.JPG,./test/skeleton_final_v2/scissors/IMG_7374.npy,Right,./test/skeleton_raw/scissors/IMG_7374.npy,0.0,0.3901572525501251,0.7941403388977051,0.8057586550712585
scissors,IMG_7376,test,./data/raw_droh/scissors/IMG_7376.JPG,./test/skeleton_final_v2/scissors/IMG_7376.npy,Right,./test/skeleton_raw/scissors/IMG_7376.npy,0.17793941497802734,0.5018616318702698,0.8189049959182739,0.8457391262054443
scissors,IMG_7378,test,./data/raw_droh/scissors/IMG_7378.JPG,./test/skeleton_final_v2/scissors/IMG_7378.npy,Right,./test/skeleton_raw/scissors/IMG_7378.npy,0.2042624056339264,0.5557358860969543,0.8414993286132812,0.8045617341995239
scissors,IMG_7438,test,./data/raw_droh/scissors/IMG_7438.JPG,./test/skeleton_final_v2/scissors/IMG_7438.npy,Left,./test/skeleton_raw/scissors/IMG_7438.npy,0.07256615161895752,0.46548494696617126,0.6503438949584961,0.745324432849884
scissors,IMG_7441,test,./data/raw_droh/scissors/IMG_7441.JPG,./test/skeleton_final_v2/scissors/IMG_7441.npy,Left,./test/skeleton_raw/scissors/IMG_7441.npy,0.1811477541923523,0.49472761154174805,0.641618549823761,0.7788986563682556
scissors,IMG_7472,test,./data/raw_droh/scissors/IMG_7472.JPG,./test/skeleton_final_v2/scissors/IMG_7472.npy,Right,./test/skeleton_raw/scissors/IMG_7472.npy,0.19053351879119873,0.47847381234169006,0.8671975135803223,0.7989801168441772
scissors,IMG_7474,test,./data/raw_droh/scissors/IMG_7474.JPG,./test/skeleton_final_v2/scissors/IMG_7474.npy,Right,./test/skeleton_raw/scissors/IMG_7474.npy,0.10647425055503845,0.5817159414291382,0.9123800992965698,0.8389220833778381
scissors,IMG_7575,test,./data/raw_droh/scissors/IMG_7575.JPG,./test/skeleton_final_v2/scissors/IMG_7575.npy,Left,./test/skeleton_raw/scissors/IMG_7575.npy,0.25423696637153625,0.47495219111442566,0.8844389319419861,0.9568187594413757
scissors,IMG_7643,test,./data/raw_droh/scissors/IMG_7643.JPG,./test/skeleton_final_v2/scissors/IMG_7643.npy,Left,./test/skeleton_raw/scissors/IMG_7643.npy,0.1681164801120758,0.2529769241809845,0.8349002599716187,0.5273527503013611
scissors,IMG_7645,test,./data/raw_droh/scissors/IMG_7645.JPG,./test/skeleton_final_v2/scissors/IMG_7645.npy,Left,./test/skeleton_raw/scissors/IMG_7645.npy,0.14633694291114807,0.2571202516555786,0.9122586250305176,0.5263416171073914
scissors,IMG_7648,test,./data/raw_droh/scissors/IMG_7648.JPG,./test/skeleton_final_v2/scissors/IMG_7648.npy,Left,./test/skeleton_raw/scissors/IMG_7648.npy,0.3889712393283844,0.2630934715270996,0.7888142466545105,0.5451935529708862
scissors,IMG_7843,test,./data/raw_droh/scissors/IMG_7843.JPG,./test/skeleton_final_v2/scissors/IMG_7843.npy,Left,./test/skeleton_raw/scissors/IMG_7843.npy,0.22349989414215088,0.30574798583984375,0.8358570337295532,0.520777702331543
scissors,IMG_7846,test,./data/raw_droh/scissors/IMG_7846.JPG,./test/skeleton_final_v2/scissors/IMG_7846.npy,Left,./test/skeleton_raw/scissors/IMG_7846.npy,0.19876056909561157,0.2710534334182739,0.7853609323501587,0.4886741638183594
scissors,IMG_7847,test,./data/raw_droh/scissors/IMG_7847.JPG,./test/skeleton_final_v2/scissors/IMG_7847.npy,Left,./test/skeleton_raw/scissors/IMG_7847.npy,0.23840531706809998,0.330425500869751,0.8194342851638794,0.5206295251846313
scissors,IMG_7941,test,./data/raw_droh/scissors/IMG_7941.JPG,./test/skeleton_final_v2/scissors/IMG_7941.npy,Left,./test/skeleton_raw/scissors/IMG_7941.npy,0.2505287826061249,0.09256389737129211,0.5439725518226624,0.8541783094406128
scissors,IMG_7942,test,./data/raw_droh/scissors/IMG_7942.JPG,./test/skeleton_final_v2/scissors/IMG_7942.npy,Left,./test/skeleton_raw/scissors/IMG_7942.npy,0.10748535394668579,0.020185768604278564,0.40670740604400635,0.8867179155349731
scissors,IMG_8135,test,./data/raw_droh/scissors/IMG_8135.JPG,./test/skeleton_final_v2/scissors/IMG_8135.npy,Right,./test/skeleton_raw/scissors/IMG_8135.npy,0.12059950828552246,0.35346388816833496,0.5440273284912109,0.8355621695518494
the-finger,IMG_6304,test,./data/raw_droh/the-finger/IMG_6304.JPG,./test/skeleton_final_v2/the-finger/IMG_6304.npy,Left,./test/skeleton_raw/the-finger/IMG_6304.npy,0.46256548166275024,0.22171074151992798,0.7522247433662415,0.7292339205741882
the-finger,IMG_6308,test,./data/raw_droh/the-finger/IMG_6308.JPG,./test/skeleton_final_v2/the-finger/IMG_6308.npy,Left,./test/skeleton_raw/the-finger/IMG_6308.npy,0.3659130334854126,0.28458333015441895,0.7341924905776978,0.8042647838592529
the-finger,IMG_6309,test,./data/raw_droh/the-finger/IMG_6309.JPG,./test/skeleton_final_v2/the-finger/IMG_6309.npy,Left,./test/skeleton_raw/the-finger/IMG_6309.npy,0.20439152419567108,0.408086359500885,0.599502444267273,0.8328092694282532
the-finger,IMG_6341,test,./data/raw_droh/the-finger/IMG_6341.JPG,./test/skeleton_final_v2/the-finger/IMG_6341.npy,Left,./test/skeleton_raw/the-finger/IMG_6341.npy,0.31145164370536804,0.25522392988204956,0.6971867084503174,0.8171989917755127
the-finger,IMG_6343,test,./data/raw_droh/the-finger/IMG_6343.JPG,./test/skeleton_final_v2/the-finger/IMG_6343.npy,Left,./test/skeleton_raw/the-finger/IMG_6343.npy,0.4640094041824341,0.14094993472099304,0.8120189905166626,0.6798275709152222
the-finger,IMG_6344,test,./data/raw_droh/the-finger/IMG_6344.JPG,./test/skeleton_final_v2/the-finger/IMG_6344.npy,Left,./test/skeleton_raw/the-finger/IMG_6344.npy,0.40646907687187195,0.416035532951355,0.6468070149421692,0.626372218132019
the-finger,IMG_6379,test,./data/raw_droh/the-finger/IMG_6379.JPG,./test/skeleton_final_v2/the-finger/IMG_6379.npy,Left,./test/skeleton_raw/the-finger/IMG_6379.npy,0.4002019762992859,0.24781416356563568,0.6114493608474731,0.6740169525146484
the-finger,IMG_6411,test,./data/raw_droh/the-finger/IMG_6411.JPG,./test/skeleton_final_v2/the-finger/IMG_6411.npy,Left,./test/skeleton_raw/the-finger/IMG_6411.npy,0.3700053095817566,0.4753204584121704,0.7754788398742676,0.8218727111816406
the-finger,IMG_6412,test,./data/raw_droh/the-finger/IMG_6412.JPG,./test/skeleton_final_v2/the-finger/IMG_6412.npy,Left,./test/skeleton_raw/the-finger/IMG_6412.npy,0.39121511578559875,0.5002766847610474,0.7174592018127441,0.8148753643035889
the-finger,IMG_6413,test,./data/raw_droh/the-finger/IMG_6413.JPG,./test/skeleton_final_v2/the-finger/IMG_6413.npy,Left,./test/skeleton_raw/the-finger/IMG_6413.npy,0.34305667877197266,0.5859571695327759,0.7625662684440613,0.9177073240280151
the-finger,IMG_6414,test,./data/raw_droh/the-finger/IMG_6414.JPG,./test/skeleton_final_v2/the-finger/IMG_6414.npy,Left,./test/skeleton_raw/the-finger/IMG_6414.npy,0.46861380338668823,0.39798933267593384,0.7069480419158936,0.8029723167419434
the-finger,IMG_6416,test,./data/raw_droh/the-finger/IMG_6416.JPG,./test/skeleton_final_v2/the-finger/IMG_6416.npy,Left,./test/skeleton_raw/the-finger/IMG_6416.npy,0.4057377576828003,0.25479963421821594,0.8020220994949341,0.8423289060592651
the-finger,IMG_6451,test,./data/raw_droh/the-finger/IMG_6451.JPG,./test/skeleton_final_v2/the-finger/IMG_6451.npy,Left,./test/skeleton_raw/the-finger/IMG_6451.npy,0.35778459906578064,0.5872531533241272,0.7142725586891174,0.8259553909301758
the-finger,IMG_6486,test,./data/raw_droh/the-finger/IMG_6486.JPG,./test/skeleton_final_v2/the-finger/IMG_6486.npy,Right,./test/skeleton_raw/the-finger/IMG_6486.npy,0.34203702211380005,0.40511757135391235,0.7570233345031738,0.6464397311210632
the-finger,IMG_6491,test,./data/raw_droh/the-finger/IMG_6491.JPG,./test/skeleton_final_v2/the-finger/IMG_6491.npy,Right,./test/skeleton_raw/the-finger/IMG_6491.npy,0.2964231073856354,0.4451339542865753,0.6960590481758118,0.7784261703491211
the-finger,IMG_6528,test,./data/raw_droh/the-finger/IMG_6528.JPG,./test/skeleton_final_v2/the-finger/IMG_6528.npy,Left,./test/skeleton_raw/the-finger/IMG_6528.npy,0.28847742080688477,0.3137093484401703,0.9284971356391907,0.6909737586975098
the-finger,IMG_6529,test,./data/raw_droh/the-finger/IMG_6529.JPG,./test/skeleton_final_v2/the-finger/IMG_6529.npy,Left,./test/skeleton_raw/the-finger/IMG_6529.npy,0.36436107754707336,0.33581987023353577,0.7753944396972656,0.9338863492012024
the-finger,IMG_6530,test,./data/raw_droh/the-finger/IMG_6530.JPG,./test/skeleton_final_v2/the-finger/IMG_6530.npy,Left,./test/skeleton_raw/the-finger/IMG_6530.npy,0.4118615388870239,0.36179158091545105,0.6563389897346497,0.8295724391937256
the-finger,IMG_6531,test,./data/raw_droh/the-finger/IMG_6531.JPG,./test/skeleton_final_v2/the-finger/IMG_6531.npy,Left,./test/skeleton_raw/the-finger/IMG_6531.npy,0.2868344783782959,0.41979414224624634,0.7515261173248291,0.890549898147583
the-finger,IMG_6566,test,./data/raw_droh/the-finger/IMG_6566.JPG,./test/skeleton_final_v2/the-finger/IMG_6566.npy,Left,./test/skeleton_raw/the-finger/IMG_6566.npy,0.30091986060142517,0.23385223746299744,0.6593997478485107,0.7662582397460938
the-finger,IMG_6567,test,./data/raw_droh/the-finger/IMG_6567.JPG,./test/skeleton_final_v2/the-finger/IMG_6567.npy,Left,./test/skeleton_raw/the-finger/IMG_6567.npy,0.37137994170188904,0.27113983035087585,0.7012934684753418,0.7815444469451904
the-finger,IMG_6568,test,./data/raw_droh/the-finger/IMG_6568.JPG,./test/skeleton_final_v2/the-finger/IMG_6568.npy,Left,./test/skeleton_raw/the-finger/IMG_6568.npy,0.268301784992218,0.36286234855651855,0.5929068326950073,0.7526462078094482
the-finger,IMG_6638,test,./data/raw_droh/the-finger/IMG_6638.JPG,./test/skeleton_final_v2/the-finger/IMG_6638.npy,Left,./test/skeleton_raw/the-finger/IMG_6638.npy,0.4218224883079529,0.35970640182495117,0.7301030158996582,0.8527414798736572
the-finger,IMG_6640,test,./data/raw_droh/the-finger/IMG_6640.JPG,./test/skeleton_final_v2/the-finger/IMG_6640.npy,Left,./test/skeleton_raw/the-finger/IMG_6640.npy,0.3660055696964264,0.27381762862205505,0.6673663258552551,0.7529574036598206
the-finger,IMG_6677,test,./data/raw_droh/the-finger/IMG_6677.JPG,./test/skeleton_final_v2/the-finger/IMG_6677.npy,Left,./test/skeleton_raw/the-finger/IMG_6677.npy,0.2848057150840759,0.2814224362373352,0.6986159086227417,0.8565781116485596
the-finger,IMG_6678,test,./data/raw_droh/the-finger/IMG_6678.JPG,./test/skeleton_final_v2/the-finger/IMG_6678.npy,Left,./test/skeleton_raw/the-finger/IMG_6678.npy,0.22108790278434753,0.2730180025100708,0.7665344476699829,0.6799988150596619
the-finger,IMG_6715,test,./data/raw_droh/the-finger/IMG_6715.JPG,./test/skeleton_final_v2/the-finger/IMG_6715.npy,Left,./test/skeleton_raw/the-finger/IMG_6715.npy,0.31252288818359375,0.2601851224899292,0.6124640107154846,0.8567706346511841
the-finger,IMG_6718,test,./data/raw_droh/the-finger/IMG_6718.JPG,./test/skeleton_final_v2/the-finger/IMG_6718.npy,Left,./test/skeleton_raw/the-finger/IMG_6718.npy,0.32136082649230957,0.44074466824531555,0.8227234482765198,0.899424135684967
the-finger,IMG_6719,test,./data/raw_droh/the-finger/IMG_6719.JPG,./test/skeleton_final_v2/the-finger/IMG_6719.npy,Right,./test/skeleton_raw/the-finger/IMG_6719.npy,0.164573073387146,0.45107486844062805,1.0,0.6771126985549927
the-finger,IMG_6752,test,./data/raw_droh/the-finger/IMG_6752.JPG,./test/skeleton_final_v2/the-finger/IMG_6752.npy,Right,./test/skeleton_raw/the-finger/IMG_6752.npy,0.2864976227283478,0.27050507068634033,0.6468309164047241,0.8145507574081421
the-finger,IMG_6754,test,./data/raw_droh/the-finger/IMG_6754.JPG,./test/skeleton_final_v2/the-finger/IMG_6754.npy,Right,./test/skeleton_raw/the-finger/IMG_6754.npy,0.26165997982025146,0.3452775478363037,0.5594878196716309,0.7679703235626221
the-finger,IMG_6787,test,./data/raw_droh/the-finger/IMG_6787.JPG,./test/skeleton_final_v2/the-finger/IMG_6787.npy,Right,./test/skeleton_raw/the-finger/IMG_6787.npy,0.15552708506584167,0.1403101086616516,0.6012963056564331,0.7867814302444458
the-finger,IMG_6817,test,./data/raw_droh/the-finger/IMG_6817.JPG,./test/skeleton_final_v2/the-finger/IMG_6817.npy,Left,./test/skeleton_raw/the-finger/IMG_6817.npy,0.0920017659664154,0.19618156552314758,0.5001780390739441,0.7603048086166382
the-finger,IMG_6819,test,./data/raw_droh/the-finger/IMG_6819.JPG,./test/skeleton_final_v2/the-finger/IMG_6819.npy,Left,./test/skeleton_raw/the-finger/IMG_6819.npy,0.3818666636943817,0.2695304751396179,0.6449726819992065,0.7616972327232361
the-finger,IMG_6820,test,./data/raw_droh/the-finger/IMG_6820.JPG,./test/skeleton_final_v2/the-finger/IMG_6820.npy,Left,./test/skeleton_raw/the-finger/IMG_6820.npy,0.4074181914329529,0.5110819339752197,0.6805427670478821,0.730170726776123
the-finger,IMG_6847,test,./data/raw_droh/the-finger/IMG_6847.JPG,./test/skeleton_final_v2/the-finger/IMG_6847.npy,Right,./test/skeleton_raw/the-finger/IMG_6847.npy,0.26036131381988525,0.4298022389411926,0.4945391118526459,0.815869927406311
the-finger,IMG_6850,test,./data/raw_droh/the-finger/IMG_6850.JPG,./test/skeleton_final_v2/the-finger/IMG_6850.npy,Right,./test/skeleton_raw/the-finger/IMG_6850.npy,0.4327026903629303,0.2845402956008911,0.5978711247444153,0.6021186709403992
the-finger,IMG_6884,test,./data/raw_droh/the-finger/IMG_6884.JPG,./test/skeleton_final_v2/the-finger/IMG_6884.npy,Left,./test/skeleton_raw/the-finger/IMG_6884.npy,0.34752094745635986,0.16098737716674805,0.6610560417175293,0.6493614912033081
the-finger,IMG_6885,test,./data/raw_droh/the-finger/IMG_6885.JPG,./test/skeleton_final_v2/the-finger/IMG_6885.npy,Right,./test/skeleton_raw/the-finger/IMG_6885.npy,0.47448474168777466,0.21189025044441223,0.7031111121177673,0.38985174894332886
the-finger,IMG_6919,test,./data/raw_droh/the-finger/IMG_6919.JPG,./test/skeleton_final_v2/the-finger/IMG_6919.npy,Left,./test/skeleton_raw/the-finger/IMG_6919.npy,0.2715838849544525,0.2622271776199341,0.5867404937744141,0.6705697774887085
the-finger,IMG_6920,test,./data/raw_droh/the-finger/IMG_6920.JPG,./test/skeleton_final_v2/the-finger/IMG_6920.npy,Left,./test/skeleton_raw/the-finger/IMG_6920.npy,0.3591805100440979,0.30579134821891785,0.6387491226196289,0.6424159407615662
the-finger,IMG_6922,test,./data/raw_droh/the-finger/IMG_6922.JPG,./test/skeleton_final_v2/the-finger/IMG_6922.npy,Left,./test/skeleton_raw/the-finger/IMG_6922.npy,0.3406652510166168,0.42402786016464233,0.5857451558113098,0.8330351114273071
the-finger,IMG_6949,test,./data/raw_droh/the-finger/IMG_6949.JPG,./test/skeleton_final_v2/the-finger/IMG_6949.npy,Left,./test/skeleton_raw/the-finger/IMG_6949.npy,0.3203073740005493,0.48250865936279297,0.5347188115119934,0.7960282564163208
the-finger,IMG_6979,test,./data/raw_droh/the-finger/IMG_6979.JPG,./test/skeleton_final_v2/the-finger/IMG_6979.npy,Left,./test/skeleton_raw/the-finger/IMG_6979.npy,0.3653610944747925,0.3359386920928955,0.7189816236495972,0.8547632098197937
the-finger,IMG_6980,test,./data/raw_droh/the-finger/IMG_6980.JPG,./test/skeleton_final_v2/the-finger/IMG_6980.npy,Left,./test/skeleton_raw/the-finger/IMG_6980.npy,0.2982696294784546,0.19465728104114532,0.5771639943122864,0.6592332720756531
the-finger,IMG_7050,test,./data/raw_droh/the-finger/IMG_7050.JPG,./test/skeleton_final_v2/the-finger/IMG_7050.npy,Right,./test/skeleton_raw/the-finger/IMG_7050.npy,0.3751564025878906,0.21755528450012207,0.8379733562469482,0.7200449109077454
the-finger,IMG_7051,test,./data/raw_droh/the-finger/IMG_7051.JPG,./test/skeleton_final_v2/the-finger/IMG_7051.npy,Right,./test/skeleton_raw/the-finger/IMG_7051.npy,0.1421108841896057,0.3188762664794922,0.7726641297340393,0.8198416829109192
the-finger,IMG_7052,test,./data/raw_droh/the-finger/IMG_7052.JPG,./test/skeleton_final_v2/the-finger/IMG_7052.npy,Right,./test/skeleton_raw/the-finger/IMG_7052.npy,0.40170881152153015,0.13808885216712952,0.7576251029968262,0.7834588289260864
the-finger,IMG_7053,test,./data/raw_droh/the-finger/IMG_7053.JPG,./test/skeleton_final_v2/the-finger/IMG_7053.npy,Right,./test/skeleton_raw/the-finger/IMG_7053.npy,0.4153139293193817,0.214767187833786,0.7554112672805786,0.8697094917297363
the-finger,IMG_7083,test,./data/raw_droh/the-finger/IMG_7083.JPG,./test/skeleton_final_v2/the-finger/IMG_7083.npy,Right,./test/skeleton_raw/the-finger/IMG_7083.npy,0.22372481226921082,0.4110475778579712,0.9568204283714294,0.7264666557312012
the-finger,IMG_7084,test,./data/raw_droh/the-finger/IMG_7084.JPG,./test/skeleton_final_v2/the-finger/IMG_7084.npy,Right,./test/skeleton_raw/the-finger/IMG_7084.npy,0.2226393222808838,0.41563642024993896,0.9162607192993164,0.7068543434143066
the-finger,IMG_7273,test,./data/raw_droh/the-finger/IMG_7273.JPG,./test/skeleton_final_v2/the-finger/IMG_7273.npy,Left,./test/skeleton_raw/the-finger/IMG_7273.npy,0.37443625926971436,0.21235181391239166,0.7510006427764893,0.5164456367492676
the-finger,IMG_7300,test,./data/raw_droh/the-finger/IMG_7300.JPG,./test/skeleton_final_v2/the-finger/IMG_7300.npy,Left,./test/skeleton_raw/the-finger/IMG_7300.npy,0.06908613443374634,0.23650118708610535,0.3183475732803345,0.7479312419891357
the-finger,IMG_7334,test,./data/raw_droh/the-finger/IMG_7334.JPG,./test/skeleton_final_v2/the-finger/IMG_7334.npy,Left,./test/skeleton_raw/the-finger/IMG_7334.npy,0.4207548499107361,0.3023237884044647,0.6738985776901245,0.6831883788108826
the-finger,IMG_7335,test,./data/raw_droh/the-finger/IMG_7335.JPG,./test/skeleton_final_v2/the-finger/IMG_7335.npy,Left,./test/skeleton_raw/the-finger/IMG_7335.npy,0.37162744998931885,0.4094003438949585,0.7249718904495239,0.653060257434845
the-finger,IMG_7365,test,./data/raw_droh/the-finger/IMG_7365.JPG,./test/skeleton_final_v2/the-finger/IMG_7365.npy,Left,./test/skeleton_raw/the-finger/IMG_7365.npy,0.19251763820648193,0.3714011311531067,0.8500763177871704,0.6012774109840393
the-finger,IMG_7366,test,./data/raw_droh/the-finger/IMG_7366.JPG,./test/skeleton_final_v2/the-finger/IMG_7366.npy,Left,./test/skeleton_raw/the-finger/IMG_7366.npy,0.20207282900810242,0.1760810911655426,0.8017674684524536,0.5257976651191711
the-finger,IMG_7397,test,./data/raw_droh/the-finger/IMG_7397.JPG,./test/skeleton_final_v2/the-finger/IMG_7397.npy,Right,./test/skeleton_raw/the-finger/IMG_7397.npy,0.3359035849571228,0.3623262941837311,0.6347463130950928,0.8592649102210999
the-finger,IMG_7401,test,./data/raw_droh/the-finger/IMG_7401.JPG,./test/skeleton_final_v2/the-finger/IMG_7401.npy,Right,./test/skeleton_raw/the-finger/IMG_7401.npy,0.1072176992893219,0.5273160338401794,0.685854971408844,0.7566645741462708
the-finger,IMG_7429,test,./data/raw_droh/the-finger/IMG_7429.JPG,./test/skeleton_final_v2/the-finger/IMG_7429.npy,Right,./test/skeleton_raw/the-finger/IMG_7429.npy,0.2328065186738968,0.4760480523109436,0.8292288780212402,0.662869393825531
the-finger,IMG_7430,test,./data/raw_droh/the-finger/IMG_7430.JPG,./test/skeleton_final_v2/the-finger/IMG_7430.npy,Right,./test/skeleton_raw/the-finger/IMG_7430.npy,0.15994596481323242,0.4432813227176666,0.8962280750274658,0.6746793985366821
the-finger,IMG_7461,test,./data/raw_droh/the-finger/IMG_7461.JPG,./test/skeleton_final_v2/the-finger/IMG_7461.npy,Left,./test/skeleton_raw/the-finger/IMG_7461.npy,0.08944019675254822,0.37070217728614807,0.6665199995040894,0.5974928140640259
the-finger,IMG_7462,test,./data/raw_droh/the-finger/IMG_7462.JPG,./test/skeleton_final_v2/the-finger/IMG_7462.npy,Left,./test/skeleton_raw/the-finger/IMG_7462.npy,0.06787574291229248,0.44526252150535583,0.6347789168357849,0.6362188458442688
the-finger,IMG_7465,test,./data/raw_droh/the-finger/IMG_7465.JPG,./test/skeleton_final_v2/the-finger/IMG_7465.npy,Right,./test/skeleton_raw/the-finger/IMG_7465.npy,0.5543079376220703,0.321708083152771,0.763825535774231,0.5886869430541992
the-finger,IMG_7498,test,./data/raw_droh/the-finger/IMG_7498.JPG,./test/skeleton_final_v2/the-finger/IMG_7498.npy,Right,./test/skeleton_raw/the-finger/IMG_7498.npy,0.27384376525878906,0.18268917500972748,0.9141855835914612,0.48868778347969055
the-finger,IMG_7530,test,./data/raw_droh/the-finger/IMG_7530.JPG,./test/skeleton_final_v2/the-finger/IMG_7530.npy,Right,./test/skeleton_raw/the-finger/IMG_7530.npy,0.4557049870491028,0.30129432678222656,0.7251693606376648,0.6656510233879089
the-finger,IMG_7563,test,./data/raw_droh/the-finger/IMG_7563.JPG,./test/skeleton_final_v2/the-finger/IMG_7563.npy,Left,./test/skeleton_raw/the-finger/IMG_7563.npy,0.13149091601371765,0.25738269090652466,0.7480679750442505,0.5636417865753174
the-finger,IMG_7564,test,./data/raw_droh/the-finger/IMG_7564.JPG,./test/skeleton_final_v2/the-finger/IMG_7564.npy,Left,./test/skeleton_raw/the-finger/IMG_7564.npy,0.32040348649024963,0.19079238176345825,0.6283974647521973,0.7264127731323242
the-finger,IMG_7565,test,./data/raw_droh/the-finger/IMG_7565.JPG,./test/skeleton_final_v2/the-finger/IMG_7565.npy,Left,./test/skeleton_raw/the-finger/IMG_7565.npy,0.16520622372627258,0.07606232166290283,0.5193631649017334,0.3499305248260498
the-finger,IMG_7594,test,./data/raw_droh/the-finger/IMG_7594.JPG,./test/skeleton_final_v2/the-finger/IMG_7594.npy,Left,./test/skeleton_raw/the-finger/IMG_7594.npy,0.15288788080215454,0.35614827275276184,0.9113472104072571,0.6465614438056946
the-finger,IMG_7629,test,./data/raw_droh/the-finger/IMG_7629.JPG,./test/skeleton_final_v2/the-finger/IMG_7629.npy,Left,./test/skeleton_raw/the-finger/IMG_7629.npy,0.3816269636154175,0.24560090899467468,0.9151966571807861,0.6773389577865601
the-finger,IMG_7634,test,./data/raw_droh/the-finger/IMG_7634.JPG,./test/skeleton_final_v2/the-finger/IMG_7634.npy,Left,./test/skeleton_raw/the-finger/IMG_7634.npy,0.29179009795188904,0.27713125944137573,0.6813991069793701,0.5952871441841125
the-finger,IMG_7672,test,./data/raw_droh/the-finger/IMG_7672.JPG,./test/skeleton_final_v2/the-finger/IMG_7672.npy,Left,./test/skeleton_raw/the-finger/IMG_7672.npy,0.06896811723709106,0.42032140493392944,0.7721810936927795,0.6626549959182739
the-finger,IMG_7703,test,./data/raw_droh/the-finger/IMG_7703.JPG,./test/skeleton_final_v2/the-finger/IMG_7703.npy,Right,./test/skeleton_raw/the-finger/IMG_7703.npy,0.33477306365966797,0.41838252544403076,0.852095365524292,0.6299052834510803
the-finger,IMG_7704,test,./data/raw_droh/the-finger/IMG_7704.JPG,./test/skeleton_final_v2/the-finger/IMG_7704.npy,Right,./test/skeleton_raw/the-finger/IMG_7704.npy,0.32886725664138794,0.3440016508102417,0.7460694313049316,0.6517497301101685
the-finger,IMG_7705,test,./data/raw_droh/the-finger/IMG_7705.JPG,./test/skeleton_final_v2/the-finger/IMG_7705.npy,Right,./test/skeleton_raw/the-finger/IMG_7705.npy,0.33711937069892883,0.19226893782615662,0.6617000699043274,0.6351839303970337
the-finger,IMG_7706,test,./data/raw_droh/the-finger/IMG_7706.JPG,./test/skeleton_final_v2/the-finger/IMG_7706.npy,Right,./test/skeleton_raw/the-finger/IMG_7706.npy,0.1501670628786087,0.24270805716514587,0.45449191331863403,0.7085398435592651
the-finger,IMG_7734,test,./data/raw_droh/the-finger/IMG_7734.JPG,./test/skeleton_final_v2/the-finger/IMG_7734.npy,Right,./test/skeleton_raw/the-finger/IMG_7734.npy,0.173110693693161,0.3329879343509674,0.9730173349380493,0.6144146919250488
the-finger,IMG_7765,test,./data/raw_droh/the-finger/IMG_7765.JPG,./test/skeleton_final_v2/the-finger/IMG_7765.npy,Left,./test/skeleton_raw/the-finger/IMG_7765.npy,0.1595868468284607,0.5723791122436523,0.7718254327774048,0.8029228448867798
the-finger,IMG_7766,test,./data/raw_droh/the-finger/IMG_7766.JPG,./test/skeleton_final_v2/the-finger/IMG_7766.npy,Left,./test/skeleton_raw/the-finger/IMG_7766.npy,0.10355660319328308,0.293906569480896,0.8742958307266235,0.5638826489448547
the-finger,IMG_7768,test,./data/raw_droh/the-finger/IMG_7768.JPG,./test/skeleton_final_v2/the-finger/IMG_7768.npy,Left,./test/skeleton_raw/the-finger/IMG_7768.npy,0.17750051617622375,0.28872185945510864,0.889000415802002,0.5890993475914001
the-finger,IMG_7797,test,./data/raw_droh/the-finger/IMG_7797.JPG,./test/skeleton_final_v2/the-finger/IMG_7797.npy,Left,./test/skeleton_raw/the-finger/IMG_7797.npy,0.1643836796283722,0.4935760498046875,0.8016340732574463,0.7433066368103027
the-finger,IMG_7798,test,./data/raw_droh/the-finger/IMG_7798.JPG,./test/skeleton_final_v2/the-finger/IMG_7798.npy,Left,./test/skeleton_raw/the-finger/IMG_7798.npy,0.21724474430084229,0.45705050230026245,0.8214175701141357,0.7208387851715088
the-finger,IMG_7799,test,./data/raw_droh/the-finger/IMG_7799.JPG,./test/skeleton_final_v2/the-finger/IMG_7799.npy,Left,./test/skeleton_raw/the-finger/IMG_7799.npy,0.4096931517124176,0.1357068419456482,0.8240917325019836,0.6074048280715942
the-finger,IMG_7800,test,./data/raw_droh/the-finger/IMG_7800.JPG,./test/skeleton_final_v2/the-finger/IMG_7800.npy,Left,./test/skeleton_raw/the-finger/IMG_7800.npy,0.33661168813705444,0.1337602138519287,0.7141647338867188,0.8505448698997498
the-finger,IMG_7868,test,./data/raw_droh/the-finger/IMG_7868.JPG,./test/skeleton_final_v2/the-finger/IMG_7868.npy,Left,./test/skeleton_raw/the-finger/IMG_7868.npy,0.1722654402256012,0.45328640937805176,0.8762031197547913,0.6707378625869751
the-finger,IMG_7870,test,./data/raw_droh/the-finger/IMG_7870.JPG,./test/skeleton_final_v2/the-finger/IMG_7870.npy,Left,./test/skeleton_raw/the-finger/IMG_7870.npy,0.26563647389411926,0.3620978891849518,0.9030849933624268,0.6991540193557739
the-finger,IMG_7871,test,./data/raw_droh/the-finger/IMG_7871.JPG,./test/skeleton_final_v2/the-finger/IMG_7871.npy,Left,./test/skeleton_raw/the-finger/IMG_7871.npy,0.36263367533683777,0.3084046244621277,0.8996282815933228,0.7647172212600708
the-finger,IMG_7904,test,./data/raw_droh/the-finger/IMG_7904.JPG,./test/skeleton_final_v2/the-finger/IMG_7904.npy,Left,./test/skeleton_raw/the-finger/IMG_7904.npy,0.2368195503950119,0.36434200406074524,0.8047610521316528,0.7227767109870911
the-finger,IMG_7905,test,./data/raw_droh/the-finger/IMG_7905.JPG,./test/skeleton_final_v2/the-finger/IMG_7905.npy,Left,./test/skeleton_raw/the-finger/IMG_7905.npy,0.09478557109832764,0.42803215980529785,0.9083082675933838,0.6947131156921387
the-finger,IMG_7934,test,./data/raw_droh/the-finger/IMG_7934.JPG,./test/skeleton_final_v2/the-finger/IMG_7934.npy,Left,./test/skeleton_raw/the-finger/IMG_7934.npy,0.13689415156841278,0.2265145182609558,0.4822980463504791,0.7032623291015625
the-finger,IMG_7935,test,./data/raw_droh/the-finger/IMG_7935.JPG,./test/skeleton_final_v2/the-finger/IMG_7935.npy,Left,./test/skeleton_raw/the-finger/IMG_7935.npy,0.31425341963768005,0.1890852153301239,0.6225093007087708,0.6416819095611572
the-finger,IMG_7963,test,./data/raw_droh/the-finger/IMG_7963.JPG,./test/skeleton_final_v2/the-finger/IMG_7963.npy,Left,./test/skeleton_raw/the-finger/IMG_7963.npy,0.21602797508239746,0.47272419929504395,0.6140696406364441,0.6964513063430786
the-finger,IMG_7966,test,./data/raw_droh/the-finger/IMG_7966.JPG,./test/skeleton_final_v2/the-finger/IMG_7966.npy,Left,./test/skeleton_raw/the-finger/IMG_7966.npy,0.19518844783306122,0.12237605452537537,0.5035886764526367,0.8428133726119995
the-finger,IMG_8026,test,./data/raw_droh/the-finger/IMG_8026.JPG,./test/skeleton_final_v2/the-finger/IMG_8026.npy,Left,./test/skeleton_raw/the-finger/IMG_8026.npy,0.3575892448425293,0.13687065243721008,0.6849410533905029,0.8488337993621826
the-finger,IMG_8027,test,./data/raw_droh/the-finger/IMG_8027.JPG,./test/skeleton_final_v2/the-finger/IMG_8027.npy,Left,./test/skeleton_raw/the-finger/IMG_8027.npy,0.4134226441383362,0.08755868673324585,0.6731036901473999,0.751071572303772
the-finger,IMG_8030,test,./data/raw_droh/the-finger/IMG_8030.JPG,./test/skeleton_final_v2/the-finger/IMG_8030.npy,Left,./test/skeleton_raw/the-finger/IMG_8030.npy,0.33413180708885193,0.28355908393859863,0.5818559527397156,0.6989743709564209
the-finger,IMG_8059,test,./data/raw_droh/the-finger/IMG_8059.JPG,./test/skeleton_final_v2/the-finger/IMG_8059.npy,Left,./test/skeleton_raw/the-finger/IMG_8059.npy,0.3406565189361572,0.3874759376049042,0.8426218032836914,0.8505638837814331
the-finger,IMG_8092,test,./data/raw_droh/the-finger/IMG_8092.JPG,./test/skeleton_final_v2/the-finger/IMG_8092.npy,Left,./test/skeleton_raw/the-finger/IMG_8092.npy,0.2353312373161316,0.4795491099357605,0.8968645930290222,0.8043848276138306
the-finger,IMG_8095,test,./data/raw_droh/the-finger/IMG_8095.JPG,./test/skeleton_final_v2/the-finger/IMG_8095.npy,Left,./test/skeleton_raw/the-finger/IMG_8095.npy,0.20890194177627563,0.5875895023345947,0.8145604133605957,0.7758793234825134
the-finger,IMG_8122,test,./data/raw_droh/the-finger/IMG_8122.JPG,./test/skeleton_final_v2/the-finger/IMG_8122.npy,Left,./test/skeleton_raw/the-finger/IMG_8122.npy,0.226554274559021,0.45145297050476074,0.811123251914978,0.6907751560211182
the-finger,IMG_8162,test,./data/raw_droh/the-finger/IMG_8162.JPG,./test/skeleton_final_v2/the-finger/IMG_8162.npy,Right,./test/skeleton_raw/the-finger/IMG_8162.npy,0.2986346185207367,0.22485482692718506,0.7031368613243103,0.7123809456825256
the-finger,IMG_8192,test,./data/raw_droh/the-finger/IMG_8192.JPG,./test/skeleton_final_v2/the-finger/IMG_8192.npy,Left,./test/skeleton_raw/the-finger/IMG_8192.npy,0.3499220907688141,0.25670963525772095,0.7823502421379089,0.7963652610778809
