action,sample_id,split,mediapipe_path,refined_path
ok,ok (104),test,./dataset/skeleton_final_v2/ok/ok (104).npy,./batch_ok/fitted/ok (104).npy
ok,ok (108),test,./dataset/skeleton_final_v2/ok/ok (108).npy,./batch_ok/fitted/ok (108).npy
ok,ok (115),test,./dataset/skeleton_final_v2/ok/ok (115).npy,./batch_ok/fitted/ok (115).npy
ok,ok (123),test,./dataset/skeleton_final_v2/ok/ok (123).npy,./batch_ok/fitted/ok (123).npy
ok,ok (138),test,./dataset/skeleton_final_v2/ok/ok (138).npy,./batch_ok/fitted/ok (138).npy
ok,ok (146),test,./dataset/skeleton_final_v2/ok/ok (146).npy,./batch_ok/fitted/ok (146).npy
ok,ok (160),test,./dataset/skeleton_final_v2/ok/ok (160).npy,./batch_ok/fitted/ok (160).npy
ok,ok (162),test,./dataset/skeleton_final_v2/ok/ok (162).npy,./batch_ok/fitted/ok (162).npy
ok,ok (2),test,./dataset/skeleton_final_v2/ok/ok (2).npy,./batch_ok/fitted/ok (2).npy
ok,ok (205),test,./dataset/skeleton_final_v2/ok/ok (205).npy,./batch_ok/fitted/ok (205).npy
ok,ok (219),test,./dataset/skeleton_final_v2/ok/ok (219).npy,./batch_ok/fitted/ok (219).npy
ok,ok (223),test,./dataset/skeleton_final_v2/ok/ok (223).npy,./batch_ok/fitted/ok (223).npy
ok,ok (228),test,./dataset/skeleton_final_v2/ok/ok (228).npy,./batch_ok/fitted/ok (228).npy
ok,ok (24),test,./dataset/skeleton_final_v2/ok/ok (24).npy,./batch_ok/fitted/ok (24).npy
ok,ok (241),test,./dataset/skeleton_final_v2/ok/ok (241).npy,./batch_ok/fitted/ok (241).npy
ok,ok (250),test,./dataset/skeleton_final_v2/ok/ok (250).npy,./batch_ok/fitted/ok (250).npy
ok,ok (252),test,./dataset/skeleton_final_v2/ok/ok (252).npy,./batch_ok/fitted/ok (252).npy
ok,ok (253),test,./dataset/skeleton_final_v2/ok/ok (253).npy,./batch_ok/fitted/ok (253).npy
ok,ok (254),test,./dataset/skeleton_final_v2/ok/ok (254).npy,./batch_ok/fitted/ok (254).npy
ok,ok (263),test,./dataset/skeleton_final_v2/ok/ok (263).npy,./batch_ok/fitted/ok (263).npy
ok,ok (267),test,./dataset/skeleton_final_v2/ok/ok (267).npy,./batch_ok/fitted/ok (267).npy
ok,ok (32),test,./dataset/skeleton_final_v2/ok/ok (32).npy,./batch_ok/fitted/ok (32).npy
ok,ok (37),test,./dataset/skeleton_final_v2/ok/ok (37).npy,./batch_ok/fitted/ok (37).npy
ok,ok (45),test,./dataset/skeleton_final_v2/ok/ok (45).npy,./batch_ok/fitted/ok (45).npy
ok,ok (66),test,./dataset/skeleton_final_v2/ok/ok (66).npy,./batch_ok/fitted/ok (66).npy
ok,ok (70),test,./dataset/skeleton_final_v2/ok/ok (70).npy,./batch_ok/fitted/ok (70).npy
ok,ok (74),test,./dataset/skeleton_final_v2/ok/ok (74).npy,./batch_ok/fitted/ok (74).npy
ok,ok_1145,test,./dataset/skeleton_final_v2/ok/ok_1145.npy,./batch_ok/fitted/ok_1145.npy
ok,ok_1173,test,./dataset/skeleton_final_v2/ok/ok_1173.npy,./batch_ok/fitted/ok_1173.npy
ok,ok_1532,test,./dataset/skeleton_final_v2/ok/ok_1532.npy,./batch_ok/fitted/ok_1532.npy
ok,ok_1540,test,./dataset/skeleton_final_v2/ok/ok_1540.npy,./batch_ok/fitted/ok_1540.npy
ok,ok_1556,test,./dataset/skeleton_final_v2/ok/ok_1556.npy,./batch_ok/fitted/ok_1556.npy
ok,ok_1945,test,./dataset/skeleton_final_v2/ok/ok_1945.npy,./batch_ok/fitted/ok_1945.npy
ok,ok_1974,test,./dataset/skeleton_final_v2/ok/ok_1974.npy,./batch_ok/fitted/ok_1974.npy
ok,ok_2009,test,./dataset/skeleton_final_v2/ok/ok_2009.npy,./batch_ok/fitted/ok_2009.npy
ok,ok_2027,test,./dataset/skeleton_final_v2/ok/ok_2027.npy,./batch_ok/fitted/ok_2027.npy
ok,ok_2524,test,./dataset/skeleton_final_v2/ok/ok_2524.npy,./batch_ok/fitted/ok_2524.npy
ok,ok_2526,test,./dataset/skeleton_final_v2/ok/ok_2526.npy,./batch_ok/fitted/ok_2526.npy
ok,ok_2652,test,./dataset/skeleton_final_v2/ok/ok_2652.npy,./batch_ok/fitted/ok_2652.npy
ok,ok_2750,test,./dataset/skeleton_final_v2/ok/ok_2750.npy,./batch_ok/fitted/ok_2750.npy
ok,ok_2774,test,./dataset/skeleton_final_v2/ok/ok_2774.npy,./batch_ok/fitted/ok_2774.npy
ok,ok_2862,test,./dataset/skeleton_final_v2/ok/ok_2862.npy,./batch_ok/fitted/ok_2862.npy
ok,ok_2917,test,./dataset/skeleton_final_v2/ok/ok_2917.npy,./batch_ok/fitted/ok_2917.npy
ok,ok_2959,test,./dataset/skeleton_final_v2/ok/ok_2959.npy,./batch_ok/fitted/ok_2959.npy
ok,ok_3971,test,./dataset/skeleton_final_v2/ok/ok_3971.npy,./batch_ok/fitted/ok_3971.npy
ok,ok_3981,test,./dataset/skeleton_final_v2/ok/ok_3981.npy,./batch_ok/fitted/ok_3981.npy
ok,ok_4992,test,./dataset/skeleton_final_v2/ok/ok_4992.npy,./batch_ok/fitted/ok_4992.npy
ok,ok_5248,test,./dataset/skeleton_final_v2/ok/ok_5248.npy,./batch_ok/fitted/ok_5248.npy
ok,ok_5260,test,./dataset/skeleton_final_v2/ok/ok_5260.npy,./batch_ok/fitted/ok_5260.npy
ok,ok_5266,test,./dataset/skeleton_final_v2/ok/ok_5266.npy,./batch_ok/fitted/ok_5266.npy
ok,ok_5292,test,./dataset/skeleton_final_v2/ok/ok_5292.npy,./batch_ok/fitted/ok_5292.npy
ok,ok_5293,test,./dataset/skeleton_final_v2/ok/ok_5293.npy,./batch_ok/fitted/ok_5293.npy
ok,ok_5530,test,./dataset/skeleton_final_v2/ok/ok_5530.npy,./batch_ok/fitted/ok_5530.npy
ok,ok_5542,test,./dataset/skeleton_final_v2/ok/ok_5542.npy,./batch_ok/fitted/ok_5542.npy
ok,ok_5546,test,./dataset/skeleton_final_v2/ok/ok_5546.npy,./batch_ok/fitted/ok_5546.npy
ok,ok_5552,test,./dataset/skeleton_final_v2/ok/ok_5552.npy,./batch_ok/fitted/ok_5552.npy
ok,ok_5777,test,./dataset/skeleton_final_v2/ok/ok_5777.npy,./batch_ok/fitted/ok_5777.npy
ok,ok_5778,test,./dataset/skeleton_final_v2/ok/ok_5778.npy,./batch_ok/fitted/ok_5778.npy
ok,ok_5780,test,./dataset/skeleton_final_v2/ok/ok_5780.npy,./batch_ok/fitted/ok_5780.npy
ok,ok_5958,test,./dataset/skeleton_final_v2/ok/ok_5958.npy,./batch_ok/fitted/ok_5958.npy
ok,ok_6191,test,./dataset/skeleton_final_v2/ok/ok_6191.npy,./batch_ok/fitted/ok_6191.npy
ok,ok_6194,test,./dataset/skeleton_final_v2/ok/ok_6194.npy,./batch_ok/fitted/ok_6194.npy
ok,ok_6388,test,./dataset/skeleton_final_v2/ok/ok_6388.npy,./batch_ok/fitted/ok_6388.npy
ok,ok_6402,test,./dataset/skeleton_final_v2/ok/ok_6402.npy,./batch_ok/fitted/ok_6402.npy
ok,ok_6403,test,./dataset/skeleton_final_v2/ok/ok_6403.npy,./batch_ok/fitted/ok_6403.npy
ok,ok_6585,test,./dataset/skeleton_final_v2/ok/ok_6585.npy,./batch_ok/fitted/ok_6585.npy
ok,ok_6750,test,./dataset/skeleton_final_v2/ok/ok_6750.npy,./batch_ok/fitted/ok_6750.npy
ok,ok_6980,test,./dataset/skeleton_final_v2/ok/ok_6980.npy,./batch_ok/fitted/ok_6980.npy
ok,ok_6993,test,./dataset/skeleton_final_v2/ok/ok_6993.npy,./batch_ok/fitted/ok_6993.npy
ok,ok_7000,test,./dataset/skeleton_final_v2/ok/ok_7000.npy,./batch_ok/fitted/ok_7000.npy
ok,ok_7001,test,./dataset/skeleton_final_v2/ok/ok_7001.npy,./batch_ok/fitted/ok_7001.npy
ok,ok_7018,test,./dataset/skeleton_final_v2/ok/ok_7018.npy,./batch_ok/fitted/ok_7018.npy
ok,ok_71,test,./dataset/skeleton_final_v2/ok/ok_71.npy,./batch_ok/fitted/ok_71.npy
ok,ok_7688,test,./dataset/skeleton_final_v2/ok/ok_7688.npy,./batch_ok/fitted/ok_7688.npy
ok,ok_791,test,./dataset/skeleton_final_v2/ok/ok_791.npy,./batch_ok/fitted/ok_791.npy
ok,ok_8034,test,./dataset/skeleton_final_v2/ok/ok_8034.npy,./batch_ok/fitted/ok_8034.npy
ok,ok_8036,test,./dataset/skeleton_final_v2/ok/ok_8036.npy,./batch_ok/fitted/ok_8036.npy
ok,ok_81,test,./dataset/skeleton_final_v2/ok/ok_81.npy,./batch_ok/fitted/ok_81.npy
ok,ok_8538,test,./dataset/skeleton_final_v2/ok/ok_8538.npy,./batch_ok/fitted/ok_8538.npy
ok,ok_Set2_ (120),test,./dataset/skeleton_final_v2/ok/ok_Set2_ (120).npy,./batch_ok/fitted/ok_Set2_ (120).npy
ok,ok_Set2_ (121),test,./dataset/skeleton_final_v2/ok/ok_Set2_ (121).npy,./batch_ok/fitted/ok_Set2_ (121).npy
ok,ok_Set2_ (122),test,./dataset/skeleton_final_v2/ok/ok_Set2_ (122).npy,./batch_ok/fitted/ok_Set2_ (122).npy
ok,ok_Set2_ (123),test,./dataset/skeleton_final_v2/ok/ok_Set2_ (123).npy,./batch_ok/fitted/ok_Set2_ (123).npy
ok,ok_Set2_ (137),test,./dataset/skeleton_final_v2/ok/ok_Set2_ (137).npy,./batch_ok/fitted/ok_Set2_ (137).npy
ok,ok_Set2_ (14),test,./dataset/skeleton_final_v2/ok/ok_Set2_ (14).npy,./batch_ok/fitted/ok_Set2_ (14).npy
ok,ok_Set2_ (144),test,./dataset/skeleton_final_v2/ok/ok_Set2_ (144).npy,./batch_ok/fitted/ok_Set2_ (144).npy
ok,ok_Set2_ (156),test,./dataset/skeleton_final_v2/ok/ok_Set2_ (156).npy,./batch_ok/fitted/ok_Set2_ (156).npy
ok,ok_Set2_ (158),test,./dataset/skeleton_final_v2/ok/ok_Set2_ (158).npy,./batch_ok/fitted/ok_Set2_ (158).npy
ok,ok_Set2_ (164),test,./dataset/skeleton_final_v2/ok/ok_Set2_ (164).npy,./batch_ok/fitted/ok_Set2_ (164).npy
ok,ok_Set2_ (166),test,./dataset/skeleton_final_v2/ok/ok_Set2_ (166).npy,./batch_ok/fitted/ok_Set2_ (166).npy
ok,ok_Set2_ (167),test,./dataset/skeleton_final_v2/ok/ok_Set2_ (167).npy,./batch_ok/fitted/ok_Set2_ (167).npy
ok,ok_Set2_ (17),test,./dataset/skeleton_final_v2/ok/ok_Set2_ (17).npy,./batch_ok/fitted/ok_Set2_ (17).npy
ok,ok_Set2_ (172),test,./dataset/skeleton_final_v2/ok/ok_Set2_ (172).npy,./batch_ok/fitted/ok_Set2_ (172).npy
ok,ok_Set2_ (175),test,./dataset/skeleton_final_v2/ok/ok_Set2_ (175).npy,./batch_ok/fitted/ok_Set2_ (175).npy
ok,ok_Set2_ (184),test,./dataset/skeleton_final_v2/ok/ok_Set2_ (184).npy,./batch_ok/fitted/ok_Set2_ (184).npy
ok,ok_Set2_ (212),test,./dataset/skeleton_final_v2/ok/ok_Set2_ (212).npy,./batch_ok/fitted/ok_Set2_ (212).npy
ok,ok_Set2_ (236),test,./dataset/skeleton_final_v2/ok/ok_Set2_ (236).npy,./batch_ok/fitted/ok_Set2_ (236).npy
ok,ok_Set2_ (238),test,./dataset/skeleton_final_v2/ok/ok_Set2_ (238).npy,./batch_ok/fitted/ok_Set2_ (238).npy
ok,ok_Set2_ (239),test,./dataset/skeleton_final_v2/ok/ok_Set2_ (239).npy,./batch_ok/fitted/ok_Set2_ (239).npy
ok,ok_Set2_ (241),test,./dataset/skeleton_final_v2/ok/ok_Set2_ (241).npy,./batch_ok/fitted/ok_Set2_ (241).npy
ok,ok_Set2_ (246),test,./dataset/skeleton_final_v2/ok/ok_Set2_ (246).npy,./batch_ok/fitted/ok_Set2_ (246).npy
ok,ok_Set2_ (247),test,./dataset/skeleton_final_v2/ok/ok_Set2_ (247).npy,./batch_ok/fitted/ok_Set2_ (247).npy
ok,ok_Set2_ (26),test,./dataset/skeleton_final_v2/ok/ok_Set2_ (26).npy,./batch_ok/fitted/ok_Set2_ (26).npy
ok,ok_Set2_ (261),test,./dataset/skeleton_final_v2/ok/ok_Set2_ (261).npy,./batch_ok/fitted/ok_Set2_ (261).npy
ok,ok_Set2_ (262),test,./dataset/skeleton_final_v2/ok/ok_Set2_ (262).npy,./batch_ok/fitted/ok_Set2_ (262).npy
ok,ok_Set2_ (264),test,./dataset/skeleton_final_v2/ok/ok_Set2_ (264).npy,./batch_ok/fitted/ok_Set2_ (264).npy
ok,ok_Set2_ (270),test,./dataset/skeleton_final_v2/ok/ok_Set2_ (270).npy,./batch_ok/fitted/ok_Set2_ (270).npy
ok,ok_Set2_ (28),test,./dataset/skeleton_final_v2/ok/ok_Set2_ (28).npy,./batch_ok/fitted/ok_Set2_ (28).npy
ok,ok_Set2_ (281),test,./dataset/skeleton_final_v2/ok/ok_Set2_ (281).npy,./batch_ok/fitted/ok_Set2_ (281).npy
ok,ok_Set2_ (285),test,./dataset/skeleton_final_v2/ok/ok_Set2_ (285).npy,./batch_ok/fitted/ok_Set2_ (285).npy
ok,ok_Set2_ (306),test,./dataset/skeleton_final_v2/ok/ok_Set2_ (306).npy,./batch_ok/fitted/ok_Set2_ (306).npy
ok,ok_Set2_ (31),test,./dataset/skeleton_final_v2/ok/ok_Set2_ (31).npy,./batch_ok/fitted/ok_Set2_ (31).npy
ok,ok_Set2_ (321),test,./dataset/skeleton_final_v2/ok/ok_Set2_ (321).npy,./batch_ok/fitted/ok_Set2_ (321).npy
ok,ok_Set2_ (323),test,./dataset/skeleton_final_v2/ok/ok_Set2_ (323).npy,./batch_ok/fitted/ok_Set2_ (323).npy
ok,ok_Set2_ (324),test,./dataset/skeleton_final_v2/ok/ok_Set2_ (324).npy,./batch_ok/fitted/ok_Set2_ (324).npy
ok,ok_Set2_ (333),test,./dataset/skeleton_final_v2/ok/ok_Set2_ (333).npy,./batch_ok/fitted/ok_Set2_ (333).npy
ok,ok_Set2_ (335),test,./dataset/skeleton_final_v2/ok/ok_Set2_ (335).npy,./batch_ok/fitted/ok_Set2_ (335).npy
ok,ok_Set2_ (347),test,./dataset/skeleton_final_v2/ok/ok_Set2_ (347).npy,./batch_ok/fitted/ok_Set2_ (347).npy
ok,ok_Set2_ (349),test,./dataset/skeleton_final_v2/ok/ok_Set2_ (349).npy,./batch_ok/fitted/ok_Set2_ (349).npy
ok,ok_Set2_ (354),test,./dataset/skeleton_final_v2/ok/ok_Set2_ (354).npy,./batch_ok/fitted/ok_Set2_ (354).npy
ok,ok_Set2_ (357),test,./dataset/skeleton_final_v2/ok/ok_Set2_ (357).npy,./batch_ok/fitted/ok_Set2_ (357).npy
ok,ok_Set2_ (36),test,./dataset/skeleton_final_v2/ok/ok_Set2_ (36).npy,./batch_ok/fitted/ok_Set2_ (36).npy
ok,ok_Set2_ (367),test,./dataset/skeleton_final_v2/ok/ok_Set2_ (367).npy,./batch_ok/fitted/ok_Set2_ (367).npy
ok,ok_Set2_ (37),test,./dataset/skeleton_final_v2/ok/ok_Set2_ (37).npy,./batch_ok/fitted/ok_Set2_ (37).npy
ok,ok_Set2_ (373),test,./dataset/skeleton_final_v2/ok/ok_Set2_ (373).npy,./batch_ok/fitted/ok_Set2_ (373).npy
ok,ok_Set2_ (38),test,./dataset/skeleton_final_v2/ok/ok_Set2_ (38).npy,./batch_ok/fitted/ok_Set2_ (38).npy
ok,ok_Set2_ (380),test,./dataset/skeleton_final_v2/ok/ok_Set2_ (380).npy,./batch_ok/fitted/ok_Set2_ (380).npy
ok,ok_Set2_ (395),test,./dataset/skeleton_final_v2/ok/ok_Set2_ (395).npy,./batch_ok/fitted/ok_Set2_ (395).npy
ok,ok_Set2_ (397),test,./dataset/skeleton_final_v2/ok/ok_Set2_ (397).npy,./batch_ok/fitted/ok_Set2_ (397).npy
ok,ok_Set2_ (40),test,./dataset/skeleton_final_v2/ok/ok_Set2_ (40).npy,./batch_ok/fitted/ok_Set2_ (40).npy
ok,ok_Set2_ (401),test,./dataset/skeleton_final_v2/ok/ok_Set2_ (401).npy,./batch_ok/fitted/ok_Set2_ (401).npy
ok,ok_Set2_ (413),test,./dataset/skeleton_final_v2/ok/ok_Set2_ (413).npy,./batch_ok/fitted/ok_Set2_ (413).npy
ok,ok_Set2_ (415),test,./dataset/skeleton_final_v2/ok/ok_Set2_ (415).npy,./batch_ok/fitted/ok_Set2_ (415).npy
ok,ok_Set2_ (427),test,./dataset/skeleton_final_v2/ok/ok_Set2_ (427).npy,./batch_ok/fitted/ok_Set2_ (427).npy
ok,ok_Set2_ (433),test,./dataset/skeleton_final_v2/ok/ok_Set2_ (433).npy,./batch_ok/fitted/ok_Set2_ (433).npy
ok,ok_Set2_ (434),test,./dataset/skeleton_final_v2/ok/ok_Set2_ (434).npy,./batch_ok/fitted/ok_Set2_ (434).npy
ok,ok_Set2_ (436),test,./dataset/skeleton_final_v2/ok/ok_Set2_ (436).npy,./batch_ok/fitted/ok_Set2_ (436).npy
ok,ok_Set2_ (454),test,./dataset/skeleton_final_v2/ok/ok_Set2_ (454).npy,./batch_ok/fitted/ok_Set2_ (454).npy
ok,ok_Set2_ (456),test,./dataset/skeleton_final_v2/ok/ok_Set2_ (456).npy,./batch_ok/fitted/ok_Set2_ (456).npy
ok,ok_Set2_ (468),test,./dataset/skeleton_final_v2/ok/ok_Set2_ (468).npy,./batch_ok/fitted/ok_Set2_ (468).npy
ok,ok_Set2_ (474),test,./dataset/skeleton_final_v2/ok/ok_Set2_ (474).npy,./batch_ok/fitted/ok_Set2_ (474).npy
ok,ok_Set2_ (487),test,./dataset/skeleton_final_v2/ok/ok_Set2_ (487).npy,./batch_ok/fitted/ok_Set2_ (487).npy
ok,ok_Set2_ (489),test,./dataset/skeleton_final_v2/ok/ok_Set2_ (489).npy,./batch_ok/fitted/ok_Set2_ (489).npy
ok,ok_Set2_ (497),test,./dataset/skeleton_final_v2/ok/ok_Set2_ (497).npy,./batch_ok/fitted/ok_Set2_ (497).npy
ok,ok_Set2_ (50),test,./dataset/skeleton_final_v2/ok/ok_Set2_ (50).npy,./batch_ok/fitted/ok_Set2_ (50).npy
ok,ok_Set2_ (500),test,./dataset/skeleton_final_v2/ok/ok_Set2_ (500).npy,./batch_ok/fitted/ok_Set2_ (500).npy
ok,ok_Set2_ (509),test,./dataset/skeleton_final_v2/ok/ok_Set2_ (509).npy,./batch_ok/fitted/ok_Set2_ (509).npy
ok,ok_Set2_ (521),test,./dataset/skeleton_final_v2/ok/ok_Set2_ (521).npy,./batch_ok/fitted/ok_Set2_ (521).npy
ok,ok_Set2_ (526),test,./dataset/skeleton_final_v2/ok/ok_Set2_ (526).npy,./batch_ok/fitted/ok_Set2_ (526).npy
ok,ok_Set2_ (532),test,./dataset/skeleton_final_v2/ok/ok_Set2_ (532).npy,./batch_ok/fitted/ok_Set2_ (532).npy
ok,ok_Set2_ (536),test,./dataset/skeleton_final_v2/ok/ok_Set2_ (536).npy,./batch_ok/fitted/ok_Set2_ (536).npy
ok,ok_Set2_ (542),test,./dataset/skeleton_final_v2/ok/ok_Set2_ (542).npy,./batch_ok/fitted/ok_Set2_ (542).npy
ok,ok_Set2_ (552),test,./dataset/skeleton_final_v2/ok/ok_Set2_ (552).npy,./batch_ok/fitted/ok_Set2_ (552).npy
ok,ok_Set2_ (554),test,./dataset/skeleton_final_v2/ok/ok_Set2_ (554).npy,./batch_ok/fitted/ok_Set2_ (554).npy
ok,ok_Set2_ (562),test,./dataset/skeleton_final_v2/ok/ok_Set2_ (562).npy,./batch_ok/fitted/ok_Set2_ (562).npy
ok,ok_Set2_ (573),test,./dataset/skeleton_final_v2/ok/ok_Set2_ (573).npy,./batch_ok/fitted/ok_Set2_ (573).npy
ok,ok_Set2_ (6),test,./dataset/skeleton_final_v2/ok/ok_Set2_ (6).npy,./batch_ok/fitted/ok_Set2_ (6).npy
ok,ok_Set2_ (63),test,./dataset/skeleton_final_v2/ok/ok_Set2_ (63).npy,./batch_ok/fitted/ok_Set2_ (63).npy
ok,ok_Set2_ (65),test,./dataset/skeleton_final_v2/ok/ok_Set2_ (65).npy,./batch_ok/fitted/ok_Set2_ (65).npy
ok,ok_Set2_ (71),test,./dataset/skeleton_final_v2/ok/ok_Set2_ (71).npy,./batch_ok/fitted/ok_Set2_ (71).npy
ok,ok_Set2_ (8),test,./dataset/skeleton_final_v2/ok/ok_Set2_ (8).npy,./batch_ok/fitted/ok_Set2_ (8).npy
ok,ok_Set2_ (81),test,./dataset/skeleton_final_v2/ok/ok_Set2_ (81).npy,./batch_ok/fitted/ok_Set2_ (81).npy
ok,ok_Set2_ (83),test,./dataset/skeleton_final_v2/ok/ok_Set2_ (83).npy,./batch_ok/fitted/ok_Set2_ (83).npy
paper,paper (104),test,./dataset/skeleton_final_v2/paper/paper (104).npy,./batch_paper/fitted/paper (104).npy
paper,paper (107),test,./dataset/skeleton_final_v2/paper/paper (107).npy,./batch_paper/fitted/paper (107).npy
paper,paper (117),test,./dataset/skeleton_final_v2/paper/paper (117).npy,./batch_paper/fitted/paper (117).npy
paper,paper (122),test,./dataset/skeleton_final_v2/paper/paper (122).npy,./batch_paper/fitted/paper (122).npy
paper,paper (123),test,./dataset/skeleton_final_v2/paper/paper (123).npy,./batch_paper/fitted/paper (123).npy
paper,paper (124),test,./dataset/skeleton_final_v2/paper/paper (124).npy,./batch_paper/fitted/paper (124).npy
paper,paper (129),test,./dataset/skeleton_final_v2/paper/paper (129).npy,./batch_paper/fitted/paper (129).npy
paper,paper (144),test,./dataset/skeleton_final_v2/paper/paper (144).npy,./batch_paper/fitted/paper (144).npy
paper,paper (15),test,./dataset/skeleton_final_v2/paper/paper (15).npy,./batch_paper/fitted/paper (15).npy
paper,paper (151),test,./dataset/skeleton_final_v2/paper/paper (151).npy,./batch_paper/fitted/paper (151).npy
paper,paper (152),test,./dataset/skeleton_final_v2/paper/paper (152).npy,./batch_paper/fitted/paper (152).npy
paper,paper (155),test,./dataset/skeleton_final_v2/paper/paper (155).npy,./batch_paper/fitted/paper (155).npy
paper,paper (169),test,./dataset/skeleton_final_v2/paper/paper (169).npy,./batch_paper/fitted/paper (169).npy
paper,paper (188),test,./dataset/skeleton_final_v2/paper/paper (188).npy,./batch_paper/fitted/paper (188).npy
paper,paper (195),test,./dataset/skeleton_final_v2/paper/paper (195).npy,./batch_paper/fitted/paper (195).npy
paper,paper (203),test,./dataset/skeleton_final_v2/paper/paper (203).npy,./batch_paper/fitted/paper (203).npy
paper,paper (210),test,./dataset/skeleton_final_v2/paper/paper (210).npy,./batch_paper/fitted/paper (210).npy
paper,paper (228),test,./dataset/skeleton_final_v2/paper/paper (228).npy,./batch_paper/fitted/paper (228).npy
paper,paper (249),test,./dataset/skeleton_final_v2/paper/paper (249).npy,./batch_paper/fitted/paper (249).npy
paper,paper (269),test,./dataset/skeleton_final_v2/paper/paper (269).npy,./batch_paper/fitted/paper (269).npy
paper,paper (274),test,./dataset/skeleton_final_v2/paper/paper (274).npy,./batch_paper/fitted/paper (274).npy
paper,paper (280),test,./dataset/skeleton_final_v2/paper/paper (280).npy,./batch_paper/fitted/paper (280).npy
paper,paper (29),test,./dataset/skeleton_final_v2/paper/paper (29).npy,./batch_paper/fitted/paper (29).npy
paper,paper (294),test,./dataset/skeleton_final_v2/paper/paper (294).npy,./batch_paper/fitted/paper (294).npy
paper,paper (31),test,./dataset/skeleton_final_v2/paper/paper (31).npy,./batch_paper/fitted/paper (31).npy
paper,paper (35),test,./dataset/skeleton_final_v2/paper/paper (35).npy,./batch_paper/fitted/paper (35).npy
paper,paper (42),test,./dataset/skeleton_final_v2/paper/paper (42).npy,./batch_paper/fitted/paper (42).npy
paper,paper (53),test,./dataset/skeleton_final_v2/paper/paper (53).npy,./batch_paper/fitted/paper (53).npy
paper,paper (59),test,./dataset/skeleton_final_v2/paper/paper (59).npy,./batch_paper/fitted/paper (59).npy
paper,paper (67),test,./dataset/skeleton_final_v2/paper/paper (67).npy,./batch_paper/fitted/paper (67).npy
paper,paper (68),test,./dataset/skeleton_final_v2/paper/paper (68).npy,./batch_paper/fitted/paper (68).npy
paper,paper (74),test,./dataset/skeleton_final_v2/paper/paper (74).npy,./batch_paper/fitted/paper (74).npy
paper,paper (88),test,./dataset/skeleton_final_v2/paper/paper (88).npy,./batch_paper/fitted/paper (88).npy
paper,paper (9),test,./dataset/skeleton_final_v2/paper/paper (9).npy,./batch_paper/fitted/paper (9).npy
paper,paper-set2 (103),test,./dataset/skeleton_final_v2/paper/paper-set2 (103).npy,./batch_paper/fitted/paper-set2 (103).npy
paper,paper-set2 (116),test,./dataset/skeleton_final_v2/paper/paper-set2 (116).npy,./batch_paper/fitted/paper-set2 (116).npy
paper,paper-set2 (147),test,./dataset/skeleton_final_v2/paper/paper-set2 (147).npy,./batch_paper/fitted/paper-set2 (147).npy
paper,paper-set2 (158),test,./dataset/skeleton_final_v2/paper/paper-set2 (158).npy,./batch_paper/fitted/paper-set2 (158).npy
paper,paper-set2 (16),test,./dataset/skeleton_final_v2/paper/paper-set2 (16).npy,./batch_paper/fitted/paper-set2 (16).npy
paper,paper-set2 (169),test,./dataset/skeleton_final_v2/paper/paper-set2 (169).npy,./batch_paper/fitted/paper-set2 (169).npy
paper,paper-set2 (17),test,./dataset/skeleton_final_v2/paper/paper-set2 (17).npy,./batch_paper/fitted/paper-set2 (17).npy
paper,paper-set2 (170),test,./dataset/skeleton_final_v2/paper/paper-set2 (170).npy,./batch_paper/fitted/paper-set2 (170).npy
paper,paper-set2 (171),test,./dataset/skeleton_final_v2/paper/paper-set2 (171).npy,./batch_paper/fitted/paper-set2 (171).npy
paper,paper-set2 (187),test,./dataset/skeleton_final_v2/paper/paper-set2 (187).npy,./batch_paper/fitted/paper-set2 (187).npy
paper,paper-set2 (198),test,./dataset/skeleton_final_v2/paper/paper-set2 (198).npy,./batch_paper/fitted/paper-set2 (198).npy
paper,paper-set2 (20),test,./dataset/skeleton_final_v2/paper/paper-set2 (20).npy,./batch_paper/fitted/paper-set2 (20).npy
paper,paper-set2 (204),test,./dataset/skeleton_final_v2/paper/paper-set2 (204).npy,./batch_paper/fitted/paper-set2 (204).npy
paper,paper-set2 (212),test,./dataset/skeleton_final_v2/paper/paper-set2 (212).npy,./batch_paper/fitted/paper-set2 (212).npy
paper,paper-set2 (226),test,./dataset/skeleton_final_v2/paper/paper-set2 (226).npy,./batch_paper/fitted/paper-set2 (226).npy
paper,paper-set2 (23),test,./dataset/skeleton_final_v2/paper/paper-set2 (23).npy,./batch_paper/fitted/paper-set2 (23).npy
paper,paper-set2 (230),test,./dataset/skeleton_final_v2/paper/paper-set2 (230).npy,./batch_paper/fitted/paper-set2 (230).npy
paper,paper-set2 (239),test,./dataset/skeleton_final_v2/paper/paper-set2 (239).npy,./batch_paper/fitted/paper-set2 (239).npy
paper,paper-set2 (252),test,./dataset/skeleton_final_v2/paper/paper-set2 (252).npy,./batch_paper/fitted/paper-set2 (252).npy
paper,paper-set2 (253),test,./dataset/skeleton_final_v2/paper/paper-set2 (253).npy,./batch_paper/fitted/paper-set2 (253).npy
paper,paper-set2 (255),test,./dataset/skeleton_final_v2/paper/paper-set2 (255).npy,./batch_paper/fitted/paper-set2 (255).npy
paper,paper-set2 (259),test,./dataset/skeleton_final_v2/paper/paper-set2 (259).npy,./batch_paper/fitted/paper-set2 (259).npy
paper,paper-set2 (266),test,./dataset/skeleton_final_v2/paper/paper-set2 (266).npy,./batch_paper/fitted/paper-set2 (266).npy
paper,paper-set2 (275),test,./dataset/skeleton_final_v2/paper/paper-set2 (275).npy,./batch_paper/fitted/paper-set2 (275).npy
paper,paper-set2 (28),test,./dataset/skeleton_final_v2/paper/paper-set2 (28).npy,./batch_paper/fitted/paper-set2 (28).npy
paper,paper-set2 (280),test,./dataset/skeleton_final_v2/paper/paper-set2 (280).npy,./batch_paper/fitted/paper-set2 (280).npy
paper,paper-set2 (284),test,./dataset/skeleton_final_v2/paper/paper-set2 (284).npy,./batch_paper/fitted/paper-set2 (284).npy
paper,paper-set2 (295),test,./dataset/skeleton_final_v2/paper/paper-set2 (295).npy,./batch_paper/fitted/paper-set2 (295).npy
paper,paper-set2 (297),test,./dataset/skeleton_final_v2/paper/paper-set2 (297).npy,./batch_paper/fitted/paper-set2 (297).npy
paper,paper-set2 (304),test,./dataset/skeleton_final_v2/paper/paper-set2 (304).npy,./batch_paper/fitted/paper-set2 (304).npy
paper,paper-set2 (316),test,./dataset/skeleton_final_v2/paper/paper-set2 (316).npy,./batch_paper/fitted/paper-set2 (316).npy
paper,paper-set2 (318),test,./dataset/skeleton_final_v2/paper/paper-set2 (318).npy,./batch_paper/fitted/paper-set2 (318).npy
paper,paper-set2 (329),test,./dataset/skeleton_final_v2/paper/paper-set2 (329).npy,./batch_paper/fitted/paper-set2 (329).npy
paper,paper-set2 (341),test,./dataset/skeleton_final_v2/paper/paper-set2 (341).npy,./batch_paper/fitted/paper-set2 (341).npy
paper,paper-set2 (348),test,./dataset/skeleton_final_v2/paper/paper-set2 (348).npy,./batch_paper/fitted/paper-set2 (348).npy
paper,paper-set2 (35),test,./dataset/skeleton_final_v2/paper/paper-set2 (35).npy,./batch_paper/fitted/paper-set2 (35).npy
paper,paper-set2 (356),test,./dataset/skeleton_final_v2/paper/paper-set2 (356).npy,./batch_paper/fitted/paper-set2 (356).npy
paper,paper-set2 (360),test,./dataset/skeleton_final_v2/paper/paper-set2 (360).npy,./batch_paper/fitted/paper-set2 (360).npy
paper,paper-set2 (364),test,./dataset/skeleton_final_v2/paper/paper-set2 (364).npy,./batch_paper/fitted/paper-set2 (364).npy
paper,paper-set2 (367),test,./dataset/skeleton_final_v2/paper/paper-set2 (367).npy,./batch_paper/fitted/paper-set2 (367).npy
paper,paper-set2 (370),test,./dataset/skeleton_final_v2/paper/paper-set2 (370).npy,./batch_paper/fitted/paper-set2 (370).npy
paper,paper-set2 (371),test,./dataset/skeleton_final_v2/paper/paper-set2 (371).npy,./batch_paper/fitted/paper-set2 (371).npy
paper,paper-set2 (382),test,./dataset/skeleton_final_v2/paper/paper-set2 (382).npy,./batch_paper/fitted/paper-set2 (382).npy
paper,paper-set2 (389),test,./dataset/skeleton_final_v2/paper/paper-set2 (389).npy,./batch_paper/fitted/paper-set2 (389).npy
paper,paper-set2 (391),test,./dataset/skeleton_final_v2/paper/paper-set2 (391).npy,./batch_paper/fitted/paper-set2 (391).npy
paper,paper-set2 (394),test,./dataset/skeleton_final_v2/paper/paper-set2 (394).npy,./batch_paper/fitted/paper-set2 (394).npy
paper,paper-set2 (402),test,./dataset/skeleton_final_v2/paper/paper-set2 (402).npy,./batch_paper/fitted/paper-set2 (402).npy
paper,paper-set2 (403),test,./dataset/skeleton_final_v2/paper/paper-set2 (403).npy,./batch_paper/fitted/paper-set2 (403).npy
paper,paper-set2 (414),test,./dataset/skeleton_final_v2/paper/paper-set2 (414).npy,./batch_paper/fitted/paper-set2 (414).npy
paper,paper-set2 (416),test,./dataset/skeleton_final_v2/paper/paper-set2 (416).npy,./batch_paper/fitted/paper-set2 (416).npy
paper,paper-set2 (421),test,./dataset/skeleton_final_v2/paper/paper-set2 (421).npy,./batch_paper/fitted/paper-set2 (421).npy
paper,paper-set2 (424),test,./dataset/skeleton_final_v2/paper/paper-set2 (424).npy,./batch_paper/fitted/paper-set2 (424).npy
paper,paper-set2 (43),test,./dataset/skeleton_final_v2/paper/paper-set2 (43).npy,./batch_paper/fitted/paper-set2 (43).npy
paper,paper-set2 (437),test,./dataset/skeleton_final_v2/paper/paper-set2 (437).npy,./batch_paper/fitted/paper-set2 (437).npy
paper,paper-set2 (440),test,./dataset/skeleton_final_v2/paper/paper-set2 (440).npy,./batch_paper/fitted/paper-set2 (440).npy
paper,paper-set2 (450),test,./dataset/skeleton_final_v2/paper/paper-set2 (450).npy,./batch_paper/fitted/paper-set2 (450).npy
paper,paper-set2 (452),test,./dataset/skeleton_final_v2/paper/paper-set2 (452).npy,./batch_paper/fitted/paper-set2 (452).npy
paper,paper-set2 (454),test,./dataset/skeleton_final_v2/paper/paper-set2 (454).npy,./batch_paper/fitted/paper-set2 (454).npy
paper,paper-set2 (459),test,./dataset/skeleton_final_v2/paper/paper-set2 (459).npy,./batch_paper/fitted/paper-set2 (459).npy
paper,paper-set2 (463),test,./dataset/skeleton_final_v2/paper/paper-set2 (463).npy,./batch_paper/fitted/paper-set2 (463).npy
paper,paper-set2 (469),test,./dataset/skeleton_final_v2/paper/paper-set2 (469).npy,./batch_paper/fitted/paper-set2 (469).npy
paper,paper-set2 (473),test,./dataset/skeleton_final_v2/paper/paper-set2 (473).npy,./batch_paper/fitted/paper-set2 (473).npy
paper,paper-set2 (474),test,./dataset/skeleton_final_v2/paper/paper-set2 (474).npy,./batch_paper/fitted/paper-set2 (474).npy
paper,paper-set2 (484),test,./dataset/skeleton_final_v2/paper/paper-set2 (484).npy,./batch_paper/fitted/paper-set2 (484).npy
paper,paper-set2 (486),test,./dataset/skeleton_final_v2/paper/paper-set2 (486).npy,./batch_paper/fitted/paper-set2 (486).npy
paper,paper-set2 (489),test,./dataset/skeleton_final_v2/paper/paper-set2 (489).npy,./batch_paper/fitted/paper-set2 (489).npy
paper,paper-set2 (52),test,./dataset/skeleton_final_v2/paper/paper-set2 (52).npy,./batch_paper/fitted/paper-set2 (52).npy
paper,paper-set2 (7),test,./dataset/skeleton_final_v2/paper/paper-set2 (7).npy,./batch_paper/fitted/paper-set2 (7).npy
paper,paper-set2 (85),test,./dataset/skeleton_final_v2/paper/paper-set2 (85).npy,./batch_paper/fitted/paper-set2 (85).npy
paper,paper-set2 (87),test,./dataset/skeleton_final_v2/paper/paper-set2 (87).npy,./batch_paper/fitted/paper-set2 (87).npy
paper,paper-set2 (90),test,./dataset/skeleton_final_v2/paper/paper-set2 (90).npy,./batch_paper/fitted/paper-set2 (90).npy
paper,paper-set2 (94),test,./dataset/skeleton_final_v2/paper/paper-set2 (94).npy,./batch_paper/fitted/paper-set2 (94).npy
paper,paper_1013,test,./dataset/skeleton_final_v2/paper/paper_1013.npy,./batch_paper/fitted/paper_1013.npy
paper,paper_1031,test,./dataset/skeleton_final_v2/paper/paper_1031.npy,./batch_paper/fitted/paper_1031.npy
paper,paper_1035,test,./dataset/skeleton_final_v2/paper/paper_1035.npy,./batch_paper/fitted/paper_1035.npy
paper,paper_1051,test,./dataset/skeleton_final_v2/paper/paper_1051.npy,./batch_paper/fitted/paper_1051.npy
paper,paper_1444,test,./dataset/skeleton_final_v2/paper/paper_1444.npy,./batch_paper/fitted/paper_1444.npy
paper,paper_1462,test,./dataset/skeleton_final_v2/paper/paper_1462.npy,./batch_paper/fitted/paper_1462.npy
paper,paper_1832,test,./dataset/skeleton_final_v2/paper/paper_1832.npy,./batch_paper/fitted/paper_1832.npy
paper,paper_1858,test,./dataset/skeleton_final_v2/paper/paper_1858.npy,./batch_paper/fitted/paper_1858.npy
paper,paper_24,test,./dataset/skeleton_final_v2/paper/paper_24.npy,./batch_paper/fitted/paper_24.npy
paper,paper_2440,test,./dataset/skeleton_final_v2/paper/paper_2440.npy,./batch_paper/fitted/paper_2440.npy
paper,paper_2467,test,./dataset/skeleton_final_v2/paper/paper_2467.npy,./batch_paper/fitted/paper_2467.npy
paper,paper_2471,test,./dataset/skeleton_final_v2/paper/paper_2471.npy,./batch_paper/fitted/paper_2471.npy
paper,paper_3636,test,./dataset/skeleton_final_v2/paper/paper_3636.npy,./batch_paper/fitted/paper_3636.npy
paper,paper_3647,test,./dataset/skeleton_final_v2/paper/paper_3647.npy,./batch_paper/fitted/paper_3647.npy
paper,paper_3650,test,./dataset/skeleton_final_v2/paper/paper_3650.npy,./batch_paper/fitted/paper_3650.npy
paper,paper_3660,test,./dataset/skeleton_final_v2/paper/paper_3660.npy,./batch_paper/fitted/paper_3660.npy
paper,paper_368,test,./dataset/skeleton_final_v2/paper/paper_368.npy,./batch_paper/fitted/paper_368.npy
paper,paper_3687,test,./dataset/skeleton_final_v2/paper/paper_3687.npy,./batch_paper/fitted/paper_3687.npy
paper,paper_3693,test,./dataset/skeleton_final_v2/paper/paper_3693.npy,./batch_paper/fitted/paper_3693.npy
paper,paper_3695,test,./dataset/skeleton_final_v2/paper/paper_3695.npy,./batch_paper/fitted/paper_3695.npy
paper,paper_3771,test,./dataset/skeleton_final_v2/paper/paper_3771.npy,./batch_paper/fitted/paper_3771.npy
paper,paper_3806,test,./dataset/skeleton_final_v2/paper/paper_3806.npy,./batch_paper/fitted/paper_3806.npy
paper,paper_3814,test,./dataset/skeleton_final_v2/paper/paper_3814.npy,./batch_paper/fitted/paper_3814.npy
paper,paper_382,test,./dataset/skeleton_final_v2/paper/paper_382.npy,./batch_paper/fitted/paper_382.npy
paper,paper_4586,test,./dataset/skeleton_final_v2/paper/paper_4586.npy,./batch_paper/fitted/paper_4586.npy
paper,paper_4600,test,./dataset/skeleton_final_v2/paper/paper_4600.npy,./batch_paper/fitted/paper_4600.npy
paper,paper_4602,test,./dataset/skeleton_final_v2/paper/paper_4602.npy,./batch_paper/fitted/paper_4602.npy
paper,paper_5154,test,./dataset/skeleton_final_v2/paper/paper_5154.npy,./batch_paper/fitted/paper_5154.npy
paper,paper_5156,test,./dataset/skeleton_final_v2/paper/paper_5156.npy,./batch_paper/fitted/paper_5156.npy
paper,paper_5160,test,./dataset/skeleton_final_v2/paper/paper_5160.npy,./batch_paper/fitted/paper_5160.npy
paper,paper_5450,test,./dataset/skeleton_final_v2/paper/paper_5450.npy,./batch_paper/fitted/paper_5450.npy
paper,paper_5458,test,./dataset/skeleton_final_v2/paper/paper_5458.npy,./batch_paper/fitted/paper_5458.npy
paper,paper_5460,test,./dataset/skeleton_final_v2/paper/paper_5460.npy,./batch_paper/fitted/paper_5460.npy
paper,paper_5465,test,./dataset/skeleton_final_v2/paper/paper_5465.npy,./batch_paper/fitted/paper_5465.npy
paper,paper_5712,test,./dataset/skeleton_final_v2/paper/paper_5712.npy,./batch_paper/fitted/paper_5712.npy
paper,paper_5720,test,./dataset/skeleton_final_v2/paper/paper_5720.npy,./batch_paper/fitted/paper_5720.npy
paper,paper_5890,test,./dataset/skeleton_final_v2/paper/paper_5890.npy,./batch_paper/fitted/paper_5890.npy
paper,paper_5902,test,./dataset/skeleton_final_v2/paper/paper_5902.npy,./batch_paper/fitted/paper_5902.npy
paper,paper_5908,test,./dataset/skeleton_final_v2/paper/paper_5908.npy,./batch_paper/fitted/paper_5908.npy
paper,paper_6116,test,./dataset/skeleton_final_v2/paper/paper_6116.npy,./batch_paper/fitted/paper_6116.npy
paper,paper_6123,test,./dataset/skeleton_final_v2/paper/paper_6123.npy,./batch_paper/fitted/paper_6123.npy
paper,paper_6128,test,./dataset/skeleton_final_v2/paper/paper_6128.npy,./batch_paper/fitted/paper_6128.npy
paper,paper_6342,test,./dataset/skeleton_final_v2/paper/paper_6342.npy,./batch_paper/fitted/paper_6342.npy
paper,paper_6346,test,./dataset/skeleton_final_v2/paper/paper_6346.npy,./batch_paper/fitted/paper_6346.npy
paper,paper_6348,test,./dataset/skeleton_final_v2/paper/paper_6348.npy,./batch_paper/fitted/paper_6348.npy
paper,paper_6353,test,./dataset/skeleton_final_v2/paper/paper_6353.npy,./batch_paper/fitted/paper_6353.npy
paper,paper_6514,test,./dataset/skeleton_final_v2/paper/paper_6514.npy,./batch_paper/fitted/paper_6514.npy
paper,paper_6518,test,./dataset/skeleton_final_v2/paper/paper_6518.npy,./batch_paper/fitted/paper_6518.npy
paper,paper_6526,test,./dataset/skeleton_final_v2/paper/paper_6526.npy,./batch_paper/fitted/paper_6526.npy
paper,paper_6531,test,./dataset/skeleton_final_v2/paper/paper_6531.npy,./batch_paper/fitted/paper_6531.npy
paper,paper_6533,test,./dataset/skeleton_final_v2/paper/paper_6533.npy,./batch_paper/fitted/paper_6533.npy
paper,paper_6696,test,./dataset/skeleton_final_v2/paper/paper_6696.npy,./batch_paper/fitted/paper_6696.npy
paper,paper_6700,test,./dataset/skeleton_final_v2/paper/paper_6700.npy,./batch_paper/fitted/paper_6700.npy
paper,paper_6709,test,./dataset/skeleton_final_v2/paper/paper_6709.npy,./batch_paper/fitted/paper_6709.npy
paper,paper_6712,test,./dataset/skeleton_final_v2/paper/paper_6712.npy,./batch_paper/fitted/paper_6712.npy
paper,paper_6926,test,./dataset/skeleton_final_v2/paper/paper_6926.npy,./batch_paper/fitted/paper_6926.npy
paper,paper_7143,test,./dataset/skeleton_final_v2/paper/paper_7143.npy,./batch_paper/fitted/paper_7143.npy
paper,paper_7153,test,./dataset/skeleton_final_v2/paper/paper_7153.npy,./batch_paper/fitted/paper_7153.npy
paper,paper_716,test,./dataset/skeleton_final_v2/paper/paper_716.npy,./batch_paper/fitted/paper_716.npy
paper,paper_7310,test,./dataset/skeleton_final_v2/paper/paper_7310.npy,./batch_paper/fitted/paper_7310.npy
paper,paper_7322,test,./dataset/skeleton_final_v2/paper/paper_7322.npy,./batch_paper/fitted/paper_7322.npy
paper,paper_7577,test,./dataset/skeleton_final_v2/paper/paper_7577.npy,./batch_paper/fitted/paper_7577.npy
paper,paper_7585,test,./dataset/skeleton_final_v2/paper/paper_7585.npy,./batch_paper/fitted/paper_7585.npy
paper,paper_7611,test,./dataset/skeleton_final_v2/paper/paper_7611.npy,./batch_paper/fitted/paper_7611.npy
paper,paper_7621,test,./dataset/skeleton_final_v2/paper/paper_7621.npy,./batch_paper/fitted/paper_7621.npy
paper,paper_7944,test,./dataset/skeleton_final_v2/paper/paper_7944.npy,./batch_paper/fitted/paper_7944.npy
paper,paper_7954,test,./dataset/skeleton_final_v2/paper/paper_7954.npy,./batch_paper/fitted/paper_7954.npy
paper,paper_7960,test,./dataset/skeleton_final_v2/paper/paper_7960.npy,./batch_paper/fitted/paper_7960.npy
paper,paper_8734,test,./dataset/skeleton_final_v2/paper/paper_8734.npy,./batch_paper/fitted/paper_8734.npy
paper,paper_8752,test,./dataset/skeleton_final_v2/paper/paper_8752.npy,./batch_paper/fitted/paper_8752.npy
paper,paper_9132,test,./dataset/skeleton_final_v2/paper/paper_9132.npy,./batch_paper/fitted/paper_9132.npy
paper,paper_9150,test,./dataset/skeleton_final_v2/paper/paper_9150.npy,./batch_paper/fitted/paper_9150.npy
paper,paper_9158,test,./dataset/skeleton_final_v2/paper/paper_9158.npy,./batch_paper/fitted/paper_9158.npy
paper,paper_9164,test,./dataset/skeleton_final_v2/paper/paper_9164.npy,./batch_paper/fitted/paper_9164.npy
rock,rock (13),test,./dataset/skeleton_final_v2/rock/rock (13).npy,./batch_rock/fitted/rock (13).npy
rock,rock (16),test,./dataset/skeleton_final_v2/rock/rock (16).npy,./batch_rock/fitted/rock (16).npy
rock,rock (189),test,./dataset/skeleton_final_v2/rock/rock (189).npy,./batch_rock/fitted/rock (189).npy
rock,rock (200),test,./dataset/skeleton_final_v2/rock/rock (200).npy,./batch_rock/fitted/rock (200).npy
rock,rock (230),test,./dataset/skeleton_final_v2/rock/rock (230).npy,./batch_rock/fitted/rock (230).npy
rock,rock (240),test,./dataset/skeleton_final_v2/rock/rock (240).npy,./batch_rock/fitted/rock (240).npy
rock,rock (265),test,./dataset/skeleton_final_v2/rock/rock (265).npy,./batch_rock/fitted/rock (265).npy
rock,rock (99),test,./dataset/skeleton_final_v2/rock/rock (99).npy,./batch_rock/fitted/rock (99).npy
rock,rock-set2 (110),test,./dataset/skeleton_final_v2/rock/rock-set2 (110).npy,./batch_rock/fitted/rock-set2 (110).npy
rock,rock-set2 (148),test,./dataset/skeleton_final_v2/rock/rock-set2 (148).npy,./batch_rock/fitted/rock-set2 (148).npy
rock,rock-set2 (166),test,./dataset/skeleton_final_v2/rock/rock-set2 (166).npy,./batch_rock/fitted/rock-set2 (166).npy
rock,rock-set2 (179),test,./dataset/skeleton_final_v2/rock/rock-set2 (179).npy,./batch_rock/fitted/rock-set2 (179).npy
rock,rock-set2 (185),test,./dataset/skeleton_final_v2/rock/rock-set2 (185).npy,./batch_rock/fitted/rock-set2 (185).npy
rock,rock-set2 (196),test,./dataset/skeleton_final_v2/rock/rock-set2 (196).npy,./batch_rock/fitted/rock-set2 (196).npy
rock,rock-set2 (216),test,./dataset/skeleton_final_v2/rock/rock-set2 (216).npy,./batch_rock/fitted/rock-set2 (216).npy
rock,rock-set2 (220),test,./dataset/skeleton_final_v2/rock/rock-set2 (220).npy,./batch_rock/fitted/rock-set2 (220).npy
rock,rock-set2 (221),test,./dataset/skeleton_final_v2/rock/rock-set2 (221).npy,./batch_rock/fitted/rock-set2 (221).npy
rock,rock-set2 (24),test,./dataset/skeleton_final_v2/rock/rock-set2 (24).npy,./batch_rock/fitted/rock-set2 (24).npy
rock,rock-set2 (307),test,./dataset/skeleton_final_v2/rock/rock-set2 (307).npy,./batch_rock/fitted/rock-set2 (307).npy
rock,rock-set2 (309),test,./dataset/skeleton_final_v2/rock/rock-set2 (309).npy,./batch_rock/fitted/rock-set2 (309).npy
rock,rock-set2 (341),test,./dataset/skeleton_final_v2/rock/rock-set2 (341).npy,./batch_rock/fitted/rock-set2 (341).npy
rock,rock-set2 (353),test,./dataset/skeleton_final_v2/rock/rock-set2 (353).npy,./batch_rock/fitted/rock-set2 (353).npy
rock,rock-set2 (363),test,./dataset/skeleton_final_v2/rock/rock-set2 (363).npy,./batch_rock/fitted/rock-set2 (363).npy
rock,rock-set2 (425),test,./dataset/skeleton_final_v2/rock/rock-set2 (425).npy,./batch_rock/fitted/rock-set2 (425).npy
rock,rock-set2 (426),test,./dataset/skeleton_final_v2/rock/rock-set2 (426).npy,./batch_rock/fitted/rock-set2 (426).npy
rock,rock-set2 (43),test,./dataset/skeleton_final_v2/rock/rock-set2 (43).npy,./batch_rock/fitted/rock-set2 (43).npy
rock,rock-set2 (47),test,./dataset/skeleton_final_v2/rock/rock-set2 (47).npy,./batch_rock/fitted/rock-set2 (47).npy
rock,rock-set2 (52),test,./dataset/skeleton_final_v2/rock/rock-set2 (52).npy,./batch_rock/fitted/rock-set2 (52).npy
rock,rock-set2 (54),test,./dataset/skeleton_final_v2/rock/rock-set2 (54).npy,./batch_rock/fitted/rock-set2 (54).npy
rock,rock-set2 (563),test,./dataset/skeleton_final_v2/rock/rock-set2 (563).npy,./batch_rock/fitted/rock-set2 (563).npy
rock,rock-set2 (564),test,./dataset/skeleton_final_v2/rock/rock-set2 (564).npy,./batch_rock/fitted/rock-set2 (564).npy
rock,rock-set2 (576),test,./dataset/skeleton_final_v2/rock/rock-set2 (576).npy,./batch_rock/fitted/rock-set2 (576).npy
rock,rock-set2 (603),test,./dataset/skeleton_final_v2/rock/rock-set2 (603).npy,./batch_rock/fitted/rock-set2 (603).npy
rock,rock_2,test,./dataset/skeleton_final_v2/rock/rock_2.npy,./batch_rock/fitted/rock_2.npy
rock,rock_20,test,./dataset/skeleton_final_v2/rock/rock_20.npy,./batch_rock/fitted/rock_20.npy
rock,rock_302,test,./dataset/skeleton_final_v2/rock/rock_302.npy,./batch_rock/fitted/rock_302.npy
rock,rock_3152,test,./dataset/skeleton_final_v2/rock/rock_3152.npy,./batch_rock/fitted/rock_3152.npy
rock,rock_3155,test,./dataset/skeleton_final_v2/rock/rock_3155.npy,./batch_rock/fitted/rock_3155.npy
rock,rock_3583,test,./dataset/skeleton_final_v2/rock/rock_3583.npy,./batch_rock/fitted/rock_3583.npy
rock,rock_5409,test,./dataset/skeleton_final_v2/rock/rock_5409.npy,./batch_rock/fitted/rock_5409.npy
rock,rock_6310,test,./dataset/skeleton_final_v2/rock/rock_6310.npy,./batch_rock/fitted/rock_6310.npy
rock,rock_6325,test,./dataset/skeleton_final_v2/rock/rock_6325.npy,./batch_rock/fitted/rock_6325.npy
rock,rock_6499,test,./dataset/skeleton_final_v2/rock/rock_6499.npy,./batch_rock/fitted/rock_6499.npy
rock,rock_678,test,./dataset/skeleton_final_v2/rock/rock_678.npy,./batch_rock/fitted/rock_678.npy
rock,rock_688,test,./dataset/skeleton_final_v2/rock/rock_688.npy,./batch_rock/fitted/rock_688.npy
rock,rock_704,test,./dataset/skeleton_final_v2/rock/rock_704.npy,./batch_rock/fitted/rock_704.npy
rock,rock_7906,test,./dataset/skeleton_final_v2/rock/rock_7906.npy,./batch_rock/fitted/rock_7906.npy
rock,rock_8372,test,./dataset/skeleton_final_v2/rock/rock_8372.npy,./batch_rock/fitted/rock_8372.npy
rock,rock_8418,test,./dataset/skeleton_final_v2/rock/rock_8418.npy,./batch_rock/fitted/rock_8418.npy
scissors,scissors (106),test,./dataset/skeleton_final_v2/scissors/scissors (106).npy,./batch_scissors/fitted/scissors (106).npy
scissors,scissors (133),test,./dataset/skeleton_final_v2/scissors/scissors (133).npy,./batch_scissors/fitted/scissors (133).npy
scissors,scissors (186),test,./dataset/skeleton_final_v2/scissors/scissors (186).npy,./batch_scissors/fitted/scissors (186).npy
scissors,scissors (188),test,./dataset/skeleton_final_v2/scissors/scissors (188).npy,./batch_scissors/fitted/scissors (188).npy
scissors,scissors (200),test,./dataset/skeleton_final_v2/scissors/scissors (200).npy,./batch_scissors/fitted/scissors (200).npy
scissors,scissors (210),test,./dataset/skeleton_final_v2/scissors/scissors (210).npy,./batch_scissors/fitted/scissors (210).npy
scissors,scissors (211),test,./dataset/skeleton_final_v2/scissors/scissors (211).npy,./batch_scissors/fitted/scissors (211).npy
scissors,scissors (216),test,./dataset/skeleton_final_v2/scissors/scissors (216).npy,./batch_scissors/fitted/scissors (216).npy
scissors,scissors (24),test,./dataset/skeleton_final_v2/scissors/scissors (24).npy,./batch_scissors/fitted/scissors (24).npy
scissors,scissors (259),test,./dataset/skeleton_final_v2/scissors/scissors (259).npy,./batch_scissors/fitted/scissors (259).npy
scissors,scissors (267),test,./dataset/skeleton_final_v2/scissors/scissors (267).npy,./batch_scissors/fitted/scissors (267).npy
scissors,scissors (272),test,./dataset/skeleton_final_v2/scissors/scissors (272).npy,./batch_scissors/fitted/scissors (272).npy
scissors,scissors (282),test,./dataset/skeleton_final_v2/scissors/scissors (282).npy,./batch_scissors/fitted/scissors (282).npy
scissors,scissors (289),test,./dataset/skeleton_final_v2/scissors/scissors (289).npy,./batch_scissors/fitted/scissors (289).npy
scissors,scissors (293),test,./dataset/skeleton_final_v2/scissors/scissors (293).npy,./batch_scissors/fitted/scissors (293).npy
scissors,scissors (294),test,./dataset/skeleton_final_v2/scissors/scissors (294).npy,./batch_scissors/fitted/scissors (294).npy
scissors,scissors (31),test,./dataset/skeleton_final_v2/scissors/scissors (31).npy,./batch_scissors/fitted/scissors (31).npy
scissors,scissors (323),test,./dataset/skeleton_final_v2/scissors/scissors (323).npy,./batch_scissors/fitted/scissors (323).npy
scissors,scissors (324),test,./dataset/skeleton_final_v2/scissors/scissors (324).npy,./batch_scissors/fitted/scissors (324).npy
scissors,scissors (325),test,./dataset/skeleton_final_v2/scissors/scissors (325).npy,./batch_scissors/fitted/scissors (325).npy
scissors,scissors (327),test,./dataset/skeleton_final_v2/scissors/scissors (327).npy,./batch_scissors/fitted/scissors (327).npy
scissors,scissors (336),test,./dataset/skeleton_final_v2/scissors/scissors (336).npy,./batch_scissors/fitted/scissors (336).npy
scissors,scissors (348),test,./dataset/skeleton_final_v2/scissors/scissors (348).npy,./batch_scissors/fitted/scissors (348).npy
scissors,scissors (358),test,./dataset/skeleton_final_v2/scissors/scissors (358).npy,./batch_scissors/fitted/scissors (358).npy
scissors,scissors (36),test,./dataset/skeleton_final_v2/scissors/scissors (36).npy,./batch_scissors/fitted/scissors (36).npy
scissors,scissors (370),test,./dataset/skeleton_final_v2/scissors/scissors (370).npy,./batch_scissors/fitted/scissors (370).npy
scissors,scissors (371),test,./dataset/skeleton_final_v2/scissors/scissors (371).npy,./batch_scissors/fitted/scissors (371).npy
scissors,scissors (374),test,./dataset/skeleton_final_v2/scissors/scissors (374).npy,./batch_scissors/fitted/scissors (374).npy
scissors,scissors (375),test,./dataset/skeleton_final_v2/scissors/scissors (375).npy,./batch_scissors/fitted/scissors (375).npy
scissors,scissors (38),test,./dataset/skeleton_final_v2/scissors/scissors (38).npy,./batch_scissors/fitted/scissors (38).npy
scissors,scissors (387),test,./dataset/skeleton_final_v2/scissors/scissors (387).npy,./batch_scissors/fitted/scissors (387).npy
scissors,scissors (392),test,./dataset/skeleton_final_v2/scissors/scissors (392).npy,./batch_scissors/fitted/scissors (392).npy
scissors,scissors (393),test,./dataset/skeleton_final_v2/scissors/scissors (393).npy,./batch_scissors/fitted/scissors (393).npy
scissors,scissors (405),test,./dataset/skeleton_final_v2/scissors/scissors (405).npy,./batch_scissors/fitted/scissors (405).npy
scissors,scissors (427),test,./dataset/skeleton_final_v2/scissors/scissors (427).npy,./batch_scissors/fitted/scissors (427).npy
scissors,scissors (432),test,./dataset/skeleton_final_v2/scissors/scissors (432).npy,./batch_scissors/fitted/scissors (432).npy
scissors,scissors (433),test,./dataset/skeleton_final_v2/scissors/scissors (433).npy,./batch_scissors/fitted/scissors (433).npy
scissors,scissors (435),test,./dataset/skeleton_final_v2/scissors/scissors (435).npy,./batch_scissors/fitted/scissors (435).npy
scissors,scissors (442),test,./dataset/skeleton_final_v2/scissors/scissors (442).npy,./batch_scissors/fitted/scissors (442).npy
scissors,scissors (449),test,./dataset/skeleton_final_v2/scissors/scissors (449).npy,./batch_scissors/fitted/scissors (449).npy
scissors,scissors (451),test,./dataset/skeleton_final_v2/scissors/scissors (451).npy,./batch_scissors/fitted/scissors (451).npy
scissors,scissors (465),test,./dataset/skeleton_final_v2/scissors/scissors (465).npy,./batch_scissors/fitted/scissors (465).npy
scissors,scissors (473),test,./dataset/skeleton_final_v2/scissors/scissors (473).npy,./batch_scissors/fitted/scissors (473).npy
scissors,scissors (480),test,./dataset/skeleton_final_v2/scissors/scissors (480).npy,./batch_scissors/fitted/scissors (480).npy
scissors,scissors (61),test,./dataset/skeleton_final_v2/scissors/scissors (61).npy,./batch_scissors/fitted/scissors (61).npy
scissors,scissors (70),test,./dataset/skeleton_final_v2/scissors/scissors (70).npy,./batch_scissors/fitted/scissors (70).npy
scissors,scissors (8),test,./dataset/skeleton_final_v2/scissors/scissors (8).npy,./batch_scissors/fitted/scissors (8).npy
scissors,scissors-set2 (105),test,./dataset/skeleton_final_v2/scissors/scissors-set2 (105).npy,./batch_scissors/fitted/scissors-set2 (105).npy
scissors,scissors-set2 (113),test,./dataset/skeleton_final_v2/scissors/scissors-set2 (113).npy,./batch_scissors/fitted/scissors-set2 (113).npy
scissors,scissors-set2 (116),test,./dataset/skeleton_final_v2/scissors/scissors-set2 (116).npy,./batch_scissors/fitted/scissors-set2 (116).npy
scissors,scissors-set2 (149),test,./dataset/skeleton_final_v2/scissors/scissors-set2 (149).npy,./batch_scissors/fitted/scissors-set2 (149).npy
scissors,scissors-set2 (15),test,./dataset/skeleton_final_v2/scissors/scissors-set2 (15).npy,./batch_scissors/fitted/scissors-set2 (15).npy
scissors,scissors-set2 (151),test,./dataset/skeleton_final_v2/scissors/scissors-set2 (151).npy,./batch_scissors/fitted/scissors-set2 (151).npy
scissors,scissors-set2 (152),test,./dataset/skeleton_final_v2/scissors/scissors-set2 (152).npy,./batch_scissors/fitted/scissors-set2 (152).npy
scissors,scissors-set2 (156),test,./dataset/skeleton_final_v2/scissors/scissors-set2 (156).npy,./batch_scissors/fitted/scissors-set2 (156).npy
scissors,scissors-set2 (159),test,./dataset/skeleton_final_v2/scissors/scissors-set2 (159).npy,./batch_scissors/fitted/scissors-set2 (159).npy
scissors,scissors-set2 (164),test,./dataset/skeleton_final_v2/scissors/scissors-set2 (164).npy,./batch_scissors/fitted/scissors-set2 (164).npy
scissors,scissors-set2 (171),test,./dataset/skeleton_final_v2/scissors/scissors-set2 (171).npy,./batch_scissors/fitted/scissors-set2 (171).npy
scissors,scissors-set2 (189),test,./dataset/skeleton_final_v2/scissors/scissors-set2 (189).npy,./batch_scissors/fitted/scissors-set2 (189).npy
scissors,scissors-set2 (19),test,./dataset/skeleton_final_v2/scissors/scissors-set2 (19).npy,./batch_scissors/fitted/scissors-set2 (19).npy
scissors,scissors-set2 (20),test,./dataset/skeleton_final_v2/scissors/scissors-set2 (20).npy,./batch_scissors/fitted/scissors-set2 (20).npy
scissors,scissors-set2 (204),test,./dataset/skeleton_final_v2/scissors/scissors-set2 (204).npy,./batch_scissors/fitted/scissors-set2 (204).npy
scissors,scissors-set2 (207),test,./dataset/skeleton_final_v2/scissors/scissors-set2 (207).npy,./batch_scissors/fitted/scissors-set2 (207).npy
scissors,scissors-set2 (209),test,./dataset/skeleton_final_v2/scissors/scissors-set2 (209).npy,./batch_scissors/fitted/scissors-set2 (209).npy
scissors,scissors-set2 (224),test,./dataset/skeleton_final_v2/scissors/scissors-set2 (224).npy,./batch_scissors/fitted/scissors-set2 (224).npy
scissors,scissors-set2 (249),test,./dataset/skeleton_final_v2/scissors/scissors-set2 (249).npy,./batch_scissors/fitted/scissors-set2 (249).npy
scissors,scissors-set2 (253),test,./dataset/skeleton_final_v2/scissors/scissors-set2 (253).npy,./batch_scissors/fitted/scissors-set2 (253).npy
scissors,scissors-set2 (255),test,./dataset/skeleton_final_v2/scissors/scissors-set2 (255).npy,./batch_scissors/fitted/scissors-set2 (255).npy
scissors,scissors-set2 (257),test,./dataset/skeleton_final_v2/scissors/scissors-set2 (257).npy,./batch_scissors/fitted/scissors-set2 (257).npy
scissors,scissors-set2 (261),test,./dataset/skeleton_final_v2/scissors/scissors-set2 (261).npy,./batch_scissors/fitted/scissors-set2 (261).npy
scissors,scissors-set2 (270),test,./dataset/skeleton_final_v2/scissors/scissors-set2 (270).npy,./batch_scissors/fitted/scissors-set2 (270).npy
scissors,scissors-set2 (274),test,./dataset/skeleton_final_v2/scissors/scissors-set2 (274).npy,./batch_scissors/fitted/scissors-set2 (274).npy
scissors,scissors-set2 (283),test,./dataset/skeleton_final_v2/scissors/scissors-set2 (283).npy,./batch_scissors/fitted/scissors-set2 (283).npy
scissors,scissors-set2 (294),test,./dataset/skeleton_final_v2/scissors/scissors-set2 (294).npy,./batch_scissors/fitted/scissors-set2 (294).npy
scissors,scissors-set2 (30),test,./dataset/skeleton_final_v2/scissors/scissors-set2 (30).npy,./batch_scissors/fitted/scissors-set2 (30).npy
scissors,scissors-set2 (302),test,./dataset/skeleton_final_v2/scissors/scissors-set2 (302).npy,./batch_scissors/fitted/scissors-set2 (302).npy
scissors,scissors-set2 (311),test,./dataset/skeleton_final_v2/scissors/scissors-set2 (311).npy,./batch_scissors/fitted/scissors-set2 (311).npy
scissors,scissors-set2 (313),test,./dataset/skeleton_final_v2/scissors/scissors-set2 (313).npy,./batch_scissors/fitted/scissors-set2 (313).npy
scissors,scissors-set2 (316),test,./dataset/skeleton_final_v2/scissors/scissors-set2 (316).npy,./batch_scissors/fitted/scissors-set2 (316).npy
scissors,scissors-set2 (323),test,./dataset/skeleton_final_v2/scissors/scissors-set2 (323).npy,./batch_scissors/fitted/scissors-set2 (323).npy
scissors,scissors-set2 (325),test,./dataset/skeleton_final_v2/scissors/scissors-set2 (325).npy,./batch_scissors/fitted/scissors-set2 (325).npy
scissors,scissors-set2 (327),test,./dataset/skeleton_final_v2/scissors/scissors-set2 (327).npy,./batch_scissors/fitted/scissors-set2 (327).npy
scissors,scissors-set2 (33),test,./dataset/skeleton_final_v2/scissors/scissors-set2 (33).npy,./batch_scissors/fitted/scissors-set2 (33).npy
scissors,scissors-set2 (334),test,./dataset/skeleton_final_v2/scissors/scissors-set2 (334).npy,./batch_scissors/fitted/scissors-set2 (334).npy
scissors,scissors-set2 (345),test,./dataset/skeleton_final_v2/scissors/scissors-set2 (345).npy,./batch_scissors/fitted/scissors-set2 (345).npy
scissors,scissors-set2 (354),test,./dataset/skeleton_final_v2/scissors/scissors-set2 (354).npy,./batch_scissors/fitted/scissors-set2 (354).npy
scissors,scissors-set2 (355),test,./dataset/skeleton_final_v2/scissors/scissors-set2 (355).npy,./batch_scissors/fitted/scissors-set2 (355).npy
scissors,scissors-set2 (357),test,./dataset/skeleton_final_v2/scissors/scissors-set2 (357).npy,./batch_scissors/fitted/scissors-set2 (357).npy
scissors,scissors-set2 (359),test,./dataset/skeleton_final_v2/scissors/scissors-set2 (359).npy,./batch_scissors/fitted/scissors-set2 (359).npy
scissors,scissors-set2 (361),test,./dataset/skeleton_final_v2/scissors/scissors-set2 (361).npy,./batch_scissors/fitted/scissors-set2 (361).npy
scissors,scissors-set2 (364),test,./dataset/skeleton_final_v2/scissors/scissors-set2 (364).npy,./batch_scissors/fitted/scissors-set2 (364).npy
scissors,scissors-set2 (371),test,./dataset/skeleton_final_v2/scissors/scissors-set2 (371).npy,./batch_scissors/fitted/scissors-set2 (371).npy
scissors,scissors-set2 (373),test,./dataset/skeleton_final_v2/scissors/scissors-set2 (373).npy,./batch_scissors/fitted/scissors-set2 (373).npy
scissors,scissors-set2 (38),test,./dataset/skeleton_final_v2/scissors/scissors-set2 (38).npy,./batch_scissors/fitted/scissors-set2 (38).npy
scissors,scissors-set2 (391),test,./dataset/skeleton_final_v2/scissors/scissors-set2 (391).npy,./batch_scissors/fitted/scissors-set2 (391).npy
scissors,scissors-set2 (392),test,./dataset/skeleton_final_v2/scissors/scissors-set2 (392).npy,./batch_scissors/fitted/scissors-set2 (392).npy
scissors,scissors-set2 (396),test,./dataset/skeleton_final_v2/scissors/scissors-set2 (396).npy,./batch_scissors/fitted/scissors-set2 (396).npy
scissors,scissors-set2 (399),test,./dataset/skeleton_final_v2/scissors/scissors-set2 (399).npy,./batch_scissors/fitted/scissors-set2 (399).npy
scissors,scissors-set2 (4),test,./dataset/skeleton_final_v2/scissors/scissors-set2 (4).npy,./batch_scissors/fitted/scissors-set2 (4).npy
scissors,scissors-set2 (420),test,./dataset/skeleton_final_v2/scissors/scissors-set2 (420).npy,./batch_scissors/fitted/scissors-set2 (420).npy
scissors,scissors-set2 (424),test,./dataset/skeleton_final_v2/scissors/scissors-set2 (424).npy,./batch_scissors/fitted/scissors-set2 (424).npy
scissors,scissors-set2 (437),test,./dataset/skeleton_final_v2/scissors/scissors-set2 (437).npy,./batch_scissors/fitted/scissors-set2 (437).npy
scissors,scissors-set2 (441),test,./dataset/skeleton_final_v2/scissors/scissors-set2 (441).npy,./batch_scissors/fitted/scissors-set2 (441).npy
scissors,scissors-set2 (471),test,./dataset/skeleton_final_v2/scissors/scissors-set2 (471).npy,./batch_scissors/fitted/scissors-set2 (471).npy
scissors,scissors-set2 (477),test,./dataset/skeleton_final_v2/scissors/scissors-set2 (477).npy,./batch_scissors/fitted/scissors-set2 (477).npy
scissors,scissors-set2 (493),test,./dataset/skeleton_final_v2/scissors/scissors-set2 (493).npy,./batch_scissors/fitted/scissors-set2 (493).npy
scissors,scissors-set2 (494),test,./dataset/skeleton_final_v2/scissors/scissors-set2 (494).npy,./batch_scissors/fitted/scissors-set2 (494).npy
scissors,scissors-set2 (508),test,./dataset/skeleton_final_v2/scissors/scissors-set2 (508).npy,./batch_scissors/fitted/scissors-set2 (508).npy
scissors,scissors-set2 (512),test,./dataset/skeleton_final_v2/scissors/scissors-set2 (512).npy,./batch_scissors/fitted/scissors-set2 (512).npy
scissors,scissors-set2 (524),test,./dataset/skeleton_final_v2/scissors/scissors-set2 (524).npy,./batch_scissors/fitted/scissors-set2 (524).npy
scissors,scissors-set2 (533),test,./dataset/skeleton_final_v2/scissors/scissors-set2 (533).npy,./batch_scissors/fitted/scissors-set2 (533).npy
scissors,scissors-set2 (541),test,./dataset/skeleton_final_v2/scissors/scissors-set2 (541).npy,./batch_scissors/fitted/scissors-set2 (541).npy
scissors,scissors-set2 (554),test,./dataset/skeleton_final_v2/scissors/scissors-set2 (554).npy,./batch_scissors/fitted/scissors-set2 (554).npy
scissors,scissors-set2 (559),test,./dataset/skeleton_final_v2/scissors/scissors-set2 (559).npy,./batch_scissors/fitted/scissors-set2 (559).npy
scissors,scissors-set2 (576),test,./dataset/skeleton_final_v2/scissors/scissors-set2 (576).npy,./batch_scissors/fitted/scissors-set2 (576).npy
scissors,scissors-set2 (59),test,./dataset/skeleton_final_v2/scissors/scissors-set2 (59).npy,./batch_scissors/fitted/scissors-set2 (59).npy
scissors,scissors-set2 (596),test,./dataset/skeleton_final_v2/scissors/scissors-set2 (596).npy,./batch_scissors/fitted/scissors-set2 (596).npy
scissors,scissors-set2 (598),test,./dataset/skeleton_final_v2/scissors/scissors-set2 (598).npy,./batch_scissors/fitted/scissors-set2 (598).npy
scissors,scissors-set2 (602),test,./dataset/skeleton_final_v2/scissors/scissors-set2 (602).npy,./batch_scissors/fitted/scissors-set2 (602).npy
scissors,scissors-set2 (605),test,./dataset/skeleton_final_v2/scissors/scissors-set2 (605).npy,./batch_scissors/fitted/scissors-set2 (605).npy
scissors,scissors-set2 (61),test,./dataset/skeleton_final_v2/scissors/scissors-set2 (61).npy,./batch_scissors/fitted/scissors-set2 (61).npy
scissors,scissors-set2 (612),test,./dataset/skeleton_final_v2/scissors/scissors-set2 (612).npy,./batch_scissors/fitted/scissors-set2 (612).npy
scissors,scissors-set2 (618),test,./dataset/skeleton_final_v2/scissors/scissors-set2 (618).npy,./batch_scissors/fitted/scissors-set2 (618).npy
scissors,scissors-set2 (620),test,./dataset/skeleton_final_v2/scissors/scissors-set2 (620).npy,./batch_scissors/fitted/scissors-set2 (620).npy
scissors,scissors-set2 (634),test,./dataset/skeleton_final_v2/scissors/scissors-set2 (634).npy,./batch_scissors/fitted/scissors-set2 (634).npy
scissors,scissors-set2 (636),test,./dataset/skeleton_final_v2/scissors/scissors-set2 (636).npy,./batch_scissors/fitted/scissors-set2 (636).npy
scissors,scissors-set2 (638),test,./dataset/skeleton_final_v2/scissors/scissors-set2 (638).npy,./batch_scissors/fitted/scissors-set2 (638).npy
scissors,scissors-set2 (639),test,./dataset/skeleton_final_v2/scissors/scissors-set2 (639).npy,./batch_scissors/fitted/scissors-set2 (639).npy
scissors,scissors-set2 (64),test,./dataset/skeleton_final_v2/scissors/scissors-set2 (64).npy,./batch_scissors/fitted/scissors-set2 (64).npy
scissors,scissors-set2 (643),test,./dataset/skeleton_final_v2/scissors/scissors-set2 (643).npy,./batch_scissors/fitted/scissors-set2 (643).npy
scissors,scissors-set2 (65),test,./dataset/skeleton_final_v2/scissors/scissors-set2 (65).npy,./batch_scissors/fitted/scissors-set2 (65).npy
scissors,scissors-set2 (654),test,./dataset/skeleton_final_v2/scissors/scissors-set2 (654).npy,./batch_scissors/fitted/scissors-set2 (654).npy
scissors,scissors-set2 (656),test,./dataset/skeleton_final_v2/scissors/scissors-set2 (656).npy,./batch_scissors/fitted/scissors-set2 (656).npy
scissors,scissors-set2 (657),test,./dataset/skeleton_final_v2/scissors/scissors-set2 (657).npy,./batch_scissors/fitted/scissors-set2 (657).npy
scissors,scissors-set2 (66),test,./dataset/skeleton_final_v2/scissors/scissors-set2 (66).npy,./batch_scissors/fitted/scissors-set2 (66).npy
scissors,scissors-set2 (660),test,./dataset/skeleton_final_v2/scissors/scissors-set2 (660).npy,./batch_scissors/fitted/scissors-set2 (660).npy
scissors,scissors-set2 (665),test,./dataset/skeleton_final_v2/scissors/scissors-set2 (665).npy,./batch_scissors/fitted/scissors-set2 (665).npy
scissors,scissors-set2 (681),test,./dataset/skeleton_final_v2/scissors/scissors-set2 (681).npy,./batch_scissors/fitted/scissors-set2 (681).npy
scissors,scissors-set2 (683),test,./dataset/skeleton_final_v2/scissors/scissors-set2 (683).npy,./batch_scissors/fitted/scissors-set2 (683).npy
scissors,scissors-set2 (685),test,./dataset/skeleton_final_v2/scissors/scissors-set2 (685).npy,./batch_scissors/fitted/scissors-set2 (685).npy
scissors,scissors-set2 (687),test,./dataset/skeleton_final_v2/scissors/scissors-set2 (687).npy,./batch_scissors/fitted/scissors-set2 (687).npy
scissors,scissors-set2 (689),test,./dataset/skeleton_final_v2/scissors/scissors-set2 (689).npy,./batch_scissors/fitted/scissors-set2 (689).npy
scissors,scissors-set2 (691),test,./dataset/skeleton_final_v2/scissors/scissors-set2 (691).npy,./batch_scissors/fitted/scissors-set2 (691).npy
scissors,scissors-set2 (693),test,./dataset/skeleton_final_v2/scissors/scissors-set2 (693).npy,./batch_scissors/fitted/scissors-set2 (693).npy
scissors,scissors-set2 (7),test,./dataset/skeleton_final_v2/scissors/scissors-set2 (7).npy,./batch_scissors/fitted/scissors-set2 (7).npy
scissors,scissors-set2 (702),test,./dataset/skeleton_final_v2/scissors/scissors-set2 (702).npy,./batch_scissors/fitted/scissors-set2 (702).npy
scissors,scissors-set2 (707),test,./dataset/skeleton_final_v2/scissors/scissors-set2 (707).npy,./batch_scissors/fitted/scissors-set2 (707).npy
scissors,scissors-set2 (710),test,./dataset/skeleton_final_v2/scissors/scissors-set2 (710).npy,./batch_scissors/fitted/scissors-set2 (710).npy
scissors,scissors-set2 (711),test,./dataset/skeleton_final_v2/scissors/scissors-set2 (711).npy,./batch_scissors/fitted/scissors-set2 (711).npy
scissors,scissors-set2 (722),test,./dataset/skeleton_final_v2/scissors/scissors-set2 (722).npy,./batch_scissors/fitted/scissors-set2 (722).npy
scissors,scissors-set2 (727),test,./dataset/skeleton_final_v2/scissors/scissors-set2 (727).npy,./batch_scissors/fitted/scissors-set2 (727).npy
scissors,scissors-set2 (729),test,./dataset/skeleton_final_v2/scissors/scissors-set2 (729).npy,./batch_scissors/fitted/scissors-set2 (729).npy
scissors,scissors-set2 (735),test,./dataset/skeleton_final_v2/scissors/scissors-set2 (735).npy,./batch_scissors/fitted/scissors-set2 (735).npy
scissors,scissors-set2 (737),test,./dataset/skeleton_final_v2/scissors/scissors-set2 (737).npy,./batch_scissors/fitted/scissors-set2 (737).npy
scissors,scissors-set2 (739),test,./dataset/skeleton_final_v2/scissors/scissors-set2 (739).npy,./batch_scissors/fitted/scissors-set2 (739).npy
scissors,scissors-set2 (74),test,./dataset/skeleton_final_v2/scissors/scissors-set2 (74).npy,./batch_scissors/fitted/scissors-set2 (74).npy
scissors,scissors-set2 (742),test,./dataset/skeleton_final_v2/scissors/scissors-set2 (742).npy,./batch_scissors/fitted/scissors-set2 (742).npy
scissors,scissors-set2 (744),test,./dataset/skeleton_final_v2/scissors/scissors-set2 (744).npy,./batch_scissors/fitted/scissors-set2 (744).npy
scissors,scissors-set2 (92),test,./dataset/skeleton_final_v2/scissors/scissors-set2 (92).npy,./batch_scissors/fitted/scissors-set2 (92).npy
scissors,scissors_1083,test,./dataset/skeleton_final_v2/scissors/scissors_1083.npy,./batch_scissors/fitted/scissors_1083.npy
scissors,scissors_1115,test,./dataset/skeleton_final_v2/scissors/scissors_1115.npy,./batch_scissors/fitted/scissors_1115.npy
scissors,scissors_1121,test,./dataset/skeleton_final_v2/scissors/scissors_1121.npy,./batch_scissors/fitted/scissors_1121.npy
scissors,scissors_1885,test,./dataset/skeleton_final_v2/scissors/scissors_1885.npy,./batch_scissors/fitted/scissors_1885.npy
scissors,scissors_2609,test,./dataset/skeleton_final_v2/scissors/scissors_2609.npy,./batch_scissors/fitted/scissors_2609.npy
scissors,scissors_2678,test,./dataset/skeleton_final_v2/scissors/scissors_2678.npy,./batch_scissors/fitted/scissors_2678.npy
scissors,scissors_2721,test,./dataset/skeleton_final_v2/scissors/scissors_2721.npy,./batch_scissors/fitted/scissors_2721.npy
scissors,scissors_2758,test,./dataset/skeleton_final_v2/scissors/scissors_2758.npy,./batch_scissors/fitted/scissors_2758.npy
scissors,scissors_2795,test,./dataset/skeleton_final_v2/scissors/scissors_2795.npy,./batch_scissors/fitted/scissors_2795.npy
scissors,scissors_3838,test,./dataset/skeleton_final_v2/scissors/scissors_3838.npy,./batch_scissors/fitted/scissors_3838.npy
scissors,scissors_3841,test,./dataset/skeleton_final_v2/scissors/scissors_3841.npy,./batch_scissors/fitted/scissors_3841.npy
scissors,scissors_3847,test,./dataset/skeleton_final_v2/scissors/scissors_3847.npy,./batch_scissors/fitted/scissors_3847.npy
scissors,scissors_3874,test,./dataset/skeleton_final_v2/scissors/scissors_3874.npy,./batch_scissors/fitted/scissors_3874.npy
scissors,scissors_3905,test,./dataset/skeleton_final_v2/scissors/scissors_3905.npy,./batch_scissors/fitted/scissors_3905.npy
scissors,scissors_422,test,./dataset/skeleton_final_v2/scissors/scissors_422.npy,./batch_scissors/fitted/scissors_422.npy
scissors,scissors_434,test,./dataset/skeleton_final_v2/scissors/scissors_434.npy,./batch_scissors/fitted/scissors_434.npy
scissors,scissors_4615,test,./dataset/skeleton_final_v2/scissors/scissors_4615.npy,./batch_scissors/fitted/scissors_4615.npy
scissors,scissors_4627,test,./dataset/skeleton_final_v2/scissors/scissors_4627.npy,./batch_scissors/fitted/scissors_4627.npy
scissors,scissors_4671,test,./dataset/skeleton_final_v2/scissors/scissors_4671.npy,./batch_scissors/fitted/scissors_4671.npy
scissors,scissors_5175,test,./dataset/skeleton_final_v2/scissors/scissors_5175.npy,./batch_scissors/fitted/scissors_5175.npy
scissors,scissors_5190,test,./dataset/skeleton_final_v2/scissors/scissors_5190.npy,./batch_scissors/fitted/scissors_5190.npy
scissors,scissors_5193,test,./dataset/skeleton_final_v2/scissors/scissors_5193.npy,./batch_scissors/fitted/scissors_5193.npy
scissors,scissors_5229,test,./dataset/skeleton_final_v2/scissors/scissors_5229.npy,./batch_scissors/fitted/scissors_5229.npy
scissors,scissors_5484,test,./dataset/skeleton_final_v2/scissors/scissors_5484.npy,./batch_scissors/fitted/scissors_5484.npy
scissors,scissors_5735,test,./dataset/skeleton_final_v2/scissors/scissors_5735.npy,./batch_scissors/fitted/scissors_5735.npy
scissors,scissors_5744,test,./dataset/skeleton_final_v2/scissors/scissors_5744.npy,./batch_scissors/fitted/scissors_5744.npy
scissors,scissors_5749,test,./dataset/skeleton_final_v2/scissors/scissors_5749.npy,./batch_scissors/fitted/scissors_5749.npy
scissors,scissors_5753,test,./dataset/skeleton_final_v2/scissors/scissors_5753.npy,./batch_scissors/fitted/scissors_5753.npy
scissors,scissors_6145,test,./dataset/skeleton_final_v2/scissors/scissors_6145.npy,./batch_scissors/fitted/scissors_6145.npy
scissors,scissors_6161,test,./dataset/skeleton_final_v2/scissors/scissors_6161.npy,./batch_scissors/fitted/scissors_6161.npy
scissors,scissors_6168,test,./dataset/skeleton_final_v2/scissors/scissors_6168.npy,./batch_scissors/fitted/scissors_6168.npy
scissors,scissors_6368,test,./dataset/skeleton_final_v2/scissors/scissors_6368.npy,./batch_scissors/fitted/scissors_6368.npy
scissors,scissors_6375,test,./dataset/skeleton_final_v2/scissors/scissors_6375.npy,./batch_scissors/fitted/scissors_6375.npy
scissors,scissors_6553,test,./dataset/skeleton_final_v2/scissors/scissors_6553.npy,./batch_scissors/fitted/scissors_6553.npy
scissors,scissors_6559,test,./dataset/skeleton_final_v2/scissors/scissors_6559.npy,./batch_scissors/fitted/scissors_6559.npy
scissors,scissors_6718,test,./dataset/skeleton_final_v2/scissors/scissors_6718.npy,./batch_scissors/fitted/scissors_6718.npy
scissors,scissors_6720,test,./dataset/skeleton_final_v2/scissors/scissors_6720.npy,./batch_scissors/fitted/scissors_6720.npy
scissors,scissors_6722,test,./dataset/skeleton_final_v2/scissors/scissors_6722.npy,./batch_scissors/fitted/scissors_6722.npy
scissors,scissors_6725,test,./dataset/skeleton_final_v2/scissors/scissors_6725.npy,./batch_scissors/fitted/scissors_6725.npy
scissors,scissors_6958,test,./dataset/skeleton_final_v2/scissors/scissors_6958.npy,./batch_scissors/fitted/scissors_6958.npy
scissors,scissors_6969,test,./dataset/skeleton_final_v2/scissors/scissors_6969.npy,./batch_scissors/fitted/scissors_6969.npy
scissors,scissors_7166,test,./dataset/skeleton_final_v2/scissors/scissors_7166.npy,./batch_scissors/fitted/scissors_7166.npy
scissors,scissors_7170,test,./dataset/skeleton_final_v2/scissors/scissors_7170.npy,./batch_scissors/fitted/scissors_7170.npy
scissors,scissors_7178,test,./dataset/skeleton_final_v2/scissors/scissors_7178.npy,./batch_scissors/fitted/scissors_7178.npy
scissors,scissors_7186,test,./dataset/skeleton_final_v2/scissors/scissors_7186.npy,./batch_scissors/fitted/scissors_7186.npy
scissors,scissors_766,test,./dataset/skeleton_final_v2/scissors/scissors_766.npy,./batch_scissors/fitted/scissors_766.npy
scissors,scissors_7970,test,./dataset/skeleton_final_v2/scissors/scissors_7970.npy,./batch_scissors/fitted/scissors_7970.npy
scissors,scissors_7972,test,./dataset/skeleton_final_v2/scissors/scissors_7972.npy,./batch_scissors/fitted/scissors_7972.npy
scissors,scissors_8010,test,./dataset/skeleton_final_v2/scissors/scissors_8010.npy,./batch_scissors/fitted/scissors_8010.npy
scissors,scissors_8450,test,./dataset/skeleton_final_v2/scissors/scissors_8450.npy,./batch_scissors/fitted/scissors_8450.npy
scissors,scissors_8776,test,./dataset/skeleton_final_v2/scissors/scissors_8776.npy,./batch_scissors/fitted/scissors_8776.npy
scissors,scissors_8782,test,./dataset/skeleton_final_v2/scissors/scissors_8782.npy,./batch_scissors/fitted/scissors_8782.npy
scissors,scissors_8810,test,./dataset/skeleton_final_v2/scissors/scissors_8810.npy,./batch_scissors/fitted/scissors_8810.npy
the-finger,the-finger (1),test,./dataset/skeleton_final_v2/the-finger/the-finger (1).npy,./batch_thefinger/fitted/the-finger (1).npy
the-finger,the-finger (119),test,./dataset/skeleton_final_v2/the-finger/the-finger (119).npy,./batch_thefinger/fitted/the-finger (119).npy
the-finger,the-finger (13),test,./dataset/skeleton_final_v2/the-finger/the-finger (13).npy,./batch_thefinger/fitted/the-finger (13).npy
the-finger,the-finger (135),test,./dataset/skeleton_final_v2/the-finger/the-finger (135).npy,./batch_thefinger/fitted/the-finger (135).npy
the-finger,the-finger (143),test,./dataset/skeleton_final_v2/the-finger/the-finger (143).npy,./batch_thefinger/fitted/the-finger (143).npy
the-finger,the-finger (145),test,./dataset/skeleton_final_v2/the-finger/the-finger (145).npy,./batch_thefinger/fitted/the-finger (145).npy
the-finger,the-finger (15),test,./dataset/skeleton_final_v2/the-finger/the-finger (15).npy,./batch_thefinger/fitted/the-finger (15).npy
the-finger,the-finger (5),test,./dataset/skeleton_final_v2/the-finger/the-finger (5).npy,./batch_thefinger/fitted/the-finger (5).npy
the-finger,the-finger (54),test,./dataset/skeleton_final_v2/the-finger/the-finger (54).npy,./batch_thefinger/fitted/the-finger (54).npy
the-finger,the-finger (59),test,./dataset/skeleton_final_v2/the-finger/the-finger (59).npy,./batch_thefinger/fitted/the-finger (59).npy
the-finger,the-finger (60),test,./dataset/skeleton_final_v2/the-finger/the-finger (60).npy,./batch_thefinger/fitted/the-finger (60).npy
the-finger,the-finger (61),test,./dataset/skeleton_final_v2/the-finger/the-finger (61).npy,./batch_thefinger/fitted/the-finger (61).npy
the-finger,the-finger (64),test,./dataset/skeleton_final_v2/the-finger/the-finger (64).npy,./batch_thefinger/fitted/the-finger (64).npy
the-finger,the-finger (70),test,./dataset/skeleton_final_v2/the-finger/the-finger (70).npy,./batch_thefinger/fitted/the-finger (70).npy
the-finger,the-finger (71),test,./dataset/skeleton_final_v2/the-finger/the-finger (71).npy,./batch_thefinger/fitted/the-finger (71).npy
the-finger,the-finger (85),test,./dataset/skeleton_final_v2/the-finger/the-finger (85).npy,./batch_thefinger/fitted/the-finger (85).npy
the-finger,the-finger-set2 (1),test,./dataset/skeleton_final_v2/the-finger/the-finger-set2 (1).npy,./batch_thefinger/fitted/the-finger-set2 (1).npy
the-finger,the-finger-set2 (102),test,./dataset/skeleton_final_v2/the-finger/the-finger-set2 (102).npy,./batch_thefinger/fitted/the-finger-set2 (102).npy
the-finger,the-finger-set2 (108),test,./dataset/skeleton_final_v2/the-finger/the-finger-set2 (108).npy,./batch_thefinger/fitted/the-finger-set2 (108).npy
the-finger,the-finger-set2 (133),test,./dataset/skeleton_final_v2/the-finger/the-finger-set2 (133).npy,./batch_thefinger/fitted/the-finger-set2 (133).npy
the-finger,the-finger-set2 (135),test,./dataset/skeleton_final_v2/the-finger/the-finger-set2 (135).npy,./batch_thefinger/fitted/the-finger-set2 (135).npy
the-finger,the-finger-set2 (155),test,./dataset/skeleton_final_v2/the-finger/the-finger-set2 (155).npy,./batch_thefinger/fitted/the-finger-set2 (155).npy
the-finger,the-finger-set2 (156),test,./dataset/skeleton_final_v2/the-finger/the-finger-set2 (156).npy,./batch_thefinger/fitted/the-finger-set2 (156).npy
the-finger,the-finger-set2 (165),test,./dataset/skeleton_final_v2/the-finger/the-finger-set2 (165).npy,./batch_thefinger/fitted/the-finger-set2 (165).npy
the-finger,the-finger-set2 (177),test,./dataset/skeleton_final_v2/the-finger/the-finger-set2 (177).npy,./batch_thefinger/fitted/the-finger-set2 (177).npy
the-finger,the-finger-set2 (178),test,./dataset/skeleton_final_v2/the-finger/the-finger-set2 (178).npy,./batch_thefinger/fitted/the-finger-set2 (178).npy
the-finger,the-finger-set2 (2),test,./dataset/skeleton_final_v2/the-finger/the-finger-set2 (2).npy,./batch_thefinger/fitted/the-finger-set2 (2).npy
the-finger,the-finger-set2 (20),test,./dataset/skeleton_final_v2/the-finger/the-finger-set2 (20).npy,./batch_thefinger/fitted/the-finger-set2 (20).npy
the-finger,the-finger-set2 (201),test,./dataset/skeleton_final_v2/the-finger/the-finger-set2 (201).npy,./batch_thefinger/fitted/the-finger-set2 (201).npy
the-finger,the-finger-set2 (208),test,./dataset/skeleton_final_v2/the-finger/the-finger-set2 (208).npy,./batch_thefinger/fitted/the-finger-set2 (208).npy
the-finger,the-finger-set2 (217),test,./dataset/skeleton_final_v2/the-finger/the-finger-set2 (217).npy,./batch_thefinger/fitted/the-finger-set2 (217).npy
the-finger,the-finger-set2 (222),test,./dataset/skeleton_final_v2/the-finger/the-finger-set2 (222).npy,./batch_thefinger/fitted/the-finger-set2 (222).npy
the-finger,the-finger-set2 (229),test,./dataset/skeleton_final_v2/the-finger/the-finger-set2 (229).npy,./batch_thefinger/fitted/the-finger-set2 (229).npy
the-finger,the-finger-set2 (234),test,./dataset/skeleton_final_v2/the-finger/the-finger-set2 (234).npy,./batch_thefinger/fitted/the-finger-set2 (234).npy
the-finger,the-finger-set2 (239),test,./dataset/skeleton_final_v2/the-finger/the-finger-set2 (239).npy,./batch_thefinger/fitted/the-finger-set2 (239).npy
the-finger,the-finger-set2 (246),test,./dataset/skeleton_final_v2/the-finger/the-finger-set2 (246).npy,./batch_thefinger/fitted/the-finger-set2 (246).npy
the-finger,the-finger-set2 (249),test,./dataset/skeleton_final_v2/the-finger/the-finger-set2 (249).npy,./batch_thefinger/fitted/the-finger-set2 (249).npy
the-finger,the-finger-set2 (254),test,./dataset/skeleton_final_v2/the-finger/the-finger-set2 (254).npy,./batch_thefinger/fitted/the-finger-set2 (254).npy
the-finger,the-finger-set2 (262),test,./dataset/skeleton_final_v2/the-finger/the-finger-set2 (262).npy,./batch_thefinger/fitted/the-finger-set2 (262).npy
the-finger,the-finger-set2 (29),test,./dataset/skeleton_final_v2/the-finger/the-finger-set2 (29).npy,./batch_thefinger/fitted/the-finger-set2 (29).npy
the-finger,the-finger-set2 (297),test,./dataset/skeleton_final_v2/the-finger/the-finger-set2 (297).npy,./batch_thefinger/fitted/the-finger-set2 (297).npy
the-finger,the-finger-set2 (309),test,./dataset/skeleton_final_v2/the-finger/the-finger-set2 (309).npy,./batch_thefinger/fitted/the-finger-set2 (309).npy
the-finger,the-finger-set2 (316),test,./dataset/skeleton_final_v2/the-finger/the-finger-set2 (316).npy,./batch_thefinger/fitted/the-finger-set2 (316).npy
the-finger,the-finger-set2 (318),test,./dataset/skeleton_final_v2/the-finger/the-finger-set2 (318).npy,./batch_thefinger/fitted/the-finger-set2 (318).npy
the-finger,the-finger-set2 (330),test,./dataset/skeleton_final_v2/the-finger/the-finger-set2 (330).npy,./batch_thefinger/fitted/the-finger-set2 (330).npy
the-finger,the-finger-set2 (342),test,./dataset/skeleton_final_v2/the-finger/the-finger-set2 (342).npy,./batch_thefinger/fitted/the-finger-set2 (342).npy
the-finger,the-finger-set2 (352),test,./dataset/skeleton_final_v2/the-finger/the-finger-set2 (352).npy,./batch_thefinger/fitted/the-finger-set2 (352).npy
the-finger,the-finger-set2 (354),test,./dataset/skeleton_final_v2/the-finger/the-finger-set2 (354).npy,./batch_thefinger/fitted/the-finger-set2 (354).npy
the-finger,the-finger-set2 (364),test,./dataset/skeleton_final_v2/the-finger/the-finger-set2 (364).npy,./batch_thefinger/fitted/the-finger-set2 (364).npy
the-finger,the-finger-set2 (371),test,./dataset/skeleton_final_v2/the-finger/the-finger-set2 (371).npy,./batch_thefinger/fitted/the-finger-set2 (371).npy
the-finger,the-finger-set2 (383),test,./dataset/skeleton_final_v2/the-finger/the-finger-set2 (383).npy,./batch_thefinger/fitted/the-finger-set2 (383).npy
the-finger,the-finger-set2 (386),test,./dataset/skeleton_final_v2/the-finger/the-finger-set2 (386).npy,./batch_thefinger/fitted/the-finger-set2 (386).npy
the-finger,the-finger-set2 (387),test,./dataset/skeleton_final_v2/the-finger/the-finger-set2 (387).npy,./batch_thefinger/fitted/the-finger-set2 (387).npy
the-finger,the-finger-set2 (389),test,./dataset/skeleton_final_v2/the-finger/the-finger-set2 (389).npy,./batch_thefinger/fitted/the-finger-set2 (389).npy
the-finger,the-finger-set2 (40),test,./dataset/skeleton_final_v2/the-finger/the-finger-set2 (40).npy,./batch_thefinger/fitted/the-finger-set2 (40).npy
the-finger,the-finger-set2 (408),test,./dataset/skeleton_final_v2/the-finger/the-finger-set2 (408).npy,./batch_thefinger/fitted/the-finger-set2 (408).npy
the-finger,the-finger-set2 (413),test,./dataset/skeleton_final_v2/the-finger/the-finger-set2 (413).npy,./batch_thefinger/fitted/the-finger-set2 (413).npy
the-finger,the-finger-set2 (420),test,./dataset/skeleton_final_v2/the-finger/the-finger-set2 (420).npy,./batch_thefinger/fitted/the-finger-set2 (420).npy
the-finger,the-finger-set2 (421),test,./dataset/skeleton_final_v2/the-finger/the-finger-set2 (421).npy,./batch_thefinger/fitted/the-finger-set2 (421).npy
the-finger,the-finger-set2 (423),test,./dataset/skeleton_final_v2/the-finger/the-finger-set2 (423).npy,./batch_thefinger/fitted/the-finger-set2 (423).npy
the-finger,the-finger-set2 (436),test,./dataset/skeleton_final_v2/the-finger/the-finger-set2 (436).npy,./batch_thefinger/fitted/the-finger-set2 (436).npy
the-finger,the-finger-set2 (67),test,./dataset/skeleton_final_v2/the-finger/the-finger-set2 (67).npy,./batch_thefinger/fitted/the-finger-set2 (67).npy
the-finger,the-finger-set2 (71),test,./dataset/skeleton_final_v2/the-finger/the-finger-set2 (71).npy,./batch_thefinger/fitted/the-finger-set2 (71).npy
the-finger,the-finger-set2 (79),test,./dataset/skeleton_final_v2/the-finger/the-finger-set2 (79).npy,./batch_thefinger/fitted/the-finger-set2 (79).npy
the-finger,the-finger-set2 (86),test,./dataset/skeleton_final_v2/the-finger/the-finger-set2 (86).npy,./batch_thefinger/fitted/the-finger-set2 (86).npy
the-finger,the-finger-set2 (90),test,./dataset/skeleton_final_v2/the-finger/the-finger-set2 (90).npy,./batch_thefinger/fitted/the-finger-set2 (90).npy
the-finger,the-finger-set2 (92),test,./dataset/skeleton_final_v2/the-finger/the-finger-set2 (92).npy,./batch_thefinger/fitted/the-finger-set2 (92).npy
the-finger,the-finger-set2 (95),test,./dataset/skeleton_final_v2/the-finger/the-finger-set2 (95).npy,./batch_thefinger/fitted/the-finger-set2 (95).npy
the-finger,the-finger_1345,test,./dataset/skeleton_final_v2/the-finger/the-finger_1345.npy,./batch_thefinger/fitted/the-finger_1345.npy
the-finger,the-finger_1366,test,./dataset/skeleton_final_v2/the-finger/the-finger_1366.npy,./batch_thefinger/fitted/the-finger_1366.npy
the-finger,the-finger_2250,test,./dataset/skeleton_final_v2/the-finger/the-finger_2250.npy,./batch_thefinger/fitted/the-finger_2250.npy
the-finger,the-finger_2254,test,./dataset/skeleton_final_v2/the-finger/the-finger_2254.npy,./batch_thefinger/fitted/the-finger_2254.npy
the-finger,the-finger_233,test,./dataset/skeleton_final_v2/the-finger/the-finger_233.npy,./batch_thefinger/fitted/the-finger_233.npy
the-finger,the-finger_3466,test,./dataset/skeleton_final_v2/the-finger/the-finger_3466.npy,./batch_thefinger/fitted/the-finger_3466.npy
the-finger,the-finger_3486,test,./dataset/skeleton_final_v2/the-finger/the-finger_3486.npy,./batch_thefinger/fitted/the-finger_3486.npy
the-finger,the-finger_3507,test,./dataset/skeleton_final_v2/the-finger/the-finger_3507.npy,./batch_thefinger/fitted/the-finger_3507.npy
the-finger,the-finger_3517,test,./dataset/skeleton_final_v2/the-finger/the-finger_3517.npy,./batch_thefinger/fitted/the-finger_3517.npy
the-finger,the-finger_5363,test,./dataset/skeleton_final_v2/the-finger/the-finger_5363.npy,./batch_thefinger/fitted/the-finger_5363.npy
the-finger,the-finger_5366,test,./dataset/skeleton_final_v2/the-finger/the-finger_5366.npy,./batch_thefinger/fitted/the-finger_5366.npy
the-finger,the-finger_6059,test,./dataset/skeleton_final_v2/the-finger/the-finger_6059.npy,./batch_thefinger/fitted/the-finger_6059.npy
the-finger,the-finger_6060,test,./dataset/skeleton_final_v2/the-finger/the-finger_6060.npy,./batch_thefinger/fitted/the-finger_6060.npy
the-finger,the-finger_6062,test,./dataset/skeleton_final_v2/the-finger/the-finger_6062.npy,./batch_thefinger/fitted/the-finger_6062.npy
the-finger,the-finger_6068,test,./dataset/skeleton_final_v2/the-finger/the-finger_6068.npy,./batch_thefinger/fitted/the-finger_6068.npy
the-finger,the-finger_6071,test,./dataset/skeleton_final_v2/the-finger/the-finger_6071.npy,./batch_thefinger/fitted/the-finger_6071.npy
the-finger,the-finger_6074,test,./dataset/skeleton_final_v2/the-finger/the-finger_6074.npy,./batch_thefinger/fitted/the-finger_6074.npy
the-finger,the-finger_6081,test,./dataset/skeleton_final_v2/the-finger/the-finger_6081.npy,./batch_thefinger/fitted/the-finger_6081.npy
the-finger,the-finger_616,test,./dataset/skeleton_final_v2/the-finger/the-finger_616.npy,./batch_thefinger/fitted/the-finger_616.npy
the-finger,the-finger_6274,test,./dataset/skeleton_final_v2/the-finger/the-finger_6274.npy,./batch_thefinger/fitted/the-finger_6274.npy
the-finger,the-finger_6287,test,./dataset/skeleton_final_v2/the-finger/the-finger_6287.npy,./batch_thefinger/fitted/the-finger_6287.npy
the-finger,the-finger_6297,test,./dataset/skeleton_final_v2/the-finger/the-finger_6297.npy,./batch_thefinger/fitted/the-finger_6297.npy
the-finger,the-finger_6299,test,./dataset/skeleton_final_v2/the-finger/the-finger_6299.npy,./batch_thefinger/fitted/the-finger_6299.npy
the-finger,the-finger_6301,test,./dataset/skeleton_final_v2/the-finger/the-finger_6301.npy,./batch_thefinger/fitted/the-finger_6301.npy
the-finger,the-finger_634,test,./dataset/skeleton_final_v2/the-finger/the-finger_634.npy,./batch_thefinger/fitted/the-finger_634.npy
the-finger,the-finger_6469,test,./dataset/skeleton_final_v2/the-finger/the-finger_6469.npy,./batch_thefinger/fitted/the-finger_6469.npy
the-finger,the-finger_6471,test,./dataset/skeleton_final_v2/the-finger/the-finger_6471.npy,./batch_thefinger/fitted/the-finger_6471.npy
the-finger,the-finger_6871,test,./dataset/skeleton_final_v2/the-finger/the-finger_6871.npy,./batch_thefinger/fitted/the-finger_6871.npy
the-finger,the-finger_6877,test,./dataset/skeleton_final_v2/the-finger/the-finger_6877.npy,./batch_thefinger/fitted/the-finger_6877.npy
the-finger,the-finger_7079,test,./dataset/skeleton_final_v2/the-finger/the-finger_7079.npy,./batch_thefinger/fitted/the-finger_7079.npy
the-finger,the-finger_7091,test,./dataset/skeleton_final_v2/the-finger/the-finger_7091.npy,./batch_thefinger/fitted/the-finger_7091.npy
the-finger,the-finger_7093,test,./dataset/skeleton_final_v2/the-finger/the-finger_7093.npy,./batch_thefinger/fitted/the-finger_7093.npy
the-finger,the-finger_7258,test,./dataset/skeleton_final_v2/the-finger/the-finger_7258.npy,./batch_thefinger/fitted/the-finger_7258.npy
the-finger,the-finger_7264,test,./dataset/skeleton_final_v2/the-finger/the-finger_7264.npy,./batch_thefinger/fitted/the-finger_7264.npy
the-finger,the-finger_7267,test,./dataset/skeleton_final_v2/the-finger/the-finger_7267.npy,./batch_thefinger/fitted/the-finger_7267.npy
the-finger,the-finger_7270,test,./dataset/skeleton_final_v2/the-finger/the-finger_7270.npy,./batch_thefinger/fitted/the-finger_7270.npy
the-finger,the-finger_7273,test,./dataset/skeleton_final_v2/the-finger/the-finger_7273.npy,./batch_thefinger/fitted/the-finger_7273.npy
the-finger,the-finger_7274,test,./dataset/skeleton_final_v2/the-finger/the-finger_7274.npy,./batch_thefinger/fitted/the-finger_7274.npy
the-finger,the-finger_7495,test,./dataset/skeleton_final_v2/the-finger/the-finger_7495.npy,./batch_thefinger/fitted/the-finger_7495.npy
the-finger,the-finger_7810,test,./dataset/skeleton_final_v2/the-finger/the-finger_7810.npy,./batch_thefinger/fitted/the-finger_7810.npy
the-finger,the-finger_7846,test,./dataset/skeleton_final_v2/the-finger/the-finger_7846.npy,./batch_thefinger/fitted/the-finger_7846.npy
the-finger,the-finger_8650,test,./dataset/skeleton_final_v2/the-finger/the-finger_8650.npy,./batch_thefinger/fitted/the-finger_8650.npy
the-finger,the-finger_878,test,./dataset/skeleton_final_v2/the-finger/the-finger_878.npy,./batch_thefinger/fitted/the-finger_878.npy
the-finger,the-finger_9058,test,./dataset/skeleton_final_v2/the-finger/the-finger_9058.npy,./batch_thefinger/fitted/the-finger_9058.npy
ok,ok (100),train,./dataset/skeleton_final_v2/ok/ok (100).npy,./batch_ok/fitted/ok (100).npy
ok,ok (102),train,./dataset/skeleton_final_v2/ok/ok (102).npy,./batch_ok/fitted/ok (102).npy
ok,ok (103),train,./dataset/skeleton_final_v2/ok/ok (103).npy,./batch_ok/fitted/ok (103).npy
ok,ok (105),train,./dataset/skeleton_final_v2/ok/ok (105).npy,./batch_ok/fitted/ok (105).npy
ok,ok (106),train,./dataset/skeleton_final_v2/ok/ok (106).npy,./batch_ok/fitted/ok (106).npy
ok,ok (107),train,./dataset/skeleton_final_v2/ok/ok (107).npy,./batch_ok/fitted/ok (107).npy
ok,ok (11),train,./dataset/skeleton_final_v2/ok/ok (11).npy,./batch_ok/fitted/ok (11).npy
ok,ok (110),train,./dataset/skeleton_final_v2/ok/ok (110).npy,./batch_ok/fitted/ok (110).npy
ok,ok (111),train,./dataset/skeleton_final_v2/ok/ok (111).npy,./batch_ok/fitted/ok (111).npy
ok,ok (113),train,./dataset/skeleton_final_v2/ok/ok (113).npy,./batch_ok/fitted/ok (113).npy
ok,ok (117),train,./dataset/skeleton_final_v2/ok/ok (117).npy,./batch_ok/fitted/ok (117).npy
ok,ok (118),train,./dataset/skeleton_final_v2/ok/ok (118).npy,./batch_ok/fitted/ok (118).npy
ok,ok (119),train,./dataset/skeleton_final_v2/ok/ok (119).npy,./batch_ok/fitted/ok (119).npy
ok,ok (12),train,./dataset/skeleton_final_v2/ok/ok (12).npy,./batch_ok/fitted/ok (12).npy
ok,ok (120),train,./dataset/skeleton_final_v2/ok/ok (120).npy,./batch_ok/fitted/ok (120).npy
ok,ok (124),train,./dataset/skeleton_final_v2/ok/ok (124).npy,./batch_ok/fitted/ok (124).npy
ok,ok (125),train,./dataset/skeleton_final_v2/ok/ok (125).npy,./batch_ok/fitted/ok (125).npy
ok,ok (126),train,./dataset/skeleton_final_v2/ok/ok (126).npy,./batch_ok/fitted/ok (126).npy
ok,ok (127),train,./dataset/skeleton_final_v2/ok/ok (127).npy,./batch_ok/fitted/ok (127).npy
ok,ok (128),train,./dataset/skeleton_final_v2/ok/ok (128).npy,./batch_ok/fitted/ok (128).npy
ok,ok (13),train,./dataset/skeleton_final_v2/ok/ok (13).npy,./batch_ok/fitted/ok (13).npy
ok,ok (130),train,./dataset/skeleton_final_v2/ok/ok (130).npy,./batch_ok/fitted/ok (130).npy
ok,ok (131),train,./dataset/skeleton_final_v2/ok/ok (131).npy,./batch_ok/fitted/ok (131).npy
ok,ok (132),train,./dataset/skeleton_final_v2/ok/ok (132).npy,./batch_ok/fitted/ok (132).npy
ok,ok (134),train,./dataset/skeleton_final_v2/ok/ok (134).npy,./batch_ok/fitted/ok (134).npy
ok,ok (143),train,./dataset/skeleton_final_v2/ok/ok (143).npy,./batch_ok/fitted/ok (143).npy
ok,ok (144),train,./dataset/skeleton_final_v2/ok/ok (144).npy,./batch_ok/fitted/ok (144).npy
ok,ok (145),train,./dataset/skeleton_final_v2/ok/ok (145).npy,./batch_ok/fitted/ok (145).npy
ok,ok (147),train,./dataset/skeleton_final_v2/ok/ok (147).npy,./batch_ok/fitted/ok (147).npy
ok,ok (148),train,./dataset/skeleton_final_v2/ok/ok (148).npy,./batch_ok/fitted/ok (148).npy
ok,ok (149),train,./dataset/skeleton_final_v2/ok/ok (149).npy,./batch_ok/fitted/ok (149).npy
ok,ok (150),train,./dataset/skeleton_final_v2/ok/ok (150).npy,./batch_ok/fitted/ok (150).npy
ok,ok (151),train,./dataset/skeleton_final_v2/ok/ok (151).npy,./batch_ok/fitted/ok (151).npy
ok,ok (153),train,./dataset/skeleton_final_v2/ok/ok (153).npy,./batch_ok/fitted/ok (153).npy
ok,ok (156),train,./dataset/skeleton_final_v2/ok/ok (156).npy,./batch_ok/fitted/ok (156).npy
ok,ok (157),train,./dataset/skeleton_final_v2/ok/ok (157).npy,./batch_ok/fitted/ok (157).npy
ok,ok (159),train,./dataset/skeleton_final_v2/ok/ok (159).npy,./batch_ok/fitted/ok (159).npy
ok,ok (16),train,./dataset/skeleton_final_v2/ok/ok (16).npy,./batch_ok/fitted/ok (16).npy
ok,ok (164),train,./dataset/skeleton_final_v2/ok/ok (164).npy,./batch_ok/fitted/ok (164).npy
ok,ok (167),train,./dataset/skeleton_final_v2/ok/ok (167).npy,./batch_ok/fitted/ok (167).npy
ok,ok (168),train,./dataset/skeleton_final_v2/ok/ok (168).npy,./batch_ok/fitted/ok (168).npy
ok,ok (169),train,./dataset/skeleton_final_v2/ok/ok (169).npy,./batch_ok/fitted/ok (169).npy
ok,ok (17),train,./dataset/skeleton_final_v2/ok/ok (17).npy,./batch_ok/fitted/ok (17).npy
ok,ok (170),train,./dataset/skeleton_final_v2/ok/ok (170).npy,./batch_ok/fitted/ok (170).npy
ok,ok (171),train,./dataset/skeleton_final_v2/ok/ok (171).npy,./batch_ok/fitted/ok (171).npy
ok,ok (172),train,./dataset/skeleton_final_v2/ok/ok (172).npy,./batch_ok/fitted/ok (172).npy
ok,ok (177),train,./dataset/skeleton_final_v2/ok/ok (177).npy,./batch_ok/fitted/ok (177).npy
ok,ok (180),train,./dataset/skeleton_final_v2/ok/ok (180).npy,./batch_ok/fitted/ok (180).npy
ok,ok (181),train,./dataset/skeleton_final_v2/ok/ok (181).npy,./batch_ok/fitted/ok (181).npy
ok,ok (182),train,./dataset/skeleton_final_v2/ok/ok (182).npy,./batch_ok/fitted/ok (182).npy
ok,ok (183),train,./dataset/skeleton_final_v2/ok/ok (183).npy,./batch_ok/fitted/ok (183).npy
ok,ok (185),train,./dataset/skeleton_final_v2/ok/ok (185).npy,./batch_ok/fitted/ok (185).npy
ok,ok (186),train,./dataset/skeleton_final_v2/ok/ok (186).npy,./batch_ok/fitted/ok (186).npy
ok,ok (189),train,./dataset/skeleton_final_v2/ok/ok (189).npy,./batch_ok/fitted/ok (189).npy
ok,ok (190),train,./dataset/skeleton_final_v2/ok/ok (190).npy,./batch_ok/fitted/ok (190).npy
ok,ok (193),train,./dataset/skeleton_final_v2/ok/ok (193).npy,./batch_ok/fitted/ok (193).npy
ok,ok (194),train,./dataset/skeleton_final_v2/ok/ok (194).npy,./batch_ok/fitted/ok (194).npy
ok,ok (195),train,./dataset/skeleton_final_v2/ok/ok (195).npy,./batch_ok/fitted/ok (195).npy
ok,ok (196),train,./dataset/skeleton_final_v2/ok/ok (196).npy,./batch_ok/fitted/ok (196).npy
ok,ok (197),train,./dataset/skeleton_final_v2/ok/ok (197).npy,./batch_ok/fitted/ok (197).npy
ok,ok (198),train,./dataset/skeleton_final_v2/ok/ok (198).npy,./batch_ok/fitted/ok (198).npy
ok,ok (199),train,./dataset/skeleton_final_v2/ok/ok (199).npy,./batch_ok/fitted/ok (199).npy
ok,ok (20),train,./dataset/skeleton_final_v2/ok/ok (20).npy,./batch_ok/fitted/ok (20).npy
ok,ok (200),train,./dataset/skeleton_final_v2/ok/ok (200).npy,./batch_ok/fitted/ok (200).npy
ok,ok (202),train,./dataset/skeleton_final_v2/ok/ok (202).npy,./batch_ok/fitted/ok (202).npy
ok,ok (203),train,./dataset/skeleton_final_v2/ok/ok (203).npy,./batch_ok/fitted/ok (203).npy
ok,ok (206),train,./dataset/skeleton_final_v2/ok/ok (206).npy,./batch_ok/fitted/ok (206).npy
ok,ok (209),train,./dataset/skeleton_final_v2/ok/ok (209).npy,./batch_ok/fitted/ok (209).npy
ok,ok (21),train,./dataset/skeleton_final_v2/ok/ok (21).npy,./batch_ok/fitted/ok (21).npy
ok,ok (213),train,./dataset/skeleton_final_v2/ok/ok (213).npy,./batch_ok/fitted/ok (213).npy
ok,ok (215),train,./dataset/skeleton_final_v2/ok/ok (215).npy,./batch_ok/fitted/ok (215).npy
ok,ok (216),train,./dataset/skeleton_final_v2/ok/ok (216).npy,./batch_ok/fitted/ok (216).npy
ok,ok (218),train,./dataset/skeleton_final_v2/ok/ok (218).npy,./batch_ok/fitted/ok (218).npy
ok,ok (220),train,./dataset/skeleton_final_v2/ok/ok (220).npy,./batch_ok/fitted/ok (220).npy
ok,ok (222),train,./dataset/skeleton_final_v2/ok/ok (222).npy,./batch_ok/fitted/ok (222).npy
ok,ok (224),train,./dataset/skeleton_final_v2/ok/ok (224).npy,./batch_ok/fitted/ok (224).npy
ok,ok (225),train,./dataset/skeleton_final_v2/ok/ok (225).npy,./batch_ok/fitted/ok (225).npy
ok,ok (226),train,./dataset/skeleton_final_v2/ok/ok (226).npy,./batch_ok/fitted/ok (226).npy
ok,ok (227),train,./dataset/skeleton_final_v2/ok/ok (227).npy,./batch_ok/fitted/ok (227).npy
ok,ok (229),train,./dataset/skeleton_final_v2/ok/ok (229).npy,./batch_ok/fitted/ok (229).npy
ok,ok (23),train,./dataset/skeleton_final_v2/ok/ok (23).npy,./batch_ok/fitted/ok (23).npy
ok,ok (233),train,./dataset/skeleton_final_v2/ok/ok (233).npy,./batch_ok/fitted/ok (233).npy
ok,ok (234),train,./dataset/skeleton_final_v2/ok/ok (234).npy,./batch_ok/fitted/ok (234).npy
ok,ok (236),train,./dataset/skeleton_final_v2/ok/ok (236).npy,./batch_ok/fitted/ok (236).npy
ok,ok (238),train,./dataset/skeleton_final_v2/ok/ok (238).npy,./batch_ok/fitted/ok (238).npy
ok,ok (239),train,./dataset/skeleton_final_v2/ok/ok (239).npy,./batch_ok/fitted/ok (239).npy
ok,ok (242),train,./dataset/skeleton_final_v2/ok/ok (242).npy,./batch_ok/fitted/ok (242).npy
ok,ok (243),train,./dataset/skeleton_final_v2/ok/ok (243).npy,./batch_ok/fitted/ok (243).npy
ok,ok (247),train,./dataset/skeleton_final_v2/ok/ok (247).npy,./batch_ok/fitted/ok (247).npy
ok,ok (248),train,./dataset/skeleton_final_v2/ok/ok (248).npy,./batch_ok/fitted/ok (248).npy
ok,ok (249),train,./dataset/skeleton_final_v2/ok/ok (249).npy,./batch_ok/fitted/ok (249).npy
ok,ok (25),train,./dataset/skeleton_final_v2/ok/ok (25).npy,./batch_ok/fitted/ok (25).npy
ok,ok (251),train,./dataset/skeleton_final_v2/ok/ok (251).npy,./batch_ok/fitted/ok (251).npy
ok,ok (256),train,./dataset/skeleton_final_v2/ok/ok (256).npy,./batch_ok/fitted/ok (256).npy
ok,ok (258),train,./dataset/skeleton_final_v2/ok/ok (258).npy,./batch_ok/fitted/ok (258).npy
ok,ok (259),train,./dataset/skeleton_final_v2/ok/ok (259).npy,./batch_ok/fitted/ok (259).npy
ok,ok (261),train,./dataset/skeleton_final_v2/ok/ok (261).npy,./batch_ok/fitted/ok (261).npy
ok,ok (28),train,./dataset/skeleton_final_v2/ok/ok (28).npy,./batch_ok/fitted/ok (28).npy
ok,ok (29),train,./dataset/skeleton_final_v2/ok/ok (29).npy,./batch_ok/fitted/ok (29).npy
ok,ok (31),train,./dataset/skeleton_final_v2/ok/ok (31).npy,./batch_ok/fitted/ok (31).npy
ok,ok (34),train,./dataset/skeleton_final_v2/ok/ok (34).npy,./batch_ok/fitted/ok (34).npy
ok,ok (35),train,./dataset/skeleton_final_v2/ok/ok (35).npy,./batch_ok/fitted/ok (35).npy
ok,ok (36),train,./dataset/skeleton_final_v2/ok/ok (36).npy,./batch_ok/fitted/ok (36).npy
ok,ok (38),train,./dataset/skeleton_final_v2/ok/ok (38).npy,./batch_ok/fitted/ok (38).npy
ok,ok (39),train,./dataset/skeleton_final_v2/ok/ok (39).npy,./batch_ok/fitted/ok (39).npy
ok,ok (40),train,./dataset/skeleton_final_v2/ok/ok (40).npy,./batch_ok/fitted/ok (40).npy
ok,ok (42),train,./dataset/skeleton_final_v2/ok/ok (42).npy,./batch_ok/fitted/ok (42).npy
ok,ok (5),train,./dataset/skeleton_final_v2/ok/ok (5).npy,./batch_ok/fitted/ok (5).npy
ok,ok (51),train,./dataset/skeleton_final_v2/ok/ok (51).npy,./batch_ok/fitted/ok (51).npy
ok,ok (56),train,./dataset/skeleton_final_v2/ok/ok (56).npy,./batch_ok/fitted/ok (56).npy
ok,ok (57),train,./dataset/skeleton_final_v2/ok/ok (57).npy,./batch_ok/fitted/ok (57).npy
ok,ok (62),train,./dataset/skeleton_final_v2/ok/ok (62).npy,./batch_ok/fitted/ok (62).npy
ok,ok (63),train,./dataset/skeleton_final_v2/ok/ok (63).npy,./batch_ok/fitted/ok (63).npy
ok,ok (65),train,./dataset/skeleton_final_v2/ok/ok (65).npy,./batch_ok/fitted/ok (65).npy
ok,ok (67),train,./dataset/skeleton_final_v2/ok/ok (67).npy,./batch_ok/fitted/ok (67).npy
ok,ok (7),train,./dataset/skeleton_final_v2/ok/ok (7).npy,./batch_ok/fitted/ok (7).npy
ok,ok (73),train,./dataset/skeleton_final_v2/ok/ok (73).npy,./batch_ok/fitted/ok (73).npy
ok,ok (76),train,./dataset/skeleton_final_v2/ok/ok (76).npy,./batch_ok/fitted/ok (76).npy
ok,ok (78),train,./dataset/skeleton_final_v2/ok/ok (78).npy,./batch_ok/fitted/ok (78).npy
ok,ok (79),train,./dataset/skeleton_final_v2/ok/ok (79).npy,./batch_ok/fitted/ok (79).npy
ok,ok (81),train,./dataset/skeleton_final_v2/ok/ok (81).npy,./batch_ok/fitted/ok (81).npy
ok,ok (82),train,./dataset/skeleton_final_v2/ok/ok (82).npy,./batch_ok/fitted/ok (82).npy
ok,ok (83),train,./dataset/skeleton_final_v2/ok/ok (83).npy,./batch_ok/fitted/ok (83).npy
ok,ok (86),train,./dataset/skeleton_final_v2/ok/ok (86).npy,./batch_ok/fitted/ok (86).npy
ok,ok (89),train,./dataset/skeleton_final_v2/ok/ok (89).npy,./batch_ok/fitted/ok (89).npy
ok,ok (9),train,./dataset/skeleton_final_v2/ok/ok (9).npy,./batch_ok/fitted/ok (9).npy
ok,ok (90),train,./dataset/skeleton_final_v2/ok/ok (90).npy,./batch_ok/fitted/ok (90).npy
ok,ok (92),train,./dataset/skeleton_final_v2/ok/ok (92).npy,./batch_ok/fitted/ok (92).npy
ok,ok (94),train,./dataset/skeleton_final_v2/ok/ok (94).npy,./batch_ok/fitted/ok (94).npy
ok,ok (95),train,./dataset/skeleton_final_v2/ok/ok (95).npy,./batch_ok/fitted/ok (95).npy
ok,ok (96),train,./dataset/skeleton_final_v2/ok/ok (96).npy,./batch_ok/fitted/ok (96).npy
ok,ok (98),train,./dataset/skeleton_final_v2/ok/ok (98).npy,./batch_ok/fitted/ok (98).npy
ok,ok (99),train,./dataset/skeleton_final_v2/ok/ok (99).npy,./batch_ok/fitted/ok (99).npy
ok,ok_1127,train,./dataset/skeleton_final_v2/ok/ok_1127.npy,./batch_ok/fitted/ok_1127.npy
ok,ok_1129,train,./dataset/skeleton_final_v2/ok/ok_1129.npy,./batch_ok/fitted/ok_1129.npy
ok,ok_1155,train,./dataset/skeleton_final_v2/ok/ok_1155.npy,./batch_ok/fitted/ok_1155.npy
ok,ok_1165,train,./dataset/skeleton_final_v2/ok/ok_1165.npy,./batch_ok/fitted/ok_1165.npy
ok,ok_1175,train,./dataset/skeleton_final_v2/ok/ok_1175.npy,./batch_ok/fitted/ok_1175.npy
ok,ok_1189,train,./dataset/skeleton_final_v2/ok/ok_1189.npy,./batch_ok/fitted/ok_1189.npy
ok,ok_1193,train,./dataset/skeleton_final_v2/ok/ok_1193.npy,./batch_ok/fitted/ok_1193.npy
ok,ok_1197,train,./dataset/skeleton_final_v2/ok/ok_1197.npy,./batch_ok/fitted/ok_1197.npy
ok,ok_1201,train,./dataset/skeleton_final_v2/ok/ok_1201.npy,./batch_ok/fitted/ok_1201.npy
ok,ok_1203,train,./dataset/skeleton_final_v2/ok/ok_1203.npy,./batch_ok/fitted/ok_1203.npy
ok,ok_1207,train,./dataset/skeleton_final_v2/ok/ok_1207.npy,./batch_ok/fitted/ok_1207.npy
ok,ok_1530,train,./dataset/skeleton_final_v2/ok/ok_1530.npy,./batch_ok/fitted/ok_1530.npy
ok,ok_1534,train,./dataset/skeleton_final_v2/ok/ok_1534.npy,./batch_ok/fitted/ok_1534.npy
ok,ok_1536,train,./dataset/skeleton_final_v2/ok/ok_1536.npy,./batch_ok/fitted/ok_1536.npy
ok,ok_1544,train,./dataset/skeleton_final_v2/ok/ok_1544.npy,./batch_ok/fitted/ok_1544.npy
ok,ok_1548,train,./dataset/skeleton_final_v2/ok/ok_1548.npy,./batch_ok/fitted/ok_1548.npy
ok,ok_1566,train,./dataset/skeleton_final_v2/ok/ok_1566.npy,./batch_ok/fitted/ok_1566.npy
ok,ok_1568,train,./dataset/skeleton_final_v2/ok/ok_1568.npy,./batch_ok/fitted/ok_1568.npy
ok,ok_1580,train,./dataset/skeleton_final_v2/ok/ok_1580.npy,./batch_ok/fitted/ok_1580.npy
ok,ok_1582,train,./dataset/skeleton_final_v2/ok/ok_1582.npy,./batch_ok/fitted/ok_1582.npy
ok,ok_1587,train,./dataset/skeleton_final_v2/ok/ok_1587.npy,./batch_ok/fitted/ok_1587.npy
ok,ok_1588,train,./dataset/skeleton_final_v2/ok/ok_1588.npy,./batch_ok/fitted/ok_1588.npy
ok,ok_1590,train,./dataset/skeleton_final_v2/ok/ok_1590.npy,./batch_ok/fitted/ok_1590.npy
ok,ok_1592,train,./dataset/skeleton_final_v2/ok/ok_1592.npy,./batch_ok/fitted/ok_1592.npy
ok,ok_1612,train,./dataset/skeleton_final_v2/ok/ok_1612.npy,./batch_ok/fitted/ok_1612.npy
ok,ok_1929,train,./dataset/skeleton_final_v2/ok/ok_1929.npy,./batch_ok/fitted/ok_1929.npy
ok,ok_1931,train,./dataset/skeleton_final_v2/ok/ok_1931.npy,./batch_ok/fitted/ok_1931.npy
ok,ok_1933,train,./dataset/skeleton_final_v2/ok/ok_1933.npy,./batch_ok/fitted/ok_1933.npy
ok,ok_1937,train,./dataset/skeleton_final_v2/ok/ok_1937.npy,./batch_ok/fitted/ok_1937.npy
ok,ok_1947,train,./dataset/skeleton_final_v2/ok/ok_1947.npy,./batch_ok/fitted/ok_1947.npy
ok,ok_1961,train,./dataset/skeleton_final_v2/ok/ok_1961.npy,./batch_ok/fitted/ok_1961.npy
ok,ok_1967,train,./dataset/skeleton_final_v2/ok/ok_1967.npy,./batch_ok/fitted/ok_1967.npy
ok,ok_1969,train,./dataset/skeleton_final_v2/ok/ok_1969.npy,./batch_ok/fitted/ok_1969.npy
ok,ok_1983,train,./dataset/skeleton_final_v2/ok/ok_1983.npy,./batch_ok/fitted/ok_1983.npy
ok,ok_1993,train,./dataset/skeleton_final_v2/ok/ok_1993.npy,./batch_ok/fitted/ok_1993.npy
ok,ok_1997,train,./dataset/skeleton_final_v2/ok/ok_1997.npy,./batch_ok/fitted/ok_1997.npy
ok,ok_1999,train,./dataset/skeleton_final_v2/ok/ok_1999.npy,./batch_ok/fitted/ok_1999.npy
ok,ok_2001,train,./dataset/skeleton_final_v2/ok/ok_2001.npy,./batch_ok/fitted/ok_2001.npy
ok,ok_2003,train,./dataset/skeleton_final_v2/ok/ok_2003.npy,./batch_ok/fitted/ok_2003.npy
ok,ok_2005,train,./dataset/skeleton_final_v2/ok/ok_2005.npy,./batch_ok/fitted/ok_2005.npy
ok,ok_2015,train,./dataset/skeleton_final_v2/ok/ok_2015.npy,./batch_ok/fitted/ok_2015.npy
ok,ok_2017,train,./dataset/skeleton_final_v2/ok/ok_2017.npy,./batch_ok/fitted/ok_2017.npy
ok,ok_2021,train,./dataset/skeleton_final_v2/ok/ok_2021.npy,./batch_ok/fitted/ok_2021.npy
ok,ok_2482,train,./dataset/skeleton_final_v2/ok/ok_2482.npy,./batch_ok/fitted/ok_2482.npy
ok,ok_2485,train,./dataset/skeleton_final_v2/ok/ok_2485.npy,./batch_ok/fitted/ok_2485.npy
ok,ok_2491,train,./dataset/skeleton_final_v2/ok/ok_2491.npy,./batch_ok/fitted/ok_2491.npy
ok,ok_2497,train,./dataset/skeleton_final_v2/ok/ok_2497.npy,./batch_ok/fitted/ok_2497.npy
ok,ok_2626,train,./dataset/skeleton_final_v2/ok/ok_2626.npy,./batch_ok/fitted/ok_2626.npy
ok,ok_2629,train,./dataset/skeleton_final_v2/ok/ok_2629.npy,./batch_ok/fitted/ok_2629.npy
ok,ok_2631,train,./dataset/skeleton_final_v2/ok/ok_2631.npy,./batch_ok/fitted/ok_2631.npy
ok,ok_2640,train,./dataset/skeleton_final_v2/ok/ok_2640.npy,./batch_ok/fitted/ok_2640.npy
ok,ok_2656,train,./dataset/skeleton_final_v2/ok/ok_2656.npy,./batch_ok/fitted/ok_2656.npy
ok,ok_2659,train,./dataset/skeleton_final_v2/ok/ok_2659.npy,./batch_ok/fitted/ok_2659.npy
ok,ok_2662,train,./dataset/skeleton_final_v2/ok/ok_2662.npy,./batch_ok/fitted/ok_2662.npy
ok,ok_2682,train,./dataset/skeleton_final_v2/ok/ok_2682.npy,./batch_ok/fitted/ok_2682.npy
ok,ok_2684,train,./dataset/skeleton_final_v2/ok/ok_2684.npy,./batch_ok/fitted/ok_2684.npy
ok,ok_2686,train,./dataset/skeleton_final_v2/ok/ok_2686.npy,./batch_ok/fitted/ok_2686.npy
ok,ok_2692,train,./dataset/skeleton_final_v2/ok/ok_2692.npy,./batch_ok/fitted/ok_2692.npy
ok,ok_2704,train,./dataset/skeleton_final_v2/ok/ok_2704.npy,./batch_ok/fitted/ok_2704.npy
ok,ok_2719,train,./dataset/skeleton_final_v2/ok/ok_2719.npy,./batch_ok/fitted/ok_2719.npy
ok,ok_2725,train,./dataset/skeleton_final_v2/ok/ok_2725.npy,./batch_ok/fitted/ok_2725.npy
ok,ok_2739,train,./dataset/skeleton_final_v2/ok/ok_2739.npy,./batch_ok/fitted/ok_2739.npy
ok,ok_2742,train,./dataset/skeleton_final_v2/ok/ok_2742.npy,./batch_ok/fitted/ok_2742.npy
ok,ok_2744,train,./dataset/skeleton_final_v2/ok/ok_2744.npy,./batch_ok/fitted/ok_2744.npy
ok,ok_2747,train,./dataset/skeleton_final_v2/ok/ok_2747.npy,./batch_ok/fitted/ok_2747.npy
ok,ok_2753,train,./dataset/skeleton_final_v2/ok/ok_2753.npy,./batch_ok/fitted/ok_2753.npy
ok,ok_2765,train,./dataset/skeleton_final_v2/ok/ok_2765.npy,./batch_ok/fitted/ok_2765.npy
ok,ok_2777,train,./dataset/skeleton_final_v2/ok/ok_2777.npy,./batch_ok/fitted/ok_2777.npy
ok,ok_2794,train,./dataset/skeleton_final_v2/ok/ok_2794.npy,./batch_ok/fitted/ok_2794.npy
ok,ok_2799,train,./dataset/skeleton_final_v2/ok/ok_2799.npy,./batch_ok/fitted/ok_2799.npy
ok,ok_2812,train,./dataset/skeleton_final_v2/ok/ok_2812.npy,./batch_ok/fitted/ok_2812.npy
ok,ok_2833,train,./dataset/skeleton_final_v2/ok/ok_2833.npy,./batch_ok/fitted/ok_2833.npy
ok,ok_2838,train,./dataset/skeleton_final_v2/ok/ok_2838.npy,./batch_ok/fitted/ok_2838.npy
ok,ok_2844,train,./dataset/skeleton_final_v2/ok/ok_2844.npy,./batch_ok/fitted/ok_2844.npy
ok,ok_2847,train,./dataset/skeleton_final_v2/ok/ok_2847.npy,./batch_ok/fitted/ok_2847.npy
ok,ok_2848,train,./dataset/skeleton_final_v2/ok/ok_2848.npy,./batch_ok/fitted/ok_2848.npy
ok,ok_2850,train,./dataset/skeleton_final_v2/ok/ok_2850.npy,./batch_ok/fitted/ok_2850.npy
ok,ok_2851,train,./dataset/skeleton_final_v2/ok/ok_2851.npy,./batch_ok/fitted/ok_2851.npy
ok,ok_2857,train,./dataset/skeleton_final_v2/ok/ok_2857.npy,./batch_ok/fitted/ok_2857.npy
ok,ok_2865,train,./dataset/skeleton_final_v2/ok/ok_2865.npy,./batch_ok/fitted/ok_2865.npy
ok,ok_2874,train,./dataset/skeleton_final_v2/ok/ok_2874.npy,./batch_ok/fitted/ok_2874.npy
ok,ok_2876,train,./dataset/skeleton_final_v2/ok/ok_2876.npy,./batch_ok/fitted/ok_2876.npy
ok,ok_2879,train,./dataset/skeleton_final_v2/ok/ok_2879.npy,./batch_ok/fitted/ok_2879.npy
ok,ok_2880,train,./dataset/skeleton_final_v2/ok/ok_2880.npy,./batch_ok/fitted/ok_2880.npy
ok,ok_2882,train,./dataset/skeleton_final_v2/ok/ok_2882.npy,./batch_ok/fitted/ok_2882.npy
ok,ok_2885,train,./dataset/skeleton_final_v2/ok/ok_2885.npy,./batch_ok/fitted/ok_2885.npy
ok,ok_2887,train,./dataset/skeleton_final_v2/ok/ok_2887.npy,./batch_ok/fitted/ok_2887.npy
ok,ok_2888,train,./dataset/skeleton_final_v2/ok/ok_2888.npy,./batch_ok/fitted/ok_2888.npy
ok,ok_2891,train,./dataset/skeleton_final_v2/ok/ok_2891.npy,./batch_ok/fitted/ok_2891.npy
ok,ok_2892,train,./dataset/skeleton_final_v2/ok/ok_2892.npy,./batch_ok/fitted/ok_2892.npy
ok,ok_2893,train,./dataset/skeleton_final_v2/ok/ok_2893.npy,./batch_ok/fitted/ok_2893.npy
ok,ok_2896,train,./dataset/skeleton_final_v2/ok/ok_2896.npy,./batch_ok/fitted/ok_2896.npy
ok,ok_2897,train,./dataset/skeleton_final_v2/ok/ok_2897.npy,./batch_ok/fitted/ok_2897.npy
ok,ok_2899,train,./dataset/skeleton_final_v2/ok/ok_2899.npy,./batch_ok/fitted/ok_2899.npy
ok,ok_2902,train,./dataset/skeleton_final_v2/ok/ok_2902.npy,./batch_ok/fitted/ok_2902.npy
ok,ok_2905,train,./dataset/skeleton_final_v2/ok/ok_2905.npy,./batch_ok/fitted/ok_2905.npy
ok,ok_2911,train,./dataset/skeleton_final_v2/ok/ok_2911.npy,./batch_ok/fitted/ok_2911.npy
ok,ok_2922,train,./dataset/skeleton_final_v2/ok/ok_2922.npy,./batch_ok/fitted/ok_2922.npy
ok,ok_2926,train,./dataset/skeleton_final_v2/ok/ok_2926.npy,./batch_ok/fitted/ok_2926.npy
ok,ok_2934,train,./dataset/skeleton_final_v2/ok/ok_2934.npy,./batch_ok/fitted/ok_2934.npy
ok,ok_2935,train,./dataset/skeleton_final_v2/ok/ok_2935.npy,./batch_ok/fitted/ok_2935.npy
ok,ok_2938,train,./dataset/skeleton_final_v2/ok/ok_2938.npy,./batch_ok/fitted/ok_2938.npy
ok,ok_2939,train,./dataset/skeleton_final_v2/ok/ok_2939.npy,./batch_ok/fitted/ok_2939.npy
ok,ok_2941,train,./dataset/skeleton_final_v2/ok/ok_2941.npy,./batch_ok/fitted/ok_2941.npy
ok,ok_2944,train,./dataset/skeleton_final_v2/ok/ok_2944.npy,./batch_ok/fitted/ok_2944.npy
ok,ok_2945,train,./dataset/skeleton_final_v2/ok/ok_2945.npy,./batch_ok/fitted/ok_2945.npy
ok,ok_2946,train,./dataset/skeleton_final_v2/ok/ok_2946.npy,./batch_ok/fitted/ok_2946.npy
ok,ok_2947,train,./dataset/skeleton_final_v2/ok/ok_2947.npy,./batch_ok/fitted/ok_2947.npy
ok,ok_2951,train,./dataset/skeleton_final_v2/ok/ok_2951.npy,./batch_ok/fitted/ok_2951.npy
ok,ok_2952,train,./dataset/skeleton_final_v2/ok/ok_2952.npy,./batch_ok/fitted/ok_2952.npy
ok,ok_2953,train,./dataset/skeleton_final_v2/ok/ok_2953.npy,./batch_ok/fitted/ok_2953.npy
ok,ok_2954,train,./dataset/skeleton_final_v2/ok/ok_2954.npy,./batch_ok/fitted/ok_2954.npy
ok,ok_2957,train,./dataset/skeleton_final_v2/ok/ok_2957.npy,./batch_ok/fitted/ok_2957.npy
ok,ok_2958,train,./dataset/skeleton_final_v2/ok/ok_2958.npy,./batch_ok/fitted/ok_2958.npy
ok,ok_2960,train,./dataset/skeleton_final_v2/ok/ok_2960.npy,./batch_ok/fitted/ok_2960.npy
ok,ok_2965,train,./dataset/skeleton_final_v2/ok/ok_2965.npy,./batch_ok/fitted/ok_2965.npy
ok,ok_3953,train,./dataset/skeleton_final_v2/ok/ok_3953.npy,./batch_ok/fitted/ok_3953.npy
ok,ok_3957,train,./dataset/skeleton_final_v2/ok/ok_3957.npy,./batch_ok/fitted/ok_3957.npy
ok,ok_3972,train,./dataset/skeleton_final_v2/ok/ok_3972.npy,./batch_ok/fitted/ok_3972.npy
ok,ok_3974,train,./dataset/skeleton_final_v2/ok/ok_3974.npy,./batch_ok/fitted/ok_3974.npy
ok,ok_3987,train,./dataset/skeleton_final_v2/ok/ok_3987.npy,./batch_ok/fitted/ok_3987.npy
ok,ok_4009,train,./dataset/skeleton_final_v2/ok/ok_4009.npy,./batch_ok/fitted/ok_4009.npy
ok,ok_4013,train,./dataset/skeleton_final_v2/ok/ok_4013.npy,./batch_ok/fitted/ok_4013.npy
ok,ok_4015,train,./dataset/skeleton_final_v2/ok/ok_4015.npy,./batch_ok/fitted/ok_4015.npy
ok,ok_4017,train,./dataset/skeleton_final_v2/ok/ok_4017.npy,./batch_ok/fitted/ok_4017.npy
ok,ok_4019,train,./dataset/skeleton_final_v2/ok/ok_4019.npy,./batch_ok/fitted/ok_4019.npy
ok,ok_4028,train,./dataset/skeleton_final_v2/ok/ok_4028.npy,./batch_ok/fitted/ok_4028.npy
ok,ok_4046,train,./dataset/skeleton_final_v2/ok/ok_4046.npy,./batch_ok/fitted/ok_4046.npy
ok,ok_4048,train,./dataset/skeleton_final_v2/ok/ok_4048.npy,./batch_ok/fitted/ok_4048.npy
ok,ok_4059,train,./dataset/skeleton_final_v2/ok/ok_4059.npy,./batch_ok/fitted/ok_4059.npy
ok,ok_4084,train,./dataset/skeleton_final_v2/ok/ok_4084.npy,./batch_ok/fitted/ok_4084.npy
ok,ok_4100,train,./dataset/skeleton_final_v2/ok/ok_4100.npy,./batch_ok/fitted/ok_4100.npy
ok,ok_4104,train,./dataset/skeleton_final_v2/ok/ok_4104.npy,./batch_ok/fitted/ok_4104.npy
ok,ok_4106,train,./dataset/skeleton_final_v2/ok/ok_4106.npy,./batch_ok/fitted/ok_4106.npy
ok,ok_4110,train,./dataset/skeleton_final_v2/ok/ok_4110.npy,./batch_ok/fitted/ok_4110.npy
ok,ok_4112,train,./dataset/skeleton_final_v2/ok/ok_4112.npy,./batch_ok/fitted/ok_4112.npy
ok,ok_4868,train,./dataset/skeleton_final_v2/ok/ok_4868.npy,./batch_ok/fitted/ok_4868.npy
ok,ok_4870,train,./dataset/skeleton_final_v2/ok/ok_4870.npy,./batch_ok/fitted/ok_4870.npy
ok,ok_4917,train,./dataset/skeleton_final_v2/ok/ok_4917.npy,./batch_ok/fitted/ok_4917.npy
ok,ok_4961,train,./dataset/skeleton_final_v2/ok/ok_4961.npy,./batch_ok/fitted/ok_4961.npy
ok,ok_4965,train,./dataset/skeleton_final_v2/ok/ok_4965.npy,./batch_ok/fitted/ok_4965.npy
ok,ok_4969,train,./dataset/skeleton_final_v2/ok/ok_4969.npy,./batch_ok/fitted/ok_4969.npy
ok,ok_4973,train,./dataset/skeleton_final_v2/ok/ok_4973.npy,./batch_ok/fitted/ok_4973.npy
ok,ok_4989,train,./dataset/skeleton_final_v2/ok/ok_4989.npy,./batch_ok/fitted/ok_4989.npy
ok,ok_4991,train,./dataset/skeleton_final_v2/ok/ok_4991.npy,./batch_ok/fitted/ok_4991.npy
ok,ok_4998,train,./dataset/skeleton_final_v2/ok/ok_4998.npy,./batch_ok/fitted/ok_4998.npy
ok,ok_5251,train,./dataset/skeleton_final_v2/ok/ok_5251.npy,./batch_ok/fitted/ok_5251.npy
ok,ok_5253,train,./dataset/skeleton_final_v2/ok/ok_5253.npy,./batch_ok/fitted/ok_5253.npy
ok,ok_5255,train,./dataset/skeleton_final_v2/ok/ok_5255.npy,./batch_ok/fitted/ok_5255.npy
ok,ok_5257,train,./dataset/skeleton_final_v2/ok/ok_5257.npy,./batch_ok/fitted/ok_5257.npy
ok,ok_5289,train,./dataset/skeleton_final_v2/ok/ok_5289.npy,./batch_ok/fitted/ok_5289.npy
ok,ok_5290,train,./dataset/skeleton_final_v2/ok/ok_5290.npy,./batch_ok/fitted/ok_5290.npy
ok,ok_5291,train,./dataset/skeleton_final_v2/ok/ok_5291.npy,./batch_ok/fitted/ok_5291.npy
ok,ok_5516,train,./dataset/skeleton_final_v2/ok/ok_5516.npy,./batch_ok/fitted/ok_5516.npy
ok,ok_5520,train,./dataset/skeleton_final_v2/ok/ok_5520.npy,./batch_ok/fitted/ok_5520.npy
ok,ok_5522,train,./dataset/skeleton_final_v2/ok/ok_5522.npy,./batch_ok/fitted/ok_5522.npy
ok,ok_5524,train,./dataset/skeleton_final_v2/ok/ok_5524.npy,./batch_ok/fitted/ok_5524.npy
ok,ok_5536,train,./dataset/skeleton_final_v2/ok/ok_5536.npy,./batch_ok/fitted/ok_5536.npy
ok,ok_5538,train,./dataset/skeleton_final_v2/ok/ok_5538.npy,./batch_ok/fitted/ok_5538.npy
ok,ok_5556,train,./dataset/skeleton_final_v2/ok/ok_5556.npy,./batch_ok/fitted/ok_5556.npy
ok,ok_5558,train,./dataset/skeleton_final_v2/ok/ok_5558.npy,./batch_ok/fitted/ok_5558.npy
ok,ok_5760,train,./dataset/skeleton_final_v2/ok/ok_5760.npy,./batch_ok/fitted/ok_5760.npy
ok,ok_5761,train,./dataset/skeleton_final_v2/ok/ok_5761.npy,./batch_ok/fitted/ok_5761.npy
ok,ok_5762,train,./dataset/skeleton_final_v2/ok/ok_5762.npy,./batch_ok/fitted/ok_5762.npy
ok,ok_5769,train,./dataset/skeleton_final_v2/ok/ok_5769.npy,./batch_ok/fitted/ok_5769.npy
ok,ok_5771,train,./dataset/skeleton_final_v2/ok/ok_5771.npy,./batch_ok/fitted/ok_5771.npy
ok,ok_5772,train,./dataset/skeleton_final_v2/ok/ok_5772.npy,./batch_ok/fitted/ok_5772.npy
ok,ok_5775,train,./dataset/skeleton_final_v2/ok/ok_5775.npy,./batch_ok/fitted/ok_5775.npy
ok,ok_5776,train,./dataset/skeleton_final_v2/ok/ok_5776.npy,./batch_ok/fitted/ok_5776.npy
ok,ok_5779,train,./dataset/skeleton_final_v2/ok/ok_5779.npy,./batch_ok/fitted/ok_5779.npy
ok,ok_5781,train,./dataset/skeleton_final_v2/ok/ok_5781.npy,./batch_ok/fitted/ok_5781.npy
ok,ok_5782,train,./dataset/skeleton_final_v2/ok/ok_5782.npy,./batch_ok/fitted/ok_5782.npy
ok,ok_5783,train,./dataset/skeleton_final_v2/ok/ok_5783.npy,./batch_ok/fitted/ok_5783.npy
ok,ok_5939,train,./dataset/skeleton_final_v2/ok/ok_5939.npy,./batch_ok/fitted/ok_5939.npy
ok,ok_5940,train,./dataset/skeleton_final_v2/ok/ok_5940.npy,./batch_ok/fitted/ok_5940.npy
ok,ok_5942,train,./dataset/skeleton_final_v2/ok/ok_5942.npy,./batch_ok/fitted/ok_5942.npy
ok,ok_5943,train,./dataset/skeleton_final_v2/ok/ok_5943.npy,./batch_ok/fitted/ok_5943.npy
ok,ok_5945,train,./dataset/skeleton_final_v2/ok/ok_5945.npy,./batch_ok/fitted/ok_5945.npy
ok,ok_5946,train,./dataset/skeleton_final_v2/ok/ok_5946.npy,./batch_ok/fitted/ok_5946.npy
ok,ok_5947,train,./dataset/skeleton_final_v2/ok/ok_5947.npy,./batch_ok/fitted/ok_5947.npy
ok,ok_5948,train,./dataset/skeleton_final_v2/ok/ok_5948.npy,./batch_ok/fitted/ok_5948.npy
ok,ok_5949,train,./dataset/skeleton_final_v2/ok/ok_5949.npy,./batch_ok/fitted/ok_5949.npy
ok,ok_5951,train,./dataset/skeleton_final_v2/ok/ok_5951.npy,./batch_ok/fitted/ok_5951.npy
ok,ok_5953,train,./dataset/skeleton_final_v2/ok/ok_5953.npy,./batch_ok/fitted/ok_5953.npy
ok,ok_5954,train,./dataset/skeleton_final_v2/ok/ok_5954.npy,./batch_ok/fitted/ok_5954.npy
ok,ok_5955,train,./dataset/skeleton_final_v2/ok/ok_5955.npy,./batch_ok/fitted/ok_5955.npy
ok,ok_5959,train,./dataset/skeleton_final_v2/ok/ok_5959.npy,./batch_ok/fitted/ok_5959.npy
ok,ok_5961,train,./dataset/skeleton_final_v2/ok/ok_5961.npy,./batch_ok/fitted/ok_5961.npy
ok,ok_6170,train,./dataset/skeleton_final_v2/ok/ok_6170.npy,./batch_ok/fitted/ok_6170.npy
ok,ok_6171,train,./dataset/skeleton_final_v2/ok/ok_6171.npy,./batch_ok/fitted/ok_6171.npy
ok,ok_6172,train,./dataset/skeleton_final_v2/ok/ok_6172.npy,./batch_ok/fitted/ok_6172.npy
ok,ok_6173,train,./dataset/skeleton_final_v2/ok/ok_6173.npy,./batch_ok/fitted/ok_6173.npy
ok,ok_6174,train,./dataset/skeleton_final_v2/ok/ok_6174.npy,./batch_ok/fitted/ok_6174.npy
ok,ok_6175,train,./dataset/skeleton_final_v2/ok/ok_6175.npy,./batch_ok/fitted/ok_6175.npy
ok,ok_6176,train,./dataset/skeleton_final_v2/ok/ok_6176.npy,./batch_ok/fitted/ok_6176.npy
ok,ok_6179,train,./dataset/skeleton_final_v2/ok/ok_6179.npy,./batch_ok/fitted/ok_6179.npy
ok,ok_6180,train,./dataset/skeleton_final_v2/ok/ok_6180.npy,./batch_ok/fitted/ok_6180.npy
ok,ok_6181,train,./dataset/skeleton_final_v2/ok/ok_6181.npy,./batch_ok/fitted/ok_6181.npy
ok,ok_6183,train,./dataset/skeleton_final_v2/ok/ok_6183.npy,./batch_ok/fitted/ok_6183.npy
ok,ok_6184,train,./dataset/skeleton_final_v2/ok/ok_6184.npy,./batch_ok/fitted/ok_6184.npy
ok,ok_6186,train,./dataset/skeleton_final_v2/ok/ok_6186.npy,./batch_ok/fitted/ok_6186.npy
ok,ok_6187,train,./dataset/skeleton_final_v2/ok/ok_6187.npy,./batch_ok/fitted/ok_6187.npy
ok,ok_6188,train,./dataset/skeleton_final_v2/ok/ok_6188.npy,./batch_ok/fitted/ok_6188.npy
ok,ok_6383,train,./dataset/skeleton_final_v2/ok/ok_6383.npy,./batch_ok/fitted/ok_6383.npy
ok,ok_6386,train,./dataset/skeleton_final_v2/ok/ok_6386.npy,./batch_ok/fitted/ok_6386.npy
ok,ok_6387,train,./dataset/skeleton_final_v2/ok/ok_6387.npy,./batch_ok/fitted/ok_6387.npy
ok,ok_6394,train,./dataset/skeleton_final_v2/ok/ok_6394.npy,./batch_ok/fitted/ok_6394.npy
ok,ok_6397,train,./dataset/skeleton_final_v2/ok/ok_6397.npy,./batch_ok/fitted/ok_6397.npy
ok,ok_6399,train,./dataset/skeleton_final_v2/ok/ok_6399.npy,./batch_ok/fitted/ok_6399.npy
ok,ok_6401,train,./dataset/skeleton_final_v2/ok/ok_6401.npy,./batch_ok/fitted/ok_6401.npy
ok,ok_6568,train,./dataset/skeleton_final_v2/ok/ok_6568.npy,./batch_ok/fitted/ok_6568.npy
ok,ok_6571,train,./dataset/skeleton_final_v2/ok/ok_6571.npy,./batch_ok/fitted/ok_6571.npy
ok,ok_6572,train,./dataset/skeleton_final_v2/ok/ok_6572.npy,./batch_ok/fitted/ok_6572.npy
ok,ok_6574,train,./dataset/skeleton_final_v2/ok/ok_6574.npy,./batch_ok/fitted/ok_6574.npy
ok,ok_6577,train,./dataset/skeleton_final_v2/ok/ok_6577.npy,./batch_ok/fitted/ok_6577.npy
ok,ok_6578,train,./dataset/skeleton_final_v2/ok/ok_6578.npy,./batch_ok/fitted/ok_6578.npy
ok,ok_6579,train,./dataset/skeleton_final_v2/ok/ok_6579.npy,./batch_ok/fitted/ok_6579.npy
ok,ok_6581,train,./dataset/skeleton_final_v2/ok/ok_6581.npy,./batch_ok/fitted/ok_6581.npy
ok,ok_6583,train,./dataset/skeleton_final_v2/ok/ok_6583.npy,./batch_ok/fitted/ok_6583.npy
ok,ok_6584,train,./dataset/skeleton_final_v2/ok/ok_6584.npy,./batch_ok/fitted/ok_6584.npy
ok,ok_6586,train,./dataset/skeleton_final_v2/ok/ok_6586.npy,./batch_ok/fitted/ok_6586.npy
ok,ok_6587,train,./dataset/skeleton_final_v2/ok/ok_6587.npy,./batch_ok/fitted/ok_6587.npy
ok,ok_6588,train,./dataset/skeleton_final_v2/ok/ok_6588.npy,./batch_ok/fitted/ok_6588.npy
ok,ok_6752,train,./dataset/skeleton_final_v2/ok/ok_6752.npy,./batch_ok/fitted/ok_6752.npy
ok,ok_6973,train,./dataset/skeleton_final_v2/ok/ok_6973.npy,./batch_ok/fitted/ok_6973.npy
ok,ok_6975,train,./dataset/skeleton_final_v2/ok/ok_6975.npy,./batch_ok/fitted/ok_6975.npy
ok,ok_6976,train,./dataset/skeleton_final_v2/ok/ok_6976.npy,./batch_ok/fitted/ok_6976.npy
ok,ok_6979,train,./dataset/skeleton_final_v2/ok/ok_6979.npy,./batch_ok/fitted/ok_6979.npy
ok,ok_6982,train,./dataset/skeleton_final_v2/ok/ok_6982.npy,./batch_ok/fitted/ok_6982.npy
ok,ok_6985,train,./dataset/skeleton_final_v2/ok/ok_6985.npy,./batch_ok/fitted/ok_6985.npy
ok,ok_6986,train,./dataset/skeleton_final_v2/ok/ok_6986.npy,./batch_ok/fitted/ok_6986.npy
ok,ok_6988,train,./dataset/skeleton_final_v2/ok/ok_6988.npy,./batch_ok/fitted/ok_6988.npy
ok,ok_6990,train,./dataset/skeleton_final_v2/ok/ok_6990.npy,./batch_ok/fitted/ok_6990.npy
ok,ok_6992,train,./dataset/skeleton_final_v2/ok/ok_6992.npy,./batch_ok/fitted/ok_6992.npy
ok,ok_6994,train,./dataset/skeleton_final_v2/ok/ok_6994.npy,./batch_ok/fitted/ok_6994.npy
ok,ok_6995,train,./dataset/skeleton_final_v2/ok/ok_6995.npy,./batch_ok/fitted/ok_6995.npy
ok,ok_7002,train,./dataset/skeleton_final_v2/ok/ok_7002.npy,./batch_ok/fitted/ok_7002.npy
ok,ok_7003,train,./dataset/skeleton_final_v2/ok/ok_7003.npy,./batch_ok/fitted/ok_7003.npy
ok,ok_7004,train,./dataset/skeleton_final_v2/ok/ok_7004.npy,./batch_ok/fitted/ok_7004.npy
ok,ok_7005,train,./dataset/skeleton_final_v2/ok/ok_7005.npy,./batch_ok/fitted/ok_7005.npy
ok,ok_7009,train,./dataset/skeleton_final_v2/ok/ok_7009.npy,./batch_ok/fitted/ok_7009.npy
ok,ok_7010,train,./dataset/skeleton_final_v2/ok/ok_7010.npy,./batch_ok/fitted/ok_7010.npy
ok,ok_7011,train,./dataset/skeleton_final_v2/ok/ok_7011.npy,./batch_ok/fitted/ok_7011.npy
ok,ok_7012,train,./dataset/skeleton_final_v2/ok/ok_7012.npy,./batch_ok/fitted/ok_7012.npy
ok,ok_7015,train,./dataset/skeleton_final_v2/ok/ok_7015.npy,./batch_ok/fitted/ok_7015.npy
ok,ok_7019,train,./dataset/skeleton_final_v2/ok/ok_7019.npy,./batch_ok/fitted/ok_7019.npy
ok,ok_7020,train,./dataset/skeleton_final_v2/ok/ok_7020.npy,./batch_ok/fitted/ok_7020.npy
ok,ok_7022,train,./dataset/skeleton_final_v2/ok/ok_7022.npy,./batch_ok/fitted/ok_7022.npy
ok,ok_72,train,./dataset/skeleton_final_v2/ok/ok_72.npy,./batch_ok/fitted/ok_72.npy
ok,ok_73,train,./dataset/skeleton_final_v2/ok/ok_73.npy,./batch_ok/fitted/ok_73.npy
ok,ok_7365,train,./dataset/skeleton_final_v2/ok/ok_7365.npy,./batch_ok/fitted/ok_7365.npy
ok,ok_7385,train,./dataset/skeleton_final_v2/ok/ok_7385.npy,./batch_ok/fitted/ok_7385.npy
ok,ok_7387,train,./dataset/skeleton_final_v2/ok/ok_7387.npy,./batch_ok/fitted/ok_7387.npy
ok,ok_7389,train,./dataset/skeleton_final_v2/ok/ok_7389.npy,./batch_ok/fitted/ok_7389.npy
ok,ok_74,train,./dataset/skeleton_final_v2/ok/ok_74.npy,./batch_ok/fitted/ok_74.npy
ok,ok_75,train,./dataset/skeleton_final_v2/ok/ok_75.npy,./batch_ok/fitted/ok_75.npy
ok,ok_7674,train,./dataset/skeleton_final_v2/ok/ok_7674.npy,./batch_ok/fitted/ok_7674.npy
ok,ok_7676,train,./dataset/skeleton_final_v2/ok/ok_7676.npy,./batch_ok/fitted/ok_7676.npy
ok,ok_7677,train,./dataset/skeleton_final_v2/ok/ok_7677.npy,./batch_ok/fitted/ok_7677.npy
ok,ok_7681,train,./dataset/skeleton_final_v2/ok/ok_7681.npy,./batch_ok/fitted/ok_7681.npy
ok,ok_7683,train,./dataset/skeleton_final_v2/ok/ok_7683.npy,./batch_ok/fitted/ok_7683.npy
ok,ok_7685,train,./dataset/skeleton_final_v2/ok/ok_7685.npy,./batch_ok/fitted/ok_7685.npy
ok,ok_7686,train,./dataset/skeleton_final_v2/ok/ok_7686.npy,./batch_ok/fitted/ok_7686.npy
ok,ok_7689,train,./dataset/skeleton_final_v2/ok/ok_7689.npy,./batch_ok/fitted/ok_7689.npy
ok,ok_7690,train,./dataset/skeleton_final_v2/ok/ok_7690.npy,./batch_ok/fitted/ok_7690.npy
ok,ok_7693,train,./dataset/skeleton_final_v2/ok/ok_7693.npy,./batch_ok/fitted/ok_7693.npy
ok,ok_7695,train,./dataset/skeleton_final_v2/ok/ok_7695.npy,./batch_ok/fitted/ok_7695.npy
ok,ok_7698,train,./dataset/skeleton_final_v2/ok/ok_7698.npy,./batch_ok/fitted/ok_7698.npy
ok,ok_7702,train,./dataset/skeleton_final_v2/ok/ok_7702.npy,./batch_ok/fitted/ok_7702.npy
ok,ok_7704,train,./dataset/skeleton_final_v2/ok/ok_7704.npy,./batch_ok/fitted/ok_7704.npy
ok,ok_781,train,./dataset/skeleton_final_v2/ok/ok_781.npy,./batch_ok/fitted/ok_781.npy
ok,ok_79,train,./dataset/skeleton_final_v2/ok/ok_79.npy,./batch_ok/fitted/ok_79.npy
ok,ok_790,train,./dataset/skeleton_final_v2/ok/ok_790.npy,./batch_ok/fitted/ok_790.npy
ok,ok_793,train,./dataset/skeleton_final_v2/ok/ok_793.npy,./batch_ok/fitted/ok_793.npy
ok,ok_797,train,./dataset/skeleton_final_v2/ok/ok_797.npy,./batch_ok/fitted/ok_797.npy
ok,ok_798,train,./dataset/skeleton_final_v2/ok/ok_798.npy,./batch_ok/fitted/ok_798.npy
ok,ok_80,train,./dataset/skeleton_final_v2/ok/ok_80.npy,./batch_ok/fitted/ok_80.npy
ok,ok_802,train,./dataset/skeleton_final_v2/ok/ok_802.npy,./batch_ok/fitted/ok_802.npy
ok,ok_803,train,./dataset/skeleton_final_v2/ok/ok_803.npy,./batch_ok/fitted/ok_803.npy
ok,ok_8044,train,./dataset/skeleton_final_v2/ok/ok_8044.npy,./batch_ok/fitted/ok_8044.npy
ok,ok_8046,train,./dataset/skeleton_final_v2/ok/ok_8046.npy,./batch_ok/fitted/ok_8046.npy
ok,ok_8048,train,./dataset/skeleton_final_v2/ok/ok_8048.npy,./batch_ok/fitted/ok_8048.npy
ok,ok_805,train,./dataset/skeleton_final_v2/ok/ok_805.npy,./batch_ok/fitted/ok_805.npy
ok,ok_806,train,./dataset/skeleton_final_v2/ok/ok_806.npy,./batch_ok/fitted/ok_806.npy
ok,ok_8536,train,./dataset/skeleton_final_v2/ok/ok_8536.npy,./batch_ok/fitted/ok_8536.npy
ok,ok_88,train,./dataset/skeleton_final_v2/ok/ok_88.npy,./batch_ok/fitted/ok_88.npy
ok,ok_8830,train,./dataset/skeleton_final_v2/ok/ok_8830.npy,./batch_ok/fitted/ok_8830.npy
ok,ok_8848,train,./dataset/skeleton_final_v2/ok/ok_8848.npy,./batch_ok/fitted/ok_8848.npy
ok,ok_8864,train,./dataset/skeleton_final_v2/ok/ok_8864.npy,./batch_ok/fitted/ok_8864.npy
ok,ok_8870,train,./dataset/skeleton_final_v2/ok/ok_8870.npy,./batch_ok/fitted/ok_8870.npy
ok,ok_8872,train,./dataset/skeleton_final_v2/ok/ok_8872.npy,./batch_ok/fitted/ok_8872.npy
ok,ok_89,train,./dataset/skeleton_final_v2/ok/ok_89.npy,./batch_ok/fitted/ok_89.npy
ok,ok_8904,train,./dataset/skeleton_final_v2/ok/ok_8904.npy,./batch_ok/fitted/ok_8904.npy
ok,ok_8922,train,./dataset/skeleton_final_v2/ok/ok_8922.npy,./batch_ok/fitted/ok_8922.npy
ok,ok_90,train,./dataset/skeleton_final_v2/ok/ok_90.npy,./batch_ok/fitted/ok_90.npy
ok,ok_9228,train,./dataset/skeleton_final_v2/ok/ok_9228.npy,./batch_ok/fitted/ok_9228.npy
ok,ok_9230,train,./dataset/skeleton_final_v2/ok/ok_9230.npy,./batch_ok/fitted/ok_9230.npy
ok,ok_9234,train,./dataset/skeleton_final_v2/ok/ok_9234.npy,./batch_ok/fitted/ok_9234.npy
ok,ok_9236,train,./dataset/skeleton_final_v2/ok/ok_9236.npy,./batch_ok/fitted/ok_9236.npy
ok,ok_9242,train,./dataset/skeleton_final_v2/ok/ok_9242.npy,./batch_ok/fitted/ok_9242.npy
ok,ok_9248,train,./dataset/skeleton_final_v2/ok/ok_9248.npy,./batch_ok/fitted/ok_9248.npy
ok,ok_9250,train,./dataset/skeleton_final_v2/ok/ok_9250.npy,./batch_ok/fitted/ok_9250.npy
ok,ok_9252,train,./dataset/skeleton_final_v2/ok/ok_9252.npy,./batch_ok/fitted/ok_9252.npy
ok,ok_9256,train,./dataset/skeleton_final_v2/ok/ok_9256.npy,./batch_ok/fitted/ok_9256.npy
ok,ok_9262,train,./dataset/skeleton_final_v2/ok/ok_9262.npy,./batch_ok/fitted/ok_9262.npy
ok,ok_9264,train,./dataset/skeleton_final_v2/ok/ok_9264.npy,./batch_ok/fitted/ok_9264.npy
ok,ok_Set2_ (1),train,./dataset/skeleton_final_v2/ok/ok_Set2_ (1).npy,./batch_ok/fitted/ok_Set2_ (1).npy
ok,ok_Set2_ (11),train,./dataset/skeleton_final_v2/ok/ok_Set2_ (11).npy,./batch_ok/fitted/ok_Set2_ (11).npy
ok,ok_Set2_ (116),train,./dataset/skeleton_final_v2/ok/ok_Set2_ (116).npy,./batch_ok/fitted/ok_Set2_ (116).npy
ok,ok_Set2_ (117),train,./dataset/skeleton_final_v2/ok/ok_Set2_ (117).npy,./batch_ok/fitted/ok_Set2_ (117).npy
ok,ok_Set2_ (118),train,./dataset/skeleton_final_v2/ok/ok_Set2_ (118).npy,./batch_ok/fitted/ok_Set2_ (118).npy
ok,ok_Set2_ (119),train,./dataset/skeleton_final_v2/ok/ok_Set2_ (119).npy,./batch_ok/fitted/ok_Set2_ (119).npy
ok,ok_Set2_ (12),train,./dataset/skeleton_final_v2/ok/ok_Set2_ (12).npy,./batch_ok/fitted/ok_Set2_ (12).npy
ok,ok_Set2_ (124),train,./dataset/skeleton_final_v2/ok/ok_Set2_ (124).npy,./batch_ok/fitted/ok_Set2_ (124).npy
ok,ok_Set2_ (126),train,./dataset/skeleton_final_v2/ok/ok_Set2_ (126).npy,./batch_ok/fitted/ok_Set2_ (126).npy
ok,ok_Set2_ (127),train,./dataset/skeleton_final_v2/ok/ok_Set2_ (127).npy,./batch_ok/fitted/ok_Set2_ (127).npy
ok,ok_Set2_ (128),train,./dataset/skeleton_final_v2/ok/ok_Set2_ (128).npy,./batch_ok/fitted/ok_Set2_ (128).npy
ok,ok_Set2_ (129),train,./dataset/skeleton_final_v2/ok/ok_Set2_ (129).npy,./batch_ok/fitted/ok_Set2_ (129).npy
ok,ok_Set2_ (13),train,./dataset/skeleton_final_v2/ok/ok_Set2_ (13).npy,./batch_ok/fitted/ok_Set2_ (13).npy
ok,ok_Set2_ (130),train,./dataset/skeleton_final_v2/ok/ok_Set2_ (130).npy,./batch_ok/fitted/ok_Set2_ (130).npy
ok,ok_Set2_ (133),train,./dataset/skeleton_final_v2/ok/ok_Set2_ (133).npy,./batch_ok/fitted/ok_Set2_ (133).npy
ok,ok_Set2_ (134),train,./dataset/skeleton_final_v2/ok/ok_Set2_ (134).npy,./batch_ok/fitted/ok_Set2_ (134).npy
ok,ok_Set2_ (135),train,./dataset/skeleton_final_v2/ok/ok_Set2_ (135).npy,./batch_ok/fitted/ok_Set2_ (135).npy
ok,ok_Set2_ (138),train,./dataset/skeleton_final_v2/ok/ok_Set2_ (138).npy,./batch_ok/fitted/ok_Set2_ (138).npy
ok,ok_Set2_ (139),train,./dataset/skeleton_final_v2/ok/ok_Set2_ (139).npy,./batch_ok/fitted/ok_Set2_ (139).npy
ok,ok_Set2_ (140),train,./dataset/skeleton_final_v2/ok/ok_Set2_ (140).npy,./batch_ok/fitted/ok_Set2_ (140).npy
ok,ok_Set2_ (141),train,./dataset/skeleton_final_v2/ok/ok_Set2_ (141).npy,./batch_ok/fitted/ok_Set2_ (141).npy
ok,ok_Set2_ (142),train,./dataset/skeleton_final_v2/ok/ok_Set2_ (142).npy,./batch_ok/fitted/ok_Set2_ (142).npy
ok,ok_Set2_ (143),train,./dataset/skeleton_final_v2/ok/ok_Set2_ (143).npy,./batch_ok/fitted/ok_Set2_ (143).npy
ok,ok_Set2_ (149),train,./dataset/skeleton_final_v2/ok/ok_Set2_ (149).npy,./batch_ok/fitted/ok_Set2_ (149).npy
ok,ok_Set2_ (15),train,./dataset/skeleton_final_v2/ok/ok_Set2_ (15).npy,./batch_ok/fitted/ok_Set2_ (15).npy
ok,ok_Set2_ (150),train,./dataset/skeleton_final_v2/ok/ok_Set2_ (150).npy,./batch_ok/fitted/ok_Set2_ (150).npy
ok,ok_Set2_ (152),train,./dataset/skeleton_final_v2/ok/ok_Set2_ (152).npy,./batch_ok/fitted/ok_Set2_ (152).npy
ok,ok_Set2_ (155),train,./dataset/skeleton_final_v2/ok/ok_Set2_ (155).npy,./batch_ok/fitted/ok_Set2_ (155).npy
ok,ok_Set2_ (16),train,./dataset/skeleton_final_v2/ok/ok_Set2_ (16).npy,./batch_ok/fitted/ok_Set2_ (16).npy
ok,ok_Set2_ (160),train,./dataset/skeleton_final_v2/ok/ok_Set2_ (160).npy,./batch_ok/fitted/ok_Set2_ (160).npy
ok,ok_Set2_ (170),train,./dataset/skeleton_final_v2/ok/ok_Set2_ (170).npy,./batch_ok/fitted/ok_Set2_ (170).npy
ok,ok_Set2_ (171),train,./dataset/skeleton_final_v2/ok/ok_Set2_ (171).npy,./batch_ok/fitted/ok_Set2_ (171).npy
ok,ok_Set2_ (173),train,./dataset/skeleton_final_v2/ok/ok_Set2_ (173).npy,./batch_ok/fitted/ok_Set2_ (173).npy
ok,ok_Set2_ (174),train,./dataset/skeleton_final_v2/ok/ok_Set2_ (174).npy,./batch_ok/fitted/ok_Set2_ (174).npy
ok,ok_Set2_ (177),train,./dataset/skeleton_final_v2/ok/ok_Set2_ (177).npy,./batch_ok/fitted/ok_Set2_ (177).npy
ok,ok_Set2_ (18),train,./dataset/skeleton_final_v2/ok/ok_Set2_ (18).npy,./batch_ok/fitted/ok_Set2_ (18).npy
ok,ok_Set2_ (180),train,./dataset/skeleton_final_v2/ok/ok_Set2_ (180).npy,./batch_ok/fitted/ok_Set2_ (180).npy
ok,ok_Set2_ (186),train,./dataset/skeleton_final_v2/ok/ok_Set2_ (186).npy,./batch_ok/fitted/ok_Set2_ (186).npy
ok,ok_Set2_ (19),train,./dataset/skeleton_final_v2/ok/ok_Set2_ (19).npy,./batch_ok/fitted/ok_Set2_ (19).npy
ok,ok_Set2_ (194),train,./dataset/skeleton_final_v2/ok/ok_Set2_ (194).npy,./batch_ok/fitted/ok_Set2_ (194).npy
ok,ok_Set2_ (197),train,./dataset/skeleton_final_v2/ok/ok_Set2_ (197).npy,./batch_ok/fitted/ok_Set2_ (197).npy
ok,ok_Set2_ (2),train,./dataset/skeleton_final_v2/ok/ok_Set2_ (2).npy,./batch_ok/fitted/ok_Set2_ (2).npy
ok,ok_Set2_ (20),train,./dataset/skeleton_final_v2/ok/ok_Set2_ (20).npy,./batch_ok/fitted/ok_Set2_ (20).npy
ok,ok_Set2_ (203),train,./dataset/skeleton_final_v2/ok/ok_Set2_ (203).npy,./batch_ok/fitted/ok_Set2_ (203).npy
ok,ok_Set2_ (207),train,./dataset/skeleton_final_v2/ok/ok_Set2_ (207).npy,./batch_ok/fitted/ok_Set2_ (207).npy
ok,ok_Set2_ (208),train,./dataset/skeleton_final_v2/ok/ok_Set2_ (208).npy,./batch_ok/fitted/ok_Set2_ (208).npy
ok,ok_Set2_ (209),train,./dataset/skeleton_final_v2/ok/ok_Set2_ (209).npy,./batch_ok/fitted/ok_Set2_ (209).npy
ok,ok_Set2_ (211),train,./dataset/skeleton_final_v2/ok/ok_Set2_ (211).npy,./batch_ok/fitted/ok_Set2_ (211).npy
ok,ok_Set2_ (213),train,./dataset/skeleton_final_v2/ok/ok_Set2_ (213).npy,./batch_ok/fitted/ok_Set2_ (213).npy
ok,ok_Set2_ (215),train,./dataset/skeleton_final_v2/ok/ok_Set2_ (215).npy,./batch_ok/fitted/ok_Set2_ (215).npy
ok,ok_Set2_ (216),train,./dataset/skeleton_final_v2/ok/ok_Set2_ (216).npy,./batch_ok/fitted/ok_Set2_ (216).npy
ok,ok_Set2_ (217),train,./dataset/skeleton_final_v2/ok/ok_Set2_ (217).npy,./batch_ok/fitted/ok_Set2_ (217).npy
ok,ok_Set2_ (219),train,./dataset/skeleton_final_v2/ok/ok_Set2_ (219).npy,./batch_ok/fitted/ok_Set2_ (219).npy
ok,ok_Set2_ (220),train,./dataset/skeleton_final_v2/ok/ok_Set2_ (220).npy,./batch_ok/fitted/ok_Set2_ (220).npy
ok,ok_Set2_ (222),train,./dataset/skeleton_final_v2/ok/ok_Set2_ (222).npy,./batch_ok/fitted/ok_Set2_ (222).npy
ok,ok_Set2_ (223),train,./dataset/skeleton_final_v2/ok/ok_Set2_ (223).npy,./batch_ok/fitted/ok_Set2_ (223).npy
ok,ok_Set2_ (225),train,./dataset/skeleton_final_v2/ok/ok_Set2_ (225).npy,./batch_ok/fitted/ok_Set2_ (225).npy
ok,ok_Set2_ (226),train,./dataset/skeleton_final_v2/ok/ok_Set2_ (226).npy,./batch_ok/fitted/ok_Set2_ (226).npy
ok,ok_Set2_ (227),train,./dataset/skeleton_final_v2/ok/ok_Set2_ (227).npy,./batch_ok/fitted/ok_Set2_ (227).npy
ok,ok_Set2_ (23),train,./dataset/skeleton_final_v2/ok/ok_Set2_ (23).npy,./batch_ok/fitted/ok_Set2_ (23).npy
ok,ok_Set2_ (230),train,./dataset/skeleton_final_v2/ok/ok_Set2_ (230).npy,./batch_ok/fitted/ok_Set2_ (230).npy
ok,ok_Set2_ (231),train,./dataset/skeleton_final_v2/ok/ok_Set2_ (231).npy,./batch_ok/fitted/ok_Set2_ (231).npy
ok,ok_Set2_ (232),train,./dataset/skeleton_final_v2/ok/ok_Set2_ (232).npy,./batch_ok/fitted/ok_Set2_ (232).npy
ok,ok_Set2_ (233),train,./dataset/skeleton_final_v2/ok/ok_Set2_ (233).npy,./batch_ok/fitted/ok_Set2_ (233).npy
ok,ok_Set2_ (234),train,./dataset/skeleton_final_v2/ok/ok_Set2_ (234).npy,./batch_ok/fitted/ok_Set2_ (234).npy
ok,ok_Set2_ (237),train,./dataset/skeleton_final_v2/ok/ok_Set2_ (237).npy,./batch_ok/fitted/ok_Set2_ (237).npy
ok,ok_Set2_ (24),train,./dataset/skeleton_final_v2/ok/ok_Set2_ (24).npy,./batch_ok/fitted/ok_Set2_ (24).npy
ok,ok_Set2_ (240),train,./dataset/skeleton_final_v2/ok/ok_Set2_ (240).npy,./batch_ok/fitted/ok_Set2_ (240).npy
ok,ok_Set2_ (242),train,./dataset/skeleton_final_v2/ok/ok_Set2_ (242).npy,./batch_ok/fitted/ok_Set2_ (242).npy
ok,ok_Set2_ (243),train,./dataset/skeleton_final_v2/ok/ok_Set2_ (243).npy,./batch_ok/fitted/ok_Set2_ (243).npy
ok,ok_Set2_ (244),train,./dataset/skeleton_final_v2/ok/ok_Set2_ (244).npy,./batch_ok/fitted/ok_Set2_ (244).npy
ok,ok_Set2_ (248),train,./dataset/skeleton_final_v2/ok/ok_Set2_ (248).npy,./batch_ok/fitted/ok_Set2_ (248).npy
ok,ok_Set2_ (249),train,./dataset/skeleton_final_v2/ok/ok_Set2_ (249).npy,./batch_ok/fitted/ok_Set2_ (249).npy
ok,ok_Set2_ (25),train,./dataset/skeleton_final_v2/ok/ok_Set2_ (25).npy,./batch_ok/fitted/ok_Set2_ (25).npy
ok,ok_Set2_ (250),train,./dataset/skeleton_final_v2/ok/ok_Set2_ (250).npy,./batch_ok/fitted/ok_Set2_ (250).npy
ok,ok_Set2_ (251),train,./dataset/skeleton_final_v2/ok/ok_Set2_ (251).npy,./batch_ok/fitted/ok_Set2_ (251).npy
ok,ok_Set2_ (252),train,./dataset/skeleton_final_v2/ok/ok_Set2_ (252).npy,./batch_ok/fitted/ok_Set2_ (252).npy
ok,ok_Set2_ (253),train,./dataset/skeleton_final_v2/ok/ok_Set2_ (253).npy,./batch_ok/fitted/ok_Set2_ (253).npy
ok,ok_Set2_ (254),train,./dataset/skeleton_final_v2/ok/ok_Set2_ (254).npy,./batch_ok/fitted/ok_Set2_ (254).npy
ok,ok_Set2_ (256),train,./dataset/skeleton_final_v2/ok/ok_Set2_ (256).npy,./batch_ok/fitted/ok_Set2_ (256).npy
ok,ok_Set2_ (257),train,./dataset/skeleton_final_v2/ok/ok_Set2_ (257).npy,./batch_ok/fitted/ok_Set2_ (257).npy
ok,ok_Set2_ (258),train,./dataset/skeleton_final_v2/ok/ok_Set2_ (258).npy,./batch_ok/fitted/ok_Set2_ (258).npy
ok,ok_Set2_ (259),train,./dataset/skeleton_final_v2/ok/ok_Set2_ (259).npy,./batch_ok/fitted/ok_Set2_ (259).npy
ok,ok_Set2_ (263),train,./dataset/skeleton_final_v2/ok/ok_Set2_ (263).npy,./batch_ok/fitted/ok_Set2_ (263).npy
ok,ok_Set2_ (268),train,./dataset/skeleton_final_v2/ok/ok_Set2_ (268).npy,./batch_ok/fitted/ok_Set2_ (268).npy
ok,ok_Set2_ (269),train,./dataset/skeleton_final_v2/ok/ok_Set2_ (269).npy,./batch_ok/fitted/ok_Set2_ (269).npy
ok,ok_Set2_ (27),train,./dataset/skeleton_final_v2/ok/ok_Set2_ (27).npy,./batch_ok/fitted/ok_Set2_ (27).npy
ok,ok_Set2_ (271),train,./dataset/skeleton_final_v2/ok/ok_Set2_ (271).npy,./batch_ok/fitted/ok_Set2_ (271).npy
ok,ok_Set2_ (273),train,./dataset/skeleton_final_v2/ok/ok_Set2_ (273).npy,./batch_ok/fitted/ok_Set2_ (273).npy
ok,ok_Set2_ (274),train,./dataset/skeleton_final_v2/ok/ok_Set2_ (274).npy,./batch_ok/fitted/ok_Set2_ (274).npy
ok,ok_Set2_ (276),train,./dataset/skeleton_final_v2/ok/ok_Set2_ (276).npy,./batch_ok/fitted/ok_Set2_ (276).npy
ok,ok_Set2_ (277),train,./dataset/skeleton_final_v2/ok/ok_Set2_ (277).npy,./batch_ok/fitted/ok_Set2_ (277).npy
ok,ok_Set2_ (278),train,./dataset/skeleton_final_v2/ok/ok_Set2_ (278).npy,./batch_ok/fitted/ok_Set2_ (278).npy
ok,ok_Set2_ (280),train,./dataset/skeleton_final_v2/ok/ok_Set2_ (280).npy,./batch_ok/fitted/ok_Set2_ (280).npy
ok,ok_Set2_ (282),train,./dataset/skeleton_final_v2/ok/ok_Set2_ (282).npy,./batch_ok/fitted/ok_Set2_ (282).npy
ok,ok_Set2_ (284),train,./dataset/skeleton_final_v2/ok/ok_Set2_ (284).npy,./batch_ok/fitted/ok_Set2_ (284).npy
ok,ok_Set2_ (287),train,./dataset/skeleton_final_v2/ok/ok_Set2_ (287).npy,./batch_ok/fitted/ok_Set2_ (287).npy
ok,ok_Set2_ (288),train,./dataset/skeleton_final_v2/ok/ok_Set2_ (288).npy,./batch_ok/fitted/ok_Set2_ (288).npy
ok,ok_Set2_ (29),train,./dataset/skeleton_final_v2/ok/ok_Set2_ (29).npy,./batch_ok/fitted/ok_Set2_ (29).npy
ok,ok_Set2_ (290),train,./dataset/skeleton_final_v2/ok/ok_Set2_ (290).npy,./batch_ok/fitted/ok_Set2_ (290).npy
ok,ok_Set2_ (291),train,./dataset/skeleton_final_v2/ok/ok_Set2_ (291).npy,./batch_ok/fitted/ok_Set2_ (291).npy
ok,ok_Set2_ (292),train,./dataset/skeleton_final_v2/ok/ok_Set2_ (292).npy,./batch_ok/fitted/ok_Set2_ (292).npy
ok,ok_Set2_ (293),train,./dataset/skeleton_final_v2/ok/ok_Set2_ (293).npy,./batch_ok/fitted/ok_Set2_ (293).npy
ok,ok_Set2_ (294),train,./dataset/skeleton_final_v2/ok/ok_Set2_ (294).npy,./batch_ok/fitted/ok_Set2_ (294).npy
ok,ok_Set2_ (295),train,./dataset/skeleton_final_v2/ok/ok_Set2_ (295).npy,./batch_ok/fitted/ok_Set2_ (295).npy
ok,ok_Set2_ (299),train,./dataset/skeleton_final_v2/ok/ok_Set2_ (299).npy,./batch_ok/fitted/ok_Set2_ (299).npy
ok,ok_Set2_ (3),train,./dataset/skeleton_final_v2/ok/ok_Set2_ (3).npy,./batch_ok/fitted/ok_Set2_ (3).npy
ok,ok_Set2_ (30),train,./dataset/skeleton_final_v2/ok/ok_Set2_ (30).npy,./batch_ok/fitted/ok_Set2_ (30).npy
ok,ok_Set2_ (300),train,./dataset/skeleton_final_v2/ok/ok_Set2_ (300).npy,./batch_ok/fitted/ok_Set2_ (300).npy
ok,ok_Set2_ (302),train,./dataset/skeleton_final_v2/ok/ok_Set2_ (302).npy,./batch_ok/fitted/ok_Set2_ (302).npy
ok,ok_Set2_ (303),train,./dataset/skeleton_final_v2/ok/ok_Set2_ (303).npy,./batch_ok/fitted/ok_Set2_ (303).npy
ok,ok_Set2_ (305),train,./dataset/skeleton_final_v2/ok/ok_Set2_ (305).npy,./batch_ok/fitted/ok_Set2_ (305).npy
ok,ok_Set2_ (309),train,./dataset/skeleton_final_v2/ok/ok_Set2_ (309).npy,./batch_ok/fitted/ok_Set2_ (309).npy
ok,ok_Set2_ (312),train,./dataset/skeleton_final_v2/ok/ok_Set2_ (312).npy,./batch_ok/fitted/ok_Set2_ (312).npy
ok,ok_Set2_ (317),train,./dataset/skeleton_final_v2/ok/ok_Set2_ (317).npy,./batch_ok/fitted/ok_Set2_ (317).npy
ok,ok_Set2_ (322),train,./dataset/skeleton_final_v2/ok/ok_Set2_ (322).npy,./batch_ok/fitted/ok_Set2_ (322).npy
ok,ok_Set2_ (325),train,./dataset/skeleton_final_v2/ok/ok_Set2_ (325).npy,./batch_ok/fitted/ok_Set2_ (325).npy
ok,ok_Set2_ (326),train,./dataset/skeleton_final_v2/ok/ok_Set2_ (326).npy,./batch_ok/fitted/ok_Set2_ (326).npy
ok,ok_Set2_ (328),train,./dataset/skeleton_final_v2/ok/ok_Set2_ (328).npy,./batch_ok/fitted/ok_Set2_ (328).npy
ok,ok_Set2_ (329),train,./dataset/skeleton_final_v2/ok/ok_Set2_ (329).npy,./batch_ok/fitted/ok_Set2_ (329).npy
ok,ok_Set2_ (33),train,./dataset/skeleton_final_v2/ok/ok_Set2_ (33).npy,./batch_ok/fitted/ok_Set2_ (33).npy
ok,ok_Set2_ (330),train,./dataset/skeleton_final_v2/ok/ok_Set2_ (330).npy,./batch_ok/fitted/ok_Set2_ (330).npy
ok,ok_Set2_ (331),train,./dataset/skeleton_final_v2/ok/ok_Set2_ (331).npy,./batch_ok/fitted/ok_Set2_ (331).npy
ok,ok_Set2_ (332),train,./dataset/skeleton_final_v2/ok/ok_Set2_ (332).npy,./batch_ok/fitted/ok_Set2_ (332).npy
ok,ok_Set2_ (334),train,./dataset/skeleton_final_v2/ok/ok_Set2_ (334).npy,./batch_ok/fitted/ok_Set2_ (334).npy
ok,ok_Set2_ (336),train,./dataset/skeleton_final_v2/ok/ok_Set2_ (336).npy,./batch_ok/fitted/ok_Set2_ (336).npy
ok,ok_Set2_ (337),train,./dataset/skeleton_final_v2/ok/ok_Set2_ (337).npy,./batch_ok/fitted/ok_Set2_ (337).npy
ok,ok_Set2_ (34),train,./dataset/skeleton_final_v2/ok/ok_Set2_ (34).npy,./batch_ok/fitted/ok_Set2_ (34).npy
ok,ok_Set2_ (341),train,./dataset/skeleton_final_v2/ok/ok_Set2_ (341).npy,./batch_ok/fitted/ok_Set2_ (341).npy
ok,ok_Set2_ (342),train,./dataset/skeleton_final_v2/ok/ok_Set2_ (342).npy,./batch_ok/fitted/ok_Set2_ (342).npy
ok,ok_Set2_ (343),train,./dataset/skeleton_final_v2/ok/ok_Set2_ (343).npy,./batch_ok/fitted/ok_Set2_ (343).npy
ok,ok_Set2_ (344),train,./dataset/skeleton_final_v2/ok/ok_Set2_ (344).npy,./batch_ok/fitted/ok_Set2_ (344).npy
ok,ok_Set2_ (346),train,./dataset/skeleton_final_v2/ok/ok_Set2_ (346).npy,./batch_ok/fitted/ok_Set2_ (346).npy
ok,ok_Set2_ (35),train,./dataset/skeleton_final_v2/ok/ok_Set2_ (35).npy,./batch_ok/fitted/ok_Set2_ (35).npy
ok,ok_Set2_ (350),train,./dataset/skeleton_final_v2/ok/ok_Set2_ (350).npy,./batch_ok/fitted/ok_Set2_ (350).npy
ok,ok_Set2_ (351),train,./dataset/skeleton_final_v2/ok/ok_Set2_ (351).npy,./batch_ok/fitted/ok_Set2_ (351).npy
ok,ok_Set2_ (352),train,./dataset/skeleton_final_v2/ok/ok_Set2_ (352).npy,./batch_ok/fitted/ok_Set2_ (352).npy
ok,ok_Set2_ (353),train,./dataset/skeleton_final_v2/ok/ok_Set2_ (353).npy,./batch_ok/fitted/ok_Set2_ (353).npy
ok,ok_Set2_ (356),train,./dataset/skeleton_final_v2/ok/ok_Set2_ (356).npy,./batch_ok/fitted/ok_Set2_ (356).npy
ok,ok_Set2_ (358),train,./dataset/skeleton_final_v2/ok/ok_Set2_ (358).npy,./batch_ok/fitted/ok_Set2_ (358).npy
ok,ok_Set2_ (359),train,./dataset/skeleton_final_v2/ok/ok_Set2_ (359).npy,./batch_ok/fitted/ok_Set2_ (359).npy
ok,ok_Set2_ (360),train,./dataset/skeleton_final_v2/ok/ok_Set2_ (360).npy,./batch_ok/fitted/ok_Set2_ (360).npy
ok,ok_Set2_ (361),train,./dataset/skeleton_final_v2/ok/ok_Set2_ (361).npy,./batch_ok/fitted/ok_Set2_ (361).npy
ok,ok_Set2_ (362),train,./dataset/skeleton_final_v2/ok/ok_Set2_ (362).npy,./batch_ok/fitted/ok_Set2_ (362).npy
ok,ok_Set2_ (363),train,./dataset/skeleton_final_v2/ok/ok_Set2_ (363).npy,./batch_ok/fitted/ok_Set2_ (363).npy
ok,ok_Set2_ (364),train,./dataset/skeleton_final_v2/ok/ok_Set2_ (364).npy,./batch_ok/fitted/ok_Set2_ (364).npy
ok,ok_Set2_ (365),train,./dataset/skeleton_final_v2/ok/ok_Set2_ (365).npy,./batch_ok/fitted/ok_Set2_ (365).npy
ok,ok_Set2_ (370),train,./dataset/skeleton_final_v2/ok/ok_Set2_ (370).npy,./batch_ok/fitted/ok_Set2_ (370).npy
ok,ok_Set2_ (372),train,./dataset/skeleton_final_v2/ok/ok_Set2_ (372).npy,./batch_ok/fitted/ok_Set2_ (372).npy
ok,ok_Set2_ (374),train,./dataset/skeleton_final_v2/ok/ok_Set2_ (374).npy,./batch_ok/fitted/ok_Set2_ (374).npy
ok,ok_Set2_ (375),train,./dataset/skeleton_final_v2/ok/ok_Set2_ (375).npy,./batch_ok/fitted/ok_Set2_ (375).npy
ok,ok_Set2_ (376),train,./dataset/skeleton_final_v2/ok/ok_Set2_ (376).npy,./batch_ok/fitted/ok_Set2_ (376).npy
ok,ok_Set2_ (378),train,./dataset/skeleton_final_v2/ok/ok_Set2_ (378).npy,./batch_ok/fitted/ok_Set2_ (378).npy
ok,ok_Set2_ (379),train,./dataset/skeleton_final_v2/ok/ok_Set2_ (379).npy,./batch_ok/fitted/ok_Set2_ (379).npy
ok,ok_Set2_ (382),train,./dataset/skeleton_final_v2/ok/ok_Set2_ (382).npy,./batch_ok/fitted/ok_Set2_ (382).npy
ok,ok_Set2_ (383),train,./dataset/skeleton_final_v2/ok/ok_Set2_ (383).npy,./batch_ok/fitted/ok_Set2_ (383).npy
ok,ok_Set2_ (384),train,./dataset/skeleton_final_v2/ok/ok_Set2_ (384).npy,./batch_ok/fitted/ok_Set2_ (384).npy
ok,ok_Set2_ (385),train,./dataset/skeleton_final_v2/ok/ok_Set2_ (385).npy,./batch_ok/fitted/ok_Set2_ (385).npy
ok,ok_Set2_ (386),train,./dataset/skeleton_final_v2/ok/ok_Set2_ (386).npy,./batch_ok/fitted/ok_Set2_ (386).npy
ok,ok_Set2_ (387),train,./dataset/skeleton_final_v2/ok/ok_Set2_ (387).npy,./batch_ok/fitted/ok_Set2_ (387).npy
ok,ok_Set2_ (388),train,./dataset/skeleton_final_v2/ok/ok_Set2_ (388).npy,./batch_ok/fitted/ok_Set2_ (388).npy
ok,ok_Set2_ (39),train,./dataset/skeleton_final_v2/ok/ok_Set2_ (39).npy,./batch_ok/fitted/ok_Set2_ (39).npy
ok,ok_Set2_ (390),train,./dataset/skeleton_final_v2/ok/ok_Set2_ (390).npy,./batch_ok/fitted/ok_Set2_ (390).npy
ok,ok_Set2_ (391),train,./dataset/skeleton_final_v2/ok/ok_Set2_ (391).npy,./batch_ok/fitted/ok_Set2_ (391).npy
ok,ok_Set2_ (392),train,./dataset/skeleton_final_v2/ok/ok_Set2_ (392).npy,./batch_ok/fitted/ok_Set2_ (392).npy
ok,ok_Set2_ (393),train,./dataset/skeleton_final_v2/ok/ok_Set2_ (393).npy,./batch_ok/fitted/ok_Set2_ (393).npy
ok,ok_Set2_ (394),train,./dataset/skeleton_final_v2/ok/ok_Set2_ (394).npy,./batch_ok/fitted/ok_Set2_ (394).npy
ok,ok_Set2_ (398),train,./dataset/skeleton_final_v2/ok/ok_Set2_ (398).npy,./batch_ok/fitted/ok_Set2_ (398).npy
ok,ok_Set2_ (400),train,./dataset/skeleton_final_v2/ok/ok_Set2_ (400).npy,./batch_ok/fitted/ok_Set2_ (400).npy
ok,ok_Set2_ (402),train,./dataset/skeleton_final_v2/ok/ok_Set2_ (402).npy,./batch_ok/fitted/ok_Set2_ (402).npy
ok,ok_Set2_ (404),train,./dataset/skeleton_final_v2/ok/ok_Set2_ (404).npy,./batch_ok/fitted/ok_Set2_ (404).npy
ok,ok_Set2_ (405),train,./dataset/skeleton_final_v2/ok/ok_Set2_ (405).npy,./batch_ok/fitted/ok_Set2_ (405).npy
ok,ok_Set2_ (406),train,./dataset/skeleton_final_v2/ok/ok_Set2_ (406).npy,./batch_ok/fitted/ok_Set2_ (406).npy
ok,ok_Set2_ (407),train,./dataset/skeleton_final_v2/ok/ok_Set2_ (407).npy,./batch_ok/fitted/ok_Set2_ (407).npy
ok,ok_Set2_ (41),train,./dataset/skeleton_final_v2/ok/ok_Set2_ (41).npy,./batch_ok/fitted/ok_Set2_ (41).npy
ok,ok_Set2_ (411),train,./dataset/skeleton_final_v2/ok/ok_Set2_ (411).npy,./batch_ok/fitted/ok_Set2_ (411).npy
ok,ok_Set2_ (412),train,./dataset/skeleton_final_v2/ok/ok_Set2_ (412).npy,./batch_ok/fitted/ok_Set2_ (412).npy
ok,ok_Set2_ (414),train,./dataset/skeleton_final_v2/ok/ok_Set2_ (414).npy,./batch_ok/fitted/ok_Set2_ (414).npy
ok,ok_Set2_ (416),train,./dataset/skeleton_final_v2/ok/ok_Set2_ (416).npy,./batch_ok/fitted/ok_Set2_ (416).npy
ok,ok_Set2_ (418),train,./dataset/skeleton_final_v2/ok/ok_Set2_ (418).npy,./batch_ok/fitted/ok_Set2_ (418).npy
ok,ok_Set2_ (419),train,./dataset/skeleton_final_v2/ok/ok_Set2_ (419).npy,./batch_ok/fitted/ok_Set2_ (419).npy
ok,ok_Set2_ (420),train,./dataset/skeleton_final_v2/ok/ok_Set2_ (420).npy,./batch_ok/fitted/ok_Set2_ (420).npy
ok,ok_Set2_ (421),train,./dataset/skeleton_final_v2/ok/ok_Set2_ (421).npy,./batch_ok/fitted/ok_Set2_ (421).npy
ok,ok_Set2_ (422),train,./dataset/skeleton_final_v2/ok/ok_Set2_ (422).npy,./batch_ok/fitted/ok_Set2_ (422).npy
ok,ok_Set2_ (423),train,./dataset/skeleton_final_v2/ok/ok_Set2_ (423).npy,./batch_ok/fitted/ok_Set2_ (423).npy
ok,ok_Set2_ (424),train,./dataset/skeleton_final_v2/ok/ok_Set2_ (424).npy,./batch_ok/fitted/ok_Set2_ (424).npy
ok,ok_Set2_ (426),train,./dataset/skeleton_final_v2/ok/ok_Set2_ (426).npy,./batch_ok/fitted/ok_Set2_ (426).npy
ok,ok_Set2_ (428),train,./dataset/skeleton_final_v2/ok/ok_Set2_ (428).npy,./batch_ok/fitted/ok_Set2_ (428).npy
ok,ok_Set2_ (43),train,./dataset/skeleton_final_v2/ok/ok_Set2_ (43).npy,./batch_ok/fitted/ok_Set2_ (43).npy
ok,ok_Set2_ (430),train,./dataset/skeleton_final_v2/ok/ok_Set2_ (430).npy,./batch_ok/fitted/ok_Set2_ (430).npy
ok,ok_Set2_ (431),train,./dataset/skeleton_final_v2/ok/ok_Set2_ (431).npy,./batch_ok/fitted/ok_Set2_ (431).npy
ok,ok_Set2_ (435),train,./dataset/skeleton_final_v2/ok/ok_Set2_ (435).npy,./batch_ok/fitted/ok_Set2_ (435).npy
ok,ok_Set2_ (437),train,./dataset/skeleton_final_v2/ok/ok_Set2_ (437).npy,./batch_ok/fitted/ok_Set2_ (437).npy
ok,ok_Set2_ (438),train,./dataset/skeleton_final_v2/ok/ok_Set2_ (438).npy,./batch_ok/fitted/ok_Set2_ (438).npy
ok,ok_Set2_ (44),train,./dataset/skeleton_final_v2/ok/ok_Set2_ (44).npy,./batch_ok/fitted/ok_Set2_ (44).npy
ok,ok_Set2_ (440),train,./dataset/skeleton_final_v2/ok/ok_Set2_ (440).npy,./batch_ok/fitted/ok_Set2_ (440).npy
ok,ok_Set2_ (442),train,./dataset/skeleton_final_v2/ok/ok_Set2_ (442).npy,./batch_ok/fitted/ok_Set2_ (442).npy
ok,ok_Set2_ (443),train,./dataset/skeleton_final_v2/ok/ok_Set2_ (443).npy,./batch_ok/fitted/ok_Set2_ (443).npy
ok,ok_Set2_ (444),train,./dataset/skeleton_final_v2/ok/ok_Set2_ (444).npy,./batch_ok/fitted/ok_Set2_ (444).npy
ok,ok_Set2_ (445),train,./dataset/skeleton_final_v2/ok/ok_Set2_ (445).npy,./batch_ok/fitted/ok_Set2_ (445).npy
ok,ok_Set2_ (446),train,./dataset/skeleton_final_v2/ok/ok_Set2_ (446).npy,./batch_ok/fitted/ok_Set2_ (446).npy
ok,ok_Set2_ (447),train,./dataset/skeleton_final_v2/ok/ok_Set2_ (447).npy,./batch_ok/fitted/ok_Set2_ (447).npy
ok,ok_Set2_ (448),train,./dataset/skeleton_final_v2/ok/ok_Set2_ (448).npy,./batch_ok/fitted/ok_Set2_ (448).npy
ok,ok_Set2_ (449),train,./dataset/skeleton_final_v2/ok/ok_Set2_ (449).npy,./batch_ok/fitted/ok_Set2_ (449).npy
ok,ok_Set2_ (45),train,./dataset/skeleton_final_v2/ok/ok_Set2_ (45).npy,./batch_ok/fitted/ok_Set2_ (45).npy
ok,ok_Set2_ (450),train,./dataset/skeleton_final_v2/ok/ok_Set2_ (450).npy,./batch_ok/fitted/ok_Set2_ (450).npy
ok,ok_Set2_ (452),train,./dataset/skeleton_final_v2/ok/ok_Set2_ (452).npy,./batch_ok/fitted/ok_Set2_ (452).npy
ok,ok_Set2_ (453),train,./dataset/skeleton_final_v2/ok/ok_Set2_ (453).npy,./batch_ok/fitted/ok_Set2_ (453).npy
ok,ok_Set2_ (457),train,./dataset/skeleton_final_v2/ok/ok_Set2_ (457).npy,./batch_ok/fitted/ok_Set2_ (457).npy
ok,ok_Set2_ (458),train,./dataset/skeleton_final_v2/ok/ok_Set2_ (458).npy,./batch_ok/fitted/ok_Set2_ (458).npy
ok,ok_Set2_ (459),train,./dataset/skeleton_final_v2/ok/ok_Set2_ (459).npy,./batch_ok/fitted/ok_Set2_ (459).npy
ok,ok_Set2_ (46),train,./dataset/skeleton_final_v2/ok/ok_Set2_ (46).npy,./batch_ok/fitted/ok_Set2_ (46).npy
ok,ok_Set2_ (460),train,./dataset/skeleton_final_v2/ok/ok_Set2_ (460).npy,./batch_ok/fitted/ok_Set2_ (460).npy
ok,ok_Set2_ (461),train,./dataset/skeleton_final_v2/ok/ok_Set2_ (461).npy,./batch_ok/fitted/ok_Set2_ (461).npy
ok,ok_Set2_ (463),train,./dataset/skeleton_final_v2/ok/ok_Set2_ (463).npy,./batch_ok/fitted/ok_Set2_ (463).npy
ok,ok_Set2_ (464),train,./dataset/skeleton_final_v2/ok/ok_Set2_ (464).npy,./batch_ok/fitted/ok_Set2_ (464).npy
ok,ok_Set2_ (465),train,./dataset/skeleton_final_v2/ok/ok_Set2_ (465).npy,./batch_ok/fitted/ok_Set2_ (465).npy
ok,ok_Set2_ (466),train,./dataset/skeleton_final_v2/ok/ok_Set2_ (466).npy,./batch_ok/fitted/ok_Set2_ (466).npy
ok,ok_Set2_ (467),train,./dataset/skeleton_final_v2/ok/ok_Set2_ (467).npy,./batch_ok/fitted/ok_Set2_ (467).npy
ok,ok_Set2_ (469),train,./dataset/skeleton_final_v2/ok/ok_Set2_ (469).npy,./batch_ok/fitted/ok_Set2_ (469).npy
ok,ok_Set2_ (47),train,./dataset/skeleton_final_v2/ok/ok_Set2_ (47).npy,./batch_ok/fitted/ok_Set2_ (47).npy
ok,ok_Set2_ (470),train,./dataset/skeleton_final_v2/ok/ok_Set2_ (470).npy,./batch_ok/fitted/ok_Set2_ (470).npy
ok,ok_Set2_ (471),train,./dataset/skeleton_final_v2/ok/ok_Set2_ (471).npy,./batch_ok/fitted/ok_Set2_ (471).npy
ok,ok_Set2_ (472),train,./dataset/skeleton_final_v2/ok/ok_Set2_ (472).npy,./batch_ok/fitted/ok_Set2_ (472).npy
ok,ok_Set2_ (473),train,./dataset/skeleton_final_v2/ok/ok_Set2_ (473).npy,./batch_ok/fitted/ok_Set2_ (473).npy
ok,ok_Set2_ (475),train,./dataset/skeleton_final_v2/ok/ok_Set2_ (475).npy,./batch_ok/fitted/ok_Set2_ (475).npy
ok,ok_Set2_ (476),train,./dataset/skeleton_final_v2/ok/ok_Set2_ (476).npy,./batch_ok/fitted/ok_Set2_ (476).npy
ok,ok_Set2_ (478),train,./dataset/skeleton_final_v2/ok/ok_Set2_ (478).npy,./batch_ok/fitted/ok_Set2_ (478).npy
ok,ok_Set2_ (479),train,./dataset/skeleton_final_v2/ok/ok_Set2_ (479).npy,./batch_ok/fitted/ok_Set2_ (479).npy
ok,ok_Set2_ (48),train,./dataset/skeleton_final_v2/ok/ok_Set2_ (48).npy,./batch_ok/fitted/ok_Set2_ (48).npy
ok,ok_Set2_ (480),train,./dataset/skeleton_final_v2/ok/ok_Set2_ (480).npy,./batch_ok/fitted/ok_Set2_ (480).npy
ok,ok_Set2_ (481),train,./dataset/skeleton_final_v2/ok/ok_Set2_ (481).npy,./batch_ok/fitted/ok_Set2_ (481).npy
ok,ok_Set2_ (482),train,./dataset/skeleton_final_v2/ok/ok_Set2_ (482).npy,./batch_ok/fitted/ok_Set2_ (482).npy
ok,ok_Set2_ (484),train,./dataset/skeleton_final_v2/ok/ok_Set2_ (484).npy,./batch_ok/fitted/ok_Set2_ (484).npy
ok,ok_Set2_ (485),train,./dataset/skeleton_final_v2/ok/ok_Set2_ (485).npy,./batch_ok/fitted/ok_Set2_ (485).npy
ok,ok_Set2_ (486),train,./dataset/skeleton_final_v2/ok/ok_Set2_ (486).npy,./batch_ok/fitted/ok_Set2_ (486).npy
ok,ok_Set2_ (488),train,./dataset/skeleton_final_v2/ok/ok_Set2_ (488).npy,./batch_ok/fitted/ok_Set2_ (488).npy
ok,ok_Set2_ (49),train,./dataset/skeleton_final_v2/ok/ok_Set2_ (49).npy,./batch_ok/fitted/ok_Set2_ (49).npy
ok,ok_Set2_ (492),train,./dataset/skeleton_final_v2/ok/ok_Set2_ (492).npy,./batch_ok/fitted/ok_Set2_ (492).npy
ok,ok_Set2_ (493),train,./dataset/skeleton_final_v2/ok/ok_Set2_ (493).npy,./batch_ok/fitted/ok_Set2_ (493).npy
ok,ok_Set2_ (494),train,./dataset/skeleton_final_v2/ok/ok_Set2_ (494).npy,./batch_ok/fitted/ok_Set2_ (494).npy
ok,ok_Set2_ (498),train,./dataset/skeleton_final_v2/ok/ok_Set2_ (498).npy,./batch_ok/fitted/ok_Set2_ (498).npy
ok,ok_Set2_ (499),train,./dataset/skeleton_final_v2/ok/ok_Set2_ (499).npy,./batch_ok/fitted/ok_Set2_ (499).npy
ok,ok_Set2_ (501),train,./dataset/skeleton_final_v2/ok/ok_Set2_ (501).npy,./batch_ok/fitted/ok_Set2_ (501).npy
ok,ok_Set2_ (502),train,./dataset/skeleton_final_v2/ok/ok_Set2_ (502).npy,./batch_ok/fitted/ok_Set2_ (502).npy
ok,ok_Set2_ (505),train,./dataset/skeleton_final_v2/ok/ok_Set2_ (505).npy,./batch_ok/fitted/ok_Set2_ (505).npy
ok,ok_Set2_ (508),train,./dataset/skeleton_final_v2/ok/ok_Set2_ (508).npy,./batch_ok/fitted/ok_Set2_ (508).npy
ok,ok_Set2_ (51),train,./dataset/skeleton_final_v2/ok/ok_Set2_ (51).npy,./batch_ok/fitted/ok_Set2_ (51).npy
ok,ok_Set2_ (511),train,./dataset/skeleton_final_v2/ok/ok_Set2_ (511).npy,./batch_ok/fitted/ok_Set2_ (511).npy
ok,ok_Set2_ (512),train,./dataset/skeleton_final_v2/ok/ok_Set2_ (512).npy,./batch_ok/fitted/ok_Set2_ (512).npy
ok,ok_Set2_ (513),train,./dataset/skeleton_final_v2/ok/ok_Set2_ (513).npy,./batch_ok/fitted/ok_Set2_ (513).npy
ok,ok_Set2_ (514),train,./dataset/skeleton_final_v2/ok/ok_Set2_ (514).npy,./batch_ok/fitted/ok_Set2_ (514).npy
ok,ok_Set2_ (515),train,./dataset/skeleton_final_v2/ok/ok_Set2_ (515).npy,./batch_ok/fitted/ok_Set2_ (515).npy
ok,ok_Set2_ (516),train,./dataset/skeleton_final_v2/ok/ok_Set2_ (516).npy,./batch_ok/fitted/ok_Set2_ (516).npy
ok,ok_Set2_ (517),train,./dataset/skeleton_final_v2/ok/ok_Set2_ (517).npy,./batch_ok/fitted/ok_Set2_ (517).npy
ok,ok_Set2_ (518),train,./dataset/skeleton_final_v2/ok/ok_Set2_ (518).npy,./batch_ok/fitted/ok_Set2_ (518).npy
ok,ok_Set2_ (519),train,./dataset/skeleton_final_v2/ok/ok_Set2_ (519).npy,./batch_ok/fitted/ok_Set2_ (519).npy
ok,ok_Set2_ (52),train,./dataset/skeleton_final_v2/ok/ok_Set2_ (52).npy,./batch_ok/fitted/ok_Set2_ (52).npy
ok,ok_Set2_ (520),train,./dataset/skeleton_final_v2/ok/ok_Set2_ (520).npy,./batch_ok/fitted/ok_Set2_ (520).npy
ok,ok_Set2_ (522),train,./dataset/skeleton_final_v2/ok/ok_Set2_ (522).npy,./batch_ok/fitted/ok_Set2_ (522).npy
ok,ok_Set2_ (524),train,./dataset/skeleton_final_v2/ok/ok_Set2_ (524).npy,./batch_ok/fitted/ok_Set2_ (524).npy
ok,ok_Set2_ (525),train,./dataset/skeleton_final_v2/ok/ok_Set2_ (525).npy,./batch_ok/fitted/ok_Set2_ (525).npy
ok,ok_Set2_ (527),train,./dataset/skeleton_final_v2/ok/ok_Set2_ (527).npy,./batch_ok/fitted/ok_Set2_ (527).npy
ok,ok_Set2_ (528),train,./dataset/skeleton_final_v2/ok/ok_Set2_ (528).npy,./batch_ok/fitted/ok_Set2_ (528).npy
ok,ok_Set2_ (529),train,./dataset/skeleton_final_v2/ok/ok_Set2_ (529).npy,./batch_ok/fitted/ok_Set2_ (529).npy
ok,ok_Set2_ (531),train,./dataset/skeleton_final_v2/ok/ok_Set2_ (531).npy,./batch_ok/fitted/ok_Set2_ (531).npy
ok,ok_Set2_ (533),train,./dataset/skeleton_final_v2/ok/ok_Set2_ (533).npy,./batch_ok/fitted/ok_Set2_ (533).npy
ok,ok_Set2_ (534),train,./dataset/skeleton_final_v2/ok/ok_Set2_ (534).npy,./batch_ok/fitted/ok_Set2_ (534).npy
ok,ok_Set2_ (535),train,./dataset/skeleton_final_v2/ok/ok_Set2_ (535).npy,./batch_ok/fitted/ok_Set2_ (535).npy
ok,ok_Set2_ (537),train,./dataset/skeleton_final_v2/ok/ok_Set2_ (537).npy,./batch_ok/fitted/ok_Set2_ (537).npy
ok,ok_Set2_ (538),train,./dataset/skeleton_final_v2/ok/ok_Set2_ (538).npy,./batch_ok/fitted/ok_Set2_ (538).npy
ok,ok_Set2_ (539),train,./dataset/skeleton_final_v2/ok/ok_Set2_ (539).npy,./batch_ok/fitted/ok_Set2_ (539).npy
ok,ok_Set2_ (540),train,./dataset/skeleton_final_v2/ok/ok_Set2_ (540).npy,./batch_ok/fitted/ok_Set2_ (540).npy
ok,ok_Set2_ (544),train,./dataset/skeleton_final_v2/ok/ok_Set2_ (544).npy,./batch_ok/fitted/ok_Set2_ (544).npy
ok,ok_Set2_ (545),train,./dataset/skeleton_final_v2/ok/ok_Set2_ (545).npy,./batch_ok/fitted/ok_Set2_ (545).npy
ok,ok_Set2_ (546),train,./dataset/skeleton_final_v2/ok/ok_Set2_ (546).npy,./batch_ok/fitted/ok_Set2_ (546).npy
ok,ok_Set2_ (547),train,./dataset/skeleton_final_v2/ok/ok_Set2_ (547).npy,./batch_ok/fitted/ok_Set2_ (547).npy
ok,ok_Set2_ (551),train,./dataset/skeleton_final_v2/ok/ok_Set2_ (551).npy,./batch_ok/fitted/ok_Set2_ (551).npy
ok,ok_Set2_ (555),train,./dataset/skeleton_final_v2/ok/ok_Set2_ (555).npy,./batch_ok/fitted/ok_Set2_ (555).npy
ok,ok_Set2_ (556),train,./dataset/skeleton_final_v2/ok/ok_Set2_ (556).npy,./batch_ok/fitted/ok_Set2_ (556).npy
ok,ok_Set2_ (557),train,./dataset/skeleton_final_v2/ok/ok_Set2_ (557).npy,./batch_ok/fitted/ok_Set2_ (557).npy
ok,ok_Set2_ (558),train,./dataset/skeleton_final_v2/ok/ok_Set2_ (558).npy,./batch_ok/fitted/ok_Set2_ (558).npy
ok,ok_Set2_ (560),train,./dataset/skeleton_final_v2/ok/ok_Set2_ (560).npy,./batch_ok/fitted/ok_Set2_ (560).npy
ok,ok_Set2_ (561),train,./dataset/skeleton_final_v2/ok/ok_Set2_ (561).npy,./batch_ok/fitted/ok_Set2_ (561).npy
ok,ok_Set2_ (563),train,./dataset/skeleton_final_v2/ok/ok_Set2_ (563).npy,./batch_ok/fitted/ok_Set2_ (563).npy
ok,ok_Set2_ (565),train,./dataset/skeleton_final_v2/ok/ok_Set2_ (565).npy,./batch_ok/fitted/ok_Set2_ (565).npy
ok,ok_Set2_ (566),train,./dataset/skeleton_final_v2/ok/ok_Set2_ (566).npy,./batch_ok/fitted/ok_Set2_ (566).npy
ok,ok_Set2_ (567),train,./dataset/skeleton_final_v2/ok/ok_Set2_ (567).npy,./batch_ok/fitted/ok_Set2_ (567).npy
ok,ok_Set2_ (568),train,./dataset/skeleton_final_v2/ok/ok_Set2_ (568).npy,./batch_ok/fitted/ok_Set2_ (568).npy
ok,ok_Set2_ (569),train,./dataset/skeleton_final_v2/ok/ok_Set2_ (569).npy,./batch_ok/fitted/ok_Set2_ (569).npy
ok,ok_Set2_ (570),train,./dataset/skeleton_final_v2/ok/ok_Set2_ (570).npy,./batch_ok/fitted/ok_Set2_ (570).npy
ok,ok_Set2_ (572),train,./dataset/skeleton_final_v2/ok/ok_Set2_ (572).npy,./batch_ok/fitted/ok_Set2_ (572).npy
ok,ok_Set2_ (574),train,./dataset/skeleton_final_v2/ok/ok_Set2_ (574).npy,./batch_ok/fitted/ok_Set2_ (574).npy
ok,ok_Set2_ (575),train,./dataset/skeleton_final_v2/ok/ok_Set2_ (575).npy,./batch_ok/fitted/ok_Set2_ (575).npy
ok,ok_Set2_ (576),train,./dataset/skeleton_final_v2/ok/ok_Set2_ (576).npy,./batch_ok/fitted/ok_Set2_ (576).npy
ok,ok_Set2_ (577),train,./dataset/skeleton_final_v2/ok/ok_Set2_ (577).npy,./batch_ok/fitted/ok_Set2_ (577).npy
ok,ok_Set2_ (578),train,./dataset/skeleton_final_v2/ok/ok_Set2_ (578).npy,./batch_ok/fitted/ok_Set2_ (578).npy
ok,ok_Set2_ (579),train,./dataset/skeleton_final_v2/ok/ok_Set2_ (579).npy,./batch_ok/fitted/ok_Set2_ (579).npy
ok,ok_Set2_ (58),train,./dataset/skeleton_final_v2/ok/ok_Set2_ (58).npy,./batch_ok/fitted/ok_Set2_ (58).npy
ok,ok_Set2_ (580),train,./dataset/skeleton_final_v2/ok/ok_Set2_ (580).npy,./batch_ok/fitted/ok_Set2_ (580).npy
ok,ok_Set2_ (581),train,./dataset/skeleton_final_v2/ok/ok_Set2_ (581).npy,./batch_ok/fitted/ok_Set2_ (581).npy
ok,ok_Set2_ (582),train,./dataset/skeleton_final_v2/ok/ok_Set2_ (582).npy,./batch_ok/fitted/ok_Set2_ (582).npy
ok,ok_Set2_ (583),train,./dataset/skeleton_final_v2/ok/ok_Set2_ (583).npy,./batch_ok/fitted/ok_Set2_ (583).npy
ok,ok_Set2_ (584),train,./dataset/skeleton_final_v2/ok/ok_Set2_ (584).npy,./batch_ok/fitted/ok_Set2_ (584).npy
ok,ok_Set2_ (585),train,./dataset/skeleton_final_v2/ok/ok_Set2_ (585).npy,./batch_ok/fitted/ok_Set2_ (585).npy
ok,ok_Set2_ (60),train,./dataset/skeleton_final_v2/ok/ok_Set2_ (60).npy,./batch_ok/fitted/ok_Set2_ (60).npy
ok,ok_Set2_ (61),train,./dataset/skeleton_final_v2/ok/ok_Set2_ (61).npy,./batch_ok/fitted/ok_Set2_ (61).npy
ok,ok_Set2_ (64),train,./dataset/skeleton_final_v2/ok/ok_Set2_ (64).npy,./batch_ok/fitted/ok_Set2_ (64).npy
ok,ok_Set2_ (66),train,./dataset/skeleton_final_v2/ok/ok_Set2_ (66).npy,./batch_ok/fitted/ok_Set2_ (66).npy
ok,ok_Set2_ (67),train,./dataset/skeleton_final_v2/ok/ok_Set2_ (67).npy,./batch_ok/fitted/ok_Set2_ (67).npy
ok,ok_Set2_ (69),train,./dataset/skeleton_final_v2/ok/ok_Set2_ (69).npy,./batch_ok/fitted/ok_Set2_ (69).npy
ok,ok_Set2_ (7),train,./dataset/skeleton_final_v2/ok/ok_Set2_ (7).npy,./batch_ok/fitted/ok_Set2_ (7).npy
ok,ok_Set2_ (70),train,./dataset/skeleton_final_v2/ok/ok_Set2_ (70).npy,./batch_ok/fitted/ok_Set2_ (70).npy
ok,ok_Set2_ (75),train,./dataset/skeleton_final_v2/ok/ok_Set2_ (75).npy,./batch_ok/fitted/ok_Set2_ (75).npy
ok,ok_Set2_ (82),train,./dataset/skeleton_final_v2/ok/ok_Set2_ (82).npy,./batch_ok/fitted/ok_Set2_ (82).npy
ok,ok_Set2_ (9),train,./dataset/skeleton_final_v2/ok/ok_Set2_ (9).npy,./batch_ok/fitted/ok_Set2_ (9).npy
ok,ok_Set2_ (94),train,./dataset/skeleton_final_v2/ok/ok_Set2_ (94).npy,./batch_ok/fitted/ok_Set2_ (94).npy
ok,ok_Set2_ (95),train,./dataset/skeleton_final_v2/ok/ok_Set2_ (95).npy,./batch_ok/fitted/ok_Set2_ (95).npy
ok,ok_Set2_ (96),train,./dataset/skeleton_final_v2/ok/ok_Set2_ (96).npy,./batch_ok/fitted/ok_Set2_ (96).npy
paper,paper (10),train,./dataset/skeleton_final_v2/paper/paper (10).npy,./batch_paper/fitted/paper (10).npy
paper,paper (101),train,./dataset/skeleton_final_v2/paper/paper (101).npy,./batch_paper/fitted/paper (101).npy
paper,paper (102),train,./dataset/skeleton_final_v2/paper/paper (102).npy,./batch_paper/fitted/paper (102).npy
paper,paper (105),train,./dataset/skeleton_final_v2/paper/paper (105).npy,./batch_paper/fitted/paper (105).npy
paper,paper (106),train,./dataset/skeleton_final_v2/paper/paper (106).npy,./batch_paper/fitted/paper (106).npy
paper,paper (109),train,./dataset/skeleton_final_v2/paper/paper (109).npy,./batch_paper/fitted/paper (109).npy
paper,paper (11),train,./dataset/skeleton_final_v2/paper/paper (11).npy,./batch_paper/fitted/paper (11).npy
paper,paper (114),train,./dataset/skeleton_final_v2/paper/paper (114).npy,./batch_paper/fitted/paper (114).npy
paper,paper (12),train,./dataset/skeleton_final_v2/paper/paper (12).npy,./batch_paper/fitted/paper (12).npy
paper,paper (120),train,./dataset/skeleton_final_v2/paper/paper (120).npy,./batch_paper/fitted/paper (120).npy
paper,paper (121),train,./dataset/skeleton_final_v2/paper/paper (121).npy,./batch_paper/fitted/paper (121).npy
paper,paper (125),train,./dataset/skeleton_final_v2/paper/paper (125).npy,./batch_paper/fitted/paper (125).npy
paper,paper (126),train,./dataset/skeleton_final_v2/paper/paper (126).npy,./batch_paper/fitted/paper (126).npy
paper,paper (127),train,./dataset/skeleton_final_v2/paper/paper (127).npy,./batch_paper/fitted/paper (127).npy
paper,paper (128),train,./dataset/skeleton_final_v2/paper/paper (128).npy,./batch_paper/fitted/paper (128).npy
paper,paper (13),train,./dataset/skeleton_final_v2/paper/paper (13).npy,./batch_paper/fitted/paper (13).npy
paper,paper (131),train,./dataset/skeleton_final_v2/paper/paper (131).npy,./batch_paper/fitted/paper (131).npy
paper,paper (134),train,./dataset/skeleton_final_v2/paper/paper (134).npy,./batch_paper/fitted/paper (134).npy
paper,paper (137),train,./dataset/skeleton_final_v2/paper/paper (137).npy,./batch_paper/fitted/paper (137).npy
paper,paper (138),train,./dataset/skeleton_final_v2/paper/paper (138).npy,./batch_paper/fitted/paper (138).npy
paper,paper (141),train,./dataset/skeleton_final_v2/paper/paper (141).npy,./batch_paper/fitted/paper (141).npy
paper,paper (145),train,./dataset/skeleton_final_v2/paper/paper (145).npy,./batch_paper/fitted/paper (145).npy
paper,paper (147),train,./dataset/skeleton_final_v2/paper/paper (147).npy,./batch_paper/fitted/paper (147).npy
paper,paper (148),train,./dataset/skeleton_final_v2/paper/paper (148).npy,./batch_paper/fitted/paper (148).npy
paper,paper (149),train,./dataset/skeleton_final_v2/paper/paper (149).npy,./batch_paper/fitted/paper (149).npy
paper,paper (150),train,./dataset/skeleton_final_v2/paper/paper (150).npy,./batch_paper/fitted/paper (150).npy
paper,paper (153),train,./dataset/skeleton_final_v2/paper/paper (153).npy,./batch_paper/fitted/paper (153).npy
paper,paper (156),train,./dataset/skeleton_final_v2/paper/paper (156).npy,./batch_paper/fitted/paper (156).npy
paper,paper (157),train,./dataset/skeleton_final_v2/paper/paper (157).npy,./batch_paper/fitted/paper (157).npy
paper,paper (161),train,./dataset/skeleton_final_v2/paper/paper (161).npy,./batch_paper/fitted/paper (161).npy
paper,paper (163),train,./dataset/skeleton_final_v2/paper/paper (163).npy,./batch_paper/fitted/paper (163).npy
paper,paper (164),train,./dataset/skeleton_final_v2/paper/paper (164).npy,./batch_paper/fitted/paper (164).npy
paper,paper (166),train,./dataset/skeleton_final_v2/paper/paper (166).npy,./batch_paper/fitted/paper (166).npy
paper,paper (167),train,./dataset/skeleton_final_v2/paper/paper (167).npy,./batch_paper/fitted/paper (167).npy
paper,paper (168),train,./dataset/skeleton_final_v2/paper/paper (168).npy,./batch_paper/fitted/paper (168).npy
paper,paper (17),train,./dataset/skeleton_final_v2/paper/paper (17).npy,./batch_paper/fitted/paper (17).npy
paper,paper (170),train,./dataset/skeleton_final_v2/paper/paper (170).npy,./batch_paper/fitted/paper (170).npy
paper,paper (172),train,./dataset/skeleton_final_v2/paper/paper (172).npy,./batch_paper/fitted/paper (172).npy
paper,paper (177),train,./dataset/skeleton_final_v2/paper/paper (177).npy,./batch_paper/fitted/paper (177).npy
paper,paper (18),train,./dataset/skeleton_final_v2/paper/paper (18).npy,./batch_paper/fitted/paper (18).npy
paper,paper (181),train,./dataset/skeleton_final_v2/paper/paper (181).npy,./batch_paper/fitted/paper (181).npy
paper,paper (183),train,./dataset/skeleton_final_v2/paper/paper (183).npy,./batch_paper/fitted/paper (183).npy
paper,paper (185),train,./dataset/skeleton_final_v2/paper/paper (185).npy,./batch_paper/fitted/paper (185).npy
paper,paper (186),train,./dataset/skeleton_final_v2/paper/paper (186).npy,./batch_paper/fitted/paper (186).npy
paper,paper (187),train,./dataset/skeleton_final_v2/paper/paper (187).npy,./batch_paper/fitted/paper (187).npy
paper,paper (189),train,./dataset/skeleton_final_v2/paper/paper (189).npy,./batch_paper/fitted/paper (189).npy
paper,paper (19),train,./dataset/skeleton_final_v2/paper/paper (19).npy,./batch_paper/fitted/paper (19).npy
paper,paper (191),train,./dataset/skeleton_final_v2/paper/paper (191).npy,./batch_paper/fitted/paper (191).npy
paper,paper (194),train,./dataset/skeleton_final_v2/paper/paper (194).npy,./batch_paper/fitted/paper (194).npy
paper,paper (196),train,./dataset/skeleton_final_v2/paper/paper (196).npy,./batch_paper/fitted/paper (196).npy
paper,paper (197),train,./dataset/skeleton_final_v2/paper/paper (197).npy,./batch_paper/fitted/paper (197).npy
paper,paper (198),train,./dataset/skeleton_final_v2/paper/paper (198).npy,./batch_paper/fitted/paper (198).npy
paper,paper (199),train,./dataset/skeleton_final_v2/paper/paper (199).npy,./batch_paper/fitted/paper (199).npy
paper,paper (201),train,./dataset/skeleton_final_v2/paper/paper (201).npy,./batch_paper/fitted/paper (201).npy
paper,paper (204),train,./dataset/skeleton_final_v2/paper/paper (204).npy,./batch_paper/fitted/paper (204).npy
paper,paper (209),train,./dataset/skeleton_final_v2/paper/paper (209).npy,./batch_paper/fitted/paper (209).npy
paper,paper (21),train,./dataset/skeleton_final_v2/paper/paper (21).npy,./batch_paper/fitted/paper (21).npy
paper,paper (212),train,./dataset/skeleton_final_v2/paper/paper (212).npy,./batch_paper/fitted/paper (212).npy
paper,paper (214),train,./dataset/skeleton_final_v2/paper/paper (214).npy,./batch_paper/fitted/paper (214).npy
paper,paper (215),train,./dataset/skeleton_final_v2/paper/paper (215).npy,./batch_paper/fitted/paper (215).npy
paper,paper (217),train,./dataset/skeleton_final_v2/paper/paper (217).npy,./batch_paper/fitted/paper (217).npy
paper,paper (219),train,./dataset/skeleton_final_v2/paper/paper (219).npy,./batch_paper/fitted/paper (219).npy
paper,paper (223),train,./dataset/skeleton_final_v2/paper/paper (223).npy,./batch_paper/fitted/paper (223).npy
paper,paper (227),train,./dataset/skeleton_final_v2/paper/paper (227).npy,./batch_paper/fitted/paper (227).npy
paper,paper (23),train,./dataset/skeleton_final_v2/paper/paper (23).npy,./batch_paper/fitted/paper (23).npy
paper,paper (230),train,./dataset/skeleton_final_v2/paper/paper (230).npy,./batch_paper/fitted/paper (230).npy
paper,paper (231),train,./dataset/skeleton_final_v2/paper/paper (231).npy,./batch_paper/fitted/paper (231).npy
paper,paper (233),train,./dataset/skeleton_final_v2/paper/paper (233).npy,./batch_paper/fitted/paper (233).npy
paper,paper (234),train,./dataset/skeleton_final_v2/paper/paper (234).npy,./batch_paper/fitted/paper (234).npy
paper,paper (235),train,./dataset/skeleton_final_v2/paper/paper (235).npy,./batch_paper/fitted/paper (235).npy
paper,paper (237),train,./dataset/skeleton_final_v2/paper/paper (237).npy,./batch_paper/fitted/paper (237).npy
paper,paper (239),train,./dataset/skeleton_final_v2/paper/paper (239).npy,./batch_paper/fitted/paper (239).npy
paper,paper (240),train,./dataset/skeleton_final_v2/paper/paper (240).npy,./batch_paper/fitted/paper (240).npy
paper,paper (241),train,./dataset/skeleton_final_v2/paper/paper (241).npy,./batch_paper/fitted/paper (241).npy
paper,paper (242),train,./dataset/skeleton_final_v2/paper/paper (242).npy,./batch_paper/fitted/paper (242).npy
paper,paper (243),train,./dataset/skeleton_final_v2/paper/paper (243).npy,./batch_paper/fitted/paper (243).npy
paper,paper (247),train,./dataset/skeleton_final_v2/paper/paper (247).npy,./batch_paper/fitted/paper (247).npy
paper,paper (248),train,./dataset/skeleton_final_v2/paper/paper (248).npy,./batch_paper/fitted/paper (248).npy
paper,paper (25),train,./dataset/skeleton_final_v2/paper/paper (25).npy,./batch_paper/fitted/paper (25).npy
paper,paper (251),train,./dataset/skeleton_final_v2/paper/paper (251).npy,./batch_paper/fitted/paper (251).npy
paper,paper (254),train,./dataset/skeleton_final_v2/paper/paper (254).npy,./batch_paper/fitted/paper (254).npy
paper,paper (256),train,./dataset/skeleton_final_v2/paper/paper (256).npy,./batch_paper/fitted/paper (256).npy
paper,paper (258),train,./dataset/skeleton_final_v2/paper/paper (258).npy,./batch_paper/fitted/paper (258).npy
paper,paper (259),train,./dataset/skeleton_final_v2/paper/paper (259).npy,./batch_paper/fitted/paper (259).npy
paper,paper (260),train,./dataset/skeleton_final_v2/paper/paper (260).npy,./batch_paper/fitted/paper (260).npy
paper,paper (261),train,./dataset/skeleton_final_v2/paper/paper (261).npy,./batch_paper/fitted/paper (261).npy
paper,paper (262),train,./dataset/skeleton_final_v2/paper/paper (262).npy,./batch_paper/fitted/paper (262).npy
paper,paper (267),train,./dataset/skeleton_final_v2/paper/paper (267).npy,./batch_paper/fitted/paper (267).npy
paper,paper (27),train,./dataset/skeleton_final_v2/paper/paper (27).npy,./batch_paper/fitted/paper (27).npy
paper,paper (270),train,./dataset/skeleton_final_v2/paper/paper (270).npy,./batch_paper/fitted/paper (270).npy
paper,paper (271),train,./dataset/skeleton_final_v2/paper/paper (271).npy,./batch_paper/fitted/paper (271).npy
paper,paper (272),train,./dataset/skeleton_final_v2/paper/paper (272).npy,./batch_paper/fitted/paper (272).npy
paper,paper (273),train,./dataset/skeleton_final_v2/paper/paper (273).npy,./batch_paper/fitted/paper (273).npy
paper,paper (275),train,./dataset/skeleton_final_v2/paper/paper (275).npy,./batch_paper/fitted/paper (275).npy
paper,paper (276),train,./dataset/skeleton_final_v2/paper/paper (276).npy,./batch_paper/fitted/paper (276).npy
paper,paper (28),train,./dataset/skeleton_final_v2/paper/paper (28).npy,./batch_paper/fitted/paper (28).npy
paper,paper (281),train,./dataset/skeleton_final_v2/paper/paper (281).npy,./batch_paper/fitted/paper (281).npy
paper,paper (284),train,./dataset/skeleton_final_v2/paper/paper (284).npy,./batch_paper/fitted/paper (284).npy
paper,paper (285),train,./dataset/skeleton_final_v2/paper/paper (285).npy,./batch_paper/fitted/paper (285).npy
paper,paper (286),train,./dataset/skeleton_final_v2/paper/paper (286).npy,./batch_paper/fitted/paper (286).npy
paper,paper (297),train,./dataset/skeleton_final_v2/paper/paper (297).npy,./batch_paper/fitted/paper (297).npy
paper,paper (33),train,./dataset/skeleton_final_v2/paper/paper (33).npy,./batch_paper/fitted/paper (33).npy
paper,paper (36),train,./dataset/skeleton_final_v2/paper/paper (36).npy,./batch_paper/fitted/paper (36).npy
paper,paper (38),train,./dataset/skeleton_final_v2/paper/paper (38).npy,./batch_paper/fitted/paper (38).npy
paper,paper (4),train,./dataset/skeleton_final_v2/paper/paper (4).npy,./batch_paper/fitted/paper (4).npy
paper,paper (40),train,./dataset/skeleton_final_v2/paper/paper (40).npy,./batch_paper/fitted/paper (40).npy
paper,paper (44),train,./dataset/skeleton_final_v2/paper/paper (44).npy,./batch_paper/fitted/paper (44).npy
paper,paper (45),train,./dataset/skeleton_final_v2/paper/paper (45).npy,./batch_paper/fitted/paper (45).npy
paper,paper (48),train,./dataset/skeleton_final_v2/paper/paper (48).npy,./batch_paper/fitted/paper (48).npy
paper,paper (49),train,./dataset/skeleton_final_v2/paper/paper (49).npy,./batch_paper/fitted/paper (49).npy
paper,paper (50),train,./dataset/skeleton_final_v2/paper/paper (50).npy,./batch_paper/fitted/paper (50).npy
paper,paper (51),train,./dataset/skeleton_final_v2/paper/paper (51).npy,./batch_paper/fitted/paper (51).npy
paper,paper (54),train,./dataset/skeleton_final_v2/paper/paper (54).npy,./batch_paper/fitted/paper (54).npy
paper,paper (55),train,./dataset/skeleton_final_v2/paper/paper (55).npy,./batch_paper/fitted/paper (55).npy
paper,paper (57),train,./dataset/skeleton_final_v2/paper/paper (57).npy,./batch_paper/fitted/paper (57).npy
paper,paper (58),train,./dataset/skeleton_final_v2/paper/paper (58).npy,./batch_paper/fitted/paper (58).npy
paper,paper (6),train,./dataset/skeleton_final_v2/paper/paper (6).npy,./batch_paper/fitted/paper (6).npy
paper,paper (64),train,./dataset/skeleton_final_v2/paper/paper (64).npy,./batch_paper/fitted/paper (64).npy
paper,paper (65),train,./dataset/skeleton_final_v2/paper/paper (65).npy,./batch_paper/fitted/paper (65).npy
paper,paper (66),train,./dataset/skeleton_final_v2/paper/paper (66).npy,./batch_paper/fitted/paper (66).npy
paper,paper (7),train,./dataset/skeleton_final_v2/paper/paper (7).npy,./batch_paper/fitted/paper (7).npy
paper,paper (70),train,./dataset/skeleton_final_v2/paper/paper (70).npy,./batch_paper/fitted/paper (70).npy
paper,paper (71),train,./dataset/skeleton_final_v2/paper/paper (71).npy,./batch_paper/fitted/paper (71).npy
paper,paper (75),train,./dataset/skeleton_final_v2/paper/paper (75).npy,./batch_paper/fitted/paper (75).npy
paper,paper (76),train,./dataset/skeleton_final_v2/paper/paper (76).npy,./batch_paper/fitted/paper (76).npy
paper,paper (78),train,./dataset/skeleton_final_v2/paper/paper (78).npy,./batch_paper/fitted/paper (78).npy
paper,paper (79),train,./dataset/skeleton_final_v2/paper/paper (79).npy,./batch_paper/fitted/paper (79).npy
paper,paper (8),train,./dataset/skeleton_final_v2/paper/paper (8).npy,./batch_paper/fitted/paper (8).npy
paper,paper (81),train,./dataset/skeleton_final_v2/paper/paper (81).npy,./batch_paper/fitted/paper (81).npy
paper,paper (83),train,./dataset/skeleton_final_v2/paper/paper (83).npy,./batch_paper/fitted/paper (83).npy
paper,paper (84),train,./dataset/skeleton_final_v2/paper/paper (84).npy,./batch_paper/fitted/paper (84).npy
paper,paper (85),train,./dataset/skeleton_final_v2/paper/paper (85).npy,./batch_paper/fitted/paper (85).npy
paper,paper (87),train,./dataset/skeleton_final_v2/paper/paper (87).npy,./batch_paper/fitted/paper (87).npy
paper,paper (90),train,./dataset/skeleton_final_v2/paper/paper (90).npy,./batch_paper/fitted/paper (90).npy
paper,paper (91),train,./dataset/skeleton_final_v2/paper/paper (91).npy,./batch_paper/fitted/paper (91).npy
paper,paper (92),train,./dataset/skeleton_final_v2/paper/paper (92).npy,./batch_paper/fitted/paper (92).npy
paper,paper (93),train,./dataset/skeleton_final_v2/paper/paper (93).npy,./batch_paper/fitted/paper (93).npy
paper,paper (95),train,./dataset/skeleton_final_v2/paper/paper (95).npy,./batch_paper/fitted/paper (95).npy
paper,paper (96),train,./dataset/skeleton_final_v2/paper/paper (96).npy,./batch_paper/fitted/paper (96).npy
paper,paper (98),train,./dataset/skeleton_final_v2/paper/paper (98).npy,./batch_paper/fitted/paper (98).npy
paper,paper-set2 (1),train,./dataset/skeleton_final_v2/paper/paper-set2 (1).npy,./batch_paper/fitted/paper-set2 (1).npy
paper,paper-set2 (10),train,./dataset/skeleton_final_v2/paper/paper-set2 (10).npy,./batch_paper/fitted/paper-set2 (10).npy
paper,paper-set2 (100),train,./dataset/skeleton_final_v2/paper/paper-set2 (100).npy,./batch_paper/fitted/paper-set2 (100).npy
paper,paper-set2 (101),train,./dataset/skeleton_final_v2/paper/paper-set2 (101).npy,./batch_paper/fitted/paper-set2 (101).npy
paper,paper-set2 (102),train,./dataset/skeleton_final_v2/paper/paper-set2 (102).npy,./batch_paper/fitted/paper-set2 (102).npy
paper,paper-set2 (107),train,./dataset/skeleton_final_v2/paper/paper-set2 (107).npy,./batch_paper/fitted/paper-set2 (107).npy
paper,paper-set2 (108),train,./dataset/skeleton_final_v2/paper/paper-set2 (108).npy,./batch_paper/fitted/paper-set2 (108).npy
paper,paper-set2 (109),train,./dataset/skeleton_final_v2/paper/paper-set2 (109).npy,./batch_paper/fitted/paper-set2 (109).npy
paper,paper-set2 (11),train,./dataset/skeleton_final_v2/paper/paper-set2 (11).npy,./batch_paper/fitted/paper-set2 (11).npy
paper,paper-set2 (111),train,./dataset/skeleton_final_v2/paper/paper-set2 (111).npy,./batch_paper/fitted/paper-set2 (111).npy
paper,paper-set2 (112),train,./dataset/skeleton_final_v2/paper/paper-set2 (112).npy,./batch_paper/fitted/paper-set2 (112).npy
paper,paper-set2 (113),train,./dataset/skeleton_final_v2/paper/paper-set2 (113).npy,./batch_paper/fitted/paper-set2 (113).npy
paper,paper-set2 (115),train,./dataset/skeleton_final_v2/paper/paper-set2 (115).npy,./batch_paper/fitted/paper-set2 (115).npy
paper,paper-set2 (117),train,./dataset/skeleton_final_v2/paper/paper-set2 (117).npy,./batch_paper/fitted/paper-set2 (117).npy
paper,paper-set2 (118),train,./dataset/skeleton_final_v2/paper/paper-set2 (118).npy,./batch_paper/fitted/paper-set2 (118).npy
paper,paper-set2 (119),train,./dataset/skeleton_final_v2/paper/paper-set2 (119).npy,./batch_paper/fitted/paper-set2 (119).npy
paper,paper-set2 (12),train,./dataset/skeleton_final_v2/paper/paper-set2 (12).npy,./batch_paper/fitted/paper-set2 (12).npy
paper,paper-set2 (120),train,./dataset/skeleton_final_v2/paper/paper-set2 (120).npy,./batch_paper/fitted/paper-set2 (120).npy
paper,paper-set2 (121),train,./dataset/skeleton_final_v2/paper/paper-set2 (121).npy,./batch_paper/fitted/paper-set2 (121).npy
paper,paper-set2 (122),train,./dataset/skeleton_final_v2/paper/paper-set2 (122).npy,./batch_paper/fitted/paper-set2 (122).npy
paper,paper-set2 (124),train,./dataset/skeleton_final_v2/paper/paper-set2 (124).npy,./batch_paper/fitted/paper-set2 (124).npy
paper,paper-set2 (125),train,./dataset/skeleton_final_v2/paper/paper-set2 (125).npy,./batch_paper/fitted/paper-set2 (125).npy
paper,paper-set2 (126),train,./dataset/skeleton_final_v2/paper/paper-set2 (126).npy,./batch_paper/fitted/paper-set2 (126).npy
paper,paper-set2 (127),train,./dataset/skeleton_final_v2/paper/paper-set2 (127).npy,./batch_paper/fitted/paper-set2 (127).npy
paper,paper-set2 (128),train,./dataset/skeleton_final_v2/paper/paper-set2 (128).npy,./batch_paper/fitted/paper-set2 (128).npy
paper,paper-set2 (129),train,./dataset/skeleton_final_v2/paper/paper-set2 (129).npy,./batch_paper/fitted/paper-set2 (129).npy
paper,paper-set2 (132),train,./dataset/skeleton_final_v2/paper/paper-set2 (132).npy,./batch_paper/fitted/paper-set2 (132).npy
paper,paper-set2 (133),train,./dataset/skeleton_final_v2/paper/paper-set2 (133).npy,./batch_paper/fitted/paper-set2 (133).npy
paper,paper-set2 (134),train,./dataset/skeleton_final_v2/paper/paper-set2 (134).npy,./batch_paper/fitted/paper-set2 (134).npy
paper,paper-set2 (135),train,./dataset/skeleton_final_v2/paper/paper-set2 (135).npy,./batch_paper/fitted/paper-set2 (135).npy
paper,paper-set2 (136),train,./dataset/skeleton_final_v2/paper/paper-set2 (136).npy,./batch_paper/fitted/paper-set2 (136).npy
paper,paper-set2 (138),train,./dataset/skeleton_final_v2/paper/paper-set2 (138).npy,./batch_paper/fitted/paper-set2 (138).npy
paper,paper-set2 (139),train,./dataset/skeleton_final_v2/paper/paper-set2 (139).npy,./batch_paper/fitted/paper-set2 (139).npy
paper,paper-set2 (14),train,./dataset/skeleton_final_v2/paper/paper-set2 (14).npy,./batch_paper/fitted/paper-set2 (14).npy
paper,paper-set2 (140),train,./dataset/skeleton_final_v2/paper/paper-set2 (140).npy,./batch_paper/fitted/paper-set2 (140).npy
paper,paper-set2 (141),train,./dataset/skeleton_final_v2/paper/paper-set2 (141).npy,./batch_paper/fitted/paper-set2 (141).npy
paper,paper-set2 (142),train,./dataset/skeleton_final_v2/paper/paper-set2 (142).npy,./batch_paper/fitted/paper-set2 (142).npy
paper,paper-set2 (143),train,./dataset/skeleton_final_v2/paper/paper-set2 (143).npy,./batch_paper/fitted/paper-set2 (143).npy
paper,paper-set2 (144),train,./dataset/skeleton_final_v2/paper/paper-set2 (144).npy,./batch_paper/fitted/paper-set2 (144).npy
paper,paper-set2 (145),train,./dataset/skeleton_final_v2/paper/paper-set2 (145).npy,./batch_paper/fitted/paper-set2 (145).npy
paper,paper-set2 (146),train,./dataset/skeleton_final_v2/paper/paper-set2 (146).npy,./batch_paper/fitted/paper-set2 (146).npy
paper,paper-set2 (148),train,./dataset/skeleton_final_v2/paper/paper-set2 (148).npy,./batch_paper/fitted/paper-set2 (148).npy
paper,paper-set2 (149),train,./dataset/skeleton_final_v2/paper/paper-set2 (149).npy,./batch_paper/fitted/paper-set2 (149).npy
paper,paper-set2 (15),train,./dataset/skeleton_final_v2/paper/paper-set2 (15).npy,./batch_paper/fitted/paper-set2 (15).npy
paper,paper-set2 (150),train,./dataset/skeleton_final_v2/paper/paper-set2 (150).npy,./batch_paper/fitted/paper-set2 (150).npy
paper,paper-set2 (151),train,./dataset/skeleton_final_v2/paper/paper-set2 (151).npy,./batch_paper/fitted/paper-set2 (151).npy
paper,paper-set2 (152),train,./dataset/skeleton_final_v2/paper/paper-set2 (152).npy,./batch_paper/fitted/paper-set2 (152).npy
paper,paper-set2 (154),train,./dataset/skeleton_final_v2/paper/paper-set2 (154).npy,./batch_paper/fitted/paper-set2 (154).npy
paper,paper-set2 (155),train,./dataset/skeleton_final_v2/paper/paper-set2 (155).npy,./batch_paper/fitted/paper-set2 (155).npy
paper,paper-set2 (156),train,./dataset/skeleton_final_v2/paper/paper-set2 (156).npy,./batch_paper/fitted/paper-set2 (156).npy
paper,paper-set2 (157),train,./dataset/skeleton_final_v2/paper/paper-set2 (157).npy,./batch_paper/fitted/paper-set2 (157).npy
paper,paper-set2 (159),train,./dataset/skeleton_final_v2/paper/paper-set2 (159).npy,./batch_paper/fitted/paper-set2 (159).npy
paper,paper-set2 (160),train,./dataset/skeleton_final_v2/paper/paper-set2 (160).npy,./batch_paper/fitted/paper-set2 (160).npy
paper,paper-set2 (161),train,./dataset/skeleton_final_v2/paper/paper-set2 (161).npy,./batch_paper/fitted/paper-set2 (161).npy
paper,paper-set2 (162),train,./dataset/skeleton_final_v2/paper/paper-set2 (162).npy,./batch_paper/fitted/paper-set2 (162).npy
paper,paper-set2 (163),train,./dataset/skeleton_final_v2/paper/paper-set2 (163).npy,./batch_paper/fitted/paper-set2 (163).npy
paper,paper-set2 (164),train,./dataset/skeleton_final_v2/paper/paper-set2 (164).npy,./batch_paper/fitted/paper-set2 (164).npy
paper,paper-set2 (165),train,./dataset/skeleton_final_v2/paper/paper-set2 (165).npy,./batch_paper/fitted/paper-set2 (165).npy
paper,paper-set2 (166),train,./dataset/skeleton_final_v2/paper/paper-set2 (166).npy,./batch_paper/fitted/paper-set2 (166).npy
paper,paper-set2 (167),train,./dataset/skeleton_final_v2/paper/paper-set2 (167).npy,./batch_paper/fitted/paper-set2 (167).npy
paper,paper-set2 (168),train,./dataset/skeleton_final_v2/paper/paper-set2 (168).npy,./batch_paper/fitted/paper-set2 (168).npy
paper,paper-set2 (173),train,./dataset/skeleton_final_v2/paper/paper-set2 (173).npy,./batch_paper/fitted/paper-set2 (173).npy
paper,paper-set2 (174),train,./dataset/skeleton_final_v2/paper/paper-set2 (174).npy,./batch_paper/fitted/paper-set2 (174).npy
paper,paper-set2 (176),train,./dataset/skeleton_final_v2/paper/paper-set2 (176).npy,./batch_paper/fitted/paper-set2 (176).npy
paper,paper-set2 (177),train,./dataset/skeleton_final_v2/paper/paper-set2 (177).npy,./batch_paper/fitted/paper-set2 (177).npy
paper,paper-set2 (178),train,./dataset/skeleton_final_v2/paper/paper-set2 (178).npy,./batch_paper/fitted/paper-set2 (178).npy
paper,paper-set2 (18),train,./dataset/skeleton_final_v2/paper/paper-set2 (18).npy,./batch_paper/fitted/paper-set2 (18).npy
paper,paper-set2 (180),train,./dataset/skeleton_final_v2/paper/paper-set2 (180).npy,./batch_paper/fitted/paper-set2 (180).npy
paper,paper-set2 (181),train,./dataset/skeleton_final_v2/paper/paper-set2 (181).npy,./batch_paper/fitted/paper-set2 (181).npy
paper,paper-set2 (183),train,./dataset/skeleton_final_v2/paper/paper-set2 (183).npy,./batch_paper/fitted/paper-set2 (183).npy
paper,paper-set2 (185),train,./dataset/skeleton_final_v2/paper/paper-set2 (185).npy,./batch_paper/fitted/paper-set2 (185).npy
paper,paper-set2 (189),train,./dataset/skeleton_final_v2/paper/paper-set2 (189).npy,./batch_paper/fitted/paper-set2 (189).npy
paper,paper-set2 (19),train,./dataset/skeleton_final_v2/paper/paper-set2 (19).npy,./batch_paper/fitted/paper-set2 (19).npy
paper,paper-set2 (191),train,./dataset/skeleton_final_v2/paper/paper-set2 (191).npy,./batch_paper/fitted/paper-set2 (191).npy
paper,paper-set2 (193),train,./dataset/skeleton_final_v2/paper/paper-set2 (193).npy,./batch_paper/fitted/paper-set2 (193).npy
paper,paper-set2 (195),train,./dataset/skeleton_final_v2/paper/paper-set2 (195).npy,./batch_paper/fitted/paper-set2 (195).npy
paper,paper-set2 (196),train,./dataset/skeleton_final_v2/paper/paper-set2 (196).npy,./batch_paper/fitted/paper-set2 (196).npy
paper,paper-set2 (197),train,./dataset/skeleton_final_v2/paper/paper-set2 (197).npy,./batch_paper/fitted/paper-set2 (197).npy
paper,paper-set2 (199),train,./dataset/skeleton_final_v2/paper/paper-set2 (199).npy,./batch_paper/fitted/paper-set2 (199).npy
paper,paper-set2 (200),train,./dataset/skeleton_final_v2/paper/paper-set2 (200).npy,./batch_paper/fitted/paper-set2 (200).npy
paper,paper-set2 (201),train,./dataset/skeleton_final_v2/paper/paper-set2 (201).npy,./batch_paper/fitted/paper-set2 (201).npy
paper,paper-set2 (202),train,./dataset/skeleton_final_v2/paper/paper-set2 (202).npy,./batch_paper/fitted/paper-set2 (202).npy
paper,paper-set2 (203),train,./dataset/skeleton_final_v2/paper/paper-set2 (203).npy,./batch_paper/fitted/paper-set2 (203).npy
paper,paper-set2 (205),train,./dataset/skeleton_final_v2/paper/paper-set2 (205).npy,./batch_paper/fitted/paper-set2 (205).npy
paper,paper-set2 (206),train,./dataset/skeleton_final_v2/paper/paper-set2 (206).npy,./batch_paper/fitted/paper-set2 (206).npy
paper,paper-set2 (207),train,./dataset/skeleton_final_v2/paper/paper-set2 (207).npy,./batch_paper/fitted/paper-set2 (207).npy
paper,paper-set2 (208),train,./dataset/skeleton_final_v2/paper/paper-set2 (208).npy,./batch_paper/fitted/paper-set2 (208).npy
paper,paper-set2 (209),train,./dataset/skeleton_final_v2/paper/paper-set2 (209).npy,./batch_paper/fitted/paper-set2 (209).npy
paper,paper-set2 (21),train,./dataset/skeleton_final_v2/paper/paper-set2 (21).npy,./batch_paper/fitted/paper-set2 (21).npy
paper,paper-set2 (210),train,./dataset/skeleton_final_v2/paper/paper-set2 (210).npy,./batch_paper/fitted/paper-set2 (210).npy
paper,paper-set2 (211),train,./dataset/skeleton_final_v2/paper/paper-set2 (211).npy,./batch_paper/fitted/paper-set2 (211).npy
paper,paper-set2 (214),train,./dataset/skeleton_final_v2/paper/paper-set2 (214).npy,./batch_paper/fitted/paper-set2 (214).npy
paper,paper-set2 (216),train,./dataset/skeleton_final_v2/paper/paper-set2 (216).npy,./batch_paper/fitted/paper-set2 (216).npy
paper,paper-set2 (217),train,./dataset/skeleton_final_v2/paper/paper-set2 (217).npy,./batch_paper/fitted/paper-set2 (217).npy
paper,paper-set2 (218),train,./dataset/skeleton_final_v2/paper/paper-set2 (218).npy,./batch_paper/fitted/paper-set2 (218).npy
paper,paper-set2 (219),train,./dataset/skeleton_final_v2/paper/paper-set2 (219).npy,./batch_paper/fitted/paper-set2 (219).npy
paper,paper-set2 (220),train,./dataset/skeleton_final_v2/paper/paper-set2 (220).npy,./batch_paper/fitted/paper-set2 (220).npy
paper,paper-set2 (221),train,./dataset/skeleton_final_v2/paper/paper-set2 (221).npy,./batch_paper/fitted/paper-set2 (221).npy
paper,paper-set2 (222),train,./dataset/skeleton_final_v2/paper/paper-set2 (222).npy,./batch_paper/fitted/paper-set2 (222).npy
paper,paper-set2 (224),train,./dataset/skeleton_final_v2/paper/paper-set2 (224).npy,./batch_paper/fitted/paper-set2 (224).npy
paper,paper-set2 (225),train,./dataset/skeleton_final_v2/paper/paper-set2 (225).npy,./batch_paper/fitted/paper-set2 (225).npy
paper,paper-set2 (227),train,./dataset/skeleton_final_v2/paper/paper-set2 (227).npy,./batch_paper/fitted/paper-set2 (227).npy
paper,paper-set2 (228),train,./dataset/skeleton_final_v2/paper/paper-set2 (228).npy,./batch_paper/fitted/paper-set2 (228).npy
paper,paper-set2 (229),train,./dataset/skeleton_final_v2/paper/paper-set2 (229).npy,./batch_paper/fitted/paper-set2 (229).npy
paper,paper-set2 (231),train,./dataset/skeleton_final_v2/paper/paper-set2 (231).npy,./batch_paper/fitted/paper-set2 (231).npy
paper,paper-set2 (232),train,./dataset/skeleton_final_v2/paper/paper-set2 (232).npy,./batch_paper/fitted/paper-set2 (232).npy
paper,paper-set2 (233),train,./dataset/skeleton_final_v2/paper/paper-set2 (233).npy,./batch_paper/fitted/paper-set2 (233).npy
paper,paper-set2 (234),train,./dataset/skeleton_final_v2/paper/paper-set2 (234).npy,./batch_paper/fitted/paper-set2 (234).npy
paper,paper-set2 (235),train,./dataset/skeleton_final_v2/paper/paper-set2 (235).npy,./batch_paper/fitted/paper-set2 (235).npy
paper,paper-set2 (236),train,./dataset/skeleton_final_v2/paper/paper-set2 (236).npy,./batch_paper/fitted/paper-set2 (236).npy
paper,paper-set2 (237),train,./dataset/skeleton_final_v2/paper/paper-set2 (237).npy,./batch_paper/fitted/paper-set2 (237).npy
paper,paper-set2 (238),train,./dataset/skeleton_final_v2/paper/paper-set2 (238).npy,./batch_paper/fitted/paper-set2 (238).npy
paper,paper-set2 (24),train,./dataset/skeleton_final_v2/paper/paper-set2 (24).npy,./batch_paper/fitted/paper-set2 (24).npy
paper,paper-set2 (240),train,./dataset/skeleton_final_v2/paper/paper-set2 (240).npy,./batch_paper/fitted/paper-set2 (240).npy
paper,paper-set2 (241),train,./dataset/skeleton_final_v2/paper/paper-set2 (241).npy,./batch_paper/fitted/paper-set2 (241).npy
paper,paper-set2 (242),train,./dataset/skeleton_final_v2/paper/paper-set2 (242).npy,./batch_paper/fitted/paper-set2 (242).npy
paper,paper-set2 (243),train,./dataset/skeleton_final_v2/paper/paper-set2 (243).npy,./batch_paper/fitted/paper-set2 (243).npy
paper,paper-set2 (244),train,./dataset/skeleton_final_v2/paper/paper-set2 (244).npy,./batch_paper/fitted/paper-set2 (244).npy
paper,paper-set2 (248),train,./dataset/skeleton_final_v2/paper/paper-set2 (248).npy,./batch_paper/fitted/paper-set2 (248).npy
paper,paper-set2 (249),train,./dataset/skeleton_final_v2/paper/paper-set2 (249).npy,./batch_paper/fitted/paper-set2 (249).npy
paper,paper-set2 (25),train,./dataset/skeleton_final_v2/paper/paper-set2 (25).npy,./batch_paper/fitted/paper-set2 (25).npy
paper,paper-set2 (250),train,./dataset/skeleton_final_v2/paper/paper-set2 (250).npy,./batch_paper/fitted/paper-set2 (250).npy
paper,paper-set2 (251),train,./dataset/skeleton_final_v2/paper/paper-set2 (251).npy,./batch_paper/fitted/paper-set2 (251).npy
paper,paper-set2 (254),train,./dataset/skeleton_final_v2/paper/paper-set2 (254).npy,./batch_paper/fitted/paper-set2 (254).npy
paper,paper-set2 (256),train,./dataset/skeleton_final_v2/paper/paper-set2 (256).npy,./batch_paper/fitted/paper-set2 (256).npy
paper,paper-set2 (257),train,./dataset/skeleton_final_v2/paper/paper-set2 (257).npy,./batch_paper/fitted/paper-set2 (257).npy
paper,paper-set2 (258),train,./dataset/skeleton_final_v2/paper/paper-set2 (258).npy,./batch_paper/fitted/paper-set2 (258).npy
paper,paper-set2 (26),train,./dataset/skeleton_final_v2/paper/paper-set2 (26).npy,./batch_paper/fitted/paper-set2 (26).npy
paper,paper-set2 (260),train,./dataset/skeleton_final_v2/paper/paper-set2 (260).npy,./batch_paper/fitted/paper-set2 (260).npy
paper,paper-set2 (261),train,./dataset/skeleton_final_v2/paper/paper-set2 (261).npy,./batch_paper/fitted/paper-set2 (261).npy
paper,paper-set2 (262),train,./dataset/skeleton_final_v2/paper/paper-set2 (262).npy,./batch_paper/fitted/paper-set2 (262).npy
paper,paper-set2 (263),train,./dataset/skeleton_final_v2/paper/paper-set2 (263).npy,./batch_paper/fitted/paper-set2 (263).npy
paper,paper-set2 (264),train,./dataset/skeleton_final_v2/paper/paper-set2 (264).npy,./batch_paper/fitted/paper-set2 (264).npy
paper,paper-set2 (265),train,./dataset/skeleton_final_v2/paper/paper-set2 (265).npy,./batch_paper/fitted/paper-set2 (265).npy
paper,paper-set2 (267),train,./dataset/skeleton_final_v2/paper/paper-set2 (267).npy,./batch_paper/fitted/paper-set2 (267).npy
paper,paper-set2 (268),train,./dataset/skeleton_final_v2/paper/paper-set2 (268).npy,./batch_paper/fitted/paper-set2 (268).npy
paper,paper-set2 (269),train,./dataset/skeleton_final_v2/paper/paper-set2 (269).npy,./batch_paper/fitted/paper-set2 (269).npy
paper,paper-set2 (27),train,./dataset/skeleton_final_v2/paper/paper-set2 (27).npy,./batch_paper/fitted/paper-set2 (27).npy
paper,paper-set2 (271),train,./dataset/skeleton_final_v2/paper/paper-set2 (271).npy,./batch_paper/fitted/paper-set2 (271).npy
paper,paper-set2 (272),train,./dataset/skeleton_final_v2/paper/paper-set2 (272).npy,./batch_paper/fitted/paper-set2 (272).npy
paper,paper-set2 (273),train,./dataset/skeleton_final_v2/paper/paper-set2 (273).npy,./batch_paper/fitted/paper-set2 (273).npy
paper,paper-set2 (274),train,./dataset/skeleton_final_v2/paper/paper-set2 (274).npy,./batch_paper/fitted/paper-set2 (274).npy
paper,paper-set2 (276),train,./dataset/skeleton_final_v2/paper/paper-set2 (276).npy,./batch_paper/fitted/paper-set2 (276).npy
paper,paper-set2 (277),train,./dataset/skeleton_final_v2/paper/paper-set2 (277).npy,./batch_paper/fitted/paper-set2 (277).npy
paper,paper-set2 (278),train,./dataset/skeleton_final_v2/paper/paper-set2 (278).npy,./batch_paper/fitted/paper-set2 (278).npy
paper,paper-set2 (279),train,./dataset/skeleton_final_v2/paper/paper-set2 (279).npy,./batch_paper/fitted/paper-set2 (279).npy
paper,paper-set2 (281),train,./dataset/skeleton_final_v2/paper/paper-set2 (281).npy,./batch_paper/fitted/paper-set2 (281).npy
paper,paper-set2 (282),train,./dataset/skeleton_final_v2/paper/paper-set2 (282).npy,./batch_paper/fitted/paper-set2 (282).npy
paper,paper-set2 (283),train,./dataset/skeleton_final_v2/paper/paper-set2 (283).npy,./batch_paper/fitted/paper-set2 (283).npy
paper,paper-set2 (285),train,./dataset/skeleton_final_v2/paper/paper-set2 (285).npy,./batch_paper/fitted/paper-set2 (285).npy
paper,paper-set2 (286),train,./dataset/skeleton_final_v2/paper/paper-set2 (286).npy,./batch_paper/fitted/paper-set2 (286).npy
paper,paper-set2 (287),train,./dataset/skeleton_final_v2/paper/paper-set2 (287).npy,./batch_paper/fitted/paper-set2 (287).npy
paper,paper-set2 (288),train,./dataset/skeleton_final_v2/paper/paper-set2 (288).npy,./batch_paper/fitted/paper-set2 (288).npy
paper,paper-set2 (289),train,./dataset/skeleton_final_v2/paper/paper-set2 (289).npy,./batch_paper/fitted/paper-set2 (289).npy
paper,paper-set2 (29),train,./dataset/skeleton_final_v2/paper/paper-set2 (29).npy,./batch_paper/fitted/paper-set2 (29).npy
paper,paper-set2 (290),train,./dataset/skeleton_final_v2/paper/paper-set2 (290).npy,./batch_paper/fitted/paper-set2 (290).npy
paper,paper-set2 (291),train,./dataset/skeleton_final_v2/paper/paper-set2 (291).npy,./batch_paper/fitted/paper-set2 (291).npy
paper,paper-set2 (292),train,./dataset/skeleton_final_v2/paper/paper-set2 (292).npy,./batch_paper/fitted/paper-set2 (292).npy
paper,paper-set2 (293),train,./dataset/skeleton_final_v2/paper/paper-set2 (293).npy,./batch_paper/fitted/paper-set2 (293).npy
paper,paper-set2 (294),train,./dataset/skeleton_final_v2/paper/paper-set2 (294).npy,./batch_paper/fitted/paper-set2 (294).npy
paper,paper-set2 (296),train,./dataset/skeleton_final_v2/paper/paper-set2 (296).npy,./batch_paper/fitted/paper-set2 (296).npy
paper,paper-set2 (298),train,./dataset/skeleton_final_v2/paper/paper-set2 (298).npy,./batch_paper/fitted/paper-set2 (298).npy
paper,paper-set2 (299),train,./dataset/skeleton_final_v2/paper/paper-set2 (299).npy,./batch_paper/fitted/paper-set2 (299).npy
paper,paper-set2 (3),train,./dataset/skeleton_final_v2/paper/paper-set2 (3).npy,./batch_paper/fitted/paper-set2 (3).npy
paper,paper-set2 (30),train,./dataset/skeleton_final_v2/paper/paper-set2 (30).npy,./batch_paper/fitted/paper-set2 (30).npy
paper,paper-set2 (300),train,./dataset/skeleton_final_v2/paper/paper-set2 (300).npy,./batch_paper/fitted/paper-set2 (300).npy
paper,paper-set2 (301),train,./dataset/skeleton_final_v2/paper/paper-set2 (301).npy,./batch_paper/fitted/paper-set2 (301).npy
paper,paper-set2 (302),train,./dataset/skeleton_final_v2/paper/paper-set2 (302).npy,./batch_paper/fitted/paper-set2 (302).npy
paper,paper-set2 (303),train,./dataset/skeleton_final_v2/paper/paper-set2 (303).npy,./batch_paper/fitted/paper-set2 (303).npy
paper,paper-set2 (305),train,./dataset/skeleton_final_v2/paper/paper-set2 (305).npy,./batch_paper/fitted/paper-set2 (305).npy
paper,paper-set2 (306),train,./dataset/skeleton_final_v2/paper/paper-set2 (306).npy,./batch_paper/fitted/paper-set2 (306).npy
paper,paper-set2 (307),train,./dataset/skeleton_final_v2/paper/paper-set2 (307).npy,./batch_paper/fitted/paper-set2 (307).npy
paper,paper-set2 (308),train,./dataset/skeleton_final_v2/paper/paper-set2 (308).npy,./batch_paper/fitted/paper-set2 (308).npy
paper,paper-set2 (309),train,./dataset/skeleton_final_v2/paper/paper-set2 (309).npy,./batch_paper/fitted/paper-set2 (309).npy
paper,paper-set2 (310),train,./dataset/skeleton_final_v2/paper/paper-set2 (310).npy,./batch_paper/fitted/paper-set2 (310).npy
paper,paper-set2 (311),train,./dataset/skeleton_final_v2/paper/paper-set2 (311).npy,./batch_paper/fitted/paper-set2 (311).npy
paper,paper-set2 (312),train,./dataset/skeleton_final_v2/paper/paper-set2 (312).npy,./batch_paper/fitted/paper-set2 (312).npy
paper,paper-set2 (313),train,./dataset/skeleton_final_v2/paper/paper-set2 (313).npy,./batch_paper/fitted/paper-set2 (313).npy
paper,paper-set2 (314),train,./dataset/skeleton_final_v2/paper/paper-set2 (314).npy,./batch_paper/fitted/paper-set2 (314).npy
paper,paper-set2 (315),train,./dataset/skeleton_final_v2/paper/paper-set2 (315).npy,./batch_paper/fitted/paper-set2 (315).npy
paper,paper-set2 (319),train,./dataset/skeleton_final_v2/paper/paper-set2 (319).npy,./batch_paper/fitted/paper-set2 (319).npy
paper,paper-set2 (32),train,./dataset/skeleton_final_v2/paper/paper-set2 (32).npy,./batch_paper/fitted/paper-set2 (32).npy
paper,paper-set2 (320),train,./dataset/skeleton_final_v2/paper/paper-set2 (320).npy,./batch_paper/fitted/paper-set2 (320).npy
paper,paper-set2 (321),train,./dataset/skeleton_final_v2/paper/paper-set2 (321).npy,./batch_paper/fitted/paper-set2 (321).npy
paper,paper-set2 (322),train,./dataset/skeleton_final_v2/paper/paper-set2 (322).npy,./batch_paper/fitted/paper-set2 (322).npy
paper,paper-set2 (323),train,./dataset/skeleton_final_v2/paper/paper-set2 (323).npy,./batch_paper/fitted/paper-set2 (323).npy
paper,paper-set2 (325),train,./dataset/skeleton_final_v2/paper/paper-set2 (325).npy,./batch_paper/fitted/paper-set2 (325).npy
paper,paper-set2 (327),train,./dataset/skeleton_final_v2/paper/paper-set2 (327).npy,./batch_paper/fitted/paper-set2 (327).npy
paper,paper-set2 (328),train,./dataset/skeleton_final_v2/paper/paper-set2 (328).npy,./batch_paper/fitted/paper-set2 (328).npy
paper,paper-set2 (33),train,./dataset/skeleton_final_v2/paper/paper-set2 (33).npy,./batch_paper/fitted/paper-set2 (33).npy
paper,paper-set2 (330),train,./dataset/skeleton_final_v2/paper/paper-set2 (330).npy,./batch_paper/fitted/paper-set2 (330).npy
paper,paper-set2 (331),train,./dataset/skeleton_final_v2/paper/paper-set2 (331).npy,./batch_paper/fitted/paper-set2 (331).npy
paper,paper-set2 (332),train,./dataset/skeleton_final_v2/paper/paper-set2 (332).npy,./batch_paper/fitted/paper-set2 (332).npy
paper,paper-set2 (333),train,./dataset/skeleton_final_v2/paper/paper-set2 (333).npy,./batch_paper/fitted/paper-set2 (333).npy
paper,paper-set2 (334),train,./dataset/skeleton_final_v2/paper/paper-set2 (334).npy,./batch_paper/fitted/paper-set2 (334).npy
paper,paper-set2 (335),train,./dataset/skeleton_final_v2/paper/paper-set2 (335).npy,./batch_paper/fitted/paper-set2 (335).npy
paper,paper-set2 (336),train,./dataset/skeleton_final_v2/paper/paper-set2 (336).npy,./batch_paper/fitted/paper-set2 (336).npy
paper,paper-set2 (337),train,./dataset/skeleton_final_v2/paper/paper-set2 (337).npy,./batch_paper/fitted/paper-set2 (337).npy
paper,paper-set2 (338),train,./dataset/skeleton_final_v2/paper/paper-set2 (338).npy,./batch_paper/fitted/paper-set2 (338).npy
paper,paper-set2 (340),train,./dataset/skeleton_final_v2/paper/paper-set2 (340).npy,./batch_paper/fitted/paper-set2 (340).npy
paper,paper-set2 (342),train,./dataset/skeleton_final_v2/paper/paper-set2 (342).npy,./batch_paper/fitted/paper-set2 (342).npy
paper,paper-set2 (344),train,./dataset/skeleton_final_v2/paper/paper-set2 (344).npy,./batch_paper/fitted/paper-set2 (344).npy
paper,paper-set2 (345),train,./dataset/skeleton_final_v2/paper/paper-set2 (345).npy,./batch_paper/fitted/paper-set2 (345).npy
paper,paper-set2 (346),train,./dataset/skeleton_final_v2/paper/paper-set2 (346).npy,./batch_paper/fitted/paper-set2 (346).npy
paper,paper-set2 (350),train,./dataset/skeleton_final_v2/paper/paper-set2 (350).npy,./batch_paper/fitted/paper-set2 (350).npy
paper,paper-set2 (351),train,./dataset/skeleton_final_v2/paper/paper-set2 (351).npy,./batch_paper/fitted/paper-set2 (351).npy
paper,paper-set2 (352),train,./dataset/skeleton_final_v2/paper/paper-set2 (352).npy,./batch_paper/fitted/paper-set2 (352).npy
paper,paper-set2 (354),train,./dataset/skeleton_final_v2/paper/paper-set2 (354).npy,./batch_paper/fitted/paper-set2 (354).npy
paper,paper-set2 (355),train,./dataset/skeleton_final_v2/paper/paper-set2 (355).npy,./batch_paper/fitted/paper-set2 (355).npy
paper,paper-set2 (357),train,./dataset/skeleton_final_v2/paper/paper-set2 (357).npy,./batch_paper/fitted/paper-set2 (357).npy
paper,paper-set2 (358),train,./dataset/skeleton_final_v2/paper/paper-set2 (358).npy,./batch_paper/fitted/paper-set2 (358).npy
paper,paper-set2 (359),train,./dataset/skeleton_final_v2/paper/paper-set2 (359).npy,./batch_paper/fitted/paper-set2 (359).npy
paper,paper-set2 (362),train,./dataset/skeleton_final_v2/paper/paper-set2 (362).npy,./batch_paper/fitted/paper-set2 (362).npy
paper,paper-set2 (363),train,./dataset/skeleton_final_v2/paper/paper-set2 (363).npy,./batch_paper/fitted/paper-set2 (363).npy
paper,paper-set2 (365),train,./dataset/skeleton_final_v2/paper/paper-set2 (365).npy,./batch_paper/fitted/paper-set2 (365).npy
paper,paper-set2 (366),train,./dataset/skeleton_final_v2/paper/paper-set2 (366).npy,./batch_paper/fitted/paper-set2 (366).npy
paper,paper-set2 (369),train,./dataset/skeleton_final_v2/paper/paper-set2 (369).npy,./batch_paper/fitted/paper-set2 (369).npy
paper,paper-set2 (37),train,./dataset/skeleton_final_v2/paper/paper-set2 (37).npy,./batch_paper/fitted/paper-set2 (37).npy
paper,paper-set2 (372),train,./dataset/skeleton_final_v2/paper/paper-set2 (372).npy,./batch_paper/fitted/paper-set2 (372).npy
paper,paper-set2 (373),train,./dataset/skeleton_final_v2/paper/paper-set2 (373).npy,./batch_paper/fitted/paper-set2 (373).npy
paper,paper-set2 (374),train,./dataset/skeleton_final_v2/paper/paper-set2 (374).npy,./batch_paper/fitted/paper-set2 (374).npy
paper,paper-set2 (375),train,./dataset/skeleton_final_v2/paper/paper-set2 (375).npy,./batch_paper/fitted/paper-set2 (375).npy
paper,paper-set2 (377),train,./dataset/skeleton_final_v2/paper/paper-set2 (377).npy,./batch_paper/fitted/paper-set2 (377).npy
paper,paper-set2 (378),train,./dataset/skeleton_final_v2/paper/paper-set2 (378).npy,./batch_paper/fitted/paper-set2 (378).npy
paper,paper-set2 (379),train,./dataset/skeleton_final_v2/paper/paper-set2 (379).npy,./batch_paper/fitted/paper-set2 (379).npy
paper,paper-set2 (38),train,./dataset/skeleton_final_v2/paper/paper-set2 (38).npy,./batch_paper/fitted/paper-set2 (38).npy
paper,paper-set2 (381),train,./dataset/skeleton_final_v2/paper/paper-set2 (381).npy,./batch_paper/fitted/paper-set2 (381).npy
paper,paper-set2 (383),train,./dataset/skeleton_final_v2/paper/paper-set2 (383).npy,./batch_paper/fitted/paper-set2 (383).npy
paper,paper-set2 (384),train,./dataset/skeleton_final_v2/paper/paper-set2 (384).npy,./batch_paper/fitted/paper-set2 (384).npy
paper,paper-set2 (385),train,./dataset/skeleton_final_v2/paper/paper-set2 (385).npy,./batch_paper/fitted/paper-set2 (385).npy
paper,paper-set2 (386),train,./dataset/skeleton_final_v2/paper/paper-set2 (386).npy,./batch_paper/fitted/paper-set2 (386).npy
paper,paper-set2 (388),train,./dataset/skeleton_final_v2/paper/paper-set2 (388).npy,./batch_paper/fitted/paper-set2 (388).npy
paper,paper-set2 (39),train,./dataset/skeleton_final_v2/paper/paper-set2 (39).npy,./batch_paper/fitted/paper-set2 (39).npy
paper,paper-set2 (390),train,./dataset/skeleton_final_v2/paper/paper-set2 (390).npy,./batch_paper/fitted/paper-set2 (390).npy
paper,paper-set2 (392),train,./dataset/skeleton_final_v2/paper/paper-set2 (392).npy,./batch_paper/fitted/paper-set2 (392).npy
paper,paper-set2 (395),train,./dataset/skeleton_final_v2/paper/paper-set2 (395).npy,./batch_paper/fitted/paper-set2 (395).npy
paper,paper-set2 (396),train,./dataset/skeleton_final_v2/paper/paper-set2 (396).npy,./batch_paper/fitted/paper-set2 (396).npy
paper,paper-set2 (397),train,./dataset/skeleton_final_v2/paper/paper-set2 (397).npy,./batch_paper/fitted/paper-set2 (397).npy
paper,paper-set2 (398),train,./dataset/skeleton_final_v2/paper/paper-set2 (398).npy,./batch_paper/fitted/paper-set2 (398).npy
paper,paper-set2 (399),train,./dataset/skeleton_final_v2/paper/paper-set2 (399).npy,./batch_paper/fitted/paper-set2 (399).npy
paper,paper-set2 (4),train,./dataset/skeleton_final_v2/paper/paper-set2 (4).npy,./batch_paper/fitted/paper-set2 (4).npy
paper,paper-set2 (40),train,./dataset/skeleton_final_v2/paper/paper-set2 (40).npy,./batch_paper/fitted/paper-set2 (40).npy
paper,paper-set2 (400),train,./dataset/skeleton_final_v2/paper/paper-set2 (400).npy,./batch_paper/fitted/paper-set2 (400).npy
paper,paper-set2 (401),train,./dataset/skeleton_final_v2/paper/paper-set2 (401).npy,./batch_paper/fitted/paper-set2 (401).npy
paper,paper-set2 (404),train,./dataset/skeleton_final_v2/paper/paper-set2 (404).npy,./batch_paper/fitted/paper-set2 (404).npy
paper,paper-set2 (405),train,./dataset/skeleton_final_v2/paper/paper-set2 (405).npy,./batch_paper/fitted/paper-set2 (405).npy
paper,paper-set2 (406),train,./dataset/skeleton_final_v2/paper/paper-set2 (406).npy,./batch_paper/fitted/paper-set2 (406).npy
paper,paper-set2 (407),train,./dataset/skeleton_final_v2/paper/paper-set2 (407).npy,./batch_paper/fitted/paper-set2 (407).npy
paper,paper-set2 (408),train,./dataset/skeleton_final_v2/paper/paper-set2 (408).npy,./batch_paper/fitted/paper-set2 (408).npy
paper,paper-set2 (409),train,./dataset/skeleton_final_v2/paper/paper-set2 (409).npy,./batch_paper/fitted/paper-set2 (409).npy
paper,paper-set2 (41),train,./dataset/skeleton_final_v2/paper/paper-set2 (41).npy,./batch_paper/fitted/paper-set2 (41).npy
paper,paper-set2 (410),train,./dataset/skeleton_final_v2/paper/paper-set2 (410).npy,./batch_paper/fitted/paper-set2 (410).npy
paper,paper-set2 (411),train,./dataset/skeleton_final_v2/paper/paper-set2 (411).npy,./batch_paper/fitted/paper-set2 (411).npy
paper,paper-set2 (413),train,./dataset/skeleton_final_v2/paper/paper-set2 (413).npy,./batch_paper/fitted/paper-set2 (413).npy
paper,paper-set2 (415),train,./dataset/skeleton_final_v2/paper/paper-set2 (415).npy,./batch_paper/fitted/paper-set2 (415).npy
paper,paper-set2 (417),train,./dataset/skeleton_final_v2/paper/paper-set2 (417).npy,./batch_paper/fitted/paper-set2 (417).npy
paper,paper-set2 (418),train,./dataset/skeleton_final_v2/paper/paper-set2 (418).npy,./batch_paper/fitted/paper-set2 (418).npy
paper,paper-set2 (419),train,./dataset/skeleton_final_v2/paper/paper-set2 (419).npy,./batch_paper/fitted/paper-set2 (419).npy
paper,paper-set2 (42),train,./dataset/skeleton_final_v2/paper/paper-set2 (42).npy,./batch_paper/fitted/paper-set2 (42).npy
paper,paper-set2 (420),train,./dataset/skeleton_final_v2/paper/paper-set2 (420).npy,./batch_paper/fitted/paper-set2 (420).npy
paper,paper-set2 (422),train,./dataset/skeleton_final_v2/paper/paper-set2 (422).npy,./batch_paper/fitted/paper-set2 (422).npy
paper,paper-set2 (423),train,./dataset/skeleton_final_v2/paper/paper-set2 (423).npy,./batch_paper/fitted/paper-set2 (423).npy
paper,paper-set2 (425),train,./dataset/skeleton_final_v2/paper/paper-set2 (425).npy,./batch_paper/fitted/paper-set2 (425).npy
paper,paper-set2 (426),train,./dataset/skeleton_final_v2/paper/paper-set2 (426).npy,./batch_paper/fitted/paper-set2 (426).npy
paper,paper-set2 (427),train,./dataset/skeleton_final_v2/paper/paper-set2 (427).npy,./batch_paper/fitted/paper-set2 (427).npy
paper,paper-set2 (428),train,./dataset/skeleton_final_v2/paper/paper-set2 (428).npy,./batch_paper/fitted/paper-set2 (428).npy
paper,paper-set2 (429),train,./dataset/skeleton_final_v2/paper/paper-set2 (429).npy,./batch_paper/fitted/paper-set2 (429).npy
paper,paper-set2 (430),train,./dataset/skeleton_final_v2/paper/paper-set2 (430).npy,./batch_paper/fitted/paper-set2 (430).npy
paper,paper-set2 (432),train,./dataset/skeleton_final_v2/paper/paper-set2 (432).npy,./batch_paper/fitted/paper-set2 (432).npy
paper,paper-set2 (434),train,./dataset/skeleton_final_v2/paper/paper-set2 (434).npy,./batch_paper/fitted/paper-set2 (434).npy
paper,paper-set2 (435),train,./dataset/skeleton_final_v2/paper/paper-set2 (435).npy,./batch_paper/fitted/paper-set2 (435).npy
paper,paper-set2 (436),train,./dataset/skeleton_final_v2/paper/paper-set2 (436).npy,./batch_paper/fitted/paper-set2 (436).npy
paper,paper-set2 (439),train,./dataset/skeleton_final_v2/paper/paper-set2 (439).npy,./batch_paper/fitted/paper-set2 (439).npy
paper,paper-set2 (44),train,./dataset/skeleton_final_v2/paper/paper-set2 (44).npy,./batch_paper/fitted/paper-set2 (44).npy
paper,paper-set2 (441),train,./dataset/skeleton_final_v2/paper/paper-set2 (441).npy,./batch_paper/fitted/paper-set2 (441).npy
paper,paper-set2 (442),train,./dataset/skeleton_final_v2/paper/paper-set2 (442).npy,./batch_paper/fitted/paper-set2 (442).npy
paper,paper-set2 (443),train,./dataset/skeleton_final_v2/paper/paper-set2 (443).npy,./batch_paper/fitted/paper-set2 (443).npy
paper,paper-set2 (444),train,./dataset/skeleton_final_v2/paper/paper-set2 (444).npy,./batch_paper/fitted/paper-set2 (444).npy
paper,paper-set2 (445),train,./dataset/skeleton_final_v2/paper/paper-set2 (445).npy,./batch_paper/fitted/paper-set2 (445).npy
paper,paper-set2 (446),train,./dataset/skeleton_final_v2/paper/paper-set2 (446).npy,./batch_paper/fitted/paper-set2 (446).npy
paper,paper-set2 (447),train,./dataset/skeleton_final_v2/paper/paper-set2 (447).npy,./batch_paper/fitted/paper-set2 (447).npy
paper,paper-set2 (448),train,./dataset/skeleton_final_v2/paper/paper-set2 (448).npy,./batch_paper/fitted/paper-set2 (448).npy
paper,paper-set2 (45),train,./dataset/skeleton_final_v2/paper/paper-set2 (45).npy,./batch_paper/fitted/paper-set2 (45).npy
paper,paper-set2 (451),train,./dataset/skeleton_final_v2/paper/paper-set2 (451).npy,./batch_paper/fitted/paper-set2 (451).npy
paper,paper-set2 (455),train,./dataset/skeleton_final_v2/paper/paper-set2 (455).npy,./batch_paper/fitted/paper-set2 (455).npy
paper,paper-set2 (456),train,./dataset/skeleton_final_v2/paper/paper-set2 (456).npy,./batch_paper/fitted/paper-set2 (456).npy
paper,paper-set2 (457),train,./dataset/skeleton_final_v2/paper/paper-set2 (457).npy,./batch_paper/fitted/paper-set2 (457).npy
paper,paper-set2 (458),train,./dataset/skeleton_final_v2/paper/paper-set2 (458).npy,./batch_paper/fitted/paper-set2 (458).npy
paper,paper-set2 (46),train,./dataset/skeleton_final_v2/paper/paper-set2 (46).npy,./batch_paper/fitted/paper-set2 (46).npy
paper,paper-set2 (460),train,./dataset/skeleton_final_v2/paper/paper-set2 (460).npy,./batch_paper/fitted/paper-set2 (460).npy
paper,paper-set2 (461),train,./dataset/skeleton_final_v2/paper/paper-set2 (461).npy,./batch_paper/fitted/paper-set2 (461).npy
paper,paper-set2 (462),train,./dataset/skeleton_final_v2/paper/paper-set2 (462).npy,./batch_paper/fitted/paper-set2 (462).npy
paper,paper-set2 (464),train,./dataset/skeleton_final_v2/paper/paper-set2 (464).npy,./batch_paper/fitted/paper-set2 (464).npy
paper,paper-set2 (465),train,./dataset/skeleton_final_v2/paper/paper-set2 (465).npy,./batch_paper/fitted/paper-set2 (465).npy
paper,paper-set2 (466),train,./dataset/skeleton_final_v2/paper/paper-set2 (466).npy,./batch_paper/fitted/paper-set2 (466).npy
paper,paper-set2 (467),train,./dataset/skeleton_final_v2/paper/paper-set2 (467).npy,./batch_paper/fitted/paper-set2 (467).npy
paper,paper-set2 (468),train,./dataset/skeleton_final_v2/paper/paper-set2 (468).npy,./batch_paper/fitted/paper-set2 (468).npy
paper,paper-set2 (47),train,./dataset/skeleton_final_v2/paper/paper-set2 (47).npy,./batch_paper/fitted/paper-set2 (47).npy
paper,paper-set2 (470),train,./dataset/skeleton_final_v2/paper/paper-set2 (470).npy,./batch_paper/fitted/paper-set2 (470).npy
paper,paper-set2 (472),train,./dataset/skeleton_final_v2/paper/paper-set2 (472).npy,./batch_paper/fitted/paper-set2 (472).npy
paper,paper-set2 (475),train,./dataset/skeleton_final_v2/paper/paper-set2 (475).npy,./batch_paper/fitted/paper-set2 (475).npy
paper,paper-set2 (476),train,./dataset/skeleton_final_v2/paper/paper-set2 (476).npy,./batch_paper/fitted/paper-set2 (476).npy
paper,paper-set2 (477),train,./dataset/skeleton_final_v2/paper/paper-set2 (477).npy,./batch_paper/fitted/paper-set2 (477).npy
paper,paper-set2 (479),train,./dataset/skeleton_final_v2/paper/paper-set2 (479).npy,./batch_paper/fitted/paper-set2 (479).npy
paper,paper-set2 (48),train,./dataset/skeleton_final_v2/paper/paper-set2 (48).npy,./batch_paper/fitted/paper-set2 (48).npy
paper,paper-set2 (481),train,./dataset/skeleton_final_v2/paper/paper-set2 (481).npy,./batch_paper/fitted/paper-set2 (481).npy
paper,paper-set2 (482),train,./dataset/skeleton_final_v2/paper/paper-set2 (482).npy,./batch_paper/fitted/paper-set2 (482).npy
paper,paper-set2 (483),train,./dataset/skeleton_final_v2/paper/paper-set2 (483).npy,./batch_paper/fitted/paper-set2 (483).npy
paper,paper-set2 (485),train,./dataset/skeleton_final_v2/paper/paper-set2 (485).npy,./batch_paper/fitted/paper-set2 (485).npy
paper,paper-set2 (487),train,./dataset/skeleton_final_v2/paper/paper-set2 (487).npy,./batch_paper/fitted/paper-set2 (487).npy
paper,paper-set2 (488),train,./dataset/skeleton_final_v2/paper/paper-set2 (488).npy,./batch_paper/fitted/paper-set2 (488).npy
paper,paper-set2 (49),train,./dataset/skeleton_final_v2/paper/paper-set2 (49).npy,./batch_paper/fitted/paper-set2 (49).npy
paper,paper-set2 (491),train,./dataset/skeleton_final_v2/paper/paper-set2 (491).npy,./batch_paper/fitted/paper-set2 (491).npy
paper,paper-set2 (492),train,./dataset/skeleton_final_v2/paper/paper-set2 (492).npy,./batch_paper/fitted/paper-set2 (492).npy
paper,paper-set2 (493),train,./dataset/skeleton_final_v2/paper/paper-set2 (493).npy,./batch_paper/fitted/paper-set2 (493).npy
paper,paper-set2 (494),train,./dataset/skeleton_final_v2/paper/paper-set2 (494).npy,./batch_paper/fitted/paper-set2 (494).npy
paper,paper-set2 (495),train,./dataset/skeleton_final_v2/paper/paper-set2 (495).npy,./batch_paper/fitted/paper-set2 (495).npy
paper,paper-set2 (498),train,./dataset/skeleton_final_v2/paper/paper-set2 (498).npy,./batch_paper/fitted/paper-set2 (498).npy
paper,paper-set2 (499),train,./dataset/skeleton_final_v2/paper/paper-set2 (499).npy,./batch_paper/fitted/paper-set2 (499).npy
paper,paper-set2 (5),train,./dataset/skeleton_final_v2/paper/paper-set2 (5).npy,./batch_paper/fitted/paper-set2 (5).npy
paper,paper-set2 (50),train,./dataset/skeleton_final_v2/paper/paper-set2 (50).npy,./batch_paper/fitted/paper-set2 (50).npy
paper,paper-set2 (501),train,./dataset/skeleton_final_v2/paper/paper-set2 (501).npy,./batch_paper/fitted/paper-set2 (501).npy
paper,paper-set2 (502),train,./dataset/skeleton_final_v2/paper/paper-set2 (502).npy,./batch_paper/fitted/paper-set2 (502).npy
paper,paper-set2 (503),train,./dataset/skeleton_final_v2/paper/paper-set2 (503).npy,./batch_paper/fitted/paper-set2 (503).npy
paper,paper-set2 (504),train,./dataset/skeleton_final_v2/paper/paper-set2 (504).npy,./batch_paper/fitted/paper-set2 (504).npy
paper,paper-set2 (505),train,./dataset/skeleton_final_v2/paper/paper-set2 (505).npy,./batch_paper/fitted/paper-set2 (505).npy
paper,paper-set2 (506),train,./dataset/skeleton_final_v2/paper/paper-set2 (506).npy,./batch_paper/fitted/paper-set2 (506).npy
paper,paper-set2 (507),train,./dataset/skeleton_final_v2/paper/paper-set2 (507).npy,./batch_paper/fitted/paper-set2 (507).npy
paper,paper-set2 (51),train,./dataset/skeleton_final_v2/paper/paper-set2 (51).npy,./batch_paper/fitted/paper-set2 (51).npy
paper,paper-set2 (53),train,./dataset/skeleton_final_v2/paper/paper-set2 (53).npy,./batch_paper/fitted/paper-set2 (53).npy
paper,paper-set2 (54),train,./dataset/skeleton_final_v2/paper/paper-set2 (54).npy,./batch_paper/fitted/paper-set2 (54).npy
paper,paper-set2 (55),train,./dataset/skeleton_final_v2/paper/paper-set2 (55).npy,./batch_paper/fitted/paper-set2 (55).npy
paper,paper-set2 (56),train,./dataset/skeleton_final_v2/paper/paper-set2 (56).npy,./batch_paper/fitted/paper-set2 (56).npy
paper,paper-set2 (57),train,./dataset/skeleton_final_v2/paper/paper-set2 (57).npy,./batch_paper/fitted/paper-set2 (57).npy
paper,paper-set2 (60),train,./dataset/skeleton_final_v2/paper/paper-set2 (60).npy,./batch_paper/fitted/paper-set2 (60).npy
paper,paper-set2 (63),train,./dataset/skeleton_final_v2/paper/paper-set2 (63).npy,./batch_paper/fitted/paper-set2 (63).npy
paper,paper-set2 (65),train,./dataset/skeleton_final_v2/paper/paper-set2 (65).npy,./batch_paper/fitted/paper-set2 (65).npy
paper,paper-set2 (66),train,./dataset/skeleton_final_v2/paper/paper-set2 (66).npy,./batch_paper/fitted/paper-set2 (66).npy
paper,paper-set2 (67),train,./dataset/skeleton_final_v2/paper/paper-set2 (67).npy,./batch_paper/fitted/paper-set2 (67).npy
paper,paper-set2 (70),train,./dataset/skeleton_final_v2/paper/paper-set2 (70).npy,./batch_paper/fitted/paper-set2 (70).npy
paper,paper-set2 (71),train,./dataset/skeleton_final_v2/paper/paper-set2 (71).npy,./batch_paper/fitted/paper-set2 (71).npy
paper,paper-set2 (72),train,./dataset/skeleton_final_v2/paper/paper-set2 (72).npy,./batch_paper/fitted/paper-set2 (72).npy
paper,paper-set2 (76),train,./dataset/skeleton_final_v2/paper/paper-set2 (76).npy,./batch_paper/fitted/paper-set2 (76).npy
paper,paper-set2 (77),train,./dataset/skeleton_final_v2/paper/paper-set2 (77).npy,./batch_paper/fitted/paper-set2 (77).npy
paper,paper-set2 (8),train,./dataset/skeleton_final_v2/paper/paper-set2 (8).npy,./batch_paper/fitted/paper-set2 (8).npy
paper,paper-set2 (81),train,./dataset/skeleton_final_v2/paper/paper-set2 (81).npy,./batch_paper/fitted/paper-set2 (81).npy
paper,paper-set2 (82),train,./dataset/skeleton_final_v2/paper/paper-set2 (82).npy,./batch_paper/fitted/paper-set2 (82).npy
paper,paper-set2 (83),train,./dataset/skeleton_final_v2/paper/paper-set2 (83).npy,./batch_paper/fitted/paper-set2 (83).npy
paper,paper-set2 (84),train,./dataset/skeleton_final_v2/paper/paper-set2 (84).npy,./batch_paper/fitted/paper-set2 (84).npy
paper,paper-set2 (86),train,./dataset/skeleton_final_v2/paper/paper-set2 (86).npy,./batch_paper/fitted/paper-set2 (86).npy
paper,paper-set2 (88),train,./dataset/skeleton_final_v2/paper/paper-set2 (88).npy,./batch_paper/fitted/paper-set2 (88).npy
paper,paper-set2 (89),train,./dataset/skeleton_final_v2/paper/paper-set2 (89).npy,./batch_paper/fitted/paper-set2 (89).npy
paper,paper-set2 (91),train,./dataset/skeleton_final_v2/paper/paper-set2 (91).npy,./batch_paper/fitted/paper-set2 (91).npy
paper,paper-set2 (92),train,./dataset/skeleton_final_v2/paper/paper-set2 (92).npy,./batch_paper/fitted/paper-set2 (92).npy
paper,paper-set2 (93),train,./dataset/skeleton_final_v2/paper/paper-set2 (93).npy,./batch_paper/fitted/paper-set2 (93).npy
paper,paper-set2 (95),train,./dataset/skeleton_final_v2/paper/paper-set2 (95).npy,./batch_paper/fitted/paper-set2 (95).npy
paper,paper-set2 (96),train,./dataset/skeleton_final_v2/paper/paper-set2 (96).npy,./batch_paper/fitted/paper-set2 (96).npy
paper,paper-set2 (97),train,./dataset/skeleton_final_v2/paper/paper-set2 (97).npy,./batch_paper/fitted/paper-set2 (97).npy
paper,paper-set2 (98),train,./dataset/skeleton_final_v2/paper/paper-set2 (98).npy,./batch_paper/fitted/paper-set2 (98).npy
paper,paper-set2 (99),train,./dataset/skeleton_final_v2/paper/paper-set2 (99).npy,./batch_paper/fitted/paper-set2 (99).npy
paper,paper_1003,train,./dataset/skeleton_final_v2/paper/paper_1003.npy,./batch_paper/fitted/paper_1003.npy
paper,paper_1007,train,./dataset/skeleton_final_v2/paper/paper_1007.npy,./batch_paper/fitted/paper_1007.npy
paper,paper_1026,train,./dataset/skeleton_final_v2/paper/paper_1026.npy,./batch_paper/fitted/paper_1026.npy
paper,paper_1029,train,./dataset/skeleton_final_v2/paper/paper_1029.npy,./batch_paper/fitted/paper_1029.npy
paper,paper_1033,train,./dataset/skeleton_final_v2/paper/paper_1033.npy,./batch_paper/fitted/paper_1033.npy
paper,paper_1037,train,./dataset/skeleton_final_v2/paper/paper_1037.npy,./batch_paper/fitted/paper_1037.npy
paper,paper_1059,train,./dataset/skeleton_final_v2/paper/paper_1059.npy,./batch_paper/fitted/paper_1059.npy
paper,paper_1432,train,./dataset/skeleton_final_v2/paper/paper_1432.npy,./batch_paper/fitted/paper_1432.npy
paper,paper_1434,train,./dataset/skeleton_final_v2/paper/paper_1434.npy,./batch_paper/fitted/paper_1434.npy
paper,paper_1436,train,./dataset/skeleton_final_v2/paper/paper_1436.npy,./batch_paper/fitted/paper_1436.npy
paper,paper_1438,train,./dataset/skeleton_final_v2/paper/paper_1438.npy,./batch_paper/fitted/paper_1438.npy
paper,paper_1442,train,./dataset/skeleton_final_v2/paper/paper_1442.npy,./batch_paper/fitted/paper_1442.npy
paper,paper_1446,train,./dataset/skeleton_final_v2/paper/paper_1446.npy,./batch_paper/fitted/paper_1446.npy
paper,paper_1450,train,./dataset/skeleton_final_v2/paper/paper_1450.npy,./batch_paper/fitted/paper_1450.npy
paper,paper_1452,train,./dataset/skeleton_final_v2/paper/paper_1452.npy,./batch_paper/fitted/paper_1452.npy
paper,paper_1454,train,./dataset/skeleton_final_v2/paper/paper_1454.npy,./batch_paper/fitted/paper_1454.npy
paper,paper_1464,train,./dataset/skeleton_final_v2/paper/paper_1464.npy,./batch_paper/fitted/paper_1464.npy
paper,paper_1468,train,./dataset/skeleton_final_v2/paper/paper_1468.npy,./batch_paper/fitted/paper_1468.npy
paper,paper_1470,train,./dataset/skeleton_final_v2/paper/paper_1470.npy,./batch_paper/fitted/paper_1470.npy
paper,paper_1820,train,./dataset/skeleton_final_v2/paper/paper_1820.npy,./batch_paper/fitted/paper_1820.npy
paper,paper_1822,train,./dataset/skeleton_final_v2/paper/paper_1822.npy,./batch_paper/fitted/paper_1822.npy
paper,paper_1824,train,./dataset/skeleton_final_v2/paper/paper_1824.npy,./batch_paper/fitted/paper_1824.npy
paper,paper_1840,train,./dataset/skeleton_final_v2/paper/paper_1840.npy,./batch_paper/fitted/paper_1840.npy
paper,paper_1844,train,./dataset/skeleton_final_v2/paper/paper_1844.npy,./batch_paper/fitted/paper_1844.npy
paper,paper_1850,train,./dataset/skeleton_final_v2/paper/paper_1850.npy,./batch_paper/fitted/paper_1850.npy
paper,paper_1852,train,./dataset/skeleton_final_v2/paper/paper_1852.npy,./batch_paper/fitted/paper_1852.npy
paper,paper_1854,train,./dataset/skeleton_final_v2/paper/paper_1854.npy,./batch_paper/fitted/paper_1854.npy
paper,paper_1856,train,./dataset/skeleton_final_v2/paper/paper_1856.npy,./batch_paper/fitted/paper_1856.npy
paper,paper_1860,train,./dataset/skeleton_final_v2/paper/paper_1860.npy,./batch_paper/fitted/paper_1860.npy
paper,paper_1864,train,./dataset/skeleton_final_v2/paper/paper_1864.npy,./batch_paper/fitted/paper_1864.npy
paper,paper_22,train,./dataset/skeleton_final_v2/paper/paper_22.npy,./batch_paper/fitted/paper_22.npy
paper,paper_2438,train,./dataset/skeleton_final_v2/paper/paper_2438.npy,./batch_paper/fitted/paper_2438.npy
paper,paper_2449,train,./dataset/skeleton_final_v2/paper/paper_2449.npy,./batch_paper/fitted/paper_2449.npy
paper,paper_2453,train,./dataset/skeleton_final_v2/paper/paper_2453.npy,./batch_paper/fitted/paper_2453.npy
paper,paper_2456,train,./dataset/skeleton_final_v2/paper/paper_2456.npy,./batch_paper/fitted/paper_2456.npy
paper,paper_2461,train,./dataset/skeleton_final_v2/paper/paper_2461.npy,./batch_paper/fitted/paper_2461.npy
paper,paper_2462,train,./dataset/skeleton_final_v2/paper/paper_2462.npy,./batch_paper/fitted/paper_2462.npy
paper,paper_2469,train,./dataset/skeleton_final_v2/paper/paper_2469.npy,./batch_paper/fitted/paper_2469.npy
paper,paper_2479,train,./dataset/skeleton_final_v2/paper/paper_2479.npy,./batch_paper/fitted/paper_2479.npy
paper,paper_2481,train,./dataset/skeleton_final_v2/paper/paper_2481.npy,./batch_paper/fitted/paper_2481.npy
paper,paper_2484,train,./dataset/skeleton_final_v2/paper/paper_2484.npy,./batch_paper/fitted/paper_2484.npy
paper,paper_2487,train,./dataset/skeleton_final_v2/paper/paper_2487.npy,./batch_paper/fitted/paper_2487.npy
paper,paper_2490,train,./dataset/skeleton_final_v2/paper/paper_2490.npy,./batch_paper/fitted/paper_2490.npy
paper,paper_2499,train,./dataset/skeleton_final_v2/paper/paper_2499.npy,./batch_paper/fitted/paper_2499.npy
paper,paper_25,train,./dataset/skeleton_final_v2/paper/paper_25.npy,./batch_paper/fitted/paper_25.npy
paper,paper_2505,train,./dataset/skeleton_final_v2/paper/paper_2505.npy,./batch_paper/fitted/paper_2505.npy
paper,paper_2508,train,./dataset/skeleton_final_v2/paper/paper_2508.npy,./batch_paper/fitted/paper_2508.npy
paper,paper_2511,train,./dataset/skeleton_final_v2/paper/paper_2511.npy,./batch_paper/fitted/paper_2511.npy
paper,paper_2533,train,./dataset/skeleton_final_v2/paper/paper_2533.npy,./batch_paper/fitted/paper_2533.npy
paper,paper_2542,train,./dataset/skeleton_final_v2/paper/paper_2542.npy,./batch_paper/fitted/paper_2542.npy
paper,paper_2545,train,./dataset/skeleton_final_v2/paper/paper_2545.npy,./batch_paper/fitted/paper_2545.npy
paper,paper_2550,train,./dataset/skeleton_final_v2/paper/paper_2550.npy,./batch_paper/fitted/paper_2550.npy
paper,paper_2554,train,./dataset/skeleton_final_v2/paper/paper_2554.npy,./batch_paper/fitted/paper_2554.npy
paper,paper_2557,train,./dataset/skeleton_final_v2/paper/paper_2557.npy,./batch_paper/fitted/paper_2557.npy
paper,paper_2562,train,./dataset/skeleton_final_v2/paper/paper_2562.npy,./batch_paper/fitted/paper_2562.npy
paper,paper_2564,train,./dataset/skeleton_final_v2/paper/paper_2564.npy,./batch_paper/fitted/paper_2564.npy
paper,paper_2566,train,./dataset/skeleton_final_v2/paper/paper_2566.npy,./batch_paper/fitted/paper_2566.npy
paper,paper_2568,train,./dataset/skeleton_final_v2/paper/paper_2568.npy,./batch_paper/fitted/paper_2568.npy
paper,paper_2575,train,./dataset/skeleton_final_v2/paper/paper_2575.npy,./batch_paper/fitted/paper_2575.npy
paper,paper_26,train,./dataset/skeleton_final_v2/paper/paper_26.npy,./batch_paper/fitted/paper_26.npy
paper,paper_27,train,./dataset/skeleton_final_v2/paper/paper_27.npy,./batch_paper/fitted/paper_27.npy
paper,paper_29,train,./dataset/skeleton_final_v2/paper/paper_29.npy,./batch_paper/fitted/paper_29.npy
paper,paper_31,train,./dataset/skeleton_final_v2/paper/paper_31.npy,./batch_paper/fitted/paper_31.npy
paper,paper_33,train,./dataset/skeleton_final_v2/paper/paper_33.npy,./batch_paper/fitted/paper_33.npy
paper,paper_35,train,./dataset/skeleton_final_v2/paper/paper_35.npy,./batch_paper/fitted/paper_35.npy
paper,paper_356,train,./dataset/skeleton_final_v2/paper/paper_356.npy,./batch_paper/fitted/paper_356.npy
paper,paper_358,train,./dataset/skeleton_final_v2/paper/paper_358.npy,./batch_paper/fitted/paper_358.npy
paper,paper_3634,train,./dataset/skeleton_final_v2/paper/paper_3634.npy,./batch_paper/fitted/paper_3634.npy
paper,paper_3635,train,./dataset/skeleton_final_v2/paper/paper_3635.npy,./batch_paper/fitted/paper_3635.npy
paper,paper_3637,train,./dataset/skeleton_final_v2/paper/paper_3637.npy,./batch_paper/fitted/paper_3637.npy
paper,paper_3639,train,./dataset/skeleton_final_v2/paper/paper_3639.npy,./batch_paper/fitted/paper_3639.npy
paper,paper_3640,train,./dataset/skeleton_final_v2/paper/paper_3640.npy,./batch_paper/fitted/paper_3640.npy
paper,paper_3642,train,./dataset/skeleton_final_v2/paper/paper_3642.npy,./batch_paper/fitted/paper_3642.npy
paper,paper_3643,train,./dataset/skeleton_final_v2/paper/paper_3643.npy,./batch_paper/fitted/paper_3643.npy
paper,paper_3644,train,./dataset/skeleton_final_v2/paper/paper_3644.npy,./batch_paper/fitted/paper_3644.npy
paper,paper_3645,train,./dataset/skeleton_final_v2/paper/paper_3645.npy,./batch_paper/fitted/paper_3645.npy
paper,paper_3654,train,./dataset/skeleton_final_v2/paper/paper_3654.npy,./batch_paper/fitted/paper_3654.npy
paper,paper_366,train,./dataset/skeleton_final_v2/paper/paper_366.npy,./batch_paper/fitted/paper_366.npy
paper,paper_3669,train,./dataset/skeleton_final_v2/paper/paper_3669.npy,./batch_paper/fitted/paper_3669.npy
paper,paper_3681,train,./dataset/skeleton_final_v2/paper/paper_3681.npy,./batch_paper/fitted/paper_3681.npy
paper,paper_3689,train,./dataset/skeleton_final_v2/paper/paper_3689.npy,./batch_paper/fitted/paper_3689.npy
paper,paper_3697,train,./dataset/skeleton_final_v2/paper/paper_3697.npy,./batch_paper/fitted/paper_3697.npy
paper,paper_37,train,./dataset/skeleton_final_v2/paper/paper_37.npy,./batch_paper/fitted/paper_37.npy
paper,paper_3715,train,./dataset/skeleton_final_v2/paper/paper_3715.npy,./batch_paper/fitted/paper_3715.npy
paper,paper_372,train,./dataset/skeleton_final_v2/paper/paper_372.npy,./batch_paper/fitted/paper_372.npy
paper,paper_3720,train,./dataset/skeleton_final_v2/paper/paper_3720.npy,./batch_paper/fitted/paper_3720.npy
paper,paper_3723,train,./dataset/skeleton_final_v2/paper/paper_3723.npy,./batch_paper/fitted/paper_3723.npy
paper,paper_3726,train,./dataset/skeleton_final_v2/paper/paper_3726.npy,./batch_paper/fitted/paper_3726.npy
paper,paper_3732,train,./dataset/skeleton_final_v2/paper/paper_3732.npy,./batch_paper/fitted/paper_3732.npy
paper,paper_3739,train,./dataset/skeleton_final_v2/paper/paper_3739.npy,./batch_paper/fitted/paper_3739.npy
paper,paper_3740,train,./dataset/skeleton_final_v2/paper/paper_3740.npy,./batch_paper/fitted/paper_3740.npy
paper,paper_3744,train,./dataset/skeleton_final_v2/paper/paper_3744.npy,./batch_paper/fitted/paper_3744.npy
paper,paper_3746,train,./dataset/skeleton_final_v2/paper/paper_3746.npy,./batch_paper/fitted/paper_3746.npy
paper,paper_3748,train,./dataset/skeleton_final_v2/paper/paper_3748.npy,./batch_paper/fitted/paper_3748.npy
paper,paper_3752,train,./dataset/skeleton_final_v2/paper/paper_3752.npy,./batch_paper/fitted/paper_3752.npy
paper,paper_3756,train,./dataset/skeleton_final_v2/paper/paper_3756.npy,./batch_paper/fitted/paper_3756.npy
paper,paper_3758,train,./dataset/skeleton_final_v2/paper/paper_3758.npy,./batch_paper/fitted/paper_3758.npy
paper,paper_3762,train,./dataset/skeleton_final_v2/paper/paper_3762.npy,./batch_paper/fitted/paper_3762.npy
paper,paper_3765,train,./dataset/skeleton_final_v2/paper/paper_3765.npy,./batch_paper/fitted/paper_3765.npy
paper,paper_3767,train,./dataset/skeleton_final_v2/paper/paper_3767.npy,./batch_paper/fitted/paper_3767.npy
paper,paper_3779,train,./dataset/skeleton_final_v2/paper/paper_3779.npy,./batch_paper/fitted/paper_3779.npy
paper,paper_378,train,./dataset/skeleton_final_v2/paper/paper_378.npy,./batch_paper/fitted/paper_378.npy
paper,paper_3782,train,./dataset/skeleton_final_v2/paper/paper_3782.npy,./batch_paper/fitted/paper_3782.npy
paper,paper_3788,train,./dataset/skeleton_final_v2/paper/paper_3788.npy,./batch_paper/fitted/paper_3788.npy
paper,paper_3791,train,./dataset/skeleton_final_v2/paper/paper_3791.npy,./batch_paper/fitted/paper_3791.npy
paper,paper_3794,train,./dataset/skeleton_final_v2/paper/paper_3794.npy,./batch_paper/fitted/paper_3794.npy
paper,paper_3796,train,./dataset/skeleton_final_v2/paper/paper_3796.npy,./batch_paper/fitted/paper_3796.npy
paper,paper_3798,train,./dataset/skeleton_final_v2/paper/paper_3798.npy,./batch_paper/fitted/paper_3798.npy
paper,paper_38,train,./dataset/skeleton_final_v2/paper/paper_38.npy,./batch_paper/fitted/paper_38.npy
paper,paper_380,train,./dataset/skeleton_final_v2/paper/paper_380.npy,./batch_paper/fitted/paper_380.npy
paper,paper_3800,train,./dataset/skeleton_final_v2/paper/paper_3800.npy,./batch_paper/fitted/paper_3800.npy
paper,paper_3807,train,./dataset/skeleton_final_v2/paper/paper_3807.npy,./batch_paper/fitted/paper_3807.npy
paper,paper_3808,train,./dataset/skeleton_final_v2/paper/paper_3808.npy,./batch_paper/fitted/paper_3808.npy
paper,paper_3809,train,./dataset/skeleton_final_v2/paper/paper_3809.npy,./batch_paper/fitted/paper_3809.npy
paper,paper_3812,train,./dataset/skeleton_final_v2/paper/paper_3812.npy,./batch_paper/fitted/paper_3812.npy
paper,paper_3813,train,./dataset/skeleton_final_v2/paper/paper_3813.npy,./batch_paper/fitted/paper_3813.npy
paper,paper_3815,train,./dataset/skeleton_final_v2/paper/paper_3815.npy,./batch_paper/fitted/paper_3815.npy
paper,paper_3819,train,./dataset/skeleton_final_v2/paper/paper_3819.npy,./batch_paper/fitted/paper_3819.npy
paper,paper_3823,train,./dataset/skeleton_final_v2/paper/paper_3823.npy,./batch_paper/fitted/paper_3823.npy
paper,paper_3826,train,./dataset/skeleton_final_v2/paper/paper_3826.npy,./batch_paper/fitted/paper_3826.npy
paper,paper_3827,train,./dataset/skeleton_final_v2/paper/paper_3827.npy,./batch_paper/fitted/paper_3827.npy
paper,paper_384,train,./dataset/skeleton_final_v2/paper/paper_384.npy,./batch_paper/fitted/paper_384.npy
paper,paper_388,train,./dataset/skeleton_final_v2/paper/paper_388.npy,./batch_paper/fitted/paper_388.npy
paper,paper_392,train,./dataset/skeleton_final_v2/paper/paper_392.npy,./batch_paper/fitted/paper_392.npy
paper,paper_41,train,./dataset/skeleton_final_v2/paper/paper_41.npy,./batch_paper/fitted/paper_41.npy
paper,paper_42,train,./dataset/skeleton_final_v2/paper/paper_42.npy,./batch_paper/fitted/paper_42.npy
paper,paper_4561,train,./dataset/skeleton_final_v2/paper/paper_4561.npy,./batch_paper/fitted/paper_4561.npy
paper,paper_4568,train,./dataset/skeleton_final_v2/paper/paper_4568.npy,./batch_paper/fitted/paper_4568.npy
paper,paper_4573,train,./dataset/skeleton_final_v2/paper/paper_4573.npy,./batch_paper/fitted/paper_4573.npy
paper,paper_4576,train,./dataset/skeleton_final_v2/paper/paper_4576.npy,./batch_paper/fitted/paper_4576.npy
paper,paper_4577,train,./dataset/skeleton_final_v2/paper/paper_4577.npy,./batch_paper/fitted/paper_4577.npy
paper,paper_4579,train,./dataset/skeleton_final_v2/paper/paper_4579.npy,./batch_paper/fitted/paper_4579.npy
paper,paper_4580,train,./dataset/skeleton_final_v2/paper/paper_4580.npy,./batch_paper/fitted/paper_4580.npy
paper,paper_4582,train,./dataset/skeleton_final_v2/paper/paper_4582.npy,./batch_paper/fitted/paper_4582.npy
paper,paper_4583,train,./dataset/skeleton_final_v2/paper/paper_4583.npy,./batch_paper/fitted/paper_4583.npy
paper,paper_4585,train,./dataset/skeleton_final_v2/paper/paper_4585.npy,./batch_paper/fitted/paper_4585.npy
paper,paper_4589,train,./dataset/skeleton_final_v2/paper/paper_4589.npy,./batch_paper/fitted/paper_4589.npy
paper,paper_4594,train,./dataset/skeleton_final_v2/paper/paper_4594.npy,./batch_paper/fitted/paper_4594.npy
paper,paper_4595,train,./dataset/skeleton_final_v2/paper/paper_4595.npy,./batch_paper/fitted/paper_4595.npy
paper,paper_4596,train,./dataset/skeleton_final_v2/paper/paper_4596.npy,./batch_paper/fitted/paper_4596.npy
paper,paper_4597,train,./dataset/skeleton_final_v2/paper/paper_4597.npy,./batch_paper/fitted/paper_4597.npy
paper,paper_4598,train,./dataset/skeleton_final_v2/paper/paper_4598.npy,./batch_paper/fitted/paper_4598.npy
paper,paper_4599,train,./dataset/skeleton_final_v2/paper/paper_4599.npy,./batch_paper/fitted/paper_4599.npy
paper,paper_4603,train,./dataset/skeleton_final_v2/paper/paper_4603.npy,./batch_paper/fitted/paper_4603.npy
paper,paper_4605,train,./dataset/skeleton_final_v2/paper/paper_4605.npy,./batch_paper/fitted/paper_4605.npy
paper,paper_4606,train,./dataset/skeleton_final_v2/paper/paper_4606.npy,./batch_paper/fitted/paper_4606.npy
paper,paper_4609,train,./dataset/skeleton_final_v2/paper/paper_4609.npy,./batch_paper/fitted/paper_4609.npy
paper,paper_5120,train,./dataset/skeleton_final_v2/paper/paper_5120.npy,./batch_paper/fitted/paper_5120.npy
paper,paper_5122,train,./dataset/skeleton_final_v2/paper/paper_5122.npy,./batch_paper/fitted/paper_5122.npy
paper,paper_5128,train,./dataset/skeleton_final_v2/paper/paper_5128.npy,./batch_paper/fitted/paper_5128.npy
paper,paper_5134,train,./dataset/skeleton_final_v2/paper/paper_5134.npy,./batch_paper/fitted/paper_5134.npy
paper,paper_5138,train,./dataset/skeleton_final_v2/paper/paper_5138.npy,./batch_paper/fitted/paper_5138.npy
paper,paper_5140,train,./dataset/skeleton_final_v2/paper/paper_5140.npy,./batch_paper/fitted/paper_5140.npy
paper,paper_5142,train,./dataset/skeleton_final_v2/paper/paper_5142.npy,./batch_paper/fitted/paper_5142.npy
paper,paper_5146,train,./dataset/skeleton_final_v2/paper/paper_5146.npy,./batch_paper/fitted/paper_5146.npy
paper,paper_5148,train,./dataset/skeleton_final_v2/paper/paper_5148.npy,./batch_paper/fitted/paper_5148.npy
paper,paper_5152,train,./dataset/skeleton_final_v2/paper/paper_5152.npy,./batch_paper/fitted/paper_5152.npy
paper,paper_5158,train,./dataset/skeleton_final_v2/paper/paper_5158.npy,./batch_paper/fitted/paper_5158.npy
paper,paper_5163,train,./dataset/skeleton_final_v2/paper/paper_5163.npy,./batch_paper/fitted/paper_5163.npy
paper,paper_5166,train,./dataset/skeleton_final_v2/paper/paper_5166.npy,./batch_paper/fitted/paper_5166.npy
paper,paper_5169,train,./dataset/skeleton_final_v2/paper/paper_5169.npy,./batch_paper/fitted/paper_5169.npy
paper,paper_5172,train,./dataset/skeleton_final_v2/paper/paper_5172.npy,./batch_paper/fitted/paper_5172.npy
paper,paper_5442,train,./dataset/skeleton_final_v2/paper/paper_5442.npy,./batch_paper/fitted/paper_5442.npy
paper,paper_5447,train,./dataset/skeleton_final_v2/paper/paper_5447.npy,./batch_paper/fitted/paper_5447.npy
paper,paper_5453,train,./dataset/skeleton_final_v2/paper/paper_5453.npy,./batch_paper/fitted/paper_5453.npy
paper,paper_5462,train,./dataset/skeleton_final_v2/paper/paper_5462.npy,./batch_paper/fitted/paper_5462.npy
paper,paper_5469,train,./dataset/skeleton_final_v2/paper/paper_5469.npy,./batch_paper/fitted/paper_5469.npy
paper,paper_5470,train,./dataset/skeleton_final_v2/paper/paper_5470.npy,./batch_paper/fitted/paper_5470.npy
paper,paper_5473,train,./dataset/skeleton_final_v2/paper/paper_5473.npy,./batch_paper/fitted/paper_5473.npy
paper,paper_5475,train,./dataset/skeleton_final_v2/paper/paper_5475.npy,./batch_paper/fitted/paper_5475.npy
paper,paper_5478,train,./dataset/skeleton_final_v2/paper/paper_5478.npy,./batch_paper/fitted/paper_5478.npy
paper,paper_5713,train,./dataset/skeleton_final_v2/paper/paper_5713.npy,./batch_paper/fitted/paper_5713.npy
paper,paper_5715,train,./dataset/skeleton_final_v2/paper/paper_5715.npy,./batch_paper/fitted/paper_5715.npy
paper,paper_5716,train,./dataset/skeleton_final_v2/paper/paper_5716.npy,./batch_paper/fitted/paper_5716.npy
paper,paper_5718,train,./dataset/skeleton_final_v2/paper/paper_5718.npy,./batch_paper/fitted/paper_5718.npy
paper,paper_5723,train,./dataset/skeleton_final_v2/paper/paper_5723.npy,./batch_paper/fitted/paper_5723.npy
paper,paper_5725,train,./dataset/skeleton_final_v2/paper/paper_5725.npy,./batch_paper/fitted/paper_5725.npy
paper,paper_5727,train,./dataset/skeleton_final_v2/paper/paper_5727.npy,./batch_paper/fitted/paper_5727.npy
paper,paper_5728,train,./dataset/skeleton_final_v2/paper/paper_5728.npy,./batch_paper/fitted/paper_5728.npy
paper,paper_5731,train,./dataset/skeleton_final_v2/paper/paper_5731.npy,./batch_paper/fitted/paper_5731.npy
paper,paper_5734,train,./dataset/skeleton_final_v2/paper/paper_5734.npy,./batch_paper/fitted/paper_5734.npy
paper,paper_5889,train,./dataset/skeleton_final_v2/paper/paper_5889.npy,./batch_paper/fitted/paper_5889.npy
paper,paper_5891,train,./dataset/skeleton_final_v2/paper/paper_5891.npy,./batch_paper/fitted/paper_5891.npy
paper,paper_5892,train,./dataset/skeleton_final_v2/paper/paper_5892.npy,./batch_paper/fitted/paper_5892.npy
paper,paper_5893,train,./dataset/skeleton_final_v2/paper/paper_5893.npy,./batch_paper/fitted/paper_5893.npy
paper,paper_5894,train,./dataset/skeleton_final_v2/paper/paper_5894.npy,./batch_paper/fitted/paper_5894.npy
paper,paper_5897,train,./dataset/skeleton_final_v2/paper/paper_5897.npy,./batch_paper/fitted/paper_5897.npy
paper,paper_5899,train,./dataset/skeleton_final_v2/paper/paper_5899.npy,./batch_paper/fitted/paper_5899.npy
paper,paper_5900,train,./dataset/skeleton_final_v2/paper/paper_5900.npy,./batch_paper/fitted/paper_5900.npy
paper,paper_5904,train,./dataset/skeleton_final_v2/paper/paper_5904.npy,./batch_paper/fitted/paper_5904.npy
paper,paper_5906,train,./dataset/skeleton_final_v2/paper/paper_5906.npy,./batch_paper/fitted/paper_5906.npy
paper,paper_5907,train,./dataset/skeleton_final_v2/paper/paper_5907.npy,./batch_paper/fitted/paper_5907.npy
paper,paper_5909,train,./dataset/skeleton_final_v2/paper/paper_5909.npy,./batch_paper/fitted/paper_5909.npy
paper,paper_5911,train,./dataset/skeleton_final_v2/paper/paper_5911.npy,./batch_paper/fitted/paper_5911.npy
paper,paper_6112,train,./dataset/skeleton_final_v2/paper/paper_6112.npy,./batch_paper/fitted/paper_6112.npy
paper,paper_6115,train,./dataset/skeleton_final_v2/paper/paper_6115.npy,./batch_paper/fitted/paper_6115.npy
paper,paper_6117,train,./dataset/skeleton_final_v2/paper/paper_6117.npy,./batch_paper/fitted/paper_6117.npy
paper,paper_6124,train,./dataset/skeleton_final_v2/paper/paper_6124.npy,./batch_paper/fitted/paper_6124.npy
paper,paper_6126,train,./dataset/skeleton_final_v2/paper/paper_6126.npy,./batch_paper/fitted/paper_6126.npy
paper,paper_6127,train,./dataset/skeleton_final_v2/paper/paper_6127.npy,./batch_paper/fitted/paper_6127.npy
paper,paper_6129,train,./dataset/skeleton_final_v2/paper/paper_6129.npy,./batch_paper/fitted/paper_6129.npy
paper,paper_6131,train,./dataset/skeleton_final_v2/paper/paper_6131.npy,./batch_paper/fitted/paper_6131.npy
paper,paper_6135,train,./dataset/skeleton_final_v2/paper/paper_6135.npy,./batch_paper/fitted/paper_6135.npy
paper,paper_6332,train,./dataset/skeleton_final_v2/paper/paper_6332.npy,./batch_paper/fitted/paper_6332.npy
paper,paper_6333,train,./dataset/skeleton_final_v2/paper/paper_6333.npy,./batch_paper/fitted/paper_6333.npy
paper,paper_6335,train,./dataset/skeleton_final_v2/paper/paper_6335.npy,./batch_paper/fitted/paper_6335.npy
paper,paper_6337,train,./dataset/skeleton_final_v2/paper/paper_6337.npy,./batch_paper/fitted/paper_6337.npy
paper,paper_6338,train,./dataset/skeleton_final_v2/paper/paper_6338.npy,./batch_paper/fitted/paper_6338.npy
paper,paper_6339,train,./dataset/skeleton_final_v2/paper/paper_6339.npy,./batch_paper/fitted/paper_6339.npy
paper,paper_6340,train,./dataset/skeleton_final_v2/paper/paper_6340.npy,./batch_paper/fitted/paper_6340.npy
paper,paper_6345,train,./dataset/skeleton_final_v2/paper/paper_6345.npy,./batch_paper/fitted/paper_6345.npy
paper,paper_6351,train,./dataset/skeleton_final_v2/paper/paper_6351.npy,./batch_paper/fitted/paper_6351.npy
paper,paper_6352,train,./dataset/skeleton_final_v2/paper/paper_6352.npy,./batch_paper/fitted/paper_6352.npy
paper,paper_6355,train,./dataset/skeleton_final_v2/paper/paper_6355.npy,./batch_paper/fitted/paper_6355.npy
paper,paper_6517,train,./dataset/skeleton_final_v2/paper/paper_6517.npy,./batch_paper/fitted/paper_6517.npy
paper,paper_6520,train,./dataset/skeleton_final_v2/paper/paper_6520.npy,./batch_paper/fitted/paper_6520.npy
paper,paper_6521,train,./dataset/skeleton_final_v2/paper/paper_6521.npy,./batch_paper/fitted/paper_6521.npy
paper,paper_6524,train,./dataset/skeleton_final_v2/paper/paper_6524.npy,./batch_paper/fitted/paper_6524.npy
paper,paper_6527,train,./dataset/skeleton_final_v2/paper/paper_6527.npy,./batch_paper/fitted/paper_6527.npy
paper,paper_6530,train,./dataset/skeleton_final_v2/paper/paper_6530.npy,./batch_paper/fitted/paper_6530.npy
paper,paper_6536,train,./dataset/skeleton_final_v2/paper/paper_6536.npy,./batch_paper/fitted/paper_6536.npy
paper,paper_6537,train,./dataset/skeleton_final_v2/paper/paper_6537.npy,./batch_paper/fitted/paper_6537.npy
paper,paper_6692,train,./dataset/skeleton_final_v2/paper/paper_6692.npy,./batch_paper/fitted/paper_6692.npy
paper,paper_6693,train,./dataset/skeleton_final_v2/paper/paper_6693.npy,./batch_paper/fitted/paper_6693.npy
paper,paper_6694,train,./dataset/skeleton_final_v2/paper/paper_6694.npy,./batch_paper/fitted/paper_6694.npy
paper,paper_6695,train,./dataset/skeleton_final_v2/paper/paper_6695.npy,./batch_paper/fitted/paper_6695.npy
paper,paper_6698,train,./dataset/skeleton_final_v2/paper/paper_6698.npy,./batch_paper/fitted/paper_6698.npy
paper,paper_6699,train,./dataset/skeleton_final_v2/paper/paper_6699.npy,./batch_paper/fitted/paper_6699.npy
paper,paper_6701,train,./dataset/skeleton_final_v2/paper/paper_6701.npy,./batch_paper/fitted/paper_6701.npy
paper,paper_6702,train,./dataset/skeleton_final_v2/paper/paper_6702.npy,./batch_paper/fitted/paper_6702.npy
paper,paper_6704,train,./dataset/skeleton_final_v2/paper/paper_6704.npy,./batch_paper/fitted/paper_6704.npy
paper,paper_6705,train,./dataset/skeleton_final_v2/paper/paper_6705.npy,./batch_paper/fitted/paper_6705.npy
paper,paper_6706,train,./dataset/skeleton_final_v2/paper/paper_6706.npy,./batch_paper/fitted/paper_6706.npy
paper,paper_6707,train,./dataset/skeleton_final_v2/paper/paper_6707.npy,./batch_paper/fitted/paper_6707.npy
paper,paper_6713,train,./dataset/skeleton_final_v2/paper/paper_6713.npy,./batch_paper/fitted/paper_6713.npy
paper,paper_6714,train,./dataset/skeleton_final_v2/paper/paper_6714.npy,./batch_paper/fitted/paper_6714.npy
paper,paper_6716,train,./dataset/skeleton_final_v2/paper/paper_6716.npy,./batch_paper/fitted/paper_6716.npy
paper,paper_6913,train,./dataset/skeleton_final_v2/paper/paper_6913.npy,./batch_paper/fitted/paper_6913.npy
paper,paper_6914,train,./dataset/skeleton_final_v2/paper/paper_6914.npy,./batch_paper/fitted/paper_6914.npy
paper,paper_6915,train,./dataset/skeleton_final_v2/paper/paper_6915.npy,./batch_paper/fitted/paper_6915.npy
paper,paper_6917,train,./dataset/skeleton_final_v2/paper/paper_6917.npy,./batch_paper/fitted/paper_6917.npy
paper,paper_6918,train,./dataset/skeleton_final_v2/paper/paper_6918.npy,./batch_paper/fitted/paper_6918.npy
paper,paper_6920,train,./dataset/skeleton_final_v2/paper/paper_6920.npy,./batch_paper/fitted/paper_6920.npy
paper,paper_6921,train,./dataset/skeleton_final_v2/paper/paper_6921.npy,./batch_paper/fitted/paper_6921.npy
paper,paper_6922,train,./dataset/skeleton_final_v2/paper/paper_6922.npy,./batch_paper/fitted/paper_6922.npy
paper,paper_6924,train,./dataset/skeleton_final_v2/paper/paper_6924.npy,./batch_paper/fitted/paper_6924.npy
paper,paper_6925,train,./dataset/skeleton_final_v2/paper/paper_6925.npy,./batch_paper/fitted/paper_6925.npy
paper,paper_6928,train,./dataset/skeleton_final_v2/paper/paper_6928.npy,./batch_paper/fitted/paper_6928.npy
paper,paper_6929,train,./dataset/skeleton_final_v2/paper/paper_6929.npy,./batch_paper/fitted/paper_6929.npy
paper,paper_6934,train,./dataset/skeleton_final_v2/paper/paper_6934.npy,./batch_paper/fitted/paper_6934.npy
paper,paper_6935,train,./dataset/skeleton_final_v2/paper/paper_6935.npy,./batch_paper/fitted/paper_6935.npy
paper,paper_6936,train,./dataset/skeleton_final_v2/paper/paper_6936.npy,./batch_paper/fitted/paper_6936.npy
paper,paper_6937,train,./dataset/skeleton_final_v2/paper/paper_6937.npy,./batch_paper/fitted/paper_6937.npy
paper,paper_708,train,./dataset/skeleton_final_v2/paper/paper_708.npy,./batch_paper/fitted/paper_708.npy
paper,paper_713,train,./dataset/skeleton_final_v2/paper/paper_713.npy,./batch_paper/fitted/paper_713.npy
paper,paper_7136,train,./dataset/skeleton_final_v2/paper/paper_7136.npy,./batch_paper/fitted/paper_7136.npy
paper,paper_7139,train,./dataset/skeleton_final_v2/paper/paper_7139.npy,./batch_paper/fitted/paper_7139.npy
paper,paper_714,train,./dataset/skeleton_final_v2/paper/paper_714.npy,./batch_paper/fitted/paper_714.npy
paper,paper_7140,train,./dataset/skeleton_final_v2/paper/paper_7140.npy,./batch_paper/fitted/paper_7140.npy
paper,paper_7141,train,./dataset/skeleton_final_v2/paper/paper_7141.npy,./batch_paper/fitted/paper_7141.npy
paper,paper_7148,train,./dataset/skeleton_final_v2/paper/paper_7148.npy,./batch_paper/fitted/paper_7148.npy
paper,paper_7150,train,./dataset/skeleton_final_v2/paper/paper_7150.npy,./batch_paper/fitted/paper_7150.npy
paper,paper_7152,train,./dataset/skeleton_final_v2/paper/paper_7152.npy,./batch_paper/fitted/paper_7152.npy
paper,paper_7154,train,./dataset/skeleton_final_v2/paper/paper_7154.npy,./batch_paper/fitted/paper_7154.npy
paper,paper_7157,train,./dataset/skeleton_final_v2/paper/paper_7157.npy,./batch_paper/fitted/paper_7157.npy
paper,paper_7159,train,./dataset/skeleton_final_v2/paper/paper_7159.npy,./batch_paper/fitted/paper_7159.npy
paper,paper_7164,train,./dataset/skeleton_final_v2/paper/paper_7164.npy,./batch_paper/fitted/paper_7164.npy
paper,paper_717,train,./dataset/skeleton_final_v2/paper/paper_717.npy,./batch_paper/fitted/paper_717.npy
paper,paper_718,train,./dataset/skeleton_final_v2/paper/paper_718.npy,./batch_paper/fitted/paper_718.npy
paper,paper_719,train,./dataset/skeleton_final_v2/paper/paper_719.npy,./batch_paper/fitted/paper_719.npy
paper,paper_721,train,./dataset/skeleton_final_v2/paper/paper_721.npy,./batch_paper/fitted/paper_721.npy
paper,paper_722,train,./dataset/skeleton_final_v2/paper/paper_722.npy,./batch_paper/fitted/paper_722.npy
paper,paper_725,train,./dataset/skeleton_final_v2/paper/paper_725.npy,./batch_paper/fitted/paper_725.npy
paper,paper_727,train,./dataset/skeleton_final_v2/paper/paper_727.npy,./batch_paper/fitted/paper_727.npy
paper,paper_728,train,./dataset/skeleton_final_v2/paper/paper_728.npy,./batch_paper/fitted/paper_728.npy
paper,paper_729,train,./dataset/skeleton_final_v2/paper/paper_729.npy,./batch_paper/fitted/paper_729.npy
paper,paper_7308,train,./dataset/skeleton_final_v2/paper/paper_7308.npy,./batch_paper/fitted/paper_7308.npy
paper,paper_731,train,./dataset/skeleton_final_v2/paper/paper_731.npy,./batch_paper/fitted/paper_731.npy
paper,paper_7311,train,./dataset/skeleton_final_v2/paper/paper_7311.npy,./batch_paper/fitted/paper_7311.npy
paper,paper_7312,train,./dataset/skeleton_final_v2/paper/paper_7312.npy,./batch_paper/fitted/paper_7312.npy
paper,paper_7317,train,./dataset/skeleton_final_v2/paper/paper_7317.npy,./batch_paper/fitted/paper_7317.npy
paper,paper_732,train,./dataset/skeleton_final_v2/paper/paper_732.npy,./batch_paper/fitted/paper_732.npy
paper,paper_7321,train,./dataset/skeleton_final_v2/paper/paper_7321.npy,./batch_paper/fitted/paper_7321.npy
paper,paper_7323,train,./dataset/skeleton_final_v2/paper/paper_7323.npy,./batch_paper/fitted/paper_7323.npy
paper,paper_7324,train,./dataset/skeleton_final_v2/paper/paper_7324.npy,./batch_paper/fitted/paper_7324.npy
paper,paper_7325,train,./dataset/skeleton_final_v2/paper/paper_7325.npy,./batch_paper/fitted/paper_7325.npy
paper,paper_7328,train,./dataset/skeleton_final_v2/paper/paper_7328.npy,./batch_paper/fitted/paper_7328.npy
paper,paper_7329,train,./dataset/skeleton_final_v2/paper/paper_7329.npy,./batch_paper/fitted/paper_7329.npy
paper,paper_736,train,./dataset/skeleton_final_v2/paper/paper_736.npy,./batch_paper/fitted/paper_736.npy
paper,paper_737,train,./dataset/skeleton_final_v2/paper/paper_737.npy,./batch_paper/fitted/paper_737.npy
paper,paper_741,train,./dataset/skeleton_final_v2/paper/paper_741.npy,./batch_paper/fitted/paper_741.npy
paper,paper_743,train,./dataset/skeleton_final_v2/paper/paper_743.npy,./batch_paper/fitted/paper_743.npy
paper,paper_744,train,./dataset/skeleton_final_v2/paper/paper_744.npy,./batch_paper/fitted/paper_744.npy
paper,paper_748,train,./dataset/skeleton_final_v2/paper/paper_748.npy,./batch_paper/fitted/paper_748.npy
paper,paper_749,train,./dataset/skeleton_final_v2/paper/paper_749.npy,./batch_paper/fitted/paper_749.npy
paper,paper_7575,train,./dataset/skeleton_final_v2/paper/paper_7575.npy,./batch_paper/fitted/paper_7575.npy
paper,paper_7587,train,./dataset/skeleton_final_v2/paper/paper_7587.npy,./batch_paper/fitted/paper_7587.npy
paper,paper_7589,train,./dataset/skeleton_final_v2/paper/paper_7589.npy,./batch_paper/fitted/paper_7589.npy
paper,paper_7591,train,./dataset/skeleton_final_v2/paper/paper_7591.npy,./batch_paper/fitted/paper_7591.npy
paper,paper_7593,train,./dataset/skeleton_final_v2/paper/paper_7593.npy,./batch_paper/fitted/paper_7593.npy
paper,paper_7595,train,./dataset/skeleton_final_v2/paper/paper_7595.npy,./batch_paper/fitted/paper_7595.npy
paper,paper_7597,train,./dataset/skeleton_final_v2/paper/paper_7597.npy,./batch_paper/fitted/paper_7597.npy
paper,paper_7599,train,./dataset/skeleton_final_v2/paper/paper_7599.npy,./batch_paper/fitted/paper_7599.npy
paper,paper_7601,train,./dataset/skeleton_final_v2/paper/paper_7601.npy,./batch_paper/fitted/paper_7601.npy
paper,paper_7603,train,./dataset/skeleton_final_v2/paper/paper_7603.npy,./batch_paper/fitted/paper_7603.npy
paper,paper_7613,train,./dataset/skeleton_final_v2/paper/paper_7613.npy,./batch_paper/fitted/paper_7613.npy
paper,paper_7617,train,./dataset/skeleton_final_v2/paper/paper_7617.npy,./batch_paper/fitted/paper_7617.npy
paper,paper_7619,train,./dataset/skeleton_final_v2/paper/paper_7619.npy,./batch_paper/fitted/paper_7619.npy
paper,paper_7922,train,./dataset/skeleton_final_v2/paper/paper_7922.npy,./batch_paper/fitted/paper_7922.npy
paper,paper_7924,train,./dataset/skeleton_final_v2/paper/paper_7924.npy,./batch_paper/fitted/paper_7924.npy
paper,paper_7940,train,./dataset/skeleton_final_v2/paper/paper_7940.npy,./batch_paper/fitted/paper_7940.npy
paper,paper_7942,train,./dataset/skeleton_final_v2/paper/paper_7942.npy,./batch_paper/fitted/paper_7942.npy
paper,paper_7946,train,./dataset/skeleton_final_v2/paper/paper_7946.npy,./batch_paper/fitted/paper_7946.npy
paper,paper_7952,train,./dataset/skeleton_final_v2/paper/paper_7952.npy,./batch_paper/fitted/paper_7952.npy
paper,paper_7968,train,./dataset/skeleton_final_v2/paper/paper_7968.npy,./batch_paper/fitted/paper_7968.npy
paper,paper_8426,train,./dataset/skeleton_final_v2/paper/paper_8426.npy,./batch_paper/fitted/paper_8426.npy
paper,paper_8728,train,./dataset/skeleton_final_v2/paper/paper_8728.npy,./batch_paper/fitted/paper_8728.npy
paper,paper_8732,train,./dataset/skeleton_final_v2/paper/paper_8732.npy,./batch_paper/fitted/paper_8732.npy
paper,paper_8736,train,./dataset/skeleton_final_v2/paper/paper_8736.npy,./batch_paper/fitted/paper_8736.npy
paper,paper_8744,train,./dataset/skeleton_final_v2/paper/paper_8744.npy,./batch_paper/fitted/paper_8744.npy
paper,paper_8746,train,./dataset/skeleton_final_v2/paper/paper_8746.npy,./batch_paper/fitted/paper_8746.npy
paper,paper_8748,train,./dataset/skeleton_final_v2/paper/paper_8748.npy,./batch_paper/fitted/paper_8748.npy
paper,paper_8750,train,./dataset/skeleton_final_v2/paper/paper_8750.npy,./batch_paper/fitted/paper_8750.npy
paper,paper_8756,train,./dataset/skeleton_final_v2/paper/paper_8756.npy,./batch_paper/fitted/paper_8756.npy
paper,paper_8758,train,./dataset/skeleton_final_v2/paper/paper_8758.npy,./batch_paper/fitted/paper_8758.npy
paper,paper_8760,train,./dataset/skeleton_final_v2/paper/paper_8760.npy,./batch_paper/fitted/paper_8760.npy
paper,paper_8764,train,./dataset/skeleton_final_v2/paper/paper_8764.npy,./batch_paper/fitted/paper_8764.npy
paper,paper_8766,train,./dataset/skeleton_final_v2/paper/paper_8766.npy,./batch_paper/fitted/paper_8766.npy
paper,paper_8768,train,./dataset/skeleton_final_v2/paper/paper_8768.npy,./batch_paper/fitted/paper_8768.npy
paper,paper_8772,train,./dataset/skeleton_final_v2/paper/paper_8772.npy,./batch_paper/fitted/paper_8772.npy
paper,paper_9126,train,./dataset/skeleton_final_v2/paper/paper_9126.npy,./batch_paper/fitted/paper_9126.npy
paper,paper_9136,train,./dataset/skeleton_final_v2/paper/paper_9136.npy,./batch_paper/fitted/paper_9136.npy
paper,paper_9138,train,./dataset/skeleton_final_v2/paper/paper_9138.npy,./batch_paper/fitted/paper_9138.npy
paper,paper_9142,train,./dataset/skeleton_final_v2/paper/paper_9142.npy,./batch_paper/fitted/paper_9142.npy
paper,paper_9144,train,./dataset/skeleton_final_v2/paper/paper_9144.npy,./batch_paper/fitted/paper_9144.npy
paper,paper_9152,train,./dataset/skeleton_final_v2/paper/paper_9152.npy,./batch_paper/fitted/paper_9152.npy
paper,paper_9154,train,./dataset/skeleton_final_v2/paper/paper_9154.npy,./batch_paper/fitted/paper_9154.npy
paper,paper_9166,train,./dataset/skeleton_final_v2/paper/paper_9166.npy,./batch_paper/fitted/paper_9166.npy
paper,paper_9168,train,./dataset/skeleton_final_v2/paper/paper_9168.npy,./batch_paper/fitted/paper_9168.npy
paper,paper_999,train,./dataset/skeleton_final_v2/paper/paper_999.npy,./batch_paper/fitted/paper_999.npy
rock,rock (101),train,./dataset/skeleton_final_v2/rock/rock (101).npy,./batch_rock/fitted/rock (101).npy
rock,rock (106),train,./dataset/skeleton_final_v2/rock/rock (106).npy,./batch_rock/fitted/rock (106).npy
rock,rock (11),train,./dataset/skeleton_final_v2/rock/rock (11).npy,./batch_rock/fitted/rock (11).npy
rock,rock (111),train,./dataset/skeleton_final_v2/rock/rock (111).npy,./batch_rock/fitted/rock (111).npy
rock,rock (131),train,./dataset/skeleton_final_v2/rock/rock (131).npy,./batch_rock/fitted/rock (131).npy
rock,rock (145),train,./dataset/skeleton_final_v2/rock/rock (145).npy,./batch_rock/fitted/rock (145).npy
rock,rock (146),train,./dataset/skeleton_final_v2/rock/rock (146).npy,./batch_rock/fitted/rock (146).npy
rock,rock (188),train,./dataset/skeleton_final_v2/rock/rock (188).npy,./batch_rock/fitted/rock (188).npy
rock,rock (19),train,./dataset/skeleton_final_v2/rock/rock (19).npy,./batch_rock/fitted/rock (19).npy
rock,rock (190),train,./dataset/skeleton_final_v2/rock/rock (190).npy,./batch_rock/fitted/rock (190).npy
rock,rock (197),train,./dataset/skeleton_final_v2/rock/rock (197).npy,./batch_rock/fitted/rock (197).npy
rock,rock (2),train,./dataset/skeleton_final_v2/rock/rock (2).npy,./batch_rock/fitted/rock (2).npy
rock,rock (20),train,./dataset/skeleton_final_v2/rock/rock (20).npy,./batch_rock/fitted/rock (20).npy
rock,rock (209),train,./dataset/skeleton_final_v2/rock/rock (209).npy,./batch_rock/fitted/rock (209).npy
rock,rock (218),train,./dataset/skeleton_final_v2/rock/rock (218).npy,./batch_rock/fitted/rock (218).npy
rock,rock (227),train,./dataset/skeleton_final_v2/rock/rock (227).npy,./batch_rock/fitted/rock (227).npy
rock,rock (23),train,./dataset/skeleton_final_v2/rock/rock (23).npy,./batch_rock/fitted/rock (23).npy
rock,rock (231),train,./dataset/skeleton_final_v2/rock/rock (231).npy,./batch_rock/fitted/rock (231).npy
rock,rock (232),train,./dataset/skeleton_final_v2/rock/rock (232).npy,./batch_rock/fitted/rock (232).npy
rock,rock (234),train,./dataset/skeleton_final_v2/rock/rock (234).npy,./batch_rock/fitted/rock (234).npy
rock,rock (235),train,./dataset/skeleton_final_v2/rock/rock (235).npy,./batch_rock/fitted/rock (235).npy
rock,rock (238),train,./dataset/skeleton_final_v2/rock/rock (238).npy,./batch_rock/fitted/rock (238).npy
rock,rock (245),train,./dataset/skeleton_final_v2/rock/rock (245).npy,./batch_rock/fitted/rock (245).npy
rock,rock (250),train,./dataset/skeleton_final_v2/rock/rock (250).npy,./batch_rock/fitted/rock (250).npy
rock,rock (256),train,./dataset/skeleton_final_v2/rock/rock (256).npy,./batch_rock/fitted/rock (256).npy
rock,rock (257),train,./dataset/skeleton_final_v2/rock/rock (257).npy,./batch_rock/fitted/rock (257).npy
rock,rock (258),train,./dataset/skeleton_final_v2/rock/rock (258).npy,./batch_rock/fitted/rock (258).npy
rock,rock (259),train,./dataset/skeleton_final_v2/rock/rock (259).npy,./batch_rock/fitted/rock (259).npy
rock,rock (260),train,./dataset/skeleton_final_v2/rock/rock (260).npy,./batch_rock/fitted/rock (260).npy
rock,rock (262),train,./dataset/skeleton_final_v2/rock/rock (262).npy,./batch_rock/fitted/rock (262).npy
rock,rock (264),train,./dataset/skeleton_final_v2/rock/rock (264).npy,./batch_rock/fitted/rock (264).npy
rock,rock (27),train,./dataset/skeleton_final_v2/rock/rock (27).npy,./batch_rock/fitted/rock (27).npy
rock,rock (3),train,./dataset/skeleton_final_v2/rock/rock (3).npy,./batch_rock/fitted/rock (3).npy
rock,rock (4),train,./dataset/skeleton_final_v2/rock/rock (4).npy,./batch_rock/fitted/rock (4).npy
rock,rock (5),train,./dataset/skeleton_final_v2/rock/rock (5).npy,./batch_rock/fitted/rock (5).npy
rock,rock (6),train,./dataset/skeleton_final_v2/rock/rock (6).npy,./batch_rock/fitted/rock (6).npy
rock,rock (87),train,./dataset/skeleton_final_v2/rock/rock (87).npy,./batch_rock/fitted/rock (87).npy
rock,rock (90),train,./dataset/skeleton_final_v2/rock/rock (90).npy,./batch_rock/fitted/rock (90).npy
rock,rock (91),train,./dataset/skeleton_final_v2/rock/rock (91).npy,./batch_rock/fitted/rock (91).npy
rock,rock (92),train,./dataset/skeleton_final_v2/rock/rock (92).npy,./batch_rock/fitted/rock (92).npy
rock,rock (95),train,./dataset/skeleton_final_v2/rock/rock (95).npy,./batch_rock/fitted/rock (95).npy
rock,rock (98),train,./dataset/skeleton_final_v2/rock/rock (98).npy,./batch_rock/fitted/rock (98).npy
rock,rock-set2 (1),train,./dataset/skeleton_final_v2/rock/rock-set2 (1).npy,./batch_rock/fitted/rock-set2 (1).npy
rock,rock-set2 (10),train,./dataset/skeleton_final_v2/rock/rock-set2 (10).npy,./batch_rock/fitted/rock-set2 (10).npy
rock,rock-set2 (11),train,./dataset/skeleton_final_v2/rock/rock-set2 (11).npy,./batch_rock/fitted/rock-set2 (11).npy
rock,rock-set2 (12),train,./dataset/skeleton_final_v2/rock/rock-set2 (12).npy,./batch_rock/fitted/rock-set2 (12).npy
rock,rock-set2 (13),train,./dataset/skeleton_final_v2/rock/rock-set2 (13).npy,./batch_rock/fitted/rock-set2 (13).npy
rock,rock-set2 (14),train,./dataset/skeleton_final_v2/rock/rock-set2 (14).npy,./batch_rock/fitted/rock-set2 (14).npy
rock,rock-set2 (141),train,./dataset/skeleton_final_v2/rock/rock-set2 (141).npy,./batch_rock/fitted/rock-set2 (141).npy
rock,rock-set2 (145),train,./dataset/skeleton_final_v2/rock/rock-set2 (145).npy,./batch_rock/fitted/rock-set2 (145).npy
rock,rock-set2 (149),train,./dataset/skeleton_final_v2/rock/rock-set2 (149).npy,./batch_rock/fitted/rock-set2 (149).npy
rock,rock-set2 (15),train,./dataset/skeleton_final_v2/rock/rock-set2 (15).npy,./batch_rock/fitted/rock-set2 (15).npy
rock,rock-set2 (150),train,./dataset/skeleton_final_v2/rock/rock-set2 (150).npy,./batch_rock/fitted/rock-set2 (150).npy
rock,rock-set2 (151),train,./dataset/skeleton_final_v2/rock/rock-set2 (151).npy,./batch_rock/fitted/rock-set2 (151).npy
rock,rock-set2 (153),train,./dataset/skeleton_final_v2/rock/rock-set2 (153).npy,./batch_rock/fitted/rock-set2 (153).npy
rock,rock-set2 (154),train,./dataset/skeleton_final_v2/rock/rock-set2 (154).npy,./batch_rock/fitted/rock-set2 (154).npy
rock,rock-set2 (155),train,./dataset/skeleton_final_v2/rock/rock-set2 (155).npy,./batch_rock/fitted/rock-set2 (155).npy
rock,rock-set2 (157),train,./dataset/skeleton_final_v2/rock/rock-set2 (157).npy,./batch_rock/fitted/rock-set2 (157).npy
rock,rock-set2 (16),train,./dataset/skeleton_final_v2/rock/rock-set2 (16).npy,./batch_rock/fitted/rock-set2 (16).npy
rock,rock-set2 (161),train,./dataset/skeleton_final_v2/rock/rock-set2 (161).npy,./batch_rock/fitted/rock-set2 (161).npy
rock,rock-set2 (162),train,./dataset/skeleton_final_v2/rock/rock-set2 (162).npy,./batch_rock/fitted/rock-set2 (162).npy
rock,rock-set2 (168),train,./dataset/skeleton_final_v2/rock/rock-set2 (168).npy,./batch_rock/fitted/rock-set2 (168).npy
rock,rock-set2 (169),train,./dataset/skeleton_final_v2/rock/rock-set2 (169).npy,./batch_rock/fitted/rock-set2 (169).npy
rock,rock-set2 (17),train,./dataset/skeleton_final_v2/rock/rock-set2 (17).npy,./batch_rock/fitted/rock-set2 (17).npy
rock,rock-set2 (170),train,./dataset/skeleton_final_v2/rock/rock-set2 (170).npy,./batch_rock/fitted/rock-set2 (170).npy
rock,rock-set2 (172),train,./dataset/skeleton_final_v2/rock/rock-set2 (172).npy,./batch_rock/fitted/rock-set2 (172).npy
rock,rock-set2 (173),train,./dataset/skeleton_final_v2/rock/rock-set2 (173).npy,./batch_rock/fitted/rock-set2 (173).npy
rock,rock-set2 (175),train,./dataset/skeleton_final_v2/rock/rock-set2 (175).npy,./batch_rock/fitted/rock-set2 (175).npy
rock,rock-set2 (176),train,./dataset/skeleton_final_v2/rock/rock-set2 (176).npy,./batch_rock/fitted/rock-set2 (176).npy
rock,rock-set2 (180),train,./dataset/skeleton_final_v2/rock/rock-set2 (180).npy,./batch_rock/fitted/rock-set2 (180).npy
rock,rock-set2 (181),train,./dataset/skeleton_final_v2/rock/rock-set2 (181).npy,./batch_rock/fitted/rock-set2 (181).npy
rock,rock-set2 (19),train,./dataset/skeleton_final_v2/rock/rock-set2 (19).npy,./batch_rock/fitted/rock-set2 (19).npy
rock,rock-set2 (199),train,./dataset/skeleton_final_v2/rock/rock-set2 (199).npy,./batch_rock/fitted/rock-set2 (199).npy
rock,rock-set2 (2),train,./dataset/skeleton_final_v2/rock/rock-set2 (2).npy,./batch_rock/fitted/rock-set2 (2).npy
rock,rock-set2 (202),train,./dataset/skeleton_final_v2/rock/rock-set2 (202).npy,./batch_rock/fitted/rock-set2 (202).npy
rock,rock-set2 (205),train,./dataset/skeleton_final_v2/rock/rock-set2 (205).npy,./batch_rock/fitted/rock-set2 (205).npy
rock,rock-set2 (207),train,./dataset/skeleton_final_v2/rock/rock-set2 (207).npy,./batch_rock/fitted/rock-set2 (207).npy
rock,rock-set2 (210),train,./dataset/skeleton_final_v2/rock/rock-set2 (210).npy,./batch_rock/fitted/rock-set2 (210).npy
rock,rock-set2 (211),train,./dataset/skeleton_final_v2/rock/rock-set2 (211).npy,./batch_rock/fitted/rock-set2 (211).npy
rock,rock-set2 (213),train,./dataset/skeleton_final_v2/rock/rock-set2 (213).npy,./batch_rock/fitted/rock-set2 (213).npy
rock,rock-set2 (217),train,./dataset/skeleton_final_v2/rock/rock-set2 (217).npy,./batch_rock/fitted/rock-set2 (217).npy
rock,rock-set2 (218),train,./dataset/skeleton_final_v2/rock/rock-set2 (218).npy,./batch_rock/fitted/rock-set2 (218).npy
rock,rock-set2 (219),train,./dataset/skeleton_final_v2/rock/rock-set2 (219).npy,./batch_rock/fitted/rock-set2 (219).npy
rock,rock-set2 (23),train,./dataset/skeleton_final_v2/rock/rock-set2 (23).npy,./batch_rock/fitted/rock-set2 (23).npy
rock,rock-set2 (242),train,./dataset/skeleton_final_v2/rock/rock-set2 (242).npy,./batch_rock/fitted/rock-set2 (242).npy
rock,rock-set2 (276),train,./dataset/skeleton_final_v2/rock/rock-set2 (276).npy,./batch_rock/fitted/rock-set2 (276).npy
rock,rock-set2 (277),train,./dataset/skeleton_final_v2/rock/rock-set2 (277).npy,./batch_rock/fitted/rock-set2 (277).npy
rock,rock-set2 (281),train,./dataset/skeleton_final_v2/rock/rock-set2 (281).npy,./batch_rock/fitted/rock-set2 (281).npy
rock,rock-set2 (284),train,./dataset/skeleton_final_v2/rock/rock-set2 (284).npy,./batch_rock/fitted/rock-set2 (284).npy
rock,rock-set2 (288),train,./dataset/skeleton_final_v2/rock/rock-set2 (288).npy,./batch_rock/fitted/rock-set2 (288).npy
rock,rock-set2 (291),train,./dataset/skeleton_final_v2/rock/rock-set2 (291).npy,./batch_rock/fitted/rock-set2 (291).npy
rock,rock-set2 (296),train,./dataset/skeleton_final_v2/rock/rock-set2 (296).npy,./batch_rock/fitted/rock-set2 (296).npy
rock,rock-set2 (303),train,./dataset/skeleton_final_v2/rock/rock-set2 (303).npy,./batch_rock/fitted/rock-set2 (303).npy
rock,rock-set2 (308),train,./dataset/skeleton_final_v2/rock/rock-set2 (308).npy,./batch_rock/fitted/rock-set2 (308).npy
rock,rock-set2 (313),train,./dataset/skeleton_final_v2/rock/rock-set2 (313).npy,./batch_rock/fitted/rock-set2 (313).npy
rock,rock-set2 (328),train,./dataset/skeleton_final_v2/rock/rock-set2 (328).npy,./batch_rock/fitted/rock-set2 (328).npy
rock,rock-set2 (331),train,./dataset/skeleton_final_v2/rock/rock-set2 (331).npy,./batch_rock/fitted/rock-set2 (331).npy
rock,rock-set2 (339),train,./dataset/skeleton_final_v2/rock/rock-set2 (339).npy,./batch_rock/fitted/rock-set2 (339).npy
rock,rock-set2 (340),train,./dataset/skeleton_final_v2/rock/rock-set2 (340).npy,./batch_rock/fitted/rock-set2 (340).npy
rock,rock-set2 (342),train,./dataset/skeleton_final_v2/rock/rock-set2 (342).npy,./batch_rock/fitted/rock-set2 (342).npy
rock,rock-set2 (347),train,./dataset/skeleton_final_v2/rock/rock-set2 (347).npy,./batch_rock/fitted/rock-set2 (347).npy
rock,rock-set2 (348),train,./dataset/skeleton_final_v2/rock/rock-set2 (348).npy,./batch_rock/fitted/rock-set2 (348).npy
rock,rock-set2 (351),train,./dataset/skeleton_final_v2/rock/rock-set2 (351).npy,./batch_rock/fitted/rock-set2 (351).npy
rock,rock-set2 (352),train,./dataset/skeleton_final_v2/rock/rock-set2 (352).npy,./batch_rock/fitted/rock-set2 (352).npy
rock,rock-set2 (355),train,./dataset/skeleton_final_v2/rock/rock-set2 (355).npy,./batch_rock/fitted/rock-set2 (355).npy
rock,rock-set2 (356),train,./dataset/skeleton_final_v2/rock/rock-set2 (356).npy,./batch_rock/fitted/rock-set2 (356).npy
rock,rock-set2 (359),train,./dataset/skeleton_final_v2/rock/rock-set2 (359).npy,./batch_rock/fitted/rock-set2 (359).npy
rock,rock-set2 (361),train,./dataset/skeleton_final_v2/rock/rock-set2 (361).npy,./batch_rock/fitted/rock-set2 (361).npy
rock,rock-set2 (362),train,./dataset/skeleton_final_v2/rock/rock-set2 (362).npy,./batch_rock/fitted/rock-set2 (362).npy
rock,rock-set2 (364),train,./dataset/skeleton_final_v2/rock/rock-set2 (364).npy,./batch_rock/fitted/rock-set2 (364).npy
rock,rock-set2 (42),train,./dataset/skeleton_final_v2/rock/rock-set2 (42).npy,./batch_rock/fitted/rock-set2 (42).npy
rock,rock-set2 (428),train,./dataset/skeleton_final_v2/rock/rock-set2 (428).npy,./batch_rock/fitted/rock-set2 (428).npy
rock,rock-set2 (430),train,./dataset/skeleton_final_v2/rock/rock-set2 (430).npy,./batch_rock/fitted/rock-set2 (430).npy
rock,rock-set2 (431),train,./dataset/skeleton_final_v2/rock/rock-set2 (431).npy,./batch_rock/fitted/rock-set2 (431).npy
rock,rock-set2 (432),train,./dataset/skeleton_final_v2/rock/rock-set2 (432).npy,./batch_rock/fitted/rock-set2 (432).npy
rock,rock-set2 (433),train,./dataset/skeleton_final_v2/rock/rock-set2 (433).npy,./batch_rock/fitted/rock-set2 (433).npy
rock,rock-set2 (434),train,./dataset/skeleton_final_v2/rock/rock-set2 (434).npy,./batch_rock/fitted/rock-set2 (434).npy
rock,rock-set2 (435),train,./dataset/skeleton_final_v2/rock/rock-set2 (435).npy,./batch_rock/fitted/rock-set2 (435).npy
rock,rock-set2 (44),train,./dataset/skeleton_final_v2/rock/rock-set2 (44).npy,./batch_rock/fitted/rock-set2 (44).npy
rock,rock-set2 (442),train,./dataset/skeleton_final_v2/rock/rock-set2 (442).npy,./batch_rock/fitted/rock-set2 (442).npy
rock,rock-set2 (447),train,./dataset/skeleton_final_v2/rock/rock-set2 (447).npy,./batch_rock/fitted/rock-set2 (447).npy
rock,rock-set2 (45),train,./dataset/skeleton_final_v2/rock/rock-set2 (45).npy,./batch_rock/fitted/rock-set2 (45).npy
rock,rock-set2 (467),train,./dataset/skeleton_final_v2/rock/rock-set2 (467).npy,./batch_rock/fitted/rock-set2 (467).npy
rock,rock-set2 (48),train,./dataset/skeleton_final_v2/rock/rock-set2 (48).npy,./batch_rock/fitted/rock-set2 (48).npy
rock,rock-set2 (481),train,./dataset/skeleton_final_v2/rock/rock-set2 (481).npy,./batch_rock/fitted/rock-set2 (481).npy
rock,rock-set2 (482),train,./dataset/skeleton_final_v2/rock/rock-set2 (482).npy,./batch_rock/fitted/rock-set2 (482).npy
rock,rock-set2 (486),train,./dataset/skeleton_final_v2/rock/rock-set2 (486).npy,./batch_rock/fitted/rock-set2 (486).npy
rock,rock-set2 (49),train,./dataset/skeleton_final_v2/rock/rock-set2 (49).npy,./batch_rock/fitted/rock-set2 (49).npy
rock,rock-set2 (5),train,./dataset/skeleton_final_v2/rock/rock-set2 (5).npy,./batch_rock/fitted/rock-set2 (5).npy
rock,rock-set2 (50),train,./dataset/skeleton_final_v2/rock/rock-set2 (50).npy,./batch_rock/fitted/rock-set2 (50).npy
rock,rock-set2 (51),train,./dataset/skeleton_final_v2/rock/rock-set2 (51).npy,./batch_rock/fitted/rock-set2 (51).npy
rock,rock-set2 (514),train,./dataset/skeleton_final_v2/rock/rock-set2 (514).npy,./batch_rock/fitted/rock-set2 (514).npy
rock,rock-set2 (521),train,./dataset/skeleton_final_v2/rock/rock-set2 (521).npy,./batch_rock/fitted/rock-set2 (521).npy
rock,rock-set2 (523),train,./dataset/skeleton_final_v2/rock/rock-set2 (523).npy,./batch_rock/fitted/rock-set2 (523).npy
rock,rock-set2 (524),train,./dataset/skeleton_final_v2/rock/rock-set2 (524).npy,./batch_rock/fitted/rock-set2 (524).npy
rock,rock-set2 (525),train,./dataset/skeleton_final_v2/rock/rock-set2 (525).npy,./batch_rock/fitted/rock-set2 (525).npy
rock,rock-set2 (526),train,./dataset/skeleton_final_v2/rock/rock-set2 (526).npy,./batch_rock/fitted/rock-set2 (526).npy
rock,rock-set2 (53),train,./dataset/skeleton_final_v2/rock/rock-set2 (53).npy,./batch_rock/fitted/rock-set2 (53).npy
rock,rock-set2 (533),train,./dataset/skeleton_final_v2/rock/rock-set2 (533).npy,./batch_rock/fitted/rock-set2 (533).npy
rock,rock-set2 (535),train,./dataset/skeleton_final_v2/rock/rock-set2 (535).npy,./batch_rock/fitted/rock-set2 (535).npy
rock,rock-set2 (536),train,./dataset/skeleton_final_v2/rock/rock-set2 (536).npy,./batch_rock/fitted/rock-set2 (536).npy
rock,rock-set2 (545),train,./dataset/skeleton_final_v2/rock/rock-set2 (545).npy,./batch_rock/fitted/rock-set2 (545).npy
rock,rock-set2 (55),train,./dataset/skeleton_final_v2/rock/rock-set2 (55).npy,./batch_rock/fitted/rock-set2 (55).npy
rock,rock-set2 (554),train,./dataset/skeleton_final_v2/rock/rock-set2 (554).npy,./batch_rock/fitted/rock-set2 (554).npy
rock,rock-set2 (56),train,./dataset/skeleton_final_v2/rock/rock-set2 (56).npy,./batch_rock/fitted/rock-set2 (56).npy
rock,rock-set2 (565),train,./dataset/skeleton_final_v2/rock/rock-set2 (565).npy,./batch_rock/fitted/rock-set2 (565).npy
rock,rock-set2 (566),train,./dataset/skeleton_final_v2/rock/rock-set2 (566).npy,./batch_rock/fitted/rock-set2 (566).npy
rock,rock-set2 (567),train,./dataset/skeleton_final_v2/rock/rock-set2 (567).npy,./batch_rock/fitted/rock-set2 (567).npy
rock,rock-set2 (57),train,./dataset/skeleton_final_v2/rock/rock-set2 (57).npy,./batch_rock/fitted/rock-set2 (57).npy
rock,rock-set2 (570),train,./dataset/skeleton_final_v2/rock/rock-set2 (570).npy,./batch_rock/fitted/rock-set2 (570).npy
rock,rock-set2 (571),train,./dataset/skeleton_final_v2/rock/rock-set2 (571).npy,./batch_rock/fitted/rock-set2 (571).npy
rock,rock-set2 (58),train,./dataset/skeleton_final_v2/rock/rock-set2 (58).npy,./batch_rock/fitted/rock-set2 (58).npy
rock,rock-set2 (581),train,./dataset/skeleton_final_v2/rock/rock-set2 (581).npy,./batch_rock/fitted/rock-set2 (581).npy
rock,rock-set2 (586),train,./dataset/skeleton_final_v2/rock/rock-set2 (586).npy,./batch_rock/fitted/rock-set2 (586).npy
rock,rock-set2 (59),train,./dataset/skeleton_final_v2/rock/rock-set2 (59).npy,./batch_rock/fitted/rock-set2 (59).npy
rock,rock-set2 (592),train,./dataset/skeleton_final_v2/rock/rock-set2 (592).npy,./batch_rock/fitted/rock-set2 (592).npy
rock,rock-set2 (593),train,./dataset/skeleton_final_v2/rock/rock-set2 (593).npy,./batch_rock/fitted/rock-set2 (593).npy
rock,rock-set2 (594),train,./dataset/skeleton_final_v2/rock/rock-set2 (594).npy,./batch_rock/fitted/rock-set2 (594).npy
rock,rock-set2 (595),train,./dataset/skeleton_final_v2/rock/rock-set2 (595).npy,./batch_rock/fitted/rock-set2 (595).npy
rock,rock-set2 (596),train,./dataset/skeleton_final_v2/rock/rock-set2 (596).npy,./batch_rock/fitted/rock-set2 (596).npy
rock,rock-set2 (599),train,./dataset/skeleton_final_v2/rock/rock-set2 (599).npy,./batch_rock/fitted/rock-set2 (599).npy
rock,rock-set2 (6),train,./dataset/skeleton_final_v2/rock/rock-set2 (6).npy,./batch_rock/fitted/rock-set2 (6).npy
rock,rock-set2 (600),train,./dataset/skeleton_final_v2/rock/rock-set2 (600).npy,./batch_rock/fitted/rock-set2 (600).npy
rock,rock-set2 (601),train,./dataset/skeleton_final_v2/rock/rock-set2 (601).npy,./batch_rock/fitted/rock-set2 (601).npy
rock,rock-set2 (605),train,./dataset/skeleton_final_v2/rock/rock-set2 (605).npy,./batch_rock/fitted/rock-set2 (605).npy
rock,rock-set2 (606),train,./dataset/skeleton_final_v2/rock/rock-set2 (606).npy,./batch_rock/fitted/rock-set2 (606).npy
rock,rock-set2 (63),train,./dataset/skeleton_final_v2/rock/rock-set2 (63).npy,./batch_rock/fitted/rock-set2 (63).npy
rock,rock-set2 (64),train,./dataset/skeleton_final_v2/rock/rock-set2 (64).npy,./batch_rock/fitted/rock-set2 (64).npy
rock,rock-set2 (65),train,./dataset/skeleton_final_v2/rock/rock-set2 (65).npy,./batch_rock/fitted/rock-set2 (65).npy
rock,rock-set2 (8),train,./dataset/skeleton_final_v2/rock/rock-set2 (8).npy,./batch_rock/fitted/rock-set2 (8).npy
rock,rock-set2 (84),train,./dataset/skeleton_final_v2/rock/rock-set2 (84).npy,./batch_rock/fitted/rock-set2 (84).npy
rock,rock-set2 (9),train,./dataset/skeleton_final_v2/rock/rock-set2 (9).npy,./batch_rock/fitted/rock-set2 (9).npy
rock,rock_14,train,./dataset/skeleton_final_v2/rock/rock_14.npy,./batch_rock/fitted/rock_14.npy
rock,rock_15,train,./dataset/skeleton_final_v2/rock/rock_15.npy,./batch_rock/fitted/rock_15.npy
rock,rock_16,train,./dataset/skeleton_final_v2/rock/rock_16.npy,./batch_rock/fitted/rock_16.npy
rock,rock_1768,train,./dataset/skeleton_final_v2/rock/rock_1768.npy,./batch_rock/fitted/rock_1768.npy
rock,rock_18,train,./dataset/skeleton_final_v2/rock/rock_18.npy,./batch_rock/fitted/rock_18.npy
rock,rock_19,train,./dataset/skeleton_final_v2/rock/rock_19.npy,./batch_rock/fitted/rock_19.npy
rock,rock_280,train,./dataset/skeleton_final_v2/rock/rock_280.npy,./batch_rock/fitted/rock_280.npy
rock,rock_312,train,./dataset/skeleton_final_v2/rock/rock_312.npy,./batch_rock/fitted/rock_312.npy
rock,rock_3148,train,./dataset/skeleton_final_v2/rock/rock_3148.npy,./batch_rock/fitted/rock_3148.npy
rock,rock_332,train,./dataset/skeleton_final_v2/rock/rock_332.npy,./batch_rock/fitted/rock_332.npy
rock,rock_338,train,./dataset/skeleton_final_v2/rock/rock_338.npy,./batch_rock/fitted/rock_338.npy
rock,rock_3556,train,./dataset/skeleton_final_v2/rock/rock_3556.npy,./batch_rock/fitted/rock_3556.npy
rock,rock_3609,train,./dataset/skeleton_final_v2/rock/rock_3609.npy,./batch_rock/fitted/rock_3609.npy
rock,rock_3628,train,./dataset/skeleton_final_v2/rock/rock_3628.npy,./batch_rock/fitted/rock_3628.npy
rock,rock_5080,train,./dataset/skeleton_final_v2/rock/rock_5080.npy,./batch_rock/fitted/rock_5080.npy
rock,rock_6100,train,./dataset/skeleton_final_v2/rock/rock_6100.npy,./batch_rock/fitted/rock_6100.npy
rock,rock_6321,train,./dataset/skeleton_final_v2/rock/rock_6321.npy,./batch_rock/fitted/rock_6321.npy
rock,rock_6323,train,./dataset/skeleton_final_v2/rock/rock_6323.npy,./batch_rock/fitted/rock_6323.npy
rock,rock_6493,train,./dataset/skeleton_final_v2/rock/rock_6493.npy,./batch_rock/fitted/rock_6493.npy
rock,rock_6494,train,./dataset/skeleton_final_v2/rock/rock_6494.npy,./batch_rock/fitted/rock_6494.npy
rock,rock_6497,train,./dataset/skeleton_final_v2/rock/rock_6497.npy,./batch_rock/fitted/rock_6497.npy
rock,rock_6674,train,./dataset/skeleton_final_v2/rock/rock_6674.npy,./batch_rock/fitted/rock_6674.npy
rock,rock_668,train,./dataset/skeleton_final_v2/rock/rock_668.npy,./batch_rock/fitted/rock_668.npy
rock,rock_6680,train,./dataset/skeleton_final_v2/rock/rock_6680.npy,./batch_rock/fitted/rock_6680.npy
rock,rock_6682,train,./dataset/skeleton_final_v2/rock/rock_6682.npy,./batch_rock/fitted/rock_6682.npy
rock,rock_679,train,./dataset/skeleton_final_v2/rock/rock_679.npy,./batch_rock/fitted/rock_679.npy
rock,rock_681,train,./dataset/skeleton_final_v2/rock/rock_681.npy,./batch_rock/fitted/rock_681.npy
rock,rock_683,train,./dataset/skeleton_final_v2/rock/rock_683.npy,./batch_rock/fitted/rock_683.npy
rock,rock_685,train,./dataset/skeleton_final_v2/rock/rock_685.npy,./batch_rock/fitted/rock_685.npy
rock,rock_6888,train,./dataset/skeleton_final_v2/rock/rock_6888.npy,./batch_rock/fitted/rock_6888.npy
rock,rock_6890,train,./dataset/skeleton_final_v2/rock/rock_6890.npy,./batch_rock/fitted/rock_6890.npy
rock,rock_693,train,./dataset/skeleton_final_v2/rock/rock_693.npy,./batch_rock/fitted/rock_693.npy
rock,rock_694,train,./dataset/skeleton_final_v2/rock/rock_694.npy,./batch_rock/fitted/rock_694.npy
rock,rock_695,train,./dataset/skeleton_final_v2/rock/rock_695.npy,./batch_rock/fitted/rock_695.npy
rock,rock_696,train,./dataset/skeleton_final_v2/rock/rock_696.npy,./batch_rock/fitted/rock_696.npy
rock,rock_699,train,./dataset/skeleton_final_v2/rock/rock_699.npy,./batch_rock/fitted/rock_699.npy
rock,rock_701,train,./dataset/skeleton_final_v2/rock/rock_701.npy,./batch_rock/fitted/rock_701.npy
rock,rock_7105,train,./dataset/skeleton_final_v2/rock/rock_7105.npy,./batch_rock/fitted/rock_7105.npy
rock,rock_7300,train,./dataset/skeleton_final_v2/rock/rock_7300.npy,./batch_rock/fitted/rock_7300.npy
rock,rock_7504,train,./dataset/skeleton_final_v2/rock/rock_7504.npy,./batch_rock/fitted/rock_7504.npy
rock,rock_7507,train,./dataset/skeleton_final_v2/rock/rock_7507.npy,./batch_rock/fitted/rock_7507.npy
rock,rock_7513,train,./dataset/skeleton_final_v2/rock/rock_7513.npy,./batch_rock/fitted/rock_7513.npy
rock,rock_7516,train,./dataset/skeleton_final_v2/rock/rock_7516.npy,./batch_rock/fitted/rock_7516.npy
rock,rock_7539,train,./dataset/skeleton_final_v2/rock/rock_7539.npy,./batch_rock/fitted/rock_7539.npy
rock,rock_7876,train,./dataset/skeleton_final_v2/rock/rock_7876.npy,./batch_rock/fitted/rock_7876.npy
rock,rock_7902,train,./dataset/skeleton_final_v2/rock/rock_7902.npy,./batch_rock/fitted/rock_7902.npy
rock,rock_7908,train,./dataset/skeleton_final_v2/rock/rock_7908.npy,./batch_rock/fitted/rock_7908.npy
rock,rock_8366,train,./dataset/skeleton_final_v2/rock/rock_8366.npy,./batch_rock/fitted/rock_8366.npy
rock,rock_8374,train,./dataset/skeleton_final_v2/rock/rock_8374.npy,./batch_rock/fitted/rock_8374.npy
rock,rock_8398,train,./dataset/skeleton_final_v2/rock/rock_8398.npy,./batch_rock/fitted/rock_8398.npy
rock,rock_8400,train,./dataset/skeleton_final_v2/rock/rock_8400.npy,./batch_rock/fitted/rock_8400.npy
rock,rock_8402,train,./dataset/skeleton_final_v2/rock/rock_8402.npy,./batch_rock/fitted/rock_8402.npy
rock,rock_8690,train,./dataset/skeleton_final_v2/rock/rock_8690.npy,./batch_rock/fitted/rock_8690.npy
rock,rock_9118,train,./dataset/skeleton_final_v2/rock/rock_9118.npy,./batch_rock/fitted/rock_9118.npy
rock,rock_9120,train,./dataset/skeleton_final_v2/rock/rock_9120.npy,./batch_rock/fitted/rock_9120.npy
scissors,scissors (100),train,./dataset/skeleton_final_v2/scissors/scissors (100).npy,./batch_scissors/fitted/scissors (100).npy
scissors,scissors (101),train,./dataset/skeleton_final_v2/scissors/scissors (101).npy,./batch_scissors/fitted/scissors (101).npy
scissors,scissors (102),train,./dataset/skeleton_final_v2/scissors/scissors (102).npy,./batch_scissors/fitted/scissors (102).npy
scissors,scissors (103),train,./dataset/skeleton_final_v2/scissors/scissors (103).npy,./batch_scissors/fitted/scissors (103).npy
scissors,scissors (104),train,./dataset/skeleton_final_v2/scissors/scissors (104).npy,./batch_scissors/fitted/scissors (104).npy
scissors,scissors (105),train,./dataset/skeleton_final_v2/scissors/scissors (105).npy,./batch_scissors/fitted/scissors (105).npy
scissors,scissors (107),train,./dataset/skeleton_final_v2/scissors/scissors (107).npy,./batch_scissors/fitted/scissors (107).npy
scissors,scissors (108),train,./dataset/skeleton_final_v2/scissors/scissors (108).npy,./batch_scissors/fitted/scissors (108).npy
scissors,scissors (11),train,./dataset/skeleton_final_v2/scissors/scissors (11).npy,./batch_scissors/fitted/scissors (11).npy
scissors,scissors (111),train,./dataset/skeleton_final_v2/scissors/scissors (111).npy,./batch_scissors/fitted/scissors (111).npy
scissors,scissors (112),train,./dataset/skeleton_final_v2/scissors/scissors (112).npy,./batch_scissors/fitted/scissors (112).npy
scissors,scissors (113),train,./dataset/skeleton_final_v2/scissors/scissors (113).npy,./batch_scissors/fitted/scissors (113).npy
scissors,scissors (114),train,./dataset/skeleton_final_v2/scissors/scissors (114).npy,./batch_scissors/fitted/scissors (114).npy
scissors,scissors (115),train,./dataset/skeleton_final_v2/scissors/scissors (115).npy,./batch_scissors/fitted/scissors (115).npy
scissors,scissors (116),train,./dataset/skeleton_final_v2/scissors/scissors (116).npy,./batch_scissors/fitted/scissors (116).npy
scissors,scissors (117),train,./dataset/skeleton_final_v2/scissors/scissors (117).npy,./batch_scissors/fitted/scissors (117).npy
scissors,scissors (119),train,./dataset/skeleton_final_v2/scissors/scissors (119).npy,./batch_scissors/fitted/scissors (119).npy
scissors,scissors (125),train,./dataset/skeleton_final_v2/scissors/scissors (125).npy,./batch_scissors/fitted/scissors (125).npy
scissors,scissors (127),train,./dataset/skeleton_final_v2/scissors/scissors (127).npy,./batch_scissors/fitted/scissors (127).npy
scissors,scissors (128),train,./dataset/skeleton_final_v2/scissors/scissors (128).npy,./batch_scissors/fitted/scissors (128).npy
scissors,scissors (130),train,./dataset/skeleton_final_v2/scissors/scissors (130).npy,./batch_scissors/fitted/scissors (130).npy
scissors,scissors (132),train,./dataset/skeleton_final_v2/scissors/scissors (132).npy,./batch_scissors/fitted/scissors (132).npy
scissors,scissors (135),train,./dataset/skeleton_final_v2/scissors/scissors (135).npy,./batch_scissors/fitted/scissors (135).npy
scissors,scissors (136),train,./dataset/skeleton_final_v2/scissors/scissors (136).npy,./batch_scissors/fitted/scissors (136).npy
scissors,scissors (138),train,./dataset/skeleton_final_v2/scissors/scissors (138).npy,./batch_scissors/fitted/scissors (138).npy
scissors,scissors (14),train,./dataset/skeleton_final_v2/scissors/scissors (14).npy,./batch_scissors/fitted/scissors (14).npy
scissors,scissors (140),train,./dataset/skeleton_final_v2/scissors/scissors (140).npy,./batch_scissors/fitted/scissors (140).npy
scissors,scissors (141),train,./dataset/skeleton_final_v2/scissors/scissors (141).npy,./batch_scissors/fitted/scissors (141).npy
scissors,scissors (142),train,./dataset/skeleton_final_v2/scissors/scissors (142).npy,./batch_scissors/fitted/scissors (142).npy
scissors,scissors (143),train,./dataset/skeleton_final_v2/scissors/scissors (143).npy,./batch_scissors/fitted/scissors (143).npy
scissors,scissors (145),train,./dataset/skeleton_final_v2/scissors/scissors (145).npy,./batch_scissors/fitted/scissors (145).npy
scissors,scissors (15),train,./dataset/skeleton_final_v2/scissors/scissors (15).npy,./batch_scissors/fitted/scissors (15).npy
scissors,scissors (151),train,./dataset/skeleton_final_v2/scissors/scissors (151).npy,./batch_scissors/fitted/scissors (151).npy
scissors,scissors (152),train,./dataset/skeleton_final_v2/scissors/scissors (152).npy,./batch_scissors/fitted/scissors (152).npy
scissors,scissors (158),train,./dataset/skeleton_final_v2/scissors/scissors (158).npy,./batch_scissors/fitted/scissors (158).npy
scissors,scissors (159),train,./dataset/skeleton_final_v2/scissors/scissors (159).npy,./batch_scissors/fitted/scissors (159).npy
scissors,scissors (16),train,./dataset/skeleton_final_v2/scissors/scissors (16).npy,./batch_scissors/fitted/scissors (16).npy
scissors,scissors (164),train,./dataset/skeleton_final_v2/scissors/scissors (164).npy,./batch_scissors/fitted/scissors (164).npy
scissors,scissors (166),train,./dataset/skeleton_final_v2/scissors/scissors (166).npy,./batch_scissors/fitted/scissors (166).npy
scissors,scissors (167),train,./dataset/skeleton_final_v2/scissors/scissors (167).npy,./batch_scissors/fitted/scissors (167).npy
scissors,scissors (169),train,./dataset/skeleton_final_v2/scissors/scissors (169).npy,./batch_scissors/fitted/scissors (169).npy
scissors,scissors (172),train,./dataset/skeleton_final_v2/scissors/scissors (172).npy,./batch_scissors/fitted/scissors (172).npy
scissors,scissors (173),train,./dataset/skeleton_final_v2/scissors/scissors (173).npy,./batch_scissors/fitted/scissors (173).npy
scissors,scissors (175),train,./dataset/skeleton_final_v2/scissors/scissors (175).npy,./batch_scissors/fitted/scissors (175).npy
scissors,scissors (177),train,./dataset/skeleton_final_v2/scissors/scissors (177).npy,./batch_scissors/fitted/scissors (177).npy
scissors,scissors (18),train,./dataset/skeleton_final_v2/scissors/scissors (18).npy,./batch_scissors/fitted/scissors (18).npy
scissors,scissors (181),train,./dataset/skeleton_final_v2/scissors/scissors (181).npy,./batch_scissors/fitted/scissors (181).npy
scissors,scissors (182),train,./dataset/skeleton_final_v2/scissors/scissors (182).npy,./batch_scissors/fitted/scissors (182).npy
scissors,scissors (183),train,./dataset/skeleton_final_v2/scissors/scissors (183).npy,./batch_scissors/fitted/scissors (183).npy
scissors,scissors (185),train,./dataset/skeleton_final_v2/scissors/scissors (185).npy,./batch_scissors/fitted/scissors (185).npy
scissors,scissors (187),train,./dataset/skeleton_final_v2/scissors/scissors (187).npy,./batch_scissors/fitted/scissors (187).npy
scissors,scissors (189),train,./dataset/skeleton_final_v2/scissors/scissors (189).npy,./batch_scissors/fitted/scissors (189).npy
scissors,scissors (19),train,./dataset/skeleton_final_v2/scissors/scissors (19).npy,./batch_scissors/fitted/scissors (19).npy
scissors,scissors (193),train,./dataset/skeleton_final_v2/scissors/scissors (193).npy,./batch_scissors/fitted/scissors (193).npy
scissors,scissors (199),train,./dataset/skeleton_final_v2/scissors/scissors (199).npy,./batch_scissors/fitted/scissors (199).npy
scissors,scissors (2),train,./dataset/skeleton_final_v2/scissors/scissors (2).npy,./batch_scissors/fitted/scissors (2).npy
scissors,scissors (20),train,./dataset/skeleton_final_v2/scissors/scissors (20).npy,./batch_scissors/fitted/scissors (20).npy
scissors,scissors (206),train,./dataset/skeleton_final_v2/scissors/scissors (206).npy,./batch_scissors/fitted/scissors (206).npy
scissors,scissors (21),train,./dataset/skeleton_final_v2/scissors/scissors (21).npy,./batch_scissors/fitted/scissors (21).npy
scissors,scissors (213),train,./dataset/skeleton_final_v2/scissors/scissors (213).npy,./batch_scissors/fitted/scissors (213).npy
scissors,scissors (214),train,./dataset/skeleton_final_v2/scissors/scissors (214).npy,./batch_scissors/fitted/scissors (214).npy
scissors,scissors (215),train,./dataset/skeleton_final_v2/scissors/scissors (215).npy,./batch_scissors/fitted/scissors (215).npy
scissors,scissors (218),train,./dataset/skeleton_final_v2/scissors/scissors (218).npy,./batch_scissors/fitted/scissors (218).npy
scissors,scissors (22),train,./dataset/skeleton_final_v2/scissors/scissors (22).npy,./batch_scissors/fitted/scissors (22).npy
scissors,scissors (222),train,./dataset/skeleton_final_v2/scissors/scissors (222).npy,./batch_scissors/fitted/scissors (222).npy
scissors,scissors (223),train,./dataset/skeleton_final_v2/scissors/scissors (223).npy,./batch_scissors/fitted/scissors (223).npy
scissors,scissors (224),train,./dataset/skeleton_final_v2/scissors/scissors (224).npy,./batch_scissors/fitted/scissors (224).npy
scissors,scissors (228),train,./dataset/skeleton_final_v2/scissors/scissors (228).npy,./batch_scissors/fitted/scissors (228).npy
scissors,scissors (230),train,./dataset/skeleton_final_v2/scissors/scissors (230).npy,./batch_scissors/fitted/scissors (230).npy
scissors,scissors (231),train,./dataset/skeleton_final_v2/scissors/scissors (231).npy,./batch_scissors/fitted/scissors (231).npy
scissors,scissors (232),train,./dataset/skeleton_final_v2/scissors/scissors (232).npy,./batch_scissors/fitted/scissors (232).npy
scissors,scissors (234),train,./dataset/skeleton_final_v2/scissors/scissors (234).npy,./batch_scissors/fitted/scissors (234).npy
scissors,scissors (235),train,./dataset/skeleton_final_v2/scissors/scissors (235).npy,./batch_scissors/fitted/scissors (235).npy
scissors,scissors (236),train,./dataset/skeleton_final_v2/scissors/scissors (236).npy,./batch_scissors/fitted/scissors (236).npy
scissors,scissors (237),train,./dataset/skeleton_final_v2/scissors/scissors (237).npy,./batch_scissors/fitted/scissors (237).npy
scissors,scissors (240),train,./dataset/skeleton_final_v2/scissors/scissors (240).npy,./batch_scissors/fitted/scissors (240).npy
scissors,scissors (241),train,./dataset/skeleton_final_v2/scissors/scissors (241).npy,./batch_scissors/fitted/scissors (241).npy
scissors,scissors (242),train,./dataset/skeleton_final_v2/scissors/scissors (242).npy,./batch_scissors/fitted/scissors (242).npy
scissors,scissors (243),train,./dataset/skeleton_final_v2/scissors/scissors (243).npy,./batch_scissors/fitted/scissors (243).npy
scissors,scissors (246),train,./dataset/skeleton_final_v2/scissors/scissors (246).npy,./batch_scissors/fitted/scissors (246).npy
scissors,scissors (247),train,./dataset/skeleton_final_v2/scissors/scissors (247).npy,./batch_scissors/fitted/scissors (247).npy
scissors,scissors (248),train,./dataset/skeleton_final_v2/scissors/scissors (248).npy,./batch_scissors/fitted/scissors (248).npy
scissors,scissors (249),train,./dataset/skeleton_final_v2/scissors/scissors (249).npy,./batch_scissors/fitted/scissors (249).npy
scissors,scissors (25),train,./dataset/skeleton_final_v2/scissors/scissors (25).npy,./batch_scissors/fitted/scissors (25).npy
scissors,scissors (250),train,./dataset/skeleton_final_v2/scissors/scissors (250).npy,./batch_scissors/fitted/scissors (250).npy
scissors,scissors (251),train,./dataset/skeleton_final_v2/scissors/scissors (251).npy,./batch_scissors/fitted/scissors (251).npy
scissors,scissors (252),train,./dataset/skeleton_final_v2/scissors/scissors (252).npy,./batch_scissors/fitted/scissors (252).npy
scissors,scissors (257),train,./dataset/skeleton_final_v2/scissors/scissors (257).npy,./batch_scissors/fitted/scissors (257).npy
scissors,scissors (26),train,./dataset/skeleton_final_v2/scissors/scissors (26).npy,./batch_scissors/fitted/scissors (26).npy
scissors,scissors (260),train,./dataset/skeleton_final_v2/scissors/scissors (260).npy,./batch_scissors/fitted/scissors (260).npy
scissors,scissors (261),train,./dataset/skeleton_final_v2/scissors/scissors (261).npy,./batch_scissors/fitted/scissors (261).npy
scissors,scissors (263),train,./dataset/skeleton_final_v2/scissors/scissors (263).npy,./batch_scissors/fitted/scissors (263).npy
scissors,scissors (264),train,./dataset/skeleton_final_v2/scissors/scissors (264).npy,./batch_scissors/fitted/scissors (264).npy
scissors,scissors (266),train,./dataset/skeleton_final_v2/scissors/scissors (266).npy,./batch_scissors/fitted/scissors (266).npy
scissors,scissors (268),train,./dataset/skeleton_final_v2/scissors/scissors (268).npy,./batch_scissors/fitted/scissors (268).npy
scissors,scissors (270),train,./dataset/skeleton_final_v2/scissors/scissors (270).npy,./batch_scissors/fitted/scissors (270).npy
scissors,scissors (271),train,./dataset/skeleton_final_v2/scissors/scissors (271).npy,./batch_scissors/fitted/scissors (271).npy
scissors,scissors (273),train,./dataset/skeleton_final_v2/scissors/scissors (273).npy,./batch_scissors/fitted/scissors (273).npy
scissors,scissors (274),train,./dataset/skeleton_final_v2/scissors/scissors (274).npy,./batch_scissors/fitted/scissors (274).npy
scissors,scissors (275),train,./dataset/skeleton_final_v2/scissors/scissors (275).npy,./batch_scissors/fitted/scissors (275).npy
scissors,scissors (276),train,./dataset/skeleton_final_v2/scissors/scissors (276).npy,./batch_scissors/fitted/scissors (276).npy
scissors,scissors (278),train,./dataset/skeleton_final_v2/scissors/scissors (278).npy,./batch_scissors/fitted/scissors (278).npy
scissors,scissors (279),train,./dataset/skeleton_final_v2/scissors/scissors (279).npy,./batch_scissors/fitted/scissors (279).npy
scissors,scissors (284),train,./dataset/skeleton_final_v2/scissors/scissors (284).npy,./batch_scissors/fitted/scissors (284).npy
scissors,scissors (285),train,./dataset/skeleton_final_v2/scissors/scissors (285).npy,./batch_scissors/fitted/scissors (285).npy
scissors,scissors (286),train,./dataset/skeleton_final_v2/scissors/scissors (286).npy,./batch_scissors/fitted/scissors (286).npy
scissors,scissors (287),train,./dataset/skeleton_final_v2/scissors/scissors (287).npy,./batch_scissors/fitted/scissors (287).npy
scissors,scissors (29),train,./dataset/skeleton_final_v2/scissors/scissors (29).npy,./batch_scissors/fitted/scissors (29).npy
scissors,scissors (291),train,./dataset/skeleton_final_v2/scissors/scissors (291).npy,./batch_scissors/fitted/scissors (291).npy
scissors,scissors (292),train,./dataset/skeleton_final_v2/scissors/scissors (292).npy,./batch_scissors/fitted/scissors (292).npy
scissors,scissors (295),train,./dataset/skeleton_final_v2/scissors/scissors (295).npy,./batch_scissors/fitted/scissors (295).npy
scissors,scissors (296),train,./dataset/skeleton_final_v2/scissors/scissors (296).npy,./batch_scissors/fitted/scissors (296).npy
scissors,scissors (298),train,./dataset/skeleton_final_v2/scissors/scissors (298).npy,./batch_scissors/fitted/scissors (298).npy
scissors,scissors (3),train,./dataset/skeleton_final_v2/scissors/scissors (3).npy,./batch_scissors/fitted/scissors (3).npy
scissors,scissors (300),train,./dataset/skeleton_final_v2/scissors/scissors (300).npy,./batch_scissors/fitted/scissors (300).npy
scissors,scissors (301),train,./dataset/skeleton_final_v2/scissors/scissors (301).npy,./batch_scissors/fitted/scissors (301).npy
scissors,scissors (303),train,./dataset/skeleton_final_v2/scissors/scissors (303).npy,./batch_scissors/fitted/scissors (303).npy
scissors,scissors (304),train,./dataset/skeleton_final_v2/scissors/scissors (304).npy,./batch_scissors/fitted/scissors (304).npy
scissors,scissors (305),train,./dataset/skeleton_final_v2/scissors/scissors (305).npy,./batch_scissors/fitted/scissors (305).npy
scissors,scissors (308),train,./dataset/skeleton_final_v2/scissors/scissors (308).npy,./batch_scissors/fitted/scissors (308).npy
scissors,scissors (311),train,./dataset/skeleton_final_v2/scissors/scissors (311).npy,./batch_scissors/fitted/scissors (311).npy
scissors,scissors (318),train,./dataset/skeleton_final_v2/scissors/scissors (318).npy,./batch_scissors/fitted/scissors (318).npy
scissors,scissors (32),train,./dataset/skeleton_final_v2/scissors/scissors (32).npy,./batch_scissors/fitted/scissors (32).npy
scissors,scissors (322),train,./dataset/skeleton_final_v2/scissors/scissors (322).npy,./batch_scissors/fitted/scissors (322).npy
scissors,scissors (328),train,./dataset/skeleton_final_v2/scissors/scissors (328).npy,./batch_scissors/fitted/scissors (328).npy
scissors,scissors (329),train,./dataset/skeleton_final_v2/scissors/scissors (329).npy,./batch_scissors/fitted/scissors (329).npy
scissors,scissors (33),train,./dataset/skeleton_final_v2/scissors/scissors (33).npy,./batch_scissors/fitted/scissors (33).npy
scissors,scissors (330),train,./dataset/skeleton_final_v2/scissors/scissors (330).npy,./batch_scissors/fitted/scissors (330).npy
scissors,scissors (332),train,./dataset/skeleton_final_v2/scissors/scissors (332).npy,./batch_scissors/fitted/scissors (332).npy
scissors,scissors (333),train,./dataset/skeleton_final_v2/scissors/scissors (333).npy,./batch_scissors/fitted/scissors (333).npy
scissors,scissors (335),train,./dataset/skeleton_final_v2/scissors/scissors (335).npy,./batch_scissors/fitted/scissors (335).npy
scissors,scissors (337),train,./dataset/skeleton_final_v2/scissors/scissors (337).npy,./batch_scissors/fitted/scissors (337).npy
scissors,scissors (338),train,./dataset/skeleton_final_v2/scissors/scissors (338).npy,./batch_scissors/fitted/scissors (338).npy
scissors,scissors (339),train,./dataset/skeleton_final_v2/scissors/scissors (339).npy,./batch_scissors/fitted/scissors (339).npy
scissors,scissors (341),train,./dataset/skeleton_final_v2/scissors/scissors (341).npy,./batch_scissors/fitted/scissors (341).npy
scissors,scissors (342),train,./dataset/skeleton_final_v2/scissors/scissors (342).npy,./batch_scissors/fitted/scissors (342).npy
scissors,scissors (344),train,./dataset/skeleton_final_v2/scissors/scissors (344).npy,./batch_scissors/fitted/scissors (344).npy
scissors,scissors (345),train,./dataset/skeleton_final_v2/scissors/scissors (345).npy,./batch_scissors/fitted/scissors (345).npy
scissors,scissors (347),train,./dataset/skeleton_final_v2/scissors/scissors (347).npy,./batch_scissors/fitted/scissors (347).npy
scissors,scissors (350),train,./dataset/skeleton_final_v2/scissors/scissors (350).npy,./batch_scissors/fitted/scissors (350).npy
scissors,scissors (353),train,./dataset/skeleton_final_v2/scissors/scissors (353).npy,./batch_scissors/fitted/scissors (353).npy
scissors,scissors (355),train,./dataset/skeleton_final_v2/scissors/scissors (355).npy,./batch_scissors/fitted/scissors (355).npy
scissors,scissors (356),train,./dataset/skeleton_final_v2/scissors/scissors (356).npy,./batch_scissors/fitted/scissors (356).npy
scissors,scissors (359),train,./dataset/skeleton_final_v2/scissors/scissors (359).npy,./batch_scissors/fitted/scissors (359).npy
scissors,scissors (361),train,./dataset/skeleton_final_v2/scissors/scissors (361).npy,./batch_scissors/fitted/scissors (361).npy
scissors,scissors (362),train,./dataset/skeleton_final_v2/scissors/scissors (362).npy,./batch_scissors/fitted/scissors (362).npy
scissors,scissors (364),train,./dataset/skeleton_final_v2/scissors/scissors (364).npy,./batch_scissors/fitted/scissors (364).npy
scissors,scissors (366),train,./dataset/skeleton_final_v2/scissors/scissors (366).npy,./batch_scissors/fitted/scissors (366).npy
scissors,scissors (37),train,./dataset/skeleton_final_v2/scissors/scissors (37).npy,./batch_scissors/fitted/scissors (37).npy
scissors,scissors (372),train,./dataset/skeleton_final_v2/scissors/scissors (372).npy,./batch_scissors/fitted/scissors (372).npy
scissors,scissors (378),train,./dataset/skeleton_final_v2/scissors/scissors (378).npy,./batch_scissors/fitted/scissors (378).npy
scissors,scissors (380),train,./dataset/skeleton_final_v2/scissors/scissors (380).npy,./batch_scissors/fitted/scissors (380).npy
scissors,scissors (381),train,./dataset/skeleton_final_v2/scissors/scissors (381).npy,./batch_scissors/fitted/scissors (381).npy
scissors,scissors (383),train,./dataset/skeleton_final_v2/scissors/scissors (383).npy,./batch_scissors/fitted/scissors (383).npy
scissors,scissors (390),train,./dataset/skeleton_final_v2/scissors/scissors (390).npy,./batch_scissors/fitted/scissors (390).npy
scissors,scissors (394),train,./dataset/skeleton_final_v2/scissors/scissors (394).npy,./batch_scissors/fitted/scissors (394).npy
scissors,scissors (397),train,./dataset/skeleton_final_v2/scissors/scissors (397).npy,./batch_scissors/fitted/scissors (397).npy
scissors,scissors (399),train,./dataset/skeleton_final_v2/scissors/scissors (399).npy,./batch_scissors/fitted/scissors (399).npy
scissors,scissors (4),train,./dataset/skeleton_final_v2/scissors/scissors (4).npy,./batch_scissors/fitted/scissors (4).npy
scissors,scissors (403),train,./dataset/skeleton_final_v2/scissors/scissors (403).npy,./batch_scissors/fitted/scissors (403).npy
scissors,scissors (406),train,./dataset/skeleton_final_v2/scissors/scissors (406).npy,./batch_scissors/fitted/scissors (406).npy
scissors,scissors (407),train,./dataset/skeleton_final_v2/scissors/scissors (407).npy,./batch_scissors/fitted/scissors (407).npy
scissors,scissors (408),train,./dataset/skeleton_final_v2/scissors/scissors (408).npy,./batch_scissors/fitted/scissors (408).npy
scissors,scissors (409),train,./dataset/skeleton_final_v2/scissors/scissors (409).npy,./batch_scissors/fitted/scissors (409).npy
scissors,scissors (410),train,./dataset/skeleton_final_v2/scissors/scissors (410).npy,./batch_scissors/fitted/scissors (410).npy
scissors,scissors (411),train,./dataset/skeleton_final_v2/scissors/scissors (411).npy,./batch_scissors/fitted/scissors (411).npy
scissors,scissors (412),train,./dataset/skeleton_final_v2/scissors/scissors (412).npy,./batch_scissors/fitted/scissors (412).npy
scissors,scissors (414),train,./dataset/skeleton_final_v2/scissors/scissors (414).npy,./batch_scissors/fitted/scissors (414).npy
scissors,scissors (415),train,./dataset/skeleton_final_v2/scissors/scissors (415).npy,./batch_scissors/fitted/scissors (415).npy
scissors,scissors (417),train,./dataset/skeleton_final_v2/scissors/scissors (417).npy,./batch_scissors/fitted/scissors (417).npy
scissors,scissors (418),train,./dataset/skeleton_final_v2/scissors/scissors (418).npy,./batch_scissors/fitted/scissors (418).npy
scissors,scissors (419),train,./dataset/skeleton_final_v2/scissors/scissors (419).npy,./batch_scissors/fitted/scissors (419).npy
scissors,scissors (421),train,./dataset/skeleton_final_v2/scissors/scissors (421).npy,./batch_scissors/fitted/scissors (421).npy
scissors,scissors (422),train,./dataset/skeleton_final_v2/scissors/scissors (422).npy,./batch_scissors/fitted/scissors (422).npy
scissors,scissors (423),train,./dataset/skeleton_final_v2/scissors/scissors (423).npy,./batch_scissors/fitted/scissors (423).npy
scissors,scissors (425),train,./dataset/skeleton_final_v2/scissors/scissors (425).npy,./batch_scissors/fitted/scissors (425).npy
scissors,scissors (428),train,./dataset/skeleton_final_v2/scissors/scissors (428).npy,./batch_scissors/fitted/scissors (428).npy
scissors,scissors (429),train,./dataset/skeleton_final_v2/scissors/scissors (429).npy,./batch_scissors/fitted/scissors (429).npy
scissors,scissors (431),train,./dataset/skeleton_final_v2/scissors/scissors (431).npy,./batch_scissors/fitted/scissors (431).npy
scissors,scissors (434),train,./dataset/skeleton_final_v2/scissors/scissors (434).npy,./batch_scissors/fitted/scissors (434).npy
scissors,scissors (436),train,./dataset/skeleton_final_v2/scissors/scissors (436).npy,./batch_scissors/fitted/scissors (436).npy
scissors,scissors (44),train,./dataset/skeleton_final_v2/scissors/scissors (44).npy,./batch_scissors/fitted/scissors (44).npy
scissors,scissors (441),train,./dataset/skeleton_final_v2/scissors/scissors (441).npy,./batch_scissors/fitted/scissors (441).npy
scissors,scissors (443),train,./dataset/skeleton_final_v2/scissors/scissors (443).npy,./batch_scissors/fitted/scissors (443).npy
scissors,scissors (444),train,./dataset/skeleton_final_v2/scissors/scissors (444).npy,./batch_scissors/fitted/scissors (444).npy
scissors,scissors (445),train,./dataset/skeleton_final_v2/scissors/scissors (445).npy,./batch_scissors/fitted/scissors (445).npy
scissors,scissors (447),train,./dataset/skeleton_final_v2/scissors/scissors (447).npy,./batch_scissors/fitted/scissors (447).npy
scissors,scissors (452),train,./dataset/skeleton_final_v2/scissors/scissors (452).npy,./batch_scissors/fitted/scissors (452).npy
scissors,scissors (454),train,./dataset/skeleton_final_v2/scissors/scissors (454).npy,./batch_scissors/fitted/scissors (454).npy
scissors,scissors (455),train,./dataset/skeleton_final_v2/scissors/scissors (455).npy,./batch_scissors/fitted/scissors (455).npy
scissors,scissors (458),train,./dataset/skeleton_final_v2/scissors/scissors (458).npy,./batch_scissors/fitted/scissors (458).npy
scissors,scissors (459),train,./dataset/skeleton_final_v2/scissors/scissors (459).npy,./batch_scissors/fitted/scissors (459).npy
scissors,scissors (464),train,./dataset/skeleton_final_v2/scissors/scissors (464).npy,./batch_scissors/fitted/scissors (464).npy
scissors,scissors (467),train,./dataset/skeleton_final_v2/scissors/scissors (467).npy,./batch_scissors/fitted/scissors (467).npy
scissors,scissors (469),train,./dataset/skeleton_final_v2/scissors/scissors (469).npy,./batch_scissors/fitted/scissors (469).npy
scissors,scissors (47),train,./dataset/skeleton_final_v2/scissors/scissors (47).npy,./batch_scissors/fitted/scissors (47).npy
scissors,scissors (472),train,./dataset/skeleton_final_v2/scissors/scissors (472).npy,./batch_scissors/fitted/scissors (472).npy
scissors,scissors (474),train,./dataset/skeleton_final_v2/scissors/scissors (474).npy,./batch_scissors/fitted/scissors (474).npy
scissors,scissors (478),train,./dataset/skeleton_final_v2/scissors/scissors (478).npy,./batch_scissors/fitted/scissors (478).npy
scissors,scissors (481),train,./dataset/skeleton_final_v2/scissors/scissors (481).npy,./batch_scissors/fitted/scissors (481).npy
scissors,scissors (483),train,./dataset/skeleton_final_v2/scissors/scissors (483).npy,./batch_scissors/fitted/scissors (483).npy
scissors,scissors (484),train,./dataset/skeleton_final_v2/scissors/scissors (484).npy,./batch_scissors/fitted/scissors (484).npy
scissors,scissors (486),train,./dataset/skeleton_final_v2/scissors/scissors (486).npy,./batch_scissors/fitted/scissors (486).npy
scissors,scissors (487),train,./dataset/skeleton_final_v2/scissors/scissors (487).npy,./batch_scissors/fitted/scissors (487).npy
scissors,scissors (489),train,./dataset/skeleton_final_v2/scissors/scissors (489).npy,./batch_scissors/fitted/scissors (489).npy
scissors,scissors (49),train,./dataset/skeleton_final_v2/scissors/scissors (49).npy,./batch_scissors/fitted/scissors (49).npy
scissors,scissors (490),train,./dataset/skeleton_final_v2/scissors/scissors (490).npy,./batch_scissors/fitted/scissors (490).npy
scissors,scissors (491),train,./dataset/skeleton_final_v2/scissors/scissors (491).npy,./batch_scissors/fitted/scissors (491).npy
scissors,scissors (492),train,./dataset/skeleton_final_v2/scissors/scissors (492).npy,./batch_scissors/fitted/scissors (492).npy
scissors,scissors (493),train,./dataset/skeleton_final_v2/scissors/scissors (493).npy,./batch_scissors/fitted/scissors (493).npy
scissors,scissors (494),train,./dataset/skeleton_final_v2/scissors/scissors (494).npy,./batch_scissors/fitted/scissors (494).npy
scissors,scissors (497),train,./dataset/skeleton_final_v2/scissors/scissors (497).npy,./batch_scissors/fitted/scissors (497).npy
scissors,scissors (499),train,./dataset/skeleton_final_v2/scissors/scissors (499).npy,./batch_scissors/fitted/scissors (499).npy
scissors,scissors (500),train,./dataset/skeleton_final_v2/scissors/scissors (500).npy,./batch_scissors/fitted/scissors (500).npy
scissors,scissors (51),train,./dataset/skeleton_final_v2/scissors/scissors (51).npy,./batch_scissors/fitted/scissors (51).npy
scissors,scissors (52),train,./dataset/skeleton_final_v2/scissors/scissors (52).npy,./batch_scissors/fitted/scissors (52).npy
scissors,scissors (54),train,./dataset/skeleton_final_v2/scissors/scissors (54).npy,./batch_scissors/fitted/scissors (54).npy
scissors,scissors (56),train,./dataset/skeleton_final_v2/scissors/scissors (56).npy,./batch_scissors/fitted/scissors (56).npy
scissors,scissors (57),train,./dataset/skeleton_final_v2/scissors/scissors (57).npy,./batch_scissors/fitted/scissors (57).npy
scissors,scissors (58),train,./dataset/skeleton_final_v2/scissors/scissors (58).npy,./batch_scissors/fitted/scissors (58).npy
scissors,scissors (59),train,./dataset/skeleton_final_v2/scissors/scissors (59).npy,./batch_scissors/fitted/scissors (59).npy
scissors,scissors (6),train,./dataset/skeleton_final_v2/scissors/scissors (6).npy,./batch_scissors/fitted/scissors (6).npy
scissors,scissors (60),train,./dataset/skeleton_final_v2/scissors/scissors (60).npy,./batch_scissors/fitted/scissors (60).npy
scissors,scissors (64),train,./dataset/skeleton_final_v2/scissors/scissors (64).npy,./batch_scissors/fitted/scissors (64).npy
scissors,scissors (65),train,./dataset/skeleton_final_v2/scissors/scissors (65).npy,./batch_scissors/fitted/scissors (65).npy
scissors,scissors (66),train,./dataset/skeleton_final_v2/scissors/scissors (66).npy,./batch_scissors/fitted/scissors (66).npy
scissors,scissors (67),train,./dataset/skeleton_final_v2/scissors/scissors (67).npy,./batch_scissors/fitted/scissors (67).npy
scissors,scissors (69),train,./dataset/skeleton_final_v2/scissors/scissors (69).npy,./batch_scissors/fitted/scissors (69).npy
scissors,scissors (71),train,./dataset/skeleton_final_v2/scissors/scissors (71).npy,./batch_scissors/fitted/scissors (71).npy
scissors,scissors (74),train,./dataset/skeleton_final_v2/scissors/scissors (74).npy,./batch_scissors/fitted/scissors (74).npy
scissors,scissors (75),train,./dataset/skeleton_final_v2/scissors/scissors (75).npy,./batch_scissors/fitted/scissors (75).npy
scissors,scissors (76),train,./dataset/skeleton_final_v2/scissors/scissors (76).npy,./batch_scissors/fitted/scissors (76).npy
scissors,scissors (77),train,./dataset/skeleton_final_v2/scissors/scissors (77).npy,./batch_scissors/fitted/scissors (77).npy
scissors,scissors (78),train,./dataset/skeleton_final_v2/scissors/scissors (78).npy,./batch_scissors/fitted/scissors (78).npy
scissors,scissors (80),train,./dataset/skeleton_final_v2/scissors/scissors (80).npy,./batch_scissors/fitted/scissors (80).npy
scissors,scissors (84),train,./dataset/skeleton_final_v2/scissors/scissors (84).npy,./batch_scissors/fitted/scissors (84).npy
scissors,scissors (86),train,./dataset/skeleton_final_v2/scissors/scissors (86).npy,./batch_scissors/fitted/scissors (86).npy
scissors,scissors (88),train,./dataset/skeleton_final_v2/scissors/scissors (88).npy,./batch_scissors/fitted/scissors (88).npy
scissors,scissors (89),train,./dataset/skeleton_final_v2/scissors/scissors (89).npy,./batch_scissors/fitted/scissors (89).npy
scissors,scissors (9),train,./dataset/skeleton_final_v2/scissors/scissors (9).npy,./batch_scissors/fitted/scissors (9).npy
scissors,scissors (92),train,./dataset/skeleton_final_v2/scissors/scissors (92).npy,./batch_scissors/fitted/scissors (92).npy
scissors,scissors (95),train,./dataset/skeleton_final_v2/scissors/scissors (95).npy,./batch_scissors/fitted/scissors (95).npy
scissors,scissors (97),train,./dataset/skeleton_final_v2/scissors/scissors (97).npy,./batch_scissors/fitted/scissors (97).npy
scissors,scissors (98),train,./dataset/skeleton_final_v2/scissors/scissors (98).npy,./batch_scissors/fitted/scissors (98).npy
scissors,scissors (99),train,./dataset/skeleton_final_v2/scissors/scissors (99).npy,./batch_scissors/fitted/scissors (99).npy
scissors,scissors-set2 (1),train,./dataset/skeleton_final_v2/scissors/scissors-set2 (1).npy,./batch_scissors/fitted/scissors-set2 (1).npy
scissors,scissors-set2 (10),train,./dataset/skeleton_final_v2/scissors/scissors-set2 (10).npy,./batch_scissors/fitted/scissors-set2 (10).npy
scissors,scissors-set2 (106),train,./dataset/skeleton_final_v2/scissors/scissors-set2 (106).npy,./batch_scissors/fitted/scissors-set2 (106).npy
scissors,scissors-set2 (107),train,./dataset/skeleton_final_v2/scissors/scissors-set2 (107).npy,./batch_scissors/fitted/scissors-set2 (107).npy
scissors,scissors-set2 (108),train,./dataset/skeleton_final_v2/scissors/scissors-set2 (108).npy,./batch_scissors/fitted/scissors-set2 (108).npy
scissors,scissors-set2 (109),train,./dataset/skeleton_final_v2/scissors/scissors-set2 (109).npy,./batch_scissors/fitted/scissors-set2 (109).npy
scissors,scissors-set2 (11),train,./dataset/skeleton_final_v2/scissors/scissors-set2 (11).npy,./batch_scissors/fitted/scissors-set2 (11).npy
scissors,scissors-set2 (110),train,./dataset/skeleton_final_v2/scissors/scissors-set2 (110).npy,./batch_scissors/fitted/scissors-set2 (110).npy
scissors,scissors-set2 (111),train,./dataset/skeleton_final_v2/scissors/scissors-set2 (111).npy,./batch_scissors/fitted/scissors-set2 (111).npy
scissors,scissors-set2 (112),train,./dataset/skeleton_final_v2/scissors/scissors-set2 (112).npy,./batch_scissors/fitted/scissors-set2 (112).npy
scissors,scissors-set2 (114),train,./dataset/skeleton_final_v2/scissors/scissors-set2 (114).npy,./batch_scissors/fitted/scissors-set2 (114).npy
scissors,scissors-set2 (115),train,./dataset/skeleton_final_v2/scissors/scissors-set2 (115).npy,./batch_scissors/fitted/scissors-set2 (115).npy
scissors,scissors-set2 (117),train,./dataset/skeleton_final_v2/scissors/scissors-set2 (117).npy,./batch_scissors/fitted/scissors-set2 (117).npy
scissors,scissors-set2 (118),train,./dataset/skeleton_final_v2/scissors/scissors-set2 (118).npy,./batch_scissors/fitted/scissors-set2 (118).npy
scissors,scissors-set2 (119),train,./dataset/skeleton_final_v2/scissors/scissors-set2 (119).npy,./batch_scissors/fitted/scissors-set2 (119).npy
scissors,scissors-set2 (12),train,./dataset/skeleton_final_v2/scissors/scissors-set2 (12).npy,./batch_scissors/fitted/scissors-set2 (12).npy
scissors,scissors-set2 (120),train,./dataset/skeleton_final_v2/scissors/scissors-set2 (120).npy,./batch_scissors/fitted/scissors-set2 (120).npy
scissors,scissors-set2 (121),train,./dataset/skeleton_final_v2/scissors/scissors-set2 (121).npy,./batch_scissors/fitted/scissors-set2 (121).npy
scissors,scissors-set2 (122),train,./dataset/skeleton_final_v2/scissors/scissors-set2 (122).npy,./batch_scissors/fitted/scissors-set2 (122).npy
scissors,scissors-set2 (123),train,./dataset/skeleton_final_v2/scissors/scissors-set2 (123).npy,./batch_scissors/fitted/scissors-set2 (123).npy
scissors,scissors-set2 (124),train,./dataset/skeleton_final_v2/scissors/scissors-set2 (124).npy,./batch_scissors/fitted/scissors-set2 (124).npy
scissors,scissors-set2 (126),train,./dataset/skeleton_final_v2/scissors/scissors-set2 (126).npy,./batch_scissors/fitted/scissors-set2 (126).npy
scissors,scissors-set2 (127),train,./dataset/skeleton_final_v2/scissors/scissors-set2 (127).npy,./batch_scissors/fitted/scissors-set2 (127).npy
scissors,scissors-set2 (128),train,./dataset/skeleton_final_v2/scissors/scissors-set2 (128).npy,./batch_scissors/fitted/scissors-set2 (128).npy
scissors,scissors-set2 (13),train,./dataset/skeleton_final_v2/scissors/scissors-set2 (13).npy,./batch_scissors/fitted/scissors-set2 (13).npy
scissors,scissors-set2 (131),train,./dataset/skeleton_final_v2/scissors/scissors-set2 (131).npy,./batch_scissors/fitted/scissors-set2 (131).npy
scissors,scissors-set2 (132),train,./dataset/skeleton_final_v2/scissors/scissors-set2 (132).npy,./batch_scissors/fitted/scissors-set2 (132).npy
scissors,scissors-set2 (133),train,./dataset/skeleton_final_v2/scissors/scissors-set2 (133).npy,./batch_scissors/fitted/scissors-set2 (133).npy
scissors,scissors-set2 (134),train,./dataset/skeleton_final_v2/scissors/scissors-set2 (134).npy,./batch_scissors/fitted/scissors-set2 (134).npy
scissors,scissors-set2 (136),train,./dataset/skeleton_final_v2/scissors/scissors-set2 (136).npy,./batch_scissors/fitted/scissors-set2 (136).npy
scissors,scissors-set2 (137),train,./dataset/skeleton_final_v2/scissors/scissors-set2 (137).npy,./batch_scissors/fitted/scissors-set2 (137).npy
scissors,scissors-set2 (139),train,./dataset/skeleton_final_v2/scissors/scissors-set2 (139).npy,./batch_scissors/fitted/scissors-set2 (139).npy
scissors,scissors-set2 (14),train,./dataset/skeleton_final_v2/scissors/scissors-set2 (14).npy,./batch_scissors/fitted/scissors-set2 (14).npy
scissors,scissors-set2 (140),train,./dataset/skeleton_final_v2/scissors/scissors-set2 (140).npy,./batch_scissors/fitted/scissors-set2 (140).npy
scissors,scissors-set2 (150),train,./dataset/skeleton_final_v2/scissors/scissors-set2 (150).npy,./batch_scissors/fitted/scissors-set2 (150).npy
scissors,scissors-set2 (153),train,./dataset/skeleton_final_v2/scissors/scissors-set2 (153).npy,./batch_scissors/fitted/scissors-set2 (153).npy
scissors,scissors-set2 (154),train,./dataset/skeleton_final_v2/scissors/scissors-set2 (154).npy,./batch_scissors/fitted/scissors-set2 (154).npy
scissors,scissors-set2 (155),train,./dataset/skeleton_final_v2/scissors/scissors-set2 (155).npy,./batch_scissors/fitted/scissors-set2 (155).npy
scissors,scissors-set2 (158),train,./dataset/skeleton_final_v2/scissors/scissors-set2 (158).npy,./batch_scissors/fitted/scissors-set2 (158).npy
scissors,scissors-set2 (16),train,./dataset/skeleton_final_v2/scissors/scissors-set2 (16).npy,./batch_scissors/fitted/scissors-set2 (16).npy
scissors,scissors-set2 (161),train,./dataset/skeleton_final_v2/scissors/scissors-set2 (161).npy,./batch_scissors/fitted/scissors-set2 (161).npy
scissors,scissors-set2 (162),train,./dataset/skeleton_final_v2/scissors/scissors-set2 (162).npy,./batch_scissors/fitted/scissors-set2 (162).npy
scissors,scissors-set2 (163),train,./dataset/skeleton_final_v2/scissors/scissors-set2 (163).npy,./batch_scissors/fitted/scissors-set2 (163).npy
scissors,scissors-set2 (166),train,./dataset/skeleton_final_v2/scissors/scissors-set2 (166).npy,./batch_scissors/fitted/scissors-set2 (166).npy
scissors,scissors-set2 (169),train,./dataset/skeleton_final_v2/scissors/scissors-set2 (169).npy,./batch_scissors/fitted/scissors-set2 (169).npy
scissors,scissors-set2 (17),train,./dataset/skeleton_final_v2/scissors/scissors-set2 (17).npy,./batch_scissors/fitted/scissors-set2 (17).npy
scissors,scissors-set2 (170),train,./dataset/skeleton_final_v2/scissors/scissors-set2 (170).npy,./batch_scissors/fitted/scissors-set2 (170).npy
scissors,scissors-set2 (174),train,./dataset/skeleton_final_v2/scissors/scissors-set2 (174).npy,./batch_scissors/fitted/scissors-set2 (174).npy
scissors,scissors-set2 (175),train,./dataset/skeleton_final_v2/scissors/scissors-set2 (175).npy,./batch_scissors/fitted/scissors-set2 (175).npy
scissors,scissors-set2 (176),train,./dataset/skeleton_final_v2/scissors/scissors-set2 (176).npy,./batch_scissors/fitted/scissors-set2 (176).npy
scissors,scissors-set2 (177),train,./dataset/skeleton_final_v2/scissors/scissors-set2 (177).npy,./batch_scissors/fitted/scissors-set2 (177).npy
scissors,scissors-set2 (178),train,./dataset/skeleton_final_v2/scissors/scissors-set2 (178).npy,./batch_scissors/fitted/scissors-set2 (178).npy
scissors,scissors-set2 (179),train,./dataset/skeleton_final_v2/scissors/scissors-set2 (179).npy,./batch_scissors/fitted/scissors-set2 (179).npy
scissors,scissors-set2 (180),train,./dataset/skeleton_final_v2/scissors/scissors-set2 (180).npy,./batch_scissors/fitted/scissors-set2 (180).npy
scissors,scissors-set2 (181),train,./dataset/skeleton_final_v2/scissors/scissors-set2 (181).npy,./batch_scissors/fitted/scissors-set2 (181).npy
scissors,scissors-set2 (182),train,./dataset/skeleton_final_v2/scissors/scissors-set2 (182).npy,./batch_scissors/fitted/scissors-set2 (182).npy
scissors,scissors-set2 (183),train,./dataset/skeleton_final_v2/scissors/scissors-set2 (183).npy,./batch_scissors/fitted/scissors-set2 (183).npy
scissors,scissors-set2 (184),train,./dataset/skeleton_final_v2/scissors/scissors-set2 (184).npy,./batch_scissors/fitted/scissors-set2 (184).npy
scissors,scissors-set2 (185),train,./dataset/skeleton_final_v2/scissors/scissors-set2 (185).npy,./batch_scissors/fitted/scissors-set2 (185).npy
scissors,scissors-set2 (186),train,./dataset/skeleton_final_v2/scissors/scissors-set2 (186).npy,./batch_scissors/fitted/scissors-set2 (186).npy
scissors,scissors-set2 (187),train,./dataset/skeleton_final_v2/scissors/scissors-set2 (187).npy,./batch_scissors/fitted/scissors-set2 (187).npy
scissors,scissors-set2 (190),train,./dataset/skeleton_final_v2/scissors/scissors-set2 (190).npy,./batch_scissors/fitted/scissors-set2 (190).npy
scissors,scissors-set2 (191),train,./dataset/skeleton_final_v2/scissors/scissors-set2 (191).npy,./batch_scissors/fitted/scissors-set2 (191).npy
scissors,scissors-set2 (192),train,./dataset/skeleton_final_v2/scissors/scissors-set2 (192).npy,./batch_scissors/fitted/scissors-set2 (192).npy
scissors,scissors-set2 (193),train,./dataset/skeleton_final_v2/scissors/scissors-set2 (193).npy,./batch_scissors/fitted/scissors-set2 (193).npy
scissors,scissors-set2 (194),train,./dataset/skeleton_final_v2/scissors/scissors-set2 (194).npy,./batch_scissors/fitted/scissors-set2 (194).npy
scissors,scissors-set2 (195),train,./dataset/skeleton_final_v2/scissors/scissors-set2 (195).npy,./batch_scissors/fitted/scissors-set2 (195).npy
scissors,scissors-set2 (197),train,./dataset/skeleton_final_v2/scissors/scissors-set2 (197).npy,./batch_scissors/fitted/scissors-set2 (197).npy
scissors,scissors-set2 (198),train,./dataset/skeleton_final_v2/scissors/scissors-set2 (198).npy,./batch_scissors/fitted/scissors-set2 (198).npy
scissors,scissors-set2 (2),train,./dataset/skeleton_final_v2/scissors/scissors-set2 (2).npy,./batch_scissors/fitted/scissors-set2 (2).npy
scissors,scissors-set2 (200),train,./dataset/skeleton_final_v2/scissors/scissors-set2 (200).npy,./batch_scissors/fitted/scissors-set2 (200).npy
scissors,scissors-set2 (201),train,./dataset/skeleton_final_v2/scissors/scissors-set2 (201).npy,./batch_scissors/fitted/scissors-set2 (201).npy
scissors,scissors-set2 (202),train,./dataset/skeleton_final_v2/scissors/scissors-set2 (202).npy,./batch_scissors/fitted/scissors-set2 (202).npy
scissors,scissors-set2 (203),train,./dataset/skeleton_final_v2/scissors/scissors-set2 (203).npy,./batch_scissors/fitted/scissors-set2 (203).npy
scissors,scissors-set2 (205),train,./dataset/skeleton_final_v2/scissors/scissors-set2 (205).npy,./batch_scissors/fitted/scissors-set2 (205).npy
scissors,scissors-set2 (206),train,./dataset/skeleton_final_v2/scissors/scissors-set2 (206).npy,./batch_scissors/fitted/scissors-set2 (206).npy
scissors,scissors-set2 (208),train,./dataset/skeleton_final_v2/scissors/scissors-set2 (208).npy,./batch_scissors/fitted/scissors-set2 (208).npy
scissors,scissors-set2 (21),train,./dataset/skeleton_final_v2/scissors/scissors-set2 (21).npy,./batch_scissors/fitted/scissors-set2 (21).npy
scissors,scissors-set2 (210),train,./dataset/skeleton_final_v2/scissors/scissors-set2 (210).npy,./batch_scissors/fitted/scissors-set2 (210).npy
scissors,scissors-set2 (211),train,./dataset/skeleton_final_v2/scissors/scissors-set2 (211).npy,./batch_scissors/fitted/scissors-set2 (211).npy
scissors,scissors-set2 (212),train,./dataset/skeleton_final_v2/scissors/scissors-set2 (212).npy,./batch_scissors/fitted/scissors-set2 (212).npy
scissors,scissors-set2 (22),train,./dataset/skeleton_final_v2/scissors/scissors-set2 (22).npy,./batch_scissors/fitted/scissors-set2 (22).npy
scissors,scissors-set2 (220),train,./dataset/skeleton_final_v2/scissors/scissors-set2 (220).npy,./batch_scissors/fitted/scissors-set2 (220).npy
scissors,scissors-set2 (222),train,./dataset/skeleton_final_v2/scissors/scissors-set2 (222).npy,./batch_scissors/fitted/scissors-set2 (222).npy
scissors,scissors-set2 (223),train,./dataset/skeleton_final_v2/scissors/scissors-set2 (223).npy,./batch_scissors/fitted/scissors-set2 (223).npy
scissors,scissors-set2 (225),train,./dataset/skeleton_final_v2/scissors/scissors-set2 (225).npy,./batch_scissors/fitted/scissors-set2 (225).npy
scissors,scissors-set2 (226),train,./dataset/skeleton_final_v2/scissors/scissors-set2 (226).npy,./batch_scissors/fitted/scissors-set2 (226).npy
scissors,scissors-set2 (23),train,./dataset/skeleton_final_v2/scissors/scissors-set2 (23).npy,./batch_scissors/fitted/scissors-set2 (23).npy
scissors,scissors-set2 (230),train,./dataset/skeleton_final_v2/scissors/scissors-set2 (230).npy,./batch_scissors/fitted/scissors-set2 (230).npy
scissors,scissors-set2 (231),train,./dataset/skeleton_final_v2/scissors/scissors-set2 (231).npy,./batch_scissors/fitted/scissors-set2 (231).npy
scissors,scissors-set2 (234),train,./dataset/skeleton_final_v2/scissors/scissors-set2 (234).npy,./batch_scissors/fitted/scissors-set2 (234).npy
scissors,scissors-set2 (236),train,./dataset/skeleton_final_v2/scissors/scissors-set2 (236).npy,./batch_scissors/fitted/scissors-set2 (236).npy
scissors,scissors-set2 (237),train,./dataset/skeleton_final_v2/scissors/scissors-set2 (237).npy,./batch_scissors/fitted/scissors-set2 (237).npy
scissors,scissors-set2 (24),train,./dataset/skeleton_final_v2/scissors/scissors-set2 (24).npy,./batch_scissors/fitted/scissors-set2 (24).npy
scissors,scissors-set2 (240),train,./dataset/skeleton_final_v2/scissors/scissors-set2 (240).npy,./batch_scissors/fitted/scissors-set2 (240).npy
scissors,scissors-set2 (243),train,./dataset/skeleton_final_v2/scissors/scissors-set2 (243).npy,./batch_scissors/fitted/scissors-set2 (243).npy
scissors,scissors-set2 (244),train,./dataset/skeleton_final_v2/scissors/scissors-set2 (244).npy,./batch_scissors/fitted/scissors-set2 (244).npy
scissors,scissors-set2 (246),train,./dataset/skeleton_final_v2/scissors/scissors-set2 (246).npy,./batch_scissors/fitted/scissors-set2 (246).npy
scissors,scissors-set2 (247),train,./dataset/skeleton_final_v2/scissors/scissors-set2 (247).npy,./batch_scissors/fitted/scissors-set2 (247).npy
scissors,scissors-set2 (248),train,./dataset/skeleton_final_v2/scissors/scissors-set2 (248).npy,./batch_scissors/fitted/scissors-set2 (248).npy
scissors,scissors-set2 (25),train,./dataset/skeleton_final_v2/scissors/scissors-set2 (25).npy,./batch_scissors/fitted/scissors-set2 (25).npy
scissors,scissors-set2 (250),train,./dataset/skeleton_final_v2/scissors/scissors-set2 (250).npy,./batch_scissors/fitted/scissors-set2 (250).npy
scissors,scissors-set2 (251),train,./dataset/skeleton_final_v2/scissors/scissors-set2 (251).npy,./batch_scissors/fitted/scissors-set2 (251).npy
scissors,scissors-set2 (252),train,./dataset/skeleton_final_v2/scissors/scissors-set2 (252).npy,./batch_scissors/fitted/scissors-set2 (252).npy
scissors,scissors-set2 (254),train,./dataset/skeleton_final_v2/scissors/scissors-set2 (254).npy,./batch_scissors/fitted/scissors-set2 (254).npy
scissors,scissors-set2 (256),train,./dataset/skeleton_final_v2/scissors/scissors-set2 (256).npy,./batch_scissors/fitted/scissors-set2 (256).npy
scissors,scissors-set2 (259),train,./dataset/skeleton_final_v2/scissors/scissors-set2 (259).npy,./batch_scissors/fitted/scissors-set2 (259).npy
scissors,scissors-set2 (26),train,./dataset/skeleton_final_v2/scissors/scissors-set2 (26).npy,./batch_scissors/fitted/scissors-set2 (26).npy
scissors,scissors-set2 (260),train,./dataset/skeleton_final_v2/scissors/scissors-set2 (260).npy,./batch_scissors/fitted/scissors-set2 (260).npy
scissors,scissors-set2 (262),train,./dataset/skeleton_final_v2/scissors/scissors-set2 (262).npy,./batch_scissors/fitted/scissors-set2 (262).npy
scissors,scissors-set2 (264),train,./dataset/skeleton_final_v2/scissors/scissors-set2 (264).npy,./batch_scissors/fitted/scissors-set2 (264).npy
scissors,scissors-set2 (265),train,./dataset/skeleton_final_v2/scissors/scissors-set2 (265).npy,./batch_scissors/fitted/scissors-set2 (265).npy
scissors,scissors-set2 (266),train,./dataset/skeleton_final_v2/scissors/scissors-set2 (266).npy,./batch_scissors/fitted/scissors-set2 (266).npy
scissors,scissors-set2 (267),train,./dataset/skeleton_final_v2/scissors/scissors-set2 (267).npy,./batch_scissors/fitted/scissors-set2 (267).npy
scissors,scissors-set2 (268),train,./dataset/skeleton_final_v2/scissors/scissors-set2 (268).npy,./batch_scissors/fitted/scissors-set2 (268).npy
scissors,scissors-set2 (269),train,./dataset/skeleton_final_v2/scissors/scissors-set2 (269).npy,./batch_scissors/fitted/scissors-set2 (269).npy
scissors,scissors-set2 (27),train,./dataset/skeleton_final_v2/scissors/scissors-set2 (27).npy,./batch_scissors/fitted/scissors-set2 (27).npy
scissors,scissors-set2 (272),train,./dataset/skeleton_final_v2/scissors/scissors-set2 (272).npy,./batch_scissors/fitted/scissors-set2 (272).npy
scissors,scissors-set2 (273),train,./dataset/skeleton_final_v2/scissors/scissors-set2 (273).npy,./batch_scissors/fitted/scissors-set2 (273).npy
scissors,scissors-set2 (275),train,./dataset/skeleton_final_v2/scissors/scissors-set2 (275).npy,./batch_scissors/fitted/scissors-set2 (275).npy
scissors,scissors-set2 (276),train,./dataset/skeleton_final_v2/scissors/scissors-set2 (276).npy,./batch_scissors/fitted/scissors-set2 (276).npy
scissors,scissors-set2 (277),train,./dataset/skeleton_final_v2/scissors/scissors-set2 (277).npy,./batch_scissors/fitted/scissors-set2 (277).npy
scissors,scissors-set2 (279),train,./dataset/skeleton_final_v2/scissors/scissors-set2 (279).npy,./batch_scissors/fitted/scissors-set2 (279).npy
scissors,scissors-set2 (28),train,./dataset/skeleton_final_v2/scissors/scissors-set2 (28).npy,./batch_scissors/fitted/scissors-set2 (28).npy
scissors,scissors-set2 (280),train,./dataset/skeleton_final_v2/scissors/scissors-set2 (280).npy,./batch_scissors/fitted/scissors-set2 (280).npy
scissors,scissors-set2 (281),train,./dataset/skeleton_final_v2/scissors/scissors-set2 (281).npy,./batch_scissors/fitted/scissors-set2 (281).npy
scissors,scissors-set2 (282),train,./dataset/skeleton_final_v2/scissors/scissors-set2 (282).npy,./batch_scissors/fitted/scissors-set2 (282).npy
scissors,scissors-set2 (284),train,./dataset/skeleton_final_v2/scissors/scissors-set2 (284).npy,./batch_scissors/fitted/scissors-set2 (284).npy
scissors,scissors-set2 (286),train,./dataset/skeleton_final_v2/scissors/scissors-set2 (286).npy,./batch_scissors/fitted/scissors-set2 (286).npy
scissors,scissors-set2 (287),train,./dataset/skeleton_final_v2/scissors/scissors-set2 (287).npy,./batch_scissors/fitted/scissors-set2 (287).npy
scissors,scissors-set2 (288),train,./dataset/skeleton_final_v2/scissors/scissors-set2 (288).npy,./batch_scissors/fitted/scissors-set2 (288).npy
scissors,scissors-set2 (289),train,./dataset/skeleton_final_v2/scissors/scissors-set2 (289).npy,./batch_scissors/fitted/scissors-set2 (289).npy
scissors,scissors-set2 (29),train,./dataset/skeleton_final_v2/scissors/scissors-set2 (29).npy,./batch_scissors/fitted/scissors-set2 (29).npy
scissors,scissors-set2 (290),train,./dataset/skeleton_final_v2/scissors/scissors-set2 (290).npy,./batch_scissors/fitted/scissors-set2 (290).npy
scissors,scissors-set2 (291),train,./dataset/skeleton_final_v2/scissors/scissors-set2 (291).npy,./batch_scissors/fitted/scissors-set2 (291).npy
scissors,scissors-set2 (292),train,./dataset/skeleton_final_v2/scissors/scissors-set2 (292).npy,./batch_scissors/fitted/scissors-set2 (292).npy
scissors,scissors-set2 (293),train,./dataset/skeleton_final_v2/scissors/scissors-set2 (293).npy,./batch_scissors/fitted/scissors-set2 (293).npy
scissors,scissors-set2 (295),train,./dataset/skeleton_final_v2/scissors/scissors-set2 (295).npy,./batch_scissors/fitted/scissors-set2 (295).npy
scissors,scissors-set2 (296),train,./dataset/skeleton_final_v2/scissors/scissors-set2 (296).npy,./batch_scissors/fitted/scissors-set2 (296).npy
scissors,scissors-set2 (298),train,./dataset/skeleton_final_v2/scissors/scissors-set2 (298).npy,./batch_scissors/fitted/scissors-set2 (298).npy
scissors,scissors-set2 (299),train,./dataset/skeleton_final_v2/scissors/scissors-set2 (299).npy,./batch_scissors/fitted/scissors-set2 (299).npy
scissors,scissors-set2 (300),train,./dataset/skeleton_final_v2/scissors/scissors-set2 (300).npy,./batch_scissors/fitted/scissors-set2 (300).npy
scissors,scissors-set2 (301),train,./dataset/skeleton_final_v2/scissors/scissors-set2 (301).npy,./batch_scissors/fitted/scissors-set2 (301).npy
scissors,scissors-set2 (303),train,./dataset/skeleton_final_v2/scissors/scissors-set2 (303).npy,./batch_scissors/fitted/scissors-set2 (303).npy
scissors,scissors-set2 (304),train,./dataset/skeleton_final_v2/scissors/scissors-set2 (304).npy,./batch_scissors/fitted/scissors-set2 (304).npy
scissors,scissors-set2 (305),train,./dataset/skeleton_final_v2/scissors/scissors-set2 (305).npy,./batch_scissors/fitted/scissors-set2 (305).npy
scissors,scissors-set2 (306),train,./dataset/skeleton_final_v2/scissors/scissors-set2 (306).npy,./batch_scissors/fitted/scissors-set2 (306).npy
scissors,scissors-set2 (307),train,./dataset/skeleton_final_v2/scissors/scissors-set2 (307).npy,./batch_scissors/fitted/scissors-set2 (307).npy
scissors,scissors-set2 (309),train,./dataset/skeleton_final_v2/scissors/scissors-set2 (309).npy,./batch_scissors/fitted/scissors-set2 (309).npy
scissors,scissors-set2 (310),train,./dataset/skeleton_final_v2/scissors/scissors-set2 (310).npy,./batch_scissors/fitted/scissors-set2 (310).npy
scissors,scissors-set2 (314),train,./dataset/skeleton_final_v2/scissors/scissors-set2 (314).npy,./batch_scissors/fitted/scissors-set2 (314).npy
scissors,scissors-set2 (317),train,./dataset/skeleton_final_v2/scissors/scissors-set2 (317).npy,./batch_scissors/fitted/scissors-set2 (317).npy
scissors,scissors-set2 (318),train,./dataset/skeleton_final_v2/scissors/scissors-set2 (318).npy,./batch_scissors/fitted/scissors-set2 (318).npy
scissors,scissors-set2 (32),train,./dataset/skeleton_final_v2/scissors/scissors-set2 (32).npy,./batch_scissors/fitted/scissors-set2 (32).npy
scissors,scissors-set2 (320),train,./dataset/skeleton_final_v2/scissors/scissors-set2 (320).npy,./batch_scissors/fitted/scissors-set2 (320).npy
scissors,scissors-set2 (321),train,./dataset/skeleton_final_v2/scissors/scissors-set2 (321).npy,./batch_scissors/fitted/scissors-set2 (321).npy
scissors,scissors-set2 (324),train,./dataset/skeleton_final_v2/scissors/scissors-set2 (324).npy,./batch_scissors/fitted/scissors-set2 (324).npy
scissors,scissors-set2 (326),train,./dataset/skeleton_final_v2/scissors/scissors-set2 (326).npy,./batch_scissors/fitted/scissors-set2 (326).npy
scissors,scissors-set2 (328),train,./dataset/skeleton_final_v2/scissors/scissors-set2 (328).npy,./batch_scissors/fitted/scissors-set2 (328).npy
scissors,scissors-set2 (329),train,./dataset/skeleton_final_v2/scissors/scissors-set2 (329).npy,./batch_scissors/fitted/scissors-set2 (329).npy
scissors,scissors-set2 (331),train,./dataset/skeleton_final_v2/scissors/scissors-set2 (331).npy,./batch_scissors/fitted/scissors-set2 (331).npy
scissors,scissors-set2 (332),train,./dataset/skeleton_final_v2/scissors/scissors-set2 (332).npy,./batch_scissors/fitted/scissors-set2 (332).npy
scissors,scissors-set2 (333),train,./dataset/skeleton_final_v2/scissors/scissors-set2 (333).npy,./batch_scissors/fitted/scissors-set2 (333).npy
scissors,scissors-set2 (335),train,./dataset/skeleton_final_v2/scissors/scissors-set2 (335).npy,./batch_scissors/fitted/scissors-set2 (335).npy
scissors,scissors-set2 (337),train,./dataset/skeleton_final_v2/scissors/scissors-set2 (337).npy,./batch_scissors/fitted/scissors-set2 (337).npy
scissors,scissors-set2 (339),train,./dataset/skeleton_final_v2/scissors/scissors-set2 (339).npy,./batch_scissors/fitted/scissors-set2 (339).npy
scissors,scissors-set2 (34),train,./dataset/skeleton_final_v2/scissors/scissors-set2 (34).npy,./batch_scissors/fitted/scissors-set2 (34).npy
scissors,scissors-set2 (340),train,./dataset/skeleton_final_v2/scissors/scissors-set2 (340).npy,./batch_scissors/fitted/scissors-set2 (340).npy
scissors,scissors-set2 (341),train,./dataset/skeleton_final_v2/scissors/scissors-set2 (341).npy,./batch_scissors/fitted/scissors-set2 (341).npy
scissors,scissors-set2 (342),train,./dataset/skeleton_final_v2/scissors/scissors-set2 (342).npy,./batch_scissors/fitted/scissors-set2 (342).npy
scissors,scissors-set2 (346),train,./dataset/skeleton_final_v2/scissors/scissors-set2 (346).npy,./batch_scissors/fitted/scissors-set2 (346).npy
scissors,scissors-set2 (347),train,./dataset/skeleton_final_v2/scissors/scissors-set2 (347).npy,./batch_scissors/fitted/scissors-set2 (347).npy
scissors,scissors-set2 (348),train,./dataset/skeleton_final_v2/scissors/scissors-set2 (348).npy,./batch_scissors/fitted/scissors-set2 (348).npy
scissors,scissors-set2 (350),train,./dataset/skeleton_final_v2/scissors/scissors-set2 (350).npy,./batch_scissors/fitted/scissors-set2 (350).npy
scissors,scissors-set2 (351),train,./dataset/skeleton_final_v2/scissors/scissors-set2 (351).npy,./batch_scissors/fitted/scissors-set2 (351).npy
scissors,scissors-set2 (352),train,./dataset/skeleton_final_v2/scissors/scissors-set2 (352).npy,./batch_scissors/fitted/scissors-set2 (352).npy
scissors,scissors-set2 (353),train,./dataset/skeleton_final_v2/scissors/scissors-set2 (353).npy,./batch_scissors/fitted/scissors-set2 (353).npy
scissors,scissors-set2 (356),train,./dataset/skeleton_final_v2/scissors/scissors-set2 (356).npy,./batch_scissors/fitted/scissors-set2 (356).npy
scissors,scissors-set2 (358),train,./dataset/skeleton_final_v2/scissors/scissors-set2 (358).npy,./batch_scissors/fitted/scissors-set2 (358).npy
scissors,scissors-set2 (36),train,./dataset/skeleton_final_v2/scissors/scissors-set2 (36).npy,./batch_scissors/fitted/scissors-set2 (36).npy
scissors,scissors-set2 (360),train,./dataset/skeleton_final_v2/scissors/scissors-set2 (360).npy,./batch_scissors/fitted/scissors-set2 (360).npy
scissors,scissors-set2 (363),train,./dataset/skeleton_final_v2/scissors/scissors-set2 (363).npy,./batch_scissors/fitted/scissors-set2 (363).npy
scissors,scissors-set2 (365),train,./dataset/skeleton_final_v2/scissors/scissors-set2 (365).npy,./batch_scissors/fitted/scissors-set2 (365).npy
scissors,scissors-set2 (366),train,./dataset/skeleton_final_v2/scissors/scissors-set2 (366).npy,./batch_scissors/fitted/scissors-set2 (366).npy
scissors,scissors-set2 (368),train,./dataset/skeleton_final_v2/scissors/scissors-set2 (368).npy,./batch_scissors/fitted/scissors-set2 (368).npy
scissors,scissors-set2 (369),train,./dataset/skeleton_final_v2/scissors/scissors-set2 (369).npy,./batch_scissors/fitted/scissors-set2 (369).npy
scissors,scissors-set2 (37),train,./dataset/skeleton_final_v2/scissors/scissors-set2 (37).npy,./batch_scissors/fitted/scissors-set2 (37).npy
scissors,scissors-set2 (375),train,./dataset/skeleton_final_v2/scissors/scissors-set2 (375).npy,./batch_scissors/fitted/scissors-set2 (375).npy
scissors,scissors-set2 (376),train,./dataset/skeleton_final_v2/scissors/scissors-set2 (376).npy,./batch_scissors/fitted/scissors-set2 (376).npy
scissors,scissors-set2 (377),train,./dataset/skeleton_final_v2/scissors/scissors-set2 (377).npy,./batch_scissors/fitted/scissors-set2 (377).npy
scissors,scissors-set2 (379),train,./dataset/skeleton_final_v2/scissors/scissors-set2 (379).npy,./batch_scissors/fitted/scissors-set2 (379).npy
scissors,scissors-set2 (380),train,./dataset/skeleton_final_v2/scissors/scissors-set2 (380).npy,./batch_scissors/fitted/scissors-set2 (380).npy
scissors,scissors-set2 (382),train,./dataset/skeleton_final_v2/scissors/scissors-set2 (382).npy,./batch_scissors/fitted/scissors-set2 (382).npy
scissors,scissors-set2 (383),train,./dataset/skeleton_final_v2/scissors/scissors-set2 (383).npy,./batch_scissors/fitted/scissors-set2 (383).npy
scissors,scissors-set2 (384),train,./dataset/skeleton_final_v2/scissors/scissors-set2 (384).npy,./batch_scissors/fitted/scissors-set2 (384).npy
scissors,scissors-set2 (385),train,./dataset/skeleton_final_v2/scissors/scissors-set2 (385).npy,./batch_scissors/fitted/scissors-set2 (385).npy
scissors,scissors-set2 (386),train,./dataset/skeleton_final_v2/scissors/scissors-set2 (386).npy,./batch_scissors/fitted/scissors-set2 (386).npy
scissors,scissors-set2 (389),train,./dataset/skeleton_final_v2/scissors/scissors-set2 (389).npy,./batch_scissors/fitted/scissors-set2 (389).npy
scissors,scissors-set2 (390),train,./dataset/skeleton_final_v2/scissors/scissors-set2 (390).npy,./batch_scissors/fitted/scissors-set2 (390).npy
scissors,scissors-set2 (393),train,./dataset/skeleton_final_v2/scissors/scissors-set2 (393).npy,./batch_scissors/fitted/scissors-set2 (393).npy
scissors,scissors-set2 (394),train,./dataset/skeleton_final_v2/scissors/scissors-set2 (394).npy,./batch_scissors/fitted/scissors-set2 (394).npy
scissors,scissors-set2 (395),train,./dataset/skeleton_final_v2/scissors/scissors-set2 (395).npy,./batch_scissors/fitted/scissors-set2 (395).npy
scissors,scissors-set2 (40),train,./dataset/skeleton_final_v2/scissors/scissors-set2 (40).npy,./batch_scissors/fitted/scissors-set2 (40).npy
scissors,scissors-set2 (400),train,./dataset/skeleton_final_v2/scissors/scissors-set2 (400).npy,./batch_scissors/fitted/scissors-set2 (400).npy
scissors,scissors-set2 (403),train,./dataset/skeleton_final_v2/scissors/scissors-set2 (403).npy,./batch_scissors/fitted/scissors-set2 (403).npy
scissors,scissors-set2 (406),train,./dataset/skeleton_final_v2/scissors/scissors-set2 (406).npy,./batch_scissors/fitted/scissors-set2 (406).npy
scissors,scissors-set2 (407),train,./dataset/skeleton_final_v2/scissors/scissors-set2 (407).npy,./batch_scissors/fitted/scissors-set2 (407).npy
scissors,scissors-set2 (409),train,./dataset/skeleton_final_v2/scissors/scissors-set2 (409).npy,./batch_scissors/fitted/scissors-set2 (409).npy
scissors,scissors-set2 (410),train,./dataset/skeleton_final_v2/scissors/scissors-set2 (410).npy,./batch_scissors/fitted/scissors-set2 (410).npy
scissors,scissors-set2 (411),train,./dataset/skeleton_final_v2/scissors/scissors-set2 (411).npy,./batch_scissors/fitted/scissors-set2 (411).npy
scissors,scissors-set2 (412),train,./dataset/skeleton_final_v2/scissors/scissors-set2 (412).npy,./batch_scissors/fitted/scissors-set2 (412).npy
scissors,scissors-set2 (415),train,./dataset/skeleton_final_v2/scissors/scissors-set2 (415).npy,./batch_scissors/fitted/scissors-set2 (415).npy
scissors,scissors-set2 (417),train,./dataset/skeleton_final_v2/scissors/scissors-set2 (417).npy,./batch_scissors/fitted/scissors-set2 (417).npy
scissors,scissors-set2 (418),train,./dataset/skeleton_final_v2/scissors/scissors-set2 (418).npy,./batch_scissors/fitted/scissors-set2 (418).npy
scissors,scissors-set2 (419),train,./dataset/skeleton_final_v2/scissors/scissors-set2 (419).npy,./batch_scissors/fitted/scissors-set2 (419).npy
scissors,scissors-set2 (42),train,./dataset/skeleton_final_v2/scissors/scissors-set2 (42).npy,./batch_scissors/fitted/scissors-set2 (42).npy
scissors,scissors-set2 (421),train,./dataset/skeleton_final_v2/scissors/scissors-set2 (421).npy,./batch_scissors/fitted/scissors-set2 (421).npy
scissors,scissors-set2 (423),train,./dataset/skeleton_final_v2/scissors/scissors-set2 (423).npy,./batch_scissors/fitted/scissors-set2 (423).npy
scissors,scissors-set2 (426),train,./dataset/skeleton_final_v2/scissors/scissors-set2 (426).npy,./batch_scissors/fitted/scissors-set2 (426).npy
scissors,scissors-set2 (427),train,./dataset/skeleton_final_v2/scissors/scissors-set2 (427).npy,./batch_scissors/fitted/scissors-set2 (427).npy
scissors,scissors-set2 (428),train,./dataset/skeleton_final_v2/scissors/scissors-set2 (428).npy,./batch_scissors/fitted/scissors-set2 (428).npy
scissors,scissors-set2 (43),train,./dataset/skeleton_final_v2/scissors/scissors-set2 (43).npy,./batch_scissors/fitted/scissors-set2 (43).npy
scissors,scissors-set2 (430),train,./dataset/skeleton_final_v2/scissors/scissors-set2 (430).npy,./batch_scissors/fitted/scissors-set2 (430).npy
scissors,scissors-set2 (432),train,./dataset/skeleton_final_v2/scissors/scissors-set2 (432).npy,./batch_scissors/fitted/scissors-set2 (432).npy
scissors,scissors-set2 (435),train,./dataset/skeleton_final_v2/scissors/scissors-set2 (435).npy,./batch_scissors/fitted/scissors-set2 (435).npy
scissors,scissors-set2 (436),train,./dataset/skeleton_final_v2/scissors/scissors-set2 (436).npy,./batch_scissors/fitted/scissors-set2 (436).npy
scissors,scissors-set2 (438),train,./dataset/skeleton_final_v2/scissors/scissors-set2 (438).npy,./batch_scissors/fitted/scissors-set2 (438).npy
scissors,scissors-set2 (439),train,./dataset/skeleton_final_v2/scissors/scissors-set2 (439).npy,./batch_scissors/fitted/scissors-set2 (439).npy
scissors,scissors-set2 (444),train,./dataset/skeleton_final_v2/scissors/scissors-set2 (444).npy,./batch_scissors/fitted/scissors-set2 (444).npy
scissors,scissors-set2 (445),train,./dataset/skeleton_final_v2/scissors/scissors-set2 (445).npy,./batch_scissors/fitted/scissors-set2 (445).npy
scissors,scissors-set2 (446),train,./dataset/skeleton_final_v2/scissors/scissors-set2 (446).npy,./batch_scissors/fitted/scissors-set2 (446).npy
scissors,scissors-set2 (449),train,./dataset/skeleton_final_v2/scissors/scissors-set2 (449).npy,./batch_scissors/fitted/scissors-set2 (449).npy
scissors,scissors-set2 (451),train,./dataset/skeleton_final_v2/scissors/scissors-set2 (451).npy,./batch_scissors/fitted/scissors-set2 (451).npy
scissors,scissors-set2 (454),train,./dataset/skeleton_final_v2/scissors/scissors-set2 (454).npy,./batch_scissors/fitted/scissors-set2 (454).npy
scissors,scissors-set2 (456),train,./dataset/skeleton_final_v2/scissors/scissors-set2 (456).npy,./batch_scissors/fitted/scissors-set2 (456).npy
scissors,scissors-set2 (458),train,./dataset/skeleton_final_v2/scissors/scissors-set2 (458).npy,./batch_scissors/fitted/scissors-set2 (458).npy
scissors,scissors-set2 (459),train,./dataset/skeleton_final_v2/scissors/scissors-set2 (459).npy,./batch_scissors/fitted/scissors-set2 (459).npy
scissors,scissors-set2 (460),train,./dataset/skeleton_final_v2/scissors/scissors-set2 (460).npy,./batch_scissors/fitted/scissors-set2 (460).npy
scissors,scissors-set2 (461),train,./dataset/skeleton_final_v2/scissors/scissors-set2 (461).npy,./batch_scissors/fitted/scissors-set2 (461).npy
scissors,scissors-set2 (462),train,./dataset/skeleton_final_v2/scissors/scissors-set2 (462).npy,./batch_scissors/fitted/scissors-set2 (462).npy
scissors,scissors-set2 (463),train,./dataset/skeleton_final_v2/scissors/scissors-set2 (463).npy,./batch_scissors/fitted/scissors-set2 (463).npy
scissors,scissors-set2 (464),train,./dataset/skeleton_final_v2/scissors/scissors-set2 (464).npy,./batch_scissors/fitted/scissors-set2 (464).npy
scissors,scissors-set2 (466),train,./dataset/skeleton_final_v2/scissors/scissors-set2 (466).npy,./batch_scissors/fitted/scissors-set2 (466).npy
scissors,scissors-set2 (467),train,./dataset/skeleton_final_v2/scissors/scissors-set2 (467).npy,./batch_scissors/fitted/scissors-set2 (467).npy
scissors,scissors-set2 (470),train,./dataset/skeleton_final_v2/scissors/scissors-set2 (470).npy,./batch_scissors/fitted/scissors-set2 (470).npy
scissors,scissors-set2 (472),train,./dataset/skeleton_final_v2/scissors/scissors-set2 (472).npy,./batch_scissors/fitted/scissors-set2 (472).npy
scissors,scissors-set2 (473),train,./dataset/skeleton_final_v2/scissors/scissors-set2 (473).npy,./batch_scissors/fitted/scissors-set2 (473).npy
scissors,scissors-set2 (475),train,./dataset/skeleton_final_v2/scissors/scissors-set2 (475).npy,./batch_scissors/fitted/scissors-set2 (475).npy
scissors,scissors-set2 (479),train,./dataset/skeleton_final_v2/scissors/scissors-set2 (479).npy,./batch_scissors/fitted/scissors-set2 (479).npy
scissors,scissors-set2 (480),train,./dataset/skeleton_final_v2/scissors/scissors-set2 (480).npy,./batch_scissors/fitted/scissors-set2 (480).npy
scissors,scissors-set2 (481),train,./dataset/skeleton_final_v2/scissors/scissors-set2 (481).npy,./batch_scissors/fitted/scissors-set2 (481).npy
scissors,scissors-set2 (482),train,./dataset/skeleton_final_v2/scissors/scissors-set2 (482).npy,./batch_scissors/fitted/scissors-set2 (482).npy
scissors,scissors-set2 (483),train,./dataset/skeleton_final_v2/scissors/scissors-set2 (483).npy,./batch_scissors/fitted/scissors-set2 (483).npy
scissors,scissors-set2 (485),train,./dataset/skeleton_final_v2/scissors/scissors-set2 (485).npy,./batch_scissors/fitted/scissors-set2 (485).npy
scissors,scissors-set2 (486),train,./dataset/skeleton_final_v2/scissors/scissors-set2 (486).npy,./batch_scissors/fitted/scissors-set2 (486).npy
scissors,scissors-set2 (487),train,./dataset/skeleton_final_v2/scissors/scissors-set2 (487).npy,./batch_scissors/fitted/scissors-set2 (487).npy
scissors,scissors-set2 (488),train,./dataset/skeleton_final_v2/scissors/scissors-set2 (488).npy,./batch_scissors/fitted/scissors-set2 (488).npy
scissors,scissors-set2 (489),train,./dataset/skeleton_final_v2/scissors/scissors-set2 (489).npy,./batch_scissors/fitted/scissors-set2 (489).npy
scissors,scissors-set2 (490),train,./dataset/skeleton_final_v2/scissors/scissors-set2 (490).npy,./batch_scissors/fitted/scissors-set2 (490).npy
scissors,scissors-set2 (491),train,./dataset/skeleton_final_v2/scissors/scissors-set2 (491).npy,./batch_scissors/fitted/scissors-set2 (491).npy
scissors,scissors-set2 (492),train,./dataset/skeleton_final_v2/scissors/scissors-set2 (492).npy,./batch_scissors/fitted/scissors-set2 (492).npy
scissors,scissors-set2 (495),train,./dataset/skeleton_final_v2/scissors/scissors-set2 (495).npy,./batch_scissors/fitted/scissors-set2 (495).npy
scissors,scissors-set2 (496),train,./dataset/skeleton_final_v2/scissors/scissors-set2 (496).npy,./batch_scissors/fitted/scissors-set2 (496).npy
scissors,scissors-set2 (497),train,./dataset/skeleton_final_v2/scissors/scissors-set2 (497).npy,./batch_scissors/fitted/scissors-set2 (497).npy
scissors,scissors-set2 (498),train,./dataset/skeleton_final_v2/scissors/scissors-set2 (498).npy,./batch_scissors/fitted/scissors-set2 (498).npy
scissors,scissors-set2 (499),train,./dataset/skeleton_final_v2/scissors/scissors-set2 (499).npy,./batch_scissors/fitted/scissors-set2 (499).npy
scissors,scissors-set2 (5),train,./dataset/skeleton_final_v2/scissors/scissors-set2 (5).npy,./batch_scissors/fitted/scissors-set2 (5).npy
scissors,scissors-set2 (500),train,./dataset/skeleton_final_v2/scissors/scissors-set2 (500).npy,./batch_scissors/fitted/scissors-set2 (500).npy
scissors,scissors-set2 (501),train,./dataset/skeleton_final_v2/scissors/scissors-set2 (501).npy,./batch_scissors/fitted/scissors-set2 (501).npy
scissors,scissors-set2 (502),train,./dataset/skeleton_final_v2/scissors/scissors-set2 (502).npy,./batch_scissors/fitted/scissors-set2 (502).npy
scissors,scissors-set2 (503),train,./dataset/skeleton_final_v2/scissors/scissors-set2 (503).npy,./batch_scissors/fitted/scissors-set2 (503).npy
scissors,scissors-set2 (504),train,./dataset/skeleton_final_v2/scissors/scissors-set2 (504).npy,./batch_scissors/fitted/scissors-set2 (504).npy
scissors,scissors-set2 (505),train,./dataset/skeleton_final_v2/scissors/scissors-set2 (505).npy,./batch_scissors/fitted/scissors-set2 (505).npy
scissors,scissors-set2 (506),train,./dataset/skeleton_final_v2/scissors/scissors-set2 (506).npy,./batch_scissors/fitted/scissors-set2 (506).npy
scissors,scissors-set2 (509),train,./dataset/skeleton_final_v2/scissors/scissors-set2 (509).npy,./batch_scissors/fitted/scissors-set2 (509).npy
scissors,scissors-set2 (510),train,./dataset/skeleton_final_v2/scissors/scissors-set2 (510).npy,./batch_scissors/fitted/scissors-set2 (510).npy
scissors,scissors-set2 (513),train,./dataset/skeleton_final_v2/scissors/scissors-set2 (513).npy,./batch_scissors/fitted/scissors-set2 (513).npy
scissors,scissors-set2 (514),train,./dataset/skeleton_final_v2/scissors/scissors-set2 (514).npy,./batch_scissors/fitted/scissors-set2 (514).npy
scissors,scissors-set2 (515),train,./dataset/skeleton_final_v2/scissors/scissors-set2 (515).npy,./batch_scissors/fitted/scissors-set2 (515).npy
scissors,scissors-set2 (516),train,./dataset/skeleton_final_v2/scissors/scissors-set2 (516).npy,./batch_scissors/fitted/scissors-set2 (516).npy
scissors,scissors-set2 (517),train,./dataset/skeleton_final_v2/scissors/scissors-set2 (517).npy,./batch_scissors/fitted/scissors-set2 (517).npy
scissors,scissors-set2 (518),train,./dataset/skeleton_final_v2/scissors/scissors-set2 (518).npy,./batch_scissors/fitted/scissors-set2 (518).npy
scissors,scissors-set2 (519),train,./dataset/skeleton_final_v2/scissors/scissors-set2 (519).npy,./batch_scissors/fitted/scissors-set2 (519).npy
scissors,scissors-set2 (52),train,./dataset/skeleton_final_v2/scissors/scissors-set2 (52).npy,./batch_scissors/fitted/scissors-set2 (52).npy
scissors,scissors-set2 (520),train,./dataset/skeleton_final_v2/scissors/scissors-set2 (520).npy,./batch_scissors/fitted/scissors-set2 (520).npy
scissors,scissors-set2 (521),train,./dataset/skeleton_final_v2/scissors/scissors-set2 (521).npy,./batch_scissors/fitted/scissors-set2 (521).npy
scissors,scissors-set2 (522),train,./dataset/skeleton_final_v2/scissors/scissors-set2 (522).npy,./batch_scissors/fitted/scissors-set2 (522).npy
scissors,scissors-set2 (523),train,./dataset/skeleton_final_v2/scissors/scissors-set2 (523).npy,./batch_scissors/fitted/scissors-set2 (523).npy
scissors,scissors-set2 (525),train,./dataset/skeleton_final_v2/scissors/scissors-set2 (525).npy,./batch_scissors/fitted/scissors-set2 (525).npy
scissors,scissors-set2 (526),train,./dataset/skeleton_final_v2/scissors/scissors-set2 (526).npy,./batch_scissors/fitted/scissors-set2 (526).npy
scissors,scissors-set2 (527),train,./dataset/skeleton_final_v2/scissors/scissors-set2 (527).npy,./batch_scissors/fitted/scissors-set2 (527).npy
scissors,scissors-set2 (528),train,./dataset/skeleton_final_v2/scissors/scissors-set2 (528).npy,./batch_scissors/fitted/scissors-set2 (528).npy
scissors,scissors-set2 (529),train,./dataset/skeleton_final_v2/scissors/scissors-set2 (529).npy,./batch_scissors/fitted/scissors-set2 (529).npy
scissors,scissors-set2 (531),train,./dataset/skeleton_final_v2/scissors/scissors-set2 (531).npy,./batch_scissors/fitted/scissors-set2 (531).npy
scissors,scissors-set2 (532),train,./dataset/skeleton_final_v2/scissors/scissors-set2 (532).npy,./batch_scissors/fitted/scissors-set2 (532).npy
scissors,scissors-set2 (534),train,./dataset/skeleton_final_v2/scissors/scissors-set2 (534).npy,./batch_scissors/fitted/scissors-set2 (534).npy
scissors,scissors-set2 (535),train,./dataset/skeleton_final_v2/scissors/scissors-set2 (535).npy,./batch_scissors/fitted/scissors-set2 (535).npy
scissors,scissors-set2 (536),train,./dataset/skeleton_final_v2/scissors/scissors-set2 (536).npy,./batch_scissors/fitted/scissors-set2 (536).npy
scissors,scissors-set2 (537),train,./dataset/skeleton_final_v2/scissors/scissors-set2 (537).npy,./batch_scissors/fitted/scissors-set2 (537).npy
scissors,scissors-set2 (538),train,./dataset/skeleton_final_v2/scissors/scissors-set2 (538).npy,./batch_scissors/fitted/scissors-set2 (538).npy
scissors,scissors-set2 (539),train,./dataset/skeleton_final_v2/scissors/scissors-set2 (539).npy,./batch_scissors/fitted/scissors-set2 (539).npy
scissors,scissors-set2 (540),train,./dataset/skeleton_final_v2/scissors/scissors-set2 (540).npy,./batch_scissors/fitted/scissors-set2 (540).npy
scissors,scissors-set2 (544),train,./dataset/skeleton_final_v2/scissors/scissors-set2 (544).npy,./batch_scissors/fitted/scissors-set2 (544).npy
scissors,scissors-set2 (545),train,./dataset/skeleton_final_v2/scissors/scissors-set2 (545).npy,./batch_scissors/fitted/scissors-set2 (545).npy
scissors,scissors-set2 (547),train,./dataset/skeleton_final_v2/scissors/scissors-set2 (547).npy,./batch_scissors/fitted/scissors-set2 (547).npy
scissors,scissors-set2 (548),train,./dataset/skeleton_final_v2/scissors/scissors-set2 (548).npy,./batch_scissors/fitted/scissors-set2 (548).npy
scissors,scissors-set2 (550),train,./dataset/skeleton_final_v2/scissors/scissors-set2 (550).npy,./batch_scissors/fitted/scissors-set2 (550).npy
scissors,scissors-set2 (551),train,./dataset/skeleton_final_v2/scissors/scissors-set2 (551).npy,./batch_scissors/fitted/scissors-set2 (551).npy
scissors,scissors-set2 (552),train,./dataset/skeleton_final_v2/scissors/scissors-set2 (552).npy,./batch_scissors/fitted/scissors-set2 (552).npy
scissors,scissors-set2 (553),train,./dataset/skeleton_final_v2/scissors/scissors-set2 (553).npy,./batch_scissors/fitted/scissors-set2 (553).npy
scissors,scissors-set2 (555),train,./dataset/skeleton_final_v2/scissors/scissors-set2 (555).npy,./batch_scissors/fitted/scissors-set2 (555).npy
scissors,scissors-set2 (556),train,./dataset/skeleton_final_v2/scissors/scissors-set2 (556).npy,./batch_scissors/fitted/scissors-set2 (556).npy
scissors,scissors-set2 (557),train,./dataset/skeleton_final_v2/scissors/scissors-set2 (557).npy,./batch_scissors/fitted/scissors-set2 (557).npy
scissors,scissors-set2 (558),train,./dataset/skeleton_final_v2/scissors/scissors-set2 (558).npy,./batch_scissors/fitted/scissors-set2 (558).npy
scissors,scissors-set2 (560),train,./dataset/skeleton_final_v2/scissors/scissors-set2 (560).npy,./batch_scissors/fitted/scissors-set2 (560).npy
scissors,scissors-set2 (561),train,./dataset/skeleton_final_v2/scissors/scissors-set2 (561).npy,./batch_scissors/fitted/scissors-set2 (561).npy
scissors,scissors-set2 (562),train,./dataset/skeleton_final_v2/scissors/scissors-set2 (562).npy,./batch_scissors/fitted/scissors-set2 (562).npy
scissors,scissors-set2 (563),train,./dataset/skeleton_final_v2/scissors/scissors-set2 (563).npy,./batch_scissors/fitted/scissors-set2 (563).npy
scissors,scissors-set2 (564),train,./dataset/skeleton_final_v2/scissors/scissors-set2 (564).npy,./batch_scissors/fitted/scissors-set2 (564).npy
scissors,scissors-set2 (565),train,./dataset/skeleton_final_v2/scissors/scissors-set2 (565).npy,./batch_scissors/fitted/scissors-set2 (565).npy
scissors,scissors-set2 (566),train,./dataset/skeleton_final_v2/scissors/scissors-set2 (566).npy,./batch_scissors/fitted/scissors-set2 (566).npy
scissors,scissors-set2 (567),train,./dataset/skeleton_final_v2/scissors/scissors-set2 (567).npy,./batch_scissors/fitted/scissors-set2 (567).npy
scissors,scissors-set2 (568),train,./dataset/skeleton_final_v2/scissors/scissors-set2 (568).npy,./batch_scissors/fitted/scissors-set2 (568).npy
scissors,scissors-set2 (569),train,./dataset/skeleton_final_v2/scissors/scissors-set2 (569).npy,./batch_scissors/fitted/scissors-set2 (569).npy
scissors,scissors-set2 (570),train,./dataset/skeleton_final_v2/scissors/scissors-set2 (570).npy,./batch_scissors/fitted/scissors-set2 (570).npy
scissors,scissors-set2 (571),train,./dataset/skeleton_final_v2/scissors/scissors-set2 (571).npy,./batch_scissors/fitted/scissors-set2 (571).npy
scissors,scissors-set2 (572),train,./dataset/skeleton_final_v2/scissors/scissors-set2 (572).npy,./batch_scissors/fitted/scissors-set2 (572).npy
scissors,scissors-set2 (573),train,./dataset/skeleton_final_v2/scissors/scissors-set2 (573).npy,./batch_scissors/fitted/scissors-set2 (573).npy
scissors,scissors-set2 (574),train,./dataset/skeleton_final_v2/scissors/scissors-set2 (574).npy,./batch_scissors/fitted/scissors-set2 (574).npy
scissors,scissors-set2 (575),train,./dataset/skeleton_final_v2/scissors/scissors-set2 (575).npy,./batch_scissors/fitted/scissors-set2 (575).npy
scissors,scissors-set2 (577),train,./dataset/skeleton_final_v2/scissors/scissors-set2 (577).npy,./batch_scissors/fitted/scissors-set2 (577).npy
scissors,scissors-set2 (578),train,./dataset/skeleton_final_v2/scissors/scissors-set2 (578).npy,./batch_scissors/fitted/scissors-set2 (578).npy
scissors,scissors-set2 (580),train,./dataset/skeleton_final_v2/scissors/scissors-set2 (580).npy,./batch_scissors/fitted/scissors-set2 (580).npy
scissors,scissors-set2 (581),train,./dataset/skeleton_final_v2/scissors/scissors-set2 (581).npy,./batch_scissors/fitted/scissors-set2 (581).npy
scissors,scissors-set2 (583),train,./dataset/skeleton_final_v2/scissors/scissors-set2 (583).npy,./batch_scissors/fitted/scissors-set2 (583).npy
scissors,scissors-set2 (584),train,./dataset/skeleton_final_v2/scissors/scissors-set2 (584).npy,./batch_scissors/fitted/scissors-set2 (584).npy
scissors,scissors-set2 (585),train,./dataset/skeleton_final_v2/scissors/scissors-set2 (585).npy,./batch_scissors/fitted/scissors-set2 (585).npy
scissors,scissors-set2 (586),train,./dataset/skeleton_final_v2/scissors/scissors-set2 (586).npy,./batch_scissors/fitted/scissors-set2 (586).npy
scissors,scissors-set2 (587),train,./dataset/skeleton_final_v2/scissors/scissors-set2 (587).npy,./batch_scissors/fitted/scissors-set2 (587).npy
scissors,scissors-set2 (590),train,./dataset/skeleton_final_v2/scissors/scissors-set2 (590).npy,./batch_scissors/fitted/scissors-set2 (590).npy
scissors,scissors-set2 (591),train,./dataset/skeleton_final_v2/scissors/scissors-set2 (591).npy,./batch_scissors/fitted/scissors-set2 (591).npy
scissors,scissors-set2 (592),train,./dataset/skeleton_final_v2/scissors/scissors-set2 (592).npy,./batch_scissors/fitted/scissors-set2 (592).npy
scissors,scissors-set2 (593),train,./dataset/skeleton_final_v2/scissors/scissors-set2 (593).npy,./batch_scissors/fitted/scissors-set2 (593).npy
scissors,scissors-set2 (594),train,./dataset/skeleton_final_v2/scissors/scissors-set2 (594).npy,./batch_scissors/fitted/scissors-set2 (594).npy
scissors,scissors-set2 (597),train,./dataset/skeleton_final_v2/scissors/scissors-set2 (597).npy,./batch_scissors/fitted/scissors-set2 (597).npy
scissors,scissors-set2 (599),train,./dataset/skeleton_final_v2/scissors/scissors-set2 (599).npy,./batch_scissors/fitted/scissors-set2 (599).npy
scissors,scissors-set2 (6),train,./dataset/skeleton_final_v2/scissors/scissors-set2 (6).npy,./batch_scissors/fitted/scissors-set2 (6).npy
scissors,scissors-set2 (60),train,./dataset/skeleton_final_v2/scissors/scissors-set2 (60).npy,./batch_scissors/fitted/scissors-set2 (60).npy
scissors,scissors-set2 (600),train,./dataset/skeleton_final_v2/scissors/scissors-set2 (600).npy,./batch_scissors/fitted/scissors-set2 (600).npy
scissors,scissors-set2 (601),train,./dataset/skeleton_final_v2/scissors/scissors-set2 (601).npy,./batch_scissors/fitted/scissors-set2 (601).npy
scissors,scissors-set2 (603),train,./dataset/skeleton_final_v2/scissors/scissors-set2 (603).npy,./batch_scissors/fitted/scissors-set2 (603).npy
scissors,scissors-set2 (604),train,./dataset/skeleton_final_v2/scissors/scissors-set2 (604).npy,./batch_scissors/fitted/scissors-set2 (604).npy
scissors,scissors-set2 (608),train,./dataset/skeleton_final_v2/scissors/scissors-set2 (608).npy,./batch_scissors/fitted/scissors-set2 (608).npy
scissors,scissors-set2 (609),train,./dataset/skeleton_final_v2/scissors/scissors-set2 (609).npy,./batch_scissors/fitted/scissors-set2 (609).npy
scissors,scissors-set2 (610),train,./dataset/skeleton_final_v2/scissors/scissors-set2 (610).npy,./batch_scissors/fitted/scissors-set2 (610).npy
scissors,scissors-set2 (611),train,./dataset/skeleton_final_v2/scissors/scissors-set2 (611).npy,./batch_scissors/fitted/scissors-set2 (611).npy
scissors,scissors-set2 (613),train,./dataset/skeleton_final_v2/scissors/scissors-set2 (613).npy,./batch_scissors/fitted/scissors-set2 (613).npy
scissors,scissors-set2 (615),train,./dataset/skeleton_final_v2/scissors/scissors-set2 (615).npy,./batch_scissors/fitted/scissors-set2 (615).npy
scissors,scissors-set2 (616),train,./dataset/skeleton_final_v2/scissors/scissors-set2 (616).npy,./batch_scissors/fitted/scissors-set2 (616).npy
scissors,scissors-set2 (617),train,./dataset/skeleton_final_v2/scissors/scissors-set2 (617).npy,./batch_scissors/fitted/scissors-set2 (617).npy
scissors,scissors-set2 (619),train,./dataset/skeleton_final_v2/scissors/scissors-set2 (619).npy,./batch_scissors/fitted/scissors-set2 (619).npy
scissors,scissors-set2 (621),train,./dataset/skeleton_final_v2/scissors/scissors-set2 (621).npy,./batch_scissors/fitted/scissors-set2 (621).npy
scissors,scissors-set2 (622),train,./dataset/skeleton_final_v2/scissors/scissors-set2 (622).npy,./batch_scissors/fitted/scissors-set2 (622).npy
scissors,scissors-set2 (623),train,./dataset/skeleton_final_v2/scissors/scissors-set2 (623).npy,./batch_scissors/fitted/scissors-set2 (623).npy
scissors,scissors-set2 (624),train,./dataset/skeleton_final_v2/scissors/scissors-set2 (624).npy,./batch_scissors/fitted/scissors-set2 (624).npy
scissors,scissors-set2 (625),train,./dataset/skeleton_final_v2/scissors/scissors-set2 (625).npy,./batch_scissors/fitted/scissors-set2 (625).npy
scissors,scissors-set2 (627),train,./dataset/skeleton_final_v2/scissors/scissors-set2 (627).npy,./batch_scissors/fitted/scissors-set2 (627).npy
scissors,scissors-set2 (628),train,./dataset/skeleton_final_v2/scissors/scissors-set2 (628).npy,./batch_scissors/fitted/scissors-set2 (628).npy
scissors,scissors-set2 (629),train,./dataset/skeleton_final_v2/scissors/scissors-set2 (629).npy,./batch_scissors/fitted/scissors-set2 (629).npy
scissors,scissors-set2 (63),train,./dataset/skeleton_final_v2/scissors/scissors-set2 (63).npy,./batch_scissors/fitted/scissors-set2 (63).npy
scissors,scissors-set2 (630),train,./dataset/skeleton_final_v2/scissors/scissors-set2 (630).npy,./batch_scissors/fitted/scissors-set2 (630).npy
scissors,scissors-set2 (632),train,./dataset/skeleton_final_v2/scissors/scissors-set2 (632).npy,./batch_scissors/fitted/scissors-set2 (632).npy
scissors,scissors-set2 (633),train,./dataset/skeleton_final_v2/scissors/scissors-set2 (633).npy,./batch_scissors/fitted/scissors-set2 (633).npy
scissors,scissors-set2 (635),train,./dataset/skeleton_final_v2/scissors/scissors-set2 (635).npy,./batch_scissors/fitted/scissors-set2 (635).npy
scissors,scissors-set2 (637),train,./dataset/skeleton_final_v2/scissors/scissors-set2 (637).npy,./batch_scissors/fitted/scissors-set2 (637).npy
scissors,scissors-set2 (640),train,./dataset/skeleton_final_v2/scissors/scissors-set2 (640).npy,./batch_scissors/fitted/scissors-set2 (640).npy
scissors,scissors-set2 (641),train,./dataset/skeleton_final_v2/scissors/scissors-set2 (641).npy,./batch_scissors/fitted/scissors-set2 (641).npy
scissors,scissors-set2 (642),train,./dataset/skeleton_final_v2/scissors/scissors-set2 (642).npy,./batch_scissors/fitted/scissors-set2 (642).npy
scissors,scissors-set2 (644),train,./dataset/skeleton_final_v2/scissors/scissors-set2 (644).npy,./batch_scissors/fitted/scissors-set2 (644).npy
scissors,scissors-set2 (645),train,./dataset/skeleton_final_v2/scissors/scissors-set2 (645).npy,./batch_scissors/fitted/scissors-set2 (645).npy
scissors,scissors-set2 (647),train,./dataset/skeleton_final_v2/scissors/scissors-set2 (647).npy,./batch_scissors/fitted/scissors-set2 (647).npy
scissors,scissors-set2 (648),train,./dataset/skeleton_final_v2/scissors/scissors-set2 (648).npy,./batch_scissors/fitted/scissors-set2 (648).npy
scissors,scissors-set2 (649),train,./dataset/skeleton_final_v2/scissors/scissors-set2 (649).npy,./batch_scissors/fitted/scissors-set2 (649).npy
scissors,scissors-set2 (650),train,./dataset/skeleton_final_v2/scissors/scissors-set2 (650).npy,./batch_scissors/fitted/scissors-set2 (650).npy
scissors,scissors-set2 (651),train,./dataset/skeleton_final_v2/scissors/scissors-set2 (651).npy,./batch_scissors/fitted/scissors-set2 (651).npy
scissors,scissors-set2 (652),train,./dataset/skeleton_final_v2/scissors/scissors-set2 (652).npy,./batch_scissors/fitted/scissors-set2 (652).npy
scissors,scissors-set2 (653),train,./dataset/skeleton_final_v2/scissors/scissors-set2 (653).npy,./batch_scissors/fitted/scissors-set2 (653).npy
scissors,scissors-set2 (655),train,./dataset/skeleton_final_v2/scissors/scissors-set2 (655).npy,./batch_scissors/fitted/scissors-set2 (655).npy
scissors,scissors-set2 (658),train,./dataset/skeleton_final_v2/scissors/scissors-set2 (658).npy,./batch_scissors/fitted/scissors-set2 (658).npy
scissors,scissors-set2 (659),train,./dataset/skeleton_final_v2/scissors/scissors-set2 (659).npy,./batch_scissors/fitted/scissors-set2 (659).npy
scissors,scissors-set2 (661),train,./dataset/skeleton_final_v2/scissors/scissors-set2 (661).npy,./batch_scissors/fitted/scissors-set2 (661).npy
scissors,scissors-set2 (662),train,./dataset/skeleton_final_v2/scissors/scissors-set2 (662).npy,./batch_scissors/fitted/scissors-set2 (662).npy
scissors,scissors-set2 (664),train,./dataset/skeleton_final_v2/scissors/scissors-set2 (664).npy,./batch_scissors/fitted/scissors-set2 (664).npy
scissors,scissors-set2 (667),train,./dataset/skeleton_final_v2/scissors/scissors-set2 (667).npy,./batch_scissors/fitted/scissors-set2 (667).npy
scissors,scissors-set2 (668),train,./dataset/skeleton_final_v2/scissors/scissors-set2 (668).npy,./batch_scissors/fitted/scissors-set2 (668).npy
scissors,scissors-set2 (669),train,./dataset/skeleton_final_v2/scissors/scissors-set2 (669).npy,./batch_scissors/fitted/scissors-set2 (669).npy
scissors,scissors-set2 (67),train,./dataset/skeleton_final_v2/scissors/scissors-set2 (67).npy,./batch_scissors/fitted/scissors-set2 (67).npy
scissors,scissors-set2 (670),train,./dataset/skeleton_final_v2/scissors/scissors-set2 (670).npy,./batch_scissors/fitted/scissors-set2 (670).npy
scissors,scissors-set2 (671),train,./dataset/skeleton_final_v2/scissors/scissors-set2 (671).npy,./batch_scissors/fitted/scissors-set2 (671).npy
scissors,scissors-set2 (672),train,./dataset/skeleton_final_v2/scissors/scissors-set2 (672).npy,./batch_scissors/fitted/scissors-set2 (672).npy
scissors,scissors-set2 (673),train,./dataset/skeleton_final_v2/scissors/scissors-set2 (673).npy,./batch_scissors/fitted/scissors-set2 (673).npy
scissors,scissors-set2 (675),train,./dataset/skeleton_final_v2/scissors/scissors-set2 (675).npy,./batch_scissors/fitted/scissors-set2 (675).npy
scissors,scissors-set2 (677),train,./dataset/skeleton_final_v2/scissors/scissors-set2 (677).npy,./batch_scissors/fitted/scissors-set2 (677).npy
scissors,scissors-set2 (678),train,./dataset/skeleton_final_v2/scissors/scissors-set2 (678).npy,./batch_scissors/fitted/scissors-set2 (678).npy
scissors,scissors-set2 (679),train,./dataset/skeleton_final_v2/scissors/scissors-set2 (679).npy,./batch_scissors/fitted/scissors-set2 (679).npy
scissors,scissors-set2 (680),train,./dataset/skeleton_final_v2/scissors/scissors-set2 (680).npy,./batch_scissors/fitted/scissors-set2 (680).npy
scissors,scissors-set2 (684),train,./dataset/skeleton_final_v2/scissors/scissors-set2 (684).npy,./batch_scissors/fitted/scissors-set2 (684).npy
scissors,scissors-set2 (692),train,./dataset/skeleton_final_v2/scissors/scissors-set2 (692).npy,./batch_scissors/fitted/scissors-set2 (692).npy
scissors,scissors-set2 (694),train,./dataset/skeleton_final_v2/scissors/scissors-set2 (694).npy,./batch_scissors/fitted/scissors-set2 (694).npy
scissors,scissors-set2 (697),train,./dataset/skeleton_final_v2/scissors/scissors-set2 (697).npy,./batch_scissors/fitted/scissors-set2 (697).npy
scissors,scissors-set2 (698),train,./dataset/skeleton_final_v2/scissors/scissors-set2 (698).npy,./batch_scissors/fitted/scissors-set2 (698).npy
scissors,scissors-set2 (699),train,./dataset/skeleton_final_v2/scissors/scissors-set2 (699).npy,./batch_scissors/fitted/scissors-set2 (699).npy
scissors,scissors-set2 (703),train,./dataset/skeleton_final_v2/scissors/scissors-set2 (703).npy,./batch_scissors/fitted/scissors-set2 (703).npy
scissors,scissors-set2 (704),train,./dataset/skeleton_final_v2/scissors/scissors-set2 (704).npy,./batch_scissors/fitted/scissors-set2 (704).npy
scissors,scissors-set2 (706),train,./dataset/skeleton_final_v2/scissors/scissors-set2 (706).npy,./batch_scissors/fitted/scissors-set2 (706).npy
scissors,scissors-set2 (708),train,./dataset/skeleton_final_v2/scissors/scissors-set2 (708).npy,./batch_scissors/fitted/scissors-set2 (708).npy
scissors,scissors-set2 (709),train,./dataset/skeleton_final_v2/scissors/scissors-set2 (709).npy,./batch_scissors/fitted/scissors-set2 (709).npy
scissors,scissors-set2 (71),train,./dataset/skeleton_final_v2/scissors/scissors-set2 (71).npy,./batch_scissors/fitted/scissors-set2 (71).npy
scissors,scissors-set2 (713),train,./dataset/skeleton_final_v2/scissors/scissors-set2 (713).npy,./batch_scissors/fitted/scissors-set2 (713).npy
scissors,scissors-set2 (714),train,./dataset/skeleton_final_v2/scissors/scissors-set2 (714).npy,./batch_scissors/fitted/scissors-set2 (714).npy
scissors,scissors-set2 (715),train,./dataset/skeleton_final_v2/scissors/scissors-set2 (715).npy,./batch_scissors/fitted/scissors-set2 (715).npy
scissors,scissors-set2 (716),train,./dataset/skeleton_final_v2/scissors/scissors-set2 (716).npy,./batch_scissors/fitted/scissors-set2 (716).npy
scissors,scissors-set2 (718),train,./dataset/skeleton_final_v2/scissors/scissors-set2 (718).npy,./batch_scissors/fitted/scissors-set2 (718).npy
scissors,scissors-set2 (719),train,./dataset/skeleton_final_v2/scissors/scissors-set2 (719).npy,./batch_scissors/fitted/scissors-set2 (719).npy
scissors,scissors-set2 (72),train,./dataset/skeleton_final_v2/scissors/scissors-set2 (72).npy,./batch_scissors/fitted/scissors-set2 (72).npy
scissors,scissors-set2 (720),train,./dataset/skeleton_final_v2/scissors/scissors-set2 (720).npy,./batch_scissors/fitted/scissors-set2 (720).npy
scissors,scissors-set2 (721),train,./dataset/skeleton_final_v2/scissors/scissors-set2 (721).npy,./batch_scissors/fitted/scissors-set2 (721).npy
scissors,scissors-set2 (723),train,./dataset/skeleton_final_v2/scissors/scissors-set2 (723).npy,./batch_scissors/fitted/scissors-set2 (723).npy
scissors,scissors-set2 (725),train,./dataset/skeleton_final_v2/scissors/scissors-set2 (725).npy,./batch_scissors/fitted/scissors-set2 (725).npy
scissors,scissors-set2 (726),train,./dataset/skeleton_final_v2/scissors/scissors-set2 (726).npy,./batch_scissors/fitted/scissors-set2 (726).npy
scissors,scissors-set2 (728),train,./dataset/skeleton_final_v2/scissors/scissors-set2 (728).npy,./batch_scissors/fitted/scissors-set2 (728).npy
scissors,scissors-set2 (73),train,./dataset/skeleton_final_v2/scissors/scissors-set2 (73).npy,./batch_scissors/fitted/scissors-set2 (73).npy
scissors,scissors-set2 (730),train,./dataset/skeleton_final_v2/scissors/scissors-set2 (730).npy,./batch_scissors/fitted/scissors-set2 (730).npy
scissors,scissors-set2 (731),train,./dataset/skeleton_final_v2/scissors/scissors-set2 (731).npy,./batch_scissors/fitted/scissors-set2 (731).npy
scissors,scissors-set2 (732),train,./dataset/skeleton_final_v2/scissors/scissors-set2 (732).npy,./batch_scissors/fitted/scissors-set2 (732).npy
scissors,scissors-set2 (733),train,./dataset/skeleton_final_v2/scissors/scissors-set2 (733).npy,./batch_scissors/fitted/scissors-set2 (733).npy
scissors,scissors-set2 (734),train,./dataset/skeleton_final_v2/scissors/scissors-set2 (734).npy,./batch_scissors/fitted/scissors-set2 (734).npy
scissors,scissors-set2 (738),train,./dataset/skeleton_final_v2/scissors/scissors-set2 (738).npy,./batch_scissors/fitted/scissors-set2 (738).npy
scissors,scissors-set2 (741),train,./dataset/skeleton_final_v2/scissors/scissors-set2 (741).npy,./batch_scissors/fitted/scissors-set2 (741).npy
scissors,scissors-set2 (743),train,./dataset/skeleton_final_v2/scissors/scissors-set2 (743).npy,./batch_scissors/fitted/scissors-set2 (743).npy
scissors,scissors-set2 (745),train,./dataset/skeleton_final_v2/scissors/scissors-set2 (745).npy,./batch_scissors/fitted/scissors-set2 (745).npy
scissors,scissors-set2 (746),train,./dataset/skeleton_final_v2/scissors/scissors-set2 (746).npy,./batch_scissors/fitted/scissors-set2 (746).npy
scissors,scissors-set2 (75),train,./dataset/skeleton_final_v2/scissors/scissors-set2 (75).npy,./batch_scissors/fitted/scissors-set2 (75).npy
scissors,scissors-set2 (76),train,./dataset/skeleton_final_v2/scissors/scissors-set2 (76).npy,./batch_scissors/fitted/scissors-set2 (76).npy
scissors,scissors-set2 (77),train,./dataset/skeleton_final_v2/scissors/scissors-set2 (77).npy,./batch_scissors/fitted/scissors-set2 (77).npy
scissors,scissors-set2 (78),train,./dataset/skeleton_final_v2/scissors/scissors-set2 (78).npy,./batch_scissors/fitted/scissors-set2 (78).npy
scissors,scissors-set2 (79),train,./dataset/skeleton_final_v2/scissors/scissors-set2 (79).npy,./batch_scissors/fitted/scissors-set2 (79).npy
scissors,scissors-set2 (80),train,./dataset/skeleton_final_v2/scissors/scissors-set2 (80).npy,./batch_scissors/fitted/scissors-set2 (80).npy
scissors,scissors-set2 (82),train,./dataset/skeleton_final_v2/scissors/scissors-set2 (82).npy,./batch_scissors/fitted/scissors-set2 (82).npy
scissors,scissors-set2 (84),train,./dataset/skeleton_final_v2/scissors/scissors-set2 (84).npy,./batch_scissors/fitted/scissors-set2 (84).npy
scissors,scissors-set2 (85),train,./dataset/skeleton_final_v2/scissors/scissors-set2 (85).npy,./batch_scissors/fitted/scissors-set2 (85).npy
scissors,scissors-set2 (86),train,./dataset/skeleton_final_v2/scissors/scissors-set2 (86).npy,./batch_scissors/fitted/scissors-set2 (86).npy
scissors,scissors-set2 (87),train,./dataset/skeleton_final_v2/scissors/scissors-set2 (87).npy,./batch_scissors/fitted/scissors-set2 (87).npy
scissors,scissors-set2 (88),train,./dataset/skeleton_final_v2/scissors/scissors-set2 (88).npy,./batch_scissors/fitted/scissors-set2 (88).npy
scissors,scissors-set2 (9),train,./dataset/skeleton_final_v2/scissors/scissors-set2 (9).npy,./batch_scissors/fitted/scissors-set2 (9).npy
scissors,scissors-set2 (90),train,./dataset/skeleton_final_v2/scissors/scissors-set2 (90).npy,./batch_scissors/fitted/scissors-set2 (90).npy
scissors,scissors-set2 (91),train,./dataset/skeleton_final_v2/scissors/scissors-set2 (91).npy,./batch_scissors/fitted/scissors-set2 (91).npy
scissors,scissors-set2 (93),train,./dataset/skeleton_final_v2/scissors/scissors-set2 (93).npy,./batch_scissors/fitted/scissors-set2 (93).npy
scissors,scissors_1081,train,./dataset/skeleton_final_v2/scissors/scissors_1081.npy,./batch_scissors/fitted/scissors_1081.npy
scissors,scissors_1109,train,./dataset/skeleton_final_v2/scissors/scissors_1109.npy,./batch_scissors/fitted/scissors_1109.npy
scissors,scissors_1113,train,./dataset/skeleton_final_v2/scissors/scissors_1113.npy,./batch_scissors/fitted/scissors_1113.npy
scissors,scissors_1119,train,./dataset/skeleton_final_v2/scissors/scissors_1119.npy,./batch_scissors/fitted/scissors_1119.npy
scissors,scissors_1480,train,./dataset/skeleton_final_v2/scissors/scissors_1480.npy,./batch_scissors/fitted/scissors_1480.npy
scissors,scissors_1484,train,./dataset/skeleton_final_v2/scissors/scissors_1484.npy,./batch_scissors/fitted/scissors_1484.npy
scissors,scissors_1486,train,./dataset/skeleton_final_v2/scissors/scissors_1486.npy,./batch_scissors/fitted/scissors_1486.npy
scissors,scissors_1488,train,./dataset/skeleton_final_v2/scissors/scissors_1488.npy,./batch_scissors/fitted/scissors_1488.npy
scissors,scissors_1490,train,./dataset/skeleton_final_v2/scissors/scissors_1490.npy,./batch_scissors/fitted/scissors_1490.npy
scissors,scissors_1496,train,./dataset/skeleton_final_v2/scissors/scissors_1496.npy,./batch_scissors/fitted/scissors_1496.npy
scissors,scissors_1512,train,./dataset/skeleton_final_v2/scissors/scissors_1512.npy,./batch_scissors/fitted/scissors_1512.npy
scissors,scissors_1516,train,./dataset/skeleton_final_v2/scissors/scissors_1516.npy,./batch_scissors/fitted/scissors_1516.npy
scissors,scissors_1524,train,./dataset/skeleton_final_v2/scissors/scissors_1524.npy,./batch_scissors/fitted/scissors_1524.npy
scissors,scissors_1869,train,./dataset/skeleton_final_v2/scissors/scissors_1869.npy,./batch_scissors/fitted/scissors_1869.npy
scissors,scissors_1873,train,./dataset/skeleton_final_v2/scissors/scissors_1873.npy,./batch_scissors/fitted/scissors_1873.npy
scissors,scissors_1875,train,./dataset/skeleton_final_v2/scissors/scissors_1875.npy,./batch_scissors/fitted/scissors_1875.npy
scissors,scissors_1889,train,./dataset/skeleton_final_v2/scissors/scissors_1889.npy,./batch_scissors/fitted/scissors_1889.npy
scissors,scissors_1915,train,./dataset/skeleton_final_v2/scissors/scissors_1915.npy,./batch_scissors/fitted/scissors_1915.npy
scissors,scissors_2581,train,./dataset/skeleton_final_v2/scissors/scissors_2581.npy,./batch_scissors/fitted/scissors_2581.npy
scissors,scissors_2587,train,./dataset/skeleton_final_v2/scissors/scissors_2587.npy,./batch_scissors/fitted/scissors_2587.npy
scissors,scissors_2595,train,./dataset/skeleton_final_v2/scissors/scissors_2595.npy,./batch_scissors/fitted/scissors_2595.npy
scissors,scissors_2597,train,./dataset/skeleton_final_v2/scissors/scissors_2597.npy,./batch_scissors/fitted/scissors_2597.npy
scissors,scissors_2601,train,./dataset/skeleton_final_v2/scissors/scissors_2601.npy,./batch_scissors/fitted/scissors_2601.npy
scissors,scissors_2603,train,./dataset/skeleton_final_v2/scissors/scissors_2603.npy,./batch_scissors/fitted/scissors_2603.npy
scissors,scissors_2607,train,./dataset/skeleton_final_v2/scissors/scissors_2607.npy,./batch_scissors/fitted/scissors_2607.npy
scissors,scissors_2613,train,./dataset/skeleton_final_v2/scissors/scissors_2613.npy,./batch_scissors/fitted/scissors_2613.npy
scissors,scissors_2615,train,./dataset/skeleton_final_v2/scissors/scissors_2615.npy,./batch_scissors/fitted/scissors_2615.npy
scissors,scissors_2617,train,./dataset/skeleton_final_v2/scissors/scissors_2617.npy,./batch_scissors/fitted/scissors_2617.npy
scissors,scissors_2622,train,./dataset/skeleton_final_v2/scissors/scissors_2622.npy,./batch_scissors/fitted/scissors_2622.npy
scissors,scissors_2632,train,./dataset/skeleton_final_v2/scissors/scissors_2632.npy,./batch_scissors/fitted/scissors_2632.npy
scissors,scissors_2635,train,./dataset/skeleton_final_v2/scissors/scissors_2635.npy,./batch_scissors/fitted/scissors_2635.npy
scissors,scissors_2638,train,./dataset/skeleton_final_v2/scissors/scissors_2638.npy,./batch_scissors/fitted/scissors_2638.npy
scissors,scissors_2641,train,./dataset/skeleton_final_v2/scissors/scissors_2641.npy,./batch_scissors/fitted/scissors_2641.npy
scissors,scissors_2644,train,./dataset/skeleton_final_v2/scissors/scissors_2644.npy,./batch_scissors/fitted/scissors_2644.npy
scissors,scissors_2647,train,./dataset/skeleton_final_v2/scissors/scissors_2647.npy,./batch_scissors/fitted/scissors_2647.npy
scissors,scissors_2650,train,./dataset/skeleton_final_v2/scissors/scissors_2650.npy,./batch_scissors/fitted/scissors_2650.npy
scissors,scissors_2653,train,./dataset/skeleton_final_v2/scissors/scissors_2653.npy,./batch_scissors/fitted/scissors_2653.npy
scissors,scissors_2655,train,./dataset/skeleton_final_v2/scissors/scissors_2655.npy,./batch_scissors/fitted/scissors_2655.npy
scissors,scissors_2658,train,./dataset/skeleton_final_v2/scissors/scissors_2658.npy,./batch_scissors/fitted/scissors_2658.npy
scissors,scissors_2661,train,./dataset/skeleton_final_v2/scissors/scissors_2661.npy,./batch_scissors/fitted/scissors_2661.npy
scissors,scissors_2670,train,./dataset/skeleton_final_v2/scissors/scissors_2670.npy,./batch_scissors/fitted/scissors_2670.npy
scissors,scissors_2676,train,./dataset/skeleton_final_v2/scissors/scissors_2676.npy,./batch_scissors/fitted/scissors_2676.npy
scissors,scissors_2685,train,./dataset/skeleton_final_v2/scissors/scissors_2685.npy,./batch_scissors/fitted/scissors_2685.npy
scissors,scissors_2688,train,./dataset/skeleton_final_v2/scissors/scissors_2688.npy,./batch_scissors/fitted/scissors_2688.npy
scissors,scissors_2700,train,./dataset/skeleton_final_v2/scissors/scissors_2700.npy,./batch_scissors/fitted/scissors_2700.npy
scissors,scissors_2703,train,./dataset/skeleton_final_v2/scissors/scissors_2703.npy,./batch_scissors/fitted/scissors_2703.npy
scissors,scissors_2706,train,./dataset/skeleton_final_v2/scissors/scissors_2706.npy,./batch_scissors/fitted/scissors_2706.npy
scissors,scissors_2718,train,./dataset/skeleton_final_v2/scissors/scissors_2718.npy,./batch_scissors/fitted/scissors_2718.npy
scissors,scissors_2738,train,./dataset/skeleton_final_v2/scissors/scissors_2738.npy,./batch_scissors/fitted/scissors_2738.npy
scissors,scissors_2743,train,./dataset/skeleton_final_v2/scissors/scissors_2743.npy,./batch_scissors/fitted/scissors_2743.npy
scissors,scissors_2749,train,./dataset/skeleton_final_v2/scissors/scissors_2749.npy,./batch_scissors/fitted/scissors_2749.npy
scissors,scissors_2767,train,./dataset/skeleton_final_v2/scissors/scissors_2767.npy,./batch_scissors/fitted/scissors_2767.npy
scissors,scissors_2770,train,./dataset/skeleton_final_v2/scissors/scissors_2770.npy,./batch_scissors/fitted/scissors_2770.npy
scissors,scissors_2773,train,./dataset/skeleton_final_v2/scissors/scissors_2773.npy,./batch_scissors/fitted/scissors_2773.npy
scissors,scissors_2776,train,./dataset/skeleton_final_v2/scissors/scissors_2776.npy,./batch_scissors/fitted/scissors_2776.npy
scissors,scissors_2778,train,./dataset/skeleton_final_v2/scissors/scissors_2778.npy,./batch_scissors/fitted/scissors_2778.npy
scissors,scissors_2780,train,./dataset/skeleton_final_v2/scissors/scissors_2780.npy,./batch_scissors/fitted/scissors_2780.npy
scissors,scissors_2784,train,./dataset/skeleton_final_v2/scissors/scissors_2784.npy,./batch_scissors/fitted/scissors_2784.npy
scissors,scissors_2789,train,./dataset/skeleton_final_v2/scissors/scissors_2789.npy,./batch_scissors/fitted/scissors_2789.npy
scissors,scissors_3850,train,./dataset/skeleton_final_v2/scissors/scissors_3850.npy,./batch_scissors/fitted/scissors_3850.npy
scissors,scissors_3868,train,./dataset/skeleton_final_v2/scissors/scissors_3868.npy,./batch_scissors/fitted/scissors_3868.npy
scissors,scissors_3877,train,./dataset/skeleton_final_v2/scissors/scissors_3877.npy,./batch_scissors/fitted/scissors_3877.npy
scissors,scissors_3880,train,./dataset/skeleton_final_v2/scissors/scissors_3880.npy,./batch_scissors/fitted/scissors_3880.npy
scissors,scissors_3883,train,./dataset/skeleton_final_v2/scissors/scissors_3883.npy,./batch_scissors/fitted/scissors_3883.npy
scissors,scissors_3895,train,./dataset/skeleton_final_v2/scissors/scissors_3895.npy,./batch_scissors/fitted/scissors_3895.npy
scissors,scissors_3903,train,./dataset/skeleton_final_v2/scissors/scissors_3903.npy,./batch_scissors/fitted/scissors_3903.npy
scissors,scissors_3909,train,./dataset/skeleton_final_v2/scissors/scissors_3909.npy,./batch_scissors/fitted/scissors_3909.npy
scissors,scissors_3911,train,./dataset/skeleton_final_v2/scissors/scissors_3911.npy,./batch_scissors/fitted/scissors_3911.npy
scissors,scissors_3915,train,./dataset/skeleton_final_v2/scissors/scissors_3915.npy,./batch_scissors/fitted/scissors_3915.npy
scissors,scissors_3919,train,./dataset/skeleton_final_v2/scissors/scissors_3919.npy,./batch_scissors/fitted/scissors_3919.npy
scissors,scissors_3925,train,./dataset/skeleton_final_v2/scissors/scissors_3925.npy,./batch_scissors/fitted/scissors_3925.npy
scissors,scissors_3927,train,./dataset/skeleton_final_v2/scissors/scissors_3927.npy,./batch_scissors/fitted/scissors_3927.npy
scissors,scissors_3931,train,./dataset/skeleton_final_v2/scissors/scissors_3931.npy,./batch_scissors/fitted/scissors_3931.npy
scissors,scissors_3935,train,./dataset/skeleton_final_v2/scissors/scissors_3935.npy,./batch_scissors/fitted/scissors_3935.npy
scissors,scissors_3939,train,./dataset/skeleton_final_v2/scissors/scissors_3939.npy,./batch_scissors/fitted/scissors_3939.npy
scissors,scissors_3947,train,./dataset/skeleton_final_v2/scissors/scissors_3947.npy,./batch_scissors/fitted/scissors_3947.npy
scissors,scissors_410,train,./dataset/skeleton_final_v2/scissors/scissors_410.npy,./batch_scissors/fitted/scissors_410.npy
scissors,scissors_416,train,./dataset/skeleton_final_v2/scissors/scissors_416.npy,./batch_scissors/fitted/scissors_416.npy
scissors,scissors_420,train,./dataset/skeleton_final_v2/scissors/scissors_420.npy,./batch_scissors/fitted/scissors_420.npy
scissors,scissors_426,train,./dataset/skeleton_final_v2/scissors/scissors_426.npy,./batch_scissors/fitted/scissors_426.npy
scissors,scissors_428,train,./dataset/skeleton_final_v2/scissors/scissors_428.npy,./batch_scissors/fitted/scissors_428.npy
scissors,scissors_436,train,./dataset/skeleton_final_v2/scissors/scissors_436.npy,./batch_scissors/fitted/scissors_436.npy
scissors,scissors_438,train,./dataset/skeleton_final_v2/scissors/scissors_438.npy,./batch_scissors/fitted/scissors_438.npy
scissors,scissors_440,train,./dataset/skeleton_final_v2/scissors/scissors_440.npy,./batch_scissors/fitted/scissors_440.npy
scissors,scissors_446,train,./dataset/skeleton_final_v2/scissors/scissors_446.npy,./batch_scissors/fitted/scissors_446.npy
scissors,scissors_452,train,./dataset/skeleton_final_v2/scissors/scissors_452.npy,./batch_scissors/fitted/scissors_452.npy
scissors,scissors_454,train,./dataset/skeleton_final_v2/scissors/scissors_454.npy,./batch_scissors/fitted/scissors_454.npy
scissors,scissors_4617,train,./dataset/skeleton_final_v2/scissors/scissors_4617.npy,./batch_scissors/fitted/scissors_4617.npy
scissors,scissors_4620,train,./dataset/skeleton_final_v2/scissors/scissors_4620.npy,./batch_scissors/fitted/scissors_4620.npy
scissors,scissors_4623,train,./dataset/skeleton_final_v2/scissors/scissors_4623.npy,./batch_scissors/fitted/scissors_4623.npy
scissors,scissors_4629,train,./dataset/skeleton_final_v2/scissors/scissors_4629.npy,./batch_scissors/fitted/scissors_4629.npy
scissors,scissors_4630,train,./dataset/skeleton_final_v2/scissors/scissors_4630.npy,./batch_scissors/fitted/scissors_4630.npy
scissors,scissors_4632,train,./dataset/skeleton_final_v2/scissors/scissors_4632.npy,./batch_scissors/fitted/scissors_4632.npy
scissors,scissors_4633,train,./dataset/skeleton_final_v2/scissors/scissors_4633.npy,./batch_scissors/fitted/scissors_4633.npy
scissors,scissors_4635,train,./dataset/skeleton_final_v2/scissors/scissors_4635.npy,./batch_scissors/fitted/scissors_4635.npy
scissors,scissors_4636,train,./dataset/skeleton_final_v2/scissors/scissors_4636.npy,./batch_scissors/fitted/scissors_4636.npy
scissors,scissors_4638,train,./dataset/skeleton_final_v2/scissors/scissors_4638.npy,./batch_scissors/fitted/scissors_4638.npy
scissors,scissors_4641,train,./dataset/skeleton_final_v2/scissors/scissors_4641.npy,./batch_scissors/fitted/scissors_4641.npy
scissors,scissors_4644,train,./dataset/skeleton_final_v2/scissors/scissors_4644.npy,./batch_scissors/fitted/scissors_4644.npy
scissors,scissors_4645,train,./dataset/skeleton_final_v2/scissors/scissors_4645.npy,./batch_scissors/fitted/scissors_4645.npy
scissors,scissors_4648,train,./dataset/skeleton_final_v2/scissors/scissors_4648.npy,./batch_scissors/fitted/scissors_4648.npy
scissors,scissors_4656,train,./dataset/skeleton_final_v2/scissors/scissors_4656.npy,./batch_scissors/fitted/scissors_4656.npy
scissors,scissors_4660,train,./dataset/skeleton_final_v2/scissors/scissors_4660.npy,./batch_scissors/fitted/scissors_4660.npy
scissors,scissors_4661,train,./dataset/skeleton_final_v2/scissors/scissors_4661.npy,./batch_scissors/fitted/scissors_4661.npy
scissors,scissors_4663,train,./dataset/skeleton_final_v2/scissors/scissors_4663.npy,./batch_scissors/fitted/scissors_4663.npy
scissors,scissors_4664,train,./dataset/skeleton_final_v2/scissors/scissors_4664.npy,./batch_scissors/fitted/scissors_4664.npy
scissors,scissors_4666,train,./dataset/skeleton_final_v2/scissors/scissors_4666.npy,./batch_scissors/fitted/scissors_4666.npy
scissors,scissors_47,train,./dataset/skeleton_final_v2/scissors/scissors_47.npy,./batch_scissors/fitted/scissors_47.npy
scissors,scissors_48,train,./dataset/skeleton_final_v2/scissors/scissors_48.npy,./batch_scissors/fitted/scissors_48.npy
scissors,scissors_49,train,./dataset/skeleton_final_v2/scissors/scissors_49.npy,./batch_scissors/fitted/scissors_49.npy
scissors,scissors_5181,train,./dataset/skeleton_final_v2/scissors/scissors_5181.npy,./batch_scissors/fitted/scissors_5181.npy
scissors,scissors_5205,train,./dataset/skeleton_final_v2/scissors/scissors_5205.npy,./batch_scissors/fitted/scissors_5205.npy
scissors,scissors_5211,train,./dataset/skeleton_final_v2/scissors/scissors_5211.npy,./batch_scissors/fitted/scissors_5211.npy
scissors,scissors_5217,train,./dataset/skeleton_final_v2/scissors/scissors_5217.npy,./batch_scissors/fitted/scissors_5217.npy
scissors,scissors_5220,train,./dataset/skeleton_final_v2/scissors/scissors_5220.npy,./batch_scissors/fitted/scissors_5220.npy
scissors,scissors_5223,train,./dataset/skeleton_final_v2/scissors/scissors_5223.npy,./batch_scissors/fitted/scissors_5223.npy
scissors,scissors_5235,train,./dataset/skeleton_final_v2/scissors/scissors_5235.npy,./batch_scissors/fitted/scissors_5235.npy
scissors,scissors_5240,train,./dataset/skeleton_final_v2/scissors/scissors_5240.npy,./batch_scissors/fitted/scissors_5240.npy
scissors,scissors_5245,train,./dataset/skeleton_final_v2/scissors/scissors_5245.npy,./batch_scissors/fitted/scissors_5245.npy
scissors,scissors_53,train,./dataset/skeleton_final_v2/scissors/scissors_53.npy,./batch_scissors/fitted/scissors_53.npy
scissors,scissors_5479,train,./dataset/skeleton_final_v2/scissors/scissors_5479.npy,./batch_scissors/fitted/scissors_5479.npy
scissors,scissors_5481,train,./dataset/skeleton_final_v2/scissors/scissors_5481.npy,./batch_scissors/fitted/scissors_5481.npy
scissors,scissors_5483,train,./dataset/skeleton_final_v2/scissors/scissors_5483.npy,./batch_scissors/fitted/scissors_5483.npy
scissors,scissors_5485,train,./dataset/skeleton_final_v2/scissors/scissors_5485.npy,./batch_scissors/fitted/scissors_5485.npy
scissors,scissors_5486,train,./dataset/skeleton_final_v2/scissors/scissors_5486.npy,./batch_scissors/fitted/scissors_5486.npy
scissors,scissors_5487,train,./dataset/skeleton_final_v2/scissors/scissors_5487.npy,./batch_scissors/fitted/scissors_5487.npy
scissors,scissors_5488,train,./dataset/skeleton_final_v2/scissors/scissors_5488.npy,./batch_scissors/fitted/scissors_5488.npy
scissors,scissors_5489,train,./dataset/skeleton_final_v2/scissors/scissors_5489.npy,./batch_scissors/fitted/scissors_5489.npy
scissors,scissors_5490,train,./dataset/skeleton_final_v2/scissors/scissors_5490.npy,./batch_scissors/fitted/scissors_5490.npy
scissors,scissors_5491,train,./dataset/skeleton_final_v2/scissors/scissors_5491.npy,./batch_scissors/fitted/scissors_5491.npy
scissors,scissors_5494,train,./dataset/skeleton_final_v2/scissors/scissors_5494.npy,./batch_scissors/fitted/scissors_5494.npy
scissors,scissors_5496,train,./dataset/skeleton_final_v2/scissors/scissors_5496.npy,./batch_scissors/fitted/scissors_5496.npy
scissors,scissors_5498,train,./dataset/skeleton_final_v2/scissors/scissors_5498.npy,./batch_scissors/fitted/scissors_5498.npy
scissors,scissors_5500,train,./dataset/skeleton_final_v2/scissors/scissors_5500.npy,./batch_scissors/fitted/scissors_5500.npy
scissors,scissors_5502,train,./dataset/skeleton_final_v2/scissors/scissors_5502.npy,./batch_scissors/fitted/scissors_5502.npy
scissors,scissors_5504,train,./dataset/skeleton_final_v2/scissors/scissors_5504.npy,./batch_scissors/fitted/scissors_5504.npy
scissors,scissors_5514,train,./dataset/skeleton_final_v2/scissors/scissors_5514.npy,./batch_scissors/fitted/scissors_5514.npy
scissors,scissors_5740,train,./dataset/skeleton_final_v2/scissors/scissors_5740.npy,./batch_scissors/fitted/scissors_5740.npy
scissors,scissors_5745,train,./dataset/skeleton_final_v2/scissors/scissors_5745.npy,./batch_scissors/fitted/scissors_5745.npy
scissors,scissors_5746,train,./dataset/skeleton_final_v2/scissors/scissors_5746.npy,./batch_scissors/fitted/scissors_5746.npy
scissors,scissors_5747,train,./dataset/skeleton_final_v2/scissors/scissors_5747.npy,./batch_scissors/fitted/scissors_5747.npy
scissors,scissors_5748,train,./dataset/skeleton_final_v2/scissors/scissors_5748.npy,./batch_scissors/fitted/scissors_5748.npy
scissors,scissors_5751,train,./dataset/skeleton_final_v2/scissors/scissors_5751.npy,./batch_scissors/fitted/scissors_5751.npy
scissors,scissors_5752,train,./dataset/skeleton_final_v2/scissors/scissors_5752.npy,./batch_scissors/fitted/scissors_5752.npy
scissors,scissors_5754,train,./dataset/skeleton_final_v2/scissors/scissors_5754.npy,./batch_scissors/fitted/scissors_5754.npy
scissors,scissors_5756,train,./dataset/skeleton_final_v2/scissors/scissors_5756.npy,./batch_scissors/fitted/scissors_5756.npy
scissors,scissors_5758,train,./dataset/skeleton_final_v2/scissors/scissors_5758.npy,./batch_scissors/fitted/scissors_5758.npy
scissors,scissors_5759,train,./dataset/skeleton_final_v2/scissors/scissors_5759.npy,./batch_scissors/fitted/scissors_5759.npy
scissors,scissors_5920,train,./dataset/skeleton_final_v2/scissors/scissors_5920.npy,./batch_scissors/fitted/scissors_5920.npy
scissors,scissors_5922,train,./dataset/skeleton_final_v2/scissors/scissors_5922.npy,./batch_scissors/fitted/scissors_5922.npy
scissors,scissors_5923,train,./dataset/skeleton_final_v2/scissors/scissors_5923.npy,./batch_scissors/fitted/scissors_5923.npy
scissors,scissors_5930,train,./dataset/skeleton_final_v2/scissors/scissors_5930.npy,./batch_scissors/fitted/scissors_5930.npy
scissors,scissors_5931,train,./dataset/skeleton_final_v2/scissors/scissors_5931.npy,./batch_scissors/fitted/scissors_5931.npy
scissors,scissors_6141,train,./dataset/skeleton_final_v2/scissors/scissors_6141.npy,./batch_scissors/fitted/scissors_6141.npy
scissors,scissors_6148,train,./dataset/skeleton_final_v2/scissors/scissors_6148.npy,./batch_scissors/fitted/scissors_6148.npy
scissors,scissors_6150,train,./dataset/skeleton_final_v2/scissors/scissors_6150.npy,./batch_scissors/fitted/scissors_6150.npy
scissors,scissors_6151,train,./dataset/skeleton_final_v2/scissors/scissors_6151.npy,./batch_scissors/fitted/scissors_6151.npy
scissors,scissors_6152,train,./dataset/skeleton_final_v2/scissors/scissors_6152.npy,./batch_scissors/fitted/scissors_6152.npy
scissors,scissors_6153,train,./dataset/skeleton_final_v2/scissors/scissors_6153.npy,./batch_scissors/fitted/scissors_6153.npy
scissors,scissors_6155,train,./dataset/skeleton_final_v2/scissors/scissors_6155.npy,./batch_scissors/fitted/scissors_6155.npy
scissors,scissors_6156,train,./dataset/skeleton_final_v2/scissors/scissors_6156.npy,./batch_scissors/fitted/scissors_6156.npy
scissors,scissors_6158,train,./dataset/skeleton_final_v2/scissors/scissors_6158.npy,./batch_scissors/fitted/scissors_6158.npy
scissors,scissors_6159,train,./dataset/skeleton_final_v2/scissors/scissors_6159.npy,./batch_scissors/fitted/scissors_6159.npy
scissors,scissors_6163,train,./dataset/skeleton_final_v2/scissors/scissors_6163.npy,./batch_scissors/fitted/scissors_6163.npy
scissors,scissors_6166,train,./dataset/skeleton_final_v2/scissors/scissors_6166.npy,./batch_scissors/fitted/scissors_6166.npy
scissors,scissors_6167,train,./dataset/skeleton_final_v2/scissors/scissors_6167.npy,./batch_scissors/fitted/scissors_6167.npy
scissors,scissors_63,train,./dataset/skeleton_final_v2/scissors/scissors_63.npy,./batch_scissors/fitted/scissors_63.npy
scissors,scissors_6357,train,./dataset/skeleton_final_v2/scissors/scissors_6357.npy,./batch_scissors/fitted/scissors_6357.npy
scissors,scissors_6358,train,./dataset/skeleton_final_v2/scissors/scissors_6358.npy,./batch_scissors/fitted/scissors_6358.npy
scissors,scissors_6363,train,./dataset/skeleton_final_v2/scissors/scissors_6363.npy,./batch_scissors/fitted/scissors_6363.npy
scissors,scissors_6366,train,./dataset/skeleton_final_v2/scissors/scissors_6366.npy,./batch_scissors/fitted/scissors_6366.npy
scissors,scissors_6367,train,./dataset/skeleton_final_v2/scissors/scissors_6367.npy,./batch_scissors/fitted/scissors_6367.npy
scissors,scissors_6369,train,./dataset/skeleton_final_v2/scissors/scissors_6369.npy,./batch_scissors/fitted/scissors_6369.npy
scissors,scissors_6372,train,./dataset/skeleton_final_v2/scissors/scissors_6372.npy,./batch_scissors/fitted/scissors_6372.npy
scissors,scissors_6373,train,./dataset/skeleton_final_v2/scissors/scissors_6373.npy,./batch_scissors/fitted/scissors_6373.npy
scissors,scissors_6374,train,./dataset/skeleton_final_v2/scissors/scissors_6374.npy,./batch_scissors/fitted/scissors_6374.npy
scissors,scissors_6377,train,./dataset/skeleton_final_v2/scissors/scissors_6377.npy,./batch_scissors/fitted/scissors_6377.npy
scissors,scissors_6378,train,./dataset/skeleton_final_v2/scissors/scissors_6378.npy,./batch_scissors/fitted/scissors_6378.npy
scissors,scissors_6380,train,./dataset/skeleton_final_v2/scissors/scissors_6380.npy,./batch_scissors/fitted/scissors_6380.npy
scissors,scissors_6538,train,./dataset/skeleton_final_v2/scissors/scissors_6538.npy,./batch_scissors/fitted/scissors_6538.npy
scissors,scissors_6540,train,./dataset/skeleton_final_v2/scissors/scissors_6540.npy,./batch_scissors/fitted/scissors_6540.npy
scissors,scissors_6541,train,./dataset/skeleton_final_v2/scissors/scissors_6541.npy,./batch_scissors/fitted/scissors_6541.npy
scissors,scissors_6543,train,./dataset/skeleton_final_v2/scissors/scissors_6543.npy,./batch_scissors/fitted/scissors_6543.npy
scissors,scissors_6544,train,./dataset/skeleton_final_v2/scissors/scissors_6544.npy,./batch_scissors/fitted/scissors_6544.npy
scissors,scissors_6545,train,./dataset/skeleton_final_v2/scissors/scissors_6545.npy,./batch_scissors/fitted/scissors_6545.npy
scissors,scissors_6547,train,./dataset/skeleton_final_v2/scissors/scissors_6547.npy,./batch_scissors/fitted/scissors_6547.npy
scissors,scissors_6548,train,./dataset/skeleton_final_v2/scissors/scissors_6548.npy,./batch_scissors/fitted/scissors_6548.npy
scissors,scissors_6552,train,./dataset/skeleton_final_v2/scissors/scissors_6552.npy,./batch_scissors/fitted/scissors_6552.npy
scissors,scissors_6554,train,./dataset/skeleton_final_v2/scissors/scissors_6554.npy,./batch_scissors/fitted/scissors_6554.npy
scissors,scissors_6556,train,./dataset/skeleton_final_v2/scissors/scissors_6556.npy,./batch_scissors/fitted/scissors_6556.npy
scissors,scissors_6557,train,./dataset/skeleton_final_v2/scissors/scissors_6557.npy,./batch_scissors/fitted/scissors_6557.npy
scissors,scissors_6558,train,./dataset/skeleton_final_v2/scissors/scissors_6558.npy,./batch_scissors/fitted/scissors_6558.npy
scissors,scissors_6560,train,./dataset/skeleton_final_v2/scissors/scissors_6560.npy,./batch_scissors/fitted/scissors_6560.npy
scissors,scissors_6561,train,./dataset/skeleton_final_v2/scissors/scissors_6561.npy,./batch_scissors/fitted/scissors_6561.npy
scissors,scissors_6563,train,./dataset/skeleton_final_v2/scissors/scissors_6563.npy,./batch_scissors/fitted/scissors_6563.npy
scissors,scissors_6721,train,./dataset/skeleton_final_v2/scissors/scissors_6721.npy,./batch_scissors/fitted/scissors_6721.npy
scissors,scissors_6723,train,./dataset/skeleton_final_v2/scissors/scissors_6723.npy,./batch_scissors/fitted/scissors_6723.npy
scissors,scissors_6724,train,./dataset/skeleton_final_v2/scissors/scissors_6724.npy,./batch_scissors/fitted/scissors_6724.npy
scissors,scissors_6726,train,./dataset/skeleton_final_v2/scissors/scissors_6726.npy,./batch_scissors/fitted/scissors_6726.npy
scissors,scissors_6728,train,./dataset/skeleton_final_v2/scissors/scissors_6728.npy,./batch_scissors/fitted/scissors_6728.npy
scissors,scissors_6734,train,./dataset/skeleton_final_v2/scissors/scissors_6734.npy,./batch_scissors/fitted/scissors_6734.npy
scissors,scissors_6738,train,./dataset/skeleton_final_v2/scissors/scissors_6738.npy,./batch_scissors/fitted/scissors_6738.npy
scissors,scissors_6739,train,./dataset/skeleton_final_v2/scissors/scissors_6739.npy,./batch_scissors/fitted/scissors_6739.npy
scissors,scissors_6740,train,./dataset/skeleton_final_v2/scissors/scissors_6740.npy,./batch_scissors/fitted/scissors_6740.npy
scissors,scissors_6741,train,./dataset/skeleton_final_v2/scissors/scissors_6741.npy,./batch_scissors/fitted/scissors_6741.npy
scissors,scissors_6743,train,./dataset/skeleton_final_v2/scissors/scissors_6743.npy,./batch_scissors/fitted/scissors_6743.npy
scissors,scissors_6744,train,./dataset/skeleton_final_v2/scissors/scissors_6744.npy,./batch_scissors/fitted/scissors_6744.npy
scissors,scissors_6745,train,./dataset/skeleton_final_v2/scissors/scissors_6745.npy,./batch_scissors/fitted/scissors_6745.npy
scissors,scissors_6941,train,./dataset/skeleton_final_v2/scissors/scissors_6941.npy,./batch_scissors/fitted/scissors_6941.npy
scissors,scissors_6943,train,./dataset/skeleton_final_v2/scissors/scissors_6943.npy,./batch_scissors/fitted/scissors_6943.npy
scissors,scissors_6944,train,./dataset/skeleton_final_v2/scissors/scissors_6944.npy,./batch_scissors/fitted/scissors_6944.npy
scissors,scissors_6946,train,./dataset/skeleton_final_v2/scissors/scissors_6946.npy,./batch_scissors/fitted/scissors_6946.npy
scissors,scissors_6948,train,./dataset/skeleton_final_v2/scissors/scissors_6948.npy,./batch_scissors/fitted/scissors_6948.npy
scissors,scissors_6949,train,./dataset/skeleton_final_v2/scissors/scissors_6949.npy,./batch_scissors/fitted/scissors_6949.npy
scissors,scissors_6952,train,./dataset/skeleton_final_v2/scissors/scissors_6952.npy,./batch_scissors/fitted/scissors_6952.npy
scissors,scissors_6953,train,./dataset/skeleton_final_v2/scissors/scissors_6953.npy,./batch_scissors/fitted/scissors_6953.npy
scissors,scissors_6955,train,./dataset/skeleton_final_v2/scissors/scissors_6955.npy,./batch_scissors/fitted/scissors_6955.npy
scissors,scissors_6956,train,./dataset/skeleton_final_v2/scissors/scissors_6956.npy,./batch_scissors/fitted/scissors_6956.npy
scissors,scissors_6957,train,./dataset/skeleton_final_v2/scissors/scissors_6957.npy,./batch_scissors/fitted/scissors_6957.npy
scissors,scissors_6959,train,./dataset/skeleton_final_v2/scissors/scissors_6959.npy,./batch_scissors/fitted/scissors_6959.npy
scissors,scissors_6960,train,./dataset/skeleton_final_v2/scissors/scissors_6960.npy,./batch_scissors/fitted/scissors_6960.npy
scissors,scissors_6964,train,./dataset/skeleton_final_v2/scissors/scissors_6964.npy,./batch_scissors/fitted/scissors_6964.npy
scissors,scissors_6966,train,./dataset/skeleton_final_v2/scissors/scissors_6966.npy,./batch_scissors/fitted/scissors_6966.npy
scissors,scissors_6967,train,./dataset/skeleton_final_v2/scissors/scissors_6967.npy,./batch_scissors/fitted/scissors_6967.npy
scissors,scissors_7165,train,./dataset/skeleton_final_v2/scissors/scissors_7165.npy,./batch_scissors/fitted/scissors_7165.npy
scissors,scissors_7169,train,./dataset/skeleton_final_v2/scissors/scissors_7169.npy,./batch_scissors/fitted/scissors_7169.npy
scissors,scissors_7172,train,./dataset/skeleton_final_v2/scissors/scissors_7172.npy,./batch_scissors/fitted/scissors_7172.npy
scissors,scissors_7173,train,./dataset/skeleton_final_v2/scissors/scissors_7173.npy,./batch_scissors/fitted/scissors_7173.npy
scissors,scissors_7176,train,./dataset/skeleton_final_v2/scissors/scissors_7176.npy,./batch_scissors/fitted/scissors_7176.npy
scissors,scissors_7183,train,./dataset/skeleton_final_v2/scissors/scissors_7183.npy,./batch_scissors/fitted/scissors_7183.npy
scissors,scissors_7184,train,./dataset/skeleton_final_v2/scissors/scissors_7184.npy,./batch_scissors/fitted/scissors_7184.npy
scissors,scissors_7187,train,./dataset/skeleton_final_v2/scissors/scissors_7187.npy,./batch_scissors/fitted/scissors_7187.npy
scissors,scissors_7188,train,./dataset/skeleton_final_v2/scissors/scissors_7188.npy,./batch_scissors/fitted/scissors_7188.npy
scissors,scissors_7189,train,./dataset/skeleton_final_v2/scissors/scissors_7189.npy,./batch_scissors/fitted/scissors_7189.npy
scissors,scissors_7332,train,./dataset/skeleton_final_v2/scissors/scissors_7332.npy,./batch_scissors/fitted/scissors_7332.npy
scissors,scissors_7333,train,./dataset/skeleton_final_v2/scissors/scissors_7333.npy,./batch_scissors/fitted/scissors_7333.npy
scissors,scissors_7335,train,./dataset/skeleton_final_v2/scissors/scissors_7335.npy,./batch_scissors/fitted/scissors_7335.npy
scissors,scissors_7336,train,./dataset/skeleton_final_v2/scissors/scissors_7336.npy,./batch_scissors/fitted/scissors_7336.npy
scissors,scissors_7341,train,./dataset/skeleton_final_v2/scissors/scissors_7341.npy,./batch_scissors/fitted/scissors_7341.npy
scissors,scissors_7342,train,./dataset/skeleton_final_v2/scissors/scissors_7342.npy,./batch_scissors/fitted/scissors_7342.npy
scissors,scissors_7344,train,./dataset/skeleton_final_v2/scissors/scissors_7344.npy,./batch_scissors/fitted/scissors_7344.npy
scissors,scissors_7349,train,./dataset/skeleton_final_v2/scissors/scissors_7349.npy,./batch_scissors/fitted/scissors_7349.npy
scissors,scissors_7352,train,./dataset/skeleton_final_v2/scissors/scissors_7352.npy,./batch_scissors/fitted/scissors_7352.npy
scissors,scissors_7355,train,./dataset/skeleton_final_v2/scissors/scissors_7355.npy,./batch_scissors/fitted/scissors_7355.npy
scissors,scissors_7356,train,./dataset/skeleton_final_v2/scissors/scissors_7356.npy,./batch_scissors/fitted/scissors_7356.npy
scissors,scissors_754,train,./dataset/skeleton_final_v2/scissors/scissors_754.npy,./batch_scissors/fitted/scissors_754.npy
scissors,scissors_755,train,./dataset/skeleton_final_v2/scissors/scissors_755.npy,./batch_scissors/fitted/scissors_755.npy
scissors,scissors_756,train,./dataset/skeleton_final_v2/scissors/scissors_756.npy,./batch_scissors/fitted/scissors_756.npy
scissors,scissors_757,train,./dataset/skeleton_final_v2/scissors/scissors_757.npy,./batch_scissors/fitted/scissors_757.npy
scissors,scissors_759,train,./dataset/skeleton_final_v2/scissors/scissors_759.npy,./batch_scissors/fitted/scissors_759.npy
scissors,scissors_760,train,./dataset/skeleton_final_v2/scissors/scissors_760.npy,./batch_scissors/fitted/scissors_760.npy
scissors,scissors_761,train,./dataset/skeleton_final_v2/scissors/scissors_761.npy,./batch_scissors/fitted/scissors_761.npy
scissors,scissors_762,train,./dataset/skeleton_final_v2/scissors/scissors_762.npy,./batch_scissors/fitted/scissors_762.npy
scissors,scissors_7625,train,./dataset/skeleton_final_v2/scissors/scissors_7625.npy,./batch_scissors/fitted/scissors_7625.npy
scissors,scissors_7629,train,./dataset/skeleton_final_v2/scissors/scissors_7629.npy,./batch_scissors/fitted/scissors_7629.npy
scissors,scissors_7631,train,./dataset/skeleton_final_v2/scissors/scissors_7631.npy,./batch_scissors/fitted/scissors_7631.npy
scissors,scissors_7637,train,./dataset/skeleton_final_v2/scissors/scissors_7637.npy,./batch_scissors/fitted/scissors_7637.npy
scissors,scissors_764,train,./dataset/skeleton_final_v2/scissors/scissors_764.npy,./batch_scissors/fitted/scissors_764.npy
scissors,scissors_7643,train,./dataset/skeleton_final_v2/scissors/scissors_7643.npy,./batch_scissors/fitted/scissors_7643.npy
scissors,scissors_7649,train,./dataset/skeleton_final_v2/scissors/scissors_7649.npy,./batch_scissors/fitted/scissors_7649.npy
scissors,scissors_765,train,./dataset/skeleton_final_v2/scissors/scissors_765.npy,./batch_scissors/fitted/scissors_765.npy
scissors,scissors_7655,train,./dataset/skeleton_final_v2/scissors/scissors_7655.npy,./batch_scissors/fitted/scissors_7655.npy
scissors,scissors_7657,train,./dataset/skeleton_final_v2/scissors/scissors_7657.npy,./batch_scissors/fitted/scissors_7657.npy
scissors,scissors_7661,train,./dataset/skeleton_final_v2/scissors/scissors_7661.npy,./batch_scissors/fitted/scissors_7661.npy
scissors,scissors_767,train,./dataset/skeleton_final_v2/scissors/scissors_767.npy,./batch_scissors/fitted/scissors_767.npy
scissors,scissors_7671,train,./dataset/skeleton_final_v2/scissors/scissors_7671.npy,./batch_scissors/fitted/scissors_7671.npy
scissors,scissors_775,train,./dataset/skeleton_final_v2/scissors/scissors_775.npy,./batch_scissors/fitted/scissors_775.npy
scissors,scissors_777,train,./dataset/skeleton_final_v2/scissors/scissors_777.npy,./batch_scissors/fitted/scissors_777.npy
scissors,scissors_778,train,./dataset/skeleton_final_v2/scissors/scissors_778.npy,./batch_scissors/fitted/scissors_778.npy
scissors,scissors_7976,train,./dataset/skeleton_final_v2/scissors/scissors_7976.npy,./batch_scissors/fitted/scissors_7976.npy
scissors,scissors_8012,train,./dataset/skeleton_final_v2/scissors/scissors_8012.npy,./batch_scissors/fitted/scissors_8012.npy
scissors,scissors_8444,train,./dataset/skeleton_final_v2/scissors/scissors_8444.npy,./batch_scissors/fitted/scissors_8444.npy
scissors,scissors_8456,train,./dataset/skeleton_final_v2/scissors/scissors_8456.npy,./batch_scissors/fitted/scissors_8456.npy
scissors,scissors_8496,train,./dataset/skeleton_final_v2/scissors/scissors_8496.npy,./batch_scissors/fitted/scissors_8496.npy
scissors,scissors_8784,train,./dataset/skeleton_final_v2/scissors/scissors_8784.npy,./batch_scissors/fitted/scissors_8784.npy
scissors,scissors_8788,train,./dataset/skeleton_final_v2/scissors/scissors_8788.npy,./batch_scissors/fitted/scissors_8788.npy
scissors,scissors_8792,train,./dataset/skeleton_final_v2/scissors/scissors_8792.npy,./batch_scissors/fitted/scissors_8792.npy
scissors,scissors_8794,train,./dataset/skeleton_final_v2/scissors/scissors_8794.npy,./batch_scissors/fitted/scissors_8794.npy
scissors,scissors_8796,train,./dataset/skeleton_final_v2/scissors/scissors_8796.npy,./batch_scissors/fitted/scissors_8796.npy
scissors,scissors_8814,train,./dataset/skeleton_final_v2/scissors/scissors_8814.npy,./batch_scissors/fitted/scissors_8814.npy
scissors,scissors_8820,train,./dataset/skeleton_final_v2/scissors/scissors_8820.npy,./batch_scissors/fitted/scissors_8820.npy
scissors,scissors_9188,train,./dataset/skeleton_final_v2/scissors/scissors_9188.npy,./batch_scissors/fitted/scissors_9188.npy
scissors,scissors_9190,train,./dataset/skeleton_final_v2/scissors/scissors_9190.npy,./batch_scissors/fitted/scissors_9190.npy
scissors,scissors_9216,train,./dataset/skeleton_final_v2/scissors/scissors_9216.npy,./batch_scissors/fitted/scissors_9216.npy
scissors,scissors_9218,train,./dataset/skeleton_final_v2/scissors/scissors_9218.npy,./batch_scissors/fitted/scissors_9218.npy
scissors,scissors_9220,train,./dataset/skeleton_final_v2/scissors/scissors_9220.npy,./batch_scissors/fitted/scissors_9220.npy
the-finger,the-finger (10),train,./dataset/skeleton_final_v2/the-finger/the-finger (10).npy,./batch_thefinger/fitted/the-finger (10).npy
the-finger,the-finger (100),train,./dataset/skeleton_final_v2/the-finger/the-finger (100).npy,./batch_thefinger/fitted/the-finger (100).npy
the-finger,the-finger (101),train,./dataset/skeleton_final_v2/the-finger/the-finger (101).npy,./batch_thefinger/fitted/the-finger (101).npy
the-finger,the-finger (104),train,./dataset/skeleton_final_v2/the-finger/the-finger (104).npy,./batch_thefinger/fitted/the-finger (104).npy
the-finger,the-finger (105),train,./dataset/skeleton_final_v2/the-finger/the-finger (105).npy,./batch_thefinger/fitted/the-finger (105).npy
the-finger,the-finger (106),train,./dataset/skeleton_final_v2/the-finger/the-finger (106).npy,./batch_thefinger/fitted/the-finger (106).npy
the-finger,the-finger (108),train,./dataset/skeleton_final_v2/the-finger/the-finger (108).npy,./batch_thefinger/fitted/the-finger (108).npy
the-finger,the-finger (114),train,./dataset/skeleton_final_v2/the-finger/the-finger (114).npy,./batch_thefinger/fitted/the-finger (114).npy
the-finger,the-finger (118),train,./dataset/skeleton_final_v2/the-finger/the-finger (118).npy,./batch_thefinger/fitted/the-finger (118).npy
the-finger,the-finger (120),train,./dataset/skeleton_final_v2/the-finger/the-finger (120).npy,./batch_thefinger/fitted/the-finger (120).npy
the-finger,the-finger (121),train,./dataset/skeleton_final_v2/the-finger/the-finger (121).npy,./batch_thefinger/fitted/the-finger (121).npy
the-finger,the-finger (122),train,./dataset/skeleton_final_v2/the-finger/the-finger (122).npy,./batch_thefinger/fitted/the-finger (122).npy
the-finger,the-finger (123),train,./dataset/skeleton_final_v2/the-finger/the-finger (123).npy,./batch_thefinger/fitted/the-finger (123).npy
the-finger,the-finger (126),train,./dataset/skeleton_final_v2/the-finger/the-finger (126).npy,./batch_thefinger/fitted/the-finger (126).npy
the-finger,the-finger (130),train,./dataset/skeleton_final_v2/the-finger/the-finger (130).npy,./batch_thefinger/fitted/the-finger (130).npy
the-finger,the-finger (132),train,./dataset/skeleton_final_v2/the-finger/the-finger (132).npy,./batch_thefinger/fitted/the-finger (132).npy
the-finger,the-finger (133),train,./dataset/skeleton_final_v2/the-finger/the-finger (133).npy,./batch_thefinger/fitted/the-finger (133).npy
the-finger,the-finger (136),train,./dataset/skeleton_final_v2/the-finger/the-finger (136).npy,./batch_thefinger/fitted/the-finger (136).npy
the-finger,the-finger (138),train,./dataset/skeleton_final_v2/the-finger/the-finger (138).npy,./batch_thefinger/fitted/the-finger (138).npy
the-finger,the-finger (139),train,./dataset/skeleton_final_v2/the-finger/the-finger (139).npy,./batch_thefinger/fitted/the-finger (139).npy
the-finger,the-finger (140),train,./dataset/skeleton_final_v2/the-finger/the-finger (140).npy,./batch_thefinger/fitted/the-finger (140).npy
the-finger,the-finger (141),train,./dataset/skeleton_final_v2/the-finger/the-finger (141).npy,./batch_thefinger/fitted/the-finger (141).npy
the-finger,the-finger (146),train,./dataset/skeleton_final_v2/the-finger/the-finger (146).npy,./batch_thefinger/fitted/the-finger (146).npy
the-finger,the-finger (147),train,./dataset/skeleton_final_v2/the-finger/the-finger (147).npy,./batch_thefinger/fitted/the-finger (147).npy
the-finger,the-finger (148),train,./dataset/skeleton_final_v2/the-finger/the-finger (148).npy,./batch_thefinger/fitted/the-finger (148).npy
the-finger,the-finger (149),train,./dataset/skeleton_final_v2/the-finger/the-finger (149).npy,./batch_thefinger/fitted/the-finger (149).npy
the-finger,the-finger (150),train,./dataset/skeleton_final_v2/the-finger/the-finger (150).npy,./batch_thefinger/fitted/the-finger (150).npy
the-finger,the-finger (152),train,./dataset/skeleton_final_v2/the-finger/the-finger (152).npy,./batch_thefinger/fitted/the-finger (152).npy
the-finger,the-finger (153),train,./dataset/skeleton_final_v2/the-finger/the-finger (153).npy,./batch_thefinger/fitted/the-finger (153).npy
the-finger,the-finger (155),train,./dataset/skeleton_final_v2/the-finger/the-finger (155).npy,./batch_thefinger/fitted/the-finger (155).npy
the-finger,the-finger (158),train,./dataset/skeleton_final_v2/the-finger/the-finger (158).npy,./batch_thefinger/fitted/the-finger (158).npy
the-finger,the-finger (159),train,./dataset/skeleton_final_v2/the-finger/the-finger (159).npy,./batch_thefinger/fitted/the-finger (159).npy
the-finger,the-finger (16),train,./dataset/skeleton_final_v2/the-finger/the-finger (16).npy,./batch_thefinger/fitted/the-finger (16).npy
the-finger,the-finger (161),train,./dataset/skeleton_final_v2/the-finger/the-finger (161).npy,./batch_thefinger/fitted/the-finger (161).npy
the-finger,the-finger (162),train,./dataset/skeleton_final_v2/the-finger/the-finger (162).npy,./batch_thefinger/fitted/the-finger (162).npy
the-finger,the-finger (19),train,./dataset/skeleton_final_v2/the-finger/the-finger (19).npy,./batch_thefinger/fitted/the-finger (19).npy
the-finger,the-finger (2),train,./dataset/skeleton_final_v2/the-finger/the-finger (2).npy,./batch_thefinger/fitted/the-finger (2).npy
the-finger,the-finger (20),train,./dataset/skeleton_final_v2/the-finger/the-finger (20).npy,./batch_thefinger/fitted/the-finger (20).npy
the-finger,the-finger (21),train,./dataset/skeleton_final_v2/the-finger/the-finger (21).npy,./batch_thefinger/fitted/the-finger (21).npy
the-finger,the-finger (23),train,./dataset/skeleton_final_v2/the-finger/the-finger (23).npy,./batch_thefinger/fitted/the-finger (23).npy
the-finger,the-finger (24),train,./dataset/skeleton_final_v2/the-finger/the-finger (24).npy,./batch_thefinger/fitted/the-finger (24).npy
the-finger,the-finger (25),train,./dataset/skeleton_final_v2/the-finger/the-finger (25).npy,./batch_thefinger/fitted/the-finger (25).npy
the-finger,the-finger (27),train,./dataset/skeleton_final_v2/the-finger/the-finger (27).npy,./batch_thefinger/fitted/the-finger (27).npy
the-finger,the-finger (32),train,./dataset/skeleton_final_v2/the-finger/the-finger (32).npy,./batch_thefinger/fitted/the-finger (32).npy
the-finger,the-finger (36),train,./dataset/skeleton_final_v2/the-finger/the-finger (36).npy,./batch_thefinger/fitted/the-finger (36).npy
the-finger,the-finger (37),train,./dataset/skeleton_final_v2/the-finger/the-finger (37).npy,./batch_thefinger/fitted/the-finger (37).npy
the-finger,the-finger (38),train,./dataset/skeleton_final_v2/the-finger/the-finger (38).npy,./batch_thefinger/fitted/the-finger (38).npy
the-finger,the-finger (39),train,./dataset/skeleton_final_v2/the-finger/the-finger (39).npy,./batch_thefinger/fitted/the-finger (39).npy
the-finger,the-finger (40),train,./dataset/skeleton_final_v2/the-finger/the-finger (40).npy,./batch_thefinger/fitted/the-finger (40).npy
the-finger,the-finger (42),train,./dataset/skeleton_final_v2/the-finger/the-finger (42).npy,./batch_thefinger/fitted/the-finger (42).npy
the-finger,the-finger (43),train,./dataset/skeleton_final_v2/the-finger/the-finger (43).npy,./batch_thefinger/fitted/the-finger (43).npy
the-finger,the-finger (46),train,./dataset/skeleton_final_v2/the-finger/the-finger (46).npy,./batch_thefinger/fitted/the-finger (46).npy
the-finger,the-finger (47),train,./dataset/skeleton_final_v2/the-finger/the-finger (47).npy,./batch_thefinger/fitted/the-finger (47).npy
the-finger,the-finger (49),train,./dataset/skeleton_final_v2/the-finger/the-finger (49).npy,./batch_thefinger/fitted/the-finger (49).npy
the-finger,the-finger (50),train,./dataset/skeleton_final_v2/the-finger/the-finger (50).npy,./batch_thefinger/fitted/the-finger (50).npy
the-finger,the-finger (51),train,./dataset/skeleton_final_v2/the-finger/the-finger (51).npy,./batch_thefinger/fitted/the-finger (51).npy
the-finger,the-finger (55),train,./dataset/skeleton_final_v2/the-finger/the-finger (55).npy,./batch_thefinger/fitted/the-finger (55).npy
the-finger,the-finger (6),train,./dataset/skeleton_final_v2/the-finger/the-finger (6).npy,./batch_thefinger/fitted/the-finger (6).npy
the-finger,the-finger (63),train,./dataset/skeleton_final_v2/the-finger/the-finger (63).npy,./batch_thefinger/fitted/the-finger (63).npy
the-finger,the-finger (65),train,./dataset/skeleton_final_v2/the-finger/the-finger (65).npy,./batch_thefinger/fitted/the-finger (65).npy
the-finger,the-finger (66),train,./dataset/skeleton_final_v2/the-finger/the-finger (66).npy,./batch_thefinger/fitted/the-finger (66).npy
the-finger,the-finger (7),train,./dataset/skeleton_final_v2/the-finger/the-finger (7).npy,./batch_thefinger/fitted/the-finger (7).npy
the-finger,the-finger (73),train,./dataset/skeleton_final_v2/the-finger/the-finger (73).npy,./batch_thefinger/fitted/the-finger (73).npy
the-finger,the-finger (74),train,./dataset/skeleton_final_v2/the-finger/the-finger (74).npy,./batch_thefinger/fitted/the-finger (74).npy
the-finger,the-finger (76),train,./dataset/skeleton_final_v2/the-finger/the-finger (76).npy,./batch_thefinger/fitted/the-finger (76).npy
the-finger,the-finger (78),train,./dataset/skeleton_final_v2/the-finger/the-finger (78).npy,./batch_thefinger/fitted/the-finger (78).npy
the-finger,the-finger (79),train,./dataset/skeleton_final_v2/the-finger/the-finger (79).npy,./batch_thefinger/fitted/the-finger (79).npy
the-finger,the-finger (84),train,./dataset/skeleton_final_v2/the-finger/the-finger (84).npy,./batch_thefinger/fitted/the-finger (84).npy
the-finger,the-finger (87),train,./dataset/skeleton_final_v2/the-finger/the-finger (87).npy,./batch_thefinger/fitted/the-finger (87).npy
the-finger,the-finger (92),train,./dataset/skeleton_final_v2/the-finger/the-finger (92).npy,./batch_thefinger/fitted/the-finger (92).npy
the-finger,the-finger (95),train,./dataset/skeleton_final_v2/the-finger/the-finger (95).npy,./batch_thefinger/fitted/the-finger (95).npy
the-finger,the-finger (96),train,./dataset/skeleton_final_v2/the-finger/the-finger (96).npy,./batch_thefinger/fitted/the-finger (96).npy
the-finger,the-finger (98),train,./dataset/skeleton_final_v2/the-finger/the-finger (98).npy,./batch_thefinger/fitted/the-finger (98).npy
the-finger,the-finger-set2 (100),train,./dataset/skeleton_final_v2/the-finger/the-finger-set2 (100).npy,./batch_thefinger/fitted/the-finger-set2 (100).npy
the-finger,the-finger-set2 (104),train,./dataset/skeleton_final_v2/the-finger/the-finger-set2 (104).npy,./batch_thefinger/fitted/the-finger-set2 (104).npy
the-finger,the-finger-set2 (105),train,./dataset/skeleton_final_v2/the-finger/the-finger-set2 (105).npy,./batch_thefinger/fitted/the-finger-set2 (105).npy
the-finger,the-finger-set2 (106),train,./dataset/skeleton_final_v2/the-finger/the-finger-set2 (106).npy,./batch_thefinger/fitted/the-finger-set2 (106).npy
the-finger,the-finger-set2 (107),train,./dataset/skeleton_final_v2/the-finger/the-finger-set2 (107).npy,./batch_thefinger/fitted/the-finger-set2 (107).npy
the-finger,the-finger-set2 (11),train,./dataset/skeleton_final_v2/the-finger/the-finger-set2 (11).npy,./batch_thefinger/fitted/the-finger-set2 (11).npy
the-finger,the-finger-set2 (12),train,./dataset/skeleton_final_v2/the-finger/the-finger-set2 (12).npy,./batch_thefinger/fitted/the-finger-set2 (12).npy
the-finger,the-finger-set2 (13),train,./dataset/skeleton_final_v2/the-finger/the-finger-set2 (13).npy,./batch_thefinger/fitted/the-finger-set2 (13).npy
the-finger,the-finger-set2 (130),train,./dataset/skeleton_final_v2/the-finger/the-finger-set2 (130).npy,./batch_thefinger/fitted/the-finger-set2 (130).npy
the-finger,the-finger-set2 (131),train,./dataset/skeleton_final_v2/the-finger/the-finger-set2 (131).npy,./batch_thefinger/fitted/the-finger-set2 (131).npy
the-finger,the-finger-set2 (134),train,./dataset/skeleton_final_v2/the-finger/the-finger-set2 (134).npy,./batch_thefinger/fitted/the-finger-set2 (134).npy
the-finger,the-finger-set2 (136),train,./dataset/skeleton_final_v2/the-finger/the-finger-set2 (136).npy,./batch_thefinger/fitted/the-finger-set2 (136).npy
the-finger,the-finger-set2 (138),train,./dataset/skeleton_final_v2/the-finger/the-finger-set2 (138).npy,./batch_thefinger/fitted/the-finger-set2 (138).npy
the-finger,the-finger-set2 (139),train,./dataset/skeleton_final_v2/the-finger/the-finger-set2 (139).npy,./batch_thefinger/fitted/the-finger-set2 (139).npy
the-finger,the-finger-set2 (14),train,./dataset/skeleton_final_v2/the-finger/the-finger-set2 (14).npy,./batch_thefinger/fitted/the-finger-set2 (14).npy
the-finger,the-finger-set2 (140),train,./dataset/skeleton_final_v2/the-finger/the-finger-set2 (140).npy,./batch_thefinger/fitted/the-finger-set2 (140).npy
the-finger,the-finger-set2 (146),train,./dataset/skeleton_final_v2/the-finger/the-finger-set2 (146).npy,./batch_thefinger/fitted/the-finger-set2 (146).npy
the-finger,the-finger-set2 (149),train,./dataset/skeleton_final_v2/the-finger/the-finger-set2 (149).npy,./batch_thefinger/fitted/the-finger-set2 (149).npy
the-finger,the-finger-set2 (15),train,./dataset/skeleton_final_v2/the-finger/the-finger-set2 (15).npy,./batch_thefinger/fitted/the-finger-set2 (15).npy
the-finger,the-finger-set2 (151),train,./dataset/skeleton_final_v2/the-finger/the-finger-set2 (151).npy,./batch_thefinger/fitted/the-finger-set2 (151).npy
the-finger,the-finger-set2 (152),train,./dataset/skeleton_final_v2/the-finger/the-finger-set2 (152).npy,./batch_thefinger/fitted/the-finger-set2 (152).npy
the-finger,the-finger-set2 (153),train,./dataset/skeleton_final_v2/the-finger/the-finger-set2 (153).npy,./batch_thefinger/fitted/the-finger-set2 (153).npy
the-finger,the-finger-set2 (157),train,./dataset/skeleton_final_v2/the-finger/the-finger-set2 (157).npy,./batch_thefinger/fitted/the-finger-set2 (157).npy
the-finger,the-finger-set2 (158),train,./dataset/skeleton_final_v2/the-finger/the-finger-set2 (158).npy,./batch_thefinger/fitted/the-finger-set2 (158).npy
the-finger,the-finger-set2 (159),train,./dataset/skeleton_final_v2/the-finger/the-finger-set2 (159).npy,./batch_thefinger/fitted/the-finger-set2 (159).npy
the-finger,the-finger-set2 (16),train,./dataset/skeleton_final_v2/the-finger/the-finger-set2 (16).npy,./batch_thefinger/fitted/the-finger-set2 (16).npy
the-finger,the-finger-set2 (162),train,./dataset/skeleton_final_v2/the-finger/the-finger-set2 (162).npy,./batch_thefinger/fitted/the-finger-set2 (162).npy
the-finger,the-finger-set2 (164),train,./dataset/skeleton_final_v2/the-finger/the-finger-set2 (164).npy,./batch_thefinger/fitted/the-finger-set2 (164).npy
the-finger,the-finger-set2 (17),train,./dataset/skeleton_final_v2/the-finger/the-finger-set2 (17).npy,./batch_thefinger/fitted/the-finger-set2 (17).npy
the-finger,the-finger-set2 (174),train,./dataset/skeleton_final_v2/the-finger/the-finger-set2 (174).npy,./batch_thefinger/fitted/the-finger-set2 (174).npy
the-finger,the-finger-set2 (176),train,./dataset/skeleton_final_v2/the-finger/the-finger-set2 (176).npy,./batch_thefinger/fitted/the-finger-set2 (176).npy
the-finger,the-finger-set2 (179),train,./dataset/skeleton_final_v2/the-finger/the-finger-set2 (179).npy,./batch_thefinger/fitted/the-finger-set2 (179).npy
the-finger,the-finger-set2 (18),train,./dataset/skeleton_final_v2/the-finger/the-finger-set2 (18).npy,./batch_thefinger/fitted/the-finger-set2 (18).npy
the-finger,the-finger-set2 (180),train,./dataset/skeleton_final_v2/the-finger/the-finger-set2 (180).npy,./batch_thefinger/fitted/the-finger-set2 (180).npy
the-finger,the-finger-set2 (187),train,./dataset/skeleton_final_v2/the-finger/the-finger-set2 (187).npy,./batch_thefinger/fitted/the-finger-set2 (187).npy
the-finger,the-finger-set2 (188),train,./dataset/skeleton_final_v2/the-finger/the-finger-set2 (188).npy,./batch_thefinger/fitted/the-finger-set2 (188).npy
the-finger,the-finger-set2 (189),train,./dataset/skeleton_final_v2/the-finger/the-finger-set2 (189).npy,./batch_thefinger/fitted/the-finger-set2 (189).npy
the-finger,the-finger-set2 (19),train,./dataset/skeleton_final_v2/the-finger/the-finger-set2 (19).npy,./batch_thefinger/fitted/the-finger-set2 (19).npy
the-finger,the-finger-set2 (192),train,./dataset/skeleton_final_v2/the-finger/the-finger-set2 (192).npy,./batch_thefinger/fitted/the-finger-set2 (192).npy
the-finger,the-finger-set2 (193),train,./dataset/skeleton_final_v2/the-finger/the-finger-set2 (193).npy,./batch_thefinger/fitted/the-finger-set2 (193).npy
the-finger,the-finger-set2 (198),train,./dataset/skeleton_final_v2/the-finger/the-finger-set2 (198).npy,./batch_thefinger/fitted/the-finger-set2 (198).npy
the-finger,the-finger-set2 (203),train,./dataset/skeleton_final_v2/the-finger/the-finger-set2 (203).npy,./batch_thefinger/fitted/the-finger-set2 (203).npy
the-finger,the-finger-set2 (204),train,./dataset/skeleton_final_v2/the-finger/the-finger-set2 (204).npy,./batch_thefinger/fitted/the-finger-set2 (204).npy
the-finger,the-finger-set2 (205),train,./dataset/skeleton_final_v2/the-finger/the-finger-set2 (205).npy,./batch_thefinger/fitted/the-finger-set2 (205).npy
the-finger,the-finger-set2 (206),train,./dataset/skeleton_final_v2/the-finger/the-finger-set2 (206).npy,./batch_thefinger/fitted/the-finger-set2 (206).npy
the-finger,the-finger-set2 (207),train,./dataset/skeleton_final_v2/the-finger/the-finger-set2 (207).npy,./batch_thefinger/fitted/the-finger-set2 (207).npy
the-finger,the-finger-set2 (209),train,./dataset/skeleton_final_v2/the-finger/the-finger-set2 (209).npy,./batch_thefinger/fitted/the-finger-set2 (209).npy
the-finger,the-finger-set2 (21),train,./dataset/skeleton_final_v2/the-finger/the-finger-set2 (21).npy,./batch_thefinger/fitted/the-finger-set2 (21).npy
the-finger,the-finger-set2 (210),train,./dataset/skeleton_final_v2/the-finger/the-finger-set2 (210).npy,./batch_thefinger/fitted/the-finger-set2 (210).npy
the-finger,the-finger-set2 (212),train,./dataset/skeleton_final_v2/the-finger/the-finger-set2 (212).npy,./batch_thefinger/fitted/the-finger-set2 (212).npy
the-finger,the-finger-set2 (213),train,./dataset/skeleton_final_v2/the-finger/the-finger-set2 (213).npy,./batch_thefinger/fitted/the-finger-set2 (213).npy
the-finger,the-finger-set2 (214),train,./dataset/skeleton_final_v2/the-finger/the-finger-set2 (214).npy,./batch_thefinger/fitted/the-finger-set2 (214).npy
the-finger,the-finger-set2 (216),train,./dataset/skeleton_final_v2/the-finger/the-finger-set2 (216).npy,./batch_thefinger/fitted/the-finger-set2 (216).npy
the-finger,the-finger-set2 (218),train,./dataset/skeleton_final_v2/the-finger/the-finger-set2 (218).npy,./batch_thefinger/fitted/the-finger-set2 (218).npy
the-finger,the-finger-set2 (219),train,./dataset/skeleton_final_v2/the-finger/the-finger-set2 (219).npy,./batch_thefinger/fitted/the-finger-set2 (219).npy
the-finger,the-finger-set2 (22),train,./dataset/skeleton_final_v2/the-finger/the-finger-set2 (22).npy,./batch_thefinger/fitted/the-finger-set2 (22).npy
the-finger,the-finger-set2 (220),train,./dataset/skeleton_final_v2/the-finger/the-finger-set2 (220).npy,./batch_thefinger/fitted/the-finger-set2 (220).npy
the-finger,the-finger-set2 (221),train,./dataset/skeleton_final_v2/the-finger/the-finger-set2 (221).npy,./batch_thefinger/fitted/the-finger-set2 (221).npy
the-finger,the-finger-set2 (23),train,./dataset/skeleton_final_v2/the-finger/the-finger-set2 (23).npy,./batch_thefinger/fitted/the-finger-set2 (23).npy
the-finger,the-finger-set2 (231),train,./dataset/skeleton_final_v2/the-finger/the-finger-set2 (231).npy,./batch_thefinger/fitted/the-finger-set2 (231).npy
the-finger,the-finger-set2 (236),train,./dataset/skeleton_final_v2/the-finger/the-finger-set2 (236).npy,./batch_thefinger/fitted/the-finger-set2 (236).npy
the-finger,the-finger-set2 (237),train,./dataset/skeleton_final_v2/the-finger/the-finger-set2 (237).npy,./batch_thefinger/fitted/the-finger-set2 (237).npy
the-finger,the-finger-set2 (238),train,./dataset/skeleton_final_v2/the-finger/the-finger-set2 (238).npy,./batch_thefinger/fitted/the-finger-set2 (238).npy
the-finger,the-finger-set2 (24),train,./dataset/skeleton_final_v2/the-finger/the-finger-set2 (24).npy,./batch_thefinger/fitted/the-finger-set2 (24).npy
the-finger,the-finger-set2 (243),train,./dataset/skeleton_final_v2/the-finger/the-finger-set2 (243).npy,./batch_thefinger/fitted/the-finger-set2 (243).npy
the-finger,the-finger-set2 (245),train,./dataset/skeleton_final_v2/the-finger/the-finger-set2 (245).npy,./batch_thefinger/fitted/the-finger-set2 (245).npy
the-finger,the-finger-set2 (247),train,./dataset/skeleton_final_v2/the-finger/the-finger-set2 (247).npy,./batch_thefinger/fitted/the-finger-set2 (247).npy
the-finger,the-finger-set2 (25),train,./dataset/skeleton_final_v2/the-finger/the-finger-set2 (25).npy,./batch_thefinger/fitted/the-finger-set2 (25).npy
the-finger,the-finger-set2 (251),train,./dataset/skeleton_final_v2/the-finger/the-finger-set2 (251).npy,./batch_thefinger/fitted/the-finger-set2 (251).npy
the-finger,the-finger-set2 (256),train,./dataset/skeleton_final_v2/the-finger/the-finger-set2 (256).npy,./batch_thefinger/fitted/the-finger-set2 (256).npy
the-finger,the-finger-set2 (259),train,./dataset/skeleton_final_v2/the-finger/the-finger-set2 (259).npy,./batch_thefinger/fitted/the-finger-set2 (259).npy
the-finger,the-finger-set2 (26),train,./dataset/skeleton_final_v2/the-finger/the-finger-set2 (26).npy,./batch_thefinger/fitted/the-finger-set2 (26).npy
the-finger,the-finger-set2 (269),train,./dataset/skeleton_final_v2/the-finger/the-finger-set2 (269).npy,./batch_thefinger/fitted/the-finger-set2 (269).npy
the-finger,the-finger-set2 (270),train,./dataset/skeleton_final_v2/the-finger/the-finger-set2 (270).npy,./batch_thefinger/fitted/the-finger-set2 (270).npy
the-finger,the-finger-set2 (271),train,./dataset/skeleton_final_v2/the-finger/the-finger-set2 (271).npy,./batch_thefinger/fitted/the-finger-set2 (271).npy
the-finger,the-finger-set2 (272),train,./dataset/skeleton_final_v2/the-finger/the-finger-set2 (272).npy,./batch_thefinger/fitted/the-finger-set2 (272).npy
the-finger,the-finger-set2 (273),train,./dataset/skeleton_final_v2/the-finger/the-finger-set2 (273).npy,./batch_thefinger/fitted/the-finger-set2 (273).npy
the-finger,the-finger-set2 (274),train,./dataset/skeleton_final_v2/the-finger/the-finger-set2 (274).npy,./batch_thefinger/fitted/the-finger-set2 (274).npy
the-finger,the-finger-set2 (275),train,./dataset/skeleton_final_v2/the-finger/the-finger-set2 (275).npy,./batch_thefinger/fitted/the-finger-set2 (275).npy
the-finger,the-finger-set2 (276),train,./dataset/skeleton_final_v2/the-finger/the-finger-set2 (276).npy,./batch_thefinger/fitted/the-finger-set2 (276).npy
the-finger,the-finger-set2 (277),train,./dataset/skeleton_final_v2/the-finger/the-finger-set2 (277).npy,./batch_thefinger/fitted/the-finger-set2 (277).npy
the-finger,the-finger-set2 (278),train,./dataset/skeleton_final_v2/the-finger/the-finger-set2 (278).npy,./batch_thefinger/fitted/the-finger-set2 (278).npy
the-finger,the-finger-set2 (280),train,./dataset/skeleton_final_v2/the-finger/the-finger-set2 (280).npy,./batch_thefinger/fitted/the-finger-set2 (280).npy
the-finger,the-finger-set2 (281),train,./dataset/skeleton_final_v2/the-finger/the-finger-set2 (281).npy,./batch_thefinger/fitted/the-finger-set2 (281).npy
the-finger,the-finger-set2 (282),train,./dataset/skeleton_final_v2/the-finger/the-finger-set2 (282).npy,./batch_thefinger/fitted/the-finger-set2 (282).npy
the-finger,the-finger-set2 (283),train,./dataset/skeleton_final_v2/the-finger/the-finger-set2 (283).npy,./batch_thefinger/fitted/the-finger-set2 (283).npy
the-finger,the-finger-set2 (284),train,./dataset/skeleton_final_v2/the-finger/the-finger-set2 (284).npy,./batch_thefinger/fitted/the-finger-set2 (284).npy
the-finger,the-finger-set2 (285),train,./dataset/skeleton_final_v2/the-finger/the-finger-set2 (285).npy,./batch_thefinger/fitted/the-finger-set2 (285).npy
the-finger,the-finger-set2 (286),train,./dataset/skeleton_final_v2/the-finger/the-finger-set2 (286).npy,./batch_thefinger/fitted/the-finger-set2 (286).npy
the-finger,the-finger-set2 (287),train,./dataset/skeleton_final_v2/the-finger/the-finger-set2 (287).npy,./batch_thefinger/fitted/the-finger-set2 (287).npy
the-finger,the-finger-set2 (288),train,./dataset/skeleton_final_v2/the-finger/the-finger-set2 (288).npy,./batch_thefinger/fitted/the-finger-set2 (288).npy
the-finger,the-finger-set2 (290),train,./dataset/skeleton_final_v2/the-finger/the-finger-set2 (290).npy,./batch_thefinger/fitted/the-finger-set2 (290).npy
the-finger,the-finger-set2 (291),train,./dataset/skeleton_final_v2/the-finger/the-finger-set2 (291).npy,./batch_thefinger/fitted/the-finger-set2 (291).npy
the-finger,the-finger-set2 (292),train,./dataset/skeleton_final_v2/the-finger/the-finger-set2 (292).npy,./batch_thefinger/fitted/the-finger-set2 (292).npy
the-finger,the-finger-set2 (293),train,./dataset/skeleton_final_v2/the-finger/the-finger-set2 (293).npy,./batch_thefinger/fitted/the-finger-set2 (293).npy
the-finger,the-finger-set2 (295),train,./dataset/skeleton_final_v2/the-finger/the-finger-set2 (295).npy,./batch_thefinger/fitted/the-finger-set2 (295).npy
the-finger,the-finger-set2 (296),train,./dataset/skeleton_final_v2/the-finger/the-finger-set2 (296).npy,./batch_thefinger/fitted/the-finger-set2 (296).npy
the-finger,the-finger-set2 (298),train,./dataset/skeleton_final_v2/the-finger/the-finger-set2 (298).npy,./batch_thefinger/fitted/the-finger-set2 (298).npy
the-finger,the-finger-set2 (299),train,./dataset/skeleton_final_v2/the-finger/the-finger-set2 (299).npy,./batch_thefinger/fitted/the-finger-set2 (299).npy
the-finger,the-finger-set2 (3),train,./dataset/skeleton_final_v2/the-finger/the-finger-set2 (3).npy,./batch_thefinger/fitted/the-finger-set2 (3).npy
the-finger,the-finger-set2 (30),train,./dataset/skeleton_final_v2/the-finger/the-finger-set2 (30).npy,./batch_thefinger/fitted/the-finger-set2 (30).npy
the-finger,the-finger-set2 (300),train,./dataset/skeleton_final_v2/the-finger/the-finger-set2 (300).npy,./batch_thefinger/fitted/the-finger-set2 (300).npy
the-finger,the-finger-set2 (302),train,./dataset/skeleton_final_v2/the-finger/the-finger-set2 (302).npy,./batch_thefinger/fitted/the-finger-set2 (302).npy
the-finger,the-finger-set2 (303),train,./dataset/skeleton_final_v2/the-finger/the-finger-set2 (303).npy,./batch_thefinger/fitted/the-finger-set2 (303).npy
the-finger,the-finger-set2 (304),train,./dataset/skeleton_final_v2/the-finger/the-finger-set2 (304).npy,./batch_thefinger/fitted/the-finger-set2 (304).npy
the-finger,the-finger-set2 (306),train,./dataset/skeleton_final_v2/the-finger/the-finger-set2 (306).npy,./batch_thefinger/fitted/the-finger-set2 (306).npy
the-finger,the-finger-set2 (307),train,./dataset/skeleton_final_v2/the-finger/the-finger-set2 (307).npy,./batch_thefinger/fitted/the-finger-set2 (307).npy
the-finger,the-finger-set2 (308),train,./dataset/skeleton_final_v2/the-finger/the-finger-set2 (308).npy,./batch_thefinger/fitted/the-finger-set2 (308).npy
the-finger,the-finger-set2 (31),train,./dataset/skeleton_final_v2/the-finger/the-finger-set2 (31).npy,./batch_thefinger/fitted/the-finger-set2 (31).npy
the-finger,the-finger-set2 (310),train,./dataset/skeleton_final_v2/the-finger/the-finger-set2 (310).npy,./batch_thefinger/fitted/the-finger-set2 (310).npy
the-finger,the-finger-set2 (311),train,./dataset/skeleton_final_v2/the-finger/the-finger-set2 (311).npy,./batch_thefinger/fitted/the-finger-set2 (311).npy
the-finger,the-finger-set2 (313),train,./dataset/skeleton_final_v2/the-finger/the-finger-set2 (313).npy,./batch_thefinger/fitted/the-finger-set2 (313).npy
the-finger,the-finger-set2 (314),train,./dataset/skeleton_final_v2/the-finger/the-finger-set2 (314).npy,./batch_thefinger/fitted/the-finger-set2 (314).npy
the-finger,the-finger-set2 (315),train,./dataset/skeleton_final_v2/the-finger/the-finger-set2 (315).npy,./batch_thefinger/fitted/the-finger-set2 (315).npy
the-finger,the-finger-set2 (317),train,./dataset/skeleton_final_v2/the-finger/the-finger-set2 (317).npy,./batch_thefinger/fitted/the-finger-set2 (317).npy
the-finger,the-finger-set2 (319),train,./dataset/skeleton_final_v2/the-finger/the-finger-set2 (319).npy,./batch_thefinger/fitted/the-finger-set2 (319).npy
the-finger,the-finger-set2 (320),train,./dataset/skeleton_final_v2/the-finger/the-finger-set2 (320).npy,./batch_thefinger/fitted/the-finger-set2 (320).npy
the-finger,the-finger-set2 (321),train,./dataset/skeleton_final_v2/the-finger/the-finger-set2 (321).npy,./batch_thefinger/fitted/the-finger-set2 (321).npy
the-finger,the-finger-set2 (322),train,./dataset/skeleton_final_v2/the-finger/the-finger-set2 (322).npy,./batch_thefinger/fitted/the-finger-set2 (322).npy
the-finger,the-finger-set2 (323),train,./dataset/skeleton_final_v2/the-finger/the-finger-set2 (323).npy,./batch_thefinger/fitted/the-finger-set2 (323).npy
the-finger,the-finger-set2 (324),train,./dataset/skeleton_final_v2/the-finger/the-finger-set2 (324).npy,./batch_thefinger/fitted/the-finger-set2 (324).npy
the-finger,the-finger-set2 (325),train,./dataset/skeleton_final_v2/the-finger/the-finger-set2 (325).npy,./batch_thefinger/fitted/the-finger-set2 (325).npy
the-finger,the-finger-set2 (326),train,./dataset/skeleton_final_v2/the-finger/the-finger-set2 (326).npy,./batch_thefinger/fitted/the-finger-set2 (326).npy
the-finger,the-finger-set2 (327),train,./dataset/skeleton_final_v2/the-finger/the-finger-set2 (327).npy,./batch_thefinger/fitted/the-finger-set2 (327).npy
the-finger,the-finger-set2 (329),train,./dataset/skeleton_final_v2/the-finger/the-finger-set2 (329).npy,./batch_thefinger/fitted/the-finger-set2 (329).npy
the-finger,the-finger-set2 (331),train,./dataset/skeleton_final_v2/the-finger/the-finger-set2 (331).npy,./batch_thefinger/fitted/the-finger-set2 (331).npy
the-finger,the-finger-set2 (332),train,./dataset/skeleton_final_v2/the-finger/the-finger-set2 (332).npy,./batch_thefinger/fitted/the-finger-set2 (332).npy
the-finger,the-finger-set2 (333),train,./dataset/skeleton_final_v2/the-finger/the-finger-set2 (333).npy,./batch_thefinger/fitted/the-finger-set2 (333).npy
the-finger,the-finger-set2 (334),train,./dataset/skeleton_final_v2/the-finger/the-finger-set2 (334).npy,./batch_thefinger/fitted/the-finger-set2 (334).npy
the-finger,the-finger-set2 (335),train,./dataset/skeleton_final_v2/the-finger/the-finger-set2 (335).npy,./batch_thefinger/fitted/the-finger-set2 (335).npy
the-finger,the-finger-set2 (337),train,./dataset/skeleton_final_v2/the-finger/the-finger-set2 (337).npy,./batch_thefinger/fitted/the-finger-set2 (337).npy
the-finger,the-finger-set2 (338),train,./dataset/skeleton_final_v2/the-finger/the-finger-set2 (338).npy,./batch_thefinger/fitted/the-finger-set2 (338).npy
the-finger,the-finger-set2 (339),train,./dataset/skeleton_final_v2/the-finger/the-finger-set2 (339).npy,./batch_thefinger/fitted/the-finger-set2 (339).npy
the-finger,the-finger-set2 (340),train,./dataset/skeleton_final_v2/the-finger/the-finger-set2 (340).npy,./batch_thefinger/fitted/the-finger-set2 (340).npy
the-finger,the-finger-set2 (341),train,./dataset/skeleton_final_v2/the-finger/the-finger-set2 (341).npy,./batch_thefinger/fitted/the-finger-set2 (341).npy
the-finger,the-finger-set2 (343),train,./dataset/skeleton_final_v2/the-finger/the-finger-set2 (343).npy,./batch_thefinger/fitted/the-finger-set2 (343).npy
the-finger,the-finger-set2 (344),train,./dataset/skeleton_final_v2/the-finger/the-finger-set2 (344).npy,./batch_thefinger/fitted/the-finger-set2 (344).npy
the-finger,the-finger-set2 (345),train,./dataset/skeleton_final_v2/the-finger/the-finger-set2 (345).npy,./batch_thefinger/fitted/the-finger-set2 (345).npy
the-finger,the-finger-set2 (346),train,./dataset/skeleton_final_v2/the-finger/the-finger-set2 (346).npy,./batch_thefinger/fitted/the-finger-set2 (346).npy
the-finger,the-finger-set2 (347),train,./dataset/skeleton_final_v2/the-finger/the-finger-set2 (347).npy,./batch_thefinger/fitted/the-finger-set2 (347).npy
the-finger,the-finger-set2 (348),train,./dataset/skeleton_final_v2/the-finger/the-finger-set2 (348).npy,./batch_thefinger/fitted/the-finger-set2 (348).npy
the-finger,the-finger-set2 (349),train,./dataset/skeleton_final_v2/the-finger/the-finger-set2 (349).npy,./batch_thefinger/fitted/the-finger-set2 (349).npy
the-finger,the-finger-set2 (35),train,./dataset/skeleton_final_v2/the-finger/the-finger-set2 (35).npy,./batch_thefinger/fitted/the-finger-set2 (35).npy
the-finger,the-finger-set2 (350),train,./dataset/skeleton_final_v2/the-finger/the-finger-set2 (350).npy,./batch_thefinger/fitted/the-finger-set2 (350).npy
the-finger,the-finger-set2 (351),train,./dataset/skeleton_final_v2/the-finger/the-finger-set2 (351).npy,./batch_thefinger/fitted/the-finger-set2 (351).npy
the-finger,the-finger-set2 (353),train,./dataset/skeleton_final_v2/the-finger/the-finger-set2 (353).npy,./batch_thefinger/fitted/the-finger-set2 (353).npy
the-finger,the-finger-set2 (357),train,./dataset/skeleton_final_v2/the-finger/the-finger-set2 (357).npy,./batch_thefinger/fitted/the-finger-set2 (357).npy
the-finger,the-finger-set2 (358),train,./dataset/skeleton_final_v2/the-finger/the-finger-set2 (358).npy,./batch_thefinger/fitted/the-finger-set2 (358).npy
the-finger,the-finger-set2 (360),train,./dataset/skeleton_final_v2/the-finger/the-finger-set2 (360).npy,./batch_thefinger/fitted/the-finger-set2 (360).npy
the-finger,the-finger-set2 (362),train,./dataset/skeleton_final_v2/the-finger/the-finger-set2 (362).npy,./batch_thefinger/fitted/the-finger-set2 (362).npy
the-finger,the-finger-set2 (363),train,./dataset/skeleton_final_v2/the-finger/the-finger-set2 (363).npy,./batch_thefinger/fitted/the-finger-set2 (363).npy
the-finger,the-finger-set2 (365),train,./dataset/skeleton_final_v2/the-finger/the-finger-set2 (365).npy,./batch_thefinger/fitted/the-finger-set2 (365).npy
the-finger,the-finger-set2 (366),train,./dataset/skeleton_final_v2/the-finger/the-finger-set2 (366).npy,./batch_thefinger/fitted/the-finger-set2 (366).npy
the-finger,the-finger-set2 (367),train,./dataset/skeleton_final_v2/the-finger/the-finger-set2 (367).npy,./batch_thefinger/fitted/the-finger-set2 (367).npy
the-finger,the-finger-set2 (369),train,./dataset/skeleton_final_v2/the-finger/the-finger-set2 (369).npy,./batch_thefinger/fitted/the-finger-set2 (369).npy
the-finger,the-finger-set2 (370),train,./dataset/skeleton_final_v2/the-finger/the-finger-set2 (370).npy,./batch_thefinger/fitted/the-finger-set2 (370).npy
the-finger,the-finger-set2 (373),train,./dataset/skeleton_final_v2/the-finger/the-finger-set2 (373).npy,./batch_thefinger/fitted/the-finger-set2 (373).npy
the-finger,the-finger-set2 (374),train,./dataset/skeleton_final_v2/the-finger/the-finger-set2 (374).npy,./batch_thefinger/fitted/the-finger-set2 (374).npy
the-finger,the-finger-set2 (375),train,./dataset/skeleton_final_v2/the-finger/the-finger-set2 (375).npy,./batch_thefinger/fitted/the-finger-set2 (375).npy
the-finger,the-finger-set2 (376),train,./dataset/skeleton_final_v2/the-finger/the-finger-set2 (376).npy,./batch_thefinger/fitted/the-finger-set2 (376).npy
the-finger,the-finger-set2 (378),train,./dataset/skeleton_final_v2/the-finger/the-finger-set2 (378).npy,./batch_thefinger/fitted/the-finger-set2 (378).npy
the-finger,the-finger-set2 (380),train,./dataset/skeleton_final_v2/the-finger/the-finger-set2 (380).npy,./batch_thefinger/fitted/the-finger-set2 (380).npy
the-finger,the-finger-set2 (381),train,./dataset/skeleton_final_v2/the-finger/the-finger-set2 (381).npy,./batch_thefinger/fitted/the-finger-set2 (381).npy
the-finger,the-finger-set2 (382),train,./dataset/skeleton_final_v2/the-finger/the-finger-set2 (382).npy,./batch_thefinger/fitted/the-finger-set2 (382).npy
the-finger,the-finger-set2 (388),train,./dataset/skeleton_final_v2/the-finger/the-finger-set2 (388).npy,./batch_thefinger/fitted/the-finger-set2 (388).npy
the-finger,the-finger-set2 (391),train,./dataset/skeleton_final_v2/the-finger/the-finger-set2 (391).npy,./batch_thefinger/fitted/the-finger-set2 (391).npy
the-finger,the-finger-set2 (394),train,./dataset/skeleton_final_v2/the-finger/the-finger-set2 (394).npy,./batch_thefinger/fitted/the-finger-set2 (394).npy
the-finger,the-finger-set2 (395),train,./dataset/skeleton_final_v2/the-finger/the-finger-set2 (395).npy,./batch_thefinger/fitted/the-finger-set2 (395).npy
the-finger,the-finger-set2 (396),train,./dataset/skeleton_final_v2/the-finger/the-finger-set2 (396).npy,./batch_thefinger/fitted/the-finger-set2 (396).npy
the-finger,the-finger-set2 (397),train,./dataset/skeleton_final_v2/the-finger/the-finger-set2 (397).npy,./batch_thefinger/fitted/the-finger-set2 (397).npy
the-finger,the-finger-set2 (398),train,./dataset/skeleton_final_v2/the-finger/the-finger-set2 (398).npy,./batch_thefinger/fitted/the-finger-set2 (398).npy
the-finger,the-finger-set2 (399),train,./dataset/skeleton_final_v2/the-finger/the-finger-set2 (399).npy,./batch_thefinger/fitted/the-finger-set2 (399).npy
the-finger,the-finger-set2 (400),train,./dataset/skeleton_final_v2/the-finger/the-finger-set2 (400).npy,./batch_thefinger/fitted/the-finger-set2 (400).npy
the-finger,the-finger-set2 (401),train,./dataset/skeleton_final_v2/the-finger/the-finger-set2 (401).npy,./batch_thefinger/fitted/the-finger-set2 (401).npy
the-finger,the-finger-set2 (402),train,./dataset/skeleton_final_v2/the-finger/the-finger-set2 (402).npy,./batch_thefinger/fitted/the-finger-set2 (402).npy
the-finger,the-finger-set2 (403),train,./dataset/skeleton_final_v2/the-finger/the-finger-set2 (403).npy,./batch_thefinger/fitted/the-finger-set2 (403).npy
the-finger,the-finger-set2 (404),train,./dataset/skeleton_final_v2/the-finger/the-finger-set2 (404).npy,./batch_thefinger/fitted/the-finger-set2 (404).npy
the-finger,the-finger-set2 (405),train,./dataset/skeleton_final_v2/the-finger/the-finger-set2 (405).npy,./batch_thefinger/fitted/the-finger-set2 (405).npy
the-finger,the-finger-set2 (406),train,./dataset/skeleton_final_v2/the-finger/the-finger-set2 (406).npy,./batch_thefinger/fitted/the-finger-set2 (406).npy
the-finger,the-finger-set2 (407),train,./dataset/skeleton_final_v2/the-finger/the-finger-set2 (407).npy,./batch_thefinger/fitted/the-finger-set2 (407).npy
the-finger,the-finger-set2 (409),train,./dataset/skeleton_final_v2/the-finger/the-finger-set2 (409).npy,./batch_thefinger/fitted/the-finger-set2 (409).npy
the-finger,the-finger-set2 (41),train,./dataset/skeleton_final_v2/the-finger/the-finger-set2 (41).npy,./batch_thefinger/fitted/the-finger-set2 (41).npy
the-finger,the-finger-set2 (410),train,./dataset/skeleton_final_v2/the-finger/the-finger-set2 (410).npy,./batch_thefinger/fitted/the-finger-set2 (410).npy
the-finger,the-finger-set2 (411),train,./dataset/skeleton_final_v2/the-finger/the-finger-set2 (411).npy,./batch_thefinger/fitted/the-finger-set2 (411).npy
the-finger,the-finger-set2 (412),train,./dataset/skeleton_final_v2/the-finger/the-finger-set2 (412).npy,./batch_thefinger/fitted/the-finger-set2 (412).npy
the-finger,the-finger-set2 (414),train,./dataset/skeleton_final_v2/the-finger/the-finger-set2 (414).npy,./batch_thefinger/fitted/the-finger-set2 (414).npy
the-finger,the-finger-set2 (416),train,./dataset/skeleton_final_v2/the-finger/the-finger-set2 (416).npy,./batch_thefinger/fitted/the-finger-set2 (416).npy
the-finger,the-finger-set2 (417),train,./dataset/skeleton_final_v2/the-finger/the-finger-set2 (417).npy,./batch_thefinger/fitted/the-finger-set2 (417).npy
the-finger,the-finger-set2 (418),train,./dataset/skeleton_final_v2/the-finger/the-finger-set2 (418).npy,./batch_thefinger/fitted/the-finger-set2 (418).npy
the-finger,the-finger-set2 (419),train,./dataset/skeleton_final_v2/the-finger/the-finger-set2 (419).npy,./batch_thefinger/fitted/the-finger-set2 (419).npy
the-finger,the-finger-set2 (42),train,./dataset/skeleton_final_v2/the-finger/the-finger-set2 (42).npy,./batch_thefinger/fitted/the-finger-set2 (42).npy
the-finger,the-finger-set2 (422),train,./dataset/skeleton_final_v2/the-finger/the-finger-set2 (422).npy,./batch_thefinger/fitted/the-finger-set2 (422).npy
the-finger,the-finger-set2 (425),train,./dataset/skeleton_final_v2/the-finger/the-finger-set2 (425).npy,./batch_thefinger/fitted/the-finger-set2 (425).npy
the-finger,the-finger-set2 (426),train,./dataset/skeleton_final_v2/the-finger/the-finger-set2 (426).npy,./batch_thefinger/fitted/the-finger-set2 (426).npy
the-finger,the-finger-set2 (428),train,./dataset/skeleton_final_v2/the-finger/the-finger-set2 (428).npy,./batch_thefinger/fitted/the-finger-set2 (428).npy
the-finger,the-finger-set2 (429),train,./dataset/skeleton_final_v2/the-finger/the-finger-set2 (429).npy,./batch_thefinger/fitted/the-finger-set2 (429).npy
the-finger,the-finger-set2 (430),train,./dataset/skeleton_final_v2/the-finger/the-finger-set2 (430).npy,./batch_thefinger/fitted/the-finger-set2 (430).npy
the-finger,the-finger-set2 (431),train,./dataset/skeleton_final_v2/the-finger/the-finger-set2 (431).npy,./batch_thefinger/fitted/the-finger-set2 (431).npy
the-finger,the-finger-set2 (433),train,./dataset/skeleton_final_v2/the-finger/the-finger-set2 (433).npy,./batch_thefinger/fitted/the-finger-set2 (433).npy
the-finger,the-finger-set2 (434),train,./dataset/skeleton_final_v2/the-finger/the-finger-set2 (434).npy,./batch_thefinger/fitted/the-finger-set2 (434).npy
the-finger,the-finger-set2 (438),train,./dataset/skeleton_final_v2/the-finger/the-finger-set2 (438).npy,./batch_thefinger/fitted/the-finger-set2 (438).npy
the-finger,the-finger-set2 (439),train,./dataset/skeleton_final_v2/the-finger/the-finger-set2 (439).npy,./batch_thefinger/fitted/the-finger-set2 (439).npy
the-finger,the-finger-set2 (440),train,./dataset/skeleton_final_v2/the-finger/the-finger-set2 (440).npy,./batch_thefinger/fitted/the-finger-set2 (440).npy
the-finger,the-finger-set2 (441),train,./dataset/skeleton_final_v2/the-finger/the-finger-set2 (441).npy,./batch_thefinger/fitted/the-finger-set2 (441).npy
the-finger,the-finger-set2 (442),train,./dataset/skeleton_final_v2/the-finger/the-finger-set2 (442).npy,./batch_thefinger/fitted/the-finger-set2 (442).npy
the-finger,the-finger-set2 (443),train,./dataset/skeleton_final_v2/the-finger/the-finger-set2 (443).npy,./batch_thefinger/fitted/the-finger-set2 (443).npy
the-finger,the-finger-set2 (63),train,./dataset/skeleton_final_v2/the-finger/the-finger-set2 (63).npy,./batch_thefinger/fitted/the-finger-set2 (63).npy
the-finger,the-finger-set2 (64),train,./dataset/skeleton_final_v2/the-finger/the-finger-set2 (64).npy,./batch_thefinger/fitted/the-finger-set2 (64).npy
the-finger,the-finger-set2 (66),train,./dataset/skeleton_final_v2/the-finger/the-finger-set2 (66).npy,./batch_thefinger/fitted/the-finger-set2 (66).npy
the-finger,the-finger-set2 (69),train,./dataset/skeleton_final_v2/the-finger/the-finger-set2 (69).npy,./batch_thefinger/fitted/the-finger-set2 (69).npy
the-finger,the-finger-set2 (70),train,./dataset/skeleton_final_v2/the-finger/the-finger-set2 (70).npy,./batch_thefinger/fitted/the-finger-set2 (70).npy
the-finger,the-finger-set2 (72),train,./dataset/skeleton_final_v2/the-finger/the-finger-set2 (72).npy,./batch_thefinger/fitted/the-finger-set2 (72).npy
the-finger,the-finger-set2 (73),train,./dataset/skeleton_final_v2/the-finger/the-finger-set2 (73).npy,./batch_thefinger/fitted/the-finger-set2 (73).npy
the-finger,the-finger-set2 (74),train,./dataset/skeleton_final_v2/the-finger/the-finger-set2 (74).npy,./batch_thefinger/fitted/the-finger-set2 (74).npy
the-finger,the-finger-set2 (88),train,./dataset/skeleton_final_v2/the-finger/the-finger-set2 (88).npy,./batch_thefinger/fitted/the-finger-set2 (88).npy
the-finger,the-finger-set2 (89),train,./dataset/skeleton_final_v2/the-finger/the-finger-set2 (89).npy,./batch_thefinger/fitted/the-finger-set2 (89).npy
the-finger,the-finger-set2 (9),train,./dataset/skeleton_final_v2/the-finger/the-finger-set2 (9).npy,./batch_thefinger/fitted/the-finger-set2 (9).npy
the-finger,the-finger-set2 (93),train,./dataset/skeleton_final_v2/the-finger/the-finger-set2 (93).npy,./batch_thefinger/fitted/the-finger-set2 (93).npy
the-finger,the-finger-set2 (94),train,./dataset/skeleton_final_v2/the-finger/the-finger-set2 (94).npy,./batch_thefinger/fitted/the-finger-set2 (94).npy
the-finger,the-finger-set2 (96),train,./dataset/skeleton_final_v2/the-finger/the-finger-set2 (96).npy,./batch_thefinger/fitted/the-finger-set2 (96).npy
the-finger,the-finger-set2 (98),train,./dataset/skeleton_final_v2/the-finger/the-finger-set2 (98).npy,./batch_thefinger/fitted/the-finger-set2 (98).npy
the-finger,the-finger-set2 (99),train,./dataset/skeleton_final_v2/the-finger/the-finger-set2 (99).npy,./batch_thefinger/fitted/the-finger-set2 (99).npy
the-finger,the-finger_1349,train,./dataset/skeleton_final_v2/the-finger/the-finger_1349.npy,./batch_thefinger/fitted/the-finger_1349.npy
the-finger,the-finger_1352,train,./dataset/skeleton_final_v2/the-finger/the-finger_1352.npy,./batch_thefinger/fitted/the-finger_1352.npy
the-finger,the-finger_1357,train,./dataset/skeleton_final_v2/the-finger/the-finger_1357.npy,./batch_thefinger/fitted/the-finger_1357.npy
the-finger,the-finger_1359,train,./dataset/skeleton_final_v2/the-finger/the-finger_1359.npy,./batch_thefinger/fitted/the-finger_1359.npy
the-finger,the-finger_1360,train,./dataset/skeleton_final_v2/the-finger/the-finger_1360.npy,./batch_thefinger/fitted/the-finger_1360.npy
the-finger,the-finger_1361,train,./dataset/skeleton_final_v2/the-finger/the-finger_1361.npy,./batch_thefinger/fitted/the-finger_1361.npy
the-finger,the-finger_1365,train,./dataset/skeleton_final_v2/the-finger/the-finger_1365.npy,./batch_thefinger/fitted/the-finger_1365.npy
the-finger,the-finger_1722,train,./dataset/skeleton_final_v2/the-finger/the-finger_1722.npy,./batch_thefinger/fitted/the-finger_1722.npy
the-finger,the-finger_1724,train,./dataset/skeleton_final_v2/the-finger/the-finger_1724.npy,./batch_thefinger/fitted/the-finger_1724.npy
the-finger,the-finger_1728,train,./dataset/skeleton_final_v2/the-finger/the-finger_1728.npy,./batch_thefinger/fitted/the-finger_1728.npy
the-finger,the-finger_1734,train,./dataset/skeleton_final_v2/the-finger/the-finger_1734.npy,./batch_thefinger/fitted/the-finger_1734.npy
the-finger,the-finger_1738,train,./dataset/skeleton_final_v2/the-finger/the-finger_1738.npy,./batch_thefinger/fitted/the-finger_1738.npy
the-finger,the-finger_217,train,./dataset/skeleton_final_v2/the-finger/the-finger_217.npy,./batch_thefinger/fitted/the-finger_217.npy
the-finger,the-finger_221,train,./dataset/skeleton_final_v2/the-finger/the-finger_221.npy,./batch_thefinger/fitted/the-finger_221.npy
the-finger,the-finger_222,train,./dataset/skeleton_final_v2/the-finger/the-finger_222.npy,./batch_thefinger/fitted/the-finger_222.npy
the-finger,the-finger_223,train,./dataset/skeleton_final_v2/the-finger/the-finger_223.npy,./batch_thefinger/fitted/the-finger_223.npy
the-finger,the-finger_2244,train,./dataset/skeleton_final_v2/the-finger/the-finger_2244.npy,./batch_thefinger/fitted/the-finger_2244.npy
the-finger,the-finger_2248,train,./dataset/skeleton_final_v2/the-finger/the-finger_2248.npy,./batch_thefinger/fitted/the-finger_2248.npy
the-finger,the-finger_2256,train,./dataset/skeleton_final_v2/the-finger/the-finger_2256.npy,./batch_thefinger/fitted/the-finger_2256.npy
the-finger,the-finger_2262,train,./dataset/skeleton_final_v2/the-finger/the-finger_2262.npy,./batch_thefinger/fitted/the-finger_2262.npy
the-finger,the-finger_2264,train,./dataset/skeleton_final_v2/the-finger/the-finger_2264.npy,./batch_thefinger/fitted/the-finger_2264.npy
the-finger,the-finger_2268,train,./dataset/skeleton_final_v2/the-finger/the-finger_2268.npy,./batch_thefinger/fitted/the-finger_2268.npy
the-finger,the-finger_2278,train,./dataset/skeleton_final_v2/the-finger/the-finger_2278.npy,./batch_thefinger/fitted/the-finger_2278.npy
the-finger,the-finger_2282,train,./dataset/skeleton_final_v2/the-finger/the-finger_2282.npy,./batch_thefinger/fitted/the-finger_2282.npy
the-finger,the-finger_2284,train,./dataset/skeleton_final_v2/the-finger/the-finger_2284.npy,./batch_thefinger/fitted/the-finger_2284.npy
the-finger,the-finger_2288,train,./dataset/skeleton_final_v2/the-finger/the-finger_2288.npy,./batch_thefinger/fitted/the-finger_2288.npy
the-finger,the-finger_2308,train,./dataset/skeleton_final_v2/the-finger/the-finger_2308.npy,./batch_thefinger/fitted/the-finger_2308.npy
the-finger,the-finger_2312,train,./dataset/skeleton_final_v2/the-finger/the-finger_2312.npy,./batch_thefinger/fitted/the-finger_2312.npy
the-finger,the-finger_2318,train,./dataset/skeleton_final_v2/the-finger/the-finger_2318.npy,./batch_thefinger/fitted/the-finger_2318.npy
the-finger,the-finger_232,train,./dataset/skeleton_final_v2/the-finger/the-finger_232.npy,./batch_thefinger/fitted/the-finger_232.npy
the-finger,the-finger_2339,train,./dataset/skeleton_final_v2/the-finger/the-finger_2339.npy,./batch_thefinger/fitted/the-finger_2339.npy
the-finger,the-finger_234,train,./dataset/skeleton_final_v2/the-finger/the-finger_234.npy,./batch_thefinger/fitted/the-finger_234.npy
the-finger,the-finger_2346,train,./dataset/skeleton_final_v2/the-finger/the-finger_2346.npy,./batch_thefinger/fitted/the-finger_2346.npy
the-finger,the-finger_235,train,./dataset/skeleton_final_v2/the-finger/the-finger_235.npy,./batch_thefinger/fitted/the-finger_235.npy
the-finger,the-finger_236,train,./dataset/skeleton_final_v2/the-finger/the-finger_236.npy,./batch_thefinger/fitted/the-finger_236.npy
the-finger,the-finger_238,train,./dataset/skeleton_final_v2/the-finger/the-finger_238.npy,./batch_thefinger/fitted/the-finger_238.npy
the-finger,the-finger_241,train,./dataset/skeleton_final_v2/the-finger/the-finger_241.npy,./batch_thefinger/fitted/the-finger_241.npy
the-finger,the-finger_243,train,./dataset/skeleton_final_v2/the-finger/the-finger_243.npy,./batch_thefinger/fitted/the-finger_243.npy
the-finger,the-finger_244,train,./dataset/skeleton_final_v2/the-finger/the-finger_244.npy,./batch_thefinger/fitted/the-finger_244.npy
the-finger,the-finger_3452,train,./dataset/skeleton_final_v2/the-finger/the-finger_3452.npy,./batch_thefinger/fitted/the-finger_3452.npy
the-finger,the-finger_3456,train,./dataset/skeleton_final_v2/the-finger/the-finger_3456.npy,./batch_thefinger/fitted/the-finger_3456.npy
the-finger,the-finger_3458,train,./dataset/skeleton_final_v2/the-finger/the-finger_3458.npy,./batch_thefinger/fitted/the-finger_3458.npy
the-finger,the-finger_3460,train,./dataset/skeleton_final_v2/the-finger/the-finger_3460.npy,./batch_thefinger/fitted/the-finger_3460.npy
the-finger,the-finger_3462,train,./dataset/skeleton_final_v2/the-finger/the-finger_3462.npy,./batch_thefinger/fitted/the-finger_3462.npy
the-finger,the-finger_3470,train,./dataset/skeleton_final_v2/the-finger/the-finger_3470.npy,./batch_thefinger/fitted/the-finger_3470.npy
the-finger,the-finger_3474,train,./dataset/skeleton_final_v2/the-finger/the-finger_3474.npy,./batch_thefinger/fitted/the-finger_3474.npy
the-finger,the-finger_3476,train,./dataset/skeleton_final_v2/the-finger/the-finger_3476.npy,./batch_thefinger/fitted/the-finger_3476.npy
the-finger,the-finger_3478,train,./dataset/skeleton_final_v2/the-finger/the-finger_3478.npy,./batch_thefinger/fitted/the-finger_3478.npy
the-finger,the-finger_3482,train,./dataset/skeleton_final_v2/the-finger/the-finger_3482.npy,./batch_thefinger/fitted/the-finger_3482.npy
the-finger,the-finger_3489,train,./dataset/skeleton_final_v2/the-finger/the-finger_3489.npy,./batch_thefinger/fitted/the-finger_3489.npy
the-finger,the-finger_3492,train,./dataset/skeleton_final_v2/the-finger/the-finger_3492.npy,./batch_thefinger/fitted/the-finger_3492.npy
the-finger,the-finger_3498,train,./dataset/skeleton_final_v2/the-finger/the-finger_3498.npy,./batch_thefinger/fitted/the-finger_3498.npy
the-finger,the-finger_3510,train,./dataset/skeleton_final_v2/the-finger/the-finger_3510.npy,./batch_thefinger/fitted/the-finger_3510.npy
the-finger,the-finger_3513,train,./dataset/skeleton_final_v2/the-finger/the-finger_3513.npy,./batch_thefinger/fitted/the-finger_3513.npy
the-finger,the-finger_3516,train,./dataset/skeleton_final_v2/the-finger/the-finger_3516.npy,./batch_thefinger/fitted/the-finger_3516.npy
the-finger,the-finger_3521,train,./dataset/skeleton_final_v2/the-finger/the-finger_3521.npy,./batch_thefinger/fitted/the-finger_3521.npy
the-finger,the-finger_3523,train,./dataset/skeleton_final_v2/the-finger/the-finger_3523.npy,./batch_thefinger/fitted/the-finger_3523.npy
the-finger,the-finger_3527,train,./dataset/skeleton_final_v2/the-finger/the-finger_3527.npy,./batch_thefinger/fitted/the-finger_3527.npy
the-finger,the-finger_5355,train,./dataset/skeleton_final_v2/the-finger/the-finger_5355.npy,./batch_thefinger/fitted/the-finger_5355.npy
the-finger,the-finger_5356,train,./dataset/skeleton_final_v2/the-finger/the-finger_5356.npy,./batch_thefinger/fitted/the-finger_5356.npy
the-finger,the-finger_5365,train,./dataset/skeleton_final_v2/the-finger/the-finger_5365.npy,./batch_thefinger/fitted/the-finger_5365.npy
the-finger,the-finger_5374,train,./dataset/skeleton_final_v2/the-finger/the-finger_5374.npy,./batch_thefinger/fitted/the-finger_5374.npy
the-finger,the-finger_5392,train,./dataset/skeleton_final_v2/the-finger/the-finger_5392.npy,./batch_thefinger/fitted/the-finger_5392.npy
the-finger,the-finger_5644,train,./dataset/skeleton_final_v2/the-finger/the-finger_5644.npy,./batch_thefinger/fitted/the-finger_5644.npy
the-finger,the-finger_5647,train,./dataset/skeleton_final_v2/the-finger/the-finger_5647.npy,./batch_thefinger/fitted/the-finger_5647.npy
the-finger,the-finger_584,train,./dataset/skeleton_final_v2/the-finger/the-finger_584.npy,./batch_thefinger/fitted/the-finger_584.npy
the-finger,the-finger_5841,train,./dataset/skeleton_final_v2/the-finger/the-finger_5841.npy,./batch_thefinger/fitted/the-finger_5841.npy
the-finger,the-finger_5842,train,./dataset/skeleton_final_v2/the-finger/the-finger_5842.npy,./batch_thefinger/fitted/the-finger_5842.npy
the-finger,the-finger_5843,train,./dataset/skeleton_final_v2/the-finger/the-finger_5843.npy,./batch_thefinger/fitted/the-finger_5843.npy
the-finger,the-finger_5845,train,./dataset/skeleton_final_v2/the-finger/the-finger_5845.npy,./batch_thefinger/fitted/the-finger_5845.npy
the-finger,the-finger_5846,train,./dataset/skeleton_final_v2/the-finger/the-finger_5846.npy,./batch_thefinger/fitted/the-finger_5846.npy
the-finger,the-finger_5847,train,./dataset/skeleton_final_v2/the-finger/the-finger_5847.npy,./batch_thefinger/fitted/the-finger_5847.npy
the-finger,the-finger_5848,train,./dataset/skeleton_final_v2/the-finger/the-finger_5848.npy,./batch_thefinger/fitted/the-finger_5848.npy
the-finger,the-finger_5849,train,./dataset/skeleton_final_v2/the-finger/the-finger_5849.npy,./batch_thefinger/fitted/the-finger_5849.npy
the-finger,the-finger_5853,train,./dataset/skeleton_final_v2/the-finger/the-finger_5853.npy,./batch_thefinger/fitted/the-finger_5853.npy
the-finger,the-finger_5855,train,./dataset/skeleton_final_v2/the-finger/the-finger_5855.npy,./batch_thefinger/fitted/the-finger_5855.npy
the-finger,the-finger_5856,train,./dataset/skeleton_final_v2/the-finger/the-finger_5856.npy,./batch_thefinger/fitted/the-finger_5856.npy
the-finger,the-finger_5857,train,./dataset/skeleton_final_v2/the-finger/the-finger_5857.npy,./batch_thefinger/fitted/the-finger_5857.npy
the-finger,the-finger_5859,train,./dataset/skeleton_final_v2/the-finger/the-finger_5859.npy,./batch_thefinger/fitted/the-finger_5859.npy
the-finger,the-finger_5863,train,./dataset/skeleton_final_v2/the-finger/the-finger_5863.npy,./batch_thefinger/fitted/the-finger_5863.npy
the-finger,the-finger_594,train,./dataset/skeleton_final_v2/the-finger/the-finger_594.npy,./batch_thefinger/fitted/the-finger_594.npy
the-finger,the-finger_596,train,./dataset/skeleton_final_v2/the-finger/the-finger_596.npy,./batch_thefinger/fitted/the-finger_596.npy
the-finger,the-finger_600,train,./dataset/skeleton_final_v2/the-finger/the-finger_600.npy,./batch_thefinger/fitted/the-finger_600.npy
the-finger,the-finger_604,train,./dataset/skeleton_final_v2/the-finger/the-finger_604.npy,./batch_thefinger/fitted/the-finger_604.npy
the-finger,the-finger_606,train,./dataset/skeleton_final_v2/the-finger/the-finger_606.npy,./batch_thefinger/fitted/the-finger_606.npy
the-finger,the-finger_6061,train,./dataset/skeleton_final_v2/the-finger/the-finger_6061.npy,./batch_thefinger/fitted/the-finger_6061.npy
the-finger,the-finger_6063,train,./dataset/skeleton_final_v2/the-finger/the-finger_6063.npy,./batch_thefinger/fitted/the-finger_6063.npy
the-finger,the-finger_6064,train,./dataset/skeleton_final_v2/the-finger/the-finger_6064.npy,./batch_thefinger/fitted/the-finger_6064.npy
the-finger,the-finger_6065,train,./dataset/skeleton_final_v2/the-finger/the-finger_6065.npy,./batch_thefinger/fitted/the-finger_6065.npy
the-finger,the-finger_6072,train,./dataset/skeleton_final_v2/the-finger/the-finger_6072.npy,./batch_thefinger/fitted/the-finger_6072.npy
the-finger,the-finger_6075,train,./dataset/skeleton_final_v2/the-finger/the-finger_6075.npy,./batch_thefinger/fitted/the-finger_6075.npy
the-finger,the-finger_6077,train,./dataset/skeleton_final_v2/the-finger/the-finger_6077.npy,./batch_thefinger/fitted/the-finger_6077.npy
the-finger,the-finger_6078,train,./dataset/skeleton_final_v2/the-finger/the-finger_6078.npy,./batch_thefinger/fitted/the-finger_6078.npy
the-finger,the-finger_6270,train,./dataset/skeleton_final_v2/the-finger/the-finger_6270.npy,./batch_thefinger/fitted/the-finger_6270.npy
the-finger,the-finger_6271,train,./dataset/skeleton_final_v2/the-finger/the-finger_6271.npy,./batch_thefinger/fitted/the-finger_6271.npy
the-finger,the-finger_6276,train,./dataset/skeleton_final_v2/the-finger/the-finger_6276.npy,./batch_thefinger/fitted/the-finger_6276.npy
the-finger,the-finger_6277,train,./dataset/skeleton_final_v2/the-finger/the-finger_6277.npy,./batch_thefinger/fitted/the-finger_6277.npy
the-finger,the-finger_6278,train,./dataset/skeleton_final_v2/the-finger/the-finger_6278.npy,./batch_thefinger/fitted/the-finger_6278.npy
the-finger,the-finger_6282,train,./dataset/skeleton_final_v2/the-finger/the-finger_6282.npy,./batch_thefinger/fitted/the-finger_6282.npy
the-finger,the-finger_6285,train,./dataset/skeleton_final_v2/the-finger/the-finger_6285.npy,./batch_thefinger/fitted/the-finger_6285.npy
the-finger,the-finger_6286,train,./dataset/skeleton_final_v2/the-finger/the-finger_6286.npy,./batch_thefinger/fitted/the-finger_6286.npy
the-finger,the-finger_6288,train,./dataset/skeleton_final_v2/the-finger/the-finger_6288.npy,./batch_thefinger/fitted/the-finger_6288.npy
the-finger,the-finger_6289,train,./dataset/skeleton_final_v2/the-finger/the-finger_6289.npy,./batch_thefinger/fitted/the-finger_6289.npy
the-finger,the-finger_6290,train,./dataset/skeleton_final_v2/the-finger/the-finger_6290.npy,./batch_thefinger/fitted/the-finger_6290.npy
the-finger,the-finger_6291,train,./dataset/skeleton_final_v2/the-finger/the-finger_6291.npy,./batch_thefinger/fitted/the-finger_6291.npy
the-finger,the-finger_6292,train,./dataset/skeleton_final_v2/the-finger/the-finger_6292.npy,./batch_thefinger/fitted/the-finger_6292.npy
the-finger,the-finger_6293,train,./dataset/skeleton_final_v2/the-finger/the-finger_6293.npy,./batch_thefinger/fitted/the-finger_6293.npy
the-finger,the-finger_6295,train,./dataset/skeleton_final_v2/the-finger/the-finger_6295.npy,./batch_thefinger/fitted/the-finger_6295.npy
the-finger,the-finger_6296,train,./dataset/skeleton_final_v2/the-finger/the-finger_6296.npy,./batch_thefinger/fitted/the-finger_6296.npy
the-finger,the-finger_6300,train,./dataset/skeleton_final_v2/the-finger/the-finger_6300.npy,./batch_thefinger/fitted/the-finger_6300.npy
the-finger,the-finger_635,train,./dataset/skeleton_final_v2/the-finger/the-finger_635.npy,./batch_thefinger/fitted/the-finger_635.npy
the-finger,the-finger_636,train,./dataset/skeleton_final_v2/the-finger/the-finger_636.npy,./batch_thefinger/fitted/the-finger_636.npy
the-finger,the-finger_639,train,./dataset/skeleton_final_v2/the-finger/the-finger_639.npy,./batch_thefinger/fitted/the-finger_639.npy
the-finger,the-finger_640,train,./dataset/skeleton_final_v2/the-finger/the-finger_640.npy,./batch_thefinger/fitted/the-finger_640.npy
the-finger,the-finger_6457,train,./dataset/skeleton_final_v2/the-finger/the-finger_6457.npy,./batch_thefinger/fitted/the-finger_6457.npy
the-finger,the-finger_6459,train,./dataset/skeleton_final_v2/the-finger/the-finger_6459.npy,./batch_thefinger/fitted/the-finger_6459.npy
the-finger,the-finger_6461,train,./dataset/skeleton_final_v2/the-finger/the-finger_6461.npy,./batch_thefinger/fitted/the-finger_6461.npy
the-finger,the-finger_6464,train,./dataset/skeleton_final_v2/the-finger/the-finger_6464.npy,./batch_thefinger/fitted/the-finger_6464.npy
the-finger,the-finger_6465,train,./dataset/skeleton_final_v2/the-finger/the-finger_6465.npy,./batch_thefinger/fitted/the-finger_6465.npy
the-finger,the-finger_6466,train,./dataset/skeleton_final_v2/the-finger/the-finger_6466.npy,./batch_thefinger/fitted/the-finger_6466.npy
the-finger,the-finger_6467,train,./dataset/skeleton_final_v2/the-finger/the-finger_6467.npy,./batch_thefinger/fitted/the-finger_6467.npy
the-finger,the-finger_6470,train,./dataset/skeleton_final_v2/the-finger/the-finger_6470.npy,./batch_thefinger/fitted/the-finger_6470.npy
the-finger,the-finger_6475,train,./dataset/skeleton_final_v2/the-finger/the-finger_6475.npy,./batch_thefinger/fitted/the-finger_6475.npy
the-finger,the-finger_6477,train,./dataset/skeleton_final_v2/the-finger/the-finger_6477.npy,./batch_thefinger/fitted/the-finger_6477.npy
the-finger,the-finger_6481,train,./dataset/skeleton_final_v2/the-finger/the-finger_6481.npy,./batch_thefinger/fitted/the-finger_6481.npy
the-finger,the-finger_654,train,./dataset/skeleton_final_v2/the-finger/the-finger_654.npy,./batch_thefinger/fitted/the-finger_654.npy
the-finger,the-finger_656,train,./dataset/skeleton_final_v2/the-finger/the-finger_656.npy,./batch_thefinger/fitted/the-finger_656.npy
the-finger,the-finger_6647,train,./dataset/skeleton_final_v2/the-finger/the-finger_6647.npy,./batch_thefinger/fitted/the-finger_6647.npy
the-finger,the-finger_6656,train,./dataset/skeleton_final_v2/the-finger/the-finger_6656.npy,./batch_thefinger/fitted/the-finger_6656.npy
the-finger,the-finger_6659,train,./dataset/skeleton_final_v2/the-finger/the-finger_6659.npy,./batch_thefinger/fitted/the-finger_6659.npy
the-finger,the-finger_6661,train,./dataset/skeleton_final_v2/the-finger/the-finger_6661.npy,./batch_thefinger/fitted/the-finger_6661.npy
the-finger,the-finger_6856,train,./dataset/skeleton_final_v2/the-finger/the-finger_6856.npy,./batch_thefinger/fitted/the-finger_6856.npy
the-finger,the-finger_6857,train,./dataset/skeleton_final_v2/the-finger/the-finger_6857.npy,./batch_thefinger/fitted/the-finger_6857.npy
the-finger,the-finger_6858,train,./dataset/skeleton_final_v2/the-finger/the-finger_6858.npy,./batch_thefinger/fitted/the-finger_6858.npy
the-finger,the-finger_6862,train,./dataset/skeleton_final_v2/the-finger/the-finger_6862.npy,./batch_thefinger/fitted/the-finger_6862.npy
the-finger,the-finger_6864,train,./dataset/skeleton_final_v2/the-finger/the-finger_6864.npy,./batch_thefinger/fitted/the-finger_6864.npy
the-finger,the-finger_6865,train,./dataset/skeleton_final_v2/the-finger/the-finger_6865.npy,./batch_thefinger/fitted/the-finger_6865.npy
the-finger,the-finger_6866,train,./dataset/skeleton_final_v2/the-finger/the-finger_6866.npy,./batch_thefinger/fitted/the-finger_6866.npy
the-finger,the-finger_6867,train,./dataset/skeleton_final_v2/the-finger/the-finger_6867.npy,./batch_thefinger/fitted/the-finger_6867.npy
the-finger,the-finger_6868,train,./dataset/skeleton_final_v2/the-finger/the-finger_6868.npy,./batch_thefinger/fitted/the-finger_6868.npy
the-finger,the-finger_6869,train,./dataset/skeleton_final_v2/the-finger/the-finger_6869.npy,./batch_thefinger/fitted/the-finger_6869.npy
the-finger,the-finger_6870,train,./dataset/skeleton_final_v2/the-finger/the-finger_6870.npy,./batch_thefinger/fitted/the-finger_6870.npy
the-finger,the-finger_6876,train,./dataset/skeleton_final_v2/the-finger/the-finger_6876.npy,./batch_thefinger/fitted/the-finger_6876.npy
the-finger,the-finger_7072,train,./dataset/skeleton_final_v2/the-finger/the-finger_7072.npy,./batch_thefinger/fitted/the-finger_7072.npy
the-finger,the-finger_7076,train,./dataset/skeleton_final_v2/the-finger/the-finger_7076.npy,./batch_thefinger/fitted/the-finger_7076.npy
the-finger,the-finger_7080,train,./dataset/skeleton_final_v2/the-finger/the-finger_7080.npy,./batch_thefinger/fitted/the-finger_7080.npy
the-finger,the-finger_7083,train,./dataset/skeleton_final_v2/the-finger/the-finger_7083.npy,./batch_thefinger/fitted/the-finger_7083.npy
the-finger,the-finger_7084,train,./dataset/skeleton_final_v2/the-finger/the-finger_7084.npy,./batch_thefinger/fitted/the-finger_7084.npy
the-finger,the-finger_7085,train,./dataset/skeleton_final_v2/the-finger/the-finger_7085.npy,./batch_thefinger/fitted/the-finger_7085.npy
the-finger,the-finger_7086,train,./dataset/skeleton_final_v2/the-finger/the-finger_7086.npy,./batch_thefinger/fitted/the-finger_7086.npy
the-finger,the-finger_7088,train,./dataset/skeleton_final_v2/the-finger/the-finger_7088.npy,./batch_thefinger/fitted/the-finger_7088.npy
the-finger,the-finger_7090,train,./dataset/skeleton_final_v2/the-finger/the-finger_7090.npy,./batch_thefinger/fitted/the-finger_7090.npy
the-finger,the-finger_7092,train,./dataset/skeleton_final_v2/the-finger/the-finger_7092.npy,./batch_thefinger/fitted/the-finger_7092.npy
the-finger,the-finger_7094,train,./dataset/skeleton_final_v2/the-finger/the-finger_7094.npy,./batch_thefinger/fitted/the-finger_7094.npy
the-finger,the-finger_7096,train,./dataset/skeleton_final_v2/the-finger/the-finger_7096.npy,./batch_thefinger/fitted/the-finger_7096.npy
the-finger,the-finger_7098,train,./dataset/skeleton_final_v2/the-finger/the-finger_7098.npy,./batch_thefinger/fitted/the-finger_7098.npy
the-finger,the-finger_7099,train,./dataset/skeleton_final_v2/the-finger/the-finger_7099.npy,./batch_thefinger/fitted/the-finger_7099.npy
the-finger,the-finger_7101,train,./dataset/skeleton_final_v2/the-finger/the-finger_7101.npy,./batch_thefinger/fitted/the-finger_7101.npy
the-finger,the-finger_7256,train,./dataset/skeleton_final_v2/the-finger/the-finger_7256.npy,./batch_thefinger/fitted/the-finger_7256.npy
the-finger,the-finger_7259,train,./dataset/skeleton_final_v2/the-finger/the-finger_7259.npy,./batch_thefinger/fitted/the-finger_7259.npy
the-finger,the-finger_7260,train,./dataset/skeleton_final_v2/the-finger/the-finger_7260.npy,./batch_thefinger/fitted/the-finger_7260.npy
the-finger,the-finger_7262,train,./dataset/skeleton_final_v2/the-finger/the-finger_7262.npy,./batch_thefinger/fitted/the-finger_7262.npy
the-finger,the-finger_7268,train,./dataset/skeleton_final_v2/the-finger/the-finger_7268.npy,./batch_thefinger/fitted/the-finger_7268.npy
the-finger,the-finger_7275,train,./dataset/skeleton_final_v2/the-finger/the-finger_7275.npy,./batch_thefinger/fitted/the-finger_7275.npy
the-finger,the-finger_7279,train,./dataset/skeleton_final_v2/the-finger/the-finger_7279.npy,./batch_thefinger/fitted/the-finger_7279.npy
the-finger,the-finger_7476,train,./dataset/skeleton_final_v2/the-finger/the-finger_7476.npy,./batch_thefinger/fitted/the-finger_7476.npy
the-finger,the-finger_7477,train,./dataset/skeleton_final_v2/the-finger/the-finger_7477.npy,./batch_thefinger/fitted/the-finger_7477.npy
the-finger,the-finger_7478,train,./dataset/skeleton_final_v2/the-finger/the-finger_7478.npy,./batch_thefinger/fitted/the-finger_7478.npy
the-finger,the-finger_7479,train,./dataset/skeleton_final_v2/the-finger/the-finger_7479.npy,./batch_thefinger/fitted/the-finger_7479.npy
the-finger,the-finger_7480,train,./dataset/skeleton_final_v2/the-finger/the-finger_7480.npy,./batch_thefinger/fitted/the-finger_7480.npy
the-finger,the-finger_7482,train,./dataset/skeleton_final_v2/the-finger/the-finger_7482.npy,./batch_thefinger/fitted/the-finger_7482.npy
the-finger,the-finger_7484,train,./dataset/skeleton_final_v2/the-finger/the-finger_7484.npy,./batch_thefinger/fitted/the-finger_7484.npy
the-finger,the-finger_7485,train,./dataset/skeleton_final_v2/the-finger/the-finger_7485.npy,./batch_thefinger/fitted/the-finger_7485.npy
the-finger,the-finger_7488,train,./dataset/skeleton_final_v2/the-finger/the-finger_7488.npy,./batch_thefinger/fitted/the-finger_7488.npy
the-finger,the-finger_7489,train,./dataset/skeleton_final_v2/the-finger/the-finger_7489.npy,./batch_thefinger/fitted/the-finger_7489.npy
the-finger,the-finger_7490,train,./dataset/skeleton_final_v2/the-finger/the-finger_7490.npy,./batch_thefinger/fitted/the-finger_7490.npy
the-finger,the-finger_7496,train,./dataset/skeleton_final_v2/the-finger/the-finger_7496.npy,./batch_thefinger/fitted/the-finger_7496.npy
the-finger,the-finger_7498,train,./dataset/skeleton_final_v2/the-finger/the-finger_7498.npy,./batch_thefinger/fitted/the-finger_7498.npy
the-finger,the-finger_7812,train,./dataset/skeleton_final_v2/the-finger/the-finger_7812.npy,./batch_thefinger/fitted/the-finger_7812.npy
the-finger,the-finger_7814,train,./dataset/skeleton_final_v2/the-finger/the-finger_7814.npy,./batch_thefinger/fitted/the-finger_7814.npy
the-finger,the-finger_7822,train,./dataset/skeleton_final_v2/the-finger/the-finger_7822.npy,./batch_thefinger/fitted/the-finger_7822.npy
the-finger,the-finger_7824,train,./dataset/skeleton_final_v2/the-finger/the-finger_7824.npy,./batch_thefinger/fitted/the-finger_7824.npy
the-finger,the-finger_7826,train,./dataset/skeleton_final_v2/the-finger/the-finger_7826.npy,./batch_thefinger/fitted/the-finger_7826.npy
the-finger,the-finger_7828,train,./dataset/skeleton_final_v2/the-finger/the-finger_7828.npy,./batch_thefinger/fitted/the-finger_7828.npy
the-finger,the-finger_7830,train,./dataset/skeleton_final_v2/the-finger/the-finger_7830.npy,./batch_thefinger/fitted/the-finger_7830.npy
the-finger,the-finger_7832,train,./dataset/skeleton_final_v2/the-finger/the-finger_7832.npy,./batch_thefinger/fitted/the-finger_7832.npy
the-finger,the-finger_7834,train,./dataset/skeleton_final_v2/the-finger/the-finger_7834.npy,./batch_thefinger/fitted/the-finger_7834.npy
the-finger,the-finger_7836,train,./dataset/skeleton_final_v2/the-finger/the-finger_7836.npy,./batch_thefinger/fitted/the-finger_7836.npy
the-finger,the-finger_7840,train,./dataset/skeleton_final_v2/the-finger/the-finger_7840.npy,./batch_thefinger/fitted/the-finger_7840.npy
the-finger,the-finger_7850,train,./dataset/skeleton_final_v2/the-finger/the-finger_7850.npy,./batch_thefinger/fitted/the-finger_7850.npy
the-finger,the-finger_7852,train,./dataset/skeleton_final_v2/the-finger/the-finger_7852.npy,./batch_thefinger/fitted/the-finger_7852.npy
the-finger,the-finger_8272,train,./dataset/skeleton_final_v2/the-finger/the-finger_8272.npy,./batch_thefinger/fitted/the-finger_8272.npy
the-finger,the-finger_8274,train,./dataset/skeleton_final_v2/the-finger/the-finger_8274.npy,./batch_thefinger/fitted/the-finger_8274.npy
the-finger,the-finger_8276,train,./dataset/skeleton_final_v2/the-finger/the-finger_8276.npy,./batch_thefinger/fitted/the-finger_8276.npy
the-finger,the-finger_8278,train,./dataset/skeleton_final_v2/the-finger/the-finger_8278.npy,./batch_thefinger/fitted/the-finger_8278.npy
the-finger,the-finger_8284,train,./dataset/skeleton_final_v2/the-finger/the-finger_8284.npy,./batch_thefinger/fitted/the-finger_8284.npy
the-finger,the-finger_8288,train,./dataset/skeleton_final_v2/the-finger/the-finger_8288.npy,./batch_thefinger/fitted/the-finger_8288.npy
the-finger,the-finger_8294,train,./dataset/skeleton_final_v2/the-finger/the-finger_8294.npy,./batch_thefinger/fitted/the-finger_8294.npy
the-finger,the-finger_8298,train,./dataset/skeleton_final_v2/the-finger/the-finger_8298.npy,./batch_thefinger/fitted/the-finger_8298.npy
the-finger,the-finger_8300,train,./dataset/skeleton_final_v2/the-finger/the-finger_8300.npy,./batch_thefinger/fitted/the-finger_8300.npy
the-finger,the-finger_8304,train,./dataset/skeleton_final_v2/the-finger/the-finger_8304.npy,./batch_thefinger/fitted/the-finger_8304.npy
the-finger,the-finger_8346,train,./dataset/skeleton_final_v2/the-finger/the-finger_8346.npy,./batch_thefinger/fitted/the-finger_8346.npy
the-finger,the-finger_8348,train,./dataset/skeleton_final_v2/the-finger/the-finger_8348.npy,./batch_thefinger/fitted/the-finger_8348.npy
the-finger,the-finger_8350,train,./dataset/skeleton_final_v2/the-finger/the-finger_8350.npy,./batch_thefinger/fitted/the-finger_8350.npy
the-finger,the-finger_8352,train,./dataset/skeleton_final_v2/the-finger/the-finger_8352.npy,./batch_thefinger/fitted/the-finger_8352.npy
the-finger,the-finger_8630,train,./dataset/skeleton_final_v2/the-finger/the-finger_8630.npy,./batch_thefinger/fitted/the-finger_8630.npy
the-finger,the-finger_8652,train,./dataset/skeleton_final_v2/the-finger/the-finger_8652.npy,./batch_thefinger/fitted/the-finger_8652.npy
the-finger,the-finger_8654,train,./dataset/skeleton_final_v2/the-finger/the-finger_8654.npy,./batch_thefinger/fitted/the-finger_8654.npy
the-finger,the-finger_8656,train,./dataset/skeleton_final_v2/the-finger/the-finger_8656.npy,./batch_thefinger/fitted/the-finger_8656.npy
the-finger,the-finger_8662,train,./dataset/skeleton_final_v2/the-finger/the-finger_8662.npy,./batch_thefinger/fitted/the-finger_8662.npy
the-finger,the-finger_873,train,./dataset/skeleton_final_v2/the-finger/the-finger_873.npy,./batch_thefinger/fitted/the-finger_873.npy
the-finger,the-finger_881,train,./dataset/skeleton_final_v2/the-finger/the-finger_881.npy,./batch_thefinger/fitted/the-finger_881.npy
the-finger,the-finger_883,train,./dataset/skeleton_final_v2/the-finger/the-finger_883.npy,./batch_thefinger/fitted/the-finger_883.npy
the-finger,the-finger_886,train,./dataset/skeleton_final_v2/the-finger/the-finger_886.npy,./batch_thefinger/fitted/the-finger_886.npy
the-finger,the-finger_895,train,./dataset/skeleton_final_v2/the-finger/the-finger_895.npy,./batch_thefinger/fitted/the-finger_895.npy
the-finger,the-finger_9024,train,./dataset/skeleton_final_v2/the-finger/the-finger_9024.npy,./batch_thefinger/fitted/the-finger_9024.npy
the-finger,the-finger_9050,train,./dataset/skeleton_final_v2/the-finger/the-finger_9050.npy,./batch_thefinger/fitted/the-finger_9050.npy
the-finger,the-finger_9052,train,./dataset/skeleton_final_v2/the-finger/the-finger_9052.npy,./batch_thefinger/fitted/the-finger_9052.npy
the-finger,the-finger_9054,train,./dataset/skeleton_final_v2/the-finger/the-finger_9054.npy,./batch_thefinger/fitted/the-finger_9054.npy
the-finger,the-finger_9062,train,./dataset/skeleton_final_v2/the-finger/the-finger_9062.npy,./batch_thefinger/fitted/the-finger_9062.npy
the-finger,the-finger_9066,train,./dataset/skeleton_final_v2/the-finger/the-finger_9066.npy,./batch_thefinger/fitted/the-finger_9066.npy
the-finger,the-finger_9068,train,./dataset/skeleton_final_v2/the-finger/the-finger_9068.npy,./batch_thefinger/fitted/the-finger_9068.npy
the-finger,the-finger_9070,train,./dataset/skeleton_final_v2/the-finger/the-finger_9070.npy,./batch_thefinger/fitted/the-finger_9070.npy
the-finger,the-finger_9072,train,./dataset/skeleton_final_v2/the-finger/the-finger_9072.npy,./batch_thefinger/fitted/the-finger_9072.npy
the-finger,the-finger_9426,train,./dataset/skeleton_final_v2/the-finger/the-finger_9426.npy,./batch_thefinger/fitted/the-finger_9426.npy
the-finger,the-finger_9432,train,./dataset/skeleton_final_v2/the-finger/the-finger_9432.npy,./batch_thefinger/fitted/the-finger_9432.npy
the-finger,the-finger_9438,train,./dataset/skeleton_final_v2/the-finger/the-finger_9438.npy,./batch_thefinger/fitted/the-finger_9438.npy
the-finger,the-finger_9440,train,./dataset/skeleton_final_v2/the-finger/the-finger_9440.npy,./batch_thefinger/fitted/the-finger_9440.npy
the-finger,the-finger_9446,train,./dataset/skeleton_final_v2/the-finger/the-finger_9446.npy,./batch_thefinger/fitted/the-finger_9446.npy
the-finger,the-finger_9456,train,./dataset/skeleton_final_v2/the-finger/the-finger_9456.npy,./batch_thefinger/fitted/the-finger_9456.npy
the-finger,the-finger_9466,train,./dataset/skeleton_final_v2/the-finger/the-finger_9466.npy,./batch_thefinger/fitted/the-finger_9466.npy
ok,ok (101),val,./dataset/skeleton_final_v2/ok/ok (101).npy,./batch_ok/fitted/ok (101).npy
ok,ok (116),val,./dataset/skeleton_final_v2/ok/ok (116).npy,./batch_ok/fitted/ok (116).npy
ok,ok (121),val,./dataset/skeleton_final_v2/ok/ok (121).npy,./batch_ok/fitted/ok (121).npy
ok,ok (129),val,./dataset/skeleton_final_v2/ok/ok (129).npy,./batch_ok/fitted/ok (129).npy
ok,ok (133),val,./dataset/skeleton_final_v2/ok/ok (133).npy,./batch_ok/fitted/ok (133).npy
ok,ok (137),val,./dataset/skeleton_final_v2/ok/ok (137).npy,./batch_ok/fitted/ok (137).npy
ok,ok (140),val,./dataset/skeleton_final_v2/ok/ok (140).npy,./batch_ok/fitted/ok (140).npy
ok,ok (155),val,./dataset/skeleton_final_v2/ok/ok (155).npy,./batch_ok/fitted/ok (155).npy
ok,ok (174),val,./dataset/skeleton_final_v2/ok/ok (174).npy,./batch_ok/fitted/ok (174).npy
ok,ok (18),val,./dataset/skeleton_final_v2/ok/ok (18).npy,./batch_ok/fitted/ok (18).npy
ok,ok (208),val,./dataset/skeleton_final_v2/ok/ok (208).npy,./batch_ok/fitted/ok (208).npy
ok,ok (214),val,./dataset/skeleton_final_v2/ok/ok (214).npy,./batch_ok/fitted/ok (214).npy
ok,ok (262),val,./dataset/skeleton_final_v2/ok/ok (262).npy,./batch_ok/fitted/ok (262).npy
ok,ok (54),val,./dataset/skeleton_final_v2/ok/ok (54).npy,./batch_ok/fitted/ok (54).npy
ok,ok (55),val,./dataset/skeleton_final_v2/ok/ok (55).npy,./batch_ok/fitted/ok (55).npy
ok,ok (59),val,./dataset/skeleton_final_v2/ok/ok (59).npy,./batch_ok/fitted/ok (59).npy
ok,ok (6),val,./dataset/skeleton_final_v2/ok/ok (6).npy,./batch_ok/fitted/ok (6).npy
ok,ok (61),val,./dataset/skeleton_final_v2/ok/ok (61).npy,./batch_ok/fitted/ok (61).npy
ok,ok (75),val,./dataset/skeleton_final_v2/ok/ok (75).npy,./batch_ok/fitted/ok (75).npy
ok,ok (8),val,./dataset/skeleton_final_v2/ok/ok (8).npy,./batch_ok/fitted/ok (8).npy
ok,ok (85),val,./dataset/skeleton_final_v2/ok/ok (85).npy,./batch_ok/fitted/ok (85).npy
ok,ok_1167,val,./dataset/skeleton_final_v2/ok/ok_1167.npy,./batch_ok/fitted/ok_1167.npy
ok,ok_1185,val,./dataset/skeleton_final_v2/ok/ok_1185.npy,./batch_ok/fitted/ok_1185.npy
ok,ok_1538,val,./dataset/skeleton_final_v2/ok/ok_1538.npy,./batch_ok/fitted/ok_1538.npy
ok,ok_1542,val,./dataset/skeleton_final_v2/ok/ok_1542.npy,./batch_ok/fitted/ok_1542.npy
ok,ok_1550,val,./dataset/skeleton_final_v2/ok/ok_1550.npy,./batch_ok/fitted/ok_1550.npy
ok,ok_1560,val,./dataset/skeleton_final_v2/ok/ok_1560.npy,./batch_ok/fitted/ok_1560.npy
ok,ok_1606,val,./dataset/skeleton_final_v2/ok/ok_1606.npy,./batch_ok/fitted/ok_1606.npy
ok,ok_1608,val,./dataset/skeleton_final_v2/ok/ok_1608.npy,./batch_ok/fitted/ok_1608.npy
ok,ok_1921,val,./dataset/skeleton_final_v2/ok/ok_1921.npy,./batch_ok/fitted/ok_1921.npy
ok,ok_1953,val,./dataset/skeleton_final_v2/ok/ok_1953.npy,./batch_ok/fitted/ok_1953.npy
ok,ok_1987,val,./dataset/skeleton_final_v2/ok/ok_1987.npy,./batch_ok/fitted/ok_1987.npy
ok,ok_1989,val,./dataset/skeleton_final_v2/ok/ok_1989.npy,./batch_ok/fitted/ok_1989.npy
ok,ok_2007,val,./dataset/skeleton_final_v2/ok/ok_2007.npy,./batch_ok/fitted/ok_2007.npy
ok,ok_2013,val,./dataset/skeleton_final_v2/ok/ok_2013.npy,./batch_ok/fitted/ok_2013.npy
ok,ok_2509,val,./dataset/skeleton_final_v2/ok/ok_2509.npy,./batch_ok/fitted/ok_2509.npy
ok,ok_2674,val,./dataset/skeleton_final_v2/ok/ok_2674.npy,./batch_ok/fitted/ok_2674.npy
ok,ok_2701,val,./dataset/skeleton_final_v2/ok/ok_2701.npy,./batch_ok/fitted/ok_2701.npy
ok,ok_2716,val,./dataset/skeleton_final_v2/ok/ok_2716.npy,./batch_ok/fitted/ok_2716.npy
ok,ok_2796,val,./dataset/skeleton_final_v2/ok/ok_2796.npy,./batch_ok/fitted/ok_2796.npy
ok,ok_2845,val,./dataset/skeleton_final_v2/ok/ok_2845.npy,./batch_ok/fitted/ok_2845.npy
ok,ok_2855,val,./dataset/skeleton_final_v2/ok/ok_2855.npy,./batch_ok/fitted/ok_2855.npy
ok,ok_2869,val,./dataset/skeleton_final_v2/ok/ok_2869.npy,./batch_ok/fitted/ok_2869.npy
ok,ok_2884,val,./dataset/skeleton_final_v2/ok/ok_2884.npy,./batch_ok/fitted/ok_2884.npy
ok,ok_2908,val,./dataset/skeleton_final_v2/ok/ok_2908.npy,./batch_ok/fitted/ok_2908.npy
ok,ok_2943,val,./dataset/skeleton_final_v2/ok/ok_2943.npy,./batch_ok/fitted/ok_2943.npy
ok,ok_2949,val,./dataset/skeleton_final_v2/ok/ok_2949.npy,./batch_ok/fitted/ok_2949.npy
ok,ok_2963,val,./dataset/skeleton_final_v2/ok/ok_2963.npy,./batch_ok/fitted/ok_2963.npy
ok,ok_3973,val,./dataset/skeleton_final_v2/ok/ok_3973.npy,./batch_ok/fitted/ok_3973.npy
ok,ok_3976,val,./dataset/skeleton_final_v2/ok/ok_3976.npy,./batch_ok/fitted/ok_3976.npy
ok,ok_4056,val,./dataset/skeleton_final_v2/ok/ok_4056.npy,./batch_ok/fitted/ok_4056.npy
ok,ok_4981,val,./dataset/skeleton_final_v2/ok/ok_4981.npy,./batch_ok/fitted/ok_4981.npy
ok,ok_5001,val,./dataset/skeleton_final_v2/ok/ok_5001.npy,./batch_ok/fitted/ok_5001.npy
ok,ok_5263,val,./dataset/skeleton_final_v2/ok/ok_5263.npy,./batch_ok/fitted/ok_5263.npy
ok,ok_5277,val,./dataset/skeleton_final_v2/ok/ok_5277.npy,./batch_ok/fitted/ok_5277.npy
ok,ok_5554,val,./dataset/skeleton_final_v2/ok/ok_5554.npy,./batch_ok/fitted/ok_5554.npy
ok,ok_5562,val,./dataset/skeleton_final_v2/ok/ok_5562.npy,./batch_ok/fitted/ok_5562.npy
ok,ok_5764,val,./dataset/skeleton_final_v2/ok/ok_5764.npy,./batch_ok/fitted/ok_5764.npy
ok,ok_5773,val,./dataset/skeleton_final_v2/ok/ok_5773.npy,./batch_ok/fitted/ok_5773.npy
ok,ok_5774,val,./dataset/skeleton_final_v2/ok/ok_5774.npy,./batch_ok/fitted/ok_5774.npy
ok,ok_5963,val,./dataset/skeleton_final_v2/ok/ok_5963.npy,./batch_ok/fitted/ok_5963.npy
ok,ok_6182,val,./dataset/skeleton_final_v2/ok/ok_6182.npy,./batch_ok/fitted/ok_6182.npy
ok,ok_6185,val,./dataset/skeleton_final_v2/ok/ok_6185.npy,./batch_ok/fitted/ok_6185.npy
ok,ok_6189,val,./dataset/skeleton_final_v2/ok/ok_6189.npy,./batch_ok/fitted/ok_6189.npy
ok,ok_6385,val,./dataset/skeleton_final_v2/ok/ok_6385.npy,./batch_ok/fitted/ok_6385.npy
ok,ok_6570,val,./dataset/skeleton_final_v2/ok/ok_6570.npy,./batch_ok/fitted/ok_6570.npy
ok,ok_6751,val,./dataset/skeleton_final_v2/ok/ok_6751.npy,./batch_ok/fitted/ok_6751.npy
ok,ok_6974,val,./dataset/skeleton_final_v2/ok/ok_6974.npy,./batch_ok/fitted/ok_6974.npy
ok,ok_6984,val,./dataset/skeleton_final_v2/ok/ok_6984.npy,./batch_ok/fitted/ok_6984.npy
ok,ok_6989,val,./dataset/skeleton_final_v2/ok/ok_6989.npy,./batch_ok/fitted/ok_6989.npy
ok,ok_6998,val,./dataset/skeleton_final_v2/ok/ok_6998.npy,./batch_ok/fitted/ok_6998.npy
ok,ok_77,val,./dataset/skeleton_final_v2/ok/ok_77.npy,./batch_ok/fitted/ok_77.npy
ok,ok_787,val,./dataset/skeleton_final_v2/ok/ok_787.npy,./batch_ok/fitted/ok_787.npy
ok,ok_794,val,./dataset/skeleton_final_v2/ok/ok_794.npy,./batch_ok/fitted/ok_794.npy
ok,ok_795,val,./dataset/skeleton_final_v2/ok/ok_795.npy,./batch_ok/fitted/ok_795.npy
ok,ok_804,val,./dataset/skeleton_final_v2/ok/ok_804.npy,./batch_ok/fitted/ok_804.npy
ok,ok_8042,val,./dataset/skeleton_final_v2/ok/ok_8042.npy,./batch_ok/fitted/ok_8042.npy
ok,ok_87,val,./dataset/skeleton_final_v2/ok/ok_87.npy,./batch_ok/fitted/ok_87.npy
ok,ok_8840,val,./dataset/skeleton_final_v2/ok/ok_8840.npy,./batch_ok/fitted/ok_8840.npy
ok,ok_91,val,./dataset/skeleton_final_v2/ok/ok_91.npy,./batch_ok/fitted/ok_91.npy
ok,ok_9244,val,./dataset/skeleton_final_v2/ok/ok_9244.npy,./batch_ok/fitted/ok_9244.npy
ok,ok_Set2_ (10),val,./dataset/skeleton_final_v2/ok/ok_Set2_ (10).npy,./batch_ok/fitted/ok_Set2_ (10).npy
ok,ok_Set2_ (125),val,./dataset/skeleton_final_v2/ok/ok_Set2_ (125).npy,./batch_ok/fitted/ok_Set2_ (125).npy
ok,ok_Set2_ (131),val,./dataset/skeleton_final_v2/ok/ok_Set2_ (131).npy,./batch_ok/fitted/ok_Set2_ (131).npy
ok,ok_Set2_ (136),val,./dataset/skeleton_final_v2/ok/ok_Set2_ (136).npy,./batch_ok/fitted/ok_Set2_ (136).npy
ok,ok_Set2_ (154),val,./dataset/skeleton_final_v2/ok/ok_Set2_ (154).npy,./batch_ok/fitted/ok_Set2_ (154).npy
ok,ok_Set2_ (157),val,./dataset/skeleton_final_v2/ok/ok_Set2_ (157).npy,./batch_ok/fitted/ok_Set2_ (157).npy
ok,ok_Set2_ (159),val,./dataset/skeleton_final_v2/ok/ok_Set2_ (159).npy,./batch_ok/fitted/ok_Set2_ (159).npy
ok,ok_Set2_ (185),val,./dataset/skeleton_final_v2/ok/ok_Set2_ (185).npy,./batch_ok/fitted/ok_Set2_ (185).npy
ok,ok_Set2_ (196),val,./dataset/skeleton_final_v2/ok/ok_Set2_ (196).npy,./batch_ok/fitted/ok_Set2_ (196).npy
ok,ok_Set2_ (21),val,./dataset/skeleton_final_v2/ok/ok_Set2_ (21).npy,./batch_ok/fitted/ok_Set2_ (21).npy
ok,ok_Set2_ (210),val,./dataset/skeleton_final_v2/ok/ok_Set2_ (210).npy,./batch_ok/fitted/ok_Set2_ (210).npy
ok,ok_Set2_ (214),val,./dataset/skeleton_final_v2/ok/ok_Set2_ (214).npy,./batch_ok/fitted/ok_Set2_ (214).npy
ok,ok_Set2_ (22),val,./dataset/skeleton_final_v2/ok/ok_Set2_ (22).npy,./batch_ok/fitted/ok_Set2_ (22).npy
ok,ok_Set2_ (221),val,./dataset/skeleton_final_v2/ok/ok_Set2_ (221).npy,./batch_ok/fitted/ok_Set2_ (221).npy
ok,ok_Set2_ (224),val,./dataset/skeleton_final_v2/ok/ok_Set2_ (224).npy,./batch_ok/fitted/ok_Set2_ (224).npy
ok,ok_Set2_ (228),val,./dataset/skeleton_final_v2/ok/ok_Set2_ (228).npy,./batch_ok/fitted/ok_Set2_ (228).npy
ok,ok_Set2_ (229),val,./dataset/skeleton_final_v2/ok/ok_Set2_ (229).npy,./batch_ok/fitted/ok_Set2_ (229).npy
ok,ok_Set2_ (235),val,./dataset/skeleton_final_v2/ok/ok_Set2_ (235).npy,./batch_ok/fitted/ok_Set2_ (235).npy
ok,ok_Set2_ (255),val,./dataset/skeleton_final_v2/ok/ok_Set2_ (255).npy,./batch_ok/fitted/ok_Set2_ (255).npy
ok,ok_Set2_ (260),val,./dataset/skeleton_final_v2/ok/ok_Set2_ (260).npy,./batch_ok/fitted/ok_Set2_ (260).npy
ok,ok_Set2_ (272),val,./dataset/skeleton_final_v2/ok/ok_Set2_ (272).npy,./batch_ok/fitted/ok_Set2_ (272).npy
ok,ok_Set2_ (275),val,./dataset/skeleton_final_v2/ok/ok_Set2_ (275).npy,./batch_ok/fitted/ok_Set2_ (275).npy
ok,ok_Set2_ (286),val,./dataset/skeleton_final_v2/ok/ok_Set2_ (286).npy,./batch_ok/fitted/ok_Set2_ (286).npy
ok,ok_Set2_ (289),val,./dataset/skeleton_final_v2/ok/ok_Set2_ (289).npy,./batch_ok/fitted/ok_Set2_ (289).npy
ok,ok_Set2_ (301),val,./dataset/skeleton_final_v2/ok/ok_Set2_ (301).npy,./batch_ok/fitted/ok_Set2_ (301).npy
ok,ok_Set2_ (304),val,./dataset/skeleton_final_v2/ok/ok_Set2_ (304).npy,./batch_ok/fitted/ok_Set2_ (304).npy
ok,ok_Set2_ (307),val,./dataset/skeleton_final_v2/ok/ok_Set2_ (307).npy,./batch_ok/fitted/ok_Set2_ (307).npy
ok,ok_Set2_ (308),val,./dataset/skeleton_final_v2/ok/ok_Set2_ (308).npy,./batch_ok/fitted/ok_Set2_ (308).npy
ok,ok_Set2_ (32),val,./dataset/skeleton_final_v2/ok/ok_Set2_ (32).npy,./batch_ok/fitted/ok_Set2_ (32).npy
ok,ok_Set2_ (327),val,./dataset/skeleton_final_v2/ok/ok_Set2_ (327).npy,./batch_ok/fitted/ok_Set2_ (327).npy
ok,ok_Set2_ (338),val,./dataset/skeleton_final_v2/ok/ok_Set2_ (338).npy,./batch_ok/fitted/ok_Set2_ (338).npy
ok,ok_Set2_ (339),val,./dataset/skeleton_final_v2/ok/ok_Set2_ (339).npy,./batch_ok/fitted/ok_Set2_ (339).npy
ok,ok_Set2_ (340),val,./dataset/skeleton_final_v2/ok/ok_Set2_ (340).npy,./batch_ok/fitted/ok_Set2_ (340).npy
ok,ok_Set2_ (345),val,./dataset/skeleton_final_v2/ok/ok_Set2_ (345).npy,./batch_ok/fitted/ok_Set2_ (345).npy
ok,ok_Set2_ (348),val,./dataset/skeleton_final_v2/ok/ok_Set2_ (348).npy,./batch_ok/fitted/ok_Set2_ (348).npy
ok,ok_Set2_ (355),val,./dataset/skeleton_final_v2/ok/ok_Set2_ (355).npy,./batch_ok/fitted/ok_Set2_ (355).npy
ok,ok_Set2_ (369),val,./dataset/skeleton_final_v2/ok/ok_Set2_ (369).npy,./batch_ok/fitted/ok_Set2_ (369).npy
ok,ok_Set2_ (371),val,./dataset/skeleton_final_v2/ok/ok_Set2_ (371).npy,./batch_ok/fitted/ok_Set2_ (371).npy
ok,ok_Set2_ (377),val,./dataset/skeleton_final_v2/ok/ok_Set2_ (377).npy,./batch_ok/fitted/ok_Set2_ (377).npy
ok,ok_Set2_ (381),val,./dataset/skeleton_final_v2/ok/ok_Set2_ (381).npy,./batch_ok/fitted/ok_Set2_ (381).npy
ok,ok_Set2_ (389),val,./dataset/skeleton_final_v2/ok/ok_Set2_ (389).npy,./batch_ok/fitted/ok_Set2_ (389).npy
ok,ok_Set2_ (396),val,./dataset/skeleton_final_v2/ok/ok_Set2_ (396).npy,./batch_ok/fitted/ok_Set2_ (396).npy
ok,ok_Set2_ (399),val,./dataset/skeleton_final_v2/ok/ok_Set2_ (399).npy,./batch_ok/fitted/ok_Set2_ (399).npy
ok,ok_Set2_ (4),val,./dataset/skeleton_final_v2/ok/ok_Set2_ (4).npy,./batch_ok/fitted/ok_Set2_ (4).npy
ok,ok_Set2_ (403),val,./dataset/skeleton_final_v2/ok/ok_Set2_ (403).npy,./batch_ok/fitted/ok_Set2_ (403).npy
ok,ok_Set2_ (408),val,./dataset/skeleton_final_v2/ok/ok_Set2_ (408).npy,./batch_ok/fitted/ok_Set2_ (408).npy
ok,ok_Set2_ (409),val,./dataset/skeleton_final_v2/ok/ok_Set2_ (409).npy,./batch_ok/fitted/ok_Set2_ (409).npy
ok,ok_Set2_ (410),val,./dataset/skeleton_final_v2/ok/ok_Set2_ (410).npy,./batch_ok/fitted/ok_Set2_ (410).npy
ok,ok_Set2_ (417),val,./dataset/skeleton_final_v2/ok/ok_Set2_ (417).npy,./batch_ok/fitted/ok_Set2_ (417).npy
ok,ok_Set2_ (42),val,./dataset/skeleton_final_v2/ok/ok_Set2_ (42).npy,./batch_ok/fitted/ok_Set2_ (42).npy
ok,ok_Set2_ (425),val,./dataset/skeleton_final_v2/ok/ok_Set2_ (425).npy,./batch_ok/fitted/ok_Set2_ (425).npy
ok,ok_Set2_ (429),val,./dataset/skeleton_final_v2/ok/ok_Set2_ (429).npy,./batch_ok/fitted/ok_Set2_ (429).npy
ok,ok_Set2_ (432),val,./dataset/skeleton_final_v2/ok/ok_Set2_ (432).npy,./batch_ok/fitted/ok_Set2_ (432).npy
ok,ok_Set2_ (439),val,./dataset/skeleton_final_v2/ok/ok_Set2_ (439).npy,./batch_ok/fitted/ok_Set2_ (439).npy
ok,ok_Set2_ (451),val,./dataset/skeleton_final_v2/ok/ok_Set2_ (451).npy,./batch_ok/fitted/ok_Set2_ (451).npy
ok,ok_Set2_ (455),val,./dataset/skeleton_final_v2/ok/ok_Set2_ (455).npy,./batch_ok/fitted/ok_Set2_ (455).npy
ok,ok_Set2_ (462),val,./dataset/skeleton_final_v2/ok/ok_Set2_ (462).npy,./batch_ok/fitted/ok_Set2_ (462).npy
ok,ok_Set2_ (483),val,./dataset/skeleton_final_v2/ok/ok_Set2_ (483).npy,./batch_ok/fitted/ok_Set2_ (483).npy
ok,ok_Set2_ (490),val,./dataset/skeleton_final_v2/ok/ok_Set2_ (490).npy,./batch_ok/fitted/ok_Set2_ (490).npy
ok,ok_Set2_ (491),val,./dataset/skeleton_final_v2/ok/ok_Set2_ (491).npy,./batch_ok/fitted/ok_Set2_ (491).npy
ok,ok_Set2_ (495),val,./dataset/skeleton_final_v2/ok/ok_Set2_ (495).npy,./batch_ok/fitted/ok_Set2_ (495).npy
ok,ok_Set2_ (496),val,./dataset/skeleton_final_v2/ok/ok_Set2_ (496).npy,./batch_ok/fitted/ok_Set2_ (496).npy
ok,ok_Set2_ (5),val,./dataset/skeleton_final_v2/ok/ok_Set2_ (5).npy,./batch_ok/fitted/ok_Set2_ (5).npy
ok,ok_Set2_ (503),val,./dataset/skeleton_final_v2/ok/ok_Set2_ (503).npy,./batch_ok/fitted/ok_Set2_ (503).npy
ok,ok_Set2_ (504),val,./dataset/skeleton_final_v2/ok/ok_Set2_ (504).npy,./batch_ok/fitted/ok_Set2_ (504).npy
ok,ok_Set2_ (506),val,./dataset/skeleton_final_v2/ok/ok_Set2_ (506).npy,./batch_ok/fitted/ok_Set2_ (506).npy
ok,ok_Set2_ (510),val,./dataset/skeleton_final_v2/ok/ok_Set2_ (510).npy,./batch_ok/fitted/ok_Set2_ (510).npy
ok,ok_Set2_ (523),val,./dataset/skeleton_final_v2/ok/ok_Set2_ (523).npy,./batch_ok/fitted/ok_Set2_ (523).npy
ok,ok_Set2_ (53),val,./dataset/skeleton_final_v2/ok/ok_Set2_ (53).npy,./batch_ok/fitted/ok_Set2_ (53).npy
ok,ok_Set2_ (54),val,./dataset/skeleton_final_v2/ok/ok_Set2_ (54).npy,./batch_ok/fitted/ok_Set2_ (54).npy
ok,ok_Set2_ (541),val,./dataset/skeleton_final_v2/ok/ok_Set2_ (541).npy,./batch_ok/fitted/ok_Set2_ (541).npy
ok,ok_Set2_ (543),val,./dataset/skeleton_final_v2/ok/ok_Set2_ (543).npy,./batch_ok/fitted/ok_Set2_ (543).npy
ok,ok_Set2_ (548),val,./dataset/skeleton_final_v2/ok/ok_Set2_ (548).npy,./batch_ok/fitted/ok_Set2_ (548).npy
ok,ok_Set2_ (553),val,./dataset/skeleton_final_v2/ok/ok_Set2_ (553).npy,./batch_ok/fitted/ok_Set2_ (553).npy
ok,ok_Set2_ (559),val,./dataset/skeleton_final_v2/ok/ok_Set2_ (559).npy,./batch_ok/fitted/ok_Set2_ (559).npy
ok,ok_Set2_ (564),val,./dataset/skeleton_final_v2/ok/ok_Set2_ (564).npy,./batch_ok/fitted/ok_Set2_ (564).npy
ok,ok_Set2_ (571),val,./dataset/skeleton_final_v2/ok/ok_Set2_ (571).npy,./batch_ok/fitted/ok_Set2_ (571).npy
ok,ok_Set2_ (586),val,./dataset/skeleton_final_v2/ok/ok_Set2_ (586).npy,./batch_ok/fitted/ok_Set2_ (586).npy
ok,ok_Set2_ (72),val,./dataset/skeleton_final_v2/ok/ok_Set2_ (72).npy,./batch_ok/fitted/ok_Set2_ (72).npy
ok,ok_Set2_ (73),val,./dataset/skeleton_final_v2/ok/ok_Set2_ (73).npy,./batch_ok/fitted/ok_Set2_ (73).npy
ok,ok_Set2_ (74),val,./dataset/skeleton_final_v2/ok/ok_Set2_ (74).npy,./batch_ok/fitted/ok_Set2_ (74).npy
paper,paper (119),val,./dataset/skeleton_final_v2/paper/paper (119).npy,./batch_paper/fitted/paper (119).npy
paper,paper (130),val,./dataset/skeleton_final_v2/paper/paper (130).npy,./batch_paper/fitted/paper (130).npy
paper,paper (132),val,./dataset/skeleton_final_v2/paper/paper (132).npy,./batch_paper/fitted/paper (132).npy
paper,paper (136),val,./dataset/skeleton_final_v2/paper/paper (136).npy,./batch_paper/fitted/paper (136).npy
paper,paper (140),val,./dataset/skeleton_final_v2/paper/paper (140).npy,./batch_paper/fitted/paper (140).npy
paper,paper (16),val,./dataset/skeleton_final_v2/paper/paper (16).npy,./batch_paper/fitted/paper (16).npy
paper,paper (165),val,./dataset/skeleton_final_v2/paper/paper (165).npy,./batch_paper/fitted/paper (165).npy
paper,paper (174),val,./dataset/skeleton_final_v2/paper/paper (174).npy,./batch_paper/fitted/paper (174).npy
paper,paper (178),val,./dataset/skeleton_final_v2/paper/paper (178).npy,./batch_paper/fitted/paper (178).npy
paper,paper (180),val,./dataset/skeleton_final_v2/paper/paper (180).npy,./batch_paper/fitted/paper (180).npy
paper,paper (192),val,./dataset/skeleton_final_v2/paper/paper (192).npy,./batch_paper/fitted/paper (192).npy
paper,paper (202),val,./dataset/skeleton_final_v2/paper/paper (202).npy,./batch_paper/fitted/paper (202).npy
paper,paper (211),val,./dataset/skeleton_final_v2/paper/paper (211).npy,./batch_paper/fitted/paper (211).npy
paper,paper (213),val,./dataset/skeleton_final_v2/paper/paper (213).npy,./batch_paper/fitted/paper (213).npy
paper,paper (224),val,./dataset/skeleton_final_v2/paper/paper (224).npy,./batch_paper/fitted/paper (224).npy
paper,paper (225),val,./dataset/skeleton_final_v2/paper/paper (225).npy,./batch_paper/fitted/paper (225).npy
paper,paper (232),val,./dataset/skeleton_final_v2/paper/paper (232).npy,./batch_paper/fitted/paper (232).npy
paper,paper (24),val,./dataset/skeleton_final_v2/paper/paper (24).npy,./batch_paper/fitted/paper (24).npy
paper,paper (245),val,./dataset/skeleton_final_v2/paper/paper (245).npy,./batch_paper/fitted/paper (245).npy
paper,paper (246),val,./dataset/skeleton_final_v2/paper/paper (246).npy,./batch_paper/fitted/paper (246).npy
paper,paper (263),val,./dataset/skeleton_final_v2/paper/paper (263).npy,./batch_paper/fitted/paper (263).npy
paper,paper (264),val,./dataset/skeleton_final_v2/paper/paper (264).npy,./batch_paper/fitted/paper (264).npy
paper,paper (268),val,./dataset/skeleton_final_v2/paper/paper (268).npy,./batch_paper/fitted/paper (268).npy
paper,paper (289),val,./dataset/skeleton_final_v2/paper/paper (289).npy,./batch_paper/fitted/paper (289).npy
paper,paper (291),val,./dataset/skeleton_final_v2/paper/paper (291).npy,./batch_paper/fitted/paper (291).npy
paper,paper (3),val,./dataset/skeleton_final_v2/paper/paper (3).npy,./batch_paper/fitted/paper (3).npy
paper,paper (30),val,./dataset/skeleton_final_v2/paper/paper (30).npy,./batch_paper/fitted/paper (30).npy
paper,paper (32),val,./dataset/skeleton_final_v2/paper/paper (32).npy,./batch_paper/fitted/paper (32).npy
paper,paper (39),val,./dataset/skeleton_final_v2/paper/paper (39).npy,./batch_paper/fitted/paper (39).npy
paper,paper (46),val,./dataset/skeleton_final_v2/paper/paper (46).npy,./batch_paper/fitted/paper (46).npy
paper,paper (5),val,./dataset/skeleton_final_v2/paper/paper (5).npy,./batch_paper/fitted/paper (5).npy
paper,paper (52),val,./dataset/skeleton_final_v2/paper/paper (52).npy,./batch_paper/fitted/paper (52).npy
paper,paper (73),val,./dataset/skeleton_final_v2/paper/paper (73).npy,./batch_paper/fitted/paper (73).npy
paper,paper (80),val,./dataset/skeleton_final_v2/paper/paper (80).npy,./batch_paper/fitted/paper (80).npy
paper,paper (89),val,./dataset/skeleton_final_v2/paper/paper (89).npy,./batch_paper/fitted/paper (89).npy
paper,paper-set2 (104),val,./dataset/skeleton_final_v2/paper/paper-set2 (104).npy,./batch_paper/fitted/paper-set2 (104).npy
paper,paper-set2 (105),val,./dataset/skeleton_final_v2/paper/paper-set2 (105).npy,./batch_paper/fitted/paper-set2 (105).npy
paper,paper-set2 (106),val,./dataset/skeleton_final_v2/paper/paper-set2 (106).npy,./batch_paper/fitted/paper-set2 (106).npy
paper,paper-set2 (110),val,./dataset/skeleton_final_v2/paper/paper-set2 (110).npy,./batch_paper/fitted/paper-set2 (110).npy
paper,paper-set2 (114),val,./dataset/skeleton_final_v2/paper/paper-set2 (114).npy,./batch_paper/fitted/paper-set2 (114).npy
paper,paper-set2 (123),val,./dataset/skeleton_final_v2/paper/paper-set2 (123).npy,./batch_paper/fitted/paper-set2 (123).npy
paper,paper-set2 (13),val,./dataset/skeleton_final_v2/paper/paper-set2 (13).npy,./batch_paper/fitted/paper-set2 (13).npy
paper,paper-set2 (137),val,./dataset/skeleton_final_v2/paper/paper-set2 (137).npy,./batch_paper/fitted/paper-set2 (137).npy
paper,paper-set2 (153),val,./dataset/skeleton_final_v2/paper/paper-set2 (153).npy,./batch_paper/fitted/paper-set2 (153).npy
paper,paper-set2 (172),val,./dataset/skeleton_final_v2/paper/paper-set2 (172).npy,./batch_paper/fitted/paper-set2 (172).npy
paper,paper-set2 (175),val,./dataset/skeleton_final_v2/paper/paper-set2 (175).npy,./batch_paper/fitted/paper-set2 (175).npy
paper,paper-set2 (179),val,./dataset/skeleton_final_v2/paper/paper-set2 (179).npy,./batch_paper/fitted/paper-set2 (179).npy
paper,paper-set2 (2),val,./dataset/skeleton_final_v2/paper/paper-set2 (2).npy,./batch_paper/fitted/paper-set2 (2).npy
paper,paper-set2 (213),val,./dataset/skeleton_final_v2/paper/paper-set2 (213).npy,./batch_paper/fitted/paper-set2 (213).npy
paper,paper-set2 (215),val,./dataset/skeleton_final_v2/paper/paper-set2 (215).npy,./batch_paper/fitted/paper-set2 (215).npy
paper,paper-set2 (22),val,./dataset/skeleton_final_v2/paper/paper-set2 (22).npy,./batch_paper/fitted/paper-set2 (22).npy
paper,paper-set2 (223),val,./dataset/skeleton_final_v2/paper/paper-set2 (223).npy,./batch_paper/fitted/paper-set2 (223).npy
paper,paper-set2 (245),val,./dataset/skeleton_final_v2/paper/paper-set2 (245).npy,./batch_paper/fitted/paper-set2 (245).npy
paper,paper-set2 (246),val,./dataset/skeleton_final_v2/paper/paper-set2 (246).npy,./batch_paper/fitted/paper-set2 (246).npy
paper,paper-set2 (247),val,./dataset/skeleton_final_v2/paper/paper-set2 (247).npy,./batch_paper/fitted/paper-set2 (247).npy
paper,paper-set2 (270),val,./dataset/skeleton_final_v2/paper/paper-set2 (270).npy,./batch_paper/fitted/paper-set2 (270).npy
paper,paper-set2 (31),val,./dataset/skeleton_final_v2/paper/paper-set2 (31).npy,./batch_paper/fitted/paper-set2 (31).npy
paper,paper-set2 (324),val,./dataset/skeleton_final_v2/paper/paper-set2 (324).npy,./batch_paper/fitted/paper-set2 (324).npy
paper,paper-set2 (326),val,./dataset/skeleton_final_v2/paper/paper-set2 (326).npy,./batch_paper/fitted/paper-set2 (326).npy
paper,paper-set2 (339),val,./dataset/skeleton_final_v2/paper/paper-set2 (339).npy,./batch_paper/fitted/paper-set2 (339).npy
paper,paper-set2 (34),val,./dataset/skeleton_final_v2/paper/paper-set2 (34).npy,./batch_paper/fitted/paper-set2 (34).npy
paper,paper-set2 (343),val,./dataset/skeleton_final_v2/paper/paper-set2 (343).npy,./batch_paper/fitted/paper-set2 (343).npy
paper,paper-set2 (347),val,./dataset/skeleton_final_v2/paper/paper-set2 (347).npy,./batch_paper/fitted/paper-set2 (347).npy
paper,paper-set2 (349),val,./dataset/skeleton_final_v2/paper/paper-set2 (349).npy,./batch_paper/fitted/paper-set2 (349).npy
paper,paper-set2 (353),val,./dataset/skeleton_final_v2/paper/paper-set2 (353).npy,./batch_paper/fitted/paper-set2 (353).npy
paper,paper-set2 (36),val,./dataset/skeleton_final_v2/paper/paper-set2 (36).npy,./batch_paper/fitted/paper-set2 (36).npy
paper,paper-set2 (361),val,./dataset/skeleton_final_v2/paper/paper-set2 (361).npy,./batch_paper/fitted/paper-set2 (361).npy
paper,paper-set2 (368),val,./dataset/skeleton_final_v2/paper/paper-set2 (368).npy,./batch_paper/fitted/paper-set2 (368).npy
paper,paper-set2 (376),val,./dataset/skeleton_final_v2/paper/paper-set2 (376).npy,./batch_paper/fitted/paper-set2 (376).npy
paper,paper-set2 (380),val,./dataset/skeleton_final_v2/paper/paper-set2 (380).npy,./batch_paper/fitted/paper-set2 (380).npy
paper,paper-set2 (387),val,./dataset/skeleton_final_v2/paper/paper-set2 (387).npy,./batch_paper/fitted/paper-set2 (387).npy
paper,paper-set2 (393),val,./dataset/skeleton_final_v2/paper/paper-set2 (393).npy,./batch_paper/fitted/paper-set2 (393).npy
paper,paper-set2 (412),val,./dataset/skeleton_final_v2/paper/paper-set2 (412).npy,./batch_paper/fitted/paper-set2 (412).npy
paper,paper-set2 (431),val,./dataset/skeleton_final_v2/paper/paper-set2 (431).npy,./batch_paper/fitted/paper-set2 (431).npy
paper,paper-set2 (433),val,./dataset/skeleton_final_v2/paper/paper-set2 (433).npy,./batch_paper/fitted/paper-set2 (433).npy
paper,paper-set2 (438),val,./dataset/skeleton_final_v2/paper/paper-set2 (438).npy,./batch_paper/fitted/paper-set2 (438).npy
paper,paper-set2 (449),val,./dataset/skeleton_final_v2/paper/paper-set2 (449).npy,./batch_paper/fitted/paper-set2 (449).npy
paper,paper-set2 (453),val,./dataset/skeleton_final_v2/paper/paper-set2 (453).npy,./batch_paper/fitted/paper-set2 (453).npy
paper,paper-set2 (471),val,./dataset/skeleton_final_v2/paper/paper-set2 (471).npy,./batch_paper/fitted/paper-set2 (471).npy
paper,paper-set2 (478),val,./dataset/skeleton_final_v2/paper/paper-set2 (478).npy,./batch_paper/fitted/paper-set2 (478).npy
paper,paper-set2 (480),val,./dataset/skeleton_final_v2/paper/paper-set2 (480).npy,./batch_paper/fitted/paper-set2 (480).npy
paper,paper-set2 (490),val,./dataset/skeleton_final_v2/paper/paper-set2 (490).npy,./batch_paper/fitted/paper-set2 (490).npy
paper,paper-set2 (496),val,./dataset/skeleton_final_v2/paper/paper-set2 (496).npy,./batch_paper/fitted/paper-set2 (496).npy
paper,paper-set2 (497),val,./dataset/skeleton_final_v2/paper/paper-set2 (497).npy,./batch_paper/fitted/paper-set2 (497).npy
paper,paper-set2 (500),val,./dataset/skeleton_final_v2/paper/paper-set2 (500).npy,./batch_paper/fitted/paper-set2 (500).npy
paper,paper-set2 (58),val,./dataset/skeleton_final_v2/paper/paper-set2 (58).npy,./batch_paper/fitted/paper-set2 (58).npy
paper,paper-set2 (6),val,./dataset/skeleton_final_v2/paper/paper-set2 (6).npy,./batch_paper/fitted/paper-set2 (6).npy
paper,paper-set2 (62),val,./dataset/skeleton_final_v2/paper/paper-set2 (62).npy,./batch_paper/fitted/paper-set2 (62).npy
paper,paper-set2 (64),val,./dataset/skeleton_final_v2/paper/paper-set2 (64).npy,./batch_paper/fitted/paper-set2 (64).npy
paper,paper-set2 (78),val,./dataset/skeleton_final_v2/paper/paper-set2 (78).npy,./batch_paper/fitted/paper-set2 (78).npy
paper,paper-set2 (79),val,./dataset/skeleton_final_v2/paper/paper-set2 (79).npy,./batch_paper/fitted/paper-set2 (79).npy
paper,paper-set2 (9),val,./dataset/skeleton_final_v2/paper/paper-set2 (9).npy,./batch_paper/fitted/paper-set2 (9).npy
paper,paper_1005,val,./dataset/skeleton_final_v2/paper/paper_1005.npy,./batch_paper/fitted/paper_1005.npy
paper,paper_1039,val,./dataset/skeleton_final_v2/paper/paper_1039.npy,./batch_paper/fitted/paper_1039.npy
paper,paper_1041,val,./dataset/skeleton_final_v2/paper/paper_1041.npy,./batch_paper/fitted/paper_1041.npy
paper,paper_1043,val,./dataset/skeleton_final_v2/paper/paper_1043.npy,./batch_paper/fitted/paper_1043.npy
paper,paper_1046,val,./dataset/skeleton_final_v2/paper/paper_1046.npy,./batch_paper/fitted/paper_1046.npy
paper,paper_1049,val,./dataset/skeleton_final_v2/paper/paper_1049.npy,./batch_paper/fitted/paper_1049.npy
paper,paper_1448,val,./dataset/skeleton_final_v2/paper/paper_1448.npy,./batch_paper/fitted/paper_1448.npy
paper,paper_1474,val,./dataset/skeleton_final_v2/paper/paper_1474.npy,./batch_paper/fitted/paper_1474.npy
paper,paper_1830,val,./dataset/skeleton_final_v2/paper/paper_1830.npy,./batch_paper/fitted/paper_1830.npy
paper,paper_1846,val,./dataset/skeleton_final_v2/paper/paper_1846.npy,./batch_paper/fitted/paper_1846.npy
paper,paper_1862,val,./dataset/skeleton_final_v2/paper/paper_1862.npy,./batch_paper/fitted/paper_1862.npy
paper,paper_2458,val,./dataset/skeleton_final_v2/paper/paper_2458.npy,./batch_paper/fitted/paper_2458.npy
paper,paper_2465,val,./dataset/skeleton_final_v2/paper/paper_2465.npy,./batch_paper/fitted/paper_2465.npy
paper,paper_2475,val,./dataset/skeleton_final_v2/paper/paper_2475.npy,./batch_paper/fitted/paper_2475.npy
paper,paper_2477,val,./dataset/skeleton_final_v2/paper/paper_2477.npy,./batch_paper/fitted/paper_2477.npy
paper,paper_2493,val,./dataset/skeleton_final_v2/paper/paper_2493.npy,./batch_paper/fitted/paper_2493.npy
paper,paper_2523,val,./dataset/skeleton_final_v2/paper/paper_2523.npy,./batch_paper/fitted/paper_2523.npy
paper,paper_2527,val,./dataset/skeleton_final_v2/paper/paper_2527.npy,./batch_paper/fitted/paper_2527.npy
paper,paper_2536,val,./dataset/skeleton_final_v2/paper/paper_2536.npy,./batch_paper/fitted/paper_2536.npy
paper,paper_2539,val,./dataset/skeleton_final_v2/paper/paper_2539.npy,./batch_paper/fitted/paper_2539.npy
paper,paper_2548,val,./dataset/skeleton_final_v2/paper/paper_2548.npy,./batch_paper/fitted/paper_2548.npy
paper,paper_30,val,./dataset/skeleton_final_v2/paper/paper_30.npy,./batch_paper/fitted/paper_30.npy
paper,paper_360,val,./dataset/skeleton_final_v2/paper/paper_360.npy,./batch_paper/fitted/paper_360.npy
paper,paper_3638,val,./dataset/skeleton_final_v2/paper/paper_3638.npy,./batch_paper/fitted/paper_3638.npy
paper,paper_364,val,./dataset/skeleton_final_v2/paper/paper_364.npy,./batch_paper/fitted/paper_364.npy
paper,paper_3648,val,./dataset/skeleton_final_v2/paper/paper_3648.npy,./batch_paper/fitted/paper_3648.npy
paper,paper_3657,val,./dataset/skeleton_final_v2/paper/paper_3657.npy,./batch_paper/fitted/paper_3657.npy
paper,paper_3672,val,./dataset/skeleton_final_v2/paper/paper_3672.npy,./batch_paper/fitted/paper_3672.npy
paper,paper_3675,val,./dataset/skeleton_final_v2/paper/paper_3675.npy,./batch_paper/fitted/paper_3675.npy
paper,paper_370,val,./dataset/skeleton_final_v2/paper/paper_370.npy,./batch_paper/fitted/paper_370.npy
paper,paper_3718,val,./dataset/skeleton_final_v2/paper/paper_3718.npy,./batch_paper/fitted/paper_3718.npy
paper,paper_3729,val,./dataset/skeleton_final_v2/paper/paper_3729.npy,./batch_paper/fitted/paper_3729.npy
paper,paper_3738,val,./dataset/skeleton_final_v2/paper/paper_3738.npy,./batch_paper/fitted/paper_3738.npy
paper,paper_376,val,./dataset/skeleton_final_v2/paper/paper_376.npy,./batch_paper/fitted/paper_376.npy
paper,paper_3769,val,./dataset/skeleton_final_v2/paper/paper_3769.npy,./batch_paper/fitted/paper_3769.npy
paper,paper_3816,val,./dataset/skeleton_final_v2/paper/paper_3816.npy,./batch_paper/fitted/paper_3816.npy
paper,paper_3820,val,./dataset/skeleton_final_v2/paper/paper_3820.npy,./batch_paper/fitted/paper_3820.npy
paper,paper_4570,val,./dataset/skeleton_final_v2/paper/paper_4570.npy,./batch_paper/fitted/paper_4570.npy
paper,paper_4608,val,./dataset/skeleton_final_v2/paper/paper_4608.npy,./batch_paper/fitted/paper_4608.npy
paper,paper_5130,val,./dataset/skeleton_final_v2/paper/paper_5130.npy,./batch_paper/fitted/paper_5130.npy
paper,paper_5150,val,./dataset/skeleton_final_v2/paper/paper_5150.npy,./batch_paper/fitted/paper_5150.npy
paper,paper_5467,val,./dataset/skeleton_final_v2/paper/paper_5467.npy,./batch_paper/fitted/paper_5467.npy
paper,paper_5474,val,./dataset/skeleton_final_v2/paper/paper_5474.npy,./batch_paper/fitted/paper_5474.npy
paper,paper_5726,val,./dataset/skeleton_final_v2/paper/paper_5726.npy,./batch_paper/fitted/paper_5726.npy
paper,paper_5729,val,./dataset/skeleton_final_v2/paper/paper_5729.npy,./batch_paper/fitted/paper_5729.npy
paper,paper_5895,val,./dataset/skeleton_final_v2/paper/paper_5895.npy,./batch_paper/fitted/paper_5895.npy
paper,paper_5898,val,./dataset/skeleton_final_v2/paper/paper_5898.npy,./batch_paper/fitted/paper_5898.npy
paper,paper_6125,val,./dataset/skeleton_final_v2/paper/paper_6125.npy,./batch_paper/fitted/paper_6125.npy
paper,paper_6130,val,./dataset/skeleton_final_v2/paper/paper_6130.npy,./batch_paper/fitted/paper_6130.npy
paper,paper_6133,val,./dataset/skeleton_final_v2/paper/paper_6133.npy,./batch_paper/fitted/paper_6133.npy
paper,paper_6134,val,./dataset/skeleton_final_v2/paper/paper_6134.npy,./batch_paper/fitted/paper_6134.npy
paper,paper_6336,val,./dataset/skeleton_final_v2/paper/paper_6336.npy,./batch_paper/fitted/paper_6336.npy
paper,paper_6343,val,./dataset/skeleton_final_v2/paper/paper_6343.npy,./batch_paper/fitted/paper_6343.npy
paper,paper_6347,val,./dataset/skeleton_final_v2/paper/paper_6347.npy,./batch_paper/fitted/paper_6347.npy
paper,paper_6349,val,./dataset/skeleton_final_v2/paper/paper_6349.npy,./batch_paper/fitted/paper_6349.npy
paper,paper_6350,val,./dataset/skeleton_final_v2/paper/paper_6350.npy,./batch_paper/fitted/paper_6350.npy
paper,paper_6354,val,./dataset/skeleton_final_v2/paper/paper_6354.npy,./batch_paper/fitted/paper_6354.npy
paper,paper_6523,val,./dataset/skeleton_final_v2/paper/paper_6523.npy,./batch_paper/fitted/paper_6523.npy
paper,paper_6529,val,./dataset/skeleton_final_v2/paper/paper_6529.npy,./batch_paper/fitted/paper_6529.npy
paper,paper_6532,val,./dataset/skeleton_final_v2/paper/paper_6532.npy,./batch_paper/fitted/paper_6532.npy
paper,paper_6691,val,./dataset/skeleton_final_v2/paper/paper_6691.npy,./batch_paper/fitted/paper_6691.npy
paper,paper_6703,val,./dataset/skeleton_final_v2/paper/paper_6703.npy,./batch_paper/fitted/paper_6703.npy
paper,paper_6912,val,./dataset/skeleton_final_v2/paper/paper_6912.npy,./batch_paper/fitted/paper_6912.npy
paper,paper_6916,val,./dataset/skeleton_final_v2/paper/paper_6916.npy,./batch_paper/fitted/paper_6916.npy
paper,paper_6932,val,./dataset/skeleton_final_v2/paper/paper_6932.npy,./batch_paper/fitted/paper_6932.npy
paper,paper_6939,val,./dataset/skeleton_final_v2/paper/paper_6939.npy,./batch_paper/fitted/paper_6939.npy
paper,paper_712,val,./dataset/skeleton_final_v2/paper/paper_712.npy,./batch_paper/fitted/paper_712.npy
paper,paper_7137,val,./dataset/skeleton_final_v2/paper/paper_7137.npy,./batch_paper/fitted/paper_7137.npy
paper,paper_7138,val,./dataset/skeleton_final_v2/paper/paper_7138.npy,./batch_paper/fitted/paper_7138.npy
paper,paper_7151,val,./dataset/skeleton_final_v2/paper/paper_7151.npy,./batch_paper/fitted/paper_7151.npy
paper,paper_7158,val,./dataset/skeleton_final_v2/paper/paper_7158.npy,./batch_paper/fitted/paper_7158.npy
paper,paper_7162,val,./dataset/skeleton_final_v2/paper/paper_7162.npy,./batch_paper/fitted/paper_7162.npy
paper,paper_733,val,./dataset/skeleton_final_v2/paper/paper_733.npy,./batch_paper/fitted/paper_733.npy
paper,paper_7330,val,./dataset/skeleton_final_v2/paper/paper_7330.npy,./batch_paper/fitted/paper_7330.npy
paper,paper_735,val,./dataset/skeleton_final_v2/paper/paper_735.npy,./batch_paper/fitted/paper_735.npy
paper,paper_739,val,./dataset/skeleton_final_v2/paper/paper_739.npy,./batch_paper/fitted/paper_739.npy
paper,paper_746,val,./dataset/skeleton_final_v2/paper/paper_746.npy,./batch_paper/fitted/paper_746.npy
paper,paper_747,val,./dataset/skeleton_final_v2/paper/paper_747.npy,./batch_paper/fitted/paper_747.npy
paper,paper_750,val,./dataset/skeleton_final_v2/paper/paper_750.npy,./batch_paper/fitted/paper_750.npy
paper,paper_7579,val,./dataset/skeleton_final_v2/paper/paper_7579.npy,./batch_paper/fitted/paper_7579.npy
paper,paper_7607,val,./dataset/skeleton_final_v2/paper/paper_7607.npy,./batch_paper/fitted/paper_7607.npy
paper,paper_7609,val,./dataset/skeleton_final_v2/paper/paper_7609.npy,./batch_paper/fitted/paper_7609.npy
paper,paper_7926,val,./dataset/skeleton_final_v2/paper/paper_7926.npy,./batch_paper/fitted/paper_7926.npy
paper,paper_7928,val,./dataset/skeleton_final_v2/paper/paper_7928.npy,./batch_paper/fitted/paper_7928.npy
paper,paper_7934,val,./dataset/skeleton_final_v2/paper/paper_7934.npy,./batch_paper/fitted/paper_7934.npy
paper,paper_9128,val,./dataset/skeleton_final_v2/paper/paper_9128.npy,./batch_paper/fitted/paper_9128.npy
paper,paper_9140,val,./dataset/skeleton_final_v2/paper/paper_9140.npy,./batch_paper/fitted/paper_9140.npy
paper,paper_9160,val,./dataset/skeleton_final_v2/paper/paper_9160.npy,./batch_paper/fitted/paper_9160.npy
rock,rock (14),val,./dataset/skeleton_final_v2/rock/rock (14).npy,./batch_rock/fitted/rock (14).npy
rock,rock (150),val,./dataset/skeleton_final_v2/rock/rock (150).npy,./batch_rock/fitted/rock (150).npy
rock,rock (178),val,./dataset/skeleton_final_v2/rock/rock (178).npy,./batch_rock/fitted/rock (178).npy
rock,rock (26),val,./dataset/skeleton_final_v2/rock/rock (26).npy,./batch_rock/fitted/rock (26).npy
rock,rock (269),val,./dataset/skeleton_final_v2/rock/rock (269).npy,./batch_rock/fitted/rock (269).npy
rock,rock (84),val,./dataset/skeleton_final_v2/rock/rock (84).npy,./batch_rock/fitted/rock (84).npy
rock,rock-set2 (146),val,./dataset/skeleton_final_v2/rock/rock-set2 (146).npy,./batch_rock/fitted/rock-set2 (146).npy
rock,rock-set2 (147),val,./dataset/skeleton_final_v2/rock/rock-set2 (147).npy,./batch_rock/fitted/rock-set2 (147).npy
rock,rock-set2 (152),val,./dataset/skeleton_final_v2/rock/rock-set2 (152).npy,./batch_rock/fitted/rock-set2 (152).npy
rock,rock-set2 (160),val,./dataset/skeleton_final_v2/rock/rock-set2 (160).npy,./batch_rock/fitted/rock-set2 (160).npy
rock,rock-set2 (165),val,./dataset/skeleton_final_v2/rock/rock-set2 (165).npy,./batch_rock/fitted/rock-set2 (165).npy
rock,rock-set2 (167),val,./dataset/skeleton_final_v2/rock/rock-set2 (167).npy,./batch_rock/fitted/rock-set2 (167).npy
rock,rock-set2 (171),val,./dataset/skeleton_final_v2/rock/rock-set2 (171).npy,./batch_rock/fitted/rock-set2 (171).npy
rock,rock-set2 (174),val,./dataset/skeleton_final_v2/rock/rock-set2 (174).npy,./batch_rock/fitted/rock-set2 (174).npy
rock,rock-set2 (177),val,./dataset/skeleton_final_v2/rock/rock-set2 (177).npy,./batch_rock/fitted/rock-set2 (177).npy
rock,rock-set2 (3),val,./dataset/skeleton_final_v2/rock/rock-set2 (3).npy,./batch_rock/fitted/rock-set2 (3).npy
rock,rock-set2 (338),val,./dataset/skeleton_final_v2/rock/rock-set2 (338).npy,./batch_rock/fitted/rock-set2 (338).npy
rock,rock-set2 (349),val,./dataset/skeleton_final_v2/rock/rock-set2 (349).npy,./batch_rock/fitted/rock-set2 (349).npy
rock,rock-set2 (35),val,./dataset/skeleton_final_v2/rock/rock-set2 (35).npy,./batch_rock/fitted/rock-set2 (35).npy
rock,rock-set2 (350),val,./dataset/skeleton_final_v2/rock/rock-set2 (350).npy,./batch_rock/fitted/rock-set2 (350).npy
rock,rock-set2 (357),val,./dataset/skeleton_final_v2/rock/rock-set2 (357).npy,./batch_rock/fitted/rock-set2 (357).npy
rock,rock-set2 (360),val,./dataset/skeleton_final_v2/rock/rock-set2 (360).npy,./batch_rock/fitted/rock-set2 (360).npy
rock,rock-set2 (4),val,./dataset/skeleton_final_v2/rock/rock-set2 (4).npy,./batch_rock/fitted/rock-set2 (4).npy
rock,rock-set2 (420),val,./dataset/skeleton_final_v2/rock/rock-set2 (420).npy,./batch_rock/fitted/rock-set2 (420).npy
rock,rock-set2 (421),val,./dataset/skeleton_final_v2/rock/rock-set2 (421).npy,./batch_rock/fitted/rock-set2 (421).npy
rock,rock-set2 (423),val,./dataset/skeleton_final_v2/rock/rock-set2 (423).npy,./batch_rock/fitted/rock-set2 (423).npy
rock,rock-set2 (424),val,./dataset/skeleton_final_v2/rock/rock-set2 (424).npy,./batch_rock/fitted/rock-set2 (424).npy
rock,rock-set2 (427),val,./dataset/skeleton_final_v2/rock/rock-set2 (427).npy,./batch_rock/fitted/rock-set2 (427).npy
rock,rock-set2 (437),val,./dataset/skeleton_final_v2/rock/rock-set2 (437).npy,./batch_rock/fitted/rock-set2 (437).npy
rock,rock-set2 (46),val,./dataset/skeleton_final_v2/rock/rock-set2 (46).npy,./batch_rock/fitted/rock-set2 (46).npy
rock,rock-set2 (527),val,./dataset/skeleton_final_v2/rock/rock-set2 (527).npy,./batch_rock/fitted/rock-set2 (527).npy
rock,rock-set2 (568),val,./dataset/skeleton_final_v2/rock/rock-set2 (568).npy,./batch_rock/fitted/rock-set2 (568).npy
rock,rock-set2 (574),val,./dataset/skeleton_final_v2/rock/rock-set2 (574).npy,./batch_rock/fitted/rock-set2 (574).npy
rock,rock-set2 (598),val,./dataset/skeleton_final_v2/rock/rock-set2 (598).npy,./batch_rock/fitted/rock-set2 (598).npy
rock,rock-set2 (66),val,./dataset/skeleton_final_v2/rock/rock-set2 (66).npy,./batch_rock/fitted/rock-set2 (66).npy
rock,rock-set2 (67),val,./dataset/skeleton_final_v2/rock/rock-set2 (67).npy,./batch_rock/fitted/rock-set2 (67).npy
rock,rock-set2 (7),val,./dataset/skeleton_final_v2/rock/rock-set2 (7).npy,./batch_rock/fitted/rock-set2 (7).npy
rock,rock_11,val,./dataset/skeleton_final_v2/rock/rock_11.npy,./batch_rock/fitted/rock_11.npy
rock,rock_12,val,./dataset/skeleton_final_v2/rock/rock_12.npy,./batch_rock/fitted/rock_12.npy
rock,rock_1770,val,./dataset/skeleton_final_v2/rock/rock_1770.npy,./batch_rock/fitted/rock_1770.npy
rock,rock_21,val,./dataset/skeleton_final_v2/rock/rock_21.npy,./batch_rock/fitted/rock_21.npy
rock,rock_2423,val,./dataset/skeleton_final_v2/rock/rock_2423.npy,./batch_rock/fitted/rock_2423.npy
rock,rock_260,val,./dataset/skeleton_final_v2/rock/rock_260.npy,./batch_rock/fitted/rock_260.npy
rock,rock_6317,val,./dataset/skeleton_final_v2/rock/rock_6317.npy,./batch_rock/fitted/rock_6317.npy
rock,rock_682,val,./dataset/skeleton_final_v2/rock/rock_682.npy,./batch_rock/fitted/rock_682.npy
rock,rock_6887,val,./dataset/skeleton_final_v2/rock/rock_6887.npy,./batch_rock/fitted/rock_6887.npy
rock,rock_690,val,./dataset/skeleton_final_v2/rock/rock_690.npy,./batch_rock/fitted/rock_690.npy
rock,rock_7530,val,./dataset/skeleton_final_v2/rock/rock_7530.npy,./batch_rock/fitted/rock_7530.npy
rock,rock_8700,val,./dataset/skeleton_final_v2/rock/rock_8700.npy,./batch_rock/fitted/rock_8700.npy
scissors,scissors (10),val,./dataset/skeleton_final_v2/scissors/scissors (10).npy,./batch_scissors/fitted/scissors (10).npy
scissors,scissors (118),val,./dataset/skeleton_final_v2/scissors/scissors (118).npy,./batch_scissors/fitted/scissors (118).npy
scissors,scissors (120),val,./dataset/skeleton_final_v2/scissors/scissors (120).npy,./batch_scissors/fitted/scissors (120).npy
scissors,scissors (121),val,./dataset/skeleton_final_v2/scissors/scissors (121).npy,./batch_scissors/fitted/scissors (121).npy
scissors,scissors (139),val,./dataset/skeleton_final_v2/scissors/scissors (139).npy,./batch_scissors/fitted/scissors (139).npy
scissors,scissors (144),val,./dataset/skeleton_final_v2/scissors/scissors (144).npy,./batch_scissors/fitted/scissors (144).npy
scissors,scissors (146),val,./dataset/skeleton_final_v2/scissors/scissors (146).npy,./batch_scissors/fitted/scissors (146).npy
scissors,scissors (149),val,./dataset/skeleton_final_v2/scissors/scissors (149).npy,./batch_scissors/fitted/scissors (149).npy
scissors,scissors (150),val,./dataset/skeleton_final_v2/scissors/scissors (150).npy,./batch_scissors/fitted/scissors (150).npy
scissors,scissors (161),val,./dataset/skeleton_final_v2/scissors/scissors (161).npy,./batch_scissors/fitted/scissors (161).npy
scissors,scissors (162),val,./dataset/skeleton_final_v2/scissors/scissors (162).npy,./batch_scissors/fitted/scissors (162).npy
scissors,scissors (176),val,./dataset/skeleton_final_v2/scissors/scissors (176).npy,./batch_scissors/fitted/scissors (176).npy
scissors,scissors (179),val,./dataset/skeleton_final_v2/scissors/scissors (179).npy,./batch_scissors/fitted/scissors (179).npy
scissors,scissors (225),val,./dataset/skeleton_final_v2/scissors/scissors (225).npy,./batch_scissors/fitted/scissors (225).npy
scissors,scissors (258),val,./dataset/skeleton_final_v2/scissors/scissors (258).npy,./batch_scissors/fitted/scissors (258).npy
scissors,scissors (281),val,./dataset/skeleton_final_v2/scissors/scissors (281).npy,./batch_scissors/fitted/scissors (281).npy
scissors,scissors (288),val,./dataset/skeleton_final_v2/scissors/scissors (288).npy,./batch_scissors/fitted/scissors (288).npy
scissors,scissors (312),val,./dataset/skeleton_final_v2/scissors/scissors (312).npy,./batch_scissors/fitted/scissors (312).npy
scissors,scissors (320),val,./dataset/skeleton_final_v2/scissors/scissors (320).npy,./batch_scissors/fitted/scissors (320).npy
scissors,scissors (326),val,./dataset/skeleton_final_v2/scissors/scissors (326).npy,./batch_scissors/fitted/scissors (326).npy
scissors,scissors (34),val,./dataset/skeleton_final_v2/scissors/scissors (34).npy,./batch_scissors/fitted/scissors (34).npy
scissors,scissors (360),val,./dataset/skeleton_final_v2/scissors/scissors (360).npy,./batch_scissors/fitted/scissors (360).npy
scissors,scissors (368),val,./dataset/skeleton_final_v2/scissors/scissors (368).npy,./batch_scissors/fitted/scissors (368).npy
scissors,scissors (377),val,./dataset/skeleton_final_v2/scissors/scissors (377).npy,./batch_scissors/fitted/scissors (377).npy
scissors,scissors (384),val,./dataset/skeleton_final_v2/scissors/scissors (384).npy,./batch_scissors/fitted/scissors (384).npy
scissors,scissors (39),val,./dataset/skeleton_final_v2/scissors/scissors (39).npy,./batch_scissors/fitted/scissors (39).npy
scissors,scissors (400),val,./dataset/skeleton_final_v2/scissors/scissors (400).npy,./batch_scissors/fitted/scissors (400).npy
scissors,scissors (402),val,./dataset/skeleton_final_v2/scissors/scissors (402).npy,./batch_scissors/fitted/scissors (402).npy
scissors,scissors (41),val,./dataset/skeleton_final_v2/scissors/scissors (41).npy,./batch_scissors/fitted/scissors (41).npy
scissors,scissors (413),val,./dataset/skeleton_final_v2/scissors/scissors (413).npy,./batch_scissors/fitted/scissors (413).npy
scissors,scissors (416),val,./dataset/skeleton_final_v2/scissors/scissors (416).npy,./batch_scissors/fitted/scissors (416).npy
scissors,scissors (42),val,./dataset/skeleton_final_v2/scissors/scissors (42).npy,./batch_scissors/fitted/scissors (42).npy
scissors,scissors (448),val,./dataset/skeleton_final_v2/scissors/scissors (448).npy,./batch_scissors/fitted/scissors (448).npy
scissors,scissors (456),val,./dataset/skeleton_final_v2/scissors/scissors (456).npy,./batch_scissors/fitted/scissors (456).npy
scissors,scissors (461),val,./dataset/skeleton_final_v2/scissors/scissors (461).npy,./batch_scissors/fitted/scissors (461).npy
scissors,scissors (462),val,./dataset/skeleton_final_v2/scissors/scissors (462).npy,./batch_scissors/fitted/scissors (462).npy
scissors,scissors (463),val,./dataset/skeleton_final_v2/scissors/scissors (463).npy,./batch_scissors/fitted/scissors (463).npy
scissors,scissors (466),val,./dataset/skeleton_final_v2/scissors/scissors (466).npy,./batch_scissors/fitted/scissors (466).npy
scissors,scissors (471),val,./dataset/skeleton_final_v2/scissors/scissors (471).npy,./batch_scissors/fitted/scissors (471).npy
scissors,scissors (477),val,./dataset/skeleton_final_v2/scissors/scissors (477).npy,./batch_scissors/fitted/scissors (477).npy
scissors,scissors (479),val,./dataset/skeleton_final_v2/scissors/scissors (479).npy,./batch_scissors/fitted/scissors (479).npy
scissors,scissors (482),val,./dataset/skeleton_final_v2/scissors/scissors (482).npy,./batch_scissors/fitted/scissors (482).npy
scissors,scissors (485),val,./dataset/skeleton_final_v2/scissors/scissors (485).npy,./batch_scissors/fitted/scissors (485).npy
scissors,scissors (501),val,./dataset/skeleton_final_v2/scissors/scissors (501).npy,./batch_scissors/fitted/scissors (501).npy
scissors,scissors (53),val,./dataset/skeleton_final_v2/scissors/scissors (53).npy,./batch_scissors/fitted/scissors (53).npy
scissors,scissors (55),val,./dataset/skeleton_final_v2/scissors/scissors (55).npy,./batch_scissors/fitted/scissors (55).npy
scissors,scissors (91),val,./dataset/skeleton_final_v2/scissors/scissors (91).npy,./batch_scissors/fitted/scissors (91).npy
scissors,scissors (94),val,./dataset/skeleton_final_v2/scissors/scissors (94).npy,./batch_scissors/fitted/scissors (94).npy
scissors,scissors (96),val,./dataset/skeleton_final_v2/scissors/scissors (96).npy,./batch_scissors/fitted/scissors (96).npy
scissors,scissors-set2 (125),val,./dataset/skeleton_final_v2/scissors/scissors-set2 (125).npy,./batch_scissors/fitted/scissors-set2 (125).npy
scissors,scissors-set2 (130),val,./dataset/skeleton_final_v2/scissors/scissors-set2 (130).npy,./batch_scissors/fitted/scissors-set2 (130).npy
scissors,scissors-set2 (135),val,./dataset/skeleton_final_v2/scissors/scissors-set2 (135).npy,./batch_scissors/fitted/scissors-set2 (135).npy
scissors,scissors-set2 (138),val,./dataset/skeleton_final_v2/scissors/scissors-set2 (138).npy,./batch_scissors/fitted/scissors-set2 (138).npy
scissors,scissors-set2 (165),val,./dataset/skeleton_final_v2/scissors/scissors-set2 (165).npy,./batch_scissors/fitted/scissors-set2 (165).npy
scissors,scissors-set2 (167),val,./dataset/skeleton_final_v2/scissors/scissors-set2 (167).npy,./batch_scissors/fitted/scissors-set2 (167).npy
scissors,scissors-set2 (172),val,./dataset/skeleton_final_v2/scissors/scissors-set2 (172).npy,./batch_scissors/fitted/scissors-set2 (172).npy
scissors,scissors-set2 (173),val,./dataset/skeleton_final_v2/scissors/scissors-set2 (173).npy,./batch_scissors/fitted/scissors-set2 (173).npy
scissors,scissors-set2 (18),val,./dataset/skeleton_final_v2/scissors/scissors-set2 (18).npy,./batch_scissors/fitted/scissors-set2 (18).npy
scissors,scissors-set2 (188),val,./dataset/skeleton_final_v2/scissors/scissors-set2 (188).npy,./batch_scissors/fitted/scissors-set2 (188).npy
scissors,scissors-set2 (196),val,./dataset/skeleton_final_v2/scissors/scissors-set2 (196).npy,./batch_scissors/fitted/scissors-set2 (196).npy
scissors,scissors-set2 (199),val,./dataset/skeleton_final_v2/scissors/scissors-set2 (199).npy,./batch_scissors/fitted/scissors-set2 (199).npy
scissors,scissors-set2 (221),val,./dataset/skeleton_final_v2/scissors/scissors-set2 (221).npy,./batch_scissors/fitted/scissors-set2 (221).npy
scissors,scissors-set2 (227),val,./dataset/skeleton_final_v2/scissors/scissors-set2 (227).npy,./batch_scissors/fitted/scissors-set2 (227).npy
scissors,scissors-set2 (235),val,./dataset/skeleton_final_v2/scissors/scissors-set2 (235).npy,./batch_scissors/fitted/scissors-set2 (235).npy
scissors,scissors-set2 (239),val,./dataset/skeleton_final_v2/scissors/scissors-set2 (239).npy,./batch_scissors/fitted/scissors-set2 (239).npy
scissors,scissors-set2 (258),val,./dataset/skeleton_final_v2/scissors/scissors-set2 (258).npy,./batch_scissors/fitted/scissors-set2 (258).npy
scissors,scissors-set2 (263),val,./dataset/skeleton_final_v2/scissors/scissors-set2 (263).npy,./batch_scissors/fitted/scissors-set2 (263).npy
scissors,scissors-set2 (271),val,./dataset/skeleton_final_v2/scissors/scissors-set2 (271).npy,./batch_scissors/fitted/scissors-set2 (271).npy
scissors,scissors-set2 (278),val,./dataset/skeleton_final_v2/scissors/scissors-set2 (278).npy,./batch_scissors/fitted/scissors-set2 (278).npy
scissors,scissors-set2 (285),val,./dataset/skeleton_final_v2/scissors/scissors-set2 (285).npy,./batch_scissors/fitted/scissors-set2 (285).npy
scissors,scissors-set2 (297),val,./dataset/skeleton_final_v2/scissors/scissors-set2 (297).npy,./batch_scissors/fitted/scissors-set2 (297).npy
scissors,scissors-set2 (3),val,./dataset/skeleton_final_v2/scissors/scissors-set2 (3).npy,./batch_scissors/fitted/scissors-set2 (3).npy
scissors,scissors-set2 (308),val,./dataset/skeleton_final_v2/scissors/scissors-set2 (308).npy,./batch_scissors/fitted/scissors-set2 (308).npy
scissors,scissors-set2 (31),val,./dataset/skeleton_final_v2/scissors/scissors-set2 (31).npy,./batch_scissors/fitted/scissors-set2 (31).npy
scissors,scissors-set2 (312),val,./dataset/skeleton_final_v2/scissors/scissors-set2 (312).npy,./batch_scissors/fitted/scissors-set2 (312).npy
scissors,scissors-set2 (315),val,./dataset/skeleton_final_v2/scissors/scissors-set2 (315).npy,./batch_scissors/fitted/scissors-set2 (315).npy
scissors,scissors-set2 (319),val,./dataset/skeleton_final_v2/scissors/scissors-set2 (319).npy,./batch_scissors/fitted/scissors-set2 (319).npy
scissors,scissors-set2 (322),val,./dataset/skeleton_final_v2/scissors/scissors-set2 (322).npy,./batch_scissors/fitted/scissors-set2 (322).npy
scissors,scissors-set2 (330),val,./dataset/skeleton_final_v2/scissors/scissors-set2 (330).npy,./batch_scissors/fitted/scissors-set2 (330).npy
scissors,scissors-set2 (336),val,./dataset/skeleton_final_v2/scissors/scissors-set2 (336).npy,./batch_scissors/fitted/scissors-set2 (336).npy
scissors,scissors-set2 (338),val,./dataset/skeleton_final_v2/scissors/scissors-set2 (338).npy,./batch_scissors/fitted/scissors-set2 (338).npy
scissors,scissors-set2 (343),val,./dataset/skeleton_final_v2/scissors/scissors-set2 (343).npy,./batch_scissors/fitted/scissors-set2 (343).npy
scissors,scissors-set2 (344),val,./dataset/skeleton_final_v2/scissors/scissors-set2 (344).npy,./batch_scissors/fitted/scissors-set2 (344).npy
scissors,scissors-set2 (349),val,./dataset/skeleton_final_v2/scissors/scissors-set2 (349).npy,./batch_scissors/fitted/scissors-set2 (349).npy
scissors,scissors-set2 (35),val,./dataset/skeleton_final_v2/scissors/scissors-set2 (35).npy,./batch_scissors/fitted/scissors-set2 (35).npy
scissors,scissors-set2 (362),val,./dataset/skeleton_final_v2/scissors/scissors-set2 (362).npy,./batch_scissors/fitted/scissors-set2 (362).npy
scissors,scissors-set2 (370),val,./dataset/skeleton_final_v2/scissors/scissors-set2 (370).npy,./batch_scissors/fitted/scissors-set2 (370).npy
scissors,scissors-set2 (372),val,./dataset/skeleton_final_v2/scissors/scissors-set2 (372).npy,./batch_scissors/fitted/scissors-set2 (372).npy
scissors,scissors-set2 (374),val,./dataset/skeleton_final_v2/scissors/scissors-set2 (374).npy,./batch_scissors/fitted/scissors-set2 (374).npy
scissors,scissors-set2 (378),val,./dataset/skeleton_final_v2/scissors/scissors-set2 (378).npy,./batch_scissors/fitted/scissors-set2 (378).npy
scissors,scissors-set2 (381),val,./dataset/skeleton_final_v2/scissors/scissors-set2 (381).npy,./batch_scissors/fitted/scissors-set2 (381).npy
scissors,scissors-set2 (387),val,./dataset/skeleton_final_v2/scissors/scissors-set2 (387).npy,./batch_scissors/fitted/scissors-set2 (387).npy
scissors,scissors-set2 (388),val,./dataset/skeleton_final_v2/scissors/scissors-set2 (388).npy,./batch_scissors/fitted/scissors-set2 (388).npy
scissors,scissors-set2 (397),val,./dataset/skeleton_final_v2/scissors/scissors-set2 (397).npy,./batch_scissors/fitted/scissors-set2 (397).npy
scissors,scissors-set2 (398),val,./dataset/skeleton_final_v2/scissors/scissors-set2 (398).npy,./batch_scissors/fitted/scissors-set2 (398).npy
scissors,scissors-set2 (404),val,./dataset/skeleton_final_v2/scissors/scissors-set2 (404).npy,./batch_scissors/fitted/scissors-set2 (404).npy
scissors,scissors-set2 (405),val,./dataset/skeleton_final_v2/scissors/scissors-set2 (405).npy,./batch_scissors/fitted/scissors-set2 (405).npy
scissors,scissors-set2 (408),val,./dataset/skeleton_final_v2/scissors/scissors-set2 (408).npy,./batch_scissors/fitted/scissors-set2 (408).npy
scissors,scissors-set2 (414),val,./dataset/skeleton_final_v2/scissors/scissors-set2 (414).npy,./batch_scissors/fitted/scissors-set2 (414).npy
scissors,scissors-set2 (422),val,./dataset/skeleton_final_v2/scissors/scissors-set2 (422).npy,./batch_scissors/fitted/scissors-set2 (422).npy
scissors,scissors-set2 (431),val,./dataset/skeleton_final_v2/scissors/scissors-set2 (431).npy,./batch_scissors/fitted/scissors-set2 (431).npy
scissors,scissors-set2 (433),val,./dataset/skeleton_final_v2/scissors/scissors-set2 (433).npy,./batch_scissors/fitted/scissors-set2 (433).npy
scissors,scissors-set2 (434),val,./dataset/skeleton_final_v2/scissors/scissors-set2 (434).npy,./batch_scissors/fitted/scissors-set2 (434).npy
scissors,scissors-set2 (440),val,./dataset/skeleton_final_v2/scissors/scissors-set2 (440).npy,./batch_scissors/fitted/scissors-set2 (440).npy
scissors,scissors-set2 (452),val,./dataset/skeleton_final_v2/scissors/scissors-set2 (452).npy,./batch_scissors/fitted/scissors-set2 (452).npy
scissors,scissors-set2 (455),val,./dataset/skeleton_final_v2/scissors/scissors-set2 (455).npy,./batch_scissors/fitted/scissors-set2 (455).npy
scissors,scissors-set2 (457),val,./dataset/skeleton_final_v2/scissors/scissors-set2 (457).npy,./batch_scissors/fitted/scissors-set2 (457).npy
scissors,scissors-set2 (465),val,./dataset/skeleton_final_v2/scissors/scissors-set2 (465).npy,./batch_scissors/fitted/scissors-set2 (465).npy
scissors,scissors-set2 (468),val,./dataset/skeleton_final_v2/scissors/scissors-set2 (468).npy,./batch_scissors/fitted/scissors-set2 (468).npy
scissors,scissors-set2 (469),val,./dataset/skeleton_final_v2/scissors/scissors-set2 (469).npy,./batch_scissors/fitted/scissors-set2 (469).npy
scissors,scissors-set2 (476),val,./dataset/skeleton_final_v2/scissors/scissors-set2 (476).npy,./batch_scissors/fitted/scissors-set2 (476).npy
scissors,scissors-set2 (478),val,./dataset/skeleton_final_v2/scissors/scissors-set2 (478).npy,./batch_scissors/fitted/scissors-set2 (478).npy
scissors,scissors-set2 (507),val,./dataset/skeleton_final_v2/scissors/scissors-set2 (507).npy,./batch_scissors/fitted/scissors-set2 (507).npy
scissors,scissors-set2 (511),val,./dataset/skeleton_final_v2/scissors/scissors-set2 (511).npy,./batch_scissors/fitted/scissors-set2 (511).npy
scissors,scissors-set2 (530),val,./dataset/skeleton_final_v2/scissors/scissors-set2 (530).npy,./batch_scissors/fitted/scissors-set2 (530).npy
scissors,scissors-set2 (542),val,./dataset/skeleton_final_v2/scissors/scissors-set2 (542).npy,./batch_scissors/fitted/scissors-set2 (542).npy
scissors,scissors-set2 (543),val,./dataset/skeleton_final_v2/scissors/scissors-set2 (543).npy,./batch_scissors/fitted/scissors-set2 (543).npy
scissors,scissors-set2 (546),val,./dataset/skeleton_final_v2/scissors/scissors-set2 (546).npy,./batch_scissors/fitted/scissors-set2 (546).npy
scissors,scissors-set2 (549),val,./dataset/skeleton_final_v2/scissors/scissors-set2 (549).npy,./batch_scissors/fitted/scissors-set2 (549).npy
scissors,scissors-set2 (582),val,./dataset/skeleton_final_v2/scissors/scissors-set2 (582).npy,./batch_scissors/fitted/scissors-set2 (582).npy
scissors,scissors-set2 (588),val,./dataset/skeleton_final_v2/scissors/scissors-set2 (588).npy,./batch_scissors/fitted/scissors-set2 (588).npy
scissors,scissors-set2 (589),val,./dataset/skeleton_final_v2/scissors/scissors-set2 (589).npy,./batch_scissors/fitted/scissors-set2 (589).npy
scissors,scissors-set2 (595),val,./dataset/skeleton_final_v2/scissors/scissors-set2 (595).npy,./batch_scissors/fitted/scissors-set2 (595).npy
scissors,scissors-set2 (606),val,./dataset/skeleton_final_v2/scissors/scissors-set2 (606).npy,./batch_scissors/fitted/scissors-set2 (606).npy
scissors,scissors-set2 (607),val,./dataset/skeleton_final_v2/scissors/scissors-set2 (607).npy,./batch_scissors/fitted/scissors-set2 (607).npy
scissors,scissors-set2 (62),val,./dataset/skeleton_final_v2/scissors/scissors-set2 (62).npy,./batch_scissors/fitted/scissors-set2 (62).npy
scissors,scissors-set2 (626),val,./dataset/skeleton_final_v2/scissors/scissors-set2 (626).npy,./batch_scissors/fitted/scissors-set2 (626).npy
scissors,scissors-set2 (631),val,./dataset/skeleton_final_v2/scissors/scissors-set2 (631).npy,./batch_scissors/fitted/scissors-set2 (631).npy
scissors,scissors-set2 (646),val,./dataset/skeleton_final_v2/scissors/scissors-set2 (646).npy,./batch_scissors/fitted/scissors-set2 (646).npy
scissors,scissors-set2 (663),val,./dataset/skeleton_final_v2/scissors/scissors-set2 (663).npy,./batch_scissors/fitted/scissors-set2 (663).npy
scissors,scissors-set2 (666),val,./dataset/skeleton_final_v2/scissors/scissors-set2 (666).npy,./batch_scissors/fitted/scissors-set2 (666).npy
scissors,scissors-set2 (674),val,./dataset/skeleton_final_v2/scissors/scissors-set2 (674).npy,./batch_scissors/fitted/scissors-set2 (674).npy
scissors,scissors-set2 (676),val,./dataset/skeleton_final_v2/scissors/scissors-set2 (676).npy,./batch_scissors/fitted/scissors-set2 (676).npy
scissors,scissors-set2 (682),val,./dataset/skeleton_final_v2/scissors/scissors-set2 (682).npy,./batch_scissors/fitted/scissors-set2 (682).npy
scissors,scissors-set2 (686),val,./dataset/skeleton_final_v2/scissors/scissors-set2 (686).npy,./batch_scissors/fitted/scissors-set2 (686).npy
scissors,scissors-set2 (688),val,./dataset/skeleton_final_v2/scissors/scissors-set2 (688).npy,./batch_scissors/fitted/scissors-set2 (688).npy
scissors,scissors-set2 (690),val,./dataset/skeleton_final_v2/scissors/scissors-set2 (690).npy,./batch_scissors/fitted/scissors-set2 (690).npy
scissors,scissors-set2 (695),val,./dataset/skeleton_final_v2/scissors/scissors-set2 (695).npy,./batch_scissors/fitted/scissors-set2 (695).npy
scissors,scissors-set2 (696),val,./dataset/skeleton_final_v2/scissors/scissors-set2 (696).npy,./batch_scissors/fitted/scissors-set2 (696).npy
scissors,scissors-set2 (700),val,./dataset/skeleton_final_v2/scissors/scissors-set2 (700).npy,./batch_scissors/fitted/scissors-set2 (700).npy
scissors,scissors-set2 (701),val,./dataset/skeleton_final_v2/scissors/scissors-set2 (701).npy,./batch_scissors/fitted/scissors-set2 (701).npy
scissors,scissors-set2 (705),val,./dataset/skeleton_final_v2/scissors/scissors-set2 (705).npy,./batch_scissors/fitted/scissors-set2 (705).npy
scissors,scissors-set2 (712),val,./dataset/skeleton_final_v2/scissors/scissors-set2 (712).npy,./batch_scissors/fitted/scissors-set2 (712).npy
scissors,scissors-set2 (717),val,./dataset/skeleton_final_v2/scissors/scissors-set2 (717).npy,./batch_scissors/fitted/scissors-set2 (717).npy
scissors,scissors-set2 (724),val,./dataset/skeleton_final_v2/scissors/scissors-set2 (724).npy,./batch_scissors/fitted/scissors-set2 (724).npy
scissors,scissors-set2 (736),val,./dataset/skeleton_final_v2/scissors/scissors-set2 (736).npy,./batch_scissors/fitted/scissors-set2 (736).npy
scissors,scissors-set2 (740),val,./dataset/skeleton_final_v2/scissors/scissors-set2 (740).npy,./batch_scissors/fitted/scissors-set2 (740).npy
scissors,scissors-set2 (8),val,./dataset/skeleton_final_v2/scissors/scissors-set2 (8).npy,./batch_scissors/fitted/scissors-set2 (8).npy
scissors,scissors-set2 (83),val,./dataset/skeleton_final_v2/scissors/scissors-set2 (83).npy,./batch_scissors/fitted/scissors-set2 (83).npy
scissors,scissors-set2 (94),val,./dataset/skeleton_final_v2/scissors/scissors-set2 (94).npy,./batch_scissors/fitted/scissors-set2 (94).npy
scissors,scissors-set2 (95),val,./dataset/skeleton_final_v2/scissors/scissors-set2 (95).npy,./batch_scissors/fitted/scissors-set2 (95).npy
scissors,scissors_1073,val,./dataset/skeleton_final_v2/scissors/scissors_1073.npy,./batch_scissors/fitted/scissors_1073.npy
scissors,scissors_1079,val,./dataset/skeleton_final_v2/scissors/scissors_1079.npy,./batch_scissors/fitted/scissors_1079.npy
scissors,scissors_1482,val,./dataset/skeleton_final_v2/scissors/scissors_1482.npy,./batch_scissors/fitted/scissors_1482.npy
scissors,scissors_1881,val,./dataset/skeleton_final_v2/scissors/scissors_1881.npy,./batch_scissors/fitted/scissors_1881.npy
scissors,scissors_1887,val,./dataset/skeleton_final_v2/scissors/scissors_1887.npy,./batch_scissors/fitted/scissors_1887.npy
scissors,scissors_1891,val,./dataset/skeleton_final_v2/scissors/scissors_1891.npy,./batch_scissors/fitted/scissors_1891.npy
scissors,scissors_2593,val,./dataset/skeleton_final_v2/scissors/scissors_2593.npy,./batch_scissors/fitted/scissors_2593.npy
scissors,scissors_2691,val,./dataset/skeleton_final_v2/scissors/scissors_2691.npy,./batch_scissors/fitted/scissors_2691.npy
scissors,scissors_2746,val,./dataset/skeleton_final_v2/scissors/scissors_2746.npy,./batch_scissors/fitted/scissors_2746.npy
scissors,scissors_3833,val,./dataset/skeleton_final_v2/scissors/scissors_3833.npy,./batch_scissors/fitted/scissors_3833.npy
scissors,scissors_3856,val,./dataset/skeleton_final_v2/scissors/scissors_3856.npy,./batch_scissors/fitted/scissors_3856.npy
scissors,scissors_3859,val,./dataset/skeleton_final_v2/scissors/scissors_3859.npy,./batch_scissors/fitted/scissors_3859.npy
scissors,scissors_3865,val,./dataset/skeleton_final_v2/scissors/scissors_3865.npy,./batch_scissors/fitted/scissors_3865.npy
scissors,scissors_3892,val,./dataset/skeleton_final_v2/scissors/scissors_3892.npy,./batch_scissors/fitted/scissors_3892.npy
scissors,scissors_3899,val,./dataset/skeleton_final_v2/scissors/scissors_3899.npy,./batch_scissors/fitted/scissors_3899.npy
scissors,scissors_3901,val,./dataset/skeleton_final_v2/scissors/scissors_3901.npy,./batch_scissors/fitted/scissors_3901.npy
scissors,scissors_3907,val,./dataset/skeleton_final_v2/scissors/scissors_3907.npy,./batch_scissors/fitted/scissors_3907.npy
scissors,scissors_398,val,./dataset/skeleton_final_v2/scissors/scissors_398.npy,./batch_scissors/fitted/scissors_398.npy
scissors,scissors_450,val,./dataset/skeleton_final_v2/scissors/scissors_450.npy,./batch_scissors/fitted/scissors_450.npy
scissors,scissors_4611,val,./dataset/skeleton_final_v2/scissors/scissors_4611.npy,./batch_scissors/fitted/scissors_4611.npy
scissors,scissors_4624,val,./dataset/skeleton_final_v2/scissors/scissors_4624.npy,./batch_scissors/fitted/scissors_4624.npy
scissors,scissors_4626,val,./dataset/skeleton_final_v2/scissors/scissors_4626.npy,./batch_scissors/fitted/scissors_4626.npy
scissors,scissors_4649,val,./dataset/skeleton_final_v2/scissors/scissors_4649.npy,./batch_scissors/fitted/scissors_4649.npy
scissors,scissors_4652,val,./dataset/skeleton_final_v2/scissors/scissors_4652.npy,./batch_scissors/fitted/scissors_4652.npy
scissors,scissors_4657,val,./dataset/skeleton_final_v2/scissors/scissors_4657.npy,./batch_scissors/fitted/scissors_4657.npy
scissors,scissors_5196,val,./dataset/skeleton_final_v2/scissors/scissors_5196.npy,./batch_scissors/fitted/scissors_5196.npy
scissors,scissors_5237,val,./dataset/skeleton_final_v2/scissors/scissors_5237.npy,./batch_scissors/fitted/scissors_5237.npy
scissors,scissors_56,val,./dataset/skeleton_final_v2/scissors/scissors_56.npy,./batch_scissors/fitted/scissors_56.npy
scissors,scissors_5741,val,./dataset/skeleton_final_v2/scissors/scissors_5741.npy,./batch_scissors/fitted/scissors_5741.npy
scissors,scissors_5743,val,./dataset/skeleton_final_v2/scissors/scissors_5743.npy,./batch_scissors/fitted/scissors_5743.npy
scissors,scissors_5757,val,./dataset/skeleton_final_v2/scissors/scissors_5757.npy,./batch_scissors/fitted/scissors_5757.npy
scissors,scissors_6146,val,./dataset/skeleton_final_v2/scissors/scissors_6146.npy,./batch_scissors/fitted/scissors_6146.npy
scissors,scissors_6147,val,./dataset/skeleton_final_v2/scissors/scissors_6147.npy,./batch_scissors/fitted/scissors_6147.npy
scissors,scissors_6154,val,./dataset/skeleton_final_v2/scissors/scissors_6154.npy,./batch_scissors/fitted/scissors_6154.npy
scissors,scissors_6169,val,./dataset/skeleton_final_v2/scissors/scissors_6169.npy,./batch_scissors/fitted/scissors_6169.npy
scissors,scissors_6361,val,./dataset/skeleton_final_v2/scissors/scissors_6361.npy,./batch_scissors/fitted/scissors_6361.npy
scissors,scissors_6362,val,./dataset/skeleton_final_v2/scissors/scissors_6362.npy,./batch_scissors/fitted/scissors_6362.npy
scissors,scissors_6365,val,./dataset/skeleton_final_v2/scissors/scissors_6365.npy,./batch_scissors/fitted/scissors_6365.npy
scissors,scissors_6379,val,./dataset/skeleton_final_v2/scissors/scissors_6379.npy,./batch_scissors/fitted/scissors_6379.npy
scissors,scissors_6546,val,./dataset/skeleton_final_v2/scissors/scissors_6546.npy,./batch_scissors/fitted/scissors_6546.npy
scissors,scissors_6965,val,./dataset/skeleton_final_v2/scissors/scissors_6965.npy,./batch_scissors/fitted/scissors_6965.npy
scissors,scissors_7167,val,./dataset/skeleton_final_v2/scissors/scissors_7167.npy,./batch_scissors/fitted/scissors_7167.npy
scissors,scissors_7175,val,./dataset/skeleton_final_v2/scissors/scissors_7175.npy,./batch_scissors/fitted/scissors_7175.npy
scissors,scissors_7179,val,./dataset/skeleton_final_v2/scissors/scissors_7179.npy,./batch_scissors/fitted/scissors_7179.npy
scissors,scissors_7181,val,./dataset/skeleton_final_v2/scissors/scissors_7181.npy,./batch_scissors/fitted/scissors_7181.npy
scissors,scissors_7331,val,./dataset/skeleton_final_v2/scissors/scissors_7331.npy,./batch_scissors/fitted/scissors_7331.npy
scissors,scissors_7338,val,./dataset/skeleton_final_v2/scissors/scissors_7338.npy,./batch_scissors/fitted/scissors_7338.npy
scissors,scissors_7353,val,./dataset/skeleton_final_v2/scissors/scissors_7353.npy,./batch_scissors/fitted/scissors_7353.npy
scissors,scissors_753,val,./dataset/skeleton_final_v2/scissors/scissors_753.npy,./batch_scissors/fitted/scissors_753.npy
scissors,scissors_763,val,./dataset/skeleton_final_v2/scissors/scissors_763.npy,./batch_scissors/fitted/scissors_763.npy
scissors,scissors_7645,val,./dataset/skeleton_final_v2/scissors/scissors_7645.npy,./batch_scissors/fitted/scissors_7645.npy
scissors,scissors_7647,val,./dataset/skeleton_final_v2/scissors/scissors_7647.npy,./batch_scissors/fitted/scissors_7647.npy
scissors,scissors_7653,val,./dataset/skeleton_final_v2/scissors/scissors_7653.npy,./batch_scissors/fitted/scissors_7653.npy
scissors,scissors_7659,val,./dataset/skeleton_final_v2/scissors/scissors_7659.npy,./batch_scissors/fitted/scissors_7659.npy
scissors,scissors_7982,val,./dataset/skeleton_final_v2/scissors/scissors_7982.npy,./batch_scissors/fitted/scissors_7982.npy
scissors,scissors_8786,val,./dataset/skeleton_final_v2/scissors/scissors_8786.npy,./batch_scissors/fitted/scissors_8786.npy
scissors,scissors_8808,val,./dataset/skeleton_final_v2/scissors/scissors_8808.npy,./batch_scissors/fitted/scissors_8808.npy
scissors,scissors_8818,val,./dataset/skeleton_final_v2/scissors/scissors_8818.npy,./batch_scissors/fitted/scissors_8818.npy
scissors,scissors_9184,val,./dataset/skeleton_final_v2/scissors/scissors_9184.npy,./batch_scissors/fitted/scissors_9184.npy
scissors,scissors_9192,val,./dataset/skeleton_final_v2/scissors/scissors_9192.npy,./batch_scissors/fitted/scissors_9192.npy
scissors,scissors_9210,val,./dataset/skeleton_final_v2/scissors/scissors_9210.npy,./batch_scissors/fitted/scissors_9210.npy
the-finger,the-finger (115),val,./dataset/skeleton_final_v2/the-finger/the-finger (115).npy,./batch_thefinger/fitted/the-finger (115).npy
the-finger,the-finger (124),val,./dataset/skeleton_final_v2/the-finger/the-finger (124).npy,./batch_thefinger/fitted/the-finger (124).npy
the-finger,the-finger (127),val,./dataset/skeleton_final_v2/the-finger/the-finger (127).npy,./batch_thefinger/fitted/the-finger (127).npy
the-finger,the-finger (131),val,./dataset/skeleton_final_v2/the-finger/the-finger (131).npy,./batch_thefinger/fitted/the-finger (131).npy
the-finger,the-finger (14),val,./dataset/skeleton_final_v2/the-finger/the-finger (14).npy,./batch_thefinger/fitted/the-finger (14).npy
the-finger,the-finger (157),val,./dataset/skeleton_final_v2/the-finger/the-finger (157).npy,./batch_thefinger/fitted/the-finger (157).npy
the-finger,the-finger (160),val,./dataset/skeleton_final_v2/the-finger/the-finger (160).npy,./batch_thefinger/fitted/the-finger (160).npy
the-finger,the-finger (17),val,./dataset/skeleton_final_v2/the-finger/the-finger (17).npy,./batch_thefinger/fitted/the-finger (17).npy
the-finger,the-finger (28),val,./dataset/skeleton_final_v2/the-finger/the-finger (28).npy,./batch_thefinger/fitted/the-finger (28).npy
the-finger,the-finger (4),val,./dataset/skeleton_final_v2/the-finger/the-finger (4).npy,./batch_thefinger/fitted/the-finger (4).npy
the-finger,the-finger (44),val,./dataset/skeleton_final_v2/the-finger/the-finger (44).npy,./batch_thefinger/fitted/the-finger (44).npy
the-finger,the-finger (56),val,./dataset/skeleton_final_v2/the-finger/the-finger (56).npy,./batch_thefinger/fitted/the-finger (56).npy
the-finger,the-finger (80),val,./dataset/skeleton_final_v2/the-finger/the-finger (80).npy,./batch_thefinger/fitted/the-finger (80).npy
the-finger,the-finger (81),val,./dataset/skeleton_final_v2/the-finger/the-finger (81).npy,./batch_thefinger/fitted/the-finger (81).npy
the-finger,the-finger (82),val,./dataset/skeleton_final_v2/the-finger/the-finger (82).npy,./batch_thefinger/fitted/the-finger (82).npy
the-finger,the-finger (83),val,./dataset/skeleton_final_v2/the-finger/the-finger (83).npy,./batch_thefinger/fitted/the-finger (83).npy
the-finger,the-finger (89),val,./dataset/skeleton_final_v2/the-finger/the-finger (89).npy,./batch_thefinger/fitted/the-finger (89).npy
the-finger,the-finger (93),val,./dataset/skeleton_final_v2/the-finger/the-finger (93).npy,./batch_thefinger/fitted/the-finger (93).npy
the-finger,the-finger-set2 (10),val,./dataset/skeleton_final_v2/the-finger/the-finger-set2 (10).npy,./batch_thefinger/fitted/the-finger-set2 (10).npy
the-finger,the-finger-set2 (101),val,./dataset/skeleton_final_v2/the-finger/the-finger-set2 (101).npy,./batch_thefinger/fitted/the-finger-set2 (101).npy
the-finger,the-finger-set2 (103),val,./dataset/skeleton_final_v2/the-finger/the-finger-set2 (103).npy,./batch_thefinger/fitted/the-finger-set2 (103).npy
the-finger,the-finger-set2 (137),val,./dataset/skeleton_final_v2/the-finger/the-finger-set2 (137).npy,./batch_thefinger/fitted/the-finger-set2 (137).npy
the-finger,the-finger-set2 (148),val,./dataset/skeleton_final_v2/the-finger/the-finger-set2 (148).npy,./batch_thefinger/fitted/the-finger-set2 (148).npy
the-finger,the-finger-set2 (175),val,./dataset/skeleton_final_v2/the-finger/the-finger-set2 (175).npy,./batch_thefinger/fitted/the-finger-set2 (175).npy
the-finger,the-finger-set2 (190),val,./dataset/skeleton_final_v2/the-finger/the-finger-set2 (190).npy,./batch_thefinger/fitted/the-finger-set2 (190).npy
the-finger,the-finger-set2 (202),val,./dataset/skeleton_final_v2/the-finger/the-finger-set2 (202).npy,./batch_thefinger/fitted/the-finger-set2 (202).npy
the-finger,the-finger-set2 (211),val,./dataset/skeleton_final_v2/the-finger/the-finger-set2 (211).npy,./batch_thefinger/fitted/the-finger-set2 (211).npy
the-finger,the-finger-set2 (215),val,./dataset/skeleton_final_v2/the-finger/the-finger-set2 (215).npy,./batch_thefinger/fitted/the-finger-set2 (215).npy
the-finger,the-finger-set2 (223),val,./dataset/skeleton_final_v2/the-finger/the-finger-set2 (223).npy,./batch_thefinger/fitted/the-finger-set2 (223).npy
the-finger,the-finger-set2 (226),val,./dataset/skeleton_final_v2/the-finger/the-finger-set2 (226).npy,./batch_thefinger/fitted/the-finger-set2 (226).npy
the-finger,the-finger-set2 (232),val,./dataset/skeleton_final_v2/the-finger/the-finger-set2 (232).npy,./batch_thefinger/fitted/the-finger-set2 (232).npy
the-finger,the-finger-set2 (240),val,./dataset/skeleton_final_v2/the-finger/the-finger-set2 (240).npy,./batch_thefinger/fitted/the-finger-set2 (240).npy
the-finger,the-finger-set2 (244),val,./dataset/skeleton_final_v2/the-finger/the-finger-set2 (244).npy,./batch_thefinger/fitted/the-finger-set2 (244).npy
the-finger,the-finger-set2 (257),val,./dataset/skeleton_final_v2/the-finger/the-finger-set2 (257).npy,./batch_thefinger/fitted/the-finger-set2 (257).npy
the-finger,the-finger-set2 (263),val,./dataset/skeleton_final_v2/the-finger/the-finger-set2 (263).npy,./batch_thefinger/fitted/the-finger-set2 (263).npy
the-finger,the-finger-set2 (28),val,./dataset/skeleton_final_v2/the-finger/the-finger-set2 (28).npy,./batch_thefinger/fitted/the-finger-set2 (28).npy
the-finger,the-finger-set2 (294),val,./dataset/skeleton_final_v2/the-finger/the-finger-set2 (294).npy,./batch_thefinger/fitted/the-finger-set2 (294).npy
the-finger,the-finger-set2 (301),val,./dataset/skeleton_final_v2/the-finger/the-finger-set2 (301).npy,./batch_thefinger/fitted/the-finger-set2 (301).npy
the-finger,the-finger-set2 (305),val,./dataset/skeleton_final_v2/the-finger/the-finger-set2 (305).npy,./batch_thefinger/fitted/the-finger-set2 (305).npy
the-finger,the-finger-set2 (312),val,./dataset/skeleton_final_v2/the-finger/the-finger-set2 (312).npy,./batch_thefinger/fitted/the-finger-set2 (312).npy
the-finger,the-finger-set2 (336),val,./dataset/skeleton_final_v2/the-finger/the-finger-set2 (336).npy,./batch_thefinger/fitted/the-finger-set2 (336).npy
the-finger,the-finger-set2 (355),val,./dataset/skeleton_final_v2/the-finger/the-finger-set2 (355).npy,./batch_thefinger/fitted/the-finger-set2 (355).npy
the-finger,the-finger-set2 (356),val,./dataset/skeleton_final_v2/the-finger/the-finger-set2 (356).npy,./batch_thefinger/fitted/the-finger-set2 (356).npy
the-finger,the-finger-set2 (359),val,./dataset/skeleton_final_v2/the-finger/the-finger-set2 (359).npy,./batch_thefinger/fitted/the-finger-set2 (359).npy
the-finger,the-finger-set2 (361),val,./dataset/skeleton_final_v2/the-finger/the-finger-set2 (361).npy,./batch_thefinger/fitted/the-finger-set2 (361).npy
the-finger,the-finger-set2 (368),val,./dataset/skeleton_final_v2/the-finger/the-finger-set2 (368).npy,./batch_thefinger/fitted/the-finger-set2 (368).npy
the-finger,the-finger-set2 (372),val,./dataset/skeleton_final_v2/the-finger/the-finger-set2 (372).npy,./batch_thefinger/fitted/the-finger-set2 (372).npy
the-finger,the-finger-set2 (377),val,./dataset/skeleton_final_v2/the-finger/the-finger-set2 (377).npy,./batch_thefinger/fitted/the-finger-set2 (377).npy
the-finger,the-finger-set2 (384),val,./dataset/skeleton_final_v2/the-finger/the-finger-set2 (384).npy,./batch_thefinger/fitted/the-finger-set2 (384).npy
the-finger,the-finger-set2 (385),val,./dataset/skeleton_final_v2/the-finger/the-finger-set2 (385).npy,./batch_thefinger/fitted/the-finger-set2 (385).npy
the-finger,the-finger-set2 (39),val,./dataset/skeleton_final_v2/the-finger/the-finger-set2 (39).npy,./batch_thefinger/fitted/the-finger-set2 (39).npy
the-finger,the-finger-set2 (393),val,./dataset/skeleton_final_v2/the-finger/the-finger-set2 (393).npy,./batch_thefinger/fitted/the-finger-set2 (393).npy
the-finger,the-finger-set2 (415),val,./dataset/skeleton_final_v2/the-finger/the-finger-set2 (415).npy,./batch_thefinger/fitted/the-finger-set2 (415).npy
the-finger,the-finger-set2 (424),val,./dataset/skeleton_final_v2/the-finger/the-finger-set2 (424).npy,./batch_thefinger/fitted/the-finger-set2 (424).npy
the-finger,the-finger-set2 (427),val,./dataset/skeleton_final_v2/the-finger/the-finger-set2 (427).npy,./batch_thefinger/fitted/the-finger-set2 (427).npy
the-finger,the-finger-set2 (432),val,./dataset/skeleton_final_v2/the-finger/the-finger-set2 (432).npy,./batch_thefinger/fitted/the-finger-set2 (432).npy
the-finger,the-finger-set2 (435),val,./dataset/skeleton_final_v2/the-finger/the-finger-set2 (435).npy,./batch_thefinger/fitted/the-finger-set2 (435).npy
the-finger,the-finger-set2 (437),val,./dataset/skeleton_final_v2/the-finger/the-finger-set2 (437).npy,./batch_thefinger/fitted/the-finger-set2 (437).npy
the-finger,the-finger-set2 (65),val,./dataset/skeleton_final_v2/the-finger/the-finger-set2 (65).npy,./batch_thefinger/fitted/the-finger-set2 (65).npy
the-finger,the-finger-set2 (68),val,./dataset/skeleton_final_v2/the-finger/the-finger-set2 (68).npy,./batch_thefinger/fitted/the-finger-set2 (68).npy
the-finger,the-finger-set2 (8),val,./dataset/skeleton_final_v2/the-finger/the-finger-set2 (8).npy,./batch_thefinger/fitted/the-finger-set2 (8).npy
the-finger,the-finger-set2 (87),val,./dataset/skeleton_final_v2/the-finger/the-finger-set2 (87).npy,./batch_thefinger/fitted/the-finger-set2 (87).npy
the-finger,the-finger-set2 (91),val,./dataset/skeleton_final_v2/the-finger/the-finger-set2 (91).npy,./batch_thefinger/fitted/the-finger-set2 (91).npy
the-finger,the-finger-set2 (97),val,./dataset/skeleton_final_v2/the-finger/the-finger-set2 (97).npy,./batch_thefinger/fitted/the-finger-set2 (97).npy
the-finger,the-finger_1726,val,./dataset/skeleton_final_v2/the-finger/the-finger_1726.npy,./batch_thefinger/fitted/the-finger_1726.npy
the-finger,the-finger_1752,val,./dataset/skeleton_final_v2/the-finger/the-finger_1752.npy,./batch_thefinger/fitted/the-finger_1752.npy
the-finger,the-finger_225,val,./dataset/skeleton_final_v2/the-finger/the-finger_225.npy,./batch_thefinger/fitted/the-finger_225.npy
the-finger,the-finger_2252,val,./dataset/skeleton_final_v2/the-finger/the-finger_2252.npy,./batch_thefinger/fitted/the-finger_2252.npy
the-finger,the-finger_2276,val,./dataset/skeleton_final_v2/the-finger/the-finger_2276.npy,./batch_thefinger/fitted/the-finger_2276.npy
the-finger,the-finger_231,val,./dataset/skeleton_final_v2/the-finger/the-finger_231.npy,./batch_thefinger/fitted/the-finger_231.npy
the-finger,the-finger_237,val,./dataset/skeleton_final_v2/the-finger/the-finger_237.npy,./batch_thefinger/fitted/the-finger_237.npy
the-finger,the-finger_242,val,./dataset/skeleton_final_v2/the-finger/the-finger_242.npy,./batch_thefinger/fitted/the-finger_242.npy
the-finger,the-finger_246,val,./dataset/skeleton_final_v2/the-finger/the-finger_246.npy,./batch_thefinger/fitted/the-finger_246.npy
the-finger,the-finger_3450,val,./dataset/skeleton_final_v2/the-finger/the-finger_3450.npy,./batch_thefinger/fitted/the-finger_3450.npy
the-finger,the-finger_3454,val,./dataset/skeleton_final_v2/the-finger/the-finger_3454.npy,./batch_thefinger/fitted/the-finger_3454.npy
the-finger,the-finger_3464,val,./dataset/skeleton_final_v2/the-finger/the-finger_3464.npy,./batch_thefinger/fitted/the-finger_3464.npy
the-finger,the-finger_3484,val,./dataset/skeleton_final_v2/the-finger/the-finger_3484.npy,./batch_thefinger/fitted/the-finger_3484.npy
the-finger,the-finger_3519,val,./dataset/skeleton_final_v2/the-finger/the-finger_3519.npy,./batch_thefinger/fitted/the-finger_3519.npy
the-finger,the-finger_3525,val,./dataset/skeleton_final_v2/the-finger/the-finger_3525.npy,./batch_thefinger/fitted/the-finger_3525.npy
the-finger,the-finger_3526,val,./dataset/skeleton_final_v2/the-finger/the-finger_3526.npy,./batch_thefinger/fitted/the-finger_3526.npy
the-finger,the-finger_3532,val,./dataset/skeleton_final_v2/the-finger/the-finger_3532.npy,./batch_thefinger/fitted/the-finger_3532.npy
the-finger,the-finger_5364,val,./dataset/skeleton_final_v2/the-finger/the-finger_5364.npy,./batch_thefinger/fitted/the-finger_5364.npy
the-finger,the-finger_5368,val,./dataset/skeleton_final_v2/the-finger/the-finger_5368.npy,./batch_thefinger/fitted/the-finger_5368.npy
the-finger,the-finger_5372,val,./dataset/skeleton_final_v2/the-finger/the-finger_5372.npy,./batch_thefinger/fitted/the-finger_5372.npy
the-finger,the-finger_5380,val,./dataset/skeleton_final_v2/the-finger/the-finger_5380.npy,./batch_thefinger/fitted/the-finger_5380.npy
the-finger,the-finger_5680,val,./dataset/skeleton_final_v2/the-finger/the-finger_5680.npy,./batch_thefinger/fitted/the-finger_5680.npy
the-finger,the-finger_581,val,./dataset/skeleton_final_v2/the-finger/the-finger_581.npy,./batch_thefinger/fitted/the-finger_581.npy
the-finger,the-finger_5840,val,./dataset/skeleton_final_v2/the-finger/the-finger_5840.npy,./batch_thefinger/fitted/the-finger_5840.npy
the-finger,the-finger_5851,val,./dataset/skeleton_final_v2/the-finger/the-finger_5851.npy,./batch_thefinger/fitted/the-finger_5851.npy
the-finger,the-finger_5858,val,./dataset/skeleton_final_v2/the-finger/the-finger_5858.npy,./batch_thefinger/fitted/the-finger_5858.npy
the-finger,the-finger_5861,val,./dataset/skeleton_final_v2/the-finger/the-finger_5861.npy,./batch_thefinger/fitted/the-finger_5861.npy
the-finger,the-finger_602,val,./dataset/skeleton_final_v2/the-finger/the-finger_602.npy,./batch_thefinger/fitted/the-finger_602.npy
the-finger,the-finger_6066,val,./dataset/skeleton_final_v2/the-finger/the-finger_6066.npy,./batch_thefinger/fitted/the-finger_6066.npy
the-finger,the-finger_6069,val,./dataset/skeleton_final_v2/the-finger/the-finger_6069.npy,./batch_thefinger/fitted/the-finger_6069.npy
the-finger,the-finger_6070,val,./dataset/skeleton_final_v2/the-finger/the-finger_6070.npy,./batch_thefinger/fitted/the-finger_6070.npy
the-finger,the-finger_618,val,./dataset/skeleton_final_v2/the-finger/the-finger_618.npy,./batch_thefinger/fitted/the-finger_618.npy
the-finger,the-finger_6275,val,./dataset/skeleton_final_v2/the-finger/the-finger_6275.npy,./batch_thefinger/fitted/the-finger_6275.npy
the-finger,the-finger_6298,val,./dataset/skeleton_final_v2/the-finger/the-finger_6298.npy,./batch_thefinger/fitted/the-finger_6298.npy
the-finger,the-finger_6458,val,./dataset/skeleton_final_v2/the-finger/the-finger_6458.npy,./batch_thefinger/fitted/the-finger_6458.npy
the-finger,the-finger_6478,val,./dataset/skeleton_final_v2/the-finger/the-finger_6478.npy,./batch_thefinger/fitted/the-finger_6478.npy
the-finger,the-finger_6655,val,./dataset/skeleton_final_v2/the-finger/the-finger_6655.npy,./batch_thefinger/fitted/the-finger_6655.npy
the-finger,the-finger_6861,val,./dataset/skeleton_final_v2/the-finger/the-finger_6861.npy,./batch_thefinger/fitted/the-finger_6861.npy
the-finger,the-finger_6878,val,./dataset/skeleton_final_v2/the-finger/the-finger_6878.npy,./batch_thefinger/fitted/the-finger_6878.npy
the-finger,the-finger_6879,val,./dataset/skeleton_final_v2/the-finger/the-finger_6879.npy,./batch_thefinger/fitted/the-finger_6879.npy
the-finger,the-finger_7087,val,./dataset/skeleton_final_v2/the-finger/the-finger_7087.npy,./batch_thefinger/fitted/the-finger_7087.npy
the-finger,the-finger_7100,val,./dataset/skeleton_final_v2/the-finger/the-finger_7100.npy,./batch_thefinger/fitted/the-finger_7100.npy
the-finger,the-finger_7487,val,./dataset/skeleton_final_v2/the-finger/the-finger_7487.npy,./batch_thefinger/fitted/the-finger_7487.npy
the-finger,the-finger_7492,val,./dataset/skeleton_final_v2/the-finger/the-finger_7492.npy,./batch_thefinger/fitted/the-finger_7492.npy
the-finger,the-finger_7494,val,./dataset/skeleton_final_v2/the-finger/the-finger_7494.npy,./batch_thefinger/fitted/the-finger_7494.npy
the-finger,the-finger_7500,val,./dataset/skeleton_final_v2/the-finger/the-finger_7500.npy,./batch_thefinger/fitted/the-finger_7500.npy
the-finger,the-finger_7838,val,./dataset/skeleton_final_v2/the-finger/the-finger_7838.npy,./batch_thefinger/fitted/the-finger_7838.npy
the-finger,the-finger_8356,val,./dataset/skeleton_final_v2/the-finger/the-finger_8356.npy,./batch_thefinger/fitted/the-finger_8356.npy
the-finger,the-finger_9470,val,./dataset/skeleton_final_v2/the-finger/the-finger_9470.npy,./batch_thefinger/fitted/the-finger_9470.npy
