action,sample_id,split,image_path,skeleton_path,mphand_bbox_x1,mphand_bbox_y1,mphand_bbox_x2,mphand_bbox_y2
ok,ok_1532,test,./data/raw/FullLabelled/ok/ok_1532.jpg,./dataset/skeleton_final_v2/ok/ok_1532.npy,0.08155670762062073,0.1367306113243103,0.716634213924408,0.7419880628585815
paper,paper-set2 (35),test,./data/raw/FullLabelled/paper/paper-set2 (35).jpg,./dataset/skeleton_final_v2/paper/paper-set2 (35).npy,0.1017860472202301,0.09841340780258179,0.8101845979690552,0.9011820554733276
scissors,scissors (272),test,./data/raw/FullLabelled/scissors/scissors (272).jpg,./dataset/skeleton_final_v2/scissors/scissors (272).npy,0.1868327260017395,0.14382818341255188,0.8128374218940735,0.9020875692367554
paper,paper (151),test,./data/raw/FullLabelled/paper/paper (151).jpg,./dataset/skeleton_final_v2/paper/paper (151).npy,0.0384904146194458,0.06708234548568726,0.833406925201416,0.8969091176986694
scissors,scissors (435),test,./data/raw/FullLabelled/scissors/scissors (435).jpg,./dataset/skeleton_final_v2/scissors/scissors (435).npy,0.11011996865272522,0.09522408246994019,0.8140763640403748,0.8971271514892578
paper,paper-set2 (212),test,./data/raw/FullLabelled/paper/paper-set2 (212).jpg,./dataset/skeleton_final_v2/paper/paper-set2 (212).npy,0.09406009316444397,0.09180888533592224,0.8480589389801025,0.8755545616149902
ok,ok_Set2_ (542),test,./data/raw/FullLabelled/ok/ok_Set2_ (542).jpg,./dataset/skeleton_final_v2/ok/ok_Set2_ (542).npy,0.04744449257850647,0.10298213362693787,0.8104202747344971,0.8905659914016724
ok,ok_Set2_ (456),test,./data/raw/FullLabelled/ok/ok_Set2_ (456).jpg,./dataset/skeleton_final_v2/ok/ok_Set2_ (456).npy,0.1690148413181305,0.10818910598754883,0.7263543605804443,0.7884373664855957
scissors,scissors_3838,test,./data/raw/FullLabelled/scissors/scissors_3838.jpg,./dataset/skeleton_final_v2/scissors/scissors_3838.npy,0.13395285606384277,0.05858325958251953,0.8701155781745911,0.922814130783081
scissors,scissors-set2 (735),test,./data/raw/FullLabelled/scissors/scissors-set2 (735).jpg,./dataset/skeleton_final_v2/scissors/scissors-set2 (735).npy,0.13725066184997559,0.06280353665351868,0.8452346324920654,0.92003333568573
rock,rock-set2 (179),test,./data/raw/FullLabelled/rock/rock-set2 (179).jpg,./dataset/skeleton_final_v2/rock/rock-set2 (179).npy,0.12645360827445984,0.09391703456640244,0.7599215507507324,0.6873475313186646
paper,paper-set2 (43),test,./data/raw/FullLabelled/paper/paper-set2 (43).jpg,./dataset/skeleton_final_v2/paper/paper-set2 (43).npy,0.10263696312904358,0.09997308254241943,0.8244433403015137,0.9070210456848145
rock,rock_6325,test,./data/raw/FullLabelled/rock/rock_6325.jpg,./dataset/skeleton_final_v2/rock/rock_6325.npy,0.18837016820907593,0.15287300944328308,0.7429845333099365,0.724930465221405
scissors,scissors-set2 (38),test,./data/raw/FullLabelled/scissors/scissors-set2 (38).jpg,./dataset/skeleton_final_v2/scissors/scissors-set2 (38).npy,0.15200050175189972,0.109982430934906,0.7263484001159668,0.843813419342041
the-finger,the-finger-set2 (309),test,./data/raw/FullLabelled/the-finger/the-finger-set2 (309).jpg,./dataset/skeleton_final_v2/the-finger/the-finger-set2 (309).npy,0.13540327548980713,0.060748279094696045,0.7449264526367188,0.9569849967956543
paper,paper (123),test,./data/raw/FullLabelled/paper/paper (123).jpg,./dataset/skeleton_final_v2/paper/paper (123).npy,0.06619194149971008,0.08306059241294861,0.8209246397018433,0.883206307888031
ok,ok (263),test,./data/raw/FullLabelled/ok/ok (263).jpg,./dataset/skeleton_final_v2/ok/ok (263).npy,0.067933589220047,0.12806829810142517,0.7678729295730591,0.8574237823486328
paper,paper-set2 (341),test,./data/raw/FullLabelled/paper/paper-set2 (341).jpg,./dataset/skeleton_final_v2/paper/paper-set2 (341).npy,0.0,0.0540943443775177,0.8817742466926575,0.9571987986564636
scissors,scissors_6168,test,./data/raw/FullLabelled/scissors/scissors_6168.jpg,./dataset/skeleton_final_v2/scissors/scissors_6168.npy,0.1482471227645874,0.049316227436065674,0.8954063653945923,0.9068763256072998
scissors,scissors_5744,test,./data/raw/FullLabelled/scissors/scissors_5744.jpg,./dataset/skeleton_final_v2/scissors/scissors_5744.npy,0.09214428067207336,0.05951288342475891,0.9072113037109375,0.9426455497741699
scissors,scissors (473),test,./data/raw/FullLabelled/scissors/scissors (473).jpg,./dataset/skeleton_final_v2/scissors/scissors (473).npy,0.15538428723812103,0.12815400958061218,0.7289320826530457,0.8860892653465271
the-finger,the-finger (135),test,./data/raw/FullLabelled/the-finger/the-finger (135).jpg,./dataset/skeleton_final_v2/the-finger/the-finger (135).npy,0.15132266283035278,0.0,0.757285475730896,0.903427243232727
paper,paper (124),test,./data/raw/FullLabelled/paper/paper (124).jpg,./dataset/skeleton_final_v2/paper/paper (124).npy,0.0,0.0944795310497284,0.7928774952888489,0.921820878982544
paper,paper-set2 (280),test,./data/raw/FullLabelled/paper/paper-set2 (280).jpg,./dataset/skeleton_final_v2/paper/paper-set2 (280).npy,0.06134554743766785,0.0838233232498169,0.7996256351470947,0.9067742824554443
the-finger,the-finger_2250,test,./data/raw/FullLabelled/the-finger/the-finger_2250.jpg,./dataset/skeleton_final_v2/the-finger/the-finger_2250.npy,0.25226953625679016,0.07686278223991394,0.8908981084823608,0.8498878479003906
ok,ok_Set2_ (38),test,./data/raw/FullLabelled/ok/ok_Set2_ (38).jpg,./dataset/skeleton_final_v2/ok/ok_Set2_ (38).npy,0.1183432936668396,0.13087749481201172,0.7454777956008911,0.8603441119194031
ok,ok_2009,test,./data/raw/FullLabelled/ok/ok_2009.jpg,./dataset/skeleton_final_v2/ok/ok_2009.npy,0.17901402711868286,0.0,0.938605010509491,0.8380054235458374
paper,paper-set2 (23),test,./data/raw/FullLabelled/paper/paper-set2 (23).jpg,./dataset/skeleton_final_v2/paper/paper-set2 (23).npy,0.08762064576148987,0.0969371497631073,0.8184528350830078,0.901089608669281
ok,ok_Set2_ (264),test,./data/raw/FullLabelled/ok/ok_Set2_ (264).jpg,./dataset/skeleton_final_v2/ok/ok_Set2_ (264).npy,0.15390393137931824,0.09806719422340393,0.5889118313789368,0.8623976707458496
scissors,scissors_6553,test,./data/raw/FullLabelled/scissors/scissors_6553.jpg,./dataset/skeleton_final_v2/scissors/scissors_6553.npy,0.08762797713279724,0.08281499147415161,0.8944509625434875,0.893055260181427
ok,ok (267),test,./data/raw/FullLabelled/ok/ok (267).jpg,./dataset/skeleton_final_v2/ok/ok (267).npy,0.086557537317276,0.09829828143119812,0.8362512588500977,0.7626158595085144
scissors,scissors_422,test,./data/raw/FullLabelled/scissors/scissors_422.jpg,./dataset/skeleton_final_v2/scissors/scissors_422.npy,0.2311219573020935,0.06381019949913025,0.8183197379112244,0.8325027823448181
paper,paper_5712,test,./data/raw/FullLabelled/paper/paper_5712.jpg,./dataset/skeleton_final_v2/paper/paper_5712.npy,0.059720903635025024,0.07374271750450134,0.9230141639709473,0.9620436429977417
paper,paper-set2 (318),test,./data/raw/FullLabelled/paper/paper-set2 (318).jpg,./dataset/skeleton_final_v2/paper/paper-set2 (318).npy,0.0,0.04336616396903992,0.8745371103286743,1.0
scissors,scissors-set2 (149),test,./data/raw/FullLabelled/scissors/scissors-set2 (149).jpg,./dataset/skeleton_final_v2/scissors/scissors-set2 (149).npy,0.19603921473026276,0.1109539270401001,0.7937899827957153,0.8722554445266724
the-finger,the-finger-set2 (92),test,./data/raw/FullLabelled/the-finger/the-finger-set2 (92).jpg,./dataset/skeleton_final_v2/the-finger/the-finger-set2 (92).npy,0.16898375749588013,0.0962224006652832,0.8011605739593506,0.979274332523346
ok,ok_Set2_ (158),test,./data/raw/FullLabelled/ok/ok_Set2_ (158).jpg,./dataset/skeleton_final_v2/ok/ok_Set2_ (158).npy,0.13220468163490295,0.08903965353965759,0.7502423524856567,0.8016629219055176
ok,ok_81,test,./data/raw/FullLabelled/ok/ok_81.jpg,./dataset/skeleton_final_v2/ok/ok_81.npy,0.14496740698814392,0.13125115633010864,0.9161704778671265,0.7686882019042969
paper,paper-set2 (389),test,./data/raw/FullLabelled/paper/paper-set2 (389).jpg,./dataset/skeleton_final_v2/paper/paper-set2 (389).npy,0.053577274084091187,0.08029535412788391,0.8397759199142456,0.8981467485427856
scissors,scissors (392),test,./data/raw/FullLabelled/scissors/scissors (392).jpg,./dataset/skeleton_final_v2/scissors/scissors (392).npy,0.12250733375549316,0.12104398012161255,0.8143234252929688,0.8697988986968994
ok,ok_1145,test,./data/raw/FullLabelled/ok/ok_1145.jpg,./dataset/skeleton_final_v2/ok/ok_1145.npy,0.1582871377468109,0.10194131731987,0.9493828415870667,0.8629326820373535
ok,ok_Set2_ (261),test,./data/raw/FullLabelled/ok/ok_Set2_ (261).jpg,./dataset/skeleton_final_v2/ok/ok_Set2_ (261).npy,0.06495422124862671,0.11810949444770813,0.7577048540115356,0.8362548351287842
paper,paper-set2 (253),test,./data/raw/FullLabelled/paper/paper-set2 (253).jpg,./dataset/skeleton_final_v2/paper/paper-set2 (253).npy,0.03620448708534241,0.05210667848587036,0.7982134819030762,0.8966608047485352
ok,ok_Set2_ (281),test,./data/raw/FullLabelled/ok/ok_Set2_ (281).jpg,./dataset/skeleton_final_v2/ok/ok_Set2_ (281).npy,0.14918965101242065,0.12781396508216858,0.794357419013977,0.8695595860481262
scissors,scissors-set2 (602),test,./data/raw/FullLabelled/scissors/scissors-set2 (602).jpg,./dataset/skeleton_final_v2/scissors/scissors-set2 (602).npy,0.14650292694568634,0.07904323935508728,0.7100579738616943,0.8925279974937439
the-finger,the-finger_6299,test,./data/raw/FullLabelled/the-finger/the-finger_6299.jpg,./dataset/skeleton_final_v2/the-finger/the-finger_6299.npy,0.10887780785560608,0.07738375663757324,0.9058526754379272,0.9170295596122742
scissors,scissors-set2 (334),test,./data/raw/FullLabelled/scissors/scissors-set2 (334).jpg,./dataset/skeleton_final_v2/scissors/scissors-set2 (334).npy,0.10539203882217407,0.07383647561073303,0.6458718180656433,0.8945547342300415
paper,paper-set2 (463),test,./data/raw/FullLabelled/paper/paper-set2 (463).jpg,./dataset/skeleton_final_v2/paper/paper-set2 (463).npy,0.0,0.10076940059661865,0.8624236583709717,0.8938583135604858
scissors,scissors_2678,test,./data/raw/FullLabelled/scissors/scissors_2678.jpg,./dataset/skeleton_final_v2/scissors/scissors_2678.npy,0.13182249665260315,0.06840246915817261,0.9123554229736328,0.9373156428337097
scissors,scissors_7970,test,./data/raw/FullLabelled/scissors/scissors_7970.jpg,./dataset/skeleton_final_v2/scissors/scissors_7970.npy,0.22499871253967285,0.11897432804107666,0.8592798113822937,0.8562594056129456
scissors,scissors-set2 (660),test,./data/raw/FullLabelled/scissors/scissors-set2 (660).jpg,./dataset/skeleton_final_v2/scissors/scissors-set2 (660).npy,0.1470051109790802,0.06881847977638245,0.8314571380615234,0.9047418236732483
the-finger,the-finger-set2 (2),test,./data/raw/FullLabelled/the-finger/the-finger-set2 (2).jpg,./dataset/skeleton_final_v2/the-finger/the-finger-set2 (2).npy,0.4635695219039917,0.4268709123134613,0.6684869527816772,0.9162244200706482
paper,paper_368,test,./data/raw/FullLabelled/paper/paper_368.jpg,./dataset/skeleton_final_v2/paper/paper_368.npy,0.12373310327529907,0.08115294575691223,0.9141936302185059,0.8661777377128601
ok,ok_1974,test,./data/raw/FullLabelled/ok/ok_1974.jpg,./dataset/skeleton_final_v2/ok/ok_1974.npy,0.42279139161109924,0.3423829972743988,0.7436423301696777,0.7775098085403442
ok,ok_Set2_ (380),test,./data/raw/FullLabelled/ok/ok_Set2_ (380).jpg,./dataset/skeleton_final_v2/ok/ok_Set2_ (380).npy,0.053492218255996704,0.09702765941619873,0.8458880186080933,0.9346505403518677
ok,ok (253),test,./data/raw/FullLabelled/ok/ok (253).jpg,./dataset/skeleton_final_v2/ok/ok (253).npy,0.15394392609596252,0.11876755952835083,0.7680460214614868,0.8289182782173157
scissors,scissors (106),test,./data/raw/FullLabelled/scissors/scissors (106).jpg,./dataset/skeleton_final_v2/scissors/scissors (106).npy,0.1360277235507965,0.1116693913936615,0.6864450573921204,0.902023434638977
scissors,scissors (70),test,./data/raw/FullLabelled/scissors/scissors (70).jpg,./dataset/skeleton_final_v2/scissors/scissors (70).npy,0.14468908309936523,0.07255753874778748,0.8614597320556641,0.9311034679412842
paper,paper_5460,test,./data/raw/FullLabelled/paper/paper_5460.jpg,./dataset/skeleton_final_v2/paper/paper_5460.npy,0.10675090551376343,0.058272331953048706,0.8118425011634827,0.9085225462913513
the-finger,the-finger_6068,test,./data/raw/FullLabelled/the-finger/the-finger_6068.jpg,./dataset/skeleton_final_v2/the-finger/the-finger_6068.npy,0.14733317494392395,0.05417221784591675,0.8649960160255432,0.9087153673171997
paper,paper_6128,test,./data/raw/FullLabelled/paper/paper_6128.jpg,./dataset/skeleton_final_v2/paper/paper_6128.npy,0.11417445540428162,0.07631909847259521,0.9167035222053528,0.9604124426841736
rock,rock_6310,test,./data/raw/FullLabelled/rock/rock_6310.jpg,./dataset/skeleton_final_v2/rock/rock_6310.npy,0.08600208163261414,0.09730474650859833,0.7427232265472412,0.6724256873130798
the-finger,the-finger_878,test,./data/raw/FullLabelled/the-finger/the-finger_878.jpg,./dataset/skeleton_final_v2/the-finger/the-finger_878.npy,0.1590203046798706,0.08011198043823242,0.812446117401123,0.8156983852386475
scissors,scissors (432),test,./data/raw/FullLabelled/scissors/scissors (432).jpg,./dataset/skeleton_final_v2/scissors/scissors (432).npy,0.09990197420120239,0.0989176332950592,0.8035945892333984,0.8909684419631958
ok,ok_7018,test,./data/raw/FullLabelled/ok/ok_7018.jpg,./dataset/skeleton_final_v2/ok/ok_7018.npy,0.05713629722595215,0.07696425914764404,0.9275860786437988,0.9300940632820129
ok,ok_5292,test,./data/raw/FullLabelled/ok/ok_5292.jpg,./dataset/skeleton_final_v2/ok/ok_5292.npy,0.12444174289703369,0.10228532552719116,0.8857223391532898,0.9163328409194946
scissors,scissors (282),test,./data/raw/FullLabelled/scissors/scissors (282).jpg,./dataset/skeleton_final_v2/scissors/scissors (282).npy,0.19613654911518097,0.11922147870063782,0.7982589602470398,0.9125465154647827
scissors,scissors (427),test,./data/raw/FullLabelled/scissors/scissors (427).jpg,./dataset/skeleton_final_v2/scissors/scissors (427).npy,0.10990062355995178,0.07709738612174988,0.785455048084259,0.8996400237083435
scissors,scissors-set2 (364),test,./data/raw/FullLabelled/scissors/scissors-set2 (364).jpg,./dataset/skeleton_final_v2/scissors/scissors-set2 (364).npy,0.1973707377910614,0.13712063431739807,0.734426736831665,0.8988323211669922
scissors,scissors-set2 (30),test,./data/raw/FullLabelled/scissors/scissors-set2 (30).jpg,./dataset/skeleton_final_v2/scissors/scissors-set2 (30).npy,0.14512324333190918,0.12239006161689758,0.7497009038925171,0.8902478814125061
scissors,scissors-set2 (638),test,./data/raw/FullLabelled/scissors/scissors-set2 (638).jpg,./dataset/skeleton_final_v2/scissors/scissors-set2 (638).npy,0.1953013837337494,0.10665148496627808,0.637245237827301,0.7537242770195007
paper,paper (107),test,./data/raw/FullLabelled/paper/paper (107).jpg,./dataset/skeleton_final_v2/paper/paper (107).npy,0.0010619759559631348,0.13075459003448486,0.8582607507705688,0.9224190711975098
scissors,scissors (211),test,./data/raw/FullLabelled/scissors/scissors (211).jpg,./dataset/skeleton_final_v2/scissors/scissors (211).npy,0.1661006510257721,0.10618799924850464,0.7424620389938354,0.883634090423584
paper,paper-set2 (103),test,./data/raw/FullLabelled/paper/paper-set2 (103).jpg,./dataset/skeleton_final_v2/paper/paper-set2 (103).npy,0.05383136868476868,0.09043967723846436,0.8917884826660156,0.8994482755661011
paper,paper_24,test,./data/raw/FullLabelled/paper/paper_24.jpg,./dataset/skeleton_final_v2/paper/paper_24.npy,0.1156356930732727,0.0727304220199585,0.9474960565567017,0.9002161622047424
scissors,scissors-set2 (729),test,./data/raw/FullLabelled/scissors/scissors-set2 (729).jpg,./dataset/skeleton_final_v2/scissors/scissors-set2 (729).npy,0.1011577844619751,0.07586401700973511,0.8141827583312988,0.9245439767837524
paper,paper-set2 (424),test,./data/raw/FullLabelled/paper/paper-set2 (424).jpg,./dataset/skeleton_final_v2/paper/paper-set2 (424).npy,0.0481896698474884,0.04331386089324951,0.86257004737854,0.9010637998580933
scissors,scissors (267),test,./data/raw/FullLabelled/scissors/scissors (267).jpg,./dataset/skeleton_final_v2/scissors/scissors (267).npy,0.12431228160858154,0.09916207194328308,0.8144305944442749,0.9267300367355347
the-finger,the-finger-set2 (234),test,./data/raw/FullLabelled/the-finger/the-finger-set2 (234).jpg,./dataset/skeleton_final_v2/the-finger/the-finger-set2 (234).npy,0.09204179048538208,0.0684700608253479,0.7317255735397339,0.9092086553573608
scissors,scissors (324),test,./data/raw/FullLabelled/scissors/scissors (324).jpg,./dataset/skeleton_final_v2/scissors/scissors (324).npy,0.16470372676849365,0.07546138763427734,0.7813318371772766,0.934807300567627
ok,ok_1556,test,./data/raw/FullLabelled/ok/ok_1556.jpg,./dataset/skeleton_final_v2/ok/ok_1556.npy,0.24206838011741638,0.13092917203903198,0.8005092740058899,0.8608049154281616
rock,rock_3152,test,./data/raw/FullLabelled/rock/rock_3152.jpg,./dataset/skeleton_final_v2/rock/rock_3152.npy,0.3078118562698364,0.1151910200715065,0.7672025561332703,0.5549490451812744
ok,ok_Set2_ (474),test,./data/raw/FullLabelled/ok/ok_Set2_ (474).jpg,./dataset/skeleton_final_v2/ok/ok_Set2_ (474).npy,0.122587651014328,0.15283384919166565,0.6849679350852966,0.862425684928894
scissors,scissors-set2 (477),test,./data/raw/FullLabelled/scissors/scissors-set2 (477).jpg,./dataset/skeleton_final_v2/scissors/scissors-set2 (477).npy,0.17545673251152039,0.10493394732475281,0.7320432066917419,0.8584334254264832
paper,paper-set2 (402),test,./data/raw/FullLabelled/paper/paper-set2 (402).jpg,./dataset/skeleton_final_v2/paper/paper-set2 (402).npy,0.07436910271644592,0.0920083224773407,0.8184064030647278,0.8730065822601318
scissors,scissors-set2 (576),test,./data/raw/FullLabelled/scissors/scissors-set2 (576).jpg,./dataset/skeleton_final_v2/scissors/scissors-set2 (576).npy,0.11132058501243591,0.11278945207595825,0.8186262845993042,0.9163618087768555
ok,ok (115),test,./data/raw/FullLabelled/ok/ok (115).jpg,./dataset/skeleton_final_v2/ok/ok (115).npy,0.17915433645248413,0.09643048048019409,0.7897709608078003,0.7242030501365662
scissors,scissors_7170,test,./data/raw/FullLabelled/scissors/scissors_7170.jpg,./dataset/skeleton_final_v2/scissors/scissors_7170.npy,0.15606075525283813,0.06807154417037964,0.8867626190185547,0.966002345085144
paper,paper_3814,test,./data/raw/FullLabelled/paper/paper_3814.jpg,./dataset/skeleton_final_v2/paper/paper_3814.npy,0.10470515489578247,0.06608060002326965,0.9403574466705322,0.9294745326042175
paper,paper-set2 (454),test,./data/raw/FullLabelled/paper/paper-set2 (454).jpg,./dataset/skeleton_final_v2/paper/paper-set2 (454).npy,0.08696657419204712,0.07097822427749634,0.765836238861084,0.9066954851150513
ok,ok_5777,test,./data/raw/FullLabelled/ok/ok_5777.jpg,./dataset/skeleton_final_v2/ok/ok_5777.npy,0.06997537612915039,0.06236159801483154,0.9353026151657104,0.8981975317001343
paper,paper-set2 (403),test,./data/raw/FullLabelled/paper/paper-set2 (403).jpg,./dataset/skeleton_final_v2/paper/paper-set2 (403).npy,0.059798479080200195,0.09417706727981567,0.8111765384674072,0.8774889707565308
the-finger,the-finger-set2 (371),test,./data/raw/FullLabelled/the-finger/the-finger-set2 (371).jpg,./dataset/skeleton_final_v2/the-finger/the-finger-set2 (371).npy,0.14163491129875183,0.0,0.7869040966033936,0.9922492504119873
the-finger,the-finger_7093,test,./data/raw/FullLabelled/the-finger/the-finger_7093.jpg,./dataset/skeleton_final_v2/the-finger/the-finger_7093.npy,0.09450340270996094,0.06400743126869202,0.9184356927871704,0.994636058807373
the-finger,the-finger_6062,test,./data/raw/FullLabelled/the-finger/the-finger_6062.jpg,./dataset/skeleton_final_v2/the-finger/the-finger_6062.npy,0.16219490766525269,0.07394129037857056,0.8435227870941162,0.8996977210044861
scissors,scissors_6375,test,./data/raw/FullLabelled/scissors/scissors_6375.jpg,./dataset/skeleton_final_v2/scissors/scissors_6375.npy,0.234230637550354,0.09582474827766418,0.8870828151702881,0.8923822045326233
ok,ok (108),test,./data/raw/FullLabelled/ok/ok (108).jpg,./dataset/skeleton_final_v2/ok/ok (108).npy,0.2024286687374115,0.0950002670288086,0.7510174512863159,0.7644056677818298
the-finger,the-finger (61),test,./data/raw/FullLabelled/the-finger/the-finger (61).jpg,./dataset/skeleton_final_v2/the-finger/the-finger (61).npy,0.08419418334960938,0.05978614091873169,0.862072765827179,0.9763599634170532
scissors,scissors-set2 (74),test,./data/raw/FullLabelled/scissors/scissors-set2 (74).jpg,./dataset/skeleton_final_v2/scissors/scissors-set2 (74).npy,0.13435062766075134,0.12662073969841003,0.6697129011154175,0.8702371120452881
ok,ok_Set2_ (123),test,./data/raw/FullLabelled/ok/ok_Set2_ (123).jpg,./dataset/skeleton_final_v2/ok/ok_Set2_ (123).npy,0.12573261559009552,0.27777329087257385,0.6608996391296387,0.7092110514640808
the-finger,the-finger_6871,test,./data/raw/FullLabelled/the-finger/the-finger_6871.jpg,./dataset/skeleton_final_v2/the-finger/the-finger_6871.npy,0.15423861145973206,0.038315415382385254,0.8814528584480286,0.9770858287811279
rock,rock-set2 (426),test,./data/raw/FullLabelled/rock/rock-set2 (426).jpg,./dataset/skeleton_final_v2/rock/rock-set2 (426).npy,0.11005982756614685,0.2133186161518097,0.720131516456604,0.7542893886566162
scissors,scissors_1083,test,./data/raw/FullLabelled/scissors/scissors_1083.jpg,./dataset/skeleton_final_v2/scissors/scissors_1083.npy,0.08478862047195435,0.057102352380752563,0.8699837923049927,0.7904402017593384
paper,paper_2440,test,./data/raw/FullLabelled/paper/paper_2440.jpg,./dataset/skeleton_final_v2/paper/paper_2440.npy,0.13542619347572327,0.06427726149559021,0.9109069108963013,0.9164106249809265
the-finger,the-finger_5363,test,./data/raw/FullLabelled/the-finger/the-finger_5363.jpg,./dataset/skeleton_final_v2/the-finger/the-finger_5363.npy,0.09740930795669556,0.09238076210021973,0.885202169418335,0.9899979829788208
scissors,scissors_6368,test,./data/raw/FullLabelled/scissors/scissors_6368.jpg,./dataset/skeleton_final_v2/scissors/scissors_6368.npy,0.14823344349861145,0.06532639265060425,0.8778026103973389,0.879096269607544
scissors,scissors_766,test,./data/raw/FullLabelled/scissors/scissors_766.jpg,./dataset/skeleton_final_v2/scissors/scissors_766.npy,0.121487557888031,0.1041077971458435,0.8473451137542725,0.804029107093811
scissors,scissors (259),test,./data/raw/FullLabelled/scissors/scissors (259).jpg,./dataset/skeleton_final_v2/scissors/scissors (259).npy,0.11667108535766602,0.10217088460922241,0.7765741348266602,0.9233789443969727
ok,ok_Set2_ (137),test,./data/raw/FullLabelled/ok/ok_Set2_ (137).jpg,./dataset/skeleton_final_v2/ok/ok_Set2_ (137).npy,0.21984604001045227,0.11799722909927368,0.8117619156837463,0.7980760931968689
paper,paper_5720,test,./data/raw/FullLabelled/paper/paper_5720.jpg,./dataset/skeleton_final_v2/paper/paper_5720.npy,0.05269381403923035,0.09610363841056824,0.9310760498046875,0.9832268357276917
scissors,scissors-set2 (634),test,./data/raw/FullLabelled/scissors/scissors-set2 (634).jpg,./dataset/skeleton_final_v2/scissors/scissors-set2 (634).npy,0.13736242055892944,0.13367420434951782,0.750462532043457,0.8736277222633362
ok,ok (223),test,./data/raw/FullLabelled/ok/ok (223).jpg,./dataset/skeleton_final_v2/ok/ok (223).npy,0.04744449257850647,0.10298213362693787,0.8104202747344971,0.8905659914016724
rock,rock_5409,test,./data/raw/FullLabelled/rock/rock_5409.jpg,./dataset/skeleton_final_v2/rock/rock_5409.npy,0.7289180755615234,0.2945067882537842,0.9092097282409668,0.6485458612442017
ok,ok_8036,test,./data/raw/FullLabelled/ok/ok_8036.jpg,./dataset/skeleton_final_v2/ok/ok_8036.npy,0.1510515809059143,0.11401090025901794,0.8861234188079834,0.8801407814025879
paper,paper-set2 (364),test,./data/raw/FullLabelled/paper/paper-set2 (364).jpg,./dataset/skeleton_final_v2/paper/paper-set2 (364).npy,0.04578739404678345,0.0546383261680603,0.8277314305305481,0.9023244380950928
scissors,scissors_6145,test,./data/raw/FullLabelled/scissors/scissors_6145.jpg,./dataset/skeleton_final_v2/scissors/scissors_6145.npy,0.14666080474853516,0.08580207824707031,0.897820234298706,0.9102510213851929
scissors,scissors-set2 (373),test,./data/raw/FullLabelled/scissors/scissors-set2 (373).jpg,./dataset/skeleton_final_v2/scissors/scissors-set2 (373).npy,0.052604883909225464,0.0012394189834594727,0.7994489669799805,0.9226333498954773
paper,paper_5908,test,./data/raw/FullLabelled/paper/paper_5908.jpg,./dataset/skeleton_final_v2/paper/paper_5908.npy,0.06044548749923706,0.06865662336349487,0.9732600450515747,0.9627119302749634
rock,rock-set2 (24),test,./data/raw/FullLabelled/rock/rock-set2 (24).jpg,./dataset/skeleton_final_v2/rock/rock-set2 (24).npy,0.15192165970802307,0.1518443524837494,1.0,0.7525747418403625
ok,ok_6388,test,./data/raw/FullLabelled/ok/ok_6388.jpg,./dataset/skeleton_final_v2/ok/ok_6388.npy,0.09512174129486084,0.06214797496795654,0.9207503795623779,0.8874590396881104
ok,ok_6993,test,./data/raw/FullLabelled/ok/ok_6993.jpg,./dataset/skeleton_final_v2/ok/ok_6993.npy,0.030221372842788696,0.06467032432556152,0.9505484104156494,0.9675345420837402
ok,ok_Set2_ (497),test,./data/raw/FullLabelled/ok/ok_Set2_ (497).jpg,./dataset/skeleton_final_v2/ok/ok_Set2_ (497).npy,0.07962784171104431,0.12182232737541199,0.6963517665863037,0.9495659470558167
scissors,scissors-set2 (255),test,./data/raw/FullLabelled/scissors/scissors-set2 (255).jpg,./dataset/skeleton_final_v2/scissors/scissors-set2 (255).npy,0.12720346450805664,0.12766501307487488,0.7769715785980225,0.8894304037094116
scissors,scissors-set2 (493),test,./data/raw/FullLabelled/scissors/scissors-set2 (493).jpg,./dataset/skeleton_final_v2/scissors/scissors-set2 (493).npy,0.17385350167751312,0.13537564873695374,0.7744718790054321,0.896288275718689
scissors,scissors-set2 (66),test,./data/raw/FullLabelled/scissors/scissors-set2 (66).jpg,./dataset/skeleton_final_v2/scissors/scissors-set2 (66).npy,0.15663543343544006,0.12820765376091003,0.6702671647071838,0.8863469362258911
scissors,scissors-set2 (693),test,./data/raw/FullLabelled/scissors/scissors-set2 (693).jpg,./dataset/skeleton_final_v2/scissors/scissors-set2 (693).npy,0.14941617846488953,0.10126253962516785,0.7940235137939453,0.9331384897232056
ok,ok_1945,test,./data/raw/FullLabelled/ok/ok_1945.jpg,./dataset/skeleton_final_v2/ok/ok_1945.npy,0.1291395127773285,0.07973727583885193,0.6904456615447998,0.8358373641967773
ok,ok (74),test,./data/raw/FullLabelled/ok/ok (74).jpg,./dataset/skeleton_final_v2/ok/ok (74).npy,0.11857518553733826,0.08728700876235962,0.7950823307037354,0.8942151069641113
paper,paper_9158,test,./data/raw/FullLabelled/paper/paper_9158.jpg,./dataset/skeleton_final_v2/paper/paper_9158.npy,0.13980713486671448,0.10114511847496033,0.7138104438781738,0.9004532098770142
paper,paper-set2 (85),test,./data/raw/FullLabelled/paper/paper-set2 (85).jpg,./dataset/skeleton_final_v2/paper/paper-set2 (85).npy,0.0617138147354126,0.09743481874465942,0.816257655620575,0.9310468435287476
paper,paper (59),test,./data/raw/FullLabelled/paper/paper (59).jpg,./dataset/skeleton_final_v2/paper/paper (59).npy,0.0,0.0851002037525177,0.9495967626571655,0.8761997222900391
ok,ok (146),test,./data/raw/FullLabelled/ok/ok (146).jpg,./dataset/skeleton_final_v2/ok/ok (146).npy,0.18113572895526886,0.1301141083240509,0.6994367241859436,0.8193972110748291
ok,ok_8538,test,./data/raw/FullLabelled/ok/ok_8538.jpg,./dataset/skeleton_final_v2/ok/ok_8538.npy,0.1362282931804657,0.13786667585372925,0.9027039408683777,0.8774091005325317
rock,rock-set2 (166),test,./data/raw/FullLabelled/rock/rock-set2 (166).jpg,./dataset/skeleton_final_v2/rock/rock-set2 (166).npy,0.1598370373249054,0.12100058048963547,0.7897020578384399,0.7722995281219482
the-finger,the-finger-set2 (239),test,./data/raw/FullLabelled/the-finger/the-finger-set2 (239).jpg,./dataset/skeleton_final_v2/the-finger/the-finger-set2 (239).npy,0.06289592385292053,0.027210772037506104,0.6790757179260254,0.8928729891777039
paper,paper-set2 (94),test,./data/raw/FullLabelled/paper/paper-set2 (94).jpg,./dataset/skeleton_final_v2/paper/paper-set2 (94).npy,0.08358737826347351,0.11406451463699341,0.9268466234207153,0.9235415458679199
paper,paper-set2 (367),test,./data/raw/FullLabelled/paper/paper-set2 (367).jpg,./dataset/skeleton_final_v2/paper/paper-set2 (367).npy,0.13360357284545898,0.1272667944431305,0.8700557351112366,0.9152882099151611
ok,ok_2917,test,./data/raw/FullLabelled/ok/ok_2917.jpg,./dataset/skeleton_final_v2/ok/ok_2917.npy,0.09074670076370239,0.08092346787452698,0.9369312524795532,0.965886652469635
scissors,scissors-set2 (361),test,./data/raw/FullLabelled/scissors/scissors-set2 (361).jpg,./dataset/skeleton_final_v2/scissors/scissors-set2 (361).npy,0.10154479742050171,0.08114337921142578,0.762407124042511,0.9331868886947632
ok,ok_Set2_ (71),test,./data/raw/FullLabelled/ok/ok_Set2_ (71).jpg,./dataset/skeleton_final_v2/ok/ok_Set2_ (71).npy,0.1759852170944214,0.09251466393470764,0.8203340768814087,0.7987016439437866
the-finger,the-finger-set2 (79),test,./data/raw/FullLabelled/the-finger/the-finger-set2 (79).jpg,./dataset/skeleton_final_v2/the-finger/the-finger-set2 (79).npy,0.16298988461494446,0.05307048559188843,0.6966128349304199,0.8369800448417664
paper,paper_6531,test,./data/raw/FullLabelled/paper/paper_6531.jpg,./dataset/skeleton_final_v2/paper/paper_6531.npy,0.08398652076721191,0.05970841646194458,0.9650543928146362,0.9170876741409302
paper,paper-set2 (17),test,./data/raw/FullLabelled/paper/paper-set2 (17).jpg,./dataset/skeleton_final_v2/paper/paper-set2 (17).npy,0.09176477789878845,0.14053410291671753,0.779125988483429,0.909552276134491
ok,ok_Set2_ (246),test,./data/raw/FullLabelled/ok/ok_Set2_ (246).jpg,./dataset/skeleton_final_v2/ok/ok_Set2_ (246).npy,0.033429503440856934,0.11841478943824768,0.8278390765190125,0.7873588800430298
ok,ok_Set2_ (373),test,./data/raw/FullLabelled/ok/ok_Set2_ (373).jpg,./dataset/skeleton_final_v2/ok/ok_Set2_ (373).npy,0.07055515050888062,0.12126532196998596,0.8385521173477173,0.9389162659645081
paper,paper_7960,test,./data/raw/FullLabelled/paper/paper_7960.jpg,./dataset/skeleton_final_v2/paper/paper_7960.npy,0.1568855345249176,0.10118573904037476,0.8753137588500977,0.9311412572860718
ok,ok_Set2_ (239),test,./data/raw/FullLabelled/ok/ok_Set2_ (239).jpg,./dataset/skeleton_final_v2/ok/ok_Set2_ (239).npy,0.03356468677520752,0.11831909418106079,0.6678907871246338,0.8698712587356567
rock,rock-set2 (603),test,./data/raw/FullLabelled/rock/rock-set2 (603).jpg,./dataset/skeleton_final_v2/rock/rock-set2 (603).npy,0.12263771891593933,0.1286952793598175,0.7664656639099121,0.9484633207321167
ok,ok_Set2_ (487),test,./data/raw/FullLabelled/ok/ok_Set2_ (487).jpg,./dataset/skeleton_final_v2/ok/ok_Set2_ (487).npy,0.08237695693969727,0.11837524175643921,0.8576606512069702,0.8650981187820435
ok,ok_Set2_ (395),test,./data/raw/FullLabelled/ok/ok_Set2_ (395).jpg,./dataset/skeleton_final_v2/ok/ok_Set2_ (395).npy,0.09745371341705322,0.10972186923027039,0.7817738652229309,0.8623602390289307
rock,rock-set2 (54),test,./data/raw/FullLabelled/rock/rock-set2 (54).jpg,./dataset/skeleton_final_v2/rock/rock-set2 (54).npy,0.18662673234939575,0.1371489316225052,0.7311030030250549,0.7947695255279541
the-finger,the-finger_6059,test,./data/raw/FullLabelled/the-finger/the-finger_6059.jpg,./dataset/skeleton_final_v2/the-finger/the-finger_6059.npy,0.14530718326568604,0.09149441123008728,0.8382826447486877,0.9169386029243469
paper,paper_6342,test,./data/raw/FullLabelled/paper/paper_6342.jpg,./dataset/skeleton_final_v2/paper/paper_6342.npy,0.08735203742980957,0.09089139103889465,0.9423837661743164,0.900836706161499
the-finger,the-finger-set2 (102),test,./data/raw/FullLabelled/the-finger/the-finger-set2 (102).jpg,./dataset/skeleton_final_v2/the-finger/the-finger-set2 (102).npy,0.15981349349021912,0.10567143559455872,0.8288077712059021,0.9406725168228149
scissors,scissors_5749,test,./data/raw/FullLabelled/scissors/scissors_5749.jpg,./dataset/skeleton_final_v2/scissors/scissors_5749.npy,0.12151789665222168,0.07364875078201294,0.9008874893188477,0.9242857694625854
scissors,scissors_6958,test,./data/raw/FullLabelled/scissors/scissors_6958.jpg,./dataset/skeleton_final_v2/scissors/scissors_6958.npy,0.12347298860549927,0.07850775122642517,0.8429468274116516,0.920086145401001
ok,ok (228),test,./data/raw/FullLabelled/ok/ok (228).jpg,./dataset/skeleton_final_v2/ok/ok (228).npy,0.042239755392074585,0.0971718430519104,0.8282597661018372,0.8965440392494202
ok,ok (66),test,./data/raw/FullLabelled/ok/ok (66).jpg,./dataset/skeleton_final_v2/ok/ok (66).npy,0.10980880260467529,0.08196571469306946,0.7795059680938721,0.894462525844574
paper,paper_1832,test,./data/raw/FullLabelled/paper/paper_1832.jpg,./dataset/skeleton_final_v2/paper/paper_1832.npy,0.0866277813911438,0.056432485580444336,0.9937194585800171,0.9290398359298706
ok,ok_Set2_ (65),test,./data/raw/FullLabelled/ok/ok_Set2_ (65).jpg,./dataset/skeleton_final_v2/ok/ok_Set2_ (65).npy,0.22226868569850922,0.18122059106826782,0.7050448656082153,0.8166006207466125
ok,ok_1540,test,./data/raw/FullLabelled/ok/ok_1540.jpg,./dataset/skeleton_final_v2/ok/ok_1540.npy,0.08542078733444214,0.0822257399559021,0.8376805782318115,0.7704284191131592
scissors,scissors_6161,test,./data/raw/FullLabelled/scissors/scissors_6161.jpg,./dataset/skeleton_final_v2/scissors/scissors_6161.npy,0.13529366254806519,0.09514063596725464,0.9327436685562134,0.9550418257713318
scissors,scissors_1115,test,./data/raw/FullLabelled/scissors/scissors_1115.jpg,./dataset/skeleton_final_v2/scissors/scissors_1115.npy,0.2981559634208679,0.18582582473754883,0.6887117624282837,0.6686084866523743
scissors,scissors-set2 (399),test,./data/raw/FullLabelled/scissors/scissors-set2 (399).jpg,./dataset/skeleton_final_v2/scissors/scissors-set2 (399).npy,0.13871638476848602,0.09091731905937195,0.7901840209960938,0.9290162324905396
paper,paper_2471,test,./data/raw/FullLabelled/paper/paper_2471.jpg,./dataset/skeleton_final_v2/paper/paper_2471.npy,0.050792574882507324,0.06550058722496033,0.9217779636383057,0.9543242454528809
ok,ok (241),test,./data/raw/FullLabelled/ok/ok (241).jpg,./dataset/skeleton_final_v2/ok/ok (241).npy,0.13361871242523193,0.15607279539108276,0.7652799487113953,0.8253735303878784
paper,paper (122),test,./data/raw/FullLabelled/paper/paper (122).jpg,./dataset/skeleton_final_v2/paper/paper (122).npy,0.04286158084869385,0.05656823515892029,0.7956476211547852,0.8856654167175293
rock,rock-set2 (363),test,./data/raw/FullLabelled/rock/rock-set2 (363).jpg,./dataset/skeleton_final_v2/rock/rock-set2 (363).npy,0.246364027261734,0.11080782115459442,0.7797754406929016,0.7968454360961914
paper,paper-set2 (382),test,./data/raw/FullLabelled/paper/paper-set2 (382).jpg,./dataset/skeleton_final_v2/paper/paper-set2 (382).npy,0.05662721395492554,0.11812594532966614,0.8367806673049927,0.8332254886627197
paper,paper-set2 (259),test,./data/raw/FullLabelled/paper/paper-set2 (259).jpg,./dataset/skeleton_final_v2/paper/paper-set2 (259).npy,0.18330013751983643,0.05902135372161865,0.8972166776657104,0.8944046497344971
ok,ok_Set2_ (247),test,./data/raw/FullLabelled/ok/ok_Set2_ (247).jpg,./dataset/skeleton_final_v2/ok/ok_Set2_ (247).npy,0.05190253257751465,0.10743814706802368,0.8182715177536011,0.8303247690200806
ok,ok_5958,test,./data/raw/FullLabelled/ok/ok_5958.jpg,./dataset/skeleton_final_v2/ok/ok_5958.npy,0.07571828365325928,0.055209219455718994,0.9621301889419556,0.915339469909668
the-finger,the-finger-set2 (352),test,./data/raw/FullLabelled/the-finger/the-finger-set2 (352).jpg,./dataset/skeleton_final_v2/the-finger/the-finger-set2 (352).npy,0.08210068941116333,0.05396124720573425,0.8050575256347656,0.8941699266433716
ok,ok_5530,test,./data/raw/FullLabelled/ok/ok_5530.jpg,./dataset/skeleton_final_v2/ok/ok_5530.npy,0.19989505410194397,0.07540503144264221,0.890371561050415,0.8391919732093811
scissors,scissors-set2 (189),test,./data/raw/FullLabelled/scissors/scissors-set2 (189).jpg,./dataset/skeleton_final_v2/scissors/scissors-set2 (189).npy,0.14819344878196716,0.09136766195297241,0.755370020866394,0.8812688589096069
ok,ok_6402,test,./data/raw/FullLabelled/ok/ok_6402.jpg,./dataset/skeleton_final_v2/ok/ok_6402.npy,0.08782953023910522,0.06952953338623047,0.8919335007667542,0.9512072801589966
scissors,scissors-set2 (270),test,./data/raw/FullLabelled/scissors/scissors-set2 (270).jpg,./dataset/skeleton_final_v2/scissors/scissors-set2 (270).npy,0.10088801383972168,0.06955817341804504,0.7190873026847839,0.9396477937698364
ok,ok_Set2_ (63),test,./data/raw/FullLabelled/ok/ok_Set2_ (63).jpg,./dataset/skeleton_final_v2/ok/ok_Set2_ (63).npy,0.21920466423034668,0.1773562729358673,0.7050875425338745,0.8725545406341553
ok,ok_6191,test,./data/raw/FullLabelled/ok/ok_6191.jpg,./dataset/skeleton_final_v2/ok/ok_6191.npy,0.1015332043170929,0.08123117685317993,0.9347733855247498,0.8835440874099731
ok,ok (32),test,./data/raw/FullLabelled/ok/ok (32).jpg,./dataset/skeleton_final_v2/ok/ok (32).npy,0.1846250295639038,0.08783388137817383,0.8177317380905151,0.8718918561935425
rock,rock_2,test,./data/raw/FullLabelled/rock/rock_2.jpg,./dataset/skeleton_final_v2/rock/rock_2.npy,0.0,0.4277609586715698,0.24236124753952026,0.6223365068435669
scissors,scissors_3847,test,./data/raw/FullLabelled/scissors/scissors_3847.jpg,./dataset/skeleton_final_v2/scissors/scissors_3847.npy,0.14511311054229736,0.07001405954360962,0.8188501596450806,0.9428863525390625
rock,rock-set2 (43),test,./data/raw/FullLabelled/rock/rock-set2 (43).jpg,./dataset/skeleton_final_v2/rock/rock-set2 (43).npy,0.17140308022499084,0.12572330236434937,0.7301156520843506,0.8080520033836365
scissors,scissors-set2 (325),test,./data/raw/FullLabelled/scissors/scissors-set2 (325).jpg,./dataset/skeleton_final_v2/scissors/scissors-set2 (325).npy,0.10164052248001099,0.05923277139663696,0.6573667526245117,0.9213745594024658
ok,ok_Set2_ (454),test,./data/raw/FullLabelled/ok/ok_Set2_ (454).jpg,./dataset/skeleton_final_v2/ok/ok_Set2_ (454).npy,0.1315535604953766,0.12147533893585205,0.7680833339691162,0.7950282096862793
the-finger,the-finger-set2 (133),test,./data/raw/FullLabelled/the-finger/the-finger-set2 (133).jpg,./dataset/skeleton_final_v2/the-finger/the-finger-set2 (133).npy,0.17512595653533936,0.14036235213279724,0.8345192670822144,0.9373042583465576
ok,ok_5542,test,./data/raw/FullLabelled/ok/ok_5542.jpg,./dataset/skeleton_final_v2/ok/ok_5542.npy,0.1619795709848404,0.07609498500823975,0.8723286390304565,0.8970338106155396
paper,paper_1051,test,./data/raw/FullLabelled/paper/paper_1051.jpg,./dataset/skeleton_final_v2/paper/paper_1051.npy,0.09974157810211182,0.1838926374912262,0.963760256767273,0.9146085977554321
paper,paper (117),test,./data/raw/FullLabelled/paper/paper (117).jpg,./dataset/skeleton_final_v2/paper/paper (117).npy,0.0338401198387146,0.13159087300300598,0.8538702726364136,0.9231176376342773
scissors,scissors-set2 (512),test,./data/raw/FullLabelled/scissors/scissors-set2 (512).jpg,./dataset/skeleton_final_v2/scissors/scissors-set2 (512).npy,0.12431228160858154,0.09916207194328308,0.8144305944442749,0.9267300367355347
ok,ok_Set2_ (532),test,./data/raw/FullLabelled/ok/ok_Set2_ (532).jpg,./dataset/skeleton_final_v2/ok/ok_Set2_ (532).npy,0.11203652620315552,0.09005308151245117,0.7870524525642395,0.8905973434448242
ok,ok_Set2_ (81),test,./data/raw/FullLabelled/ok/ok_Set2_ (81).jpg,./dataset/skeleton_final_v2/ok/ok_Set2_ (81).npy,0.0,0.056555867195129395,0.7576721906661987,0.8428835868835449
paper,paper_5160,test,./data/raw/FullLabelled/paper/paper_5160.jpg,./dataset/skeleton_final_v2/paper/paper_5160.npy,0.08752891421318054,0.0825018584728241,0.9269866943359375,0.9181958436965942
scissors,scissors-set2 (702),test,./data/raw/FullLabelled/scissors/scissors-set2 (702).jpg,./dataset/skeleton_final_v2/scissors/scissors-set2 (702).npy,0.13218292593955994,0.15358537435531616,0.7986425161361694,0.8816390037536621
rock,rock-set2 (216),test,./data/raw/FullLabelled/rock/rock-set2 (216).jpg,./dataset/skeleton_final_v2/rock/rock-set2 (216).npy,0.04193112254142761,0.010745599865913391,0.6976194381713867,0.8788500428199768
paper,paper_4600,test,./data/raw/FullLabelled/paper/paper_4600.jpg,./dataset/skeleton_final_v2/paper/paper_4600.npy,0.10642123222351074,0.1003255844116211,0.9321649074554443,0.9658448696136475
ok,ok (2),test,./data/raw/FullLabelled/ok/ok (2).jpg,./dataset/skeleton_final_v2/ok/ok (2).npy,0.22014307975769043,0.06969654560089111,0.834334135055542,0.8789691925048828
scissors,scissors (358),test,./data/raw/FullLabelled/scissors/scissors (358).jpg,./dataset/skeleton_final_v2/scissors/scissors (358).npy,0.1509142816066742,0.0894021987915039,0.7218735814094543,0.8439790606498718
scissors,scissors (374),test,./data/raw/FullLabelled/scissors/scissors (374).jpg,./dataset/skeleton_final_v2/scissors/scissors (374).npy,0.1559775471687317,0.06874904036521912,0.7626346349716187,0.9123795032501221
ok,ok_Set2_ (122),test,./data/raw/FullLabelled/ok/ok_Set2_ (122).jpg,./dataset/skeleton_final_v2/ok/ok_Set2_ (122).npy,0.0,0.1460942029953003,0.6639692783355713,0.6896626949310303
ok,ok_Set2_ (14),test,./data/raw/FullLabelled/ok/ok_Set2_ (14).jpg,./dataset/skeleton_final_v2/ok/ok_Set2_ (14).npy,0.24338504672050476,0.09336709976196289,0.8072124123573303,0.7432361841201782
scissors,scissors (480),test,./data/raw/FullLabelled/scissors/scissors (480).jpg,./dataset/skeleton_final_v2/scissors/scissors (480).npy,0.10684198141098022,0.07601755857467651,0.7938258647918701,0.9374876022338867
scissors,scissors-set2 (294),test,./data/raw/FullLabelled/scissors/scissors-set2 (294).jpg,./dataset/skeleton_final_v2/scissors/scissors-set2 (294).npy,0.14066395163536072,0.10100391507148743,0.8700885772705078,0.8832802772521973
scissors,scissors_6725,test,./data/raw/FullLabelled/scissors/scissors_6725.jpg,./dataset/skeleton_final_v2/scissors/scissors_6725.npy,0.10173952579498291,0.07113391160964966,0.9099915623664856,0.8711799383163452
rock,rock_3583,test,./data/raw/FullLabelled/rock/rock_3583.jpg,./dataset/skeleton_final_v2/rock/rock_3583.npy,0.08836395293474197,0.24431049823760986,0.5226389169692993,0.788972020149231
scissors,scissors-set2 (681),test,./data/raw/FullLabelled/scissors/scissors-set2 (681).jpg,./dataset/skeleton_final_v2/scissors/scissors-set2 (681).npy,0.13398796319961548,0.10376366972923279,0.7743788361549377,0.8865560293197632
scissors,scissors-set2 (7),test,./data/raw/FullLabelled/scissors/scissors-set2 (7).jpg,./dataset/skeleton_final_v2/scissors/scissors-set2 (7).npy,0.0947866439819336,0.14370444416999817,0.7273827791213989,0.853280782699585
the-finger,the-finger-set2 (342),test,./data/raw/FullLabelled/the-finger/the-finger-set2 (342).jpg,./dataset/skeleton_final_v2/the-finger/the-finger-set2 (342).npy,0.10104498267173767,0.11084216833114624,0.7833534479141235,0.9108730554580688
paper,paper_6533,test,./data/raw/FullLabelled/paper/paper_6533.jpg,./dataset/skeleton_final_v2/paper/paper_6533.npy,0.09303629398345947,0.057774513959884644,0.9684381484985352,0.9295259714126587
the-finger,the-finger-set2 (201),test,./data/raw/FullLabelled/the-finger/the-finger-set2 (201).jpg,./dataset/skeleton_final_v2/the-finger/the-finger-set2 (201).npy,0.1797718107700348,0.12489959597587585,0.7096869349479675,0.8339667320251465
the-finger,the-finger-set2 (354),test,./data/raw/FullLabelled/the-finger/the-finger-set2 (354).jpg,./dataset/skeleton_final_v2/the-finger/the-finger-set2 (354).npy,0.14134594798088074,0.0304701030254364,0.7331944108009338,0.8866011500358582
paper,paper_1462,test,./data/raw/FullLabelled/paper/paper_1462.jpg,./dataset/skeleton_final_v2/paper/paper_1462.npy,0.07561498880386353,0.06795758008956909,0.9349620342254639,0.9084873199462891
scissors,scissors_5190,test,./data/raw/FullLabelled/scissors/scissors_5190.jpg,./dataset/skeleton_final_v2/scissors/scissors_5190.npy,0.13177070021629333,0.07410362362861633,0.8355580568313599,0.9636837244033813
the-finger,the-finger-set2 (108),test,./data/raw/FullLabelled/the-finger/the-finger-set2 (108).jpg,./dataset/skeleton_final_v2/the-finger/the-finger-set2 (108).npy,0.19094446301460266,0.22678828239440918,0.7357679009437561,0.7856752872467041
ok,ok_3981,test,./data/raw/FullLabelled/ok/ok_3981.jpg,./dataset/skeleton_final_v2/ok/ok_3981.npy,0.09063822031021118,0.09468778967857361,0.9478039741516113,0.9398207664489746
scissors,scissors (61),test,./data/raw/FullLabelled/scissors/scissors (61).jpg,./dataset/skeleton_final_v2/scissors/scissors (61).npy,0.16238358616828918,0.04803574085235596,0.8483649492263794,0.934909462928772
the-finger,the-finger-set2 (246),test,./data/raw/FullLabelled/the-finger/the-finger-set2 (246).jpg,./dataset/skeleton_final_v2/the-finger/the-finger-set2 (246).npy,0.1299368441104889,0.07506328821182251,0.7056794166564941,0.8682171106338501
the-finger,the-finger-set2 (155),test,./data/raw/FullLabelled/the-finger/the-finger-set2 (155).jpg,./dataset/skeleton_final_v2/the-finger/the-finger-set2 (155).npy,0.22479408979415894,0.18549785017967224,0.8014246225357056,0.881354808807373
ok,ok_7000,test,./data/raw/FullLabelled/ok/ok_7000.jpg,./dataset/skeleton_final_v2/ok/ok_7000.npy,0.06543150544166565,0.08028781414031982,0.9528175592422485,0.9381181597709656
paper,paper-set2 (158),test,./data/raw/FullLabelled/paper/paper-set2 (158).jpg,./dataset/skeleton_final_v2/paper/paper-set2 (158).npy,0.03924199938774109,0.10966038703918457,0.8547719120979309,0.8786354064941406
scissors,scissors-set2 (249),test,./data/raw/FullLabelled/scissors/scissors-set2 (249).jpg,./dataset/skeleton_final_v2/scissors/scissors-set2 (249).npy,0.15583664178848267,0.05697605013847351,0.9034329652786255,0.9166114926338196
ok,ok (160),test,./data/raw/FullLabelled/ok/ok (160).jpg,./dataset/skeleton_final_v2/ok/ok (160).npy,0.090166836977005,0.13128966093063354,0.764985203742981,0.8995317220687866
paper,paper-set2 (437),test,./data/raw/FullLabelled/paper/paper-set2 (437).jpg,./dataset/skeleton_final_v2/paper/paper-set2 (437).npy,0.07547152042388916,0.0,0.8570410013198853,1.0
the-finger,the-finger (1),test,./data/raw/FullLabelled/the-finger/the-finger (1).jpg,./dataset/skeleton_final_v2/the-finger/the-finger (1).npy,0.16586294770240784,0.06613525748252869,0.6525447368621826,0.8754287362098694
scissors,scissors-set2 (596),test,./data/raw/FullLabelled/scissors/scissors-set2 (596).jpg,./dataset/skeleton_final_v2/scissors/scissors-set2 (596).npy,0.11848971247673035,0.02056068181991577,0.7311604022979736,0.8143696784973145
ok,ok (104),test,./data/raw/FullLabelled/ok/ok (104).jpg,./dataset/skeleton_final_v2/ok/ok (104).npy,0.12986904382705688,0.11705553531646729,0.7291040420532227,0.7929983139038086
scissors,scissors-set2 (392),test,./data/raw/FullLabelled/scissors/scissors-set2 (392).jpg,./dataset/skeleton_final_v2/scissors/scissors-set2 (392).npy,0.23380303382873535,0.09390279650688171,0.721377432346344,0.9062590003013611
paper,paper_3695,test,./data/raw/FullLabelled/paper/paper_3695.jpg,./dataset/skeleton_final_v2/paper/paper_3695.npy,0.096341073513031,0.081438809633255,0.9462065100669861,0.9366620779037476
paper,paper-set2 (440),test,./data/raw/FullLabelled/paper/paper-set2 (440).jpg,./dataset/skeleton_final_v2/paper/paper-set2 (440).npy,0.11167460680007935,0.0007447898387908936,0.8136197328567505,0.9283713102340698
the-finger,the-finger_3507,test,./data/raw/FullLabelled/the-finger/the-finger_3507.jpg,./dataset/skeleton_final_v2/the-finger/the-finger_3507.npy,0.1261005997657776,0.058357954025268555,0.8952434062957764,0.8692415356636047
paper,paper_9150,test,./data/raw/FullLabelled/paper/paper_9150.jpg,./dataset/skeleton_final_v2/paper/paper_9150.npy,0.10270541906356812,0.11766698956489563,0.94315505027771,0.9485925436019897
ok,ok_Set2_ (347),test,./data/raw/FullLabelled/ok/ok_Set2_ (347).jpg,./dataset/skeleton_final_v2/ok/ok_Set2_ (347).npy,0.1104169487953186,0.039025962352752686,0.878243088722229,0.9330835342407227
scissors,scissors-set2 (209),test,./data/raw/FullLabelled/scissors/scissors-set2 (209).jpg,./dataset/skeleton_final_v2/scissors/scissors-set2 (209).npy,0.12220707535743713,0.08073794841766357,0.6752660870552063,0.8684431314468384
scissors,scissors_434,test,./data/raw/FullLabelled/scissors/scissors_434.jpg,./dataset/skeleton_final_v2/scissors/scissors_434.npy,0.24155476689338684,0.11697834730148315,0.831298828125,0.8377722501754761
the-finger,the-finger-set2 (364),test,./data/raw/FullLabelled/the-finger/the-finger-set2 (364).jpg,./dataset/skeleton_final_v2/the-finger/the-finger-set2 (364).npy,0.17562741041183472,0.09073945879936218,0.6824421882629395,0.9301035404205322
paper,paper-set2 (20),test,./data/raw/FullLabelled/paper/paper-set2 (20).jpg,./dataset/skeleton_final_v2/paper/paper-set2 (20).npy,0.1220853328704834,0.09745714068412781,0.7915667295455933,0.9350026845932007
the-finger,the-finger-set2 (229),test,./data/raw/FullLabelled/the-finger/the-finger-set2 (229).jpg,./dataset/skeleton_final_v2/the-finger/the-finger-set2 (229).npy,0.17192335426807404,0.13232338428497314,0.6917827725410461,0.8992172479629517
the-finger,the-finger_3466,test,./data/raw/FullLabelled/the-finger/the-finger_3466.jpg,./dataset/skeleton_final_v2/the-finger/the-finger_3466.npy,0.15557819604873657,0.07521358132362366,0.880130410194397,0.8912140130996704
scissors,scissors-set2 (311),test,./data/raw/FullLabelled/scissors/scissors-set2 (311).jpg,./dataset/skeleton_final_v2/scissors/scissors-set2 (311).npy,0.1364712417125702,0.0,0.8696928024291992,0.9459836483001709
paper,paper (29),test,./data/raw/FullLabelled/paper/paper (29).jpg,./dataset/skeleton_final_v2/paper/paper (29).npy,0.12436550855636597,0.07469683885574341,0.8396124839782715,0.9131638407707214
ok,ok_Set2_ (397),test,./data/raw/FullLabelled/ok/ok_Set2_ (397).jpg,./dataset/skeleton_final_v2/ok/ok_Set2_ (397).npy,0.09166857600212097,0.11788958311080933,0.7874593734741211,0.8642411231994629
paper,paper-set2 (394),test,./data/raw/FullLabelled/paper/paper-set2 (394).jpg,./dataset/skeleton_final_v2/paper/paper-set2 (394).npy,0.09964203834533691,0.11225530505180359,0.7806328535079956,0.8472962379455566
scissors,scissors_4615,test,./data/raw/FullLabelled/scissors/scissors_4615.jpg,./dataset/skeleton_final_v2/scissors/scissors_4615.npy,0.12335196137428284,0.06383118033409119,0.8089630007743835,0.9130478501319885
ok,ok_Set2_ (241),test,./data/raw/FullLabelled/ok/ok_Set2_ (241).jpg,./dataset/skeleton_final_v2/ok/ok_Set2_ (241).npy,0.03466913104057312,0.13874885439872742,0.6838698387145996,0.8850431442260742
ok,ok_Set2_ (413),test,./data/raw/FullLabelled/ok/ok_Set2_ (413).jpg,./dataset/skeleton_final_v2/ok/ok_Set2_ (413).npy,0.12414270639419556,0.09321287274360657,0.7418481111526489,0.7985522150993347
paper,paper_382,test,./data/raw/FullLabelled/paper/paper_382.jpg,./dataset/skeleton_final_v2/paper/paper_382.npy,0.04219818115234375,0.058325111865997314,0.9315646886825562,0.8354285359382629
paper,paper_7577,test,./data/raw/FullLabelled/paper/paper_7577.jpg,./dataset/skeleton_final_v2/paper/paper_7577.npy,0.07473152875900269,0.10299935936927795,0.8876960277557373,0.8986262083053589
paper,paper-set2 (169),test,./data/raw/FullLabelled/paper/paper-set2 (169).jpg,./dataset/skeleton_final_v2/paper/paper-set2 (169).npy,0.055615246295928955,0.11052525043487549,0.8203840255737305,0.8290747404098511
ok,ok_Set2_ (167),test,./data/raw/FullLabelled/ok/ok_Set2_ (167).jpg,./dataset/skeleton_final_v2/ok/ok_Set2_ (167).npy,0.1755203902721405,0.1035599410533905,0.7027040719985962,0.8480258584022522
scissors,scissors-set2 (739),test,./data/raw/FullLabelled/scissors/scissors-set2 (739).jpg,./dataset/skeleton_final_v2/scissors/scissors-set2 (739).npy,0.15328922867774963,0.071155846118927,0.8245348930358887,0.90999436378479
paper,paper (210),test,./data/raw/FullLabelled/paper/paper (210).jpg,./dataset/skeleton_final_v2/paper/paper (210).npy,0.10670813918113708,0.09416687488555908,0.8255904912948608,0.942183256149292
scissors,scissors_1885,test,./data/raw/FullLabelled/scissors/scissors_1885.jpg,./dataset/skeleton_final_v2/scissors/scissors_1885.npy,0.2718363404273987,0.06403201818466187,0.8871963024139404,0.8610881567001343
scissors,scissors (8),test,./data/raw/FullLabelled/scissors/scissors (8).jpg,./dataset/skeleton_final_v2/scissors/scissors (8).npy,0.14186209440231323,0.1311805546283722,0.7760858535766602,0.9120688438415527
paper,paper-set2 (469),test,./data/raw/FullLabelled/paper/paper-set2 (469).jpg,./dataset/skeleton_final_v2/paper/paper-set2 (469).npy,0.10685190558433533,0.06798854470252991,0.8172041773796082,0.9308444261550903
the-finger,the-finger_7264,test,./data/raw/FullLabelled/the-finger/the-finger_7264.jpg,./dataset/skeleton_final_v2/the-finger/the-finger_7264.npy,0.11776566505432129,0.05756533145904541,0.8681804537773132,0.939071536064148
paper,paper-set2 (450),test,./data/raw/FullLabelled/paper/paper-set2 (450).jpg,./dataset/skeleton_final_v2/paper/paper-set2 (450).npy,0.10949191451072693,0.07629591226577759,0.733264684677124,0.8728145956993103
ok,ok (123),test,./data/raw/FullLabelled/ok/ok (123).jpg,./dataset/skeleton_final_v2/ok/ok (123).npy,0.12000927329063416,0.0676887035369873,0.6743814945220947,0.8625698685646057
paper,paper_3771,test,./data/raw/FullLabelled/paper/paper_3771.jpg,./dataset/skeleton_final_v2/paper/paper_3771.npy,0.09201347827911377,0.06503447890281677,0.8937640190124512,0.9069918394088745
paper,paper-set2 (304),test,./data/raw/FullLabelled/paper/paper-set2 (304).jpg,./dataset/skeleton_final_v2/paper/paper-set2 (304).npy,0.0027358829975128174,0.0982581079006195,0.9017785787582397,0.893197774887085
ok,ok (219),test,./data/raw/FullLabelled/ok/ok (219).jpg,./dataset/skeleton_final_v2/ok/ok (219).npy,0.0683889389038086,0.09537634253501892,0.8129100799560547,0.8453429341316223
ok,ok_Set2_ (31),test,./data/raw/FullLabelled/ok/ok_Set2_ (31).jpg,./dataset/skeleton_final_v2/ok/ok_Set2_ (31).npy,0.20875318348407745,0.14051198959350586,0.8072553873062134,0.7899212837219238
scissors,scissors-set2 (33),test,./data/raw/FullLabelled/scissors/scissors-set2 (33).jpg,./dataset/skeleton_final_v2/scissors/scissors-set2 (33).npy,0.1345551609992981,0.15217792987823486,0.764097273349762,0.8942067623138428
scissors,scissors (405),test,./data/raw/FullLabelled/scissors/scissors (405).jpg,./dataset/skeleton_final_v2/scissors/scissors (405).npy,0.08008632063865662,0.11237820982933044,0.7676371335983276,0.9091801643371582
paper,paper (15),test,./data/raw/FullLabelled/paper/paper (15).jpg,./dataset/skeleton_final_v2/paper/paper (15).npy,0.12317675352096558,0.07924097776412964,0.8576346635818481,0.9268504977226257
paper,paper (152),test,./data/raw/FullLabelled/paper/paper (152).jpg,./dataset/skeleton_final_v2/paper/paper (152).npy,0.03506988286972046,0.06884190440177917,0.8343843221664429,0.8913260698318481
scissors,scissors-set2 (396),test,./data/raw/FullLabelled/scissors/scissors-set2 (396).jpg,./dataset/skeleton_final_v2/scissors/scissors-set2 (396).npy,0.21325445175170898,0.07385551929473877,0.7529563903808594,1.0
ok,ok_3971,test,./data/raw/FullLabelled/ok/ok_3971.jpg,./dataset/skeleton_final_v2/ok/ok_3971.npy,0.0449143648147583,0.07638546824455261,0.9325302839279175,0.9092050790786743
paper,paper_6123,test,./data/raw/FullLabelled/paper/paper_6123.jpg,./dataset/skeleton_final_v2/paper/paper_6123.npy,0.10347017645835876,0.0665162205696106,0.9396151304244995,0.933761477470398
scissors,scissors_7166,test,./data/raw/FullLabelled/scissors/scissors_7166.jpg,./dataset/skeleton_final_v2/scissors/scissors_7166.npy,0.1332237422466278,0.06254765391349792,0.8905974626541138,0.9621461629867554
paper,paper (9),test,./data/raw/FullLabelled/paper/paper (9).jpg,./dataset/skeleton_final_v2/paper/paper (9).npy,0.0638977587223053,0.08668437600135803,0.8947988748550415,0.8968524932861328
paper,paper-set2 (421),test,./data/raw/FullLabelled/paper/paper-set2 (421).jpg,./dataset/skeleton_final_v2/paper/paper-set2 (421).npy,0.05439159274101257,0.08583155274391174,0.8699172735214233,0.9225727319717407
scissors,scissors-set2 (541),test,./data/raw/FullLabelled/scissors/scissors-set2 (541).jpg,./dataset/skeleton_final_v2/scissors/scissors-set2 (541).npy,0.15420547127723694,0.03191229701042175,0.7783453464508057,0.9303326606750488
paper,paper-set2 (255),test,./data/raw/FullLabelled/paper/paper-set2 (255).jpg,./dataset/skeleton_final_v2/paper/paper-set2 (255).npy,0.05828312039375305,0.06690758466720581,0.8220272064208984,0.8910529017448425
scissors,scissors-set2 (152),test,./data/raw/FullLabelled/scissors/scissors-set2 (152).jpg,./dataset/skeleton_final_v2/scissors/scissors-set2 (152).npy,0.18804073333740234,0.08631289005279541,0.8054783344268799,0.8565104007720947
scissors,scissors-set2 (711),test,./data/raw/FullLabelled/scissors/scissors-set2 (711).jpg,./dataset/skeleton_final_v2/scissors/scissors-set2 (711).npy,0.17819470167160034,0.15574470162391663,0.7632443904876709,0.902389407157898
rock,rock_6499,test,./data/raw/FullLabelled/rock/rock_6499.jpg,./dataset/skeleton_final_v2/rock/rock_6499.npy,0.14910663664340973,0.19973061978816986,0.7346655130386353,0.7140364646911621
paper,paper_9164,test,./data/raw/FullLabelled/paper/paper_9164.jpg,./dataset/skeleton_final_v2/paper/paper_9164.npy,0.1271677017211914,0.007853150367736816,0.9112086296081543,0.904941201210022
paper,paper (88),test,./data/raw/FullLabelled/paper/paper (88).jpg,./dataset/skeleton_final_v2/paper/paper (88).npy,0.03866085410118103,0.05943155288696289,0.8978732824325562,0.8998793363571167
ok,ok_7001,test,./data/raw/FullLabelled/ok/ok_7001.jpg,./dataset/skeleton_final_v2/ok/ok_7001.npy,0.1130724847316742,0.09255203604698181,0.9658036231994629,0.9612334966659546
scissors,scissors (370),test,./data/raw/FullLabelled/scissors/scissors (370).jpg,./dataset/skeleton_final_v2/scissors/scissors (370).npy,0.09861502051353455,0.08151468634605408,0.7873386144638062,0.889988899230957
rock,rock_704,test,./data/raw/FullLabelled/rock/rock_704.jpg,./dataset/skeleton_final_v2/rock/rock_704.npy,0.16493549942970276,0.09063353389501572,0.6526642441749573,0.5426380634307861
ok,ok (70),test,./data/raw/FullLabelled/ok/ok (70).jpg,./dataset/skeleton_final_v2/ok/ok (70).npy,0.09213447570800781,0.09629780054092407,0.8315568566322327,0.9088708162307739
ok,ok_Set2_ (500),test,./data/raw/FullLabelled/ok/ok_Set2_ (500).jpg,./dataset/skeleton_final_v2/ok/ok_Set2_ (500).npy,0.06506919860839844,0.1265735924243927,0.7123109698295593,0.951557457447052
ok,ok_Set2_ (367),test,./data/raw/FullLabelled/ok/ok_Set2_ (367).jpg,./dataset/skeleton_final_v2/ok/ok_Set2_ (367).npy,0.13661441206932068,0.09788000583648682,0.8624899387359619,0.8753888607025146
ok,ok_2862,test,./data/raw/FullLabelled/ok/ok_2862.jpg,./dataset/skeleton_final_v2/ok/ok_2862.npy,0.22083812952041626,0.10154387354850769,0.8121775984764099,0.9013253450393677
ok,ok_Set2_ (262),test,./data/raw/FullLabelled/ok/ok_Set2_ (262).jpg,./dataset/skeleton_final_v2/ok/ok_Set2_ (262).npy,0.07539978623390198,0.1666814088821411,0.7534385919570923,0.8381409049034119
paper,paper_7585,test,./data/raw/FullLabelled/paper/paper_7585.jpg,./dataset/skeleton_final_v2/paper/paper_7585.npy,0.09087046980857849,0.07813835144042969,0.9043105244636536,0.9466191530227661
the-finger,the-finger_233,test,./data/raw/FullLabelled/the-finger/the-finger_233.jpg,./dataset/skeleton_final_v2/the-finger/the-finger_233.npy,0.2667127847671509,0.11323294043540955,0.8052895069122314,0.8644825220108032
the-finger,the-finger-set2 (208),test,./data/raw/FullLabelled/the-finger/the-finger-set2 (208).jpg,./dataset/skeleton_final_v2/the-finger/the-finger-set2 (208).npy,0.11089128255844116,0.1180872917175293,0.7266210317611694,0.8608806133270264
ok,ok_Set2_ (270),test,./data/raw/FullLabelled/ok/ok_Set2_ (270).jpg,./dataset/skeleton_final_v2/ok/ok_Set2_ (270).npy,0.12358278036117554,0.13563793897628784,0.7376103401184082,0.6623544692993164
paper,paper-set2 (329),test,./data/raw/FullLabelled/paper/paper-set2 (329).jpg,./dataset/skeleton_final_v2/paper/paper-set2 (329).npy,0.04286158084869385,0.05656823515892029,0.7956476211547852,0.8856654167175293
ok,ok_Set2_ (321),test,./data/raw/FullLabelled/ok/ok_Set2_ (321).jpg,./dataset/skeleton_final_v2/ok/ok_Set2_ (321).npy,0.22014307975769043,0.06969654560089111,0.834334135055542,0.8789691925048828
paper,paper_4586,test,./data/raw/FullLabelled/paper/paper_4586.jpg,./dataset/skeleton_final_v2/paper/paper_4586.npy,0.10739204287528992,0.07384529709815979,0.9430190324783325,0.9879084229469299
paper,paper (228),test,./data/raw/FullLabelled/paper/paper (228).jpg,./dataset/skeleton_final_v2/paper/paper (228).npy,0.005299746990203857,3.7223100662231445e-05,0.8646528124809265,0.9247876405715942
ok,ok_Set2_ (164),test,./data/raw/FullLabelled/ok/ok_Set2_ (164).jpg,./dataset/skeleton_final_v2/ok/ok_Set2_ (164).npy,0.2388315498828888,0.13829633593559265,0.675519585609436,0.7965090870857239
ok,ok (254),test,./data/raw/FullLabelled/ok/ok (254).jpg,./dataset/skeleton_final_v2/ok/ok (254).npy,0.13762664794921875,0.12445381283760071,0.7814591526985168,0.8404613733291626
ok,ok_Set2_ (324),test,./data/raw/FullLabelled/ok/ok_Set2_ (324).jpg,./dataset/skeleton_final_v2/ok/ok_Set2_ (324).npy,0.16697818040847778,0.11062094569206238,0.832566499710083,0.8681353330612183
ok,ok (138),test,./data/raw/FullLabelled/ok/ok (138).jpg,./dataset/skeleton_final_v2/ok/ok (138).npy,0.15200525522232056,0.1224580705165863,0.7217791080474854,0.7957955598831177
rock,rock-set2 (52),test,./data/raw/FullLabelled/rock/rock-set2 (52).jpg,./dataset/skeleton_final_v2/rock/rock-set2 (52).npy,0.21554777026176453,0.14116394519805908,0.7297601699829102,0.8015244007110596
ok,ok_2524,test,./data/raw/FullLabelled/ok/ok_2524.jpg,./dataset/skeleton_final_v2/ok/ok_2524.npy,0.10576945543289185,0.056833475828170776,0.9512838125228882,0.922042727470398
ok,ok_Set2_ (401),test,./data/raw/FullLabelled/ok/ok_Set2_ (401).jpg,./dataset/skeleton_final_v2/ok/ok_Set2_ (401).npy,0.08388447761535645,0.0746205747127533,0.7976601123809814,0.9046339392662048
ok,ok_Set2_ (37),test,./data/raw/FullLabelled/ok/ok_Set2_ (37).jpg,./dataset/skeleton_final_v2/ok/ok_Set2_ (37).npy,0.15767590701580048,0.12715330719947815,0.749962568283081,0.9172099828720093
the-finger,the-finger (145),test,./data/raw/FullLabelled/the-finger/the-finger (145).jpg,./dataset/skeleton_final_v2/the-finger/the-finger (145).npy,0.11695826053619385,0.17573320865631104,0.8757210969924927,0.8562496900558472
the-finger,the-finger-set2 (95),test,./data/raw/FullLabelled/the-finger/the-finger-set2 (95).jpg,./dataset/skeleton_final_v2/the-finger/the-finger-set2 (95).npy,0.1292792558670044,0.10361436009407043,0.7913225889205933,0.9356933832168579
scissors,scissors (393),test,./data/raw/FullLabelled/scissors/scissors (393).jpg,./dataset/skeleton_final_v2/scissors/scissors (393).npy,0.1953013837337494,0.10665148496627808,0.637245237827301,0.7537242770195007
ok,ok_5778,test,./data/raw/FullLabelled/ok/ok_5778.jpg,./dataset/skeleton_final_v2/ok/ok_5778.npy,0.056721389293670654,0.05631938576698303,0.9239253997802734,0.9853673577308655
paper,paper_6518,test,./data/raw/FullLabelled/paper/paper_6518.jpg,./dataset/skeleton_final_v2/paper/paper_6518.npy,0.07788187265396118,0.04424870014190674,0.948372483253479,0.9059468507766724
the-finger,the-finger_7267,test,./data/raw/FullLabelled/the-finger/the-finger_7267.jpg,./dataset/skeleton_final_v2/the-finger/the-finger_7267.npy,0.11017224192619324,0.055126845836639404,0.8709782361984253,0.9196540117263794
paper,paper (249),test,./data/raw/FullLabelled/paper/paper (249).jpg,./dataset/skeleton_final_v2/paper/paper (249).npy,0.004302322864532471,0.09787744283676147,0.8674421310424805,0.896154522895813
ok,ok_6194,test,./data/raw/FullLabelled/ok/ok_6194.jpg,./dataset/skeleton_final_v2/ok/ok_6194.npy,0.10541707277297974,0.07975396513938904,0.9138095378875732,0.8186895251274109
scissors,scissors-set2 (598),test,./data/raw/FullLabelled/scissors/scissors-set2 (598).jpg,./dataset/skeleton_final_v2/scissors/scissors-set2 (598).npy,0.14968359470367432,0.09843412041664124,0.751480221748352,0.8966574668884277
the-finger,the-finger-set2 (1),test,./data/raw/FullLabelled/the-finger/the-finger-set2 (1).jpg,./dataset/skeleton_final_v2/the-finger/the-finger-set2 (1).npy,0.4865173399448395,0.09320017695426941,0.6246528625488281,0.7884180545806885
ok,ok_Set2_ (415),test,./data/raw/FullLabelled/ok/ok_Set2_ (415).jpg,./dataset/skeleton_final_v2/ok/ok_Set2_ (415).npy,0.1454145908355713,0.12977683544158936,0.7621937990188599,0.771391749382019
scissors,scissors-set2 (113),test,./data/raw/FullLabelled/scissors/scissors-set2 (113).jpg,./dataset/skeleton_final_v2/scissors/scissors-set2 (113).npy,0.20527958869934082,0.047039031982421875,0.7767370343208313,0.987471342086792
scissors,scissors-set2 (722),test,./data/raw/FullLabelled/scissors/scissors-set2 (722).jpg,./dataset/skeleton_final_v2/scissors/scissors-set2 (722).npy,0.18356812000274658,0.09302523732185364,0.7457582354545593,0.9148747324943542
paper,paper_5154,test,./data/raw/FullLabelled/paper/paper_5154.jpg,./dataset/skeleton_final_v2/paper/paper_5154.npy,0.08947676420211792,0.08859938383102417,0.9349504709243774,0.9386669397354126
ok,ok_Set2_ (6),test,./data/raw/FullLabelled/ok/ok_Set2_ (6).jpg,./dataset/skeleton_final_v2/ok/ok_Set2_ (6).npy,0.061736851930618286,0.12774065136909485,0.8469161987304688,0.9302045106887817
rock,rock-set2 (563),test,./data/raw/FullLabelled/rock/rock-set2 (563).jpg,./dataset/skeleton_final_v2/rock/rock-set2 (563).npy,0.1883811056613922,0.12763863801956177,0.7022821307182312,0.7378800511360168
scissors,scissors-set2 (116),test,./data/raw/FullLabelled/scissors/scissors-set2 (116).jpg,./dataset/skeleton_final_v2/scissors/scissors-set2 (116).npy,0.17071643471717834,0.08520996570587158,0.768345832824707,0.9644964337348938
rock,rock_678,test,./data/raw/FullLabelled/rock/rock_678.jpg,./dataset/skeleton_final_v2/rock/rock_678.npy,0.15905246138572693,0.14476493000984192,0.6525276899337769,0.6279650926589966
ok,ok_6585,test,./data/raw/FullLabelled/ok/ok_6585.jpg,./dataset/skeleton_final_v2/ok/ok_6585.npy,0.054318636655807495,0.08496055006980896,0.9255751967430115,0.9149457216262817
paper,paper (195),test,./data/raw/FullLabelled/paper/paper (195).jpg,./dataset/skeleton_final_v2/paper/paper (195).npy,0.07436910271644592,0.0920083224773407,0.8184064030647278,0.8730065822601318
ok,ok_Set2_ (335),test,./data/raw/FullLabelled/ok/ok_Set2_ (335).jpg,./dataset/skeleton_final_v2/ok/ok_Set2_ (335).npy,0.13766419887542725,0.05247661471366882,0.825775146484375,0.8887238502502441
rock,rock-set2 (307),test,./data/raw/FullLabelled/rock/rock-set2 (307).jpg,./dataset/skeleton_final_v2/rock/rock-set2 (307).npy,0.13261640071868896,0.15067733824253082,0.6830090284347534,0.695144772529602
the-finger,the-finger_6297,test,./data/raw/FullLabelled/the-finger/the-finger_6297.jpg,./dataset/skeleton_final_v2/the-finger/the-finger_6297.npy,0.10479408502578735,0.04035314917564392,0.9117896556854248,0.8959544897079468
scissors,scissors-set2 (554),test,./data/raw/FullLabelled/scissors/scissors-set2 (554).jpg,./dataset/skeleton_final_v2/scissors/scissors-set2 (554).npy,0.17119556665420532,0.09619370102882385,0.7808536291122437,0.9228113889694214
scissors,scissors (186),test,./data/raw/FullLabelled/scissors/scissors (186).jpg,./dataset/skeleton_final_v2/scissors/scissors (186).npy,0.10367555916309357,0.1431247889995575,0.6397591233253479,0.7711690068244934
scissors,scissors-set2 (691),test,./data/raw/FullLabelled/scissors/scissors-set2 (691).jpg,./dataset/skeleton_final_v2/scissors/scissors-set2 (691).npy,0.13827374577522278,0.10960978269577026,0.8379116654396057,0.962371826171875
ok,ok_Set2_ (434),test,./data/raw/FullLabelled/ok/ok_Set2_ (434).jpg,./dataset/skeleton_final_v2/ok/ok_Set2_ (434).npy,0.17915433645248413,0.09643048048019409,0.7897709608078003,0.7242030501365662
scissors,scissors_3905,test,./data/raw/FullLabelled/scissors/scissors_3905.jpg,./dataset/skeleton_final_v2/scissors/scissors_3905.npy,0.16695305705070496,0.07271537184715271,0.8590847253799438,0.9278415441513062
scissors,scissors (433),test,./data/raw/FullLabelled/scissors/scissors (433).jpg,./dataset/skeleton_final_v2/scissors/scissors (433).npy,0.11835378408432007,0.10400307178497314,0.8143696784973145,0.8804781436920166
the-finger,the-finger (54),test,./data/raw/FullLabelled/the-finger/the-finger (54).jpg,./dataset/skeleton_final_v2/the-finger/the-finger (54).npy,0.1255348026752472,0.06265497207641602,0.8097161054611206,0.9570388793945312
paper,paper_5450,test,./data/raw/FullLabelled/paper/paper_5450.jpg,./dataset/skeleton_final_v2/paper/paper_5450.npy,0.09374788403511047,0.06590133905410767,0.9611053466796875,0.9127596616744995
paper,paper-set2 (316),test,./data/raw/FullLabelled/paper/paper-set2 (316).jpg,./dataset/skeleton_final_v2/paper/paper-set2 (316).npy,0.0,0.04656675457954407,0.8428431749343872,1.0
rock,rock-set2 (564),test,./data/raw/FullLabelled/rock/rock-set2 (564).jpg,./dataset/skeleton_final_v2/rock/rock-set2 (564).npy,0.20467709004878998,0.13482564687728882,0.7033101916313171,0.7314112782478333
paper,paper-set2 (414),test,./data/raw/FullLabelled/paper/paper-set2 (414).jpg,./dataset/skeleton_final_v2/paper/paper-set2 (414).npy,0.08314052224159241,0.09982940554618835,0.8490107655525208,0.9189133644104004
paper,paper-set2 (356),test,./data/raw/FullLabelled/paper/paper-set2 (356).jpg,./dataset/skeleton_final_v2/paper/paper-set2 (356).npy,0.012287706136703491,0.07774719595909119,0.8317491412162781,0.8840305209159851
ok,ok_Set2_ (573),test,./data/raw/FullLabelled/ok/ok_Set2_ (573).jpg,./dataset/skeleton_final_v2/ok/ok_Set2_ (573).npy,0.13762664794921875,0.12445381283760071,0.7814591526985168,0.8404613733291626
paper,paper_4602,test,./data/raw/FullLabelled/paper/paper_4602.jpg,./dataset/skeleton_final_v2/paper/paper_4602.npy,0.07276421785354614,0.08950033783912659,0.9233627319335938,0.9193698167800903
paper,paper-set2 (416),test,./data/raw/FullLabelled/paper/paper-set2 (416).jpg,./dataset/skeleton_final_v2/paper/paper-set2 (416).npy,0.07889306545257568,0.10668355226516724,0.8658484220504761,0.9183005094528198
scissors,scissors-set2 (508),test,./data/raw/FullLabelled/scissors/scissors-set2 (508).jpg,./dataset/skeleton_final_v2/scissors/scissors-set2 (508).npy,0.08355012536048889,0.07709509134292603,0.7736221551895142,0.9534614086151123
ok,ok_Set2_ (526),test,./data/raw/FullLabelled/ok/ok_Set2_ (526).jpg,./dataset/skeleton_final_v2/ok/ok_Set2_ (526).npy,0.0822208821773529,0.12700924277305603,0.815430760383606,0.8664562702178955
ok,ok_Set2_ (175),test,./data/raw/FullLabelled/ok/ok_Set2_ (175).jpg,./dataset/skeleton_final_v2/ok/ok_Set2_ (175).npy,0.162660613656044,0.06249880790710449,0.7398069500923157,0.7992222309112549
paper,paper-set2 (52),test,./data/raw/FullLabelled/paper/paper-set2 (52).jpg,./dataset/skeleton_final_v2/paper/paper-set2 (52).npy,0.1147991418838501,0.10389253497123718,0.8825405240058899,0.7962437868118286
rock,rock (240),test,./data/raw/FullLabelled/rock/rock (240).jpg,./dataset/skeleton_final_v2/rock/rock (240).npy,0.2022293210029602,0.13594837486743927,0.6961890459060669,0.7508989572525024
the-finger,the-finger_2254,test,./data/raw/FullLabelled/the-finger/the-finger_2254.jpg,./dataset/skeleton_final_v2/the-finger/the-finger_2254.npy,0.2903960347175598,0.2139562964439392,0.8365988731384277,0.8654592037200928
paper,paper_7153,test,./data/raw/FullLabelled/paper/paper_7153.jpg,./dataset/skeleton_final_v2/paper/paper_7153.npy,0.06522512435913086,0.08012023568153381,0.9220770001411438,0.964340090751648
scissors,scissors-set2 (92),test,./data/raw/FullLabelled/scissors/scissors-set2 (92).jpg,./dataset/skeleton_final_v2/scissors/scissors-set2 (92).npy,0.16507405042648315,0.055848509073257446,0.7395036816596985,0.920715868473053
ok,ok_1173,test,./data/raw/FullLabelled/ok/ok_1173.jpg,./dataset/skeleton_final_v2/ok/ok_1173.npy,0.1412915587425232,0.11962002515792847,0.8076156377792358,0.7725211381912231
the-finger,the-finger-set2 (135),test,./data/raw/FullLabelled/the-finger/the-finger-set2 (135).jpg,./dataset/skeleton_final_v2/the-finger/the-finger-set2 (135).npy,0.2446061372756958,0.13051626086235046,0.8558286428451538,0.9327354431152344
the-finger,the-finger-set2 (316),test,./data/raw/FullLabelled/the-finger/the-finger-set2 (316).jpg,./dataset/skeleton_final_v2/the-finger/the-finger-set2 (316).npy,0.10685297846794128,0.10159438848495483,0.708855152130127,0.8592362999916077
scissors,scissors-set2 (441),test,./data/raw/FullLabelled/scissors/scissors-set2 (441).jpg,./dataset/skeleton_final_v2/scissors/scissors-set2 (441).npy,0.18402159214019775,0.12780040502548218,0.7994617223739624,0.8632926344871521
paper,paper_5458,test,./data/raw/FullLabelled/paper/paper_5458.jpg,./dataset/skeleton_final_v2/paper/paper_5458.npy,0.12027540802955627,0.08809024095535278,0.8933078050613403,0.9181037545204163
ok,ok_6980,test,./data/raw/FullLabelled/ok/ok_6980.jpg,./dataset/skeleton_final_v2/ok/ok_6980.npy,0.07254678010940552,0.06950470805168152,0.9659094214439392,0.9712077379226685
scissors,scissors-set2 (171),test,./data/raw/FullLabelled/scissors/scissors-set2 (171).jpg,./dataset/skeleton_final_v2/scissors/scissors-set2 (171).npy,0.1848546415567398,0.09895551204681396,0.7179594039916992,0.873054027557373
ok,ok_8034,test,./data/raw/FullLabelled/ok/ok_8034.jpg,./dataset/skeleton_final_v2/ok/ok_8034.npy,0.1435922384262085,0.1074536144733429,0.9125257730484009,0.8390014171600342
scissors,scissors-set2 (494),test,./data/raw/FullLabelled/scissors/scissors-set2 (494).jpg,./dataset/skeleton_final_v2/scissors/scissors-set2 (494).npy,0.1679803431034088,0.14022284746170044,0.7559139728546143,0.8927616477012634
paper,paper-set2 (348),test,./data/raw/FullLabelled/paper/paper-set2 (348).jpg,./dataset/skeleton_final_v2/paper/paper-set2 (348).npy,0.0,0.06103110313415527,0.887270450592041,0.947868824005127
scissors,scissors_8010,test,./data/raw/FullLabelled/scissors/scissors_8010.jpg,./dataset/skeleton_final_v2/scissors/scissors_8010.npy,0.17055368423461914,0.1724424958229065,0.7801059484481812,0.80431067943573
ok,ok_Set2_ (468),test,./data/raw/FullLabelled/ok/ok_Set2_ (468).jpg,./dataset/skeleton_final_v2/ok/ok_Set2_ (468).npy,0.16451966762542725,0.08741700649261475,0.7756524085998535,0.768431544303894
paper,paper_5156,test,./data/raw/FullLabelled/paper/paper_5156.jpg,./dataset/skeleton_final_v2/paper/paper_5156.npy,0.09294655919075012,0.08277088403701782,0.9307140111923218,0.9268382787704468
the-finger,the-finger (13),test,./data/raw/FullLabelled/the-finger/the-finger (13).jpg,./dataset/skeleton_final_v2/the-finger/the-finger (13).npy,0.13625052571296692,0.10479754209518433,0.8105800747871399,0.878305196762085
paper,paper_3647,test,./data/raw/FullLabelled/paper/paper_3647.jpg,./dataset/skeleton_final_v2/paper/paper_3647.npy,0.08580020070075989,0.029604822397232056,0.9375962615013123,0.9762604236602783
ok,ok (162),test,./data/raw/FullLabelled/ok/ok (162).jpg,./dataset/skeleton_final_v2/ok/ok (162).npy,0.12290674448013306,0.11966335773468018,0.768284797668457,0.8981883525848389
paper,paper-set2 (275),test,./data/raw/FullLabelled/paper/paper-set2 (275).jpg,./dataset/skeleton_final_v2/paper/paper-set2 (275).npy,0.06263279914855957,0.08697506785392761,0.8096234798431396,0.9074596166610718
scissors,scissors-set2 (665),test,./data/raw/FullLabelled/scissors/scissors-set2 (665).jpg,./dataset/skeleton_final_v2/scissors/scissors-set2 (665).npy,0.13881289958953857,0.06574434041976929,0.8089534044265747,0.9230161905288696
scissors,scissors-set2 (4),test,./data/raw/FullLabelled/scissors/scissors-set2 (4).jpg,./dataset/skeleton_final_v2/scissors/scissors-set2 (4).npy,0.0682750940322876,0.10904708504676819,0.7572914361953735,0.8549230098724365
scissors,scissors-set2 (657),test,./data/raw/FullLabelled/scissors/scissors-set2 (657).jpg,./dataset/skeleton_final_v2/scissors/scissors-set2 (657).npy,0.15078482031822205,0.10649538040161133,0.8259141445159912,0.8828741908073425
scissors,scissors_6718,test,./data/raw/FullLabelled/scissors/scissors_6718.jpg,./dataset/skeleton_final_v2/scissors/scissors_6718.npy,0.15586769580841064,0.09874299168586731,0.8705611228942871,0.9198917746543884
ok,ok_2526,test,./data/raw/FullLabelled/ok/ok_2526.jpg,./dataset/skeleton_final_v2/ok/ok_2526.npy,0.09456583857536316,0.07072743773460388,0.9311345815658569,1.0
ok,ok_Set2_ (36),test,./data/raw/FullLabelled/ok/ok_Set2_ (36).jpg,./dataset/skeleton_final_v2/ok/ok_Set2_ (36).npy,0.36271652579307556,0.10783998668193817,0.7953484058380127,0.5587211847305298
scissors,scissors (325),test,./data/raw/FullLabelled/scissors/scissors (325).jpg,./dataset/skeleton_final_v2/scissors/scissors (325).npy,0.1628415733575821,0.03964656591415405,0.7948441505432129,0.9200314283370972
ok,ok_Set2_ (285),test,./data/raw/FullLabelled/ok/ok_Set2_ (285).jpg,./dataset/skeleton_final_v2/ok/ok_Set2_ (285).npy,0.207380473613739,0.1473461091518402,0.7132434248924255,0.8943530321121216
the-finger,the-finger-set2 (436),test,./data/raw/FullLabelled/the-finger/the-finger-set2 (436).jpg,./dataset/skeleton_final_v2/the-finger/the-finger-set2 (436).npy,0.12661752104759216,0.1142071783542633,0.8279302716255188,0.901674211025238
rock,rock (189),test,./data/raw/FullLabelled/rock/rock (189).jpg,./dataset/skeleton_final_v2/rock/rock (189).npy,0.080132395029068,0.15159133076667786,0.7608659863471985,0.7398920059204102
ok,ok_6403,test,./data/raw/FullLabelled/ok/ok_6403.jpg,./dataset/skeleton_final_v2/ok/ok_6403.npy,0.09162449836730957,0.0798063576221466,0.909770131111145,0.9583370685577393
paper,paper_7621,test,./data/raw/FullLabelled/paper/paper_7621.jpg,./dataset/skeleton_final_v2/paper/paper_7621.npy,0.11338552832603455,0.07885324954986572,0.8949205875396729,0.9104160070419312
rock,rock-set2 (220),test,./data/raw/FullLabelled/rock/rock-set2 (220).jpg,./dataset/skeleton_final_v2/rock/rock-set2 (220).npy,0.08410310745239258,0.18701428174972534,0.9018299579620361,0.9303679466247559
the-finger,the-finger-set2 (383),test,./data/raw/FullLabelled/the-finger/the-finger-set2 (383).jpg,./dataset/skeleton_final_v2/the-finger/the-finger-set2 (383).npy,0.15709760785102844,0.03906327486038208,0.7538244724273682,0.9267380237579346
ok,ok_5248,test,./data/raw/FullLabelled/ok/ok_5248.jpg,./dataset/skeleton_final_v2/ok/ok_5248.npy,0.0965871810913086,0.10779455304145813,0.8443440198898315,0.922715425491333
scissors,scissors-set2 (605),test,./data/raw/FullLabelled/scissors/scissors-set2 (605).jpg,./dataset/skeleton_final_v2/scissors/scissors-set2 (605).npy,0.07979074120521545,0.08089020848274231,0.7566573023796082,0.857831597328186
scissors,scissors-set2 (261),test,./data/raw/FullLabelled/scissors/scissors-set2 (261).jpg,./dataset/skeleton_final_v2/scissors/scissors-set2 (261).npy,0.12930533289909363,0.14788410067558289,0.8297654390335083,0.8822028636932373
the-finger,the-finger-set2 (297),test,./data/raw/FullLabelled/the-finger/the-finger-set2 (297).jpg,./dataset/skeleton_final_v2/the-finger/the-finger-set2 (297).npy,0.1660338044166565,0.03031638264656067,0.7577469348907471,0.8913342952728271
scissors,scissors_6720,test,./data/raw/FullLabelled/scissors/scissors_6720.jpg,./dataset/skeleton_final_v2/scissors/scissors_6720.npy,0.13579615950584412,0.07183077931404114,0.862375020980835,0.9113078117370605
scissors,scissors-set2 (151),test,./data/raw/FullLabelled/scissors/scissors-set2 (151).jpg,./dataset/skeleton_final_v2/scissors/scissors-set2 (151).npy,0.20761080086231232,0.11075305938720703,0.8085229396820068,0.8525336980819702
ok,ok_Set2_ (354),test,./data/raw/FullLabelled/ok/ok_Set2_ (354).jpg,./dataset/skeleton_final_v2/ok/ok_Set2_ (354).npy,0.09807884693145752,0.07925352454185486,0.8744567036628723,0.9513025283813477
paper,paper (188),test,./data/raw/FullLabelled/paper/paper (188).jpg,./dataset/skeleton_final_v2/paper/paper (188).npy,0.084937185049057,0.11605784296989441,0.7867874503135681,0.8425390720367432
scissors,scissors (327),test,./data/raw/FullLabelled/scissors/scissors (327).jpg,./dataset/skeleton_final_v2/scissors/scissors (327).npy,0.21156255900859833,0.08446285128593445,0.813174307346344,0.9290854930877686
ok,ok_5546,test,./data/raw/FullLabelled/ok/ok_5546.jpg,./dataset/skeleton_final_v2/ok/ok_5546.npy,0.2020602822303772,0.10886263847351074,0.8442133069038391,0.8727234601974487
scissors,scissors-set2 (19),test,./data/raw/FullLabelled/scissors/scissors-set2 (19).jpg,./dataset/skeleton_final_v2/scissors/scissors-set2 (19).npy,0.17750734090805054,0.10027080774307251,0.7666764259338379,0.9064975380897522
paper,paper-set2 (266),test,./data/raw/FullLabelled/paper/paper-set2 (266).jpg,./dataset/skeleton_final_v2/paper/paper-set2 (266).npy,0.0,0.0851002037525177,0.9495967626571655,0.8761997222900391
the-finger,the-finger (119),test,./data/raw/FullLabelled/the-finger/the-finger (119).jpg,./dataset/skeleton_final_v2/the-finger/the-finger (119).npy,0.10607266426086426,0.10265946388244629,0.7930145263671875,0.9128246307373047
the-finger,the-finger_6274,test,./data/raw/FullLabelled/the-finger/the-finger_6274.jpg,./dataset/skeleton_final_v2/the-finger/the-finger_6274.npy,0.12880119681358337,0.08499017357826233,0.9051302671432495,0.9029518961906433
rock,rock_8418,test,./data/raw/FullLabelled/rock/rock_8418.jpg,./dataset/skeleton_final_v2/rock/rock_8418.npy,0.28117823600769043,0.12066150456666946,0.7120625972747803,0.45493283867836
ok,ok_71,test,./data/raw/FullLabelled/ok/ok_71.jpg,./dataset/skeleton_final_v2/ok/ok_71.npy,0.17736724019050598,0.12931305170059204,0.8933660984039307,0.7512659430503845
scissors,scissors-set2 (620),test,./data/raw/FullLabelled/scissors/scissors-set2 (620).jpg,./dataset/skeleton_final_v2/scissors/scissors-set2 (620).npy,0.16135695576667786,0.07820144295692444,0.7726441621780396,0.9168368577957153
paper,paper_1013,test,./data/raw/FullLabelled/paper/paper_1013.jpg,./dataset/skeleton_final_v2/paper/paper_1013.npy,0.1050383448600769,0.07603311538696289,0.9332568645477295,0.9015390872955322
paper,paper (67),test,./data/raw/FullLabelled/paper/paper (67).jpg,./dataset/skeleton_final_v2/paper/paper (67).npy,0.03816443681716919,0.08997750282287598,0.8149521946907043,0.899917483329773
scissors,scissors_6969,test,./data/raw/FullLabelled/scissors/scissors_6969.jpg,./dataset/skeleton_final_v2/scissors/scissors_6969.npy,0.1316160261631012,0.06338471174240112,0.8580751419067383,0.9288878440856934
paper,paper_3687,test,./data/raw/FullLabelled/paper/paper_3687.jpg,./dataset/skeleton_final_v2/paper/paper_3687.npy,0.08095148205757141,0.0741417407989502,0.9473415017127991,0.903795599937439
ok,ok_Set2_ (323),test,./data/raw/FullLabelled/ok/ok_Set2_ (323).jpg,./dataset/skeleton_final_v2/ok/ok_Set2_ (323).npy,0.196487158536911,0.09810963273048401,0.82999587059021,0.8687825202941895
scissors,scissors_2609,test,./data/raw/FullLabelled/scissors/scissors_2609.jpg,./dataset/skeleton_final_v2/scissors/scissors_2609.npy,0.12199145555496216,0.07644739747047424,0.8552063703536987,0.9513168334960938
scissors,scissors_5753,test,./data/raw/FullLabelled/scissors/scissors_5753.jpg,./dataset/skeleton_final_v2/scissors/scissors_5753.npy,0.1140134334564209,0.08603772521018982,0.8855088949203491,0.9233968257904053
ok,ok_Set2_ (26),test,./data/raw/FullLabelled/ok/ok_Set2_ (26).jpg,./dataset/skeleton_final_v2/ok/ok_Set2_ (26).npy,0.1161501407623291,0.16800394654273987,0.740416407585144,0.8280940651893616
the-finger,the-finger_7270,test,./data/raw/FullLabelled/the-finger/the-finger_7270.jpg,./dataset/skeleton_final_v2/the-finger/the-finger_7270.npy,0.10885640978813171,0.05600365996360779,0.8493479490280151,0.990132749080658
paper,paper_6709,test,./data/raw/FullLabelled/paper/paper_6709.jpg,./dataset/skeleton_final_v2/paper/paper_6709.npy,0.041716933250427246,0.07108533382415771,0.9443017244338989,0.9296811819076538
the-finger,the-finger (59),test,./data/raw/FullLabelled/the-finger/the-finger (59).jpg,./dataset/skeleton_final_v2/the-finger/the-finger (59).npy,0.03523975610733032,0.07737123966217041,0.8108237981796265,0.9102143049240112
scissors,scissors-set2 (710),test,./data/raw/FullLabelled/scissors/scissors-set2 (710).jpg,./dataset/skeleton_final_v2/scissors/scissors-set2 (710).npy,0.17401814460754395,0.16414591670036316,0.7647300362586975,0.8992857933044434
paper,paper-set2 (360),test,./data/raw/FullLabelled/paper/paper-set2 (360).jpg,./dataset/skeleton_final_v2/paper/paper-set2 (360).npy,0.011065393686294556,0.06283822655677795,0.836908221244812,0.8887676000595093
the-finger,the-finger_7273,test,./data/raw/FullLabelled/the-finger/the-finger_7273.jpg,./dataset/skeleton_final_v2/the-finger/the-finger_7273.npy,0.12765929102897644,0.06482061743736267,0.8868290781974792,0.9317344427108765
the-finger,the-finger-set2 (71),test,./data/raw/FullLabelled/the-finger/the-finger-set2 (71).jpg,./dataset/skeleton_final_v2/the-finger/the-finger-set2 (71).npy,0.21562176942825317,0.10132384300231934,0.7701038122177124,0.9645383954048157
rock,rock_302,test,./data/raw/FullLabelled/rock/rock_302.jpg,./dataset/skeleton_final_v2/rock/rock_302.npy,0.23694807291030884,0.18500834703445435,0.8736234307289124,0.6101603507995605
paper,paper_3693,test,./data/raw/FullLabelled/paper/paper_3693.jpg,./dataset/skeleton_final_v2/paper/paper_3693.npy,0.09739187359809875,0.06374061107635498,0.949561357498169,0.9114582538604736
paper,paper-set2 (391),test,./data/raw/FullLabelled/paper/paper-set2 (391).jpg,./dataset/skeleton_final_v2/paper/paper-set2 (391).npy,0.09211277961730957,0.07288005948066711,0.8308876156806946,0.9129807949066162
scissors,scissors (36),test,./data/raw/FullLabelled/scissors/scissors (36).jpg,./dataset/skeleton_final_v2/scissors/scissors (36).npy,0.11277180910110474,0.09115007519721985,0.7187643051147461,0.9338268637657166
ok,ok_791,test,./data/raw/FullLabelled/ok/ok_791.jpg,./dataset/skeleton_final_v2/ok/ok_791.npy,0.10177204012870789,0.08832481503486633,0.9336329698562622,0.8158044815063477
paper,paper-set2 (90),test,./data/raw/FullLabelled/paper/paper-set2 (90).jpg,./dataset/skeleton_final_v2/paper/paper-set2 (90).npy,0.08764263987541199,0.10869228839874268,0.9508340358734131,0.9371342658996582
paper,paper-set2 (486),test,./data/raw/FullLabelled/paper/paper-set2 (486).jpg,./dataset/skeleton_final_v2/paper/paper-set2 (486).npy,0.13680949807167053,0.07809081673622131,0.8441871404647827,0.8870093822479248
rock,rock (99),test,./data/raw/FullLabelled/rock/rock (99).jpg,./dataset/skeleton_final_v2/rock/rock (99).npy,0.13069723546504974,0.14665326476097107,0.670515239238739,0.7859866619110107
scissors,scissors (24),test,./data/raw/FullLabelled/scissors/scissors (24).jpg,./dataset/skeleton_final_v2/scissors/scissors (24).npy,0.27225834131240845,0.059172630310058594,0.7812206745147705,0.946570634841919
the-finger,the-finger-set2 (408),test,./data/raw/FullLabelled/the-finger/the-finger-set2 (408).jpg,./dataset/skeleton_final_v2/the-finger/the-finger-set2 (408).npy,0.12724676728248596,0.059324175119400024,0.7696423530578613,0.8685621023178101
ok,ok_Set2_ (509),test,./data/raw/FullLabelled/ok/ok_Set2_ (509).jpg,./dataset/skeleton_final_v2/ok/ok_Set2_ (509).npy,0.1091257631778717,0.11410754919052124,0.7764749526977539,0.9094687700271606
scissors,scissors_8776,test,./data/raw/FullLabelled/scissors/scissors_8776.jpg,./dataset/skeleton_final_v2/scissors/scissors_8776.npy,0.11004167795181274,0.07753792405128479,0.7850565910339355,0.8927398324012756
paper,paper-set2 (226),test,./data/raw/FullLabelled/paper/paper-set2 (226).jpg,./dataset/skeleton_final_v2/paper/paper-set2 (226).npy,0.16775304079055786,0.09212303161621094,0.9136731624603271,0.8608967065811157
paper,paper-set2 (7),test,./data/raw/FullLabelled/paper/paper-set2 (7).jpg,./dataset/skeleton_final_v2/paper/paper-set2 (7).npy,0.052863508462905884,0.10431051254272461,0.8454895615577698,0.9353969097137451
ok,ok_2027,test,./data/raw/FullLabelled/ok/ok_2027.jpg,./dataset/skeleton_final_v2/ok/ok_2027.npy,0.10052952170372009,0.09188741445541382,0.9207973480224609,0.7539084553718567
rock,rock_8372,test,./data/raw/FullLabelled/rock/rock_8372.jpg,./dataset/skeleton_final_v2/rock/rock_8372.npy,0.2503184974193573,0.2638866901397705,0.7603525519371033,0.7046789526939392
the-finger,the-finger-set2 (318),test,./data/raw/FullLabelled/the-finger/the-finger-set2 (318).jpg,./dataset/skeleton_final_v2/the-finger/the-finger-set2 (318).npy,0.23472189903259277,0.007855713367462158,0.7503880262374878,0.7868695259094238
ok,ok_Set2_ (349),test,./data/raw/FullLabelled/ok/ok_Set2_ (349).jpg,./dataset/skeleton_final_v2/ok/ok_Set2_ (349).npy,0.13205096125602722,0.06451135873794556,0.8214617967605591,0.8952808380126953
ok,ok_Set2_ (28),test,./data/raw/FullLabelled/ok/ok_Set2_ (28).jpg,./dataset/skeleton_final_v2/ok/ok_Set2_ (28).npy,0.11292378604412079,0.1593734323978424,0.7469511032104492,0.7554208040237427
scissors,scissors (387),test,./data/raw/FullLabelled/scissors/scissors (387).jpg,./dataset/skeleton_final_v2/scissors/scissors (387).npy,0.10508415102958679,0.11616608500480652,0.7346959114074707,0.8380630016326904
scissors,scissors-set2 (327),test,./data/raw/FullLabelled/scissors/scissors-set2 (327).jpg,./dataset/skeleton_final_v2/scissors/scissors-set2 (327).npy,0.09920403361320496,0.049482107162475586,0.6570921540260315,0.935941219329834
scissors,scissors_6559,test,./data/raw/FullLabelled/scissors/scissors_6559.jpg,./dataset/skeleton_final_v2/scissors/scissors_6559.npy,0.12237709760665894,0.05926993489265442,0.9160902500152588,0.9245116710662842
the-finger,the-finger (15),test,./data/raw/FullLabelled/the-finger/the-finger (15).jpg,./dataset/skeleton_final_v2/the-finger/the-finger (15).npy,0.13840138912200928,0.26336443424224854,0.8089234828948975,0.8314659595489502
the-finger,the-finger_6471,test,./data/raw/FullLabelled/the-finger/the-finger_6471.jpg,./dataset/skeleton_final_v2/the-finger/the-finger_6471.npy,0.10573834180831909,0.05711647868156433,0.8579937815666199,0.9265726804733276
the-finger,the-finger (71),test,./data/raw/FullLabelled/the-finger/the-finger (71).jpg,./dataset/skeleton_final_v2/the-finger/the-finger (71).npy,0.09226259589195251,0.039509356021881104,0.8154693841934204,0.891409158706665
the-finger,the-finger-set2 (249),test,./data/raw/FullLabelled/the-finger/the-finger-set2 (249).jpg,./dataset/skeleton_final_v2/the-finger/the-finger-set2 (249).npy,0.14298418164253235,0.12203073501586914,0.6645697355270386,0.8595013618469238
ok,ok_Set2_ (8),test,./data/raw/FullLabelled/ok/ok_Set2_ (8).jpg,./dataset/skeleton_final_v2/ok/ok_Set2_ (8).npy,0.09559750556945801,0.11355063319206238,0.8388745784759521,0.9566132426261902
scissors,scissors-set2 (156),test,./data/raw/FullLabelled/scissors/scissors-set2 (156).jpg,./dataset/skeleton_final_v2/scissors/scissors-set2 (156).npy,0.21574227511882782,0.10525870323181152,0.7477969527244568,0.8487687110900879
paper,paper-set2 (452),test,./data/raw/FullLabelled/paper/paper-set2 (452).jpg,./dataset/skeleton_final_v2/paper/paper-set2 (452).npy,0.10907784104347229,0.12556540966033936,0.7925606369972229,0.8643970489501953
ok,ok_Set2_ (554),test,./data/raw/FullLabelled/ok/ok_Set2_ (554).jpg,./dataset/skeleton_final_v2/ok/ok_Set2_ (554).npy,0.12362875044345856,0.13200026750564575,0.7860873937606812,0.8248739242553711
the-finger,the-finger_7810,test,./data/raw/FullLabelled/the-finger/the-finger_7810.jpg,./dataset/skeleton_final_v2/the-finger/the-finger_7810.npy,0.15956322848796844,0.1551341414451599,0.8631900548934937,0.9394382238388062
the-finger,the-finger-set2 (222),test,./data/raw/FullLabelled/the-finger/the-finger-set2 (222).jpg,./dataset/skeleton_final_v2/the-finger/the-finger-set2 (222).npy,0.1978801041841507,0.1241125762462616,0.6953510046005249,0.8771836757659912
paper,paper (269),test,./data/raw/FullLabelled/paper/paper (269).jpg,./dataset/skeleton_final_v2/paper/paper (269).npy,0.030605584383010864,0.10498511791229248,0.8188992738723755,0.8240841031074524
the-finger,the-finger-set2 (165),test,./data/raw/FullLabelled/the-finger/the-finger-set2 (165).jpg,./dataset/skeleton_final_v2/the-finger/the-finger-set2 (165).npy,0.18941918015480042,0.15229743719100952,0.8330444097518921,1.0
scissors,scissors-set2 (636),test,./data/raw/FullLabelled/scissors/scissors-set2 (636).jpg,./dataset/skeleton_final_v2/scissors/scissors-set2 (636).npy,0.12195932865142822,0.12390738725662231,0.8081850409507751,0.8737438917160034
the-finger,the-finger_6877,test,./data/raw/FullLabelled/the-finger/the-finger_6877.jpg,./dataset/skeleton_final_v2/the-finger/the-finger_6877.npy,0.08695295453071594,0.05872461199760437,0.9197072982788086,0.9242976307868958
ok,ok_Set2_ (236),test,./data/raw/FullLabelled/ok/ok_Set2_ (236).jpg,./dataset/skeleton_final_v2/ok/ok_Set2_ (236).npy,0.041010767221450806,0.14715152978897095,0.7039384841918945,0.8344521522521973
paper,paper-set2 (484),test,./data/raw/FullLabelled/paper/paper-set2 (484).jpg,./dataset/skeleton_final_v2/paper/paper-set2 (484).npy,0.06066277623176575,0.08957546949386597,0.8728851079940796,0.9072421789169312
scissors,scissors_5175,test,./data/raw/FullLabelled/scissors/scissors_5175.jpg,./dataset/skeleton_final_v2/scissors/scissors_5175.npy,0.12008664011955261,0.05676138401031494,0.9106523990631104,0.9382146000862122
paper,paper-set2 (87),test,./data/raw/FullLabelled/paper/paper-set2 (87).jpg,./dataset/skeleton_final_v2/paper/paper-set2 (87).npy,0.1527208685874939,0.13969632983207703,0.8045476675033569,0.9071264266967773
the-finger,the-finger_3517,test,./data/raw/FullLabelled/the-finger/the-finger_3517.jpg,./dataset/skeleton_final_v2/the-finger/the-finger_3517.npy,0.12378031015396118,0.0657004714012146,0.896289587020874,0.9128434658050537
scissors,scissors-set2 (687),test,./data/raw/FullLabelled/scissors/scissors-set2 (687).jpg,./dataset/skeleton_final_v2/scissors/scissors-set2 (687).npy,0.09016761183738708,0.08379992842674255,0.7958889603614807,0.9659340381622314
paper,paper_1444,test,./data/raw/FullLabelled/paper/paper_1444.jpg,./dataset/skeleton_final_v2/paper/paper_1444.npy,0.061584293842315674,0.08280882239341736,0.912575900554657,0.9195300340652466
scissors,scissors_8810,test,./data/raw/FullLabelled/scissors/scissors_8810.jpg,./dataset/skeleton_final_v2/scissors/scissors_8810.npy,0.1276305764913559,0.13407334685325623,0.7425775527954102,0.8665416240692139
scissors,scissors (289),test,./data/raw/FullLabelled/scissors/scissors (289).jpg,./dataset/skeleton_final_v2/scissors/scissors (289).npy,0.08159548044204712,0.09645575284957886,0.8075068593025208,0.9138807058334351
scissors,scissors-set2 (253),test,./data/raw/FullLabelled/scissors/scissors-set2 (253).jpg,./dataset/skeleton_final_v2/scissors/scissors-set2 (253).npy,0.14186209440231323,0.1311805546283722,0.7760858535766602,0.9120688438415527
rock,rock-set2 (110),test,./data/raw/FullLabelled/rock/rock-set2 (110).jpg,./dataset/skeleton_final_v2/rock/rock-set2 (110).npy,0.395008385181427,0.12285663932561874,0.551572859287262,0.3327281177043915
paper,paper (155),test,./data/raw/FullLabelled/paper/paper (155).jpg,./dataset/skeleton_final_v2/paper/paper (155).npy,0.0,0.06263062357902527,0.8810745477676392,0.9507045745849609
rock,rock-set2 (576),test,./data/raw/FullLabelled/rock/rock-set2 (576).jpg,./dataset/skeleton_final_v2/rock/rock-set2 (576).npy,0.2022293210029602,0.13594837486743927,0.6961890459060669,0.7508989572525024
the-finger,the-finger-set2 (389),test,./data/raw/FullLabelled/the-finger/the-finger-set2 (389).jpg,./dataset/skeleton_final_v2/the-finger/the-finger-set2 (389).npy,0.09685322642326355,0.05078113079071045,0.7423017621040344,0.8870334625244141
paper,paper_3636,test,./data/raw/FullLabelled/paper/paper_3636.jpg,./dataset/skeleton_final_v2/paper/paper_3636.npy,0.06887975335121155,0.05316004157066345,0.9432390332221985,0.9502818584442139
paper,paper (42),test,./data/raw/FullLabelled/paper/paper (42).jpg,./dataset/skeleton_final_v2/paper/paper (42).npy,0.10256999731063843,0.08055546879768372,0.926751434803009,0.8700659275054932
scissors,scissors (31),test,./data/raw/FullLabelled/scissors/scissors (31).jpg,./dataset/skeleton_final_v2/scissors/scissors (31).npy,0.17460189759731293,0.026881247758865356,0.7578163743019104,0.9928951859474182
scissors,scissors-set2 (656),test,./data/raw/FullLabelled/scissors/scissors-set2 (656).jpg,./dataset/skeleton_final_v2/scissors/scissors-set2 (656).npy,0.1560571789741516,0.10774528980255127,0.8034409284591675,0.8785369396209717
scissors,scissors-set2 (391),test,./data/raw/FullLabelled/scissors/scissors-set2 (391).jpg,./dataset/skeleton_final_v2/scissors/scissors-set2 (391).npy,0.18358126282691956,0.16957366466522217,0.7633997201919556,0.8459744453430176
ok,ok_Set2_ (83),test,./data/raw/FullLabelled/ok/ok_Set2_ (83).jpg,./dataset/skeleton_final_v2/ok/ok_Set2_ (83).npy,0.0,0.07944688200950623,0.7636959552764893,0.8485296964645386
ok,ok_5266,test,./data/raw/FullLabelled/ok/ok_5266.jpg,./dataset/skeleton_final_v2/ok/ok_5266.npy,0.09183356165885925,0.0716533362865448,0.863808274269104,0.9104772806167603
paper,paper_1858,test,./data/raw/FullLabelled/paper/paper_1858.jpg,./dataset/skeleton_final_v2/paper/paper_1858.npy,0.11133480072021484,0.04176044464111328,0.9096164107322693,0.8612109422683716
the-finger,the-finger-set2 (40),test,./data/raw/FullLabelled/the-finger/the-finger-set2 (40).jpg,./dataset/skeleton_final_v2/the-finger/the-finger-set2 (40).npy,0.22266240417957306,0.24913626909255981,0.705723762512207,0.8473613858222961
ok,ok_Set2_ (172),test,./data/raw/FullLabelled/ok/ok_Set2_ (172).jpg,./dataset/skeleton_final_v2/ok/ok_Set2_ (172).npy,0.10297554731369019,0.11579331755638123,0.7896438837051392,0.7914996147155762
scissors,scissors-set2 (689),test,./data/raw/FullLabelled/scissors/scissors-set2 (689).jpg,./dataset/skeleton_final_v2/scissors/scissors-set2 (689).npy,0.13474306464195251,0.1127660870552063,0.7843328714370728,0.9454222917556763
scissors,scissors-set2 (345),test,./data/raw/FullLabelled/scissors/scissors-set2 (345).jpg,./dataset/skeleton_final_v2/scissors/scissors-set2 (345).npy,0.12674856185913086,0.1077505350112915,0.7543914914131165,0.9247773885726929
rock,rock-set2 (309),test,./data/raw/FullLabelled/rock/rock-set2 (309).jpg,./dataset/skeleton_final_v2/rock/rock-set2 (309).npy,0.1669670045375824,0.1730756163597107,0.743166446685791,0.8036236763000488
rock,rock (16),test,./data/raw/FullLabelled/rock/rock (16).jpg,./dataset/skeleton_final_v2/rock/rock (16).npy,0.20455768704414368,0.033058226108551025,0.8225466012954712,0.7741803526878357
scissors,scissors_7178,test,./data/raw/FullLabelled/scissors/scissors_7178.jpg,./dataset/skeleton_final_v2/scissors/scissors_7178.npy,0.1291065514087677,0.06879624724388123,0.8790375590324402,0.9506604671478271
the-finger,the-finger-set2 (177),test,./data/raw/FullLabelled/the-finger/the-finger-set2 (177).jpg,./dataset/skeleton_final_v2/the-finger/the-finger-set2 (177).npy,0.46469300985336304,0.15425902605056763,0.9692773818969727,0.6689313054084778
the-finger,the-finger (70),test,./data/raw/FullLabelled/the-finger/the-finger (70).jpg,./dataset/skeleton_final_v2/the-finger/the-finger (70).npy,0.09724158048629761,0.039148181676864624,0.8475497961044312,0.8998502492904663
scissors,scissors_7972,test,./data/raw/FullLabelled/scissors/scissors_7972.jpg,./dataset/skeleton_final_v2/scissors/scissors_7972.npy,0.27508842945098877,0.07986336946487427,0.8080959916114807,0.7920894622802734
paper,paper_2467,test,./data/raw/FullLabelled/paper/paper_2467.jpg,./dataset/skeleton_final_v2/paper/paper_2467.npy,0.057418644428253174,0.0588783323764801,0.9210132956504822,0.9623115062713623
paper,paper_3806,test,./data/raw/FullLabelled/paper/paper_3806.jpg,./dataset/skeleton_final_v2/paper/paper_3806.npy,0.08881187438964844,0.07052063941955566,0.9385744333267212,0.9378217458724976
ok,ok_5780,test,./data/raw/FullLabelled/ok/ok_5780.jpg,./dataset/skeleton_final_v2/ok/ok_5780.npy,0.06172385811805725,0.053702741861343384,0.9327741265296936,0.9452900886535645
scissors,scissors-set2 (727),test,./data/raw/FullLabelled/scissors/scissors-set2 (727).jpg,./dataset/skeleton_final_v2/scissors/scissors-set2 (727).npy,0.12398028373718262,0.052001953125,0.8113889694213867,0.9244698286056519
rock,rock-set2 (148),test,./data/raw/FullLabelled/rock/rock-set2 (148).jpg,./dataset/skeleton_final_v2/rock/rock-set2 (148).npy,0.14301346242427826,0.13584625720977783,0.7617448568344116,0.891041100025177
rock,rock (200),test,./data/raw/FullLabelled/rock/rock (200).jpg,./dataset/skeleton_final_v2/rock/rock (200).npy,0.22339467704296112,0.15211066603660583,0.7437663078308105,0.91939777135849
paper,paper (35),test,./data/raw/FullLabelled/paper/paper (35).jpg,./dataset/skeleton_final_v2/paper/paper (35).npy,0.10561740398406982,0.07877913117408752,0.9150960445404053,0.8777241110801697
scissors,scissors-set2 (65),test,./data/raw/FullLabelled/scissors/scissors-set2 (65).jpg,./dataset/skeleton_final_v2/scissors/scissors-set2 (65).npy,0.12308993935585022,0.10229641199111938,0.6538692116737366,0.9179797172546387
ok,ok_5552,test,./data/raw/FullLabelled/ok/ok_5552.jpg,./dataset/skeleton_final_v2/ok/ok_5552.npy,0.13990795612335205,0.09202206134796143,0.8958479762077332,0.9070255160331726
the-finger,the-finger-set2 (90),test,./data/raw/FullLabelled/the-finger/the-finger-set2 (90).jpg,./dataset/skeleton_final_v2/the-finger/the-finger-set2 (90).npy,0.1579313576221466,0.13490337133407593,0.763727068901062,0.9460421204566956
scissors,scissors_3874,test,./data/raw/FullLabelled/scissors/scissors_3874.jpg,./dataset/skeleton_final_v2/scissors/scissors_3874.npy,0.17892351746559143,0.08690384030342102,0.8495699167251587,0.9538450241088867
rock,rock-set2 (221),test,./data/raw/FullLabelled/rock/rock-set2 (221).jpg,./dataset/skeleton_final_v2/rock/rock-set2 (221).npy,0.06604042649269104,0.1200442910194397,0.9064971804618835,0.8226027488708496
scissors,scissors (465),test,./data/raw/FullLabelled/scissors/scissors (465).jpg,./dataset/skeleton_final_v2/scissors/scissors (465).npy,0.17401814460754395,0.16414591670036316,0.7647300362586975,0.8992857933044434
ok,ok_2750,test,./data/raw/FullLabelled/ok/ok_2750.jpg,./dataset/skeleton_final_v2/ok/ok_2750.npy,0.10965552926063538,0.06476739048957825,0.7989537715911865,0.8695093393325806
paper,paper_716,test,./data/raw/FullLabelled/paper/paper_716.jpg,./dataset/skeleton_final_v2/paper/paper_716.npy,0.12598416209220886,0.09328094124794006,0.8434525728225708,0.7815636396408081
the-finger,the-finger-set2 (178),test,./data/raw/FullLabelled/the-finger/the-finger-set2 (178).jpg,./dataset/skeleton_final_v2/the-finger/the-finger-set2 (178).npy,0.3051804304122925,0.2364356517791748,0.80340176820755,0.8274478316307068
scissors,scissors (375),test,./data/raw/FullLabelled/scissors/scissors (375).jpg,./dataset/skeleton_final_v2/scissors/scissors (375).npy,0.16135695576667786,0.07820144295692444,0.7726441621780396,0.9168368577957153
paper,paper-set2 (284),test,./data/raw/FullLabelled/paper/paper-set2 (284).jpg,./dataset/skeleton_final_v2/paper/paper-set2 (284).npy,0.08560594916343689,0.052337050437927246,0.8928958177566528,0.9055119752883911
scissors,scissors-set2 (316),test,./data/raw/FullLabelled/scissors/scissors-set2 (316).jpg,./dataset/skeleton_final_v2/scissors/scissors-set2 (316).npy,0.11155474185943604,0.04248279333114624,0.8644904494285583,0.928500235080719
the-finger,the-finger_7846,test,./data/raw/FullLabelled/the-finger/the-finger_7846.jpg,./dataset/skeleton_final_v2/the-finger/the-finger_7846.npy,0.19222044944763184,0.06334954500198364,0.9073445200920105,0.8770571351051331
scissors,scissors-set2 (204),test,./data/raw/FullLabelled/scissors/scissors-set2 (204).jpg,./dataset/skeleton_final_v2/scissors/scissors-set2 (204).npy,0.19401778280735016,0.13366585969924927,0.6807268261909485,0.8819888234138489
paper,paper_6353,test,./data/raw/FullLabelled/paper/paper_6353.jpg,./dataset/skeleton_final_v2/paper/paper_6353.npy,0.0931793749332428,0.056776612997055054,0.9381191730499268,0.9440128207206726
scissors,scissors-set2 (323),test,./data/raw/FullLabelled/scissors/scissors-set2 (323).jpg,./dataset/skeleton_final_v2/scissors/scissors-set2 (323).npy,0.0933440625667572,0.049035340547561646,0.6681216359138489,0.9201186895370483
paper,paper_8752,test,./data/raw/FullLabelled/paper/paper_8752.jpg,./dataset/skeleton_final_v2/paper/paper_8752.npy,0.1296474039554596,0.0792306661605835,0.8873653411865234,0.8898766040802002
scissors,scissors (200),test,./data/raw/FullLabelled/scissors/scissors (200).jpg,./dataset/skeleton_final_v2/scissors/scissors (200).npy,0.2014363706111908,0.14887240529060364,0.7303610444068909,0.9078114032745361
paper,paper_7944,test,./data/raw/FullLabelled/paper/paper_7944.jpg,./dataset/skeleton_final_v2/paper/paper_7944.npy,0.14640656113624573,0.08989372849464417,0.926144003868103,0.894696056842804
paper,paper_7322,test,./data/raw/FullLabelled/paper/paper_7322.jpg,./dataset/skeleton_final_v2/paper/paper_7322.npy,0.09780219197273254,0.09381610155105591,0.9318453073501587,0.9236959218978882
ok,ok (250),test,./data/raw/FullLabelled/ok/ok (250).jpg,./dataset/skeleton_final_v2/ok/ok (250).npy,0.1312304437160492,0.09102636575698853,0.7831951975822449,0.8650286197662354
scissors,scissors_3841,test,./data/raw/FullLabelled/scissors/scissors_3841.jpg,./dataset/skeleton_final_v2/scissors/scissors_3841.npy,0.3107677698135376,0.23037010431289673,0.8505203723907471,0.8902994394302368
scissors,scissors-set2 (64),test,./data/raw/FullLabelled/scissors/scissors-set2 (64).jpg,./dataset/skeleton_final_v2/scissors/scissors-set2 (64).npy,0.1251823902130127,0.09251394867897034,0.6398491859436035,0.9288703799247742
the-finger,the-finger_5366,test,./data/raw/FullLabelled/the-finger/the-finger_5366.jpg,./dataset/skeleton_final_v2/the-finger/the-finger_5366.npy,0.15952418744564056,0.16821199655532837,0.8354817628860474,0.9674705862998962
paper,paper-set2 (370),test,./data/raw/FullLabelled/paper/paper-set2 (370).jpg,./dataset/skeleton_final_v2/paper/paper-set2 (370).npy,0.04019084572792053,0.06419995427131653,0.8858629465103149,0.9385285377502441
scissors,scissors (442),test,./data/raw/FullLabelled/scissors/scissors (442).jpg,./dataset/skeleton_final_v2/scissors/scissors (442).npy,0.09016761183738708,0.08379992842674255,0.7958889603614807,0.9659340381622314
the-finger,the-finger-set2 (423),test,./data/raw/FullLabelled/the-finger/the-finger-set2 (423).jpg,./dataset/skeleton_final_v2/the-finger/the-finger-set2 (423).npy,0.1585506796836853,0.06765240430831909,0.7994418144226074,0.9970251321792603
paper,paper-set2 (204),test,./data/raw/FullLabelled/paper/paper-set2 (204).jpg,./dataset/skeleton_final_v2/paper/paper-set2 (204).npy,0.09029635787010193,0.12061619758605957,0.9952617883682251,0.8528293967247009
paper,paper-set2 (170),test,./data/raw/FullLabelled/paper/paper-set2 (170).jpg,./dataset/skeleton_final_v2/paper/paper-set2 (170).npy,0.05798745155334473,0.11322653293609619,0.8824547529220581,0.8345655202865601
paper,paper (74),test,./data/raw/FullLabelled/paper/paper (74).jpg,./dataset/skeleton_final_v2/paper/paper (74).npy,0.07203471660614014,0.06228277087211609,0.8031269311904907,0.9152557849884033
the-finger,the-finger_7079,test,./data/raw/FullLabelled/the-finger/the-finger_7079.jpg,./dataset/skeleton_final_v2/the-finger/the-finger_7079.npy,0.13837477564811707,0.06321689486503601,0.881379246711731,0.9614558815956116
scissors,scissors-set2 (524),test,./data/raw/FullLabelled/scissors/scissors-set2 (524).jpg,./dataset/skeleton_final_v2/scissors/scissors-set2 (524).npy,0.18273034691810608,0.09777331352233887,0.7479246258735657,0.915070652961731
scissors,scissors (371),test,./data/raw/FullLabelled/scissors/scissors (371).jpg,./dataset/skeleton_final_v2/scissors/scissors (371).npy,0.1136353611946106,0.018006056547164917,0.7365074753761292,0.8804507255554199
scissors,scissors (133),test,./data/raw/FullLabelled/scissors/scissors (133).jpg,./dataset/skeleton_final_v2/scissors/scissors (133).npy,0.07745051383972168,0.0,0.7770494222640991,0.9554061889648438
scissors,scissors (451),test,./data/raw/FullLabelled/scissors/scissors (451).jpg,./dataset/skeleton_final_v2/scissors/scissors (451).npy,0.18765977025032043,0.15143805742263794,0.7950423955917358,0.902397632598877
ok,ok_2774,test,./data/raw/FullLabelled/ok/ok_2774.jpg,./dataset/skeleton_final_v2/ok/ok_2774.npy,0.10156595706939697,0.10416501760482788,0.8621667623519897,0.8956552743911743
scissors,scissors-set2 (302),test,./data/raw/FullLabelled/scissors/scissors-set2 (302).jpg,./dataset/skeleton_final_v2/scissors/scissors-set2 (302).npy,0.09963652491569519,0.0,0.895633339881897,0.9425212144851685
ok,ok_Set2_ (552),test,./data/raw/FullLabelled/ok/ok_Set2_ (552).jpg,./dataset/skeleton_final_v2/ok/ok_Set2_ (552).npy,0.10434108972549438,0.12062916159629822,0.7859644889831543,0.8434815406799316
the-finger,the-finger-set2 (262),test,./data/raw/FullLabelled/the-finger/the-finger-set2 (262).jpg,./dataset/skeleton_final_v2/the-finger/the-finger-set2 (262).npy,0.12466374039649963,0.1032727062702179,0.6410413384437561,0.9076854586601257
paper,paper_6348,test,./data/raw/FullLabelled/paper/paper_6348.jpg,./dataset/skeleton_final_v2/paper/paper_6348.npy,0.07755124568939209,0.0639180839061737,0.9458487033843994,0.9645520448684692
ok,ok_Set2_ (156),test,./data/raw/FullLabelled/ok/ok_Set2_ (156).jpg,./dataset/skeleton_final_v2/ok/ok_Set2_ (156).npy,0.14708006381988525,0.1080741286277771,0.7595779299736023,0.8170116543769836
the-finger,the-finger_7258,test,./data/raw/FullLabelled/the-finger/the-finger_7258.jpg,./dataset/skeleton_final_v2/the-finger/the-finger_7258.npy,0.11496502161026001,0.07085591554641724,0.8605920672416687,0.917677640914917
scissors,scissors-set2 (420),test,./data/raw/FullLabelled/scissors/scissors-set2 (420).jpg,./dataset/skeleton_final_v2/scissors/scissors-set2 (420).npy,0.16589568555355072,0.10709425806999207,0.7582576274871826,0.9035671949386597
the-finger,the-finger-set2 (67),test,./data/raw/FullLabelled/the-finger/the-finger-set2 (67).jpg,./dataset/skeleton_final_v2/the-finger/the-finger-set2 (67).npy,0.15160411596298218,0.11641570925712585,0.7797700762748718,0.9420977234840393
scissors,scissors_6722,test,./data/raw/FullLabelled/scissors/scissors_6722.jpg,./dataset/skeleton_final_v2/scissors/scissors_6722.npy,0.13058102130889893,0.05766519904136658,0.8983169794082642,0.9385200142860413
ok,ok_Set2_ (184),test,./data/raw/FullLabelled/ok/ok_Set2_ (184).jpg,./dataset/skeleton_final_v2/ok/ok_Set2_ (184).npy,0.150368332862854,0.10338416695594788,0.6344137191772461,0.7586723566055298
the-finger,the-finger_6071,test,./data/raw/FullLabelled/the-finger/the-finger_6071.jpg,./dataset/skeleton_final_v2/the-finger/the-finger_6071.npy,0.14866486191749573,0.05713307857513428,0.8405104875564575,0.8936219215393066
paper,paper_1031,test,./data/raw/FullLabelled/paper/paper_1031.jpg,./dataset/skeleton_final_v2/paper/paper_1031.npy,0.16547027230262756,0.11258769035339355,0.9671117067337036,0.8969676494598389
paper,paper_5902,test,./data/raw/FullLabelled/paper/paper_5902.jpg,./dataset/skeleton_final_v2/paper/paper_5902.npy,0.09182566404342651,0.09469807147979736,0.9559524655342102,0.9415910243988037
paper,paper-set2 (198),test,./data/raw/FullLabelled/paper/paper-set2 (198).jpg,./dataset/skeleton_final_v2/paper/paper-set2 (198).npy,0.10589173436164856,0.10591840744018555,0.8199668526649475,0.8444149494171143
ok,ok_Set2_ (120),test,./data/raw/FullLabelled/ok/ok_Set2_ (120).jpg,./dataset/skeleton_final_v2/ok/ok_Set2_ (120).npy,0.15089374780654907,0.19770547747612,0.7157624959945679,0.8171637058258057
the-finger,the-finger-set2 (156),test,./data/raw/FullLabelled/the-finger/the-finger-set2 (156).jpg,./dataset/skeleton_final_v2/the-finger/the-finger-set2 (156).npy,0.1696951985359192,0.061178743839263916,0.8130444288253784,0.901178777217865
paper,paper-set2 (473),test,./data/raw/FullLabelled/paper/paper-set2 (473).jpg,./dataset/skeleton_final_v2/paper/paper-set2 (473).npy,0.04463014006614685,0.11656355857849121,0.7971386909484863,0.8998491168022156
paper,paper_7954,test,./data/raw/FullLabelled/paper/paper_7954.jpg,./dataset/skeleton_final_v2/paper/paper_7954.npy,0.11334848403930664,0.13190507888793945,0.8919246196746826,0.9429971575737
scissors,scissors-set2 (61),test,./data/raw/FullLabelled/scissors/scissors-set2 (61).jpg,./dataset/skeleton_final_v2/scissors/scissors-set2 (61).npy,0.13158944249153137,0.08577555418014526,0.616702675819397,0.8939729928970337
the-finger,the-finger_6469,test,./data/raw/FullLabelled/the-finger/the-finger_6469.jpg,./dataset/skeleton_final_v2/the-finger/the-finger_6469.npy,0.057256877422332764,0.059861212968826294,0.8576436042785645,0.9611365795135498
scissors,scissors-set2 (224),test,./data/raw/FullLabelled/scissors/scissors-set2 (224).jpg,./dataset/skeleton_final_v2/scissors/scissors-set2 (224).npy,0.18722449243068695,0.11105191707611084,0.7162501811981201,0.8961180448532104
ok,ok_7688,test,./data/raw/FullLabelled/ok/ok_7688.jpg,./dataset/skeleton_final_v2/ok/ok_7688.npy,0.08280214667320251,0.0924845039844513,0.9452097415924072,0.8846351504325867
scissors,scissors_5193,test,./data/raw/FullLabelled/scissors/scissors_5193.jpg,./dataset/skeleton_final_v2/scissors/scissors_5193.npy,0.14962372183799744,0.07334983348846436,0.879374623298645,0.959126353263855
the-finger,the-finger (143),test,./data/raw/FullLabelled/the-finger/the-finger (143).jpg,./dataset/skeleton_final_v2/the-finger/the-finger (143).npy,0.1585506796836853,0.06765240430831909,0.7994418144226074,0.9970251321792603
rock,rock_3155,test,./data/raw/FullLabelled/rock/rock_3155.jpg,./dataset/skeleton_final_v2/rock/rock_3155.npy,0.2818848788738251,0.13546206057071686,0.7932842373847961,0.4783834218978882
the-finger,the-finger_634,test,./data/raw/FullLabelled/the-finger/the-finger_634.jpg,./dataset/skeleton_final_v2/the-finger/the-finger_634.npy,0.09115950763225555,0.047381460666656494,0.8661000728607178,0.8504307270050049
ok,ok_2652,test,./data/raw/FullLabelled/ok/ok_2652.jpg,./dataset/skeleton_final_v2/ok/ok_2652.npy,0.1374814212322235,0.1294754445552826,0.7584130764007568,0.9085557460784912
ok,ok_Set2_ (121),test,./data/raw/FullLabelled/ok/ok_Set2_ (121).jpg,./dataset/skeleton_final_v2/ok/ok_Set2_ (121).npy,0.0,0.13632330298423767,0.6831602454185486,0.7550145387649536
paper,paper_5890,test,./data/raw/FullLabelled/paper/paper_5890.jpg,./dataset/skeleton_final_v2/paper/paper_5890.npy,0.069029301404953,0.060265034437179565,0.9444662928581238,0.9061142802238464
paper,paper_5465,test,./data/raw/FullLabelled/paper/paper_5465.jpg,./dataset/skeleton_final_v2/paper/paper_5465.npy,0.10099881887435913,0.0855938196182251,0.8459818363189697,0.9234527349472046
paper,paper-set2 (187),test,./data/raw/FullLabelled/paper/paper-set2 (187).jpg,./dataset/skeleton_final_v2/paper/paper-set2 (187).npy,0.1457696557044983,0.11448928713798523,0.8061573505401611,0.8756599426269531
the-finger,the-finger-set2 (420),test,./data/raw/FullLabelled/the-finger/the-finger-set2 (420).jpg,./dataset/skeleton_final_v2/the-finger/the-finger-set2 (420).npy,0.14661118388175964,0.012293308973312378,0.7570704221725464,0.8824445605278015
paper,paper_6346,test,./data/raw/FullLabelled/paper/paper_6346.jpg,./dataset/skeleton_final_v2/paper/paper_6346.npy,0.0994974672794342,0.08755636215209961,0.9332183599472046,0.9767173528671265
scissors,scissors-set2 (618),test,./data/raw/FullLabelled/scissors/scissors-set2 (618).jpg,./dataset/skeleton_final_v2/scissors/scissors-set2 (618).npy,0.15017393231391907,0.09107819199562073,0.6881518363952637,0.9242634177207947
the-finger,the-finger (85),test,./data/raw/FullLabelled/the-finger/the-finger (85).jpg,./dataset/skeleton_final_v2/the-finger/the-finger (85).npy,0.1658531129360199,0.08649185299873352,0.723730206489563,0.8776338696479797
ok,ok (24),test,./data/raw/FullLabelled/ok/ok (24).jpg,./dataset/skeleton_final_v2/ok/ok (24).npy,0.14630764722824097,0.1111212968826294,0.8812670707702637,0.8985882997512817
the-finger,the-finger-set2 (330),test,./data/raw/FullLabelled/the-finger/the-finger-set2 (330).jpg,./dataset/skeleton_final_v2/the-finger/the-finger-set2 (330).npy,0.15848734974861145,0.013809382915496826,0.75807785987854,0.9617072343826294
ok,ok_6750,test,./data/raw/FullLabelled/ok/ok_6750.jpg,./dataset/skeleton_final_v2/ok/ok_6750.npy,0.06149637699127197,0.05254471302032471,0.9371520280838013,0.9483897089958191
paper,paper_7143,test,./data/raw/FullLabelled/paper/paper_7143.jpg,./dataset/skeleton_final_v2/paper/paper_7143.npy,0.05604928731918335,0.053135961294174194,0.9384452104568481,0.9462262392044067
scissors,scissors-set2 (257),test,./data/raw/FullLabelled/scissors/scissors-set2 (257).jpg,./dataset/skeleton_final_v2/scissors/scissors-set2 (257).npy,0.1406077742576599,0.1311580240726471,0.7667075395584106,0.9094738960266113
paper,paper-set2 (239),test,./data/raw/FullLabelled/paper/paper-set2 (239).jpg,./dataset/skeleton_final_v2/paper/paper-set2 (239).npy,0.11165842413902283,0.0746537446975708,0.9085046052932739,0.8739510774612427
scissors,scissors (188),test,./data/raw/FullLabelled/scissors/scissors (188).jpg,./dataset/skeleton_final_v2/scissors/scissors (188).npy,0.18553011119365692,0.10115814208984375,0.7558661699295044,0.8905899524688721
scissors,scissors-set2 (15),test,./data/raw/FullLabelled/scissors/scissors-set2 (15).jpg,./dataset/skeleton_final_v2/scissors/scissors-set2 (15).npy,0.13402462005615234,0.11582499742507935,0.7706251740455627,0.9051234722137451
scissors,scissors-set2 (207),test,./data/raw/FullLabelled/scissors/scissors-set2 (207).jpg,./dataset/skeleton_final_v2/scissors/scissors-set2 (207).npy,0.19356702268123627,0.10725164413452148,0.6957386136054993,0.8771780729293823
the-finger,the-finger-set2 (387),test,./data/raw/FullLabelled/the-finger/the-finger-set2 (387).jpg,./dataset/skeleton_final_v2/the-finger/the-finger-set2 (387).npy,0.11997726559638977,0.03261268138885498,0.7594740390777588,0.8775070309638977
scissors,scissors_5484,test,./data/raw/FullLabelled/scissors/scissors_5484.jpg,./dataset/skeleton_final_v2/scissors/scissors_5484.npy,0.09470626711845398,0.07321286201477051,0.8659371137619019,0.9208649396896362
the-finger,the-finger_6081,test,./data/raw/FullLabelled/the-finger/the-finger_6081.jpg,./dataset/skeleton_final_v2/the-finger/the-finger_6081.npy,0.11708146333694458,0.1343260109424591,0.8639706373214722,0.882009744644165
scissors,scissors-set2 (371),test,./data/raw/FullLabelled/scissors/scissors-set2 (371).jpg,./dataset/skeleton_final_v2/scissors/scissors-set2 (371).npy,0.0856444239616394,0.10065007209777832,0.7474995851516724,0.9076787233352661
the-finger,the-finger_1366,test,./data/raw/FullLabelled/the-finger/the-finger_1366.jpg,./dataset/skeleton_final_v2/the-finger/the-finger_1366.npy,0.10541725158691406,0.05880418419837952,0.8657534718513489,0.8995842337608337
ok,ok_Set2_ (562),test,./data/raw/FullLabelled/ok/ok_Set2_ (562).jpg,./dataset/skeleton_final_v2/ok/ok_Set2_ (562).npy,0.12545955181121826,0.0959504246711731,0.7488324642181396,0.8904469013214111
scissors,scissors-set2 (744),test,./data/raw/FullLabelled/scissors/scissors-set2 (744).jpg,./dataset/skeleton_final_v2/scissors/scissors-set2 (744).npy,0.14273571968078613,0.12319883704185486,0.8125883340835571,0.8581470251083374
scissors,scissors-set2 (685),test,./data/raw/FullLabelled/scissors/scissors-set2 (685).jpg,./dataset/skeleton_final_v2/scissors/scissors-set2 (685).npy,0.168715238571167,0.12608733773231506,0.7625664472579956,0.9151768684387207
rock,rock-set2 (196),test,./data/raw/FullLabelled/rock/rock-set2 (196).jpg,./dataset/skeleton_final_v2/rock/rock-set2 (196).npy,0.15643000602722168,0.17628905177116394,0.7180498838424683,0.7071139812469482
scissors,scissors-set2 (59),test,./data/raw/FullLabelled/scissors/scissors-set2 (59).jpg,./dataset/skeleton_final_v2/scissors/scissors-set2 (59).npy,0.12794679403305054,0.08971419930458069,0.6133061051368713,0.9113001227378845
scissors,scissors-set2 (639),test,./data/raw/FullLabelled/scissors/scissors-set2 (639).jpg,./dataset/skeleton_final_v2/scissors/scissors-set2 (639).npy,0.16733817756175995,0.09733384847640991,0.7966833114624023,0.9490375518798828
scissors,scissors-set2 (105),test,./data/raw/FullLabelled/scissors/scissors-set2 (105).jpg,./dataset/skeleton_final_v2/scissors/scissors-set2 (105).npy,0.14976325631141663,0.05727356672286987,0.7628939151763916,0.9160133600234985
paper,paper_6526,test,./data/raw/FullLabelled/paper/paper_6526.jpg,./dataset/skeleton_final_v2/paper/paper_6526.npy,0.07427695393562317,0.06681162118911743,0.9512014389038086,0.9420019388198853
paper,paper (144),test,./data/raw/FullLabelled/paper/paper (144).jpg,./dataset/skeleton_final_v2/paper/paper (144).npy,0.0,0.0564141571521759,0.8971497416496277,0.9520484209060669
ok,ok_Set2_ (433),test,./data/raw/FullLabelled/ok/ok_Set2_ (433).jpg,./dataset/skeleton_final_v2/ok/ok_Set2_ (433).npy,0.11461380124092102,0.13433891534805298,0.7462118864059448,0.7773220539093018
paper,paper (169),test,./data/raw/FullLabelled/paper/paper (169).jpg,./dataset/skeleton_final_v2/paper/paper (169).npy,0.07515090703964233,0.08567675948143005,0.8660961389541626,0.8951312303543091
scissors,scissors-set2 (164),test,./data/raw/FullLabelled/scissors/scissors-set2 (164).jpg,./dataset/skeleton_final_v2/scissors/scissors-set2 (164).npy,0.21549426019191742,0.08913633227348328,0.7339922189712524,0.834936261177063
scissors,scissors (323),test,./data/raw/FullLabelled/scissors/scissors (323).jpg,./dataset/skeleton_final_v2/scissors/scissors (323).npy,0.1647028923034668,0.056073129177093506,0.7417653799057007,0.9027869701385498
scissors,scissors-set2 (159),test,./data/raw/FullLabelled/scissors/scissors-set2 (159).jpg,./dataset/skeleton_final_v2/scissors/scissors-set2 (159).npy,0.1817709505558014,0.09778529405593872,0.7456361651420593,0.852657675743103
scissors,scissors-set2 (612),test,./data/raw/FullLabelled/scissors/scissors-set2 (612).jpg,./dataset/skeleton_final_v2/scissors/scissors-set2 (612).npy,0.17243525385856628,0.07276839017868042,0.725969672203064,0.9599617123603821
the-finger,the-finger-set2 (386),test,./data/raw/FullLabelled/the-finger/the-finger-set2 (386).jpg,./dataset/skeleton_final_v2/the-finger/the-finger-set2 (386).npy,0.13097023963928223,0.00130540132522583,0.7451887726783752,0.8960254192352295
paper,paper (104),test,./data/raw/FullLabelled/paper/paper (104).jpg,./dataset/skeleton_final_v2/paper/paper (104).npy,0.10552331805229187,0.04350888729095459,0.8642134666442871,0.9440250396728516
the-finger,the-finger-set2 (29),test,./data/raw/FullLabelled/the-finger/the-finger-set2 (29).jpg,./dataset/skeleton_final_v2/the-finger/the-finger-set2 (29).npy,0.283726304769516,0.13652920722961426,0.7821635007858276,0.8968238830566406
paper,paper-set2 (295),test,./data/raw/FullLabelled/paper/paper-set2 (295).jpg,./dataset/skeleton_final_v2/paper/paper-set2 (295).npy,0.03866085410118103,0.05943155288696289,0.8978732824325562,0.8998793363571167
ok,ok_Set2_ (489),test,./data/raw/FullLabelled/ok/ok_Set2_ (489).jpg,./dataset/skeleton_final_v2/ok/ok_Set2_ (489).npy,0.07945698499679565,0.11241444945335388,0.8499565124511719,0.9041818380355835
scissors,scissors-set2 (707),test,./data/raw/FullLabelled/scissors/scissors-set2 (707).jpg,./dataset/skeleton_final_v2/scissors/scissors-set2 (707).npy,0.1860227882862091,0.16450998187065125,0.7694638967514038,0.8932103514671326
scissors,scissors-set2 (359),test,./data/raw/FullLabelled/scissors/scissors-set2 (359).jpg,./dataset/skeleton_final_v2/scissors/scissors-set2 (359).npy,0.10449168086051941,0.07411080598831177,0.8018618822097778,0.9638301730155945
scissors,scissors (38),test,./data/raw/FullLabelled/scissors/scissors (38).jpg,./dataset/skeleton_final_v2/scissors/scissors (38).npy,0.0,0.09641247987747192,0.6706289052963257,0.8774237632751465
paper,paper-set2 (459),test,./data/raw/FullLabelled/paper/paper-set2 (459).jpg,./dataset/skeleton_final_v2/paper/paper-set2 (459).npy,0.004111975431442261,0.09880897402763367,0.8616397380828857,0.9118181467056274
ok,ok_Set2_ (521),test,./data/raw/FullLabelled/ok/ok_Set2_ (521).jpg,./dataset/skeleton_final_v2/ok/ok_Set2_ (521).npy,0.09097352623939514,0.12976428866386414,0.8298525214195251,0.8556687831878662
ok,ok_Set2_ (427),test,./data/raw/FullLabelled/ok/ok_Set2_ (427).jpg,./dataset/skeleton_final_v2/ok/ok_Set2_ (427).npy,0.2024286687374115,0.0950002670288086,0.7510174512863159,0.7644056677818298
the-finger,the-finger_7274,test,./data/raw/FullLabelled/the-finger/the-finger_7274.jpg,./dataset/skeleton_final_v2/the-finger/the-finger_7274.npy,0.15679550170898438,0.07139372825622559,0.8807104229927063,0.9391833543777466
paper,paper_9132,test,./data/raw/FullLabelled/paper/paper_9132.jpg,./dataset/skeleton_final_v2/paper/paper_9132.npy,0.13019424676895142,0.07434859871864319,0.9208260774612427,0.9566375017166138
ok,ok_Set2_ (144),test,./data/raw/FullLabelled/ok/ok_Set2_ (144).jpg,./dataset/skeleton_final_v2/ok/ok_Set2_ (144).npy,0.11784356832504272,0.12543076276779175,0.7132964134216309,0.8416529893875122
paper,paper_6926,test,./data/raw/FullLabelled/paper/paper_6926.jpg,./dataset/skeleton_final_v2/paper/paper_6926.npy,0.08322426676750183,0.06975048780441284,0.9184833765029907,0.9316781759262085
scissors,scissors-set2 (533),test,./data/raw/FullLabelled/scissors/scissors-set2 (533).jpg,./dataset/skeleton_final_v2/scissors/scissors-set2 (533).npy,0.06492403149604797,0.0905795693397522,0.8323458433151245,0.9053899049758911
paper,paper_6514,test,./data/raw/FullLabelled/paper/paper_6514.jpg,./dataset/skeleton_final_v2/paper/paper_6514.npy,0.08383876085281372,0.0,0.9488722681999207,0.9202039241790771
paper,paper_7310,test,./data/raw/FullLabelled/paper/paper_7310.jpg,./dataset/skeleton_final_v2/paper/paper_7310.npy,0.08768996596336365,0.05889299511909485,0.9228312969207764,0.8850628137588501
the-finger,the-finger_3486,test,./data/raw/FullLabelled/the-finger/the-finger_3486.jpg,./dataset/skeleton_final_v2/the-finger/the-finger_3486.npy,0.14937087893486023,0.05717968940734863,0.8842915892601013,0.9383625388145447
the-finger,the-finger-set2 (254),test,./data/raw/FullLabelled/the-finger/the-finger-set2 (254).jpg,./dataset/skeleton_final_v2/the-finger/the-finger-set2 (254).npy,0.2209170162677765,0.11798572540283203,0.6663216948509216,0.8724011778831482
paper,paper_3660,test,./data/raw/FullLabelled/paper/paper_3660.jpg,./dataset/skeleton_final_v2/paper/paper_3660.npy,0.0948270857334137,0.015422552824020386,0.9070644378662109,0.913948655128479
the-finger,the-finger-set2 (413),test,./data/raw/FullLabelled/the-finger/the-finger-set2 (413).jpg,./dataset/skeleton_final_v2/the-finger/the-finger-set2 (413).npy,0.14502274990081787,0.047304123640060425,0.7508264780044556,0.8886398077011108
paper,paper (203),test,./data/raw/FullLabelled/paper/paper (203).jpg,./dataset/skeleton_final_v2/paper/paper (203).npy,0.03872475028038025,0.08811041712760925,0.8253829479217529,0.8920468091964722
paper,paper-set2 (489),test,./data/raw/FullLabelled/paper/paper-set2 (489).jpg,./dataset/skeleton_final_v2/paper/paper-set2 (489).npy,0.07063081860542297,0.08405867218971252,0.8787308931350708,0.8941701650619507
ok,ok_Set2_ (436),test,./data/raw/FullLabelled/ok/ok_Set2_ (436).jpg,./dataset/skeleton_final_v2/ok/ok_Set2_ (436).npy,0.18730133771896362,0.09818759560585022,0.7535964846611023,0.7499860525131226
paper,paper (294),test,./data/raw/FullLabelled/paper/paper (294).jpg,./dataset/skeleton_final_v2/paper/paper (294).npy,0.06985640525817871,0.04169914126396179,0.8718336224555969,0.9417853355407715
paper,paper-set2 (474),test,./data/raw/FullLabelled/paper/paper-set2 (474).jpg,./dataset/skeleton_final_v2/paper/paper-set2 (474).npy,0.09897837042808533,0.06243261694908142,0.8066574335098267,0.939043402671814
ok,ok (205),test,./data/raw/FullLabelled/ok/ok (205).jpg,./dataset/skeleton_final_v2/ok/ok (205).npy,0.09477320313453674,0.1309860646724701,0.8453341722488403,0.8689310550689697
scissors,scissors-set2 (313),test,./data/raw/FullLabelled/scissors/scissors-set2 (313).jpg,./dataset/skeleton_final_v2/scissors/scissors-set2 (313).npy,0.1836245059967041,0.05638909339904785,0.8164350986480713,0.917676568031311
the-finger,the-finger_6287,test,./data/raw/FullLabelled/the-finger/the-finger_6287.jpg,./dataset/skeleton_final_v2/the-finger/the-finger_6287.npy,0.12066847085952759,0.08394268155097961,0.7963567972183228,0.9717394113540649
the-finger,the-finger-set2 (20),test,./data/raw/FullLabelled/the-finger/the-finger-set2 (20).jpg,./dataset/skeleton_final_v2/the-finger/the-finger-set2 (20).npy,0.18887662887573242,0.10932829976081848,0.9181807637214661,0.9185031056404114
scissors,scissors-set2 (737),test,./data/raw/FullLabelled/scissors/scissors-set2 (737).jpg,./dataset/skeleton_final_v2/scissors/scissors-set2 (737).npy,0.15952035784721375,0.07131907343864441,0.8215375542640686,0.9011068344116211
paper,paper (53),test,./data/raw/FullLabelled/paper/paper (53).jpg,./dataset/skeleton_final_v2/paper/paper (53).npy,0.09493133425712585,0.09138992428779602,0.9127983450889587,0.8642330765724182
paper,paper (68),test,./data/raw/FullLabelled/paper/paper (68).jpg,./dataset/skeleton_final_v2/paper/paper (68).npy,0.06263279914855957,0.08697506785392761,0.8096234798431396,0.9074596166610718
ok,ok_Set2_ (306),test,./data/raw/FullLabelled/ok/ok_Set2_ (306).jpg,./dataset/skeleton_final_v2/ok/ok_Set2_ (306).npy,0.15632057189941406,0.17151471972465515,0.6152939200401306,0.9040625095367432
paper,paper-set2 (371),test,./data/raw/FullLabelled/paper/paper-set2 (371).jpg,./dataset/skeleton_final_v2/paper/paper-set2 (371).npy,0.04646188020706177,0.046163976192474365,0.870526909828186,0.9524044990539551
scissors,scissors_4627,test,./data/raw/FullLabelled/scissors/scissors_4627.jpg,./dataset/skeleton_final_v2/scissors/scissors_4627.npy,0.16824525594711304,0.07609197497367859,0.8574901819229126,0.944129467010498
paper,paper (129),test,./data/raw/FullLabelled/paper/paper (129).jpg,./dataset/skeleton_final_v2/paper/paper (129).npy,0.23052895069122314,0.1532389223575592,0.7917340993881226,0.8220345973968506
scissors,scissors-set2 (357),test,./data/raw/FullLabelled/scissors/scissors-set2 (357).jpg,./dataset/skeleton_final_v2/scissors/scissors-set2 (357).npy,0.10588711500167847,0.06942307949066162,0.7682672739028931,0.9587991237640381
rock,rock (230),test,./data/raw/FullLabelled/rock/rock (230).jpg,./dataset/skeleton_final_v2/rock/rock (230).npy,0.2097700834274292,0.13643452525138855,0.7116290330886841,0.7229325175285339
scissors,scissors-set2 (683),test,./data/raw/FullLabelled/scissors/scissors-set2 (683).jpg,./dataset/skeleton_final_v2/scissors/scissors-set2 (683).npy,0.12995204329490662,0.1051064133644104,0.8100006580352783,0.8894635438919067
scissors,scissors_2795,test,./data/raw/FullLabelled/scissors/scissors_2795.jpg,./dataset/skeleton_final_v2/scissors/scissors_2795.npy,0.11359292268753052,0.08164802193641663,0.8729430437088013,0.9668333530426025
rock,rock-set2 (353),test,./data/raw/FullLabelled/rock/rock-set2 (353).jpg,./dataset/skeleton_final_v2/rock/rock-set2 (353).npy,0.03596110641956329,0.09926329553127289,0.8210975527763367,0.735831618309021
scissors,scissors (293),test,./data/raw/FullLabelled/scissors/scissors (293).jpg,./dataset/skeleton_final_v2/scissors/scissors (293).npy,0.16804352402687073,0.031862735748291016,0.7911140322685242,0.9069395065307617
paper,paper_3650,test,./data/raw/FullLabelled/paper/paper_3650.jpg,./dataset/skeleton_final_v2/paper/paper_3650.npy,0.06767141819000244,0.0,0.9462366104125977,0.9724361896514893
the-finger,the-finger_616,test,./data/raw/FullLabelled/the-finger/the-finger_616.jpg,./dataset/skeleton_final_v2/the-finger/the-finger_616.npy,0.21927997469902039,0.03517243266105652,0.7822264432907104,0.7634619474411011
scissors,scissors-set2 (654),test,./data/raw/FullLabelled/scissors/scissors-set2 (654).jpg,./dataset/skeleton_final_v2/scissors/scissors-set2 (654).npy,0.18681108951568604,0.05767497420310974,0.8015750646591187,0.9223976731300354
rock,rock-set2 (425),test,./data/raw/FullLabelled/rock/rock-set2 (425).jpg,./dataset/skeleton_final_v2/rock/rock-set2 (425).npy,0.10162568092346191,0.27978628873825073,0.700237512588501,0.657463550567627
paper,paper (274),test,./data/raw/FullLabelled/paper/paper (274).jpg,./dataset/skeleton_final_v2/paper/paper (274).npy,0.030631065368652344,0.10064050555229187,0.8529707789421082,0.8839111328125
scissors,scissors_5735,test,./data/raw/FullLabelled/scissors/scissors_5735.jpg,./dataset/skeleton_final_v2/scissors/scissors_5735.npy,0.11230358481407166,0.08910024166107178,0.8292862176895142,0.9244672060012817
the-finger,the-finger (60),test,./data/raw/FullLabelled/the-finger/the-finger (60).jpg,./dataset/skeleton_final_v2/the-finger/the-finger (60).npy,0.0025945305824279785,0.058735787868499756,0.8192890882492065,0.9423832893371582
the-finger,the-finger-set2 (421),test,./data/raw/FullLabelled/the-finger/the-finger-set2 (421).jpg,./dataset/skeleton_final_v2/the-finger/the-finger-set2 (421).npy,0.1308566927909851,0.1253947913646698,0.7898973226547241,0.8341645002365112
rock,rock_7906,test,./data/raw/FullLabelled/rock/rock_7906.jpg,./dataset/skeleton_final_v2/rock/rock_7906.npy,0.2670685052871704,0.21870535612106323,0.8043349981307983,0.8218194842338562
the-finger,the-finger_6060,test,./data/raw/FullLabelled/the-finger/the-finger_6060.jpg,./dataset/skeleton_final_v2/the-finger/the-finger_6060.npy,0.10477018356323242,0.0864628255367279,0.8213047981262207,0.9044252634048462
paper,paper-set2 (16),test,./data/raw/FullLabelled/paper/paper-set2 (16).jpg,./dataset/skeleton_final_v2/paper/paper-set2 (16).npy,0.13230416178703308,0.07207700610160828,0.8143799304962158,0.9132878184318542
rock,rock_20,test,./data/raw/FullLabelled/rock/rock_20.jpg,./dataset/skeleton_final_v2/rock/rock_20.npy,0.2108025699853897,0.1680222600698471,0.7477688193321228,0.7537146806716919
ok,ok (252),test,./data/raw/FullLabelled/ok/ok (252).jpg,./dataset/skeleton_final_v2/ok/ok (252).npy,0.141035258769989,0.11189967393875122,0.7773857712745667,0.8498947620391846
scissors,scissors_5229,test,./data/raw/FullLabelled/scissors/scissors_5229.jpg,./dataset/skeleton_final_v2/scissors/scissors_5229.npy,0.1529364287853241,0.08212035894393921,0.8668766021728516,0.9416779279708862
the-finger,the-finger_1345,test,./data/raw/FullLabelled/the-finger/the-finger_1345.jpg,./dataset/skeleton_final_v2/the-finger/the-finger_1345.npy,0.12142980098724365,0.10264763236045837,0.8651292324066162,0.8355200886726379
paper,paper-set2 (28),test,./data/raw/FullLabelled/paper/paper-set2 (28).jpg,./dataset/skeleton_final_v2/paper/paper-set2 (28).npy,0.08765310049057007,0.11196732521057129,0.8335936069488525,0.8628520965576172
scissors,scissors-set2 (437),test,./data/raw/FullLabelled/scissors/scissors-set2 (437).jpg,./dataset/skeleton_final_v2/scissors/scissors-set2 (437).npy,0.17522883415222168,0.11175087094306946,0.7728747725486755,0.8609505295753479
scissors,scissors-set2 (424),test,./data/raw/FullLabelled/scissors/scissors-set2 (424).jpg,./dataset/skeleton_final_v2/scissors/scissors-set2 (424).npy,0.1807904988527298,0.10157549381256104,0.7143004536628723,0.8301372528076172
ok,ok (37),test,./data/raw/FullLabelled/ok/ok (37).jpg,./dataset/skeleton_final_v2/ok/ok (37).npy,0.098043292760849,0.10366222262382507,0.9111354947090149,0.9056153893470764
ok,ok_Set2_ (333),test,./data/raw/FullLabelled/ok/ok_Set2_ (333).jpg,./dataset/skeleton_final_v2/ok/ok_Set2_ (333).npy,0.15198040008544922,0.08158469200134277,0.8473113775253296,0.8932416439056396
paper,paper_6700,test,./data/raw/FullLabelled/paper/paper_6700.jpg,./dataset/skeleton_final_v2/paper/paper_6700.npy,0.057351142168045044,0.05716678500175476,0.9227055907249451,0.9114905595779419
the-finger,the-finger_6074,test,./data/raw/FullLabelled/the-finger/the-finger_6074.jpg,./dataset/skeleton_final_v2/the-finger/the-finger_6074.npy,0.09477350115776062,0.04430800676345825,0.9155887961387634,0.8793877363204956
scissors,scissors (348),test,./data/raw/FullLabelled/scissors/scissors (348).jpg,./dataset/skeleton_final_v2/scissors/scissors (348).npy,0.17562265694141388,0.09803906083106995,0.7700993418693542,0.9181149005889893
ok,ok_2959,test,./data/raw/FullLabelled/ok/ok_2959.jpg,./dataset/skeleton_final_v2/ok/ok_2959.npy,0.09774449467658997,0.08213311433792114,0.9459555149078369,0.9040384292602539
scissors,scissors-set2 (559),test,./data/raw/FullLabelled/scissors/scissors-set2 (559).jpg,./dataset/skeleton_final_v2/scissors/scissors-set2 (559).npy,0.12758409976959229,0.12975957989692688,0.7517601251602173,0.8794289827346802
ok,ok (45),test,./data/raw/FullLabelled/ok/ok (45).jpg,./dataset/skeleton_final_v2/ok/ok (45).npy,0.1546599119901657,0.06526648998260498,0.8248790502548218,0.918260395526886
scissors,scissors-set2 (742),test,./data/raw/FullLabelled/scissors/scissors-set2 (742).jpg,./dataset/skeleton_final_v2/scissors/scissors-set2 (742).npy,0.15102529525756836,0.11111658811569214,0.8313266038894653,0.8720402717590332
the-finger,the-finger (5),test,./data/raw/FullLabelled/the-finger/the-finger (5).jpg,./dataset/skeleton_final_v2/the-finger/the-finger (5).npy,0.10263116657733917,0.09551268815994263,0.7746599316596985,0.8958021402359009
scissors,scissors (294),test,./data/raw/FullLabelled/scissors/scissors (294).jpg,./dataset/skeleton_final_v2/scissors/scissors (294).npy,0.12206408381462097,0.038116455078125,0.7667929530143738,0.9520581364631653
rock,rock-set2 (185),test,./data/raw/FullLabelled/rock/rock-set2 (185).jpg,./dataset/skeleton_final_v2/rock/rock-set2 (185).npy,0.12860281765460968,0.2625616192817688,0.7646967172622681,0.8655577301979065
paper,paper-set2 (171),test,./data/raw/FullLabelled/paper/paper-set2 (171).jpg,./dataset/skeleton_final_v2/paper/paper-set2 (171).npy,0.07388505339622498,0.12073618173599243,0.8522056341171265,0.8351371884346008
the-finger,the-finger_8650,test,./data/raw/FullLabelled/the-finger/the-finger_8650.jpg,./dataset/skeleton_final_v2/the-finger/the-finger_8650.npy,0.2292734682559967,0.18565267324447632,0.7954875826835632,0.9172091484069824
the-finger,the-finger_7091,test,./data/raw/FullLabelled/the-finger/the-finger_7091.jpg,./dataset/skeleton_final_v2/the-finger/the-finger_7091.npy,0.09939390420913696,0.05439400672912598,0.8906738758087158,0.9622905254364014
the-finger,the-finger_6301,test,./data/raw/FullLabelled/the-finger/the-finger_6301.jpg,./dataset/skeleton_final_v2/the-finger/the-finger_6301.npy,0.03398275375366211,0.06249848008155823,0.9037818908691406,0.9103833436965942
scissors,scissors (216),test,./data/raw/FullLabelled/scissors/scissors (216).jpg,./dataset/skeleton_final_v2/scissors/scissors (216).npy,0.1553322672843933,0.08519801497459412,0.7160767316818237,0.9292752742767334
ok,ok_Set2_ (536),test,./data/raw/FullLabelled/ok/ok_Set2_ (536).jpg,./dataset/skeleton_final_v2/ok/ok_Set2_ (536).npy,0.08262631297111511,0.1095488965511322,0.8132762908935547,0.8570700287818909
paper,paper_6696,test,./data/raw/FullLabelled/paper/paper_6696.jpg,./dataset/skeleton_final_v2/paper/paper_6696.npy,0.0532035231590271,0.0,0.9407770037651062,0.9122408032417297
scissors,scissors (449),test,./data/raw/FullLabelled/scissors/scissors (449).jpg,./dataset/skeleton_final_v2/scissors/scissors (449).npy,0.11266019940376282,0.12255537509918213,0.756934404373169,0.9196242094039917
ok,ok_Set2_ (238),test,./data/raw/FullLabelled/ok/ok_Set2_ (238).jpg,./dataset/skeleton_final_v2/ok/ok_Set2_ (238).npy,0.025958508253097534,0.12103143334388733,0.6668546795845032,0.8808922171592712
the-finger,the-finger (64),test,./data/raw/FullLabelled/the-finger/the-finger (64).jpg,./dataset/skeleton_final_v2/the-finger/the-finger (64).npy,0.10988634824752808,0.08194634318351746,0.8173654079437256,0.9145856499671936
paper,paper_1035,test,./data/raw/FullLabelled/paper/paper_1035.jpg,./dataset/skeleton_final_v2/paper/paper_1035.npy,0.06476709246635437,0.10754495859146118,0.8875244855880737,0.8550747632980347
paper,paper (31),test,./data/raw/FullLabelled/paper/paper (31).jpg,./dataset/skeleton_final_v2/paper/paper (31).npy,0.10142388939857483,0.0752919614315033,0.8911991715431213,0.8717800378799438
rock,rock-set2 (341),test,./data/raw/FullLabelled/rock/rock-set2 (341).jpg,./dataset/skeleton_final_v2/rock/rock-set2 (341).npy,0.2971488833427429,0.16535183787345886,0.8369794487953186,0.6529701948165894
rock,rock-set2 (47),test,./data/raw/FullLabelled/rock/rock-set2 (47).jpg,./dataset/skeleton_final_v2/rock/rock-set2 (47).npy,0.21065229177474976,0.16200309991836548,0.7264827489852905,0.7937420606613159
scissors,scissors-set2 (20),test,./data/raw/FullLabelled/scissors/scissors-set2 (20).jpg,./dataset/skeleton_final_v2/scissors/scissors-set2 (20).npy,0.19459685683250427,0.10888540744781494,0.7539703249931335,0.8905867338180542
scissors,scissors (336),test,./data/raw/FullLabelled/scissors/scissors (336).jpg,./dataset/skeleton_final_v2/scissors/scissors (336).npy,0.1384078860282898,0.058870017528533936,0.8314975500106812,0.9434683322906494
paper,paper_7611,test,./data/raw/FullLabelled/paper/paper_7611.jpg,./dataset/skeleton_final_v2/paper/paper_7611.npy,0.08435407280921936,0.05936521291732788,0.8809167742729187,0.9217857718467712
ok,ok_4992,test,./data/raw/FullLabelled/ok/ok_4992.jpg,./dataset/skeleton_final_v2/ok/ok_4992.npy,0.07155358791351318,0.04936480522155762,0.9395379424095154,0.8793267607688904
paper,paper_6712,test,./data/raw/FullLabelled/paper/paper_6712.jpg,./dataset/skeleton_final_v2/paper/paper_6712.npy,0.04659208655357361,0.07660555839538574,0.9403804540634155,0.9189566373825073
scissors,scissors-set2 (643),test,./data/raw/FullLabelled/scissors/scissors-set2 (643).jpg,./dataset/skeleton_final_v2/scissors/scissors-set2 (643).npy,0.12532341480255127,0.10710033774375916,0.755969226360321,0.9096370935440063
scissors,scissors_8782,test,./data/raw/FullLabelled/scissors/scissors_8782.jpg,./dataset/skeleton_final_v2/scissors/scissors_8782.npy,0.20619940757751465,0.08879512548446655,0.9276590943336487,0.9295603036880493
ok,ok_Set2_ (40),test,./data/raw/FullLabelled/ok/ok_Set2_ (40).jpg,./dataset/skeleton_final_v2/ok/ok_Set2_ (40).npy,0.1539733111858368,0.05733242630958557,0.7241886854171753,0.8193209171295166
scissors,scissors-set2 (355),test,./data/raw/FullLabelled/scissors/scissors-set2 (355).jpg,./dataset/skeleton_final_v2/scissors/scissors-set2 (355).npy,0.15117603540420532,0.08567455410957336,0.7096202373504639,0.9161746501922607
scissors,scissors-set2 (354),test,./data/raw/FullLabelled/scissors/scissors-set2 (354).jpg,./dataset/skeleton_final_v2/scissors/scissors-set2 (354).npy,0.16194447875022888,0.11899140477180481,0.7808005809783936,0.9135782718658447
paper,paper-set2 (116),test,./data/raw/FullLabelled/paper/paper-set2 (116).jpg,./dataset/skeleton_final_v2/paper/paper-set2 (116).npy,0.189405620098114,0.1010235846042633,0.7728725075721741,0.8511875867843628
paper,paper-set2 (147),test,./data/raw/FullLabelled/paper/paper-set2 (147).jpg,./dataset/skeleton_final_v2/paper/paper-set2 (147).npy,0.041936784982681274,0.0845479965209961,1.0,0.8834511637687683
scissors,scissors-set2 (471),test,./data/raw/FullLabelled/scissors/scissors-set2 (471).jpg,./dataset/skeleton_final_v2/scissors/scissors-set2 (471).npy,0.1855693906545639,0.08343636989593506,0.7848809957504272,0.8548203706741333
scissors,scissors_8450,test,./data/raw/FullLabelled/scissors/scissors_8450.jpg,./dataset/skeleton_final_v2/scissors/scissors_8450.npy,,,,
ok,ok_5260,test,./data/raw/FullLabelled/ok/ok_5260.jpg,./dataset/skeleton_final_v2/ok/ok_5260.npy,0.1040584146976471,0.06308245658874512,0.8477430939674377,0.9040830135345459
scissors,scissors_4671,test,./data/raw/FullLabelled/scissors/scissors_4671.jpg,./dataset/skeleton_final_v2/scissors/scissors_4671.npy,0.122923344373703,0.07837048172950745,0.8775365352630615,0.934486985206604
paper,paper-set2 (230),test,./data/raw/FullLabelled/paper/paper-set2 (230).jpg,./dataset/skeleton_final_v2/paper/paper-set2 (230).npy,0.08308836817741394,0.037807196378707886,0.9373518228530884,0.9260240793228149
scissors,scissors-set2 (274),test,./data/raw/FullLabelled/scissors/scissors-set2 (274).jpg,./dataset/skeleton_final_v2/scissors/scissors-set2 (274).npy,0.13815656304359436,0.08669689297676086,0.7345362901687622,0.942476749420166
paper,paper-set2 (252),test,./data/raw/FullLabelled/paper/paper-set2 (252).jpg,./dataset/skeleton_final_v2/paper/paper-set2 (252).npy,0.17289915680885315,0.07466712594032288,0.8610165119171143,0.8543788194656372
the-finger,the-finger_9058,test,./data/raw/FullLabelled/the-finger/the-finger_9058.jpg,./dataset/skeleton_final_v2/the-finger/the-finger_9058.npy,0.15465664863586426,0.0659748911857605,0.8929697275161743,0.9323029518127441
scissors,scissors_2721,test,./data/raw/FullLabelled/scissors/scissors_2721.jpg,./dataset/skeleton_final_v2/scissors/scissors_2721.npy,0.20574313402175903,0.11815539002418518,0.9196056127548218,0.9020403623580933
paper,paper (280),test,./data/raw/FullLabelled/paper/paper (280).jpg,./dataset/skeleton_final_v2/paper/paper (280).npy,0.13496088981628418,0.0705845057964325,0.8472015857696533,0.9001129865646362
rock,rock (265),test,./data/raw/FullLabelled/rock/rock (265).jpg,./dataset/skeleton_final_v2/rock/rock (265).npy,0.12577959895133972,0.15533436834812164,0.7481729984283447,0.8480399250984192
scissors,scissors_7186,test,./data/raw/FullLabelled/scissors/scissors_7186.jpg,./dataset/skeleton_final_v2/scissors/scissors_7186.npy,0.14043864607810974,0.09484994411468506,0.8261781334877014,0.9517724514007568
scissors,scissors (210),test,./data/raw/FullLabelled/scissors/scissors (210).jpg,./dataset/skeleton_final_v2/scissors/scissors (210).npy,0.12618327140808105,0.13424763083457947,0.7108520269393921,0.8399294018745422
the-finger,the-finger-set2 (217),test,./data/raw/FullLabelled/the-finger/the-finger-set2 (217).jpg,./dataset/skeleton_final_v2/the-finger/the-finger-set2 (217).npy,0.15243372321128845,0.11359533667564392,0.671084463596344,0.8804820775985718
paper,paper_6116,test,./data/raw/FullLabelled/paper/paper_6116.jpg,./dataset/skeleton_final_v2/paper/paper_6116.npy,0.11025351285934448,0.0711909830570221,0.9232841730117798,0.8998233079910278
scissors,scissors_2758,test,./data/raw/FullLabelled/scissors/scissors_2758.jpg,./dataset/skeleton_final_v2/scissors/scissors_2758.npy,0.08196225762367249,0.07155981659889221,0.8125721216201782,0.9643135070800781
ok,ok_Set2_ (357),test,./data/raw/FullLabelled/ok/ok_Set2_ (357).jpg,./dataset/skeleton_final_v2/ok/ok_Set2_ (357).npy,0.12587833404541016,0.08178558945655823,0.8449684977531433,0.9321624040603638
ok,ok_Set2_ (212),test,./data/raw/FullLabelled/ok/ok_Set2_ (212).jpg,./dataset/skeleton_final_v2/ok/ok_Set2_ (212).npy,0.03908810019493103,0.12176036834716797,0.708604097366333,0.9007747173309326
paper,paper-set2 (297),test,./data/raw/FullLabelled/paper/paper-set2 (297).jpg,./dataset/skeleton_final_v2/paper/paper-set2 (297).npy,0.11196726560592651,0.09800809621810913,0.825932502746582,0.9100049138069153
ok,ok_Set2_ (17),test,./data/raw/FullLabelled/ok/ok_Set2_ (17).jpg,./dataset/skeleton_final_v2/ok/ok_Set2_ (17).npy,0.17103128135204315,0.1589970886707306,0.7689409255981445,0.759368896484375
scissors,scissors_1121,test,./data/raw/FullLabelled/scissors/scissors_1121.jpg,./dataset/skeleton_final_v2/scissors/scissors_1121.npy,0.18450993299484253,0.10462057590484619,0.9470573663711548,0.7757385969161987
ok,ok_Set2_ (166),test,./data/raw/FullLabelled/ok/ok_Set2_ (166).jpg,./dataset/skeleton_final_v2/ok/ok_Set2_ (166).npy,0.10067394375801086,0.12310001254081726,0.7322796583175659,0.8586276769638062
ok,ok_Set2_ (50),test,./data/raw/FullLabelled/ok/ok_Set2_ (50).jpg,./dataset/skeleton_final_v2/ok/ok_Set2_ (50).npy,0.23466502130031586,0.13867202401161194,0.7045667171478271,0.9014054536819458
the-finger,the-finger_7495,test,./data/raw/FullLabelled/the-finger/the-finger_7495.jpg,./dataset/skeleton_final_v2/the-finger/the-finger_7495.npy,0.15269669890403748,0.08450192213058472,0.8964630365371704,0.9490493535995483
rock,rock_688,test,./data/raw/FullLabelled/rock/rock_688.jpg,./dataset/skeleton_final_v2/rock/rock_688.npy,0.2690194249153137,0.23017065227031708,0.7809000015258789,0.6330569982528687
scissors,scissors-set2 (283),test,./data/raw/FullLabelled/scissors/scissors-set2 (283).jpg,./dataset/skeleton_final_v2/scissors/scissors-set2 (283).npy,0.0,0.09641247987747192,0.6706289052963257,0.8774237632751465
the-finger,the-finger-set2 (86),test,./data/raw/FullLabelled/the-finger/the-finger-set2 (86).jpg,./dataset/skeleton_final_v2/the-finger/the-finger-set2 (86).npy,0.22186964750289917,0.1692732572555542,0.7743410468101501,0.9175385236740112
ok,ok_5293,test,./data/raw/FullLabelled/ok/ok_5293.jpg,./dataset/skeleton_final_v2/ok/ok_5293.npy,0.13356608152389526,0.0933326780796051,0.8425823450088501,0.8730884790420532
paper,paper_8734,test,./data/raw/FullLabelled/paper/paper_8734.jpg,./dataset/skeleton_final_v2/paper/paper_8734.npy,0.09963446855545044,0.07903683185577393,0.8980275988578796,0.9674476385116577
rock,rock (13),test,./data/raw/FullLabelled/rock/rock (13).jpg,./dataset/skeleton_final_v2/rock/rock (13).npy,0.24615013599395752,0.13433147966861725,0.8106650710105896,0.6828256845474243
