action,source_action,sample_id,split,raw_path,refined_path
rock,rock,rock-set2 (65),train,./dataset/skeleton_final_v2/rock/rock-set2 (65).npy,./batch_rock/fitted/rock-set2 (65).npy
ok,ok,ok_Set2_ (242),train,./dataset/skeleton_final_v2/ok/ok_Set2_ (242).npy,./batch_ok/fitted/ok_Set2_ (242).npy
thumb,thumbdown,thumbdown (152),train,./dataset/skeleton_final_v2/thumbdown/thumbdown (152).npy,./data/salux_refined_6cls/thumb_sources/thumbdown/fitted/thumbdown (152).npy
thumb,thumbdown,thumbdown_864,train,./dataset/skeleton_final_v2/thumbdown/thumbdown_864.npy,./data/salux_refined_6cls/thumb_sources/thumbdown/fitted/thumbdown_864.npy
scissors,scissors,scissors-set2 (183),train,./dataset/skeleton_final_v2/scissors/scissors-set2 (183).npy,./batch_scissors/fitted/scissors-set2 (183).npy
thumb,thumbdown,thumbdown (149),train,./dataset/skeleton_final_v2/thumbdown/thumbdown (149).npy,./data/salux_refined_6cls/thumb_sources/thumbdown/fitted/thumbdown (149).npy
ok,ok,ok_Set2_ (568),train,./dataset/skeleton_final_v2/ok/ok_Set2_ (568).npy,./batch_ok/fitted/ok_Set2_ (568).npy
thumb,thumbup,thumbup_6767,train,./dataset/skeleton_final_v2/thumbup/thumbup_6767.npy,./data/salux_refined_6cls/thumb_sources/thumbup/fitted/thumbup_6767.npy
the-finger,the-finger,the-finger-set2 (189),train,./dataset/skeleton_final_v2/the-finger/the-finger-set2 (189).npy,./batch_thefinger/fitted/the-finger-set2 (189).npy
ok,ok,ok_4019,train,./dataset/skeleton_final_v2/ok/ok_4019.npy,./batch_ok/fitted/ok_4019.npy
the-finger,the-finger,the-finger_2282,train,./dataset/skeleton_final_v2/the-finger/the-finger_2282.npy,./batch_thefinger/fitted/the-finger_2282.npy
scissors,scissors,scissors-set2 (150),train,./dataset/skeleton_final_v2/scissors/scissors-set2 (150).npy,./batch_scissors/fitted/scissors-set2 (150).npy
ok,ok,ok_6184,train,./dataset/skeleton_final_v2/ok/ok_6184.npy,./batch_ok/fitted/ok_6184.npy
thumb,thumbdown,thumbdown_6242,train,./dataset/skeleton_final_v2/thumbdown/thumbdown_6242.npy,./data/salux_refined_6cls/thumb_sources/thumbdown/fitted/thumbdown_6242.npy
paper,paper,paper-set2 (233),train,./dataset/skeleton_final_v2/paper/paper-set2 (233).npy,./batch_paper/fitted/paper-set2 (233).npy
thumb,thumbup,thumbup (151),train,./dataset/skeleton_final_v2/thumbup/thumbup (151).npy,./data/salux_refined_6cls/thumb_sources/thumbup/fitted/thumbup (151).npy
thumb,thumbup,thumbup (7),train,./dataset/skeleton_final_v2/thumbup/thumbup (7).npy,./data/salux_refined_6cls/thumb_sources/thumbup/fitted/thumbup (7).npy
ok,ok,ok_4100,train,./dataset/skeleton_final_v2/ok/ok_4100.npy,./batch_ok/fitted/ok_4100.npy
thumb,thumbdown,thumbdown (230),train,./dataset/skeleton_final_v2/thumbdown/thumbdown (230).npy,./data/salux_refined_6cls/thumb_sources/thumbdown/fitted/thumbdown (230).npy
the-finger,the-finger,the-finger_1357,train,./dataset/skeleton_final_v2/the-finger/the-finger_1357.npy,./batch_thefinger/fitted/the-finger_1357.npy
ok,ok,ok_Set2_ (406),train,./dataset/skeleton_final_v2/ok/ok_Set2_ (406).npy,./batch_ok/fitted/ok_Set2_ (406).npy
paper,paper,paper_1854,train,./dataset/skeleton_final_v2/paper/paper_1854.npy,./batch_paper/fitted/paper_1854.npy
the-finger,the-finger,the-finger (121),train,./dataset/skeleton_final_v2/the-finger/the-finger (121).npy,./batch_thefinger/fitted/the-finger (121).npy
scissors,scissors,scissors-set2 (320),train,./dataset/skeleton_final_v2/scissors/scissors-set2 (320).npy,./batch_scissors/fitted/scissors-set2 (320).npy
ok,ok,ok_6992,train,./dataset/skeleton_final_v2/ok/ok_6992.npy,./batch_ok/fitted/ok_6992.npy
scissors,scissors,scissors (158),train,./dataset/skeleton_final_v2/scissors/scissors (158).npy,./batch_scissors/fitted/scissors (158).npy
scissors,scissors,scissors-set2 (573),train,./dataset/skeleton_final_v2/scissors/scissors-set2 (573).npy,./batch_scissors/fitted/scissors-set2 (573).npy
thumb,thumbdown,thumbdown_8214,train,./dataset/skeleton_final_v2/thumbdown/thumbdown_8214.npy,./data/salux_refined_6cls/thumb_sources/thumbdown/fitted/thumbdown_8214.npy
ok,ok,ok_803,train,./dataset/skeleton_final_v2/ok/ok_803.npy,./batch_ok/fitted/ok_803.npy
ok,ok,ok_7674,train,./dataset/skeleton_final_v2/ok/ok_7674.npy,./batch_ok/fitted/ok_7674.npy
the-finger,the-finger,the-finger (150),train,./dataset/skeleton_final_v2/the-finger/the-finger (150).npy,./batch_thefinger/fitted/the-finger (150).npy
the-finger,the-finger,the-finger_7260,train,./dataset/skeleton_final_v2/the-finger/the-finger_7260.npy,./batch_thefinger/fitted/the-finger_7260.npy
scissors,scissors,scissors-set2 (567),train,./dataset/skeleton_final_v2/scissors/scissors-set2 (567).npy,./batch_scissors/fitted/scissors-set2 (567).npy
ok,ok,ok_Set2_ (273),train,./dataset/skeleton_final_v2/ok/ok_Set2_ (273).npy,./batch_ok/fitted/ok_Set2_ (273).npy
paper,paper,paper_25,train,./dataset/skeleton_final_v2/paper/paper_25.npy,./batch_paper/fitted/paper_25.npy
paper,paper,paper_4609,train,./dataset/skeleton_final_v2/paper/paper_4609.npy,./batch_paper/fitted/paper_4609.npy
paper,paper,paper_2499,train,./dataset/skeleton_final_v2/paper/paper_2499.npy,./batch_paper/fitted/paper_2499.npy
thumb,thumbdown,thumbdown (54),train,./dataset/skeleton_final_v2/thumbdown/thumbdown (54).npy,./data/salux_refined_6cls/thumb_sources/thumbdown/fitted/thumbdown (54).npy
paper,paper,paper (44),train,./dataset/skeleton_final_v2/paper/paper (44).npy,./batch_paper/fitted/paper (44).npy
rock,rock,rock (19),train,./dataset/skeleton_final_v2/rock/rock (19).npy,./batch_rock/fitted/rock (19).npy
ok,ok,ok_1197,train,./dataset/skeleton_final_v2/ok/ok_1197.npy,./batch_ok/fitted/ok_1197.npy
scissors,scissors,scissors (74),train,./dataset/skeleton_final_v2/scissors/scissors (74).npy,./batch_scissors/fitted/scissors (74).npy
thumb,thumbdown,thumbdown (261),train,./dataset/skeleton_final_v2/thumbdown/thumbdown (261).npy,./data/salux_refined_6cls/thumb_sources/thumbdown/fitted/thumbdown (261).npy
thumb,thumbdown,thumbdown_5311,train,./dataset/skeleton_final_v2/thumbdown/thumbdown_5311.npy,./data/salux_refined_6cls/thumb_sources/thumbdown/fitted/thumbdown_5311.npy
thumb,thumbup,thumbup_6002,train,./dataset/skeleton_final_v2/thumbup/thumbup_6002.npy,./data/salux_refined_6cls/thumb_sources/thumbup/fitted/thumbup_6002.npy
the-finger,the-finger,the-finger-set2 (321),train,./dataset/skeleton_final_v2/the-finger/the-finger-set2 (321).npy,./batch_thefinger/fitted/the-finger-set2 (321).npy
thumb,thumbdown,thumbdown (37),train,./dataset/skeleton_final_v2/thumbdown/thumbdown (37).npy,./data/salux_refined_6cls/thumb_sources/thumbdown/fitted/thumbdown (37).npy
thumb,thumbup,thumbup (56),train,./dataset/skeleton_final_v2/thumbup/thumbup (56).npy,./data/salux_refined_6cls/thumb_sources/thumbup/fitted/thumbup (56).npy
scissors,scissors,scissors-set2 (587),train,./dataset/skeleton_final_v2/scissors/scissors-set2 (587).npy,./batch_scissors/fitted/scissors-set2 (587).npy
ok,ok,ok_Set2_ (443),train,./dataset/skeleton_final_v2/ok/ok_Set2_ (443).npy,./batch_ok/fitted/ok_Set2_ (443).npy
paper,paper,paper_7968,train,./dataset/skeleton_final_v2/paper/paper_7968.npy,./batch_paper/fitted/paper_7968.npy
scissors,scissors,scissors_6967,train,./dataset/skeleton_final_v2/scissors/scissors_6967.npy,./batch_scissors/fitted/scissors_6967.npy
scissors,scissors,scissors-set2 (426),train,./dataset/skeleton_final_v2/scissors/scissors-set2 (426).npy,./batch_scissors/fitted/scissors-set2 (426).npy
rock,rock,rock (6),train,./dataset/skeleton_final_v2/rock/rock (6).npy,./batch_rock/fitted/rock (6).npy
paper,paper,paper (261),train,./dataset/skeleton_final_v2/paper/paper (261).npy,./batch_paper/fitted/paper (261).npy
paper,paper,paper-set2 (366),train,./dataset/skeleton_final_v2/paper/paper-set2 (366).npy,./batch_paper/fitted/paper-set2 (366).npy
the-finger,the-finger,the-finger_7488,train,./dataset/skeleton_final_v2/the-finger/the-finger_7488.npy,./batch_thefinger/fitted/the-finger_7488.npy
paper,paper,paper-set2 (398),train,./dataset/skeleton_final_v2/paper/paper-set2 (398).npy,./batch_paper/fitted/paper-set2 (398).npy
scissors,scissors,scissors-set2 (664),train,./dataset/skeleton_final_v2/scissors/scissors-set2 (664).npy,./batch_scissors/fitted/scissors-set2 (664).npy
ok,ok,ok_7010,train,./dataset/skeleton_final_v2/ok/ok_7010.npy,./batch_ok/fitted/ok_7010.npy
thumb,thumbup,thumbup (314),train,./dataset/skeleton_final_v2/thumbup/thumbup (314).npy,./data/salux_refined_6cls/thumb_sources/thumbup/fitted/thumbup (314).npy
the-finger,the-finger,the-finger (39),train,./dataset/skeleton_final_v2/the-finger/the-finger (39).npy,./batch_thefinger/fitted/the-finger (39).npy
thumb,thumbup,thumbup (206),train,./dataset/skeleton_final_v2/thumbup/thumbup (206).npy,./data/salux_refined_6cls/thumb_sources/thumbup/fitted/thumbup (206).npy
ok,ok,ok_7685,train,./dataset/skeleton_final_v2/ok/ok_7685.npy,./batch_ok/fitted/ok_7685.npy
paper,paper,paper-set2 (177),train,./dataset/skeleton_final_v2/paper/paper-set2 (177).npy,./batch_paper/fitted/paper-set2 (177).npy
thumb,thumbup,hand-11-2155,train,./dataset/skeleton_final_v2/thumbup/hand-11-2155.npy,./data/salux_refined_6cls/thumb_sources/thumbup/fitted/hand-11-2155.npy
rock,rock,rock-set2 (284),train,./dataset/skeleton_final_v2/rock/rock-set2 (284).npy,./batch_rock/fitted/rock-set2 (284).npy
thumb,thumbdown,thumbdown_2241,train,./dataset/skeleton_final_v2/thumbdown/thumbdown_2241.npy,./data/salux_refined_6cls/thumb_sources/thumbdown/fitted/thumbdown_2241.npy
the-finger,the-finger,the-finger-set2 (218),train,./dataset/skeleton_final_v2/the-finger/the-finger-set2 (218).npy,./batch_thefinger/fitted/the-finger-set2 (218).npy
the-finger,the-finger,the-finger_6465,train,./dataset/skeleton_final_v2/the-finger/the-finger_6465.npy,./batch_thefinger/fitted/the-finger_6465.npy
rock,rock,rock_6321,train,./dataset/skeleton_final_v2/rock/rock_6321.npy,./batch_rock/fitted/rock_6321.npy
paper,paper,paper_4597,train,./dataset/skeleton_final_v2/paper/paper_4597.npy,./batch_paper/fitted/paper_4597.npy
paper,paper,paper_6707,train,./dataset/skeleton_final_v2/paper/paper_6707.npy,./batch_paper/fitted/paper_6707.npy
ok,ok,ok_72,train,./dataset/skeleton_final_v2/ok/ok_72.npy,./batch_ok/fitted/ok_72.npy
the-finger,the-finger,the-finger (114),train,./dataset/skeleton_final_v2/the-finger/the-finger (114).npy,./batch_thefinger/fitted/the-finger (114).npy
scissors,scissors,scissors_53,train,./dataset/skeleton_final_v2/scissors/scissors_53.npy,./batch_scissors/fitted/scissors_53.npy
paper,paper,paper-set2 (160),train,./dataset/skeleton_final_v2/paper/paper-set2 (160).npy,./batch_paper/fitted/paper-set2 (160).npy
thumb,thumbdown,thumbdown_4359,train,./dataset/skeleton_final_v2/thumbdown/thumbdown_4359.npy,./data/salux_refined_6cls/thumb_sources/thumbdown/fitted/thumbdown_4359.npy
scissors,scissors,scissors-set2 (134),train,./dataset/skeleton_final_v2/scissors/scissors-set2 (134).npy,./batch_scissors/fitted/scissors-set2 (134).npy
the-finger,the-finger,the-finger-set2 (277),train,./dataset/skeleton_final_v2/the-finger/the-finger-set2 (277).npy,./batch_thefinger/fitted/the-finger-set2 (277).npy
thumb,thumbdown,thumbdown (216),train,./dataset/skeleton_final_v2/thumbdown/thumbdown (216).npy,./data/salux_refined_6cls/thumb_sources/thumbdown/fitted/thumbdown (216).npy
thumb,thumbdown,thumbdown (198),train,./dataset/skeleton_final_v2/thumbdown/thumbdown (198).npy,./data/salux_refined_6cls/thumb_sources/thumbdown/fitted/thumbdown (198).npy
the-finger,the-finger,the-finger (126),train,./dataset/skeleton_final_v2/the-finger/the-finger (126).npy,./batch_thefinger/fitted/the-finger (126).npy
scissors,scissors,scissors (57),train,./dataset/skeleton_final_v2/scissors/scissors (57).npy,./batch_scissors/fitted/scissors (57).npy
thumb,thumbup,thumbup_4150,train,./dataset/skeleton_final_v2/thumbup/thumbup_4150.npy,./data/salux_refined_6cls/thumb_sources/thumbup/fitted/thumbup_4150.npy
ok,ok,ok_Set2_ (359),train,./dataset/skeleton_final_v2/ok/ok_Set2_ (359).npy,./batch_ok/fitted/ok_Set2_ (359).npy
thumb,thumbdown,thumbdown_6451,train,./dataset/skeleton_final_v2/thumbdown/thumbdown_6451.npy,./data/salux_refined_6cls/thumb_sources/thumbdown/fitted/thumbdown_6451.npy
scissors,scissors,scissors_756,train,./dataset/skeleton_final_v2/scissors/scissors_756.npy,./batch_scissors/fitted/scissors_756.npy
thumb,thumbup,thumbup_137,train,./dataset/skeleton_final_v2/thumbup/thumbup_137.npy,./data/salux_refined_6cls/thumb_sources/thumbup/fitted/thumbup_137.npy
ok,ok,ok (119),train,./dataset/skeleton_final_v2/ok/ok (119).npy,./batch_ok/fitted/ok (119).npy
paper,paper,paper-set2 (264),train,./dataset/skeleton_final_v2/paper/paper-set2 (264).npy,./batch_paper/fitted/paper-set2 (264).npy
the-finger,the-finger,the-finger (7),train,./dataset/skeleton_final_v2/the-finger/the-finger (7).npy,./batch_thefinger/fitted/the-finger (7).npy
ok,ok,ok (156),train,./dataset/skeleton_final_v2/ok/ok (156).npy,./batch_ok/fitted/ok (156).npy
scissors,scissors,scissors-set2 (115),train,./dataset/skeleton_final_v2/scissors/scissors-set2 (115).npy,./batch_scissors/fitted/scissors-set2 (115).npy
thumb,thumbdown,thumbdown_1293,train,./dataset/skeleton_final_v2/thumbdown/thumbdown_1293.npy,./data/salux_refined_6cls/thumb_sources/thumbdown/fitted/thumbdown_1293.npy
paper,paper,paper_2566,train,./dataset/skeleton_final_v2/paper/paper_2566.npy,./batch_paper/fitted/paper_2566.npy
thumb,thumbdown,thumbdown_9018,train,./dataset/skeleton_final_v2/thumbdown/thumbdown_9018.npy,./data/salux_refined_6cls/thumb_sources/thumbdown/fitted/thumbdown_9018.npy
thumb,thumbup,thumbup (39),train,./dataset/skeleton_final_v2/thumbup/thumbup (39).npy,./data/salux_refined_6cls/thumb_sources/thumbup/fitted/thumbup (39).npy
the-finger,the-finger,the-finger_7496,train,./dataset/skeleton_final_v2/the-finger/the-finger_7496.npy,./batch_thefinger/fitted/the-finger_7496.npy
paper,paper,paper-set2 (200),train,./dataset/skeleton_final_v2/paper/paper-set2 (200).npy,./batch_paper/fitted/paper-set2 (200).npy
thumb,thumbdown,thumbdown (96),train,./dataset/skeleton_final_v2/thumbdown/thumbdown (96).npy,./data/salux_refined_6cls/thumb_sources/thumbdown/fitted/thumbdown (96).npy
rock,rock,rock-set2 (605),train,./dataset/skeleton_final_v2/rock/rock-set2 (605).npy,./batch_rock/fitted/rock-set2 (605).npy
the-finger,the-finger,the-finger-set2 (338),train,./dataset/skeleton_final_v2/the-finger/the-finger-set2 (338).npy,./batch_thefinger/fitted/the-finger-set2 (338).npy
thumb,thumbdown,thumbdown_554,train,./dataset/skeleton_final_v2/thumbdown/thumbdown_554.npy,./data/salux_refined_6cls/thumb_sources/thumbdown/fitted/thumbdown_554.npy
scissors,scissors,scissors (268),train,./dataset/skeleton_final_v2/scissors/scissors (268).npy,./batch_scissors/fitted/scissors (268).npy
thumb,thumbdown,hand-9-2125,train,./dataset/skeleton_final_v2/thumbdown/hand-9-2125.npy,./data/salux_refined_6cls/thumb_sources/thumbdown/fitted/hand-9-2125.npy
ok,ok,ok (13),train,./dataset/skeleton_final_v2/ok/ok (13).npy,./batch_ok/fitted/ok (13).npy
ok,ok,ok (34),train,./dataset/skeleton_final_v2/ok/ok (34).npy,./batch_ok/fitted/ok (34).npy
thumb,thumbup,thumbup_6759,train,./dataset/skeleton_final_v2/thumbup/thumbup_6759.npy,./data/salux_refined_6cls/thumb_sources/thumbup/fitted/thumbup_6759.npy
the-finger,the-finger,the-finger_7479,train,./dataset/skeleton_final_v2/the-finger/the-finger_7479.npy,./batch_thefinger/fitted/the-finger_7479.npy
the-finger,the-finger,the-finger-set2 (9),train,./dataset/skeleton_final_v2/the-finger/the-finger-set2 (9).npy,./batch_thefinger/fitted/the-finger-set2 (9).npy
scissors,scissors,scissors (328),train,./dataset/skeleton_final_v2/scissors/scissors (328).npy,./batch_scissors/fitted/scissors (328).npy
paper,paper,paper-set2 (211),train,./dataset/skeleton_final_v2/paper/paper-set2 (211).npy,./batch_paper/fitted/paper-set2 (211).npy
paper,paper,paper_2479,train,./dataset/skeleton_final_v2/paper/paper_2479.npy,./batch_paper/fitted/paper_2479.npy
paper,paper,paper (258),train,./dataset/skeleton_final_v2/paper/paper (258).npy,./batch_paper/fitted/paper (258).npy
paper,paper,paper_727,train,./dataset/skeleton_final_v2/paper/paper_727.npy,./batch_paper/fitted/paper_727.npy
thumb,thumbup,hand-10-2105,train,./dataset/skeleton_final_v2/thumbup/hand-10-2105.npy,./data/salux_refined_6cls/thumb_sources/thumbup/fitted/hand-10-2105.npy
the-finger,the-finger,the-finger-set2 (105),train,./dataset/skeleton_final_v2/the-finger/the-finger-set2 (105).npy,./batch_thefinger/fitted/the-finger-set2 (105).npy
rock,rock,rock-set2 (567),train,./dataset/skeleton_final_v2/rock/rock-set2 (567).npy,./batch_rock/fitted/rock-set2 (567).npy
the-finger,the-finger,the-finger-set2 (193),train,./dataset/skeleton_final_v2/the-finger/the-finger-set2 (193).npy,./batch_thefinger/fitted/the-finger-set2 (193).npy
rock,rock,rock (188),train,./dataset/skeleton_final_v2/rock/rock (188).npy,./batch_rock/fitted/rock (188).npy
rock,rock,rock-set2 (170),train,./dataset/skeleton_final_v2/rock/rock-set2 (170).npy,./batch_rock/fitted/rock-set2 (170).npy
thumb,thumbup,thumbup_2071,train,./dataset/skeleton_final_v2/thumbup/thumbup_2071.npy,./data/salux_refined_6cls/thumb_sources/thumbup/fitted/thumbup_2071.npy
scissors,scissors,scissors_3880,train,./dataset/skeleton_final_v2/scissors/scissors_3880.npy,./batch_scissors/fitted/scissors_3880.npy
ok,ok,ok_Set2_ (96),train,./dataset/skeleton_final_v2/ok/ok_Set2_ (96).npy,./batch_ok/fitted/ok_Set2_ (96).npy
scissors,scissors,scissors-set2 (623),train,./dataset/skeleton_final_v2/scissors/scissors-set2 (623).npy,./batch_scissors/fitted/scissors-set2 (623).npy
the-finger,the-finger,the-finger_6075,train,./dataset/skeleton_final_v2/the-finger/the-finger_6075.npy,./batch_thefinger/fitted/the-finger_6075.npy
thumb,thumbup,thumbup (460),train,./dataset/skeleton_final_v2/thumbup/thumbup (460).npy,./data/salux_refined_6cls/thumb_sources/thumbup/fitted/thumbup (460).npy
paper,paper,paper-set2 (143),train,./dataset/skeleton_final_v2/paper/paper-set2 (143).npy,./batch_paper/fitted/paper-set2 (143).npy
the-finger,the-finger,the-finger-set2 (418),train,./dataset/skeleton_final_v2/the-finger/the-finger-set2 (418).npy,./batch_thefinger/fitted/the-finger-set2 (418).npy
thumb,thumbup,thumbup_8108,train,./dataset/skeleton_final_v2/thumbup/thumbup_8108.npy,./data/salux_refined_6cls/thumb_sources/thumbup/fitted/thumbup_8108.npy
ok,ok,ok_7676,train,./dataset/skeleton_final_v2/ok/ok_7676.npy,./batch_ok/fitted/ok_7676.npy
the-finger,the-finger,the-finger (27),train,./dataset/skeleton_final_v2/the-finger/the-finger (27).npy,./batch_thefinger/fitted/the-finger (27).npy
paper,paper,paper (183),train,./dataset/skeleton_final_v2/paper/paper (183).npy,./batch_paper/fitted/paper (183).npy
paper,paper,paper_5475,train,./dataset/skeleton_final_v2/paper/paper_5475.npy,./batch_paper/fitted/paper_5475.npy
scissors,scissors,scissors (308),train,./dataset/skeleton_final_v2/scissors/scissors (308).npy,./batch_scissors/fitted/scissors (308).npy
scissors,scissors,scissors-set2 (611),train,./dataset/skeleton_final_v2/scissors/scissors-set2 (611).npy,./batch_scissors/fitted/scissors-set2 (611).npy
rock,rock,rock-set2 (162),train,./dataset/skeleton_final_v2/rock/rock-set2 (162).npy,./batch_rock/fitted/rock-set2 (162).npy
thumb,thumbup,thumbup (109),train,./dataset/skeleton_final_v2/thumbup/thumbup (109).npy,./data/salux_refined_6cls/thumb_sources/thumbup/fitted/thumbup (109).npy
thumb,thumbdown,thumbdown_5344,train,./dataset/skeleton_final_v2/thumbdown/thumbdown_5344.npy,./data/salux_refined_6cls/thumb_sources/thumbdown/fitted/thumbdown_5344.npy
ok,ok,ok_Set2_ (533),train,./dataset/skeleton_final_v2/ok/ok_Set2_ (533).npy,./batch_ok/fitted/ok_Set2_ (533).npy
rock,rock,rock-set2 (592),train,./dataset/skeleton_final_v2/rock/rock-set2 (592).npy,./batch_rock/fitted/rock-set2 (592).npy
ok,ok,ok_2017,train,./dataset/skeleton_final_v2/ok/ok_2017.npy,./batch_ok/fitted/ok_2017.npy
rock,rock,rock-set2 (481),train,./dataset/skeleton_final_v2/rock/rock-set2 (481).npy,./batch_rock/fitted/rock-set2 (481).npy
paper,paper,paper_7308,train,./dataset/skeleton_final_v2/paper/paper_7308.npy,./batch_paper/fitted/paper_7308.npy
thumb,thumbup,hand-10-2595,train,./dataset/skeleton_final_v2/thumbup/hand-10-2595.npy,./data/salux_refined_6cls/thumb_sources/thumbup/fitted/hand-10-2595.npy
paper,paper,paper-set2 (276),train,./dataset/skeleton_final_v2/paper/paper-set2 (276).npy,./batch_paper/fitted/paper-set2 (276).npy
the-finger,the-finger,the-finger-set2 (153),train,./dataset/skeleton_final_v2/the-finger/the-finger-set2 (153).npy,./batch_thefinger/fitted/the-finger-set2 (153).npy
ok,ok,ok (229),train,./dataset/skeleton_final_v2/ok/ok (229).npy,./batch_ok/fitted/ok (229).npy
thumb,thumbdown,thumbdown_4420,train,./dataset/skeleton_final_v2/thumbdown/thumbdown_4420.npy,./data/salux_refined_6cls/thumb_sources/thumbdown/fitted/thumbdown_4420.npy
paper,paper,paper_719,train,./dataset/skeleton_final_v2/paper/paper_719.npy,./batch_paper/fitted/paper_719.npy
rock,rock,rock-set2 (59),train,./dataset/skeleton_final_v2/rock/rock-set2 (59).npy,./batch_rock/fitted/rock-set2 (59).npy
ok,ok,ok_Set2_ (322),train,./dataset/skeleton_final_v2/ok/ok_Set2_ (322).npy,./batch_ok/fitted/ok_Set2_ (322).npy
thumb,thumbup,thumbup (289),train,./dataset/skeleton_final_v2/thumbup/thumbup (289).npy,./data/salux_refined_6cls/thumb_sources/thumbup/fitted/thumbup (289).npy
thumb,thumbdown,hand-9-2005,train,./dataset/skeleton_final_v2/thumbdown/hand-9-2005.npy,./data/salux_refined_6cls/thumb_sources/thumbdown/fitted/hand-9-2005.npy
rock,rock,rock_7513,train,./dataset/skeleton_final_v2/rock/rock_7513.npy,./batch_rock/fitted/rock_7513.npy
paper,paper,paper (40),train,./dataset/skeleton_final_v2/paper/paper (40).npy,./batch_paper/fitted/paper (40).npy
thumb,thumbup,thumbup_8124,train,./dataset/skeleton_final_v2/thumbup/thumbup_8124.npy,./data/salux_refined_6cls/thumb_sources/thumbup/fitted/thumbup_8124.npy
ok,ok,ok (126),train,./dataset/skeleton_final_v2/ok/ok (126).npy,./batch_ok/fitted/ok (126).npy
paper,paper,paper-set2 (72),train,./dataset/skeleton_final_v2/paper/paper-set2 (72).npy,./batch_paper/fitted/paper-set2 (72).npy
paper,paper,paper-set2 (156),train,./dataset/skeleton_final_v2/paper/paper-set2 (156).npy,./batch_paper/fitted/paper-set2 (156).npy
scissors,scissors,scissors (333),train,./dataset/skeleton_final_v2/scissors/scissors (333).npy,./batch_scissors/fitted/scissors (333).npy
thumb,thumbdown,thumbdown (136),train,./dataset/skeleton_final_v2/thumbdown/thumbdown (136).npy,./data/salux_refined_6cls/thumb_sources/thumbdown/fitted/thumbdown (136).npy
scissors,scissors,scissors-set2 (480),train,./dataset/skeleton_final_v2/scissors/scissors-set2 (480).npy,./batch_scissors/fitted/scissors-set2 (480).npy
the-finger,the-finger,the-finger-set2 (409),train,./dataset/skeleton_final_v2/the-finger/the-finger-set2 (409).npy,./batch_thefinger/fitted/the-finger-set2 (409).npy
the-finger,the-finger,the-finger-set2 (403),train,./dataset/skeleton_final_v2/the-finger/the-finger-set2 (403).npy,./batch_thefinger/fitted/the-finger-set2 (403).npy
thumb,thumbdown,thumbdown (260),train,./dataset/skeleton_final_v2/thumbdown/thumbdown (260).npy,./data/salux_refined_6cls/thumb_sources/thumbdown/fitted/thumbdown (260).npy
ok,ok,ok_Set2_ (535),train,./dataset/skeleton_final_v2/ok/ok_Set2_ (535).npy,./batch_ok/fitted/ok_Set2_ (535).npy
ok,ok,ok_6180,train,./dataset/skeleton_final_v2/ok/ok_6180.npy,./batch_ok/fitted/ok_6180.npy
scissors,scissors,scissors_6372,train,./dataset/skeleton_final_v2/scissors/scissors_6372.npy,./batch_scissors/fitted/scissors_6372.npy
rock,rock,rock-set2 (202),train,./dataset/skeleton_final_v2/rock/rock-set2 (202).npy,./batch_rock/fitted/rock-set2 (202).npy
thumb,thumbup,thumbup (242),train,./dataset/skeleton_final_v2/thumbup/thumbup (242).npy,./data/salux_refined_6cls/thumb_sources/thumbup/fitted/thumbup (242).npy
rock,rock,rock-set2 (16),train,./dataset/skeleton_final_v2/rock/rock-set2 (16).npy,./batch_rock/fitted/rock-set2 (16).npy
the-finger,the-finger,the-finger_5644,train,./dataset/skeleton_final_v2/the-finger/the-finger_5644.npy,./batch_thefinger/fitted/the-finger_5644.npy
thumb,thumbdown,thumbdown_1313,train,./dataset/skeleton_final_v2/thumbdown/thumbdown_1313.npy,./data/salux_refined_6cls/thumb_sources/thumbdown/fitted/thumbdown_1313.npy
thumb,thumbup,thumbup_4200,train,./dataset/skeleton_final_v2/thumbup/thumbup_4200.npy,./data/salux_refined_6cls/thumb_sources/thumbup/fitted/thumbup_4200.npy
thumb,thumbup,thumbup_6764,train,./dataset/skeleton_final_v2/thumbup/thumbup_6764.npy,./data/salux_refined_6cls/thumb_sources/thumbup/fitted/thumbup_6764.npy
thumb,thumbdown,thumbdown (19),train,./dataset/skeleton_final_v2/thumbdown/thumbdown (19).npy,./data/salux_refined_6cls/thumb_sources/thumbdown/fitted/thumbdown (19).npy
the-finger,the-finger,the-finger_3523,train,./dataset/skeleton_final_v2/the-finger/the-finger_3523.npy,./batch_thefinger/fitted/the-finger_3523.npy
paper,paper,paper (114),train,./dataset/skeleton_final_v2/paper/paper (114).npy,./batch_paper/fitted/paper (114).npy
scissors,scissors,scissors_6166,train,./dataset/skeleton_final_v2/scissors/scissors_6166.npy,./batch_scissors/fitted/scissors_6166.npy
thumb,thumbup,hand-10-2535,train,./dataset/skeleton_final_v2/thumbup/hand-10-2535.npy,./data/salux_refined_6cls/thumb_sources/thumbup/fitted/hand-10-2535.npy
scissors,scissors,scissors-set2 (248),train,./dataset/skeleton_final_v2/scissors/scissors-set2 (248).npy,./batch_scissors/fitted/scissors-set2 (248).npy
ok,ok,ok_Set2_ (513),train,./dataset/skeleton_final_v2/ok/ok_Set2_ (513).npy,./batch_ok/fitted/ok_Set2_ (513).npy
thumb,thumbdown,hand-9-1930,train,./dataset/skeleton_final_v2/thumbdown/hand-9-1930.npy,./data/salux_refined_6cls/thumb_sources/thumbdown/fitted/hand-9-1930.npy
rock,rock,rock-set2 (340),train,./dataset/skeleton_final_v2/rock/rock-set2 (340).npy,./batch_rock/fitted/rock-set2 (340).npy
scissors,scissors,scissors-set2 (730),train,./dataset/skeleton_final_v2/scissors/scissors-set2 (730).npy,./batch_scissors/fitted/scissors-set2 (730).npy
scissors,scissors,scissors-set2 (577),train,./dataset/skeleton_final_v2/scissors/scissors-set2 (577).npy,./batch_scissors/fitted/scissors-set2 (577).npy
scissors,scissors,scissors-set2 (333),train,./dataset/skeleton_final_v2/scissors/scissors-set2 (333).npy,./batch_scissors/fitted/scissors-set2 (333).npy
the-finger,the-finger,the-finger_7072,train,./dataset/skeleton_final_v2/the-finger/the-finger_7072.npy,./batch_thefinger/fitted/the-finger_7072.npy
scissors,scissors,scissors-set2 (393),train,./dataset/skeleton_final_v2/scissors/scissors-set2 (393).npy,./batch_scissors/fitted/scissors-set2 (393).npy
ok,ok,ok_2725,train,./dataset/skeleton_final_v2/ok/ok_2725.npy,./batch_ok/fitted/ok_2725.npy
scissors,scissors,scissors-set2 (317),train,./dataset/skeleton_final_v2/scissors/scissors-set2 (317).npy,./batch_scissors/fitted/scissors-set2 (317).npy
thumb,thumbup,thumbup_143,train,./dataset/skeleton_final_v2/thumbup/thumbup_143.npy,./data/salux_refined_6cls/thumb_sources/thumbup/fitted/thumbup_143.npy
scissors,scissors,scissors (71),train,./dataset/skeleton_final_v2/scissors/scissors (71).npy,./batch_scissors/fitted/scissors (71).npy
ok,ok,ok_Set2_ (446),train,./dataset/skeleton_final_v2/ok/ok_Set2_ (446).npy,./batch_ok/fitted/ok_Set2_ (446).npy
paper,paper,paper-set2 (502),train,./dataset/skeleton_final_v2/paper/paper-set2 (502).npy,./batch_paper/fitted/paper-set2 (502).npy
paper,paper,paper_2545,train,./dataset/skeleton_final_v2/paper/paper_2545.npy,./batch_paper/fitted/paper_2545.npy
paper,paper,paper (237),train,./dataset/skeleton_final_v2/paper/paper (237).npy,./batch_paper/fitted/paper (237).npy
the-finger,the-finger,the-finger (38),train,./dataset/skeleton_final_v2/the-finger/the-finger (38).npy,./batch_thefinger/fitted/the-finger (38).npy
thumb,thumbdown,thumbdown (58),train,./dataset/skeleton_final_v2/thumbdown/thumbdown (58).npy,./data/salux_refined_6cls/thumb_sources/thumbdown/fitted/thumbdown (58).npy
the-finger,the-finger,the-finger (155),train,./dataset/skeleton_final_v2/the-finger/the-finger (155).npy,./batch_thefinger/fitted/the-finger (155).npy
scissors,scissors,scissors (177),train,./dataset/skeleton_final_v2/scissors/scissors (177).npy,./batch_scissors/fitted/scissors (177).npy
thumb,thumbdown,thumbdown_1331,train,./dataset/skeleton_final_v2/thumbdown/thumbdown_1331.npy,./data/salux_refined_6cls/thumb_sources/thumbdown/fitted/thumbdown_1331.npy
thumb,thumbup,thumbup (67),train,./dataset/skeleton_final_v2/thumbup/thumbup (67).npy,./data/salux_refined_6cls/thumb_sources/thumbup/fitted/thumbup (67).npy
the-finger,the-finger,the-finger_5355,train,./dataset/skeleton_final_v2/the-finger/the-finger_5355.npy,./batch_thefinger/fitted/the-finger_5355.npy
rock,rock,rock-set2 (435),train,./dataset/skeleton_final_v2/rock/rock-set2 (435).npy,./batch_rock/fitted/rock-set2 (435).npy
the-finger,the-finger,the-finger-set2 (19),train,./dataset/skeleton_final_v2/the-finger/the-finger-set2 (19).npy,./batch_thefinger/fitted/the-finger-set2 (19).npy
thumb,thumbdown,thumbdown (170),train,./dataset/skeleton_final_v2/thumbdown/thumbdown (170).npy,./data/salux_refined_6cls/thumb_sources/thumbdown/fitted/thumbdown (170).npy
thumb,thumbdown,thumbdown (306),train,./dataset/skeleton_final_v2/thumbdown/thumbdown (306).npy,./data/salux_refined_6cls/thumb_sources/thumbdown/fitted/thumbdown (306).npy
paper,paper,paper-set2 (443),train,./dataset/skeleton_final_v2/paper/paper-set2 (443).npy,./batch_paper/fitted/paper-set2 (443).npy
scissors,scissors,scissors-set2 (37),train,./dataset/skeleton_final_v2/scissors/scissors-set2 (37).npy,./batch_scissors/fitted/scissors-set2 (37).npy
scissors,scissors,scissors-set2 (273),train,./dataset/skeleton_final_v2/scissors/scissors-set2 (273).npy,./batch_scissors/fitted/scissors-set2 (273).npy
ok,ok,ok_Set2_ (278),train,./dataset/skeleton_final_v2/ok/ok_Set2_ (278).npy,./batch_ok/fitted/ok_Set2_ (278).npy
paper,paper,paper (259),train,./dataset/skeleton_final_v2/paper/paper (259).npy,./batch_paper/fitted/paper (259).npy
paper,paper,paper_4568,train,./dataset/skeleton_final_v2/paper/paper_4568.npy,./batch_paper/fitted/paper_4568.npy
ok,ok,ok_6577,train,./dataset/skeleton_final_v2/ok/ok_6577.npy,./batch_ok/fitted/ok_6577.npy
paper,paper,paper-set2 (271),train,./dataset/skeleton_final_v2/paper/paper-set2 (271).npy,./batch_paper/fitted/paper-set2 (271).npy
thumb,thumbdown,thumbdown_6832,train,./dataset/skeleton_final_v2/thumbdown/thumbdown_6832.npy,./data/salux_refined_6cls/thumb_sources/thumbdown/fitted/thumbdown_6832.npy
ok,ok,ok (147),train,./dataset/skeleton_final_v2/ok/ok (147).npy,./batch_ok/fitted/ok (147).npy
ok,ok,ok_2960,train,./dataset/skeleton_final_v2/ok/ok_2960.npy,./batch_ok/fitted/ok_2960.npy
paper,paper,paper_2550,train,./dataset/skeleton_final_v2/paper/paper_2550.npy,./batch_paper/fitted/paper_2550.npy
thumb,thumbdown,thumbdown (36),train,./dataset/skeleton_final_v2/thumbdown/thumbdown (36).npy,./data/salux_refined_6cls/thumb_sources/thumbdown/fitted/thumbdown (36).npy
scissors,scissors,scissors_6953,train,./dataset/skeleton_final_v2/scissors/scissors_6953.npy,./batch_scissors/fitted/scissors_6953.npy
thumb,thumbup,thumbup (474),train,./dataset/skeleton_final_v2/thumbup/thumbup (474).npy,./data/salux_refined_6cls/thumb_sources/thumbup/fitted/thumbup (474).npy
ok,ok,ok (107),train,./dataset/skeleton_final_v2/ok/ok (107).npy,./batch_ok/fitted/ok (107).npy
thumb,thumbdown,thumbdown_5605,train,./dataset/skeleton_final_v2/thumbdown/thumbdown_5605.npy,./data/salux_refined_6cls/thumb_sources/thumbdown/fitted/thumbdown_5605.npy
thumb,thumbup,hand-7-1485,train,./dataset/skeleton_final_v2/thumbup/hand-7-1485.npy,./data/salux_refined_6cls/thumb_sources/thumbup/fitted/hand-7-1485.npy
thumb,thumbdown,hand-10-2215,train,./dataset/skeleton_final_v2/thumbdown/hand-10-2215.npy,./data/salux_refined_6cls/thumb_sources/thumbdown/fitted/hand-10-2215.npy
thumb,thumbup,thumbup (76),train,./dataset/skeleton_final_v2/thumbup/thumbup (76).npy,./data/salux_refined_6cls/thumb_sources/thumbup/fitted/thumbup (76).npy
ok,ok,ok_Set2_ (346),train,./dataset/skeleton_final_v2/ok/ok_Set2_ (346).npy,./batch_ok/fitted/ok_Set2_ (346).npy
the-finger,the-finger,the-finger_9438,train,./dataset/skeleton_final_v2/the-finger/the-finger_9438.npy,./batch_thefinger/fitted/the-finger_9438.npy
thumb,thumbdown,thumbdown_7225,train,./dataset/skeleton_final_v2/thumbdown/thumbdown_7225.npy,./data/salux_refined_6cls/thumb_sources/thumbdown/fitted/thumbdown_7225.npy
thumb,thumbup,thumbup (105),train,./dataset/skeleton_final_v2/thumbup/thumbup (105).npy,./data/salux_refined_6cls/thumb_sources/thumbup/fitted/thumbup (105).npy
scissors,scissors,scissors-set2 (269),train,./dataset/skeleton_final_v2/scissors/scissors-set2 (269).npy,./batch_scissors/fitted/scissors-set2 (269).npy
ok,ok,ok_Set2_ (438),train,./dataset/skeleton_final_v2/ok/ok_Set2_ (438).npy,./batch_ok/fitted/ok_Set2_ (438).npy
scissors,scissors,scissors-set2 (223),train,./dataset/skeleton_final_v2/scissors/scissors-set2 (223).npy,./batch_scissors/fitted/scissors-set2 (223).npy
scissors,scissors,scissors-set2 (52),train,./dataset/skeleton_final_v2/scissors/scissors-set2 (52).npy,./batch_scissors/fitted/scissors-set2 (52).npy
ok,ok,ok_Set2_ (480),train,./dataset/skeleton_final_v2/ok/ok_Set2_ (480).npy,./batch_ok/fitted/ok_Set2_ (480).npy
thumb,thumbdown,hand-9-1990,train,./dataset/skeleton_final_v2/thumbdown/hand-9-1990.npy,./data/salux_refined_6cls/thumb_sources/thumbdown/fitted/hand-9-1990.npy
ok,ok,ok_Set2_ (254),train,./dataset/skeleton_final_v2/ok/ok_Set2_ (254).npy,./batch_ok/fitted/ok_Set2_ (254).npy
paper,paper,paper_5442,train,./dataset/skeleton_final_v2/paper/paper_5442.npy,./batch_paper/fitted/paper_5442.npy
scissors,scissors,scissors_8456,train,./dataset/skeleton_final_v2/scissors/scissors_8456.npy,./batch_scissors/fitted/scissors_8456.npy
thumb,thumbup,thumbup_5790,train,./dataset/skeleton_final_v2/thumbup/thumbup_5790.npy,./data/salux_refined_6cls/thumb_sources/thumbup/fitted/thumbup_5790.npy
thumb,thumbup,thumbup (126),train,./dataset/skeleton_final_v2/thumbup/thumbup (126).npy,./data/salux_refined_6cls/thumb_sources/thumbup/fitted/thumbup (126).npy
scissors,scissors,scissors-set2 (746),train,./dataset/skeleton_final_v2/scissors/scissors-set2 (746).npy,./batch_scissors/fitted/scissors-set2 (746).npy
paper,paper,paper_5893,train,./dataset/skeleton_final_v2/paper/paper_5893.npy,./batch_paper/fitted/paper_5893.npy
scissors,scissors,scissors_5504,train,./dataset/skeleton_final_v2/scissors/scissors_5504.npy,./batch_scissors/fitted/scissors_5504.npy
scissors,scissors,scissors_6552,train,./dataset/skeleton_final_v2/scissors/scissors_6552.npy,./batch_scissors/fitted/scissors_6552.npy
the-finger,the-finger,the-finger-set2 (89),train,./dataset/skeleton_final_v2/the-finger/the-finger-set2 (89).npy,./batch_thefinger/fitted/the-finger-set2 (89).npy
scissors,scissors,scissors-set2 (197),train,./dataset/skeleton_final_v2/scissors/scissors-set2 (197).npy,./batch_scissors/fitted/scissors-set2 (197).npy
paper,paper,paper (101),train,./dataset/skeleton_final_v2/paper/paper (101).npy,./batch_paper/fitted/paper (101).npy
paper,paper,paper-set2 (55),train,./dataset/skeleton_final_v2/paper/paper-set2 (55).npy,./batch_paper/fitted/paper-set2 (55).npy
paper,paper,paper-set2 (262),train,./dataset/skeleton_final_v2/paper/paper-set2 (262).npy,./batch_paper/fitted/paper-set2 (262).npy
thumb,thumbup,thumbup (271),train,./dataset/skeleton_final_v2/thumbup/thumbup (271).npy,./data/salux_refined_6cls/thumb_sources/thumbup/fitted/thumbup (271).npy
rock,rock,rock-set2 (570),train,./dataset/skeleton_final_v2/rock/rock-set2 (570).npy,./batch_rock/fitted/rock-set2 (570).npy
paper,paper,paper-set2 (456),train,./dataset/skeleton_final_v2/paper/paper-set2 (456).npy,./batch_paper/fitted/paper-set2 (456).npy
thumb,thumbdown,thumbdown (179),train,./dataset/skeleton_final_v2/thumbdown/thumbdown (179).npy,./data/salux_refined_6cls/thumb_sources/thumbdown/fitted/thumbdown (179).npy
the-finger,the-finger,the-finger-set2 (433),train,./dataset/skeleton_final_v2/the-finger/the-finger-set2 (433).npy,./batch_thefinger/fitted/the-finger-set2 (433).npy
ok,ok,ok_Set2_ (34),train,./dataset/skeleton_final_v2/ok/ok_Set2_ (34).npy,./batch_ok/fitted/ok_Set2_ (34).npy
paper,paper,paper_8426,train,./dataset/skeleton_final_v2/paper/paper_8426.npy,./batch_paper/fitted/paper_8426.npy
the-finger,the-finger,the-finger-set2 (99),train,./dataset/skeleton_final_v2/the-finger/the-finger-set2 (99).npy,./batch_thefinger/fitted/the-finger-set2 (99).npy
paper,paper,paper-set2 (369),train,./dataset/skeleton_final_v2/paper/paper-set2 (369).npy,./batch_paper/fitted/paper-set2 (369).npy
ok,ok,ok_Set2_ (139),train,./dataset/skeleton_final_v2/ok/ok_Set2_ (139).npy,./batch_ok/fitted/ok_Set2_ (139).npy
ok,ok,ok_Set2_ (488),train,./dataset/skeleton_final_v2/ok/ok_Set2_ (488).npy,./batch_ok/fitted/ok_Set2_ (488).npy
the-finger,the-finger,the-finger-set2 (179),train,./dataset/skeleton_final_v2/the-finger/the-finger-set2 (179).npy,./batch_thefinger/fitted/the-finger-set2 (179).npy
ok,ok,ok (196),train,./dataset/skeleton_final_v2/ok/ok (196).npy,./batch_ok/fitted/ok (196).npy
thumb,thumbdown,hand-9-2115,train,./dataset/skeleton_final_v2/thumbdown/hand-9-2115.npy,./data/salux_refined_6cls/thumb_sources/thumbdown/fitted/hand-9-2115.npy
paper,paper,paper-set2 (268),train,./dataset/skeleton_final_v2/paper/paper-set2 (268).npy,./batch_paper/fitted/paper-set2 (268).npy
rock,rock,rock-set2 (521),train,./dataset/skeleton_final_v2/rock/rock-set2 (521).npy,./batch_rock/fitted/rock-set2 (521).npy
rock,rock,rock-set2 (606),train,./dataset/skeleton_final_v2/rock/rock-set2 (606).npy,./batch_rock/fitted/rock-set2 (606).npy
thumb,thumbdown,thumbdown (302),train,./dataset/skeleton_final_v2/thumbdown/thumbdown (302).npy,./data/salux_refined_6cls/thumb_sources/thumbdown/fitted/thumbdown (302).npy
scissors,scissors,scissors-set2 (540),train,./dataset/skeleton_final_v2/scissors/scissors-set2 (540).npy,./batch_scissors/fitted/scissors-set2 (540).npy
thumb,thumbdown,thumbdown (193),train,./dataset/skeleton_final_v2/thumbdown/thumbdown (193).npy,./data/salux_refined_6cls/thumb_sources/thumbdown/fitted/thumbdown (193).npy
rock,rock,rock-set2 (45),train,./dataset/skeleton_final_v2/rock/rock-set2 (45).npy,./batch_rock/fitted/rock-set2 (45).npy
ok,ok,ok (149),train,./dataset/skeleton_final_v2/ok/ok (149).npy,./batch_ok/fitted/ok (149).npy
paper,paper,paper (248),train,./dataset/skeleton_final_v2/paper/paper (248).npy,./batch_paper/fitted/paper (248).npy
ok,ok,ok_5538,train,./dataset/skeleton_final_v2/ok/ok_5538.npy,./batch_ok/fitted/ok_5538.npy
paper,paper,paper (149),train,./dataset/skeleton_final_v2/paper/paper (149).npy,./batch_paper/fitted/paper (149).npy
thumb,thumbdown,hand-10-615,train,./dataset/skeleton_final_v2/thumbdown/hand-10-615.npy,./data/salux_refined_6cls/thumb_sources/thumbdown/fitted/hand-10-615.npy
ok,ok,ok_Set2_ (127),train,./dataset/skeleton_final_v2/ok/ok_Set2_ (127).npy,./batch_ok/fitted/ok_Set2_ (127).npy
thumb,thumbup,thumbup (496),train,./dataset/skeleton_final_v2/thumbup/thumbup (496).npy,./data/salux_refined_6cls/thumb_sources/thumbup/fitted/thumbup (496).npy
paper,paper,paper_7952,train,./dataset/skeleton_final_v2/paper/paper_7952.npy,./batch_paper/fitted/paper_7952.npy
paper,paper,paper_3782,train,./dataset/skeleton_final_v2/paper/paper_3782.npy,./batch_paper/fitted/paper_3782.npy
the-finger,the-finger,the-finger-set2 (442),train,./dataset/skeleton_final_v2/the-finger/the-finger-set2 (442).npy,./batch_thefinger/fitted/the-finger-set2 (442).npy
paper,paper,paper_33,train,./dataset/skeleton_final_v2/paper/paper_33.npy,./batch_paper/fitted/paper_33.npy
ok,ok,ok_Set2_ (140),train,./dataset/skeleton_final_v2/ok/ok_Set2_ (140).npy,./batch_ok/fitted/ok_Set2_ (140).npy
the-finger,the-finger,the-finger-set2 (18),train,./dataset/skeleton_final_v2/the-finger/the-finger-set2 (18).npy,./batch_thefinger/fitted/the-finger-set2 (18).npy
the-finger,the-finger,the-finger_5392,train,./dataset/skeleton_final_v2/the-finger/the-finger_5392.npy,./batch_thefinger/fitted/the-finger_5392.npy
thumb,thumbup,hand-10-1960,train,./dataset/skeleton_final_v2/thumbup/hand-10-1960.npy,./data/salux_refined_6cls/thumb_sources/thumbup/fitted/hand-10-1960.npy
ok,ok,ok_Set2_ (375),train,./dataset/skeleton_final_v2/ok/ok_Set2_ (375).npy,./batch_ok/fitted/ok_Set2_ (375).npy
paper,paper,paper-set2 (231),train,./dataset/skeleton_final_v2/paper/paper-set2 (231).npy,./batch_paper/fitted/paper-set2 (231).npy
the-finger,the-finger,the-finger_5856,train,./dataset/skeleton_final_v2/the-finger/the-finger_5856.npy,./batch_thefinger/fitted/the-finger_5856.npy
rock,rock,rock-set2 (145),train,./dataset/skeleton_final_v2/rock/rock-set2 (145).npy,./batch_rock/fitted/rock-set2 (145).npy
scissors,scissors,scissors_6561,train,./dataset/skeleton_final_v2/scissors/scissors_6561.npy,./batch_scissors/fitted/scissors_6561.npy
ok,ok,ok_Set2_ (447),train,./dataset/skeleton_final_v2/ok/ok_Set2_ (447).npy,./batch_ok/fitted/ok_Set2_ (447).npy
scissors,scissors,scissors-set2 (10),train,./dataset/skeleton_final_v2/scissors/scissors-set2 (10).npy,./batch_scissors/fitted/scissors-set2 (10).npy
paper,paper,paper (12),train,./dataset/skeleton_final_v2/paper/paper (12).npy,./batch_paper/fitted/paper (12).npy
thumb,thumbup,thumbup (246),train,./dataset/skeleton_final_v2/thumbup/thumbup (246).npy,./data/salux_refined_6cls/thumb_sources/thumbup/fitted/thumbup (246).npy
scissors,scissors,scissors-set2 (551),train,./dataset/skeleton_final_v2/scissors/scissors-set2 (551).npy,./batch_scissors/fitted/scissors-set2 (551).npy
scissors,scissors,scissors_6541,train,./dataset/skeleton_final_v2/scissors/scissors_6541.npy,./batch_scissors/fitted/scissors_6541.npy
rock,rock,rock_6890,train,./dataset/skeleton_final_v2/rock/rock_6890.npy,./batch_rock/fitted/rock_6890.npy
rock,rock,rock (238),train,./dataset/skeleton_final_v2/rock/rock (238).npy,./batch_rock/fitted/rock (238).npy
scissors,scissors,scissors_4630,train,./dataset/skeleton_final_v2/scissors/scissors_4630.npy,./batch_scissors/fitted/scissors_4630.npy
thumb,thumbdown,thumbdown_4422,train,./dataset/skeleton_final_v2/thumbdown/thumbdown_4422.npy,./data/salux_refined_6cls/thumb_sources/thumbdown/fitted/thumbdown_4422.npy
scissors,scissors,scissors_6163,train,./dataset/skeleton_final_v2/scissors/scissors_6163.npy,./batch_scissors/fitted/scissors_6163.npy
ok,ok,ok_8872,train,./dataset/skeleton_final_v2/ok/ok_8872.npy,./batch_ok/fitted/ok_8872.npy
scissors,scissors,scissors (138),train,./dataset/skeleton_final_v2/scissors/scissors (138).npy,./batch_scissors/fitted/scissors (138).npy
thumb,thumbup,hand-9-1625,train,./dataset/skeleton_final_v2/thumbup/hand-9-1625.npy,./data/salux_refined_6cls/thumb_sources/thumbup/fitted/hand-9-1625.npy
thumb,thumbup,thumbup (343),train,./dataset/skeleton_final_v2/thumbup/thumbup (343).npy,./data/salux_refined_6cls/thumb_sources/thumbup/fitted/thumbup (343).npy
scissors,scissors,scissors (264),train,./dataset/skeleton_final_v2/scissors/scissors (264).npy,./batch_scissors/fitted/scissors (264).npy
the-finger,the-finger,the-finger (37),train,./dataset/skeleton_final_v2/the-finger/the-finger (37).npy,./batch_thefinger/fitted/the-finger (37).npy
ok,ok,ok (35),train,./dataset/skeleton_final_v2/ok/ok (35).npy,./batch_ok/fitted/ok (35).npy
paper,paper,paper_741,train,./dataset/skeleton_final_v2/paper/paper_741.npy,./batch_paper/fitted/paper_741.npy
thumb,thumbup,thumbup_7033,train,./dataset/skeleton_final_v2/thumbup/thumbup_7033.npy,./data/salux_refined_6cls/thumb_sources/thumbup/fitted/thumbup_7033.npy
scissors,scissors,scissors_6744,train,./dataset/skeleton_final_v2/scissors/scissors_6744.npy,./batch_scissors/fitted/scissors_6744.npy
rock,rock,rock-set2 (433),train,./dataset/skeleton_final_v2/rock/rock-set2 (433).npy,./batch_rock/fitted/rock-set2 (433).npy
the-finger,the-finger,the-finger_1734,train,./dataset/skeleton_final_v2/the-finger/the-finger_1734.npy,./batch_thefinger/fitted/the-finger_1734.npy
scissors,scissors,scissors-set2 (136),train,./dataset/skeleton_final_v2/scissors/scissors-set2 (136).npy,./batch_scissors/fitted/scissors-set2 (136).npy
thumb,thumbup,thumbup_8930,train,./dataset/skeleton_final_v2/thumbup/thumbup_8930.npy,./data/salux_refined_6cls/thumb_sources/thumbup/fitted/thumbup_8930.npy
paper,paper,paper_2568,train,./dataset/skeleton_final_v2/paper/paper_2568.npy,./batch_paper/fitted/paper_2568.npy
ok,ok,ok_5961,train,./dataset/skeleton_final_v2/ok/ok_5961.npy,./batch_ok/fitted/ok_5961.npy
thumb,thumbup,hand-9-1655,train,./dataset/skeleton_final_v2/thumbup/hand-9-1655.npy,./data/salux_refined_6cls/thumb_sources/thumbup/fitted/hand-9-1655.npy
paper,paper,paper_5169,train,./dataset/skeleton_final_v2/paper/paper_5169.npy,./batch_paper/fitted/paper_5169.npy
scissors,scissors,scissors (298),train,./dataset/skeleton_final_v2/scissors/scissors (298).npy,./batch_scissors/fitted/scissors (298).npy
ok,ok,ok_Set2_ (69),train,./dataset/skeleton_final_v2/ok/ok_Set2_ (69).npy,./batch_ok/fitted/ok_Set2_ (69).npy
thumb,thumbdown,thumbdown (317),train,./dataset/skeleton_final_v2/thumbdown/thumbdown (317).npy,./data/salux_refined_6cls/thumb_sources/thumbdown/fitted/thumbdown (317).npy
the-finger,the-finger,the-finger-set2 (219),train,./dataset/skeleton_final_v2/the-finger/the-finger-set2 (219).npy,./batch_thefinger/fitted/the-finger-set2 (219).npy
rock,rock,rock_5080,train,./dataset/skeleton_final_v2/rock/rock_5080.npy,./batch_rock/fitted/rock_5080.npy
paper,paper,paper-set2 (281),train,./dataset/skeleton_final_v2/paper/paper-set2 (281).npy,./batch_paper/fitted/paper-set2 (281).npy
scissors,scissors,scissors (240),train,./dataset/skeleton_final_v2/scissors/scissors (240).npy,./batch_scissors/fitted/scissors (240).npy
thumb,thumbdown,thumbdown (308),train,./dataset/skeleton_final_v2/thumbdown/thumbdown (308).npy,./data/salux_refined_6cls/thumb_sources/thumbdown/fitted/thumbdown (308).npy
ok,ok,ok_7677,train,./dataset/skeleton_final_v2/ok/ok_7677.npy,./batch_ok/fitted/ok_7677.npy
rock,rock,rock (197),train,./dataset/skeleton_final_v2/rock/rock (197).npy,./batch_rock/fitted/rock (197).npy
thumb,thumbdown,thumbdown (27),train,./dataset/skeleton_final_v2/thumbdown/thumbdown (27).npy,./data/salux_refined_6cls/thumb_sources/thumbdown/fitted/thumbdown (27).npy
scissors,scissors,scissors-set2 (153),train,./dataset/skeleton_final_v2/scissors/scissors-set2 (153).npy,./batch_scissors/fitted/scissors-set2 (153).npy
scissors,scissors,scissors-set2 (733),train,./dataset/skeleton_final_v2/scissors/scissors-set2 (733).npy,./batch_scissors/fitted/scissors-set2 (733).npy
thumb,thumbdown,thumbdown (258),train,./dataset/skeleton_final_v2/thumbdown/thumbdown (258).npy,./data/salux_refined_6cls/thumb_sources/thumbdown/fitted/thumbdown (258).npy
paper,paper,paper-set2 (265),train,./dataset/skeleton_final_v2/paper/paper-set2 (265).npy,./batch_paper/fitted/paper-set2 (265).npy
ok,ok,ok_Set2_ (39),train,./dataset/skeleton_final_v2/ok/ok_Set2_ (39).npy,./batch_ok/fitted/ok_Set2_ (39).npy
ok,ok,ok_Set2_ (223),train,./dataset/skeleton_final_v2/ok/ok_Set2_ (223).npy,./batch_ok/fitted/ok_Set2_ (223).npy
paper,paper,paper_722,train,./dataset/skeleton_final_v2/paper/paper_722.npy,./batch_paper/fitted/paper_722.npy
ok,ok,ok_1207,train,./dataset/skeleton_final_v2/ok/ok_1207.npy,./batch_ok/fitted/ok_1207.npy
the-finger,the-finger,the-finger_9440,train,./dataset/skeleton_final_v2/the-finger/the-finger_9440.npy,./batch_thefinger/fitted/the-finger_9440.npy
ok,ok,ok_2892,train,./dataset/skeleton_final_v2/ok/ok_2892.npy,./batch_ok/fitted/ok_2892.npy
paper,paper,paper_5906,train,./dataset/skeleton_final_v2/paper/paper_5906.npy,./batch_paper/fitted/paper_5906.npy
the-finger,the-finger,the-finger_2308,train,./dataset/skeleton_final_v2/the-finger/the-finger_2308.npy,./batch_thefinger/fitted/the-finger_2308.npy
paper,paper,paper_3827,train,./dataset/skeleton_final_v2/paper/paper_3827.npy,./batch_paper/fitted/paper_3827.npy
thumb,thumbup,thumbup_5794,train,./dataset/skeleton_final_v2/thumbup/thumbup_5794.npy,./data/salux_refined_6cls/thumb_sources/thumbup/fitted/thumbup_5794.npy
paper,paper,paper (38),train,./dataset/skeleton_final_v2/paper/paper (38).npy,./batch_paper/fitted/paper (38).npy
paper,paper,paper_1436,train,./dataset/skeleton_final_v2/paper/paper_1436.npy,./batch_paper/fitted/paper_1436.npy
thumb,thumbup,thumbup_6416,train,./dataset/skeleton_final_v2/thumbup/thumbup_6416.npy,./data/salux_refined_6cls/thumb_sources/thumbup/fitted/thumbup_6416.npy
scissors,scissors,scissors-set2 (286),train,./dataset/skeleton_final_v2/scissors/scissors-set2 (286).npy,./batch_scissors/fitted/scissors-set2 (286).npy
thumb,thumbup,thumbup (375),train,./dataset/skeleton_final_v2/thumbup/thumbup (375).npy,./data/salux_refined_6cls/thumb_sources/thumbup/fitted/thumbup (375).npy
thumb,thumbup,thumbup_7212,train,./dataset/skeleton_final_v2/thumbup/thumbup_7212.npy,./data/salux_refined_6cls/thumb_sources/thumbup/fitted/thumbup_7212.npy
scissors,scissors,scissors-set2 (205),train,./dataset/skeleton_final_v2/scissors/scissors-set2 (205).npy,./batch_scissors/fitted/scissors-set2 (205).npy
the-finger,the-finger,the-finger_3470,train,./dataset/skeleton_final_v2/the-finger/the-finger_3470.npy,./batch_thefinger/fitted/the-finger_3470.npy
scissors,scissors,scissors_6738,train,./dataset/skeleton_final_v2/scissors/scissors_6738.npy,./batch_scissors/fitted/scissors_6738.npy
ok,ok,ok_9230,train,./dataset/skeleton_final_v2/ok/ok_9230.npy,./batch_ok/fitted/ok_9230.npy
ok,ok,ok_Set2_ (211),train,./dataset/skeleton_final_v2/ok/ok_Set2_ (211).npy,./batch_ok/fitted/ok_Set2_ (211).npy
paper,paper,paper-set2 (309),train,./dataset/skeleton_final_v2/paper/paper-set2 (309).npy,./batch_paper/fitted/paper-set2 (309).npy
thumb,thumbup,thumbup_3014,train,./dataset/skeleton_final_v2/thumbup/thumbup_3014.npy,./data/salux_refined_6cls/thumb_sources/thumbup/fitted/thumbup_3014.npy
thumb,thumbup,thumbup_9336,train,./dataset/skeleton_final_v2/thumbup/thumbup_9336.npy,./data/salux_refined_6cls/thumb_sources/thumbup/fitted/thumbup_9336.npy
scissors,scissors,scissors-set2 (653),train,./dataset/skeleton_final_v2/scissors/scissors-set2 (653).npy,./batch_scissors/fitted/scissors-set2 (653).npy
rock,rock,rock-set2 (210),train,./dataset/skeleton_final_v2/rock/rock-set2 (210).npy,./batch_rock/fitted/rock-set2 (210).npy
scissors,scissors,scissors-set2 (479),train,./dataset/skeleton_final_v2/scissors/scissors-set2 (479).npy,./batch_scissors/fitted/scissors-set2 (479).npy
the-finger,the-finger,the-finger_9062,train,./dataset/skeleton_final_v2/the-finger/the-finger_9062.npy,./batch_thefinger/fitted/the-finger_9062.npy
the-finger,the-finger,the-finger_7822,train,./dataset/skeleton_final_v2/the-finger/the-finger_7822.npy,./batch_thefinger/fitted/the-finger_7822.npy
ok,ok,ok_6170,train,./dataset/skeleton_final_v2/ok/ok_6170.npy,./batch_ok/fitted/ok_6170.npy
thumb,thumbdown,thumbdown (30),train,./dataset/skeleton_final_v2/thumbdown/thumbdown (30).npy,./data/salux_refined_6cls/thumb_sources/thumbdown/fitted/thumbdown (30).npy
thumb,thumbup,thumbup (212),train,./dataset/skeleton_final_v2/thumbup/thumbup (212).npy,./data/salux_refined_6cls/thumb_sources/thumbup/fitted/thumbup (212).npy
thumb,thumbdown,thumbdown_4426,train,./dataset/skeleton_final_v2/thumbdown/thumbdown_4426.npy,./data/salux_refined_6cls/thumb_sources/thumbdown/fitted/thumbdown_4426.npy
thumb,thumbdown,thumbdown_6837,train,./dataset/skeleton_final_v2/thumbdown/thumbdown_6837.npy,./data/salux_refined_6cls/thumb_sources/thumbdown/fitted/thumbdown_6837.npy
thumb,thumbup,thumbup (283),train,./dataset/skeleton_final_v2/thumbup/thumbup (283).npy,./data/salux_refined_6cls/thumb_sources/thumbup/fitted/thumbup (283).npy
paper,paper,paper-set2 (395),train,./dataset/skeleton_final_v2/paper/paper-set2 (395).npy,./batch_paper/fitted/paper-set2 (395).npy
thumb,thumbup,hand-9-1760,train,./dataset/skeleton_final_v2/thumbup/hand-9-1760.npy,./data/salux_refined_6cls/thumb_sources/thumbup/fitted/hand-9-1760.npy
ok,ok,ok_1947,train,./dataset/skeleton_final_v2/ok/ok_1947.npy,./batch_ok/fitted/ok_1947.npy
paper,paper,paper-set2 (27),train,./dataset/skeleton_final_v2/paper/paper-set2 (27).npy,./batch_paper/fitted/paper-set2 (27).npy
scissors,scissors,scissors-set2 (126),train,./dataset/skeleton_final_v2/scissors/scissors-set2 (126).npy,./batch_scissors/fitted/scissors-set2 (126).npy
thumb,thumbdown,thumbdown_5336,train,./dataset/skeleton_final_v2/thumbdown/thumbdown_5336.npy,./data/salux_refined_6cls/thumb_sources/thumbdown/fitted/thumbdown_5336.npy
the-finger,the-finger,the-finger_6282,train,./dataset/skeleton_final_v2/the-finger/the-finger_6282.npy,./batch_thefinger/fitted/the-finger_6282.npy
scissors,scissors,scissors_765,train,./dataset/skeleton_final_v2/scissors/scissors_765.npy,./batch_scissors/fitted/scissors_765.npy
scissors,scissors,scissors (493),train,./dataset/skeleton_final_v2/scissors/scissors (493).npy,./batch_scissors/fitted/scissors (493).npy
scissors,scissors,scissors_6378,train,./dataset/skeleton_final_v2/scissors/scissors_6378.npy,./batch_scissors/fitted/scissors_6378.npy
ok,ok,ok (261),train,./dataset/skeleton_final_v2/ok/ok (261).npy,./batch_ok/fitted/ok (261).npy
thumb,thumbup,thumbup (447),train,./dataset/skeleton_final_v2/thumbup/thumbup (447).npy,./data/salux_refined_6cls/thumb_sources/thumbup/fitted/thumbup (447).npy
thumb,thumbup,thumbup (362),train,./dataset/skeleton_final_v2/thumbup/thumbup (362).npy,./data/salux_refined_6cls/thumb_sources/thumbup/fitted/thumbup (362).npy
scissors,scissors,scissors_2595,train,./dataset/skeleton_final_v2/scissors/scissors_2595.npy,./batch_scissors/fitted/scissors_2595.npy
scissors,scissors,scissors-set2 (593),train,./dataset/skeleton_final_v2/scissors/scissors-set2 (593).npy,./batch_scissors/fitted/scissors-set2 (593).npy
thumb,thumbdown,thumbdown (139),train,./dataset/skeleton_final_v2/thumbdown/thumbdown (139).npy,./data/salux_refined_6cls/thumb_sources/thumbdown/fitted/thumbdown (139).npy
scissors,scissors,scissors_7671,train,./dataset/skeleton_final_v2/scissors/scissors_7671.npy,./batch_scissors/fitted/scissors_7671.npy
scissors,scissors,scissors-set2 (85),train,./dataset/skeleton_final_v2/scissors/scissors-set2 (85).npy,./batch_scissors/fitted/scissors-set2 (85).npy
paper,paper,paper-set2 (225),train,./dataset/skeleton_final_v2/paper/paper-set2 (225).npy,./batch_paper/fitted/paper-set2 (225).npy
paper,paper,paper-set2 (88),train,./dataset/skeleton_final_v2/paper/paper-set2 (88).npy,./batch_paper/fitted/paper-set2 (88).npy
paper,paper,paper-set2 (10),train,./dataset/skeleton_final_v2/paper/paper-set2 (10).npy,./batch_paper/fitted/paper-set2 (10).npy
scissors,scissors,scissors (372),train,./dataset/skeleton_final_v2/scissors/scissors (372).npy,./batch_scissors/fitted/scissors (372).npy
thumb,thumbup,thumbup_2043,train,./dataset/skeleton_final_v2/thumbup/thumbup_2043.npy,./data/salux_refined_6cls/thumb_sources/thumbup/fitted/thumbup_2043.npy
paper,paper,paper_6914,train,./dataset/skeleton_final_v2/paper/paper_6914.npy,./batch_paper/fitted/paper_6914.npy
thumb,thumbdown,thumbdown (44),train,./dataset/skeleton_final_v2/thumbdown/thumbdown (44).npy,./data/salux_refined_6cls/thumb_sources/thumbdown/fitted/thumbdown (44).npy
thumb,thumbup,thumbup (367),train,./dataset/skeleton_final_v2/thumbup/thumbup (367).npy,./data/salux_refined_6cls/thumb_sources/thumbup/fitted/thumbup (367).npy
scissors,scissors,scissors-set2 (12),train,./dataset/skeleton_final_v2/scissors/scissors-set2 (12).npy,./batch_scissors/fitted/scissors-set2 (12).npy
the-finger,the-finger,the-finger_2256,train,./dataset/skeleton_final_v2/the-finger/the-finger_2256.npy,./batch_thefinger/fitted/the-finger_2256.npy
ok,ok,ok_Set2_ (3),train,./dataset/skeleton_final_v2/ok/ok_Set2_ (3).npy,./batch_ok/fitted/ok_Set2_ (3).npy
the-finger,the-finger,the-finger-set2 (365),train,./dataset/skeleton_final_v2/the-finger/the-finger-set2 (365).npy,./batch_thefinger/fitted/the-finger-set2 (365).npy
ok,ok,ok_Set2_ (280),train,./dataset/skeleton_final_v2/ok/ok_Set2_ (280).npy,./batch_ok/fitted/ok_Set2_ (280).npy
paper,paper,paper-set2 (19),train,./dataset/skeleton_final_v2/paper/paper-set2 (19).npy,./batch_paper/fitted/paper-set2 (19).npy
scissors,scissors,scissors (469),train,./dataset/skeleton_final_v2/scissors/scissors (469).npy,./batch_scissors/fitted/scissors (469).npy
thumb,thumbup,thumbup (369),train,./dataset/skeleton_final_v2/thumbup/thumbup (369).npy,./data/salux_refined_6cls/thumb_sources/thumbup/fitted/thumbup (369).npy
thumb,thumbdown,thumbdown_4414,train,./dataset/skeleton_final_v2/thumbdown/thumbdown_4414.npy,./data/salux_refined_6cls/thumb_sources/thumbdown/fitted/thumbdown_4414.npy
thumb,thumbdown,thumbdown (141),train,./dataset/skeleton_final_v2/thumbdown/thumbdown (141).npy,./data/salux_refined_6cls/thumb_sources/thumbdown/fitted/thumbdown (141).npy
thumb,thumbdown,thumbdown (88),train,./dataset/skeleton_final_v2/thumbdown/thumbdown (88).npy,./data/salux_refined_6cls/thumb_sources/thumbdown/fitted/thumbdown (88).npy
paper,paper,paper-set2 (32),train,./dataset/skeleton_final_v2/paper/paper-set2 (32).npy,./batch_paper/fitted/paper-set2 (32).npy
paper,paper,paper-set2 (375),train,./dataset/skeleton_final_v2/paper/paper-set2 (375).npy,./batch_paper/fitted/paper-set2 (375).npy
scissors,scissors,scissors (19),train,./dataset/skeleton_final_v2/scissors/scissors (19).npy,./batch_scissors/fitted/scissors (19).npy
scissors,scissors,scissors-set2 (432),train,./dataset/skeleton_final_v2/scissors/scissors-set2 (432).npy,./batch_scissors/fitted/scissors-set2 (432).npy
paper,paper,paper_1822,train,./dataset/skeleton_final_v2/paper/paper_1822.npy,./batch_paper/fitted/paper_1822.npy
paper,paper,paper-set2 (397),train,./dataset/skeleton_final_v2/paper/paper-set2 (397).npy,./batch_paper/fitted/paper-set2 (397).npy
thumb,thumbup,hand-7-1440,train,./dataset/skeleton_final_v2/thumbup/hand-7-1440.npy,./data/salux_refined_6cls/thumb_sources/thumbup/fitted/hand-7-1440.npy
scissors,scissors,scissors-set2 (300),train,./dataset/skeleton_final_v2/scissors/scissors-set2 (300).npy,./batch_scissors/fitted/scissors-set2 (300).npy
thumb,thumbdown,thumbdown_5601,train,./dataset/skeleton_final_v2/thumbdown/thumbdown_5601.npy,./data/salux_refined_6cls/thumb_sources/thumbdown/fitted/thumbdown_5601.npy
thumb,thumbup,thumbup (153),train,./dataset/skeleton_final_v2/thumbup/thumbup (153).npy,./data/salux_refined_6cls/thumb_sources/thumbup/fitted/thumbup (153).npy
ok,ok,ok (128),train,./dataset/skeleton_final_v2/ok/ok (128).npy,./batch_ok/fitted/ok (128).npy
paper,paper,paper (76),train,./dataset/skeleton_final_v2/paper/paper (76).npy,./batch_paper/fitted/paper (76).npy
rock,rock,rock_6682,train,./dataset/skeleton_final_v2/rock/rock_6682.npy,./batch_rock/fitted/rock_6682.npy
thumb,thumbdown,hand-9-2015,train,./dataset/skeleton_final_v2/thumbdown/hand-9-2015.npy,./data/salux_refined_6cls/thumb_sources/thumbdown/fitted/hand-9-2015.npy
paper,paper,paper_6339,train,./dataset/skeleton_final_v2/paper/paper_6339.npy,./batch_paper/fitted/paper_6339.npy
ok,ok,ok_2747,train,./dataset/skeleton_final_v2/ok/ok_2747.npy,./batch_ok/fitted/ok_2747.npy
the-finger,the-finger,the-finger_6271,train,./dataset/skeleton_final_v2/the-finger/the-finger_6271.npy,./batch_thefinger/fitted/the-finger_6271.npy
thumb,thumbdown,thumbdown (231),train,./dataset/skeleton_final_v2/thumbdown/thumbdown (231).npy,./data/salux_refined_6cls/thumb_sources/thumbdown/fitted/thumbdown (231).npy
the-finger,the-finger,the-finger_2244,train,./dataset/skeleton_final_v2/the-finger/the-finger_2244.npy,./batch_thefinger/fitted/the-finger_2244.npy
scissors,scissors,scissors (56),train,./dataset/skeleton_final_v2/scissors/scissors (56).npy,./batch_scissors/fitted/scissors (56).npy
rock,rock,rock (3),train,./dataset/skeleton_final_v2/rock/rock (3).npy,./batch_rock/fitted/rock (3).npy
thumb,thumbup,thumbup (178),train,./dataset/skeleton_final_v2/thumbup/thumbup (178).npy,./data/salux_refined_6cls/thumb_sources/thumbup/fitted/thumbup (178).npy
thumb,thumbdown,thumbdown_5833,train,./dataset/skeleton_final_v2/thumbdown/thumbdown_5833.npy,./data/salux_refined_6cls/thumb_sources/thumbdown/fitted/thumbdown_5833.npy
ok,ok,ok_Set2_ (449),train,./dataset/skeleton_final_v2/ok/ok_Set2_ (449).npy,./batch_ok/fitted/ok_Set2_ (449).npy
ok,ok,ok_Set2_ (385),train,./dataset/skeleton_final_v2/ok/ok_Set2_ (385).npy,./batch_ok/fitted/ok_Set2_ (385).npy
paper,paper,paper_4603,train,./dataset/skeleton_final_v2/paper/paper_4603.npy,./batch_paper/fitted/paper_4603.npy
scissors,scissors,scissors_759,train,./dataset/skeleton_final_v2/scissors/scissors_759.npy,./batch_scissors/fitted/scissors_759.npy
paper,paper,paper_714,train,./dataset/skeleton_final_v2/paper/paper_714.npy,./batch_paper/fitted/paper_714.npy
thumb,thumbdown,thumbdown_5298,train,./dataset/skeleton_final_v2/thumbdown/thumbdown_5298.npy,./data/salux_refined_6cls/thumb_sources/thumbdown/fitted/thumbdown_5298.npy
paper,paper,paper-set2 (322),train,./dataset/skeleton_final_v2/paper/paper-set2 (322).npy,./batch_paper/fitted/paper-set2 (322).npy
thumb,thumbup,thumbup (485),train,./dataset/skeleton_final_v2/thumbup/thumbup (485).npy,./data/salux_refined_6cls/thumb_sources/thumbup/fitted/thumbup (485).npy
thumb,thumbup,thumbup_7204,train,./dataset/skeleton_final_v2/thumbup/thumbup_7204.npy,./data/salux_refined_6cls/thumb_sources/thumbup/fitted/thumbup_7204.npy
the-finger,the-finger,the-finger-set2 (394),train,./dataset/skeleton_final_v2/the-finger/the-finger-set2 (394).npy,./batch_thefinger/fitted/the-finger-set2 (394).npy
the-finger,the-finger,the-finger-set2 (349),train,./dataset/skeleton_final_v2/the-finger/the-finger-set2 (349).npy,./batch_thefinger/fitted/the-finger-set2 (349).npy
ok,ok,ok (248),train,./dataset/skeleton_final_v2/ok/ok (248).npy,./batch_ok/fitted/ok (248).npy
rock,rock,rock-set2 (308),train,./dataset/skeleton_final_v2/rock/rock-set2 (308).npy,./batch_rock/fitted/rock-set2 (308).npy
ok,ok,ok_Set2_ (330),train,./dataset/skeleton_final_v2/ok/ok_Set2_ (330).npy,./batch_ok/fitted/ok_Set2_ (330).npy
thumb,thumbup,hand-11-2315,train,./dataset/skeleton_final_v2/thumbup/hand-11-2315.npy,./data/salux_refined_6cls/thumb_sources/thumbup/fitted/hand-11-2315.npy
scissors,scissors,scissors-set2 (394),train,./dataset/skeleton_final_v2/scissors/scissors-set2 (394).npy,./batch_scissors/fitted/scissors-set2 (394).npy
paper,paper,paper-set2 (112),train,./dataset/skeleton_final_v2/paper/paper-set2 (112).npy,./batch_paper/fitted/paper-set2 (112).npy
the-finger,the-finger,the-finger (136),train,./dataset/skeleton_final_v2/the-finger/the-finger (136).npy,./batch_thefinger/fitted/the-finger (136).npy
scissors,scissors,scissors_6377,train,./dataset/skeleton_final_v2/scissors/scissors_6377.npy,./batch_scissors/fitted/scissors_6377.npy
thumb,thumbup,thumbup_7197,train,./dataset/skeleton_final_v2/thumbup/thumbup_7197.npy,./data/salux_refined_6cls/thumb_sources/thumbup/fitted/thumbup_7197.npy
scissors,scissors,scissors_6740,train,./dataset/skeleton_final_v2/scissors/scissors_6740.npy,./batch_scissors/fitted/scissors_6740.npy
thumb,thumbup,thumbup (96),train,./dataset/skeleton_final_v2/thumbup/thumbup (96).npy,./data/salux_refined_6cls/thumb_sources/thumbup/fitted/thumbup (96).npy
thumb,thumbup,thumbup_7058,train,./dataset/skeleton_final_v2/thumbup/thumbup_7058.npy,./data/salux_refined_6cls/thumb_sources/thumbup/fitted/thumbup_7058.npy
scissors,scissors,scissors_1081,train,./dataset/skeleton_final_v2/scissors/scissors_1081.npy,./batch_scissors/fitted/scissors_1081.npy
scissors,scissors,scissors (117),train,./dataset/skeleton_final_v2/scissors/scissors (117).npy,./batch_scissors/fitted/scissors (117).npy
ok,ok,ok_5772,train,./dataset/skeleton_final_v2/ok/ok_5772.npy,./batch_ok/fitted/ok_5772.npy
the-finger,the-finger,the-finger_7478,train,./dataset/skeleton_final_v2/the-finger/the-finger_7478.npy,./batch_thefinger/fitted/the-finger_7478.npy
paper,paper,paper-set2 (488),train,./dataset/skeleton_final_v2/paper/paper-set2 (488).npy,./batch_paper/fitted/paper-set2 (488).npy
thumb,thumbdown,thumbdown (327),train,./dataset/skeleton_final_v2/thumbdown/thumbdown (327).npy,./data/salux_refined_6cls/thumb_sources/thumbdown/fitted/thumbdown (327).npy
the-finger,the-finger,the-finger_2264,train,./dataset/skeleton_final_v2/the-finger/the-finger_2264.npy,./batch_thefinger/fitted/the-finger_2264.npy
the-finger,the-finger,the-finger-set2 (419),train,./dataset/skeleton_final_v2/the-finger/the-finger-set2 (419).npy,./batch_thefinger/fitted/the-finger-set2 (419).npy
the-finger,the-finger,the-finger_8288,train,./dataset/skeleton_final_v2/the-finger/the-finger_8288.npy,./batch_thefinger/fitted/the-finger_8288.npy
paper,paper,paper_5453,train,./dataset/skeleton_final_v2/paper/paper_5453.npy,./batch_paper/fitted/paper_5453.npy
scissors,scissors,scissors-set2 (745),train,./dataset/skeleton_final_v2/scissors/scissors-set2 (745).npy,./batch_scissors/fitted/scissors-set2 (745).npy
thumb,thumbdown,thumbdown_7451,train,./dataset/skeleton_final_v2/thumbdown/thumbdown_7451.npy,./data/salux_refined_6cls/thumb_sources/thumbdown/fitted/thumbdown_7451.npy
scissors,scissors,scissors (497),train,./dataset/skeleton_final_v2/scissors/scissors (497).npy,./batch_scissors/fitted/scissors (497).npy
thumb,thumbdown,hand-11-800,train,./dataset/skeleton_final_v2/thumbdown/hand-11-800.npy,./data/salux_refined_6cls/thumb_sources/thumbdown/fitted/hand-11-800.npy
scissors,scissors,scissors_5740,train,./dataset/skeleton_final_v2/scissors/scissors_5740.npy,./batch_scissors/fitted/scissors_5740.npy
scissors,scissors,scissors-set2 (645),train,./dataset/skeleton_final_v2/scissors/scissors-set2 (645).npy,./batch_scissors/fitted/scissors-set2 (645).npy
ok,ok,ok_2753,train,./dataset/skeleton_final_v2/ok/ok_2753.npy,./batch_ok/fitted/ok_2753.npy
thumb,thumbdown,thumbdown_6812,train,./dataset/skeleton_final_v2/thumbdown/thumbdown_6812.npy,./data/salux_refined_6cls/thumb_sources/thumbdown/fitted/thumbdown_6812.npy
paper,paper,paper_9126,train,./dataset/skeleton_final_v2/paper/paper_9126.npy,./batch_paper/fitted/paper_9126.npy
the-finger,the-finger,the-finger_7824,train,./dataset/skeleton_final_v2/the-finger/the-finger_7824.npy,./batch_thefinger/fitted/the-finger_7824.npy
paper,paper,paper-set2 (261),train,./dataset/skeleton_final_v2/paper/paper-set2 (261).npy,./batch_paper/fitted/paper-set2 (261).npy
thumb,thumbdown,thumbdown (189),train,./dataset/skeleton_final_v2/thumbdown/thumbdown (189).npy,./data/salux_refined_6cls/thumb_sources/thumbdown/fitted/thumbdown (189).npy
the-finger,the-finger,the-finger-set2 (412),train,./dataset/skeleton_final_v2/the-finger/the-finger-set2 (412).npy,./batch_thefinger/fitted/the-finger-set2 (412).npy
thumb,thumbdown,hand-10-2225,train,./dataset/skeleton_final_v2/thumbdown/hand-10-2225.npy,./data/salux_refined_6cls/thumb_sources/thumbdown/fitted/hand-10-2225.npy
thumb,thumbup,thumbup (425),train,./dataset/skeleton_final_v2/thumbup/thumbup (425).npy,./data/salux_refined_6cls/thumb_sources/thumbup/fitted/thumbup (425).npy
ok,ok,ok_4112,train,./dataset/skeleton_final_v2/ok/ok_4112.npy,./batch_ok/fitted/ok_4112.npy
thumb,thumbdown,thumbdown_7437,train,./dataset/skeleton_final_v2/thumbdown/thumbdown_7437.npy,./data/salux_refined_6cls/thumb_sources/thumbdown/fitted/thumbdown_7437.npy
the-finger,the-finger,the-finger (19),train,./dataset/skeleton_final_v2/the-finger/the-finger (19).npy,./batch_thefinger/fitted/the-finger (19).npy
scissors,scissors,scissors-set2 (252),train,./dataset/skeleton_final_v2/scissors/scissors-set2 (252).npy,./batch_scissors/fitted/scissors-set2 (252).npy
scissors,scissors,scissors (105),train,./dataset/skeleton_final_v2/scissors/scissors (105).npy,./batch_scissors/fitted/scissors (105).npy
rock,rock,rock (257),train,./dataset/skeleton_final_v2/rock/rock (257).npy,./batch_rock/fitted/rock (257).npy
scissors,scissors,scissors (164),train,./dataset/skeleton_final_v2/scissors/scissors (164).npy,./batch_scissors/fitted/scissors (164).npy
the-finger,the-finger,the-finger-set2 (72),train,./dataset/skeleton_final_v2/the-finger/the-finger-set2 (72).npy,./batch_thefinger/fitted/the-finger-set2 (72).npy
scissors,scissors,scissors-set2 (389),train,./dataset/skeleton_final_v2/scissors/scissors-set2 (389).npy,./batch_scissors/fitted/scissors-set2 (389).npy
scissors,scissors,scissors (249),train,./dataset/skeleton_final_v2/scissors/scissors (249).npy,./batch_scissors/fitted/scissors (249).npy
paper,paper,paper-set2 (91),train,./dataset/skeleton_final_v2/paper/paper-set2 (91).npy,./batch_paper/fitted/paper-set2 (91).npy
paper,paper,paper-set2 (164),train,./dataset/skeleton_final_v2/paper/paper-set2 (164).npy,./batch_paper/fitted/paper-set2 (164).npy
thumb,thumbup,thumbup_2083,train,./dataset/skeleton_final_v2/thumbup/thumbup_2083.npy,./data/salux_refined_6cls/thumb_sources/thumbup/fitted/thumbup_2083.npy
paper,paper,paper_7323,train,./dataset/skeleton_final_v2/paper/paper_7323.npy,./batch_paper/fitted/paper_7323.npy
paper,paper,paper-set2 (411),train,./dataset/skeleton_final_v2/paper/paper-set2 (411).npy,./batch_paper/fitted/paper-set2 (411).npy
the-finger,the-finger,the-finger-set2 (291),train,./dataset/skeleton_final_v2/the-finger/the-finger-set2 (291).npy,./batch_thefinger/fitted/the-finger-set2 (291).npy
the-finger,the-finger,the-finger_3521,train,./dataset/skeleton_final_v2/the-finger/the-finger_3521.npy,./batch_thefinger/fitted/the-finger_3521.npy
paper,paper,paper-set2 (466),train,./dataset/skeleton_final_v2/paper/paper-set2 (466).npy,./batch_paper/fitted/paper-set2 (466).npy
scissors,scissors,scissors_2778,train,./dataset/skeleton_final_v2/scissors/scissors_2778.npy,./batch_scissors/fitted/scissors_2778.npy
ok,ok,ok_Set2_ (423),train,./dataset/skeleton_final_v2/ok/ok_Set2_ (423).npy,./batch_ok/fitted/ok_Set2_ (423).npy
ok,ok,ok (215),train,./dataset/skeleton_final_v2/ok/ok (215).npy,./batch_ok/fitted/ok (215).npy
paper,paper,paper_1470,train,./dataset/skeleton_final_v2/paper/paper_1470.npy,./batch_paper/fitted/paper_1470.npy
thumb,thumbup,hand-8-3420,train,./dataset/skeleton_final_v2/thumbup/hand-8-3420.npy,./data/salux_refined_6cls/thumb_sources/thumbup/fitted/hand-8-3420.npy
thumb,thumbdown,hand-9-2110,train,./dataset/skeleton_final_v2/thumbdown/hand-9-2110.npy,./data/salux_refined_6cls/thumb_sources/thumbdown/fitted/hand-9-2110.npy
thumb,thumbup,thumbup_8958,train,./dataset/skeleton_final_v2/thumbup/thumbup_8958.npy,./data/salux_refined_6cls/thumb_sources/thumbup/fitted/thumbup_8958.npy
ok,ok,ok (169),train,./dataset/skeleton_final_v2/ok/ok (169).npy,./batch_ok/fitted/ok (169).npy
thumb,thumbdown,hand-11-695,train,./dataset/skeleton_final_v2/thumbdown/hand-11-695.npy,./data/salux_refined_6cls/thumb_sources/thumbdown/fitted/hand-11-695.npy
scissors,scissors,scissors_6158,train,./dataset/skeleton_final_v2/scissors/scissors_6158.npy,./batch_scissors/fitted/scissors_6158.npy
paper,paper,paper-set2 (99),train,./dataset/skeleton_final_v2/paper/paper-set2 (99).npy,./batch_paper/fitted/paper-set2 (99).npy
paper,paper,paper (17),train,./dataset/skeleton_final_v2/paper/paper (17).npy,./batch_paper/fitted/paper (17).npy
scissors,scissors,scissors_6153,train,./dataset/skeleton_final_v2/scissors/scissors_6153.npy,./batch_scissors/fitted/scissors_6153.npy
ok,ok,ok_1993,train,./dataset/skeleton_final_v2/ok/ok_1993.npy,./batch_ok/fitted/ok_1993.npy
thumb,thumbdown,thumbdown_4389,train,./dataset/skeleton_final_v2/thumbdown/thumbdown_4389.npy,./data/salux_refined_6cls/thumb_sources/thumbdown/fitted/thumbdown_4389.npy
scissors,scissors,scissors_6543,train,./dataset/skeleton_final_v2/scissors/scissors_6543.npy,./batch_scissors/fitted/scissors_6543.npy
thumb,thumbup,hand-8-3440,train,./dataset/skeleton_final_v2/thumbup/hand-8-3440.npy,./data/salux_refined_6cls/thumb_sources/thumbup/fitted/hand-8-3440.npy
scissors,scissors,scissors_6538,train,./dataset/skeleton_final_v2/scissors/scissors_6538.npy,./batch_scissors/fitted/scissors_6538.npy
thumb,thumbup,thumbup (164),train,./dataset/skeleton_final_v2/thumbup/thumbup (164).npy,./data/salux_refined_6cls/thumb_sources/thumbup/fitted/thumbup (164).npy
thumb,thumbdown,thumbdown_5566,train,./dataset/skeleton_final_v2/thumbdown/thumbdown_5566.npy,./data/salux_refined_6cls/thumb_sources/thumbdown/fitted/thumbdown_5566.npy
rock,rock,rock-set2 (361),train,./dataset/skeleton_final_v2/rock/rock-set2 (361).npy,./batch_rock/fitted/rock-set2 (361).npy
paper,paper,paper_6924,train,./dataset/skeleton_final_v2/paper/paper_6924.npy,./batch_paper/fitted/paper_6924.npy
ok,ok,ok_Set2_ (557),train,./dataset/skeleton_final_v2/ok/ok_Set2_ (557).npy,./batch_ok/fitted/ok_Set2_ (557).npy
the-finger,the-finger,the-finger_5863,train,./dataset/skeleton_final_v2/the-finger/the-finger_5863.npy,./batch_thefinger/fitted/the-finger_5863.npy
scissors,scissors,scissors-set2 (603),train,./dataset/skeleton_final_v2/scissors/scissors-set2 (603).npy,./batch_scissors/fitted/scissors-set2 (603).npy
ok,ok,ok (216),train,./dataset/skeleton_final_v2/ok/ok (216).npy,./batch_ok/fitted/ok (216).npy
scissors,scissors,scissors-set2 (550),train,./dataset/skeleton_final_v2/scissors/scissors-set2 (550).npy,./batch_scissors/fitted/scissors-set2 (550).npy
paper,paper,paper (90),train,./dataset/skeleton_final_v2/paper/paper (90).npy,./batch_paper/fitted/paper (90).npy
ok,ok,ok (5),train,./dataset/skeleton_final_v2/ok/ok (5).npy,./batch_ok/fitted/ok (5).npy
the-finger,the-finger,the-finger-set2 (426),train,./dataset/skeleton_final_v2/the-finger/the-finger-set2 (426).npy,./batch_thefinger/fitted/the-finger-set2 (426).npy
ok,ok,ok_1566,train,./dataset/skeleton_final_v2/ok/ok_1566.npy,./batch_ok/fitted/ok_1566.npy
paper,paper,paper_6335,train,./dataset/skeleton_final_v2/paper/paper_6335.npy,./batch_paper/fitted/paper_6335.npy
thumb,thumbup,thumbup (160),train,./dataset/skeleton_final_v2/thumbup/thumbup (160).npy,./data/salux_refined_6cls/thumb_sources/thumbup/fitted/thumbup (160).npy
scissors,scissors,scissors-set2 (548),train,./dataset/skeleton_final_v2/scissors/scissors-set2 (548).npy,./batch_scissors/fitted/scissors-set2 (548).npy
the-finger,the-finger,the-finger_635,train,./dataset/skeleton_final_v2/the-finger/the-finger_635.npy,./batch_thefinger/fitted/the-finger_635.npy
paper,paper,paper-set2 (277),train,./dataset/skeleton_final_v2/paper/paper-set2 (277).npy,./batch_paper/fitted/paper-set2 (277).npy
paper,paper,paper-set2 (196),train,./dataset/skeleton_final_v2/paper/paper-set2 (196).npy,./batch_paper/fitted/paper-set2 (196).npy
thumb,thumbup,thumbup_1684,train,./dataset/skeleton_final_v2/thumbup/thumbup_1684.npy,./data/salux_refined_6cls/thumb_sources/thumbup/fitted/thumbup_1684.npy
thumb,thumbup,thumbup_7046,train,./dataset/skeleton_final_v2/thumbup/thumbup_7046.npy,./data/salux_refined_6cls/thumb_sources/thumbup/fitted/thumbup_7046.npy
paper,paper,paper-set2 (191),train,./dataset/skeleton_final_v2/paper/paper-set2 (191).npy,./batch_paper/fitted/paper-set2 (191).npy
paper,paper,paper-set2 (242),train,./dataset/skeleton_final_v2/paper/paper-set2 (242).npy,./batch_paper/fitted/paper-set2 (242).npy
scissors,scissors,scissors_6949,train,./dataset/skeleton_final_v2/scissors/scissors_6949.npy,./batch_scissors/fitted/scissors_6949.npy
scissors,scissors,scissors (434),train,./dataset/skeleton_final_v2/scissors/scissors (434).npy,./batch_scissors/fitted/scissors (434).npy
ok,ok,ok_Set2_ (138),train,./dataset/skeleton_final_v2/ok/ok_Set2_ (138).npy,./batch_ok/fitted/ok_Set2_ (138).npy
scissors,scissors,scissors_5756,train,./dataset/skeleton_final_v2/scissors/scissors_5756.npy,./batch_scissors/fitted/scissors_5756.npy
thumb,thumbdown,thumbdown (199),train,./dataset/skeleton_final_v2/thumbdown/thumbdown (199).npy,./data/salux_refined_6cls/thumb_sources/thumbdown/fitted/thumbdown (199).npy
the-finger,the-finger,the-finger_8346,train,./dataset/skeleton_final_v2/the-finger/the-finger_8346.npy,./batch_thefinger/fitted/the-finger_8346.npy
the-finger,the-finger,the-finger (65),train,./dataset/skeleton_final_v2/the-finger/the-finger (65).npy,./batch_thefinger/fitted/the-finger (65).npy
scissors,scissors,scissors_1488,train,./dataset/skeleton_final_v2/scissors/scissors_1488.npy,./batch_scissors/fitted/scissors_1488.npy
thumb,thumbdown,thumbdown (288),train,./dataset/skeleton_final_v2/thumbdown/thumbdown (288).npy,./data/salux_refined_6cls/thumb_sources/thumbdown/fitted/thumbdown (288).npy
scissors,scissors,scissors_1486,train,./dataset/skeleton_final_v2/scissors/scissors_1486.npy,./batch_scissors/fitted/scissors_1486.npy
scissors,scissors,scissors-set2 (163),train,./dataset/skeleton_final_v2/scissors/scissors-set2 (163).npy,./batch_scissors/fitted/scissors-set2 (163).npy
scissors,scissors,scissors-set2 (169),train,./dataset/skeleton_final_v2/scissors/scissors-set2 (169).npy,./batch_scissors/fitted/scissors-set2 (169).npy
thumb,thumbdown,thumbdown_6246,train,./dataset/skeleton_final_v2/thumbdown/thumbdown_6246.npy,./data/salux_refined_6cls/thumb_sources/thumbdown/fitted/thumbdown_6246.npy
ok,ok,ok_Set2_ (461),train,./dataset/skeleton_final_v2/ok/ok_Set2_ (461).npy,./batch_ok/fitted/ok_Set2_ (461).npy
the-finger,the-finger,the-finger-set2 (381),train,./dataset/skeleton_final_v2/the-finger/the-finger-set2 (381).npy,./batch_thefinger/fitted/the-finger-set2 (381).npy
paper,paper,paper-set2 (338),train,./dataset/skeleton_final_v2/paper/paper-set2 (338).npy,./batch_paper/fitted/paper-set2 (338).npy
thumb,thumbdown,hand-9-1975,train,./dataset/skeleton_final_v2/thumbdown/hand-9-1975.npy,./data/salux_refined_6cls/thumb_sources/thumbdown/fitted/hand-9-1975.npy
thumb,thumbdown,thumbdown_5830,train,./dataset/skeleton_final_v2/thumbdown/thumbdown_5830.npy,./data/salux_refined_6cls/thumb_sources/thumbdown/fitted/thumbdown_5830.npy
the-finger,the-finger,the-finger_9068,train,./dataset/skeleton_final_v2/the-finger/the-finger_9068.npy,./batch_thefinger/fitted/the-finger_9068.npy
thumb,thumbup,thumbup (19),train,./dataset/skeleton_final_v2/thumbup/thumbup (19).npy,./data/salux_refined_6cls/thumb_sources/thumbup/fitted/thumbup (19).npy
ok,ok,ok_88,train,./dataset/skeleton_final_v2/ok/ok_88.npy,./batch_ok/fitted/ok_88.npy
scissors,scissors,scissors-set2 (647),train,./dataset/skeleton_final_v2/scissors/scissors-set2 (647).npy,./batch_scissors/fitted/scissors-set2 (647).npy
ok,ok,ok_Set2_ (378),train,./dataset/skeleton_final_v2/ok/ok_Set2_ (378).npy,./batch_ok/fitted/ok_Set2_ (378).npy
scissors,scissors,scissors-set2 (642),train,./dataset/skeleton_final_v2/scissors/scissors-set2 (642).npy,./batch_scissors/fitted/scissors-set2 (642).npy
paper,paper,paper_3823,train,./dataset/skeleton_final_v2/paper/paper_3823.npy,./batch_paper/fitted/paper_3823.npy
scissors,scissors,scissors (108),train,./dataset/skeleton_final_v2/scissors/scissors (108).npy,./batch_scissors/fitted/scissors (108).npy
scissors,scissors,scissors-set2 (179),train,./dataset/skeleton_final_v2/scissors/scissors-set2 (179).npy,./batch_scissors/fitted/scissors-set2 (179).npy
scissors,scissors,scissors-set2 (201),train,./dataset/skeleton_final_v2/scissors/scissors-set2 (201).npy,./batch_scissors/fitted/scissors-set2 (201).npy
ok,ok,ok_Set2_ (222),train,./dataset/skeleton_final_v2/ok/ok_Set2_ (222).npy,./batch_ok/fitted/ok_Set2_ (222).npy
scissors,scissors,scissors-set2 (505),train,./dataset/skeleton_final_v2/scissors/scissors-set2 (505).npy,./batch_scissors/fitted/scissors-set2 (505).npy
scissors,scissors,scissors-set2 (281),train,./dataset/skeleton_final_v2/scissors/scissors-set2 (281).npy,./batch_scissors/fitted/scissors-set2 (281).npy
rock,rock,rock-set2 (15),train,./dataset/skeleton_final_v2/rock/rock-set2 (15).npy,./batch_rock/fitted/rock-set2 (15).npy
the-finger,the-finger,the-finger_6475,train,./dataset/skeleton_final_v2/the-finger/the-finger_6475.npy,./batch_thefinger/fitted/the-finger_6475.npy
scissors,scissors,scissors-set2 (211),train,./dataset/skeleton_final_v2/scissors/scissors-set2 (211).npy,./batch_scissors/fitted/scissors-set2 (211).npy
ok,ok,ok (40),train,./dataset/skeleton_final_v2/ok/ok (40).npy,./batch_ok/fitted/ok (40).npy
rock,rock,rock_683,train,./dataset/skeleton_final_v2/rock/rock_683.npy,./batch_rock/fitted/rock_683.npy
scissors,scissors,scissors (345),train,./dataset/skeleton_final_v2/scissors/scissors (345).npy,./batch_scissors/fitted/scissors (345).npy
ok,ok,ok_Set2_ (170),train,./dataset/skeleton_final_v2/ok/ok_Set2_ (170).npy,./batch_ok/fitted/ok_Set2_ (170).npy
thumb,thumbup,thumbup_6000,train,./dataset/skeleton_final_v2/thumbup/thumbup_6000.npy,./data/salux_refined_6cls/thumb_sources/thumbup/fitted/thumbup_6000.npy
thumb,thumbdown,thumbdown_4470,train,./dataset/skeleton_final_v2/thumbdown/thumbdown_4470.npy,./data/salux_refined_6cls/thumb_sources/thumbdown/fitted/thumbdown_4470.npy
scissors,scissors,scissors-set2 (353),train,./dataset/skeleton_final_v2/scissors/scissors-set2 (353).npy,./batch_scissors/fitted/scissors-set2 (353).npy
paper,paper,paper-set2 (117),train,./dataset/skeleton_final_v2/paper/paper-set2 (117).npy,./batch_paper/fitted/paper-set2 (117).npy
the-finger,the-finger,the-finger (21),train,./dataset/skeleton_final_v2/the-finger/the-finger (21).npy,./batch_thefinger/fitted/the-finger (21).npy
paper,paper,paper_5715,train,./dataset/skeleton_final_v2/paper/paper_5715.npy,./batch_paper/fitted/paper_5715.npy
scissors,scissors,scissors-set2 (703),train,./dataset/skeleton_final_v2/scissors/scissors-set2 (703).npy,./batch_scissors/fitted/scissors-set2 (703).npy
scissors,scissors,scissors-set2 (741),train,./dataset/skeleton_final_v2/scissors/scissors-set2 (741).npy,./batch_scissors/fitted/scissors-set2 (741).npy
ok,ok,ok_3957,train,./dataset/skeleton_final_v2/ok/ok_3957.npy,./batch_ok/fitted/ok_3957.npy
ok,ok,ok_1129,train,./dataset/skeleton_final_v2/ok/ok_1129.npy,./batch_ok/fitted/ok_1129.npy
thumb,thumbup,thumbup (207),train,./dataset/skeleton_final_v2/thumbup/thumbup (207).npy,./data/salux_refined_6cls/thumb_sources/thumbup/fitted/thumbup (207).npy
scissors,scissors,scissors-set2 (624),train,./dataset/skeleton_final_v2/scissors/scissors-set2 (624).npy,./batch_scissors/fitted/scissors-set2 (624).npy
rock,rock,rock-set2 (313),train,./dataset/skeleton_final_v2/rock/rock-set2 (313).npy,./batch_rock/fitted/rock-set2 (313).npy
rock,rock,rock_16,train,./dataset/skeleton_final_v2/rock/rock_16.npy,./batch_rock/fitted/rock_16.npy
thumb,thumbdown,thumbdown (33),train,./dataset/skeleton_final_v2/thumbdown/thumbdown (33).npy,./data/salux_refined_6cls/thumb_sources/thumbdown/fitted/thumbdown (33).npy
rock,rock,rock-set2 (352),train,./dataset/skeleton_final_v2/rock/rock-set2 (352).npy,./batch_rock/fitted/rock-set2 (352).npy
thumb,thumbup,thumbup (135),train,./dataset/skeleton_final_v2/thumbup/thumbup (135).npy,./data/salux_refined_6cls/thumb_sources/thumbup/fitted/thumbup (135).npy
the-finger,the-finger,the-finger_5647,train,./dataset/skeleton_final_v2/the-finger/the-finger_5647.npy,./batch_thefinger/fitted/the-finger_5647.npy
thumb,thumbdown,thumbdown_7247,train,./dataset/skeleton_final_v2/thumbdown/thumbdown_7247.npy,./data/salux_refined_6cls/thumb_sources/thumbdown/fitted/thumbdown_7247.npy
thumb,thumbup,thumbup (25),train,./dataset/skeleton_final_v2/thumbup/thumbup (25).npy,./data/salux_refined_6cls/thumb_sources/thumbup/fitted/thumbup (25).npy
thumb,thumbup,thumbup (121),train,./dataset/skeleton_final_v2/thumbup/thumbup (121).npy,./data/salux_refined_6cls/thumb_sources/thumbup/fitted/thumbup (121).npy
scissors,scissors,scissors-set2 (743),train,./dataset/skeleton_final_v2/scissors/scissors-set2 (743).npy,./batch_scissors/fitted/scissors-set2 (743).npy
scissors,scissors,scissors (11),train,./dataset/skeleton_final_v2/scissors/scissors (11).npy,./batch_scissors/fitted/scissors (11).npy
rock,rock,rock-set2 (51),train,./dataset/skeleton_final_v2/rock/rock-set2 (51).npy,./batch_rock/fitted/rock-set2 (51).npy
thumb,thumbdown,thumbdown (301),train,./dataset/skeleton_final_v2/thumbdown/thumbdown (301).npy,./data/salux_refined_6cls/thumb_sources/thumbdown/fitted/thumbdown (301).npy
paper,paper,paper-set2 (185),train,./dataset/skeleton_final_v2/paper/paper-set2 (185).npy,./batch_paper/fitted/paper-set2 (185).npy
thumb,thumbdown,thumbdown_3301,train,./dataset/skeleton_final_v2/thumbdown/thumbdown_3301.npy,./data/salux_refined_6cls/thumb_sources/thumbdown/fitted/thumbdown_3301.npy
thumb,thumbup,hand-9-1735,train,./dataset/skeleton_final_v2/thumbup/hand-9-1735.npy,./data/salux_refined_6cls/thumb_sources/thumbup/fitted/hand-9-1735.npy
ok,ok,ok_Set2_ (233),train,./dataset/skeleton_final_v2/ok/ok_Set2_ (233).npy,./batch_ok/fitted/ok_Set2_ (233).npy
ok,ok,ok_7005,train,./dataset/skeleton_final_v2/ok/ok_7005.npy,./batch_ok/fitted/ok_7005.npy
paper,paper,paper_8768,train,./dataset/skeleton_final_v2/paper/paper_8768.npy,./batch_paper/fitted/paper_8768.npy
paper,paper,paper-set2 (125),train,./dataset/skeleton_final_v2/paper/paper-set2 (125).npy,./batch_paper/fitted/paper-set2 (125).npy
ok,ok,ok (172),train,./dataset/skeleton_final_v2/ok/ok (172).npy,./batch_ok/fitted/ok (172).npy
the-finger,the-finger,the-finger-set2 (315),train,./dataset/skeleton_final_v2/the-finger/the-finger-set2 (315).npy,./batch_thefinger/fitted/the-finger-set2 (315).npy
thumb,thumbup,hand-7-1270,train,./dataset/skeleton_final_v2/thumbup/hand-7-1270.npy,./data/salux_refined_6cls/thumb_sources/thumbup/fitted/hand-7-1270.npy
paper,paper,paper_366,train,./dataset/skeleton_final_v2/paper/paper_366.npy,./batch_paper/fitted/paper_366.npy
paper,paper,paper_6935,train,./dataset/skeleton_final_v2/paper/paper_6935.npy,./batch_paper/fitted/paper_6935.npy
paper,paper,paper-set2 (244),train,./dataset/skeleton_final_v2/paper/paper-set2 (244).npy,./batch_paper/fitted/paper-set2 (244).npy
ok,ok,ok_7695,train,./dataset/skeleton_final_v2/ok/ok_7695.npy,./batch_ok/fitted/ok_7695.npy
thumb,thumbup,thumbup (221),train,./dataset/skeleton_final_v2/thumbup/thumbup (221).npy,./data/salux_refined_6cls/thumb_sources/thumbup/fitted/thumbup (221).npy
scissors,scissors,scissors (102),train,./dataset/skeleton_final_v2/scissors/scissors (102).npy,./batch_scissors/fitted/scissors (102).npy
scissors,scissors,scissors_7344,train,./dataset/skeleton_final_v2/scissors/scissors_7344.npy,./batch_scissors/fitted/scissors_7344.npy
ok,ok,ok_798,train,./dataset/skeleton_final_v2/ok/ok_798.npy,./batch_ok/fitted/ok_798.npy
thumb,thumbup,thumbup_6214,train,./dataset/skeleton_final_v2/thumbup/thumbup_6214.npy,./data/salux_refined_6cls/thumb_sources/thumbup/fitted/thumbup_6214.npy
paper,paper,paper_6520,train,./dataset/skeleton_final_v2/paper/paper_6520.npy,./batch_paper/fitted/paper_6520.npy
thumb,thumbup,thumbup (62),train,./dataset/skeleton_final_v2/thumbup/thumbup (62).npy,./data/salux_refined_6cls/thumb_sources/thumbup/fitted/thumbup (62).npy
rock,rock,rock (234),train,./dataset/skeleton_final_v2/rock/rock (234).npy,./batch_rock/fitted/rock (234).npy
thumb,thumbdown,thumbdown (254),train,./dataset/skeleton_final_v2/thumbdown/thumbdown (254).npy,./data/salux_refined_6cls/thumb_sources/thumbdown/fitted/thumbdown (254).npy
ok,ok,ok_8848,train,./dataset/skeleton_final_v2/ok/ok_8848.npy,./batch_ok/fitted/ok_8848.npy
thumb,thumbup,thumbup_7712,train,./dataset/skeleton_final_v2/thumbup/thumbup_7712.npy,./data/salux_refined_6cls/thumb_sources/thumbup/fitted/thumbup_7712.npy
rock,rock,rock_338,train,./dataset/skeleton_final_v2/rock/rock_338.npy,./batch_rock/fitted/rock_338.npy
the-finger,the-finger,the-finger (101),train,./dataset/skeleton_final_v2/the-finger/the-finger (101).npy,./batch_thefinger/fitted/the-finger (101).npy
scissors,scissors,scissors-set2 (304),train,./dataset/skeleton_final_v2/scissors/scissors-set2 (304).npy,./batch_scissors/fitted/scissors-set2 (304).npy
scissors,scissors,scissors_7187,train,./dataset/skeleton_final_v2/scissors/scissors_7187.npy,./batch_scissors/fitted/scissors_7187.npy
rock,rock,rock_8366,train,./dataset/skeleton_final_v2/rock/rock_8366.npy,./batch_rock/fitted/rock_8366.npy
paper,paper,paper (285),train,./dataset/skeleton_final_v2/paper/paper (285).npy,./batch_paper/fitted/paper (285).npy
ok,ok,ok_4998,train,./dataset/skeleton_final_v2/ok/ok_4998.npy,./batch_ok/fitted/ok_4998.npy
thumb,thumbdown,thumbdown (313),train,./dataset/skeleton_final_v2/thumbdown/thumbdown (313).npy,./data/salux_refined_6cls/thumb_sources/thumbdown/fitted/thumbdown (313).npy
scissors,scissors,scissors-set2 (714),train,./dataset/skeleton_final_v2/scissors/scissors-set2 (714).npy,./batch_scissors/fitted/scissors-set2 (714).npy
the-finger,the-finger,the-finger_8274,train,./dataset/skeleton_final_v2/the-finger/the-finger_8274.npy,./batch_thefinger/fitted/the-finger_8274.npy
paper,paper,paper (50),train,./dataset/skeleton_final_v2/paper/paper (50).npy,./batch_paper/fitted/paper (50).npy
scissors,scissors,scissors-set2 (342),train,./dataset/skeleton_final_v2/scissors/scissors-set2 (342).npy,./batch_scissors/fitted/scissors-set2 (342).npy
paper,paper,paper-set2 (249),train,./dataset/skeleton_final_v2/paper/paper-set2 (249).npy,./batch_paper/fitted/paper-set2 (249).npy
thumb,thumbup,thumbup (456),train,./dataset/skeleton_final_v2/thumbup/thumbup (456).npy,./data/salux_refined_6cls/thumb_sources/thumbup/fitted/thumbup (456).npy
scissors,scissors,scissors (303),train,./dataset/skeleton_final_v2/scissors/scissors (303).npy,./batch_scissors/fitted/scissors (303).npy
scissors,scissors,scissors_6152,train,./dataset/skeleton_final_v2/scissors/scissors_6152.npy,./batch_scissors/fitted/scissors_6152.npy
thumb,thumbdown,thumbdown (40),train,./dataset/skeleton_final_v2/thumbdown/thumbdown (40).npy,./data/salux_refined_6cls/thumb_sources/thumbdown/fitted/thumbdown (40).npy
thumb,thumbup,hand-11-2120,train,./dataset/skeleton_final_v2/thumbup/hand-11-2120.npy,./data/salux_refined_6cls/thumb_sources/thumbup/fitted/hand-11-2120.npy
paper,paper,paper (191),train,./dataset/skeleton_final_v2/paper/paper (191).npy,./batch_paper/fitted/paper (191).npy
rock,rock,rock-set2 (276),train,./dataset/skeleton_final_v2/rock/rock-set2 (276).npy,./batch_rock/fitted/rock-set2 (276).npy
scissors,scissors,scissors_5481,train,./dataset/skeleton_final_v2/scissors/scissors_5481.npy,./batch_scissors/fitted/scissors_5481.npy
paper,paper,paper_7317,train,./dataset/skeleton_final_v2/paper/paper_7317.npy,./batch_paper/fitted/paper_7317.npy
scissors,scissors,scissors-set2 (332),train,./dataset/skeleton_final_v2/scissors/scissors-set2 (332).npy,./batch_scissors/fitted/scissors-set2 (332).npy
paper,paper,paper-set2 (98),train,./dataset/skeleton_final_v2/paper/paper-set2 (98).npy,./batch_paper/fitted/paper-set2 (98).npy
rock,rock,rock-set2 (205),train,./dataset/skeleton_final_v2/rock/rock-set2 (205).npy,./batch_rock/fitted/rock-set2 (205).npy
thumb,thumbup,hand-10-0,train,./dataset/skeleton_final_v2/thumbup/hand-10-0.npy,./data/salux_refined_6cls/thumb_sources/thumbup/fitted/hand-10-0.npy
paper,paper,paper-set2 (381),train,./dataset/skeleton_final_v2/paper/paper-set2 (381).npy,./batch_paper/fitted/paper-set2 (381).npy
the-finger,the-finger,the-finger_7259,train,./dataset/skeleton_final_v2/the-finger/the-finger_7259.npy,./batch_thefinger/fitted/the-finger_7259.npy
rock,rock,rock_8402,train,./dataset/skeleton_final_v2/rock/rock_8402.npy,./batch_rock/fitted/rock_8402.npy
paper,paper,paper-set2 (95),train,./dataset/skeleton_final_v2/paper/paper-set2 (95).npy,./batch_paper/fitted/paper-set2 (95).npy
thumb,thumbdown,thumbdown_557,train,./dataset/skeleton_final_v2/thumbdown/thumbdown_557.npy,./data/salux_refined_6cls/thumb_sources/thumbdown/fitted/thumbdown_557.npy
rock,rock,rock (27),train,./dataset/skeleton_final_v2/rock/rock (27).npy,./batch_rock/fitted/rock (27).npy
ok,ok,ok_Set2_ (49),train,./dataset/skeleton_final_v2/ok/ok_Set2_ (49).npy,./batch_ok/fitted/ok_Set2_ (49).npy
scissors,scissors,scissors_7172,train,./dataset/skeleton_final_v2/scissors/scissors_7172.npy,./batch_scissors/fitted/scissors_7172.npy
scissors,scissors,scissors-set2 (22),train,./dataset/skeleton_final_v2/scissors/scissors-set2 (22).npy,./batch_scissors/fitted/scissors-set2 (22).npy
thumb,thumbdown,hand-9-2045,train,./dataset/skeleton_final_v2/thumbdown/hand-9-2045.npy,./data/salux_refined_6cls/thumb_sources/thumbdown/fitted/hand-9-2045.npy
the-finger,the-finger,the-finger_7828,train,./dataset/skeleton_final_v2/the-finger/the-finger_7828.npy,./batch_thefinger/fitted/the-finger_7828.npy
thumb,thumbdown,hand-9-2000,train,./dataset/skeleton_final_v2/thumbdown/hand-9-2000.npy,./data/salux_refined_6cls/thumb_sources/thumbdown/fitted/hand-9-2000.npy
paper,paper,paper_3800,train,./dataset/skeleton_final_v2/paper/paper_3800.npy,./batch_paper/fitted/paper_3800.npy
scissors,scissors,scissors (263),train,./dataset/skeleton_final_v2/scissors/scissors (263).npy,./batch_scissors/fitted/scissors (263).npy
thumb,thumbup,thumbup (111),train,./dataset/skeleton_final_v2/thumbup/thumbup (111).npy,./data/salux_refined_6cls/thumb_sources/thumbup/fitted/thumbup (111).npy
paper,paper,paper_5723,train,./dataset/skeleton_final_v2/paper/paper_5723.npy,./batch_paper/fitted/paper_5723.npy
paper,paper,paper-set2 (8),train,./dataset/skeleton_final_v2/paper/paper-set2 (8).npy,./batch_paper/fitted/paper-set2 (8).npy
scissors,scissors,scissors_7649,train,./dataset/skeleton_final_v2/scissors/scissors_7649.npy,./batch_scissors/fitted/scissors_7649.npy
thumb,thumbdown,thumbdown_6808,train,./dataset/skeleton_final_v2/thumbdown/thumbdown_6808.npy,./data/salux_refined_6cls/thumb_sources/thumbdown/fitted/thumbdown_6808.npy
the-finger,the-finger,the-finger_6865,train,./dataset/skeleton_final_v2/the-finger/the-finger_6865.npy,./batch_thefinger/fitted/the-finger_6865.npy
scissors,scissors,scissors-set2 (726),train,./dataset/skeleton_final_v2/scissors/scissors-set2 (726).npy,./batch_scissors/fitted/scissors-set2 (726).npy
scissors,scissors,scissors_8444,train,./dataset/skeleton_final_v2/scissors/scissors_8444.npy,./batch_scissors/fitted/scissors_8444.npy
thumb,thumbup,thumbup_5791,train,./dataset/skeleton_final_v2/thumbup/thumbup_5791.npy,./data/salux_refined_6cls/thumb_sources/thumbup/fitted/thumbup_5791.npy
thumb,thumbup,thumbup (235),train,./dataset/skeleton_final_v2/thumbup/thumbup (235).npy,./data/salux_refined_6cls/thumb_sources/thumbup/fitted/thumbup (235).npy
thumb,thumbdown,thumbdown_7471,train,./dataset/skeleton_final_v2/thumbdown/thumbdown_7471.npy,./data/salux_refined_6cls/thumb_sources/thumbdown/fitted/thumbdown_7471.npy
paper,paper,paper_6333,train,./dataset/skeleton_final_v2/paper/paper_6333.npy,./batch_paper/fitted/paper_6333.npy
scissors,scissors,scissors_420,train,./dataset/skeleton_final_v2/scissors/scissors_420.npy,./batch_scissors/fitted/scissors_420.npy
thumb,thumbup,thumbup_6204,train,./dataset/skeleton_final_v2/thumbup/thumbup_6204.npy,./data/salux_refined_6cls/thumb_sources/thumbup/fitted/thumbup_6204.npy
the-finger,the-finger,the-finger_7489,train,./dataset/skeleton_final_v2/the-finger/the-finger_7489.npy,./batch_thefinger/fitted/the-finger_7489.npy
scissors,scissors,scissors-set2 (704),train,./dataset/skeleton_final_v2/scissors/scissors-set2 (704).npy,./batch_scissors/fitted/scissors-set2 (704).npy
ok,ok,ok_Set2_ (118),train,./dataset/skeleton_final_v2/ok/ok_Set2_ (118).npy,./batch_ok/fitted/ok_Set2_ (118).npy
paper,paper,paper (271),train,./dataset/skeleton_final_v2/paper/paper (271).npy,./batch_paper/fitted/paper (271).npy
scissors,scissors,scissors-set2 (90),train,./dataset/skeleton_final_v2/scissors/scissors-set2 (90).npy,./batch_scissors/fitted/scissors-set2 (90).npy
scissors,scissors,scissors_4635,train,./dataset/skeleton_final_v2/scissors/scissors_4635.npy,./batch_scissors/fitted/scissors_4635.npy
scissors,scissors,scissors (51),train,./dataset/skeleton_final_v2/scissors/scissors (51).npy,./batch_scissors/fitted/scissors (51).npy
scissors,scissors,scissors (378),train,./dataset/skeleton_final_v2/scissors/scissors (378).npy,./batch_scissors/fitted/scissors (378).npy
thumb,thumbdown,hand-10-2645,train,./dataset/skeleton_final_v2/thumbdown/hand-10-2645.npy,./data/salux_refined_6cls/thumb_sources/thumbdown/fitted/hand-10-2645.npy
thumb,thumbup,thumbup_7200,train,./dataset/skeleton_final_v2/thumbup/thumbup_7200.npy,./data/salux_refined_6cls/thumb_sources/thumbup/fitted/thumbup_7200.npy
the-finger,the-finger,the-finger-set2 (407),train,./dataset/skeleton_final_v2/the-finger/the-finger-set2 (407).npy,./batch_thefinger/fitted/the-finger-set2 (407).npy
ok,ok,ok_Set2_ (476),train,./dataset/skeleton_final_v2/ok/ok_Set2_ (476).npy,./batch_ok/fitted/ok_Set2_ (476).npy
the-finger,the-finger,the-finger-set2 (236),train,./dataset/skeleton_final_v2/the-finger/the-finger-set2 (236).npy,./batch_thefinger/fitted/the-finger-set2 (236).npy
thumb,thumbup,thumbup (446),train,./dataset/skeleton_final_v2/thumbup/thumbup (446).npy,./data/salux_refined_6cls/thumb_sources/thumbup/fitted/thumbup (446).npy
thumb,thumbup,hand-11-2180,train,./dataset/skeleton_final_v2/thumbup/hand-11-2180.npy,./data/salux_refined_6cls/thumb_sources/thumbup/fitted/hand-11-2180.npy
ok,ok,ok_Set2_ (240),train,./dataset/skeleton_final_v2/ok/ok_Set2_ (240).npy,./batch_ok/fitted/ok_Set2_ (240).npy
ok,ok,ok_Set2_ (180),train,./dataset/skeleton_final_v2/ok/ok_Set2_ (180).npy,./batch_ok/fitted/ok_Set2_ (180).npy
thumb,thumbup,thumbup (222),train,./dataset/skeleton_final_v2/thumbup/thumbup (222).npy,./data/salux_refined_6cls/thumb_sources/thumbup/fitted/thumbup (222).npy
ok,ok,ok_7389,train,./dataset/skeleton_final_v2/ok/ok_7389.npy,./batch_ok/fitted/ok_7389.npy
ok,ok,ok_Set2_ (551),train,./dataset/skeleton_final_v2/ok/ok_Set2_ (551).npy,./batch_ok/fitted/ok_Set2_ (551).npy
scissors,scissors,scissors_446,train,./dataset/skeleton_final_v2/scissors/scissors_446.npy,./batch_scissors/fitted/scissors_446.npy
scissors,scissors,scissors_7637,train,./dataset/skeleton_final_v2/scissors/scissors_7637.npy,./batch_scissors/fitted/scissors_7637.npy
ok,ok,ok_1189,train,./dataset/skeleton_final_v2/ok/ok_1189.npy,./batch_ok/fitted/ok_1189.npy
the-finger,the-finger,the-finger-set2 (357),train,./dataset/skeleton_final_v2/the-finger/the-finger-set2 (357).npy,./batch_thefinger/fitted/the-finger-set2 (357).npy
ok,ok,ok_Set2_ (420),train,./dataset/skeleton_final_v2/ok/ok_Set2_ (420).npy,./batch_ok/fitted/ok_Set2_ (420).npy
thumb,thumbup,hand-9-1670,train,./dataset/skeleton_final_v2/thumbup/hand-9-1670.npy,./data/salux_refined_6cls/thumb_sources/thumbup/fitted/hand-9-1670.npy
the-finger,the-finger,the-finger-set2 (362),train,./dataset/skeleton_final_v2/the-finger/the-finger-set2 (362).npy,./batch_thefinger/fitted/the-finger-set2 (362).npy
thumb,thumbdown,thumbdown (304),train,./dataset/skeleton_final_v2/thumbdown/thumbdown (304).npy,./data/salux_refined_6cls/thumb_sources/thumbdown/fitted/thumbdown (304).npy
paper,paper,paper (156),train,./dataset/skeleton_final_v2/paper/paper (156).npy,./batch_paper/fitted/paper (156).npy
ok,ok,ok_5253,train,./dataset/skeleton_final_v2/ok/ok_5253.npy,./batch_ok/fitted/ok_5253.npy
thumb,thumbdown,thumbdown_6816,train,./dataset/skeleton_final_v2/thumbdown/thumbdown_6816.npy,./data/salux_refined_6cls/thumb_sources/thumbdown/fitted/thumbdown_6816.npy
the-finger,the-finger,the-finger_594,train,./dataset/skeleton_final_v2/the-finger/the-finger_594.npy,./batch_thefinger/fitted/the-finger_594.npy
paper,paper,paper-set2 (155),train,./dataset/skeleton_final_v2/paper/paper-set2 (155).npy,./batch_paper/fitted/paper-set2 (155).npy
paper,paper,paper_2508,train,./dataset/skeleton_final_v2/paper/paper_2508.npy,./batch_paper/fitted/paper_2508.npy
thumb,thumbdown,thumbdown_6842,train,./dataset/skeleton_final_v2/thumbdown/thumbdown_6842.npy,./data/salux_refined_6cls/thumb_sources/thumbdown/fitted/thumbdown_6842.npy
scissors,scissors,scissors-set2 (486),train,./dataset/skeleton_final_v2/scissors/scissors-set2 (486).npy,./batch_scissors/fitted/scissors-set2 (486).npy
scissors,scissors,scissors_6159,train,./dataset/skeleton_final_v2/scissors/scissors_6159.npy,./batch_scissors/fitted/scissors_6159.npy
paper,paper,paper-set2 (409),train,./dataset/skeleton_final_v2/paper/paper-set2 (409).npy,./batch_paper/fitted/paper-set2 (409).npy
ok,ok,ok_Set2_ (292),train,./dataset/skeleton_final_v2/ok/ok_Set2_ (292).npy,./batch_ok/fitted/ok_Set2_ (292).npy
paper,paper,paper-set2 (312),train,./dataset/skeleton_final_v2/paper/paper-set2 (312).npy,./batch_paper/fitted/paper-set2 (312).npy
thumb,thumbup,hand-10-1985,train,./dataset/skeleton_final_v2/thumbup/hand-10-1985.npy,./data/salux_refined_6cls/thumb_sources/thumbup/fitted/hand-10-1985.npy
thumb,thumbup,thumbup_9280,train,./dataset/skeleton_final_v2/thumbup/thumbup_9280.npy,./data/salux_refined_6cls/thumb_sources/thumbup/fitted/thumbup_9280.npy
scissors,scissors,scissors-set2 (522),train,./dataset/skeleton_final_v2/scissors/scissors-set2 (522).npy,./batch_scissors/fitted/scissors-set2 (522).npy
rock,rock,rock-set2 (172),train,./dataset/skeleton_final_v2/rock/rock-set2 (172).npy,./batch_rock/fitted/rock-set2 (172).npy
paper,paper,paper_6713,train,./dataset/skeleton_final_v2/paper/paper_6713.npy,./batch_paper/fitted/paper_6713.npy
ok,ok,ok_Set2_ (386),train,./dataset/skeleton_final_v2/ok/ok_Set2_ (386).npy,./batch_ok/fitted/ok_Set2_ (386).npy
ok,ok,ok_6986,train,./dataset/skeleton_final_v2/ok/ok_6986.npy,./batch_ok/fitted/ok_6986.npy
the-finger,the-finger,the-finger-set2 (416),train,./dataset/skeleton_final_v2/the-finger/the-finger-set2 (416).npy,./batch_thefinger/fitted/the-finger-set2 (416).npy
thumb,thumbup,thumbup_135,train,./dataset/skeleton_final_v2/thumbup/thumbup_135.npy,./data/salux_refined_6cls/thumb_sources/thumbup/fitted/thumbup_135.npy
scissors,scissors,scissors (411),train,./dataset/skeleton_final_v2/scissors/scissors (411).npy,./batch_scissors/fitted/scissors (411).npy
the-finger,the-finger,the-finger-set2 (398),train,./dataset/skeleton_final_v2/the-finger/the-finger-set2 (398).npy,./batch_thefinger/fitted/the-finger-set2 (398).npy
thumb,thumbup,thumbup (123),train,./dataset/skeleton_final_v2/thumbup/thumbup (123).npy,./data/salux_refined_6cls/thumb_sources/thumbup/fitted/thumbup (123).npy
the-finger,the-finger,the-finger-set2 (17),train,./dataset/skeleton_final_v2/the-finger/the-finger-set2 (17).npy,./batch_thefinger/fitted/the-finger-set2 (17).npy
thumb,thumbup,thumbup (20),train,./dataset/skeleton_final_v2/thumbup/thumbup (20).npy,./data/salux_refined_6cls/thumb_sources/thumbup/fitted/thumbup (20).npy
thumb,thumbdown,thumbdown_5307,train,./dataset/skeleton_final_v2/thumbdown/thumbdown_5307.npy,./data/salux_refined_6cls/thumb_sources/thumbdown/fitted/thumbdown_5307.npy
thumb,thumbdown,thumbdown (295),train,./dataset/skeleton_final_v2/thumbdown/thumbdown (295).npy,./data/salux_refined_6cls/thumb_sources/thumbdown/fitted/thumbdown (295).npy
paper,paper,paper-set2 (51),train,./dataset/skeleton_final_v2/paper/paper-set2 (51).npy,./batch_paper/fitted/paper-set2 (51).npy
thumb,thumbdown,thumbdown (43),train,./dataset/skeleton_final_v2/thumbdown/thumbdown (43).npy,./data/salux_refined_6cls/thumb_sources/thumbdown/fitted/thumbdown (43).npy
the-finger,the-finger,the-finger_8630,train,./dataset/skeleton_final_v2/the-finger/the-finger_8630.npy,./batch_thefinger/fitted/the-finger_8630.npy
thumb,thumbup,thumbup_2139,train,./dataset/skeleton_final_v2/thumbup/thumbup_2139.npy,./data/salux_refined_6cls/thumb_sources/thumbup/fitted/thumbup_2139.npy
rock,rock,rock_681,train,./dataset/skeleton_final_v2/rock/rock_681.npy,./batch_rock/fitted/rock_681.npy
thumb,thumbup,hand-8-3430,train,./dataset/skeleton_final_v2/thumbup/hand-8-3430.npy,./data/salux_refined_6cls/thumb_sources/thumbup/fitted/hand-8-3430.npy
rock,rock,rock_8374,train,./dataset/skeleton_final_v2/rock/rock_8374.npy,./batch_rock/fitted/rock_8374.npy
the-finger,the-finger,the-finger-set2 (25),train,./dataset/skeleton_final_v2/the-finger/the-finger-set2 (25).npy,./batch_thefinger/fitted/the-finger-set2 (25).npy
ok,ok,ok_Set2_ (376),train,./dataset/skeleton_final_v2/ok/ok_Set2_ (376).npy,./batch_ok/fitted/ok_Set2_ (376).npy
scissors,scissors,scissors_47,train,./dataset/skeleton_final_v2/scissors/scissors_47.npy,./batch_scissors/fitted/scissors_47.npy
ok,ok,ok (203),train,./dataset/skeleton_final_v2/ok/ok (203).npy,./batch_ok/fitted/ok (203).npy
ok,ok,ok (63),train,./dataset/skeleton_final_v2/ok/ok (63).npy,./batch_ok/fitted/ok (63).npy
paper,paper,paper (168),train,./dataset/skeleton_final_v2/paper/paper (168).npy,./batch_paper/fitted/paper (168).npy
thumb,thumbdown,thumbdown (180),train,./dataset/skeleton_final_v2/thumbdown/thumbdown (180).npy,./data/salux_refined_6cls/thumb_sources/thumbdown/fitted/thumbdown (180).npy
paper,paper,paper (121),train,./dataset/skeleton_final_v2/paper/paper (121).npy,./batch_paper/fitted/paper (121).npy
paper,paper,paper-set2 (379),train,./dataset/skeleton_final_v2/paper/paper-set2 (379).npy,./batch_paper/fitted/paper-set2 (379).npy
ok,ok,ok_5255,train,./dataset/skeleton_final_v2/ok/ok_5255.npy,./batch_ok/fitted/ok_5255.npy
thumb,thumbdown,thumbdown_4417,train,./dataset/skeleton_final_v2/thumbdown/thumbdown_4417.npy,./data/salux_refined_6cls/thumb_sources/thumbdown/fitted/thumbdown_4417.npy
scissors,scissors,scissors-set2 (464),train,./dataset/skeleton_final_v2/scissors/scissors-set2 (464).npy,./batch_scissors/fitted/scissors-set2 (464).npy
paper,paper,paper-set2 (203),train,./dataset/skeleton_final_v2/paper/paper-set2 (203).npy,./batch_paper/fitted/paper-set2 (203).npy
ok,ok,ok_Set2_ (13),train,./dataset/skeleton_final_v2/ok/ok_Set2_ (13).npy,./batch_ok/fitted/ok_Set2_ (13).npy
thumb,thumbdown,thumbdown_4351,train,./dataset/skeleton_final_v2/thumbdown/thumbdown_4351.npy,./data/salux_refined_6cls/thumb_sources/thumbdown/fitted/thumbdown_4351.npy
paper,paper,paper-set2 (167),train,./dataset/skeleton_final_v2/paper/paper-set2 (167).npy,./batch_paper/fitted/paper-set2 (167).npy
paper,paper,paper_3726,train,./dataset/skeleton_final_v2/paper/paper_3726.npy,./batch_paper/fitted/paper_3726.npy
ok,ok,ok_Set2_ (464),train,./dataset/skeleton_final_v2/ok/ok_Set2_ (464).npy,./batch_ok/fitted/ok_Set2_ (464).npy
scissors,scissors,scissors-set2 (184),train,./dataset/skeleton_final_v2/scissors/scissors-set2 (184).npy,./batch_scissors/fitted/scissors-set2 (184).npy
paper,paper,paper_6524,train,./dataset/skeleton_final_v2/paper/paper_6524.npy,./batch_paper/fitted/paper_6524.npy
rock,rock,rock-set2 (428),train,./dataset/skeleton_final_v2/rock/rock-set2 (428).npy,./batch_rock/fitted/rock-set2 (428).npy
thumb,thumbup,thumbup_1249,train,./dataset/skeleton_final_v2/thumbup/thumbup_1249.npy,./data/salux_refined_6cls/thumb_sources/thumbup/fitted/thumbup_1249.npy
rock,rock,rock_6493,train,./dataset/skeleton_final_v2/rock/rock_6493.npy,./batch_rock/fitted/rock_6493.npy
ok,ok,ok_2911,train,./dataset/skeleton_final_v2/ok/ok_2911.npy,./batch_ok/fitted/ok_2911.npy
ok,ok,ok (159),train,./dataset/skeleton_final_v2/ok/ok (159).npy,./batch_ok/fitted/ok (159).npy
the-finger,the-finger,the-finger_873,train,./dataset/skeleton_final_v2/the-finger/the-finger_873.npy,./batch_thefinger/fitted/the-finger_873.npy
the-finger,the-finger,the-finger_8294,train,./dataset/skeleton_final_v2/the-finger/the-finger_8294.npy,./batch_thefinger/fitted/the-finger_8294.npy
scissors,scissors,scissors-set2 (483),train,./dataset/skeleton_final_v2/scissors/scissors-set2 (483).npy,./batch_scissors/fitted/scissors-set2 (483).npy
scissors,scissors,scissors-set2 (569),train,./dataset/skeleton_final_v2/scissors/scissors-set2 (569).npy,./batch_scissors/fitted/scissors-set2 (569).npy
scissors,scissors,scissors-set2 (276),train,./dataset/skeleton_final_v2/scissors/scissors-set2 (276).npy,./batch_scissors/fitted/scissors-set2 (276).npy
rock,rock,rock_7539,train,./dataset/skeleton_final_v2/rock/rock_7539.npy,./batch_rock/fitted/rock_7539.npy
thumb,thumbup,hand-9-1745,train,./dataset/skeleton_final_v2/thumbup/hand-9-1745.npy,./data/salux_refined_6cls/thumb_sources/thumbup/fitted/hand-9-1745.npy
the-finger,the-finger,the-finger-set2 (360),train,./dataset/skeleton_final_v2/the-finger/the-finger-set2 (360).npy,./batch_thefinger/fitted/the-finger-set2 (360).npy
scissors,scissors,scissors-set2 (515),train,./dataset/skeleton_final_v2/scissors/scissors-set2 (515).npy,./batch_scissors/fitted/scissors-set2 (515).npy
thumb,thumbup,thumbup (254),train,./dataset/skeleton_final_v2/thumbup/thumbup (254).npy,./data/salux_refined_6cls/thumb_sources/thumbup/fitted/thumbup (254).npy
the-finger,the-finger,the-finger_584,train,./dataset/skeleton_final_v2/the-finger/the-finger_584.npy,./batch_thefinger/fitted/the-finger_584.npy
paper,paper,paper_6917,train,./dataset/skeleton_final_v2/paper/paper_6917.npy,./batch_paper/fitted/paper_6917.npy
ok,ok,ok_7385,train,./dataset/skeleton_final_v2/ok/ok_7385.npy,./batch_ok/fitted/ok_7385.npy
scissors,scissors,scissors (140),train,./dataset/skeleton_final_v2/scissors/scissors (140).npy,./batch_scissors/fitted/scissors (140).npy
scissors,scissors,scissors-set2 (369),train,./dataset/skeleton_final_v2/scissors/scissors-set2 (369).npy,./batch_scissors/fitted/scissors-set2 (369).npy
the-finger,the-finger,the-finger_241,train,./dataset/skeleton_final_v2/the-finger/the-finger_241.npy,./batch_thefinger/fitted/the-finger_241.npy
ok,ok,ok_1590,train,./dataset/skeleton_final_v2/ok/ok_1590.npy,./batch_ok/fitted/ok_1590.npy
paper,paper,paper_6112,train,./dataset/skeleton_final_v2/paper/paper_6112.npy,./batch_paper/fitted/paper_6112.npy
ok,ok,ok_Set2_ (561),train,./dataset/skeleton_final_v2/ok/ok_Set2_ (561).npy,./batch_ok/fitted/ok_Set2_ (561).npy
thumb,thumbup,hand-11-520,train,./dataset/skeleton_final_v2/thumbup/hand-11-520.npy,./data/salux_refined_6cls/thumb_sources/thumbup/fitted/hand-11-520.npy
paper,paper,paper_8728,train,./dataset/skeleton_final_v2/paper/paper_8728.npy,./batch_paper/fitted/paper_8728.npy
ok,ok,ok_806,train,./dataset/skeleton_final_v2/ok/ok_806.npy,./batch_ok/fitted/ok_806.npy
thumb,thumbdown,thumbdown (159),train,./dataset/skeleton_final_v2/thumbdown/thumbdown (159).npy,./data/salux_refined_6cls/thumb_sources/thumbdown/fitted/thumbdown (159).npy
the-finger,the-finger,the-finger-set2 (158),train,./dataset/skeleton_final_v2/the-finger/the-finger-set2 (158).npy,./batch_thefinger/fitted/the-finger-set2 (158).npy
paper,paper,paper_7140,train,./dataset/skeleton_final_v2/paper/paper_7140.npy,./batch_paper/fitted/paper_7140.npy
thumb,thumbup,thumbup (37),train,./dataset/skeleton_final_v2/thumbup/thumbup (37).npy,./data/salux_refined_6cls/thumb_sources/thumbup/fitted/thumbup (37).npy
thumb,thumbup,thumbup_9300,train,./dataset/skeleton_final_v2/thumbup/thumbup_9300.npy,./data/salux_refined_6cls/thumb_sources/thumbup/fitted/thumbup_9300.npy
thumb,thumbup,thumbup_7395,train,./dataset/skeleton_final_v2/thumbup/thumbup_7395.npy,./data/salux_refined_6cls/thumb_sources/thumbup/fitted/thumbup_7395.npy
thumb,thumbdown,thumbdown_7443,train,./dataset/skeleton_final_v2/thumbdown/thumbdown_7443.npy,./data/salux_refined_6cls/thumb_sources/thumbdown/fitted/thumbdown_7443.npy
ok,ok,ok_6174,train,./dataset/skeleton_final_v2/ok/ok_6174.npy,./batch_ok/fitted/ok_6174.npy
thumb,thumbdown,thumbdown_5829,train,./dataset/skeleton_final_v2/thumbdown/thumbdown_5829.npy,./data/salux_refined_6cls/thumb_sources/thumbdown/fitted/thumbdown_5829.npy
paper,paper,paper-set2 (108),train,./dataset/skeleton_final_v2/paper/paper-set2 (108).npy,./batch_paper/fitted/paper-set2 (108).npy
ok,ok,ok_Set2_ (197),train,./dataset/skeleton_final_v2/ok/ok_Set2_ (197).npy,./batch_ok/fitted/ok_Set2_ (197).npy
ok,ok,ok_805,train,./dataset/skeleton_final_v2/ok/ok_805.npy,./batch_ok/fitted/ok_805.npy
the-finger,the-finger,the-finger (32),train,./dataset/skeleton_final_v2/the-finger/the-finger (32).npy,./batch_thefinger/fitted/the-finger (32).npy
the-finger,the-finger,the-finger_6867,train,./dataset/skeleton_final_v2/the-finger/the-finger_6867.npy,./batch_thefinger/fitted/the-finger_6867.npy
ok,ok,ok_Set2_ (555),train,./dataset/skeleton_final_v2/ok/ok_Set2_ (555).npy,./batch_ok/fitted/ok_Set2_ (555).npy
the-finger,the-finger,the-finger_6290,train,./dataset/skeleton_final_v2/the-finger/the-finger_6290.npy,./batch_thefinger/fitted/the-finger_6290.npy
thumb,thumbdown,thumbdown_8982,train,./dataset/skeleton_final_v2/thumbdown/thumbdown_8982.npy,./data/salux_refined_6cls/thumb_sources/thumbdown/fitted/thumbdown_8982.npy
thumb,thumbup,hand-10-2590,train,./dataset/skeleton_final_v2/thumbup/hand-10-2590.npy,./data/salux_refined_6cls/thumb_sources/thumbup/fitted/hand-10-2590.npy
paper,paper,paper-set2 (392),train,./dataset/skeleton_final_v2/paper/paper-set2 (392).npy,./batch_paper/fitted/paper-set2 (392).npy
thumb,thumbup,thumbup_6771,train,./dataset/skeleton_final_v2/thumbup/thumbup_6771.npy,./data/salux_refined_6cls/thumb_sources/thumbup/fitted/thumbup_6771.npy
ok,ok,ok_Set2_ (582),train,./dataset/skeleton_final_v2/ok/ok_Set2_ (582).npy,./batch_ok/fitted/ok_Set2_ (582).npy
rock,rock,rock-set2 (13),train,./dataset/skeleton_final_v2/rock/rock-set2 (13).npy,./batch_rock/fitted/rock-set2 (13).npy
the-finger,the-finger,the-finger_3513,train,./dataset/skeleton_final_v2/the-finger/the-finger_3513.npy,./batch_thefinger/fitted/the-finger_3513.npy
thumb,thumbdown,hand-8-1905,train,./dataset/skeleton_final_v2/thumbdown/hand-8-1905.npy,./data/salux_refined_6cls/thumb_sources/thumbdown/fitted/hand-8-1905.npy
paper,paper,paper (128),train,./dataset/skeleton_final_v2/paper/paper (128).npy,./batch_paper/fitted/paper (128).npy
thumb,thumbup,thumbup_2089,train,./dataset/skeleton_final_v2/thumbup/thumbup_2089.npy,./data/salux_refined_6cls/thumb_sources/thumbup/fitted/thumbup_2089.npy
scissors,scissors,scissors_5745,train,./dataset/skeleton_final_v2/scissors/scissors_5745.npy,./batch_scissors/fitted/scissors_5745.npy
paper,paper,paper_1003,train,./dataset/skeleton_final_v2/paper/paper_1003.npy,./batch_paper/fitted/paper_1003.npy
rock,rock,rock-set2 (594),train,./dataset/skeleton_final_v2/rock/rock-set2 (594).npy,./batch_rock/fitted/rock-set2 (594).npy
scissors,scissors,scissors (6),train,./dataset/skeleton_final_v2/scissors/scissors (6).npy,./batch_scissors/fitted/scissors (6).npy
scissors,scissors,scissors (436),train,./dataset/skeleton_final_v2/scissors/scissors (436).npy,./batch_scissors/fitted/scissors (436).npy
thumb,thumbup,thumbup (194),train,./dataset/skeleton_final_v2/thumbup/thumbup (194).npy,./data/salux_refined_6cls/thumb_sources/thumbup/fitted/thumbup (194).npy
scissors,scissors,scissors (92),train,./dataset/skeleton_final_v2/scissors/scissors (92).npy,./batch_scissors/fitted/scissors (92).npy
paper,paper,paper-set2 (504),train,./dataset/skeleton_final_v2/paper/paper-set2 (504).npy,./batch_paper/fitted/paper-set2 (504).npy
thumb,thumbdown,hand-10-2290,train,./dataset/skeleton_final_v2/thumbdown/hand-10-2290.npy,./data/salux_refined_6cls/thumb_sources/thumbdown/fitted/hand-10-2290.npy
scissors,scissors,scissors-set2 (84),train,./dataset/skeleton_final_v2/scissors/scissors-set2 (84).npy,./batch_scissors/fitted/scissors-set2 (84).npy
the-finger,the-finger,the-finger-set2 (353),train,./dataset/skeleton_final_v2/the-finger/the-finger-set2 (353).npy,./batch_thefinger/fitted/the-finger-set2 (353).npy
paper,paper,paper_3689,train,./dataset/skeleton_final_v2/paper/paper_3689.npy,./batch_paper/fitted/paper_3689.npy
rock,rock,rock_280,train,./dataset/skeleton_final_v2/rock/rock_280.npy,./batch_rock/fitted/rock_280.npy
scissors,scissors,scissors-set2 (706),train,./dataset/skeleton_final_v2/scissors/scissors-set2 (706).npy,./batch_scissors/fitted/scissors-set2 (706).npy
scissors,scissors,scissors-set2 (301),train,./dataset/skeleton_final_v2/scissors/scissors-set2 (301).npy,./batch_scissors/fitted/scissors-set2 (301).npy
rock,rock,rock-set2 (486),train,./dataset/skeleton_final_v2/rock/rock-set2 (486).npy,./batch_rock/fitted/rock-set2 (486).npy
scissors,scissors,scissors-set2 (632),train,./dataset/skeleton_final_v2/scissors/scissors-set2 (632).npy,./batch_scissors/fitted/scissors-set2 (632).npy
rock,rock,rock-set2 (593),train,./dataset/skeleton_final_v2/rock/rock-set2 (593).npy,./batch_rock/fitted/rock-set2 (593).npy
thumb,thumbdown,thumbdown_1315,train,./dataset/skeleton_final_v2/thumbdown/thumbdown_1315.npy,./data/salux_refined_6cls/thumb_sources/thumbdown/fitted/thumbdown_1315.npy
ok,ok,ok_1544,train,./dataset/skeleton_final_v2/ok/ok_1544.npy,./batch_ok/fitted/ok_1544.npy
thumb,thumbdown,thumbdown_4466,train,./dataset/skeleton_final_v2/thumbdown/thumbdown_4466.npy,./data/salux_refined_6cls/thumb_sources/thumbdown/fitted/thumbdown_4466.npy
paper,paper,paper_3758,train,./dataset/skeleton_final_v2/paper/paper_3758.npy,./batch_paper/fitted/paper_3758.npy
paper,paper,paper-set2 (33),train,./dataset/skeleton_final_v2/paper/paper-set2 (33).npy,./batch_paper/fitted/paper-set2 (33).npy
thumb,thumbdown,thumbdown_7242,train,./dataset/skeleton_final_v2/thumbdown/thumbdown_7242.npy,./data/salux_refined_6cls/thumb_sources/thumbdown/fitted/thumbdown_7242.npy
scissors,scissors,scissors-set2 (572),train,./dataset/skeleton_final_v2/scissors/scissors-set2 (572).npy,./batch_scissors/fitted/scissors-set2 (572).npy
the-finger,the-finger,the-finger (25),train,./dataset/skeleton_final_v2/the-finger/the-finger (25).npy,./batch_thefinger/fitted/the-finger (25).npy
paper,paper,paper-set2 (21),train,./dataset/skeleton_final_v2/paper/paper-set2 (21).npy,./batch_paper/fitted/paper-set2 (21).npy
the-finger,the-finger,the-finger-set2 (237),train,./dataset/skeleton_final_v2/the-finger/the-finger-set2 (237).npy,./batch_thefinger/fitted/the-finger-set2 (237).npy
scissors,scissors,scissors_4666,train,./dataset/skeleton_final_v2/scissors/scissors_4666.npy,./batch_scissors/fitted/scissors_4666.npy
rock,rock,rock-set2 (536),train,./dataset/skeleton_final_v2/rock/rock-set2 (536).npy,./batch_rock/fitted/rock-set2 (536).npy
rock,rock,rock_18,train,./dataset/skeleton_final_v2/rock/rock_18.npy,./batch_rock/fitted/rock_18.npy
ok,ok,ok_Set2_ (393),train,./dataset/skeleton_final_v2/ok/ok_Set2_ (393).npy,./batch_ok/fitted/ok_Set2_ (393).npy
thumb,thumbup,hand-10-20,train,./dataset/skeleton_final_v2/thumbup/hand-10-20.npy,./data/salux_refined_6cls/thumb_sources/thumbup/fitted/hand-10-20.npy
ok,ok,ok_Set2_ (142),train,./dataset/skeleton_final_v2/ok/ok_Set2_ (142).npy,./batch_ok/fitted/ok_Set2_ (142).npy
paper,paper,paper-set2 (299),train,./dataset/skeleton_final_v2/paper/paper-set2 (299).npy,./batch_paper/fitted/paper-set2 (299).npy
thumb,thumbdown,hand-9-2130,train,./dataset/skeleton_final_v2/thumbdown/hand-9-2130.npy,./data/salux_refined_6cls/thumb_sources/thumbdown/fitted/hand-9-2130.npy
scissors,scissors,scissors-set2 (604),train,./dataset/skeleton_final_v2/scissors/scissors-set2 (604).npy,./batch_scissors/fitted/scissors-set2 (604).npy
ok,ok,ok (95),train,./dataset/skeleton_final_v2/ok/ok (95).npy,./batch_ok/fitted/ok (95).npy
the-finger,the-finger,the-finger-set2 (443),train,./dataset/skeleton_final_v2/the-finger/the-finger-set2 (443).npy,./batch_thefinger/fitted/the-finger-set2 (443).npy
paper,paper,paper (240),train,./dataset/skeleton_final_v2/paper/paper (240).npy,./batch_paper/fitted/paper (240).npy
the-finger,the-finger,the-finger-set2 (256),train,./dataset/skeleton_final_v2/the-finger/the-finger-set2 (256).npy,./batch_thefinger/fitted/the-finger-set2 (256).npy
thumb,thumbdown,thumbdown_5591,train,./dataset/skeleton_final_v2/thumbdown/thumbdown_5591.npy,./data/salux_refined_6cls/thumb_sources/thumbdown/fitted/thumbdown_5591.npy
thumb,thumbup,thumbup_834,train,./dataset/skeleton_final_v2/thumbup/thumbup_834.npy,./data/salux_refined_6cls/thumb_sources/thumbup/fitted/thumbup_834.npy
ok,ok,ok_Set2_ (525),train,./dataset/skeleton_final_v2/ok/ok_Set2_ (525).npy,./batch_ok/fitted/ok_Set2_ (525).npy
thumb,thumbup,thumbup_4180,train,./dataset/skeleton_final_v2/thumbup/thumbup_4180.npy,./data/salux_refined_6cls/thumb_sources/thumbup/fitted/thumbup_4180.npy
scissors,scissors,scissors_5498,train,./dataset/skeleton_final_v2/scissors/scissors_5498.npy,./batch_scissors/fitted/scissors_5498.npy
paper,paper,paper (219),train,./dataset/skeleton_final_v2/paper/paper (219).npy,./batch_paper/fitted/paper (219).npy
thumb,thumbup,hand-7-1405,train,./dataset/skeleton_final_v2/thumbup/hand-7-1405.npy,./data/salux_refined_6cls/thumb_sources/thumbup/fitted/hand-7-1405.npy
paper,paper,paper (78),train,./dataset/skeleton_final_v2/paper/paper (78).npy,./batch_paper/fitted/paper (78).npy
paper,paper,paper-set2 (354),train,./dataset/skeleton_final_v2/paper/paper-set2 (354).npy,./batch_paper/fitted/paper-set2 (354).npy
thumb,thumbdown,thumbdown_8224,train,./dataset/skeleton_final_v2/thumbdown/thumbdown_8224.npy,./data/salux_refined_6cls/thumb_sources/thumbdown/fitted/thumbdown_8224.npy
scissors,scissors,scissors (65),train,./dataset/skeleton_final_v2/scissors/scissors (65).npy,./batch_scissors/fitted/scissors (65).npy
the-finger,the-finger,the-finger_1360,train,./dataset/skeleton_final_v2/the-finger/the-finger_1360.npy,./batch_thefinger/fitted/the-finger_1360.npy
paper,paper,paper (239),train,./dataset/skeleton_final_v2/paper/paper (239).npy,./batch_paper/fitted/paper (239).npy
the-finger,the-finger,the-finger (84),train,./dataset/skeleton_final_v2/the-finger/the-finger (84).npy,./batch_thefinger/fitted/the-finger (84).npy
ok,ok,ok (243),train,./dataset/skeleton_final_v2/ok/ok (243).npy,./batch_ok/fitted/ok (243).npy
ok,ok,ok_Set2_ (30),train,./dataset/skeleton_final_v2/ok/ok_Set2_ (30).npy,./batch_ok/fitted/ok_Set2_ (30).npy
paper,paper,paper-set2 (232),train,./dataset/skeleton_final_v2/paper/paper-set2 (232).npy,./batch_paper/fitted/paper-set2 (232).npy
thumb,thumbdown,thumbdown_5665,train,./dataset/skeleton_final_v2/thumbdown/thumbdown_5665.npy,./data/salux_refined_6cls/thumb_sources/thumbdown/fitted/thumbdown_5665.npy
scissors,scissors,scissors (361),train,./dataset/skeleton_final_v2/scissors/scissors (361).npy,./batch_scissors/fitted/scissors (361).npy
ok,ok,ok_1155,train,./dataset/skeleton_final_v2/ok/ok_1155.npy,./batch_ok/fitted/ok_1155.npy
thumb,thumbup,thumbup_7210,train,./dataset/skeleton_final_v2/thumbup/thumbup_7210.npy,./data/salux_refined_6cls/thumb_sources/thumbup/fitted/thumbup_7210.npy
ok,ok,ok_6386,train,./dataset/skeleton_final_v2/ok/ok_6386.npy,./batch_ok/fitted/ok_6386.npy
thumb,thumbup,thumbup_3012,train,./dataset/skeleton_final_v2/thumbup/thumbup_3012.npy,./data/salux_refined_6cls/thumb_sources/thumbup/fitted/thumbup_3012.npy
paper,paper,paper_6704,train,./dataset/skeleton_final_v2/paper/paper_6704.npy,./batch_paper/fitted/paper_6704.npy
scissors,scissors,scissors-set2 (630),train,./dataset/skeleton_final_v2/scissors/scissors-set2 (630).npy,./batch_scissors/fitted/scissors-set2 (630).npy
scissors,scissors,scissors (311),train,./dataset/skeleton_final_v2/scissors/scissors (311).npy,./batch_scissors/fitted/scissors (311).npy
paper,paper,paper-set2 (150),train,./dataset/skeleton_final_v2/paper/paper-set2 (150).npy,./batch_paper/fitted/paper-set2 (150).npy
scissors,scissors,scissors (381),train,./dataset/skeleton_final_v2/scissors/scissors (381).npy,./batch_scissors/fitted/scissors (381).npy
paper,paper,paper-set2 (485),train,./dataset/skeleton_final_v2/paper/paper-set2 (485).npy,./batch_paper/fitted/paper-set2 (485).npy
scissors,scissors,scissors (472),train,./dataset/skeleton_final_v2/scissors/scissors (472).npy,./batch_scissors/fitted/scissors (472).npy
paper,paper,paper_5146,train,./dataset/skeleton_final_v2/paper/paper_5146.npy,./batch_paper/fitted/paper_5146.npy
scissors,scissors,scissors_4629,train,./dataset/skeleton_final_v2/scissors/scissors_4629.npy,./batch_scissors/fitted/scissors_4629.npy
scissors,scissors,scissors-set2 (267),train,./dataset/skeleton_final_v2/scissors/scissors-set2 (267).npy,./batch_scissors/fitted/scissors-set2 (267).npy
thumb,thumbdown,thumbdown_550,train,./dataset/skeleton_final_v2/thumbdown/thumbdown_550.npy,./data/salux_refined_6cls/thumb_sources/thumbdown/fitted/thumbdown_550.npy
the-finger,the-finger,the-finger_3527,train,./dataset/skeleton_final_v2/the-finger/the-finger_3527.npy,./batch_thefinger/fitted/the-finger_3527.npy
thumb,thumbup,thumbup_6766,train,./dataset/skeleton_final_v2/thumbup/thumbup_6766.npy,./data/salux_refined_6cls/thumb_sources/thumbup/fitted/thumbup_6766.npy
thumb,thumbup,thumbup_2998,train,./dataset/skeleton_final_v2/thumbup/thumbup_2998.npy,./data/salux_refined_6cls/thumb_sources/thumbup/fitted/thumbup_2998.npy
rock,rock,rock-set2 (42),train,./dataset/skeleton_final_v2/rock/rock-set2 (42).npy,./batch_rock/fitted/rock-set2 (42).npy
scissors,scissors,scissors-set2 (514),train,./dataset/skeleton_final_v2/scissors/scissors-set2 (514).npy,./batch_scissors/fitted/scissors-set2 (514).npy
thumb,thumbdown,thumbdown_6252,train,./dataset/skeleton_final_v2/thumbdown/thumbdown_6252.npy,./data/salux_refined_6cls/thumb_sources/thumbdown/fitted/thumbdown_6252.npy
ok,ok,ok_Set2_ (128),train,./dataset/skeleton_final_v2/ok/ok_Set2_ (128).npy,./batch_ok/fitted/ok_Set2_ (128).npy
scissors,scissors,scissors-set2 (556),train,./dataset/skeleton_final_v2/scissors/scissors-set2 (556).npy,./batch_scissors/fitted/scissors-set2 (556).npy
ok,ok,ok_Set2_ (414),train,./dataset/skeleton_final_v2/ok/ok_Set2_ (414).npy,./batch_ok/fitted/ok_Set2_ (414).npy
thumb,thumbup,thumbup_5797,train,./dataset/skeleton_final_v2/thumbup/thumbup_5797.npy,./data/salux_refined_6cls/thumb_sources/thumbup/fitted/thumbup_5797.npy
ok,ok,ok (199),train,./dataset/skeleton_final_v2/ok/ok (199).npy,./batch_ok/fitted/ok (199).npy
ok,ok,ok_5781,train,./dataset/skeleton_final_v2/ok/ok_5781.npy,./batch_ok/fitted/ok_5781.npy
paper,paper,paper_1844,train,./dataset/skeleton_final_v2/paper/paper_1844.npy,./batch_paper/fitted/paper_1844.npy
thumb,thumbdown,thumbdown (147),train,./dataset/skeleton_final_v2/thumbdown/thumbdown (147).npy,./data/salux_refined_6cls/thumb_sources/thumbdown/fitted/thumbdown (147).npy
scissors,scissors,scissors (125),train,./dataset/skeleton_final_v2/scissors/scissors (125).npy,./batch_scissors/fitted/scissors (125).npy
thumb,thumbup,thumbup (205),train,./dataset/skeleton_final_v2/thumbup/thumbup (205).npy,./data/salux_refined_6cls/thumb_sources/thumbup/fitted/thumbup (205).npy
ok,ok,ok_4965,train,./dataset/skeleton_final_v2/ok/ok_4965.npy,./batch_ok/fitted/ok_4965.npy
paper,paper,paper-set2 (128),train,./dataset/skeleton_final_v2/paper/paper-set2 (128).npy,./batch_paper/fitted/paper-set2 (128).npy
scissors,scissors,scissors (15),train,./dataset/skeleton_final_v2/scissors/scissors (15).npy,./batch_scissors/fitted/scissors (15).npy
ok,ok,ok_Set2_ (511),train,./dataset/skeleton_final_v2/ok/ok_Set2_ (511).npy,./batch_ok/fitted/ok_Set2_ (511).npy
ok,ok,ok_Set2_ (288),train,./dataset/skeleton_final_v2/ok/ok_Set2_ (288).npy,./batch_ok/fitted/ok_Set2_ (288).npy
scissors,scissors,scissors-set2 (699),train,./dataset/skeleton_final_v2/scissors/scissors-set2 (699).npy,./batch_scissors/fitted/scissors-set2 (699).npy
thumb,thumbup,thumbup (385),train,./dataset/skeleton_final_v2/thumbup/thumbup (385).npy,./data/salux_refined_6cls/thumb_sources/thumbup/fitted/thumbup (385).npy
thumb,thumbup,thumbup (468),train,./dataset/skeleton_final_v2/thumbup/thumbup (468).npy,./data/salux_refined_6cls/thumb_sources/thumbup/fitted/thumbup (468).npy
thumb,thumbup,thumbup (491),train,./dataset/skeleton_final_v2/thumbup/thumbup (491).npy,./data/salux_refined_6cls/thumb_sources/thumbup/fitted/thumbup (491).npy
scissors,scissors,scissors-set2 (13),train,./dataset/skeleton_final_v2/scissors/scissors-set2 (13).npy,./batch_scissors/fitted/scissors-set2 (13).npy
ok,ok,ok (200),train,./dataset/skeleton_final_v2/ok/ok (200).npy,./batch_ok/fitted/ok (200).npy
rock,rock,rock-set2 (430),train,./dataset/skeleton_final_v2/rock/rock-set2 (430).npy,./batch_rock/fitted/rock-set2 (430).npy
the-finger,the-finger,the-finger (132),train,./dataset/skeleton_final_v2/the-finger/the-finger (132).npy,./batch_thefinger/fitted/the-finger (132).npy
ok,ok,ok_Set2_ (577),train,./dataset/skeleton_final_v2/ok/ok_Set2_ (577).npy,./batch_ok/fitted/ok_Set2_ (577).npy
thumb,thumbup,thumbup (370),train,./dataset/skeleton_final_v2/thumbup/thumbup (370).npy,./data/salux_refined_6cls/thumb_sources/thumbup/fitted/thumbup (370).npy
paper,paper,paper-set2 (18),train,./dataset/skeleton_final_v2/paper/paper-set2 (18).npy,./batch_paper/fitted/paper-set2 (18).npy
paper,paper,paper_1450,train,./dataset/skeleton_final_v2/paper/paper_1450.npy,./batch_paper/fitted/paper_1450.npy
scissors,scissors,scissors_762,train,./dataset/skeleton_final_v2/scissors/scissors_762.npy,./batch_scissors/fitted/scissors_762.npy
scissors,scissors,scissors-set2 (380),train,./dataset/skeleton_final_v2/scissors/scissors-set2 (380).npy,./batch_scissors/fitted/scissors-set2 (380).npy
thumb,thumbup,thumbup (197),train,./dataset/skeleton_final_v2/thumbup/thumbup (197).npy,./data/salux_refined_6cls/thumb_sources/thumbup/fitted/thumbup (197).npy
the-finger,the-finger,the-finger_6061,train,./dataset/skeleton_final_v2/the-finger/the-finger_6061.npy,./batch_thefinger/fitted/the-finger_6061.npy
ok,ok,ok_8536,train,./dataset/skeleton_final_v2/ok/ok_8536.npy,./batch_ok/fitted/ok_8536.npy
thumb,thumbdown,thumbdown_9016,train,./dataset/skeleton_final_v2/thumbdown/thumbdown_9016.npy,./data/salux_refined_6cls/thumb_sources/thumbdown/fitted/thumbdown_9016.npy
scissors,scissors,scissors_6966,train,./dataset/skeleton_final_v2/scissors/scissors_6966.npy,./batch_scissors/fitted/scissors_6966.npy
paper,paper,paper_6521,train,./dataset/skeleton_final_v2/paper/paper_6521.npy,./batch_paper/fitted/paper_6521.npy
paper,paper,paper-set2 (417),train,./dataset/skeleton_final_v2/paper/paper-set2 (417).npy,./batch_paper/fitted/paper-set2 (417).npy
ok,ok,ok_Set2_ (428),train,./dataset/skeleton_final_v2/ok/ok_Set2_ (428).npy,./batch_ok/fitted/ok_Set2_ (428).npy
thumb,thumbdown,thumbdown (274),train,./dataset/skeleton_final_v2/thumbdown/thumbdown (274).npy,./data/salux_refined_6cls/thumb_sources/thumbdown/fitted/thumbdown (274).npy
ok,ok,ok_2939,train,./dataset/skeleton_final_v2/ok/ok_2939.npy,./batch_ok/fitted/ok_2939.npy
paper,paper,paper-set2 (86),train,./dataset/skeleton_final_v2/paper/paper-set2 (86).npy,./batch_paper/fitted/paper-set2 (86).npy
the-finger,the-finger,the-finger-set2 (13),train,./dataset/skeleton_final_v2/the-finger/the-finger-set2 (13).npy,./batch_thefinger/fitted/the-finger-set2 (13).npy
the-finger,the-finger,the-finger-set2 (288),train,./dataset/skeleton_final_v2/the-finger/the-finger-set2 (288).npy,./batch_thefinger/fitted/the-finger-set2 (288).npy
ok,ok,ok_Set2_ (302),train,./dataset/skeleton_final_v2/ok/ok_Set2_ (302).npy,./batch_ok/fitted/ok_Set2_ (302).npy
the-finger,the-finger,the-finger-set2 (329),train,./dataset/skeleton_final_v2/the-finger/the-finger-set2 (329).npy,./batch_thefinger/fitted/the-finger-set2 (329).npy
scissors,scissors,scissors-set2 (449),train,./dataset/skeleton_final_v2/scissors/scissors-set2 (449).npy,./batch_scissors/fitted/scissors-set2 (449).npy
the-finger,the-finger,the-finger_7484,train,./dataset/skeleton_final_v2/the-finger/the-finger_7484.npy,./batch_thefinger/fitted/the-finger_7484.npy
thumb,thumbup,thumbup_8132,train,./dataset/skeleton_final_v2/thumbup/thumbup_8132.npy,./data/salux_refined_6cls/thumb_sources/thumbup/fitted/thumbup_8132.npy
the-finger,the-finger,the-finger-set2 (98),train,./dataset/skeleton_final_v2/the-finger/the-finger-set2 (98).npy,./batch_thefinger/fitted/the-finger-set2 (98).npy
thumb,thumbup,hand-10-2120,train,./dataset/skeleton_final_v2/thumbup/hand-10-2120.npy,./data/salux_refined_6cls/thumb_sources/thumbup/fitted/hand-10-2120.npy
thumb,thumbup,hand-7-1400,train,./dataset/skeleton_final_v2/thumbup/hand-7-1400.npy,./data/salux_refined_6cls/thumb_sources/thumbup/fitted/hand-7-1400.npy
ok,ok,ok_Set2_ (486),train,./dataset/skeleton_final_v2/ok/ok_Set2_ (486).npy,./batch_ok/fitted/ok_Set2_ (486).npy
paper,paper,paper-set2 (119),train,./dataset/skeleton_final_v2/paper/paper-set2 (119).npy,./batch_paper/fitted/paper-set2 (119).npy
ok,ok,ok_Set2_ (512),train,./dataset/skeleton_final_v2/ok/ok_Set2_ (512).npy,./batch_ok/fitted/ok_Set2_ (512).npy
scissors,scissors,scissors_7356,train,./dataset/skeleton_final_v2/scissors/scissors_7356.npy,./batch_scissors/fitted/scissors_7356.npy
rock,rock,rock (20),train,./dataset/skeleton_final_v2/rock/rock (20).npy,./batch_rock/fitted/rock (20).npy
thumb,thumbup,hand-7-1380,train,./dataset/skeleton_final_v2/thumbup/hand-7-1380.npy,./data/salux_refined_6cls/thumb_sources/thumbup/fitted/hand-7-1380.npy
the-finger,the-finger,the-finger-set2 (96),train,./dataset/skeleton_final_v2/the-finger/the-finger-set2 (96).npy,./batch_thefinger/fitted/the-finger-set2 (96).npy
the-finger,the-finger,the-finger (50),train,./dataset/skeleton_final_v2/the-finger/the-finger (50).npy,./batch_thefinger/fitted/the-finger (50).npy
scissors,scissors,scissors (218),train,./dataset/skeleton_final_v2/scissors/scissors (218).npy,./batch_scissors/fitted/scissors (218).npy
ok,ok,ok_3972,train,./dataset/skeleton_final_v2/ok/ok_3972.npy,./batch_ok/fitted/ok_3972.npy
ok,ok,ok_Set2_ (522),train,./dataset/skeleton_final_v2/ok/ok_Set2_ (522).npy,./batch_ok/fitted/ok_Set2_ (522).npy
scissors,scissors,scissors (418),train,./dataset/skeleton_final_v2/scissors/scissors (418).npy,./batch_scissors/fitted/scissors (418).npy
thumb,thumbdown,thumbdown_6826,train,./dataset/skeleton_final_v2/thumbdown/thumbdown_6826.npy,./data/salux_refined_6cls/thumb_sources/thumbdown/fitted/thumbdown_6826.npy
ok,ok,ok_2926,train,./dataset/skeleton_final_v2/ok/ok_2926.npy,./batch_ok/fitted/ok_2926.npy
ok,ok,ok_2482,train,./dataset/skeleton_final_v2/ok/ok_2482.npy,./batch_ok/fitted/ok_2482.npy
thumb,thumbup,thumbup_1710,train,./dataset/skeleton_final_v2/thumbup/thumbup_1710.npy,./data/salux_refined_6cls/thumb_sources/thumbup/fitted/thumbup_1710.npy
paper,paper,paper-set2 (243),train,./dataset/skeleton_final_v2/paper/paper-set2 (243).npy,./batch_paper/fitted/paper-set2 (243).npy
thumb,thumbdown,thumbdown_7435,train,./dataset/skeleton_final_v2/thumbdown/thumbdown_7435.npy,./data/salux_refined_6cls/thumb_sources/thumbdown/fitted/thumbdown_7435.npy
rock,rock,rock-set2 (199),train,./dataset/skeleton_final_v2/rock/rock-set2 (199).npy,./batch_rock/fitted/rock-set2 (199).npy
rock,rock,rock-set2 (23),train,./dataset/skeleton_final_v2/rock/rock-set2 (23).npy,./batch_rock/fitted/rock-set2 (23).npy
paper,paper,paper_721,train,./dataset/skeleton_final_v2/paper/paper_721.npy,./batch_paper/fitted/paper_721.npy
scissors,scissors,scissors-set2 (282),train,./dataset/skeleton_final_v2/scissors/scissors-set2 (282).npy,./batch_scissors/fitted/scissors-set2 (282).npy
thumb,thumbup,thumbup_1630,train,./dataset/skeleton_final_v2/thumbup/thumbup_1630.npy,./data/salux_refined_6cls/thumb_sources/thumbup/fitted/thumbup_1630.npy
paper,paper,paper (164),train,./dataset/skeleton_final_v2/paper/paper (164).npy,./batch_paper/fitted/paper (164).npy
thumb,thumbdown,hand-7-1680,train,./dataset/skeleton_final_v2/thumbdown/hand-7-1680.npy,./data/salux_refined_6cls/thumb_sources/thumbdown/fitted/hand-7-1680.npy
ok,ok,ok (28),train,./dataset/skeleton_final_v2/ok/ok (28).npy,./batch_ok/fitted/ok (28).npy
scissors,scissors,scissors-set2 (176),train,./dataset/skeleton_final_v2/scissors/scissors-set2 (176).npy,./batch_scissors/fitted/scissors-set2 (176).npy
paper,paper,paper_3767,train,./dataset/skeleton_final_v2/paper/paper_3767.npy,./batch_paper/fitted/paper_3767.npy
paper,paper,paper-set2 (111),train,./dataset/skeleton_final_v2/paper/paper-set2 (111).npy,./batch_paper/fitted/paper-set2 (111).npy
paper,paper,paper-set2 (263),train,./dataset/skeleton_final_v2/paper/paper-set2 (263).npy,./batch_paper/fitted/paper-set2 (263).npy
paper,paper,paper_3635,train,./dataset/skeleton_final_v2/paper/paper_3635.npy,./batch_paper/fitted/paper_3635.npy
scissors,scissors,scissors-set2 (444),train,./dataset/skeleton_final_v2/scissors/scissors-set2 (444).npy,./batch_scissors/fitted/scissors-set2 (444).npy
paper,paper,paper (21),train,./dataset/skeleton_final_v2/paper/paper (21).npy,./batch_paper/fitted/paper (21).npy
scissors,scissors,scissors_6374,train,./dataset/skeleton_final_v2/scissors/scissors_6374.npy,./batch_scissors/fitted/scissors_6374.npy
scissors,scissors,scissors-set2 (562),train,./dataset/skeleton_final_v2/scissors/scissors-set2 (562).npy,./batch_scissors/fitted/scissors-set2 (562).npy
scissors,scissors,scissors (421),train,./dataset/skeleton_final_v2/scissors/scissors (421).npy,./batch_scissors/fitted/scissors (421).npy
paper,paper,paper-set2 (362),train,./dataset/skeleton_final_v2/paper/paper-set2 (362).npy,./batch_paper/fitted/paper-set2 (362).npy
thumb,thumbdown,thumbdown_6440,train,./dataset/skeleton_final_v2/thumbdown/thumbdown_6440.npy,./data/salux_refined_6cls/thumb_sources/thumbdown/fitted/thumbdown_6440.npy
ok,ok,ok_Set2_ (234),train,./dataset/skeleton_final_v2/ok/ok_Set2_ (234).npy,./batch_ok/fitted/ok_Set2_ (234).npy
the-finger,the-finger,the-finger-set2 (440),train,./dataset/skeleton_final_v2/the-finger/the-finger-set2 (440).npy,./batch_thefinger/fitted/the-finger-set2 (440).npy
the-finger,the-finger,the-finger_5374,train,./dataset/skeleton_final_v2/the-finger/the-finger_5374.npy,./batch_thefinger/fitted/the-finger_5374.npy
paper,paper,paper_7946,train,./dataset/skeleton_final_v2/paper/paper_7946.npy,./batch_paper/fitted/paper_7946.npy
thumb,thumbup,thumbup (17),train,./dataset/skeleton_final_v2/thumbup/thumbup (17).npy,./data/salux_refined_6cls/thumb_sources/thumbup/fitted/thumbup (17).npy
thumb,thumbup,thumbup (380),train,./dataset/skeleton_final_v2/thumbup/thumbup (380).npy,./data/salux_refined_6cls/thumb_sources/thumbup/fitted/thumbup (380).npy
thumb,thumbup,thumbup (116),train,./dataset/skeleton_final_v2/thumbup/thumbup (116).npy,./data/salux_refined_6cls/thumb_sources/thumbup/fitted/thumbup (116).npy
paper,paper,paper-set2 (15),train,./dataset/skeleton_final_v2/paper/paper-set2 (15).npy,./batch_paper/fitted/paper-set2 (15).npy
thumb,thumbup,thumbup_6799,train,./dataset/skeleton_final_v2/thumbup/thumbup_6799.npy,./data/salux_refined_6cls/thumb_sources/thumbup/fitted/thumbup_6799.npy
scissors,scissors,scissors-set2 (553),train,./dataset/skeleton_final_v2/scissors/scissors-set2 (553).npy,./batch_scissors/fitted/scissors-set2 (553).npy
thumb,thumbup,thumbup_2131,train,./dataset/skeleton_final_v2/thumbup/thumbup_2131.npy,./data/salux_refined_6cls/thumb_sources/thumbup/fitted/thumbup_2131.npy
ok,ok,ok_Set2_ (524),train,./dataset/skeleton_final_v2/ok/ok_Set2_ (524).npy,./batch_ok/fitted/ok_Set2_ (524).npy
thumb,thumbup,thumbup (323),train,./dataset/skeleton_final_v2/thumbup/thumbup (323).npy,./data/salux_refined_6cls/thumb_sources/thumbup/fitted/thumbup (323).npy
scissors,scissors,scissors_2670,train,./dataset/skeleton_final_v2/scissors/scissors_2670.npy,./batch_scissors/fitted/scissors_2670.npy
rock,rock,rock_7908,train,./dataset/skeleton_final_v2/rock/rock_7908.npy,./batch_rock/fitted/rock_7908.npy
scissors,scissors,scissors-set2 (608),train,./dataset/skeleton_final_v2/scissors/scissors-set2 (608).npy,./batch_scissors/fitted/scissors-set2 (608).npy
paper,paper,paper (189),train,./dataset/skeleton_final_v2/paper/paper (189).npy,./batch_paper/fitted/paper (189).npy
scissors,scissors,scissors (136),train,./dataset/skeleton_final_v2/scissors/scissors (136).npy,./batch_scissors/fitted/scissors (136).npy
scissors,scissors,scissors_7184,train,./dataset/skeleton_final_v2/scissors/scissors_7184.npy,./batch_scissors/fitted/scissors_7184.npy
scissors,scissors,scissors (441),train,./dataset/skeleton_final_v2/scissors/scissors (441).npy,./batch_scissors/fitted/scissors (441).npy
thumb,thumbup,thumbup_6205,train,./dataset/skeleton_final_v2/thumbup/thumbup_6205.npy,./data/salux_refined_6cls/thumb_sources/thumbup/fitted/thumbup_6205.npy
thumb,thumbup,thumbup (99),train,./dataset/skeleton_final_v2/thumbup/thumbup (99).npy,./data/salux_refined_6cls/thumb_sources/thumbup/fitted/thumbup (99).npy
scissors,scissors,scissors-set2 (637),train,./dataset/skeleton_final_v2/scissors/scissors-set2 (637).npy,./batch_scissors/fitted/scissors-set2 (637).npy
ok,ok,ok_Set2_ (237),train,./dataset/skeleton_final_v2/ok/ok_Set2_ (237).npy,./batch_ok/fitted/ok_Set2_ (237).npy
the-finger,the-finger,the-finger_3458,train,./dataset/skeleton_final_v2/the-finger/the-finger_3458.npy,./batch_thefinger/fitted/the-finger_3458.npy
paper,paper,paper-set2 (65),train,./dataset/skeleton_final_v2/paper/paper-set2 (65).npy,./batch_paper/fitted/paper-set2 (65).npy
scissors,scissors,scissors_6148,train,./dataset/skeleton_final_v2/scissors/scissors_6148.npy,./batch_scissors/fitted/scissors_6148.npy
the-finger,the-finger,the-finger_654,train,./dataset/skeleton_final_v2/the-finger/the-finger_654.npy,./batch_thefinger/fitted/the-finger_654.npy
ok,ok,ok_Set2_ (353),train,./dataset/skeleton_final_v2/ok/ok_Set2_ (353).npy,./batch_ok/fitted/ok_Set2_ (353).npy
ok,ok,ok_6583,train,./dataset/skeleton_final_v2/ok/ok_6583.npy,./batch_ok/fitted/ok_6583.npy
paper,paper,paper-set2 (251),train,./dataset/skeleton_final_v2/paper/paper-set2 (251).npy,./batch_paper/fitted/paper-set2 (251).npy
scissors,scissors,scissors_6743,train,./dataset/skeleton_final_v2/scissors/scissors_6743.npy,./batch_scissors/fitted/scissors_6743.npy
paper,paper,paper-set2 (139),train,./dataset/skeleton_final_v2/paper/paper-set2 (139).npy,./batch_paper/fitted/paper-set2 (139).npy
paper,paper,paper (186),train,./dataset/skeleton_final_v2/paper/paper (186).npy,./batch_paper/fitted/paper (186).npy
thumb,thumbup,thumbup (383),train,./dataset/skeleton_final_v2/thumbup/thumbup (383).npy,./data/salux_refined_6cls/thumb_sources/thumbup/fitted/thumbup (383).npy
thumb,thumbdown,thumbdown (83),train,./dataset/skeleton_final_v2/thumbdown/thumbdown (83).npy,./data/salux_refined_6cls/thumb_sources/thumbdown/fitted/thumbdown (83).npy
scissors,scissors,scissors-set2 (487),train,./dataset/skeleton_final_v2/scissors/scissors-set2 (487).npy,./batch_scissors/fitted/scissors-set2 (487).npy
ok,ok,ok_Set2_ (130),train,./dataset/skeleton_final_v2/ok/ok_Set2_ (130).npy,./batch_ok/fitted/ok_Set2_ (130).npy
paper,paper,paper-set2 (1),train,./dataset/skeleton_final_v2/paper/paper-set2 (1).npy,./batch_paper/fitted/paper-set2 (1).npy
scissors,scissors,scissors-set2 (649),train,./dataset/skeleton_final_v2/scissors/scissors-set2 (649).npy,./batch_scissors/fitted/scissors-set2 (649).npy
ok,ok,ok_1201,train,./dataset/skeleton_final_v2/ok/ok_1201.npy,./batch_ok/fitted/ok_1201.npy
ok,ok,ok (120),train,./dataset/skeleton_final_v2/ok/ok (120).npy,./batch_ok/fitted/ok (120).npy
paper,paper,paper (8),train,./dataset/skeleton_final_v2/paper/paper (8).npy,./batch_paper/fitted/paper (8).npy
rock,rock,rock (227),train,./dataset/skeleton_final_v2/rock/rock (227).npy,./batch_rock/fitted/rock (227).npy
thumb,thumbup,thumbup_7191,train,./dataset/skeleton_final_v2/thumbup/thumbup_7191.npy,./data/salux_refined_6cls/thumb_sources/thumbup/fitted/thumbup_7191.npy
scissors,scissors,scissors_6726,train,./dataset/skeleton_final_v2/scissors/scissors_6726.npy,./batch_scissors/fitted/scissors_6726.npy
thumb,thumbup,thumbup_9292,train,./dataset/skeleton_final_v2/thumbup/thumbup_9292.npy,./data/salux_refined_6cls/thumb_sources/thumbup/fitted/thumbup_9292.npy
scissors,scissors,scissors-set2 (564),train,./dataset/skeleton_final_v2/scissors/scissors-set2 (564).npy,./batch_scissors/fitted/scissors-set2 (564).npy
scissors,scissors,scissors_3925,train,./dataset/skeleton_final_v2/scissors/scissors_3925.npy,./batch_scissors/fitted/scissors_3925.npy
paper,paper,paper-set2 (396),train,./dataset/skeleton_final_v2/paper/paper-set2 (396).npy,./batch_paper/fitted/paper-set2 (396).npy
thumb,thumbdown,thumbdown_7802,train,./dataset/skeleton_final_v2/thumbdown/thumbdown_7802.npy,./data/salux_refined_6cls/thumb_sources/thumbdown/fitted/thumbdown_7802.npy
ok,ok,ok_Set2_ (364),train,./dataset/skeleton_final_v2/ok/ok_Set2_ (364).npy,./batch_ok/fitted/ok_Set2_ (364).npy
scissors,scissors,scissors (78),train,./dataset/skeleton_final_v2/scissors/scissors (78).npy,./batch_scissors/fitted/scissors (78).npy
thumb,thumbup,thumbup_5793,train,./dataset/skeleton_final_v2/thumbup/thumbup_5793.npy,./data/salux_refined_6cls/thumb_sources/thumbup/fitted/thumbup_5793.npy
the-finger,the-finger,the-finger (6),train,./dataset/skeleton_final_v2/the-finger/the-finger (6).npy,./batch_thefinger/fitted/the-finger (6).npy
thumb,thumbup,thumbup (276),train,./dataset/skeleton_final_v2/thumbup/thumbup (276).npy,./data/salux_refined_6cls/thumb_sources/thumbup/fitted/thumbup (276).npy
thumb,thumbdown,thumbdown_3421,train,./dataset/skeleton_final_v2/thumbdown/thumbdown_3421.npy,./data/salux_refined_6cls/thumb_sources/thumbdown/fitted/thumbdown_3421.npy
thumb,thumbup,hand-11-2270,train,./dataset/skeleton_final_v2/thumbup/hand-11-2270.npy,./data/salux_refined_6cls/thumb_sources/thumbup/fitted/hand-11-2270.npy
paper,paper,paper-set2 (205),train,./dataset/skeleton_final_v2/paper/paper-set2 (205).npy,./batch_paper/fitted/paper-set2 (205).npy
scissors,scissors,scissors-set2 (423),train,./dataset/skeleton_final_v2/scissors/scissors-set2 (423).npy,./batch_scissors/fitted/scissors-set2 (423).npy
thumb,thumbup,thumbup (435),train,./dataset/skeleton_final_v2/thumbup/thumbup (435).npy,./data/salux_refined_6cls/thumb_sources/thumbup/fitted/thumbup (435).npy
thumb,thumbup,hand-10-2525,train,./dataset/skeleton_final_v2/thumbup/hand-10-2525.npy,./data/salux_refined_6cls/thumb_sources/thumbup/fitted/hand-10-2525.npy
the-finger,the-finger,the-finger-set2 (31),train,./dataset/skeleton_final_v2/the-finger/the-finger-set2 (31).npy,./batch_thefinger/fitted/the-finger-set2 (31).npy
scissors,scissors,scissors (143),train,./dataset/skeleton_final_v2/scissors/scissors (143).npy,./batch_scissors/fitted/scissors (143).npy
ok,ok,ok (9),train,./dataset/skeleton_final_v2/ok/ok (9).npy,./batch_ok/fitted/ok (9).npy
ok,ok,ok_4973,train,./dataset/skeleton_final_v2/ok/ok_4973.npy,./batch_ok/fitted/ok_4973.npy
paper,paper,paper (4),train,./dataset/skeleton_final_v2/paper/paper (4).npy,./batch_paper/fitted/paper (4).npy
paper,paper,paper_8758,train,./dataset/skeleton_final_v2/paper/paper_8758.npy,./batch_paper/fitted/paper_8758.npy
thumb,thumbdown,hand-7-1510,train,./dataset/skeleton_final_v2/thumbdown/hand-7-1510.npy,./data/salux_refined_6cls/thumb_sources/thumbdown/fitted/hand-7-1510.npy
scissors,scissors,scissors-set2 (472),train,./dataset/skeleton_final_v2/scissors/scissors-set2 (472).npy,./batch_scissors/fitted/scissors-set2 (472).npy
ok,ok,ok (36),train,./dataset/skeleton_final_v2/ok/ok (36).npy,./batch_ok/fitted/ok (36).npy
scissors,scissors,scissors-set2 (591),train,./dataset/skeleton_final_v2/scissors/scissors-set2 (591).npy,./batch_scissors/fitted/scissors-set2 (591).npy
scissors,scissors,scissors_5754,train,./dataset/skeleton_final_v2/scissors/scissors_5754.npy,./batch_scissors/fitted/scissors_5754.npy
paper,paper,paper-set2 (479),train,./dataset/skeleton_final_v2/paper/paper-set2 (479).npy,./batch_paper/fitted/paper-set2 (479).npy
thumb,thumbdown,thumbdown_4462,train,./dataset/skeleton_final_v2/thumbdown/thumbdown_4462.npy,./data/salux_refined_6cls/thumb_sources/thumbdown/fitted/thumbdown_4462.npy
paper,paper,paper-set2 (455),train,./dataset/skeleton_final_v2/paper/paper-set2 (455).npy,./batch_paper/fitted/paper-set2 (455).npy
paper,paper,paper-set2 (134),train,./dataset/skeleton_final_v2/paper/paper-set2 (134).npy,./batch_paper/fitted/paper-set2 (134).npy
scissors,scissors,scissors_2773,train,./dataset/skeleton_final_v2/scissors/scissors_2773.npy,./batch_scissors/fitted/scissors_2773.npy
thumb,thumbdown,hand-10-2310,train,./dataset/skeleton_final_v2/thumbdown/hand-10-2310.npy,./data/salux_refined_6cls/thumb_sources/thumbdown/fitted/hand-10-2310.npy
paper,paper,paper-set2 (461),train,./dataset/skeleton_final_v2/paper/paper-set2 (461).npy,./batch_paper/fitted/paper-set2 (461).npy
paper,paper,paper (23),train,./dataset/skeleton_final_v2/paper/paper (23).npy,./batch_paper/fitted/paper (23).npy
the-finger,the-finger,the-finger_6869,train,./dataset/skeleton_final_v2/the-finger/the-finger_6869.npy,./batch_thefinger/fitted/the-finger_6869.npy
thumb,thumbup,thumbup_4196,train,./dataset/skeleton_final_v2/thumbup/thumbup_4196.npy,./data/salux_refined_6cls/thumb_sources/thumbup/fitted/thumbup_4196.npy
the-finger,the-finger,the-finger_6858,train,./dataset/skeleton_final_v2/the-finger/the-finger_6858.npy,./batch_thefinger/fitted/the-finger_6858.npy
the-finger,the-finger,the-finger-set2 (149),train,./dataset/skeleton_final_v2/the-finger/the-finger-set2 (149).npy,./batch_thefinger/fitted/the-finger-set2 (149).npy
thumb,thumbup,hand-8-3580,train,./dataset/skeleton_final_v2/thumbup/hand-8-3580.npy,./data/salux_refined_6cls/thumb_sources/thumbup/fitted/hand-8-3580.npy
ok,ok,ok (89),train,./dataset/skeleton_final_v2/ok/ok (89).npy,./batch_ok/fitted/ok (89).npy
scissors,scissors,scissors (167),train,./dataset/skeleton_final_v2/scissors/scissors (167).npy,./batch_scissors/fitted/scissors (167).npy
ok,ok,ok_5954,train,./dataset/skeleton_final_v2/ok/ok_5954.npy,./batch_ok/fitted/ok_5954.npy
ok,ok,ok_5257,train,./dataset/skeleton_final_v2/ok/ok_5257.npy,./batch_ok/fitted/ok_5257.npy
scissors,scissors,scissors-set2 (580),train,./dataset/skeleton_final_v2/scissors/scissors-set2 (580).npy,./batch_scissors/fitted/scissors-set2 (580).npy
thumb,thumbup,thumbup (312),train,./dataset/skeleton_final_v2/thumbup/thumbup (312).npy,./data/salux_refined_6cls/thumb_sources/thumbup/fitted/thumbup (312).npy
paper,paper,paper_2511,train,./dataset/skeleton_final_v2/paper/paper_2511.npy,./batch_paper/fitted/paper_2511.npy
the-finger,the-finger,the-finger-set2 (136),train,./dataset/skeleton_final_v2/the-finger/the-finger-set2 (136).npy,./batch_thefinger/fitted/the-finger-set2 (136).npy
thumb,thumbup,hand-9-1675,train,./dataset/skeleton_final_v2/thumbup/hand-9-1675.npy,./data/salux_refined_6cls/thumb_sources/thumbup/fitted/hand-9-1675.npy
rock,rock,rock-set2 (181),train,./dataset/skeleton_final_v2/rock/rock-set2 (181).npy,./batch_rock/fitted/rock-set2 (181).npy
thumb,thumbup,thumbup (31),train,./dataset/skeleton_final_v2/thumbup/thumbup (31).npy,./data/salux_refined_6cls/thumb_sources/thumbup/fitted/thumbup (31).npy
thumb,thumbdown,thumbdown_4472,train,./dataset/skeleton_final_v2/thumbdown/thumbdown_4472.npy,./data/salux_refined_6cls/thumb_sources/thumbdown/fitted/thumbdown_4472.npy
thumb,thumbup,thumbup (14),train,./dataset/skeleton_final_v2/thumbup/thumbup (14).npy,./data/salux_refined_6cls/thumb_sources/thumbup/fitted/thumbup (14).npy
paper,paper,paper-set2 (330),train,./dataset/skeleton_final_v2/paper/paper-set2 (330).npy,./batch_paper/fitted/paper-set2 (330).npy
the-finger,the-finger,the-finger_7850,train,./dataset/skeleton_final_v2/the-finger/the-finger_7850.npy,./batch_thefinger/fitted/the-finger_7850.npy
thumb,thumbdown,thumbdown_4458,train,./dataset/skeleton_final_v2/thumbdown/thumbdown_4458.npy,./data/salux_refined_6cls/thumb_sources/thumbdown/fitted/thumbdown_4458.npy
ok,ok,ok_Set2_ (430),train,./dataset/skeleton_final_v2/ok/ok_Set2_ (430).npy,./batch_ok/fitted/ok_Set2_ (430).npy
thumb,thumbdown,hand-7-1635,train,./dataset/skeleton_final_v2/thumbdown/hand-7-1635.npy,./data/salux_refined_6cls/thumb_sources/thumbdown/fitted/hand-7-1635.npy
scissors,scissors,scissors-set2 (307),train,./dataset/skeleton_final_v2/scissors/scissors-set2 (307).npy,./batch_scissors/fitted/scissors-set2 (307).npy
thumb,thumbup,thumbup (191),train,./dataset/skeleton_final_v2/thumbup/thumbup (191).npy,./data/salux_refined_6cls/thumb_sources/thumbup/fitted/thumbup (191).npy
thumb,thumbdown,hand-7-1505,train,./dataset/skeleton_final_v2/thumbdown/hand-7-1505.npy,./data/salux_refined_6cls/thumb_sources/thumbdown/fitted/hand-7-1505.npy
the-finger,the-finger,the-finger-set2 (367),train,./dataset/skeleton_final_v2/the-finger/the-finger-set2 (367).npy,./batch_thefinger/fitted/the-finger-set2 (367).npy
thumb,thumbup,thumbup (378),train,./dataset/skeleton_final_v2/thumbup/thumbup (378).npy,./data/salux_refined_6cls/thumb_sources/thumbup/fitted/thumbup (378).npy
paper,paper,paper-set2 (124),train,./dataset/skeleton_final_v2/paper/paper-set2 (124).npy,./batch_paper/fitted/paper-set2 (124).npy
paper,paper,paper-set2 (254),train,./dataset/skeleton_final_v2/paper/paper-set2 (254).npy,./batch_paper/fitted/paper-set2 (254).npy
the-finger,the-finger,the-finger_3476,train,./dataset/skeleton_final_v2/the-finger/the-finger_3476.npy,./batch_thefinger/fitted/the-finger_3476.npy
scissors,scissors,scissors-set2 (158),train,./dataset/skeleton_final_v2/scissors/scissors-set2 (158).npy,./batch_scissors/fitted/scissors-set2 (158).npy
rock,rock,rock-set2 (442),train,./dataset/skeleton_final_v2/rock/rock-set2 (442).npy,./batch_rock/fitted/rock-set2 (442).npy
ok,ok,ok_Set2_ (177),train,./dataset/skeleton_final_v2/ok/ok_Set2_ (177).npy,./batch_ok/fitted/ok_Set2_ (177).npy
thumb,thumbup,hand-9-1640,train,./dataset/skeleton_final_v2/thumbup/hand-9-1640.npy,./data/salux_refined_6cls/thumb_sources/thumbup/fitted/hand-9-1640.npy
ok,ok,ok_Set2_ (1),train,./dataset/skeleton_final_v2/ok/ok_Set2_ (1).npy,./batch_ok/fitted/ok_Set2_ (1).npy
thumb,thumbdown,thumbdown_9012,train,./dataset/skeleton_final_v2/thumbdown/thumbdown_9012.npy,./data/salux_refined_6cls/thumb_sources/thumbdown/fitted/thumbdown_9012.npy
ok,ok,ok_7020,train,./dataset/skeleton_final_v2/ok/ok_7020.npy,./batch_ok/fitted/ok_7020.npy
the-finger,the-finger,the-finger_7830,train,./dataset/skeleton_final_v2/the-finger/the-finger_7830.npy,./batch_thefinger/fitted/the-finger_7830.npy
thumb,thumbdown,hand-9-1955,train,./dataset/skeleton_final_v2/thumbdown/hand-9-1955.npy,./data/salux_refined_6cls/thumb_sources/thumbdown/fitted/hand-9-1955.npy
paper,paper,paper_8764,train,./dataset/skeleton_final_v2/paper/paper_8764.npy,./batch_paper/fitted/paper_8764.npy
scissors,scissors,scissors (394),train,./dataset/skeleton_final_v2/scissors/scissors (394).npy,./batch_scissors/fitted/scissors (394).npy
thumb,thumbdown,hand-9-1920,train,./dataset/skeleton_final_v2/thumbdown/hand-9-1920.npy,./data/salux_refined_6cls/thumb_sources/thumbdown/fitted/hand-9-1920.npy
scissors,scissors,scissors (443),train,./dataset/skeleton_final_v2/scissors/scissors (443).npy,./batch_scissors/fitted/scissors (443).npy
paper,paper,paper (286),train,./dataset/skeleton_final_v2/paper/paper (286).npy,./batch_paper/fitted/paper (286).npy
the-finger,the-finger,the-finger (2),train,./dataset/skeleton_final_v2/the-finger/the-finger (2).npy,./batch_thefinger/fitted/the-finger (2).npy
thumb,thumbup,hand-7-1355,train,./dataset/skeleton_final_v2/thumbup/hand-7-1355.npy,./data/salux_refined_6cls/thumb_sources/thumbup/fitted/hand-7-1355.npy
paper,paper,paper_7136,train,./dataset/skeleton_final_v2/paper/paper_7136.npy,./batch_paper/fitted/paper_7136.npy
scissors,scissors,scissors_7352,train,./dataset/skeleton_final_v2/scissors/scissors_7352.npy,./batch_scissors/fitted/scissors_7352.npy
thumb,thumbdown,hand-9-1935,train,./dataset/skeleton_final_v2/thumbdown/hand-9-1935.npy,./data/salux_refined_6cls/thumb_sources/thumbdown/fitted/hand-9-1935.npy
the-finger,the-finger,the-finger-set2 (439),train,./dataset/skeleton_final_v2/the-finger/the-finger-set2 (439).npy,./batch_thefinger/fitted/the-finger-set2 (439).npy
paper,paper,paper_5892,train,./dataset/skeleton_final_v2/paper/paper_5892.npy,./batch_paper/fitted/paper_5892.npy
rock,rock,rock_6100,train,./dataset/skeleton_final_v2/rock/rock_6100.npy,./batch_rock/fitted/rock_6100.npy
the-finger,the-finger,the-finger-set2 (283),train,./dataset/skeleton_final_v2/the-finger/the-finger-set2 (283).npy,./batch_thefinger/fitted/the-finger-set2 (283).npy
ok,ok,ok_2893,train,./dataset/skeleton_final_v2/ok/ok_2893.npy,./batch_ok/fitted/ok_2893.npy
ok,ok,ok (79),train,./dataset/skeleton_final_v2/ok/ok (79).npy,./batch_ok/fitted/ok (79).npy
scissors,scissors,scissors-set2 (538),train,./dataset/skeleton_final_v2/scissors/scissors-set2 (538).npy,./batch_scissors/fitted/scissors-set2 (538).npy
thumb,thumbdown,thumbdown_6825,train,./dataset/skeleton_final_v2/thumbdown/thumbdown_6825.npy,./data/salux_refined_6cls/thumb_sources/thumbdown/fitted/thumbdown_6825.npy
ok,ok,ok_Set2_ (538),train,./dataset/skeleton_final_v2/ok/ok_Set2_ (538).npy,./batch_ok/fitted/ok_Set2_ (538).npy
ok,ok,ok_Set2_ (362),train,./dataset/skeleton_final_v2/ok/ok_Set2_ (362).npy,./batch_ok/fitted/ok_Set2_ (362).npy
thumb,thumbdown,thumbdown (271),train,./dataset/skeleton_final_v2/thumbdown/thumbdown (271).npy,./data/salux_refined_6cls/thumb_sources/thumbdown/fitted/thumbdown (271).npy
scissors,scissors,scissors_6547,train,./dataset/skeleton_final_v2/scissors/scissors_6547.npy,./batch_scissors/fitted/scissors_6547.npy
thumb,thumbdown,thumbdown (197),train,./dataset/skeleton_final_v2/thumbdown/thumbdown (197).npy,./data/salux_refined_6cls/thumb_sources/thumbdown/fitted/thumbdown (197).npy
paper,paper,paper-set2 (465),train,./dataset/skeleton_final_v2/paper/paper-set2 (465).npy,./batch_paper/fitted/paper-set2 (465).npy
scissors,scissors,scissors_7643,train,./dataset/skeleton_final_v2/scissors/scissors_7643.npy,./batch_scissors/fitted/scissors_7643.npy
ok,ok,ok_Set2_ (351),train,./dataset/skeleton_final_v2/ok/ok_Set2_ (351).npy,./batch_ok/fitted/ok_Set2_ (351).npy
paper,paper,paper-set2 (332),train,./dataset/skeleton_final_v2/paper/paper-set2 (332).npy,./batch_paper/fitted/paper-set2 (332).npy
ok,ok,ok_7683,train,./dataset/skeleton_final_v2/ok/ok_7683.npy,./batch_ok/fitted/ok_7683.npy
the-finger,the-finger,the-finger_221,train,./dataset/skeleton_final_v2/the-finger/the-finger_221.npy,./batch_thefinger/fitted/the-finger_221.npy
scissors,scissors,scissors-set2 (534),train,./dataset/skeleton_final_v2/scissors/scissors-set2 (534).npy,./batch_scissors/fitted/scissors-set2 (534).npy
scissors,scissors,scissors-set2 (76),train,./dataset/skeleton_final_v2/scissors/scissors-set2 (76).npy,./batch_scissors/fitted/scissors-set2 (76).npy
scissors,scissors,scissors-set2 (459),train,./dataset/skeleton_final_v2/scissors/scissors-set2 (459).npy,./batch_scissors/fitted/scissors-set2 (459).npy
the-finger,the-finger,the-finger-set2 (157),train,./dataset/skeleton_final_v2/the-finger/the-finger-set2 (157).npy,./batch_thefinger/fitted/the-finger-set2 (157).npy
scissors,scissors,scissors-set2 (295),train,./dataset/skeleton_final_v2/scissors/scissors-set2 (295).npy,./batch_scissors/fitted/scissors-set2 (295).npy
the-finger,the-finger,the-finger-set2 (428),train,./dataset/skeleton_final_v2/the-finger/the-finger-set2 (428).npy,./batch_thefinger/fitted/the-finger-set2 (428).npy
scissors,scissors,scissors-set2 (708),train,./dataset/skeleton_final_v2/scissors/scissors-set2 (708).npy,./batch_scissors/fitted/scissors-set2 (708).npy
paper,paper,paper-set2 (163),train,./dataset/skeleton_final_v2/paper/paper-set2 (163).npy,./batch_paper/fitted/paper-set2 (163).npy
rock,rock,rock-set2 (175),train,./dataset/skeleton_final_v2/rock/rock-set2 (175).npy,./batch_rock/fitted/rock-set2 (175).npy
the-finger,the-finger,the-finger-set2 (404),train,./dataset/skeleton_final_v2/the-finger/the-finger-set2 (404).npy,./batch_thefinger/fitted/the-finger-set2 (404).npy
scissors,scissors,scissors-set2 (124),train,./dataset/skeleton_final_v2/scissors/scissors-set2 (124).npy,./batch_scissors/fitted/scissors-set2 (124).npy
thumb,thumbup,thumbup (210),train,./dataset/skeleton_final_v2/thumbup/thumbup (210).npy,./data/salux_refined_6cls/thumb_sources/thumbup/fitted/thumbup (210).npy
thumb,thumbdown,thumbdown_3232,train,./dataset/skeleton_final_v2/thumbdown/thumbdown_3232.npy,./data/salux_refined_6cls/thumb_sources/thumbdown/fitted/thumbdown_3232.npy
scissors,scissors,scissors-set2 (346),train,./dataset/skeleton_final_v2/scissors/scissors-set2 (346).npy,./batch_scissors/fitted/scissors-set2 (346).npy
scissors,scissors,scissors-set2 (137),train,./dataset/skeleton_final_v2/scissors/scissors-set2 (137).npy,./batch_scissors/fitted/scissors-set2 (137).npy
thumb,thumbup,thumbup (490),train,./dataset/skeleton_final_v2/thumbup/thumbup (490).npy,./data/salux_refined_6cls/thumb_sources/thumbup/fitted/thumbup (490).npy
scissors,scissors,scissors-set2 (491),train,./dataset/skeleton_final_v2/scissors/scissors-set2 (491).npy,./batch_scissors/fitted/scissors-set2 (491).npy
scissors,scissors,scissors_8794,train,./dataset/skeleton_final_v2/scissors/scissors_8794.npy,./batch_scissors/fitted/scissors_8794.npy
scissors,scissors,scissors (341),train,./dataset/skeleton_final_v2/scissors/scissors (341).npy,./batch_scissors/fitted/scissors (341).npy
scissors,scissors,scissors_8820,train,./dataset/skeleton_final_v2/scissors/scissors_8820.npy,./batch_scissors/fitted/scissors_8820.npy
thumb,thumbup,thumbup (85),train,./dataset/skeleton_final_v2/thumbup/thumbup (85).npy,./data/salux_refined_6cls/thumb_sources/thumbup/fitted/thumbup (85).npy
rock,rock,rock_8400,train,./dataset/skeleton_final_v2/rock/rock_8400.npy,./batch_rock/fitted/rock_8400.npy
thumb,thumbdown,thumbdown_7253,train,./dataset/skeleton_final_v2/thumbdown/thumbdown_7253.npy,./data/salux_refined_6cls/thumb_sources/thumbdown/fitted/thumbdown_7253.npy
thumb,thumbdown,hand-8-1910,train,./dataset/skeleton_final_v2/thumbdown/hand-8-1910.npy,./data/salux_refined_6cls/thumb_sources/thumbdown/fitted/hand-8-1910.npy
thumb,thumbdown,thumbdown_541,train,./dataset/skeleton_final_v2/thumbdown/thumbdown_541.npy,./data/salux_refined_6cls/thumb_sources/thumbdown/fitted/thumbdown_541.npy
ok,ok,ok_6172,train,./dataset/skeleton_final_v2/ok/ok_6172.npy,./batch_ok/fitted/ok_6172.npy
thumb,thumbup,thumbup_5987,train,./dataset/skeleton_final_v2/thumbup/thumbup_5987.npy,./data/salux_refined_6cls/thumb_sources/thumbup/fitted/thumbup_5987.npy
the-finger,the-finger,the-finger-set2 (395),train,./dataset/skeleton_final_v2/the-finger/the-finger-set2 (395).npy,./batch_thefinger/fitted/the-finger-set2 (395).npy
thumb,thumbup,hand-10-450,train,./dataset/skeleton_final_v2/thumbup/hand-10-450.npy,./data/salux_refined_6cls/thumb_sources/thumbup/fitted/hand-10-450.npy
thumb,thumbup,thumbup_8120,train,./dataset/skeleton_final_v2/thumbup/thumbup_8120.npy,./data/salux_refined_6cls/thumb_sources/thumbup/fitted/thumbup_8120.npy
scissors,scissors,scissors (305),train,./dataset/skeleton_final_v2/scissors/scissors (305).npy,./batch_scissors/fitted/scissors (305).npy
thumb,thumbdown,thumbdown (56),train,./dataset/skeleton_final_v2/thumbdown/thumbdown (56).npy,./data/salux_refined_6cls/thumb_sources/thumbdown/fitted/thumbdown (56).npy
the-finger,the-finger,the-finger (73),train,./dataset/skeleton_final_v2/the-finger/the-finger (73).npy,./batch_thefinger/fitted/the-finger (73).npy
paper,paper,paper-set2 (218),train,./dataset/skeleton_final_v2/paper/paper-set2 (218).npy,./batch_paper/fitted/paper-set2 (218).npy
scissors,scissors,scissors_6150,train,./dataset/skeleton_final_v2/scissors/scissors_6150.npy,./batch_scissors/fitted/scissors_6150.npy
thumb,thumbup,thumbup (59),train,./dataset/skeleton_final_v2/thumbup/thumbup (59).npy,./data/salux_refined_6cls/thumb_sources/thumbup/fitted/thumbup (59).npy
paper,paper,paper-set2 (273),train,./dataset/skeleton_final_v2/paper/paper-set2 (273).npy,./batch_paper/fitted/paper-set2 (273).npy
paper,paper,paper-set2 (337),train,./dataset/skeleton_final_v2/paper/paper-set2 (337).npy,./batch_paper/fitted/paper-set2 (337).npy
thumb,thumbup,hand-7-1430,train,./dataset/skeleton_final_v2/thumbup/hand-7-1430.npy,./data/salux_refined_6cls/thumb_sources/thumbup/fitted/hand-7-1430.npy
ok,ok,ok_1127,train,./dataset/skeleton_final_v2/ok/ok_1127.npy,./batch_ok/fitted/ok_1127.npy
scissors,scissors,scissors-set2 (177),train,./dataset/skeleton_final_v2/scissors/scissors-set2 (177).npy,./batch_scissors/fitted/scissors-set2 (177).npy
the-finger,the-finger,the-finger_9066,train,./dataset/skeleton_final_v2/the-finger/the-finger_9066.npy,./batch_thefinger/fitted/the-finger_9066.npy
ok,ok,ok (127),train,./dataset/skeleton_final_v2/ok/ok (127).npy,./batch_ok/fitted/ok (127).npy
scissors,scissors,scissors-set2 (738),train,./dataset/skeleton_final_v2/scissors/scissors-set2 (738).npy,./batch_scissors/fitted/scissors-set2 (738).npy
the-finger,the-finger,the-finger-set2 (281),train,./dataset/skeleton_final_v2/the-finger/the-finger-set2 (281).npy,./batch_thefinger/fitted/the-finger-set2 (281).npy
thumb,thumbdown,thumbdown_7472,train,./dataset/skeleton_final_v2/thumbdown/thumbdown_7472.npy,./data/salux_refined_6cls/thumb_sources/thumbdown/fitted/thumbdown_7472.npy
ok,ok,ok_2659,train,./dataset/skeleton_final_v2/ok/ok_2659.npy,./batch_ok/fitted/ok_2659.npy
ok,ok,ok (57),train,./dataset/skeleton_final_v2/ok/ok (57).npy,./batch_ok/fitted/ok (57).npy
ok,ok,ok (117),train,./dataset/skeleton_final_v2/ok/ok (117).npy,./batch_ok/fitted/ok (117).npy
ok,ok,ok_Set2_ (544),train,./dataset/skeleton_final_v2/ok/ok_Set2_ (544).npy,./batch_ok/fitted/ok_Set2_ (544).npy
rock,rock,rock-set2 (84),train,./dataset/skeleton_final_v2/rock/rock-set2 (84).npy,./batch_rock/fitted/rock-set2 (84).npy
thumb,thumbup,thumbup (285),train,./dataset/skeleton_final_v2/thumbup/thumbup (285).npy,./data/salux_refined_6cls/thumb_sources/thumbup/fitted/thumbup (285).npy
scissors,scissors,scissors_6557,train,./dataset/skeleton_final_v2/scissors/scissors_6557.npy,./batch_scissors/fitted/scissors_6557.npy
the-finger,the-finger,the-finger-set2 (334),train,./dataset/skeleton_final_v2/the-finger/the-finger-set2 (334).npy,./batch_thefinger/fitted/the-finger-set2 (334).npy
scissors,scissors,scissors_2632,train,./dataset/skeleton_final_v2/scissors/scissors_2632.npy,./batch_scissors/fitted/scissors_2632.npy
the-finger,the-finger,the-finger-set2 (422),train,./dataset/skeleton_final_v2/the-finger/the-finger-set2 (422).npy,./batch_thefinger/fitted/the-finger-set2 (422).npy
paper,paper,paper_7150,train,./dataset/skeleton_final_v2/paper/paper_7150.npy,./batch_paper/fitted/paper_7150.npy
the-finger,the-finger,the-finger-set2 (344),train,./dataset/skeleton_final_v2/the-finger/the-finger-set2 (344).npy,./batch_thefinger/fitted/the-finger-set2 (344).npy
ok,ok,ok_6574,train,./dataset/skeleton_final_v2/ok/ok_6574.npy,./batch_ok/fitted/ok_6574.npy
paper,paper,paper (161),train,./dataset/skeleton_final_v2/paper/paper (161).npy,./batch_paper/fitted/paper (161).npy
scissors,scissors,scissors-set2 (166),train,./dataset/skeleton_final_v2/scissors/scissors-set2 (166).npy,./batch_scissors/fitted/scissors-set2 (166).npy
scissors,scissors,scissors (455),train,./dataset/skeleton_final_v2/scissors/scissors (455).npy,./batch_scissors/fitted/scissors (455).npy
the-finger,the-finger,the-finger_6078,train,./dataset/skeleton_final_v2/the-finger/the-finger_6078.npy,./batch_thefinger/fitted/the-finger_6078.npy
scissors,scissors,scissors-set2 (498),train,./dataset/skeleton_final_v2/scissors/scissors-set2 (498).npy,./batch_scissors/fitted/scissors-set2 (498).npy
scissors,scissors,scissors-set2 (382),train,./dataset/skeleton_final_v2/scissors/scissors-set2 (382).npy,./batch_scissors/fitted/scissors-set2 (382).npy
thumb,thumbdown,thumbdown_7254,train,./dataset/skeleton_final_v2/thumbdown/thumbdown_7254.npy,./data/salux_refined_6cls/thumb_sources/thumbdown/fitted/thumbdown_7254.npy
thumb,thumbup,thumbup (357),train,./dataset/skeleton_final_v2/thumbup/thumbup (357).npy,./data/salux_refined_6cls/thumb_sources/thumbup/fitted/thumbup (357).npy
thumb,thumbdown,hand-10-2620,train,./dataset/skeleton_final_v2/thumbdown/hand-10-2620.npy,./data/salux_refined_6cls/thumb_sources/thumbdown/fitted/hand-10-2620.npy
the-finger,the-finger,the-finger_6864,train,./dataset/skeleton_final_v2/the-finger/the-finger_6864.npy,./batch_thefinger/fitted/the-finger_6864.npy
ok,ok,ok (38),train,./dataset/skeleton_final_v2/ok/ok (38).npy,./batch_ok/fitted/ok (38).npy
ok,ok,ok_2629,train,./dataset/skeleton_final_v2/ok/ok_2629.npy,./batch_ok/fitted/ok_2629.npy
scissors,scissors,scissors-set2 (111),train,./dataset/skeleton_final_v2/scissors/scissors-set2 (111).npy,./batch_scissors/fitted/scissors-set2 (111).npy
thumb,thumbup,thumbup_2091,train,./dataset/skeleton_final_v2/thumbup/thumbup_2091.npy,./data/salux_refined_6cls/thumb_sources/thumbup/fitted/thumbup_2091.npy
the-finger,the-finger,the-finger-set2 (139),train,./dataset/skeleton_final_v2/the-finger/the-finger-set2 (139).npy,./batch_thefinger/fitted/the-finger-set2 (139).npy
ok,ok,ok_Set2_ (35),train,./dataset/skeleton_final_v2/ok/ok_Set2_ (35).npy,./batch_ok/fitted/ok_Set2_ (35).npy
ok,ok,ok_2777,train,./dataset/skeleton_final_v2/ok/ok_2777.npy,./batch_ok/fitted/ok_2777.npy
thumb,thumbup,thumbup_7039,train,./dataset/skeleton_final_v2/thumbup/thumbup_7039.npy,./data/salux_refined_6cls/thumb_sources/thumbup/fitted/thumbup_7039.npy
ok,ok,ok (242),train,./dataset/skeleton_final_v2/ok/ok (242).npy,./batch_ok/fitted/ok (242).npy
scissors,scissors,scissors (454),train,./dataset/skeleton_final_v2/scissors/scissors (454).npy,./batch_scissors/fitted/scissors (454).npy
the-finger,the-finger,the-finger_7096,train,./dataset/skeleton_final_v2/the-finger/the-finger_7096.npy,./batch_thefinger/fitted/the-finger_7096.npy
thumb,thumbup,thumbup (387),train,./dataset/skeleton_final_v2/thumbup/thumbup (387).npy,./data/salux_refined_6cls/thumb_sources/thumbup/fitted/thumbup (387).npy
ok,ok,ok (213),train,./dataset/skeleton_final_v2/ok/ok (213).npy,./batch_ok/fitted/ok (213).npy
paper,paper,paper-set2 (41),train,./dataset/skeleton_final_v2/paper/paper-set2 (41).npy,./batch_paper/fitted/paper-set2 (41).npy
the-finger,the-finger,the-finger-set2 (324),train,./dataset/skeleton_final_v2/the-finger/the-finger-set2 (324).npy,./batch_thefinger/fitted/the-finger-set2 (324).npy
ok,ok,ok_Set2_ (566),train,./dataset/skeleton_final_v2/ok/ok_Set2_ (566).npy,./batch_ok/fitted/ok_Set2_ (566).npy
scissors,scissors,scissors-set2 (497),train,./dataset/skeleton_final_v2/scissors/scissors-set2 (497).npy,./batch_scissors/fitted/scissors-set2 (497).npy
the-finger,the-finger,the-finger_7090,train,./dataset/skeleton_final_v2/the-finger/the-finger_7090.npy,./batch_thefinger/fitted/the-finger_7090.npy
rock,rock,rock_332,train,./dataset/skeleton_final_v2/rock/rock_332.npy,./batch_rock/fitted/rock_332.npy
ok,ok,ok_5290,train,./dataset/skeleton_final_v2/ok/ok_5290.npy,./batch_ok/fitted/ok_5290.npy
thumb,thumbdown,thumbdown_6855,train,./dataset/skeleton_final_v2/thumbdown/thumbdown_6855.npy,./data/salux_refined_6cls/thumb_sources/thumbdown/fitted/thumbdown_6855.npy
thumb,thumbdown,hand-8-1920,train,./dataset/skeleton_final_v2/thumbdown/hand-8-1920.npy,./data/salux_refined_6cls/thumb_sources/thumbdown/fitted/hand-8-1920.npy
thumb,thumbup,thumbup (261),train,./dataset/skeleton_final_v2/thumbup/thumbup (261).npy,./data/salux_refined_6cls/thumb_sources/thumbup/fitted/thumbup (261).npy
ok,ok,ok (157),train,./dataset/skeleton_final_v2/ok/ok (157).npy,./batch_ok/fitted/ok (157).npy
scissors,scissors,scissors (347),train,./dataset/skeleton_final_v2/scissors/scissors (347).npy,./batch_scissors/fitted/scissors (347).npy
scissors,scissors,scissors_3919,train,./dataset/skeleton_final_v2/scissors/scissors_3919.npy,./batch_scissors/fitted/scissors_3919.npy
paper,paper,paper-set2 (475),train,./dataset/skeleton_final_v2/paper/paper-set2 (475).npy,./batch_paper/fitted/paper-set2 (475).npy
thumb,thumbdown,thumbdown (236),train,./dataset/skeleton_final_v2/thumbdown/thumbdown (236).npy,./data/salux_refined_6cls/thumb_sources/thumbdown/fitted/thumbdown (236).npy
thumb,thumbdown,hand-9-2105,train,./dataset/skeleton_final_v2/thumbdown/hand-9-2105.npy,./data/salux_refined_6cls/thumb_sources/thumbdown/fitted/hand-9-2105.npy
thumb,thumbup,thumbup (43),train,./dataset/skeleton_final_v2/thumbup/thumbup (43).npy,./data/salux_refined_6cls/thumb_sources/thumbup/fitted/thumbup (43).npy
thumb,thumbdown,thumbdown (186),train,./dataset/skeleton_final_v2/thumbdown/thumbdown (186).npy,./data/salux_refined_6cls/thumb_sources/thumbdown/fitted/thumbdown (186).npy
scissors,scissors,scissors-set2 (583),train,./dataset/skeleton_final_v2/scissors/scissors-set2 (583).npy,./batch_scissors/fitted/scissors-set2 (583).npy
the-finger,the-finger,the-finger-set2 (284),train,./dataset/skeleton_final_v2/the-finger/the-finger-set2 (284).npy,./batch_thefinger/fitted/the-finger-set2 (284).npy
rock,rock,rock (218),train,./dataset/skeleton_final_v2/rock/rock (218).npy,./batch_rock/fitted/rock (218).npy
paper,paper,paper-set2 (428),train,./dataset/skeleton_final_v2/paper/paper-set2 (428).npy,./batch_paper/fitted/paper-set2 (428).npy
ok,ok,ok_Set2_ (45),train,./dataset/skeleton_final_v2/ok/ok_Set2_ (45).npy,./batch_ok/fitted/ok_Set2_ (45).npy
the-finger,the-finger,the-finger_6481,train,./dataset/skeleton_final_v2/the-finger/the-finger_6481.npy,./batch_thefinger/fitted/the-finger_6481.npy
thumb,thumbdown,thumbdown_6824,train,./dataset/skeleton_final_v2/thumbdown/thumbdown_6824.npy,./data/salux_refined_6cls/thumb_sources/thumbdown/fitted/thumbdown_6824.npy
thumb,thumbdown,thumbdown_6243,train,./dataset/skeleton_final_v2/thumbdown/thumbdown_6243.npy,./data/salux_refined_6cls/thumb_sources/thumbdown/fitted/thumbdown_6243.npy
thumb,thumbdown,thumbdown_5342,train,./dataset/skeleton_final_v2/thumbdown/thumbdown_5342.npy,./data/salux_refined_6cls/thumb_sources/thumbdown/fitted/thumbdown_5342.npy
paper,paper,paper-set2 (57),train,./dataset/skeleton_final_v2/paper/paper-set2 (57).npy,./batch_paper/fitted/paper-set2 (57).npy
thumb,thumbdown,thumbdown (195),train,./dataset/skeleton_final_v2/thumbdown/thumbdown (195).npy,./data/salux_refined_6cls/thumb_sources/thumbdown/fitted/thumbdown (195).npy
thumb,thumbdown,thumbdown (70),train,./dataset/skeleton_final_v2/thumbdown/thumbdown (70).npy,./data/salux_refined_6cls/thumb_sources/thumbdown/fitted/thumbdown (70).npy
thumb,thumbdown,thumbdown_4396,train,./dataset/skeleton_final_v2/thumbdown/thumbdown_4396.npy,./data/salux_refined_6cls/thumb_sources/thumbdown/fitted/thumbdown_4396.npy
paper,paper,paper (18),train,./dataset/skeleton_final_v2/paper/paper (18).npy,./batch_paper/fitted/paper (18).npy
rock,rock,rock-set2 (1),train,./dataset/skeleton_final_v2/rock/rock-set2 (1).npy,./batch_rock/fitted/rock-set2 (1).npy
scissors,scissors,scissors-set2 (93),train,./dataset/skeleton_final_v2/scissors/scissors-set2 (93).npy,./batch_scissors/fitted/scissors-set2 (93).npy
paper,paper,paper_2533,train,./dataset/skeleton_final_v2/paper/paper_2533.npy,./batch_paper/fitted/paper_2533.npy
thumb,thumbup,thumbup (101),train,./dataset/skeleton_final_v2/thumbup/thumbup (101).npy,./data/salux_refined_6cls/thumb_sources/thumbup/fitted/thumbup (101).npy
thumb,thumbdown,hand-7-1675,train,./dataset/skeleton_final_v2/thumbdown/hand-7-1675.npy,./data/salux_refined_6cls/thumb_sources/thumbdown/fitted/hand-7-1675.npy
rock,rock,rock-set2 (219),train,./dataset/skeleton_final_v2/rock/rock-set2 (219).npy,./batch_rock/fitted/rock-set2 (219).npy
rock,rock,rock (264),train,./dataset/skeleton_final_v2/rock/rock (264).npy,./batch_rock/fitted/rock (264).npy
thumb,thumbdown,thumbdown_5305,train,./dataset/skeleton_final_v2/thumbdown/thumbdown_5305.npy,./data/salux_refined_6cls/thumb_sources/thumbdown/fitted/thumbdown_5305.npy
thumb,thumbdown,thumbdown (142),train,./dataset/skeleton_final_v2/thumbdown/thumbdown (142).npy,./data/salux_refined_6cls/thumb_sources/thumbdown/fitted/thumbdown (142).npy
paper,paper,paper_358,train,./dataset/skeleton_final_v2/paper/paper_358.npy,./batch_paper/fitted/paper_358.npy
scissors,scissors,scissors (141),train,./dataset/skeleton_final_v2/scissors/scissors (141).npy,./batch_scissors/fitted/scissors (141).npy
ok,ok,ok (148),train,./dataset/skeleton_final_v2/ok/ok (148).npy,./batch_ok/fitted/ok (148).npy
rock,rock,rock_6497,train,./dataset/skeleton_final_v2/rock/rock_6497.npy,./batch_rock/fitted/rock_6497.npy
the-finger,the-finger,the-finger_223,train,./dataset/skeleton_final_v2/the-finger/the-finger_223.npy,./batch_thefinger/fitted/the-finger_223.npy
scissors,scissors,scissors-set2 (266),train,./dataset/skeleton_final_v2/scissors/scissors-set2 (266).npy,./batch_scissors/fitted/scissors-set2 (266).npy
scissors,scissors,scissors-set2 (597),train,./dataset/skeleton_final_v2/scissors/scissors-set2 (597).npy,./batch_scissors/fitted/scissors-set2 (597).npy
ok,ok,ok_Set2_ (25),train,./dataset/skeleton_final_v2/ok/ok_Set2_ (25).npy,./batch_ok/fitted/ok_Set2_ (25).npy
thumb,thumbup,thumbup_6784,train,./dataset/skeleton_final_v2/thumbup/thumbup_6784.npy,./data/salux_refined_6cls/thumb_sources/thumbup/fitted/thumbup_6784.npy
scissors,scissors,scissors_6369,train,./dataset/skeleton_final_v2/scissors/scissors_6369.npy,./batch_scissors/fitted/scissors_6369.npy
ok,ok,ok_Set2_ (326),train,./dataset/skeleton_final_v2/ok/ok_Set2_ (326).npy,./batch_ok/fitted/ok_Set2_ (326).npy
ok,ok,ok_Set2_ (47),train,./dataset/skeleton_final_v2/ok/ok_Set2_ (47).npy,./batch_ok/fitted/ok_Set2_ (47).npy
ok,ok,ok_5942,train,./dataset/skeleton_final_v2/ok/ok_5942.npy,./batch_ok/fitted/ok_5942.npy
scissors,scissors,scissors (199),train,./dataset/skeleton_final_v2/scissors/scissors (199).npy,./batch_scissors/fitted/scissors (199).npy
scissors,scissors,scissors-set2 (513),train,./dataset/skeleton_final_v2/scissors/scissors-set2 (513).npy,./batch_scissors/fitted/scissors-set2 (513).npy
paper,paper,paper-set2 (183),train,./dataset/skeleton_final_v2/paper/paper-set2 (183).npy,./batch_paper/fitted/paper-set2 (183).npy
paper,paper,paper (27),train,./dataset/skeleton_final_v2/paper/paper (27).npy,./batch_paper/fitted/paper (27).npy
thumb,thumbup,thumbup_7720,train,./dataset/skeleton_final_v2/thumbup/thumbup_7720.npy,./data/salux_refined_6cls/thumb_sources/thumbup/fitted/thumbup_7720.npy
ok,ok,ok (86),train,./dataset/skeleton_final_v2/ok/ok (86).npy,./batch_ok/fitted/ok (86).npy
the-finger,the-finger,the-finger_5356,train,./dataset/skeleton_final_v2/the-finger/the-finger_5356.npy,./batch_thefinger/fitted/the-finger_5356.npy
scissors,scissors,scissors-set2 (75),train,./dataset/skeleton_final_v2/scissors/scissors-set2 (75).npy,./batch_scissors/fitted/scissors-set2 (75).npy
scissors,scissors,scissors_7332,train,./dataset/skeleton_final_v2/scissors/scissors_7332.npy,./batch_scissors/fitted/scissors_7332.npy
ok,ok,ok_7365,train,./dataset/skeleton_final_v2/ok/ok_7365.npy,./batch_ok/fitted/ok_7365.npy
ok,ok,ok_4110,train,./dataset/skeleton_final_v2/ok/ok_4110.npy,./batch_ok/fitted/ok_4110.npy
ok,ok,ok_Set2_ (583),train,./dataset/skeleton_final_v2/ok/ok_Set2_ (583).npy,./batch_ok/fitted/ok_Set2_ (583).npy
thumb,thumbdown,hand-9-1970,train,./dataset/skeleton_final_v2/thumbdown/hand-9-1970.npy,./data/salux_refined_6cls/thumb_sources/thumbdown/fitted/hand-9-1970.npy
ok,ok,ok_6578,train,./dataset/skeleton_final_v2/ok/ok_6578.npy,./batch_ok/fitted/ok_6578.npy
the-finger,the-finger,the-finger_9466,train,./dataset/skeleton_final_v2/the-finger/the-finger_9466.npy,./batch_thefinger/fitted/the-finger_9466.npy
ok,ok,ok_Set2_ (463),train,./dataset/skeleton_final_v2/ok/ok_Set2_ (463).npy,./batch_ok/fitted/ok_Set2_ (463).npy
the-finger,the-finger,the-finger_7477,train,./dataset/skeleton_final_v2/the-finger/the-finger_7477.npy,./batch_thefinger/fitted/the-finger_7477.npy
the-finger,the-finger,the-finger_7099,train,./dataset/skeleton_final_v2/the-finger/the-finger_7099.npy,./batch_thefinger/fitted/the-finger_7099.npy
scissors,scissors,scissors-set2 (190),train,./dataset/skeleton_final_v2/scissors/scissors-set2 (190).npy,./batch_scissors/fitted/scissors-set2 (190).npy
the-finger,the-finger,the-finger_6278,train,./dataset/skeleton_final_v2/the-finger/the-finger_6278.npy,./batch_thefinger/fitted/the-finger_6278.npy
the-finger,the-finger,the-finger_7098,train,./dataset/skeleton_final_v2/the-finger/the-finger_7098.npy,./batch_thefinger/fitted/the-finger_7098.npy
ok,ok,ok (39),train,./dataset/skeleton_final_v2/ok/ok (39).npy,./batch_ok/fitted/ok (39).npy
thumb,thumbdown,thumbdown_6256,train,./dataset/skeleton_final_v2/thumbdown/thumbdown_6256.npy,./data/salux_refined_6cls/thumb_sources/thumbdown/fitted/thumbdown_6256.npy
thumb,thumbdown,thumbdown (23),train,./dataset/skeleton_final_v2/thumbdown/thumbdown (23).npy,./data/salux_refined_6cls/thumb_sources/thumbdown/fitted/thumbdown (23).npy
ok,ok,ok_Set2_ (227),train,./dataset/skeleton_final_v2/ok/ok_Set2_ (227).npy,./batch_ok/fitted/ok_Set2_ (227).npy
paper,paper,paper_3756,train,./dataset/skeleton_final_v2/paper/paper_3756.npy,./batch_paper/fitted/paper_3756.npy
thumb,thumbup,thumbup (288),train,./dataset/skeleton_final_v2/thumbup/thumbup (288).npy,./data/salux_refined_6cls/thumb_sources/thumbup/fitted/thumbup (288).npy
paper,paper,paper-set2 (237),train,./dataset/skeleton_final_v2/paper/paper-set2 (237).npy,./batch_paper/fitted/paper-set2 (237).npy
the-finger,the-finger,the-finger_1359,train,./dataset/skeleton_final_v2/the-finger/the-finger_1359.npy,./batch_thefinger/fitted/the-finger_1359.npy
the-finger,the-finger,the-finger_7480,train,./dataset/skeleton_final_v2/the-finger/the-finger_7480.npy,./batch_thefinger/fitted/the-finger_7480.npy
scissors,scissors,scissors-set2 (731),train,./dataset/skeleton_final_v2/scissors/scissors-set2 (731).npy,./batch_scissors/fitted/scissors-set2 (731).npy
paper,paper,paper-set2 (386),train,./dataset/skeleton_final_v2/paper/paper-set2 (386).npy,./batch_paper/fitted/paper-set2 (386).npy
paper,paper,paper-set2 (63),train,./dataset/skeleton_final_v2/paper/paper-set2 (63).npy,./batch_paper/fitted/paper-set2 (63).npy
scissors,scissors,scissors_2780,train,./dataset/skeleton_final_v2/scissors/scissors_2780.npy,./batch_scissors/fitted/scissors_2780.npy
thumb,thumbup,thumbup (158),train,./dataset/skeleton_final_v2/thumbup/thumbup (158).npy,./data/salux_refined_6cls/thumb_sources/thumbup/fitted/thumbup (158).npy
ok,ok,ok_2951,train,./dataset/skeleton_final_v2/ok/ok_2951.npy,./batch_ok/fitted/ok_2951.npy
scissors,scissors,scissors-set2 (291),train,./dataset/skeleton_final_v2/scissors/scissors-set2 (291).npy,./batch_scissors/fitted/scissors-set2 (291).npy
ok,ok,ok_Set2_ (19),train,./dataset/skeleton_final_v2/ok/ok_Set2_ (19).npy,./batch_ok/fitted/ok_Set2_ (19).npy
thumb,thumbdown,thumbdown_6032,train,./dataset/skeleton_final_v2/thumbdown/thumbdown_6032.npy,./data/salux_refined_6cls/thumb_sources/thumbdown/fitted/thumbdown_6032.npy
scissors,scissors,scissors (364),train,./dataset/skeleton_final_v2/scissors/scissors (364).npy,./batch_scissors/fitted/scissors (364).npy
thumb,thumbup,thumbup_4130,train,./dataset/skeleton_final_v2/thumbup/thumbup_4130.npy,./data/salux_refined_6cls/thumb_sources/thumbup/fitted/thumbup_4130.npy
paper,paper,paper-set2 (145),train,./dataset/skeleton_final_v2/paper/paper-set2 (145).npy,./batch_paper/fitted/paper-set2 (145).npy
thumb,thumbdown,hand-11-820,train,./dataset/skeleton_final_v2/thumbdown/hand-11-820.npy,./data/salux_refined_6cls/thumb_sources/thumbdown/fitted/hand-11-820.npy
rock,rock,rock (11),train,./dataset/skeleton_final_v2/rock/rock (11).npy,./batch_rock/fitted/rock (11).npy
scissors,scissors,scissors_5487,train,./dataset/skeleton_final_v2/scissors/scissors_5487.npy,./batch_scissors/fitted/scissors_5487.npy
ok,ok,ok_Set2_ (424),train,./dataset/skeleton_final_v2/ok/ok_Set2_ (424).npy,./batch_ok/fitted/ok_Set2_ (424).npy
paper,paper,paper_725,train,./dataset/skeleton_final_v2/paper/paper_725.npy,./batch_paper/fitted/paper_725.npy
scissors,scissors,scissors_1496,train,./dataset/skeleton_final_v2/scissors/scissors_1496.npy,./batch_scissors/fitted/scissors_1496.npy
thumb,thumbup,thumbup (431),train,./dataset/skeleton_final_v2/thumbup/thumbup (431).npy,./data/salux_refined_6cls/thumb_sources/thumbup/fitted/thumbup (431).npy
scissors,scissors,scissors (37),train,./dataset/skeleton_final_v2/scissors/scissors (37).npy,./batch_scissors/fitted/scissors (37).npy
thumb,thumbdown,thumbdown (293),train,./dataset/skeleton_final_v2/thumbdown/thumbdown (293).npy,./data/salux_refined_6cls/thumb_sources/thumbdown/fitted/thumbdown (293).npy
paper,paper,paper_31,train,./dataset/skeleton_final_v2/paper/paper_31.npy,./batch_paper/fitted/paper_31.npy
scissors,scissors,scissors_6956,train,./dataset/skeleton_final_v2/scissors/scissors_6956.npy,./batch_scissors/fitted/scissors_6956.npy
thumb,thumbdown,thumbdown_1333,train,./dataset/skeleton_final_v2/thumbdown/thumbdown_1333.npy,./data/salux_refined_6cls/thumb_sources/thumbdown/fitted/thumbdown_1333.npy
paper,paper,paper_2562,train,./dataset/skeleton_final_v2/paper/paper_2562.npy,./batch_paper/fitted/paper_2562.npy
ok,ok,ok (180),train,./dataset/skeleton_final_v2/ok/ok (180).npy,./batch_ok/fitted/ok (180).npy
thumb,thumbdown,thumbdown (188),train,./dataset/skeleton_final_v2/thumbdown/thumbdown (188).npy,./data/salux_refined_6cls/thumb_sources/thumbdown/fitted/thumbdown (188).npy
thumb,thumbdown,thumbdown_2219,train,./dataset/skeleton_final_v2/thumbdown/thumbdown_2219.npy,./data/salux_refined_6cls/thumb_sources/thumbdown/fitted/thumbdown_2219.npy
scissors,scissors,scissors_5923,train,./dataset/skeleton_final_v2/scissors/scissors_5923.npy,./batch_scissors/fitted/scissors_5923.npy
thumb,thumbup,thumbup (183),train,./dataset/skeleton_final_v2/thumbup/thumbup (183).npy,./data/salux_refined_6cls/thumb_sources/thumbup/fitted/thumbup (183).npy
scissors,scissors,scissors (223),train,./dataset/skeleton_final_v2/scissors/scissors (223).npy,./batch_scissors/fitted/scissors (223).npy
thumb,thumbup,thumbup (140),train,./dataset/skeleton_final_v2/thumbup/thumbup (140).npy,./data/salux_refined_6cls/thumb_sources/thumbup/fitted/thumbup (140).npy
scissors,scissors,scissors (4),train,./dataset/skeleton_final_v2/scissors/scissors (4).npy,./batch_scissors/fitted/scissors (4).npy
thumb,thumbup,hand-9-1560,train,./dataset/skeleton_final_v2/thumbup/hand-9-1560.npy,./data/salux_refined_6cls/thumb_sources/thumbup/fitted/hand-9-1560.npy
thumb,thumbup,thumbup (128),train,./dataset/skeleton_final_v2/thumbup/thumbup (128).npy,./data/salux_refined_6cls/thumb_sources/thumbup/fitted/thumbup (128).npy
ok,ok,ok (145),train,./dataset/skeleton_final_v2/ok/ok (145).npy,./batch_ok/fitted/ok (145).npy
thumb,thumbup,thumbup (495),train,./dataset/skeleton_final_v2/thumbup/thumbup (495).npy,./data/salux_refined_6cls/thumb_sources/thumbup/fitted/thumbup (495).npy
ok,ok,ok_Set2_ (481),train,./dataset/skeleton_final_v2/ok/ok_Set2_ (481).npy,./batch_ok/fitted/ok_Set2_ (481).npy
ok,ok,ok_Set2_ (41),train,./dataset/skeleton_final_v2/ok/ok_Set2_ (41).npy,./batch_ok/fitted/ok_Set2_ (41).npy
thumb,thumbup,thumbup (71),train,./dataset/skeleton_final_v2/thumbup/thumbup (71).npy,./data/salux_refined_6cls/thumb_sources/thumbup/fitted/thumbup (71).npy
rock,rock,rock-set2 (355),train,./dataset/skeleton_final_v2/rock/rock-set2 (355).npy,./batch_rock/fitted/rock-set2 (355).npy
paper,paper,paper (247),train,./dataset/skeleton_final_v2/paper/paper (247).npy,./batch_paper/fitted/paper (247).npy
the-finger,the-finger,the-finger_3462,train,./dataset/skeleton_final_v2/the-finger/the-finger_3462.npy,./batch_thefinger/fitted/the-finger_3462.npy
thumb,thumbdown,thumbdown_7238,train,./dataset/skeleton_final_v2/thumbdown/thumbdown_7238.npy,./data/salux_refined_6cls/thumb_sources/thumbdown/fitted/thumbdown_7238.npy
scissors,scissors,scissors-set2 (610),train,./dataset/skeleton_final_v2/scissors/scissors-set2 (610).npy,./batch_scissors/fitted/scissors-set2 (610).npy
the-finger,the-finger,the-finger-set2 (146),train,./dataset/skeleton_final_v2/the-finger/the-finger-set2 (146).npy,./batch_thefinger/fitted/the-finger-set2 (146).npy
the-finger,the-finger,the-finger_6289,train,./dataset/skeleton_final_v2/the-finger/the-finger_6289.npy,./batch_thefinger/fitted/the-finger_6289.npy
paper,paper,paper-set2 (429),train,./dataset/skeleton_final_v2/paper/paper-set2 (429).npy,./batch_paper/fitted/paper-set2 (429).npy
scissors,scissors,scissors-set2 (306),train,./dataset/skeleton_final_v2/scissors/scissors-set2 (306).npy,./batch_scissors/fitted/scissors-set2 (306).npy
ok,ok,ok (186),train,./dataset/skeleton_final_v2/ok/ok (186).npy,./batch_ok/fitted/ok (186).npy
ok,ok,ok_4106,train,./dataset/skeleton_final_v2/ok/ok_4106.npy,./batch_ok/fitted/ok_4106.npy
thumb,thumbdown,thumbdown (315),train,./dataset/skeleton_final_v2/thumbdown/thumbdown (315).npy,./data/salux_refined_6cls/thumb_sources/thumbdown/fitted/thumbdown (315).npy
ok,ok,ok_Set2_ (529),train,./dataset/skeleton_final_v2/ok/ok_Set2_ (529).npy,./batch_ok/fitted/ok_Set2_ (529).npy
scissors,scissors,scissors-set2 (418),train,./dataset/skeleton_final_v2/scissors/scissors-set2 (418).npy,./batch_scissors/fitted/scissors-set2 (418).npy
thumb,thumbup,thumbup_6769,train,./dataset/skeleton_final_v2/thumbup/thumbup_6769.npy,./data/salux_refined_6cls/thumb_sources/thumbup/fitted/thumbup_6769.npy
paper,paper,paper_5138,train,./dataset/skeleton_final_v2/paper/paper_5138.npy,./batch_paper/fitted/paper_5138.npy
scissors,scissors,scissors-set2 (112),train,./dataset/skeleton_final_v2/scissors/scissors-set2 (112).npy,./batch_scissors/fitted/scissors-set2 (112).npy
ok,ok,ok_Set2_ (220),train,./dataset/skeleton_final_v2/ok/ok_Set2_ (220).npy,./batch_ok/fitted/ok_Set2_ (220).npy
thumb,thumbup,thumbup (209),train,./dataset/skeleton_final_v2/thumbup/thumbup (209).npy,./data/salux_refined_6cls/thumb_sources/thumbup/fitted/thumbup (209).npy
the-finger,the-finger,the-finger-set2 (276),train,./dataset/skeleton_final_v2/the-finger/the-finger-set2 (276).npy,./batch_thefinger/fitted/the-finger-set2 (276).npy
scissors,scissors,scissors_6367,train,./dataset/skeleton_final_v2/scissors/scissors_6367.npy,./batch_scissors/fitted/scissors_6367.npy
thumb,thumbup,thumbup (64),train,./dataset/skeleton_final_v2/thumbup/thumbup (64).npy,./data/salux_refined_6cls/thumb_sources/thumbup/fitted/thumbup (64).npy
scissors,scissors,scissors (112),train,./dataset/skeleton_final_v2/scissors/scissors (112).npy,./batch_scissors/fitted/scissors (112).npy
thumb,thumbup,thumbup_6411,train,./dataset/skeleton_final_v2/thumbup/thumbup_6411.npy,./data/salux_refined_6cls/thumb_sources/thumbup/fitted/thumbup_6411.npy
ok,ok,ok_73,train,./dataset/skeleton_final_v2/ok/ok_73.npy,./batch_ok/fitted/ok_73.npy
thumb,thumbdown,thumbdown_7445,train,./dataset/skeleton_final_v2/thumbdown/thumbdown_7445.npy,./data/salux_refined_6cls/thumb_sources/thumbdown/fitted/thumbdown_7445.npy
thumb,thumbdown,hand-11-760,train,./dataset/skeleton_final_v2/thumbdown/hand-11-760.npy,./data/salux_refined_6cls/thumb_sources/thumbdown/fitted/hand-11-760.npy
scissors,scissors,scissors (278),train,./dataset/skeleton_final_v2/scissors/scissors (278).npy,./batch_scissors/fitted/scissors (278).npy
thumb,thumbdown,thumbdown_4401,train,./dataset/skeleton_final_v2/thumbdown/thumbdown_4401.npy,./data/salux_refined_6cls/thumb_sources/thumbdown/fitted/thumbdown_4401.npy
thumb,thumbup,thumbup (33),train,./dataset/skeleton_final_v2/thumbup/thumbup (33).npy,./data/salux_refined_6cls/thumb_sources/thumbup/fitted/thumbup (33).npy
scissors,scissors,scissors_5502,train,./dataset/skeleton_final_v2/scissors/scissors_5502.npy,./batch_scissors/fitted/scissors_5502.npy
paper,paper,paper-set2 (331),train,./dataset/skeleton_final_v2/paper/paper-set2 (331).npy,./batch_paper/fitted/paper-set2 (331).npy
paper,paper,paper (137),train,./dataset/skeleton_final_v2/paper/paper (137).npy,./batch_paper/fitted/paper (137).npy
ok,ok,ok_Set2_ (29),train,./dataset/skeleton_final_v2/ok/ok_Set2_ (29).npy,./batch_ok/fitted/ok_Set2_ (29).npy
paper,paper,paper-set2 (267),train,./dataset/skeleton_final_v2/paper/paper-set2 (267).npy,./batch_paper/fitted/paper-set2 (267).npy
scissors,scissors,scissors-set2 (677),train,./dataset/skeleton_final_v2/scissors/scissors-set2 (677).npy,./batch_scissors/fitted/scissors-set2 (677).npy
thumb,thumbup,thumbup_1656,train,./dataset/skeleton_final_v2/thumbup/thumbup_1656.npy,./data/salux_refined_6cls/thumb_sources/thumbup/fitted/thumbup_1656.npy
ok,ok,ok_Set2_ (363),train,./dataset/skeleton_final_v2/ok/ok_Set2_ (363).npy,./batch_ok/fitted/ok_Set2_ (363).npy
the-finger,the-finger,the-finger (122),train,./dataset/skeleton_final_v2/the-finger/the-finger (122).npy,./batch_thefinger/fitted/the-finger (122).npy
the-finger,the-finger,the-finger_5847,train,./dataset/skeleton_final_v2/the-finger/the-finger_5847.npy,./batch_thefinger/fitted/the-finger_5847.npy
ok,ok,ok (83),train,./dataset/skeleton_final_v2/ok/ok (83).npy,./batch_ok/fitted/ok (83).npy
the-finger,the-finger,the-finger-set2 (311),train,./dataset/skeleton_final_v2/the-finger/the-finger-set2 (311).npy,./batch_thefinger/fitted/the-finger-set2 (311).npy
thumb,thumbdown,thumbdown_4392,train,./dataset/skeleton_final_v2/thumbdown/thumbdown_4392.npy,./data/salux_refined_6cls/thumb_sources/thumbdown/fitted/thumbdown_4392.npy
thumb,thumbdown,thumbdown_6809,train,./dataset/skeleton_final_v2/thumbdown/thumbdown_6809.npy,./data/salux_refined_6cls/thumb_sources/thumbdown/fitted/thumbdown_6809.npy
paper,paper,paper (109),train,./dataset/skeleton_final_v2/paper/paper (109).npy,./batch_paper/fitted/paper (109).npy
thumb,thumbdown,thumbdown_2239,train,./dataset/skeleton_final_v2/thumbdown/thumbdown_2239.npy,./data/salux_refined_6cls/thumb_sources/thumbdown/fitted/thumbdown_2239.npy
ok,ok,ok_Set2_ (12),train,./dataset/skeleton_final_v2/ok/ok_Set2_ (12).npy,./batch_ok/fitted/ok_Set2_ (12).npy
the-finger,the-finger,the-finger_3478,train,./dataset/skeleton_final_v2/the-finger/the-finger_3478.npy,./batch_thefinger/fitted/the-finger_3478.npy
scissors,scissors,scissors (88),train,./dataset/skeleton_final_v2/scissors/scissors (88).npy,./batch_scissors/fitted/scissors (88).npy
rock,rock,rock_3609,train,./dataset/skeleton_final_v2/rock/rock_3609.npy,./batch_rock/fitted/rock_3609.npy
ok,ok,ok_Set2_ (578),train,./dataset/skeleton_final_v2/ok/ok_Set2_ (578).npy,./batch_ok/fitted/ok_Set2_ (578).npy
ok,ok,ok_9242,train,./dataset/skeleton_final_v2/ok/ok_9242.npy,./batch_ok/fitted/ok_9242.npy
thumb,thumbup,thumbup (480),train,./dataset/skeleton_final_v2/thumbup/thumbup (480).npy,./data/salux_refined_6cls/thumb_sources/thumbup/fitted/thumbup (480).npy
paper,paper,paper (64),train,./dataset/skeleton_final_v2/paper/paper (64).npy,./batch_paper/fitted/paper (64).npy
rock,rock,rock_6674,train,./dataset/skeleton_final_v2/rock/rock_6674.npy,./batch_rock/fitted/rock_6674.npy
rock,rock,rock-set2 (356),train,./dataset/skeleton_final_v2/rock/rock-set2 (356).npy,./batch_rock/fitted/rock-set2 (356).npy
scissors,scissors,scissors_2776,train,./dataset/skeleton_final_v2/scissors/scissors_2776.npy,./batch_scissors/fitted/scissors_2776.npy
ok,ok,ok_2953,train,./dataset/skeleton_final_v2/ok/ok_2953.npy,./batch_ok/fitted/ok_2953.npy
thumb,thumbdown,thumbdown_9414,train,./dataset/skeleton_final_v2/thumbdown/thumbdown_9414.npy,./data/salux_refined_6cls/thumb_sources/thumbdown/fitted/thumbdown_9414.npy
ok,ok,ok_5953,train,./dataset/skeleton_final_v2/ok/ok_5953.npy,./batch_ok/fitted/ok_5953.npy
scissors,scissors,scissors_2638,train,./dataset/skeleton_final_v2/scissors/scissors_2638.npy,./batch_scissors/fitted/scissors_2638.npy
the-finger,the-finger,the-finger (74),train,./dataset/skeleton_final_v2/the-finger/the-finger (74).npy,./batch_thefinger/fitted/the-finger (74).npy
scissors,scissors,scissors-set2 (709),train,./dataset/skeleton_final_v2/scissors/scissors-set2 (709).npy,./batch_scissors/fitted/scissors-set2 (709).npy
scissors,scissors,scissors (332),train,./dataset/skeleton_final_v2/scissors/scissors (332).npy,./batch_scissors/fitted/scissors (332).npy
paper,paper,paper-set2 (71),train,./dataset/skeleton_final_v2/paper/paper-set2 (71).npy,./batch_paper/fitted/paper-set2 (71).npy
paper,paper,paper-set2 (359),train,./dataset/skeleton_final_v2/paper/paper-set2 (359).npy,./batch_paper/fitted/paper-set2 (359).npy
the-finger,the-finger,the-finger-set2 (369),train,./dataset/skeleton_final_v2/the-finger/the-finger-set2 (369).npy,./batch_thefinger/fitted/the-finger-set2 (369).npy
thumb,thumbup,hand-10-2130,train,./dataset/skeleton_final_v2/thumbup/hand-10-2130.npy,./data/salux_refined_6cls/thumb_sources/thumbup/fitted/hand-10-2130.npy
paper,paper,paper_35,train,./dataset/skeleton_final_v2/paper/paper_35.npy,./batch_paper/fitted/paper_35.npy
thumb,thumbup,thumbup_7028,train,./dataset/skeleton_final_v2/thumbup/thumbup_7028.npy,./data/salux_refined_6cls/thumb_sources/thumbup/fitted/thumbup_7028.npy
scissors,scissors,scissors-set2 (445),train,./dataset/skeleton_final_v2/scissors/scissors-set2 (445).npy,./batch_scissors/fitted/scissors-set2 (445).npy
the-finger,the-finger,the-finger-set2 (106),train,./dataset/skeleton_final_v2/the-finger/the-finger-set2 (106).npy,./batch_thefinger/fitted/the-finger-set2 (106).npy
the-finger,the-finger,the-finger-set2 (30),train,./dataset/skeleton_final_v2/the-finger/the-finger-set2 (30).npy,./batch_thefinger/fitted/the-finger-set2 (30).npy
ok,ok,ok_Set2_ (556),train,./dataset/skeleton_final_v2/ok/ok_Set2_ (556).npy,./batch_ok/fitted/ok_Set2_ (556).npy
ok,ok,ok_Set2_ (268),train,./dataset/skeleton_final_v2/ok/ok_Set2_ (268).npy,./batch_ok/fitted/ok_Set2_ (268).npy
thumb,thumbup,hand-11-515,train,./dataset/skeleton_final_v2/thumbup/hand-11-515.npy,./data/salux_refined_6cls/thumb_sources/thumbup/fitted/hand-11-515.npy
thumb,thumbup,thumbup (228),train,./dataset/skeleton_final_v2/thumbup/thumbup (228).npy,./data/salux_refined_6cls/thumb_sources/thumbup/fitted/thumbup (228).npy
scissors,scissors,scissors_5235,train,./dataset/skeleton_final_v2/scissors/scissors_5235.npy,./batch_scissors/fitted/scissors_5235.npy
paper,paper,paper-set2 (426),train,./dataset/skeleton_final_v2/paper/paper-set2 (426).npy,./batch_paper/fitted/paper-set2 (426).npy
scissors,scissors,scissors-set2 (489),train,./dataset/skeleton_final_v2/scissors/scissors-set2 (489).npy,./batch_scissors/fitted/scissors-set2 (489).npy
scissors,scissors,scissors (80),train,./dataset/skeleton_final_v2/scissors/scissors (80).npy,./batch_scissors/fitted/scissors (80).npy
thumb,thumbup,hand-10-15,train,./dataset/skeleton_final_v2/thumbup/hand-10-15.npy,./data/salux_refined_6cls/thumb_sources/thumbup/fitted/hand-10-15.npy
scissors,scissors,scissors-set2 (292),train,./dataset/skeleton_final_v2/scissors/scissors-set2 (292).npy,./batch_scissors/fitted/scissors-set2 (292).npy
paper,paper,paper_6124,train,./dataset/skeleton_final_v2/paper/paper_6124.npy,./batch_paper/fitted/paper_6124.npy
thumb,thumbup,thumbup (473),train,./dataset/skeleton_final_v2/thumbup/thumbup (473).npy,./data/salux_refined_6cls/thumb_sources/thumbup/fitted/thumbup (473).npy
scissors,scissors,scissors-set2 (621),train,./dataset/skeleton_final_v2/scissors/scissors-set2 (621).npy,./batch_scissors/fitted/scissors-set2 (621).npy
thumb,thumbup,thumbup_8970,train,./dataset/skeleton_final_v2/thumbup/thumbup_8970.npy,./data/salux_refined_6cls/thumb_sources/thumbup/fitted/thumbup_8970.npy
paper,paper,paper-set2 (197),train,./dataset/skeleton_final_v2/paper/paper-set2 (197).npy,./batch_paper/fitted/paper-set2 (197).npy
scissors,scissors,scissors_7976,train,./dataset/skeleton_final_v2/scissors/scissors_7976.npy,./batch_scissors/fitted/scissors_7976.npy
paper,paper,paper_3697,train,./dataset/skeleton_final_v2/paper/paper_3697.npy,./batch_paper/fitted/paper_3697.npy
paper,paper,paper_1464,train,./dataset/skeleton_final_v2/paper/paper_1464.npy,./batch_paper/fitted/paper_1464.npy
ok,ok,ok_Set2_ (9),train,./dataset/skeleton_final_v2/ok/ok_Set2_ (9).npy,./batch_ok/fitted/ok_Set2_ (9).npy
scissors,scissors,scissors-set2 (485),train,./dataset/skeleton_final_v2/scissors/scissors-set2 (485).npy,./batch_scissors/fitted/scissors-set2 (485).npy
paper,paper,paper-set2 (70),train,./dataset/skeleton_final_v2/paper/paper-set2 (70).npy,./batch_paper/fitted/paper-set2 (70).npy
paper,paper,paper (85),train,./dataset/skeleton_final_v2/paper/paper (85).npy,./batch_paper/fitted/paper (85).npy
scissors,scissors,scissors_5930,train,./dataset/skeleton_final_v2/scissors/scissors_5930.npy,./batch_scissors/fitted/scissors_5930.npy
paper,paper,paper-set2 (499),train,./dataset/skeleton_final_v2/paper/paper-set2 (499).npy,./batch_paper/fitted/paper-set2 (499).npy
scissors,scissors,scissors (9),train,./dataset/skeleton_final_v2/scissors/scissors (9).npy,./batch_scissors/fitted/scissors (9).npy
paper,paper,paper_1442,train,./dataset/skeleton_final_v2/paper/paper_1442.npy,./batch_paper/fitted/paper_1442.npy
paper,paper,paper_5904,train,./dataset/skeleton_final_v2/paper/paper_5904.npy,./batch_paper/fitted/paper_5904.npy
ok,ok,ok (171),train,./dataset/skeleton_final_v2/ok/ok (171).npy,./batch_ok/fitted/ok (171).npy
the-finger,the-finger,the-finger-set2 (441),train,./dataset/skeleton_final_v2/the-finger/the-finger-set2 (441).npy,./batch_thefinger/fitted/the-finger-set2 (441).npy
paper,paper,paper-set2 (288),train,./dataset/skeleton_final_v2/paper/paper-set2 (288).npy,./batch_paper/fitted/paper-set2 (288).npy
ok,ok,ok_7002,train,./dataset/skeleton_final_v2/ok/ok_7002.npy,./batch_ok/fitted/ok_7002.npy
paper,paper,paper (28),train,./dataset/skeleton_final_v2/paper/paper (28).npy,./batch_paper/fitted/paper (28).npy
ok,ok,ok_3953,train,./dataset/skeleton_final_v2/ok/ok_3953.npy,./batch_ok/fitted/ok_3953.npy
ok,ok,ok_6588,train,./dataset/skeleton_final_v2/ok/ok_6588.npy,./batch_ok/fitted/ok_6588.npy
paper,paper,paper (87),train,./dataset/skeleton_final_v2/paper/paper (87).npy,./batch_paper/fitted/paper (87).npy
paper,paper,paper_2469,train,./dataset/skeleton_final_v2/paper/paper_2469.npy,./batch_paper/fitted/paper_2469.npy
thumb,thumbdown,thumbdown_3305,train,./dataset/skeleton_final_v2/thumbdown/thumbdown_3305.npy,./data/salux_refined_6cls/thumb_sources/thumbdown/fitted/thumbdown_3305.npy
ok,ok,ok_6171,train,./dataset/skeleton_final_v2/ok/ok_6171.npy,./batch_ok/fitted/ok_6171.npy
scissors,scissors,scissors-set2 (506),train,./dataset/skeleton_final_v2/scissors/scissors-set2 (506).npy,./batch_scissors/fitted/scissors-set2 (506).npy
thumb,thumbdown,thumbdown (182),train,./dataset/skeleton_final_v2/thumbdown/thumbdown (182).npy,./data/salux_refined_6cls/thumb_sources/thumbdown/fitted/thumbdown (182).npy
thumb,thumbdown,hand-10-560,train,./dataset/skeleton_final_v2/thumbdown/hand-10-560.npy,./data/salux_refined_6cls/thumb_sources/thumbdown/fitted/hand-10-560.npy
rock,rock,rock_3628,train,./dataset/skeleton_final_v2/rock/rock_3628.npy,./batch_rock/fitted/rock_3628.npy
ok,ok,ok_Set2_ (499),train,./dataset/skeleton_final_v2/ok/ok_Set2_ (499).npy,./batch_ok/fitted/ok_Set2_ (499).npy
paper,paper,paper-set2 (133),train,./dataset/skeleton_final_v2/paper/paper-set2 (133).npy,./batch_paper/fitted/paper-set2 (133).npy
paper,paper,paper (10),train,./dataset/skeleton_final_v2/paper/paper (10).npy,./batch_paper/fitted/paper (10).npy
the-finger,the-finger,the-finger_3482,train,./dataset/skeleton_final_v2/the-finger/the-finger_3482.npy,./batch_thefinger/fitted/the-finger_3482.npy
rock,rock,rock (145),train,./dataset/skeleton_final_v2/rock/rock (145).npy,./batch_rock/fitted/rock (145).npy
ok,ok,ok (198),train,./dataset/skeleton_final_v2/ok/ok (198).npy,./batch_ok/fitted/ok (198).npy
the-finger,the-finger,the-finger_6288,train,./dataset/skeleton_final_v2/the-finger/the-finger_6288.npy,./batch_thefinger/fitted/the-finger_6288.npy
rock,rock,rock_9120,train,./dataset/skeleton_final_v2/rock/rock_9120.npy,./batch_rock/fitted/rock_9120.npy
thumb,thumbup,thumbup (124),train,./dataset/skeleton_final_v2/thumbup/thumbup (124).npy,./data/salux_refined_6cls/thumb_sources/thumbup/fitted/thumbup (124).npy
ok,ok,ok (81),train,./dataset/skeleton_final_v2/ok/ok (81).npy,./batch_ok/fitted/ok (81).npy
ok,ok,ok (190),train,./dataset/skeleton_final_v2/ok/ok (190).npy,./batch_ok/fitted/ok (190).npy
scissors,scissors,scissors-set2 (451),train,./dataset/skeleton_final_v2/scissors/scissors-set2 (451).npy,./batch_scissors/fitted/scissors-set2 (451).npy
scissors,scissors,scissors_5751,train,./dataset/skeleton_final_v2/scissors/scissors_5751.npy,./batch_scissors/fitted/scissors_5751.npy
paper,paper,paper-set2 (274),train,./dataset/skeleton_final_v2/paper/paper-set2 (274).npy,./batch_paper/fitted/paper-set2 (274).npy
paper,paper,paper-set2 (378),train,./dataset/skeleton_final_v2/paper/paper-set2 (378).npy,./batch_paper/fitted/paper-set2 (378).npy
thumb,thumbdown,thumbdown (241),train,./dataset/skeleton_final_v2/thumbdown/thumbdown (241).npy,./data/salux_refined_6cls/thumb_sources/thumbdown/fitted/thumbdown (241).npy
the-finger,the-finger,the-finger-set2 (278),train,./dataset/skeleton_final_v2/the-finger/the-finger-set2 (278).npy,./batch_thefinger/fitted/the-finger-set2 (278).npy
the-finger,the-finger,the-finger_3456,train,./dataset/skeleton_final_v2/the-finger/the-finger_3456.npy,./batch_thefinger/fitted/the-finger_3456.npy
thumb,thumbup,thumbup (48),train,./dataset/skeleton_final_v2/thumbup/thumbup (48).npy,./data/salux_refined_6cls/thumb_sources/thumbup/fitted/thumbup (48).npy
scissors,scissors,scissors-set2 (91),train,./dataset/skeleton_final_v2/scissors/scissors-set2 (91).npy,./batch_scissors/fitted/scissors-set2 (91).npy
scissors,scissors,scissors-set2 (509),train,./dataset/skeleton_final_v2/scissors/scissors-set2 (509).npy,./batch_scissors/fitted/scissors-set2 (509).npy
ok,ok,ok_Set2_ (203),train,./dataset/skeleton_final_v2/ok/ok_Set2_ (203).npy,./batch_ok/fitted/ok_Set2_ (203).npy
the-finger,the-finger,the-finger-set2 (320),train,./dataset/skeleton_final_v2/the-finger/the-finger-set2 (320).npy,./batch_thefinger/fitted/the-finger-set2 (320).npy
thumb,thumbdown,thumbdown_850,train,./dataset/skeleton_final_v2/thumbdown/thumbdown_850.npy,./data/salux_refined_6cls/thumb_sources/thumbdown/fitted/thumbdown_850.npy
ok,ok,ok_Set2_ (440),train,./dataset/skeleton_final_v2/ok/ok_Set2_ (440).npy,./batch_ok/fitted/ok_Set2_ (440).npy
thumb,thumbup,thumbup (419),train,./dataset/skeleton_final_v2/thumbup/thumbup (419).npy,./data/salux_refined_6cls/thumb_sources/thumbup/fitted/thumbup (419).npy
scissors,scissors,scissors-set2 (694),train,./dataset/skeleton_final_v2/scissors/scissors-set2 (694).npy,./batch_scissors/fitted/scissors-set2 (694).npy
scissors,scissors,scissors (213),train,./dataset/skeleton_final_v2/scissors/scissors (213).npy,./batch_scissors/fitted/scissors (213).npy
ok,ok,ok_2742,train,./dataset/skeleton_final_v2/ok/ok_2742.npy,./batch_ok/fitted/ok_2742.npy
ok,ok,ok_2682,train,./dataset/skeleton_final_v2/ok/ok_2682.npy,./batch_ok/fitted/ok_2682.npy
thumb,thumbup,thumbup_7057,train,./dataset/skeleton_final_v2/thumbup/thumbup_7057.npy,./data/salux_refined_6cls/thumb_sources/thumbup/fitted/thumbup_7057.npy
thumb,thumbdown,hand-9-2025,train,./dataset/skeleton_final_v2/thumbdown/hand-9-2025.npy,./data/salux_refined_6cls/thumb_sources/thumbdown/fitted/hand-9-2025.npy
paper,paper,paper-set2 (285),train,./dataset/skeleton_final_v2/paper/paper-set2 (285).npy,./batch_paper/fitted/paper-set2 (285).npy
thumb,thumbup,thumbup (241),train,./dataset/skeleton_final_v2/thumbup/thumbup (241).npy,./data/salux_refined_6cls/thumb_sources/thumbup/fitted/thumbup (241).npy
scissors,scissors,scissors (397),train,./dataset/skeleton_final_v2/scissors/scissors (397).npy,./batch_scissors/fitted/scissors (397).npy
thumb,thumbdown,thumbdown_2229,train,./dataset/skeleton_final_v2/thumbdown/thumbdown_2229.npy,./data/salux_refined_6cls/thumb_sources/thumbdown/fitted/thumbdown_2229.npy
the-finger,the-finger,the-finger (140),train,./dataset/skeleton_final_v2/the-finger/the-finger (140).npy,./batch_thefinger/fitted/the-finger (140).npy
ok,ok,ok_74,train,./dataset/skeleton_final_v2/ok/ok_74.npy,./batch_ok/fitted/ok_74.npy
paper,paper,paper-set2 (293),train,./dataset/skeleton_final_v2/paper/paper-set2 (293).npy,./batch_paper/fitted/paper-set2 (293).npy
scissors,scissors,scissors-set2 (410),train,./dataset/skeleton_final_v2/scissors/scissors-set2 (410).npy,./batch_scissors/fitted/scissors-set2 (410).npy
ok,ok,ok_Set2_ (470),train,./dataset/skeleton_final_v2/ok/ok_Set2_ (470).npy,./batch_ok/fitted/ok_Set2_ (470).npy
thumb,thumbdown,thumbdown_540,train,./dataset/skeleton_final_v2/thumbdown/thumbdown_540.npy,./data/salux_refined_6cls/thumb_sources/thumbdown/fitted/thumbdown_540.npy
ok,ok,ok_Set2_ (444),train,./dataset/skeleton_final_v2/ok/ok_Set2_ (444).npy,./batch_ok/fitted/ok_Set2_ (444).npy
the-finger,the-finger,the-finger (158),train,./dataset/skeleton_final_v2/the-finger/the-finger (158).npy,./batch_thefinger/fitted/the-finger (158).npy
ok,ok,ok (151),train,./dataset/skeleton_final_v2/ok/ok (151).npy,./batch_ok/fitted/ok (151).npy
thumb,thumbup,hand-11-2125,train,./dataset/skeleton_final_v2/thumbup/hand-11-2125.npy,./data/salux_refined_6cls/thumb_sources/thumbup/fitted/hand-11-2125.npy
paper,paper,paper_5142,train,./dataset/skeleton_final_v2/paper/paper_5142.npy,./batch_paper/fitted/paper_5142.npy
ok,ok,ok_Set2_ (398),train,./dataset/skeleton_final_v2/ok/ok_Set2_ (398).npy,./batch_ok/fitted/ok_Set2_ (398).npy
the-finger,the-finger,the-finger-set2 (391),train,./dataset/skeleton_final_v2/the-finger/the-finger-set2 (391).npy,./batch_thefinger/fitted/the-finger-set2 (391).npy
thumb,thumbup,thumbup (256),train,./dataset/skeleton_final_v2/thumbup/thumbup (256).npy,./data/salux_refined_6cls/thumb_sources/thumbup/fitted/thumbup (256).npy
scissors,scissors,scissors_1875,train,./dataset/skeleton_final_v2/scissors/scissors_1875.npy,./batch_scissors/fitted/scissors_1875.npy
scissors,scissors,scissors-set2 (488),train,./dataset/skeleton_final_v2/scissors/scissors-set2 (488).npy,./batch_scissors/fitted/scissors-set2 (488).npy
the-finger,the-finger,the-finger_234,train,./dataset/skeleton_final_v2/the-finger/the-finger_234.npy,./batch_thefinger/fitted/the-finger_234.npy
thumb,thumbup,hand-11-2310,train,./dataset/skeleton_final_v2/thumbup/hand-11-2310.npy,./data/salux_refined_6cls/thumb_sources/thumbup/fitted/hand-11-2310.npy
thumb,thumbdown,thumbdown_6854,train,./dataset/skeleton_final_v2/thumbdown/thumbdown_6854.npy,./data/salux_refined_6cls/thumb_sources/thumbdown/fitted/thumbdown_6854.npy
the-finger,the-finger,the-finger (133),train,./dataset/skeleton_final_v2/the-finger/the-finger (133).npy,./batch_thefinger/fitted/the-finger (133).npy
paper,paper,paper_6337,train,./dataset/skeleton_final_v2/paper/paper_6337.npy,./batch_paper/fitted/paper_6337.npy
thumb,thumbup,thumbup_141,train,./dataset/skeleton_final_v2/thumbup/thumbup_141.npy,./data/salux_refined_6cls/thumb_sources/thumbup/fitted/thumbup_141.npy
scissors,scissors,scissors_6944,train,./dataset/skeleton_final_v2/scissors/scissors_6944.npy,./batch_scissors/fitted/scissors_6944.npy
ok,ok,ok_9234,train,./dataset/skeleton_final_v2/ok/ok_9234.npy,./batch_ok/fitted/ok_9234.npy
scissors,scissors,scissors (111),train,./dataset/skeleton_final_v2/scissors/scissors (111).npy,./batch_scissors/fitted/scissors (111).npy
thumb,thumbdown,thumbdown_4382,train,./dataset/skeleton_final_v2/thumbdown/thumbdown_4382.npy,./data/salux_refined_6cls/thumb_sources/thumbdown/fitted/thumbdown_4382.npy
the-finger,the-finger,the-finger (42),train,./dataset/skeleton_final_v2/the-finger/the-finger (42).npy,./batch_thefinger/fitted/the-finger (42).npy
thumb,thumbdown,thumbdown_6852,train,./dataset/skeleton_final_v2/thumbdown/thumbdown_6852.npy,./data/salux_refined_6cls/thumb_sources/thumbdown/fitted/thumbdown_6852.npy
scissors,scissors,scissors_428,train,./dataset/skeleton_final_v2/scissors/scissors_428.npy,./batch_scissors/fitted/scissors_428.npy
the-finger,the-finger,the-finger-set2 (243),train,./dataset/skeleton_final_v2/the-finger/the-finger-set2 (243).npy,./batch_thefinger/fitted/the-finger-set2 (243).npy
thumb,thumbup,thumbup (311),train,./dataset/skeleton_final_v2/thumbup/thumbup (311).npy,./data/salux_refined_6cls/thumb_sources/thumbup/fitted/thumbup (311).npy
thumb,thumbdown,thumbdown (110),train,./dataset/skeleton_final_v2/thumbdown/thumbdown (110).npy,./data/salux_refined_6cls/thumb_sources/thumbdown/fitted/thumbdown (110).npy
the-finger,the-finger,the-finger_3492,train,./dataset/skeleton_final_v2/the-finger/the-finger_3492.npy,./batch_thefinger/fitted/the-finger_3492.npy
ok,ok,ok (182),train,./dataset/skeleton_final_v2/ok/ok (182).npy,./batch_ok/fitted/ok (182).npy
scissors,scissors,scissors-set2 (475),train,./dataset/skeleton_final_v2/scissors/scissors-set2 (475).npy,./batch_scissors/fitted/scissors-set2 (475).npy
scissors,scissors,scissors-set2 (161),train,./dataset/skeleton_final_v2/scissors/scissors-set2 (161).npy,./batch_scissors/fitted/scissors-set2 (161).npy
the-finger,the-finger,the-finger-set2 (162),train,./dataset/skeleton_final_v2/the-finger/the-finger-set2 (162).npy,./batch_thefinger/fitted/the-finger-set2 (162).npy
thumb,thumbup,thumbup (412),train,./dataset/skeleton_final_v2/thumbup/thumbup (412).npy,./data/salux_refined_6cls/thumb_sources/thumbup/fitted/thumbup (412).npy
thumb,thumbdown,thumbdown (273),train,./dataset/skeleton_final_v2/thumbdown/thumbdown (273).npy,./data/salux_refined_6cls/thumb_sources/thumbdown/fitted/thumbdown (273).npy
thumb,thumbup,thumbup (368),train,./dataset/skeleton_final_v2/thumbup/thumbup (368).npy,./data/salux_refined_6cls/thumb_sources/thumbup/fitted/thumbup (368).npy
ok,ok,ok_Set2_ (16),train,./dataset/skeleton_final_v2/ok/ok_Set2_ (16).npy,./batch_ok/fitted/ok_Set2_ (16).npy
paper,paper,paper-set2 (300),train,./dataset/skeleton_final_v2/paper/paper-set2 (300).npy,./batch_paper/fitted/paper-set2 (300).npy
thumb,thumbup,hand-7-1375,train,./dataset/skeleton_final_v2/thumbup/hand-7-1375.npy,./data/salux_refined_6cls/thumb_sources/thumbup/fitted/hand-7-1375.npy
thumb,thumbup,thumbup (182),train,./dataset/skeleton_final_v2/thumbup/thumbup (182).npy,./data/salux_refined_6cls/thumb_sources/thumbup/fitted/thumbup (182).npy
thumb,thumbdown,thumbdown_4427,train,./dataset/skeleton_final_v2/thumbdown/thumbdown_4427.npy,./data/salux_refined_6cls/thumb_sources/thumbdown/fitted/thumbdown_4427.npy
the-finger,the-finger,the-finger-set2 (272),train,./dataset/skeleton_final_v2/the-finger/the-finger-set2 (272).npy,./batch_thefinger/fitted/the-finger-set2 (272).npy
rock,rock,rock-set2 (2),train,./dataset/skeleton_final_v2/rock/rock-set2 (2).npy,./batch_rock/fitted/rock-set2 (2).npy
scissors,scissors,scissors_5759,train,./dataset/skeleton_final_v2/scissors/scissors_5759.npy,./batch_scissors/fitted/scissors_5759.npy
thumb,thumbup,thumbup (159),train,./dataset/skeleton_final_v2/thumbup/thumbup (159).npy,./data/salux_refined_6cls/thumb_sources/thumbup/fitted/thumbup (159).npy
thumb,thumbdown,thumbdown_3263,train,./dataset/skeleton_final_v2/thumbdown/thumbdown_3263.npy,./data/salux_refined_6cls/thumb_sources/thumbdown/fitted/thumbdown_3263.npy
scissors,scissors,scissors_1915,train,./dataset/skeleton_final_v2/scissors/scissors_1915.npy,./batch_scissors/fitted/scissors_1915.npy
thumb,thumbup,thumbup_6220,train,./dataset/skeleton_final_v2/thumbup/thumbup_6220.npy,./data/salux_refined_6cls/thumb_sources/thumbup/fitted/thumbup_6220.npy
ok,ok,ok_Set2_ (293),train,./dataset/skeleton_final_v2/ok/ok_Set2_ (293).npy,./batch_ok/fitted/ok_Set2_ (293).npy
ok,ok,ok_1582,train,./dataset/skeleton_final_v2/ok/ok_1582.npy,./batch_ok/fitted/ok_1582.npy
rock,rock,rock-set2 (596),train,./dataset/skeleton_final_v2/rock/rock-set2 (596).npy,./batch_rock/fitted/rock-set2 (596).npy
scissors,scissors,scissors_426,train,./dataset/skeleton_final_v2/scissors/scissors_426.npy,./batch_scissors/fitted/scissors_426.npy
thumb,thumbup,thumbup_6761,train,./dataset/skeleton_final_v2/thumbup/thumbup_6761.npy,./data/salux_refined_6cls/thumb_sources/thumbup/fitted/thumbup_6761.npy
thumb,thumbdown,thumbdown (307),train,./dataset/skeleton_final_v2/thumbdown/thumbdown (307).npy,./data/salux_refined_6cls/thumb_sources/thumbdown/fitted/thumbdown (307).npy
scissors,scissors,scissors-set2 (118),train,./dataset/skeleton_final_v2/scissors/scissors-set2 (118).npy,./batch_scissors/fitted/scissors-set2 (118).npy
scissors,scissors,scissors-set2 (9),train,./dataset/skeleton_final_v2/scissors/scissors-set2 (9).npy,./batch_scissors/fitted/scissors-set2 (9).npy
thumb,thumbup,thumbup_840,train,./dataset/skeleton_final_v2/thumbup/thumbup_840.npy,./data/salux_refined_6cls/thumb_sources/thumbup/fitted/thumbup_840.npy
scissors,scissors,scissors-set2 (265),train,./dataset/skeleton_final_v2/scissors/scissors-set2 (265).npy,./batch_scissors/fitted/scissors-set2 (265).npy
thumb,thumbdown,thumbdown_179,train,./dataset/skeleton_final_v2/thumbdown/thumbdown_179.npy,./data/salux_refined_6cls/thumb_sources/thumbdown/fitted/thumbdown_179.npy
thumb,thumbdown,thumbdown (55),train,./dataset/skeleton_final_v2/thumbdown/thumbdown (55).npy,./data/salux_refined_6cls/thumb_sources/thumbdown/fitted/thumbdown (55).npy
scissors,scissors,scissors_5217,train,./dataset/skeleton_final_v2/scissors/scissors_5217.npy,./batch_scissors/fitted/scissors_5217.npy
the-finger,the-finger,the-finger_8278,train,./dataset/skeleton_final_v2/the-finger/the-finger_8278.npy,./batch_thefinger/fitted/the-finger_8278.npy
thumb,thumbup,thumbup (381),train,./dataset/skeleton_final_v2/thumbup/thumbup (381).npy,./data/salux_refined_6cls/thumb_sources/thumbup/fitted/thumbup (381).npy
scissors,scissors,scissors (58),train,./dataset/skeleton_final_v2/scissors/scissors (58).npy,./batch_scissors/fitted/scissors (58).npy
the-finger,the-finger,the-finger (106),train,./dataset/skeleton_final_v2/the-finger/the-finger (106).npy,./batch_thefinger/fitted/the-finger (106).npy
ok,ok,ok_Set2_ (209),train,./dataset/skeleton_final_v2/ok/ok_Set2_ (209).npy,./batch_ok/fitted/ok_Set2_ (209).npy
thumb,thumbup,thumbup (173),train,./dataset/skeleton_final_v2/thumbup/thumbup (173).npy,./data/salux_refined_6cls/thumb_sources/thumbup/fitted/thumbup (173).npy
ok,ok,ok_7681,train,./dataset/skeleton_final_v2/ok/ok_7681.npy,./batch_ok/fitted/ok_7681.npy
thumb,thumbdown,thumbdown_7800,train,./dataset/skeleton_final_v2/thumbdown/thumbdown_7800.npy,./data/salux_refined_6cls/thumb_sources/thumbdown/fitted/thumbdown_7800.npy
scissors,scissors,scissors-set2 (496),train,./dataset/skeleton_final_v2/scissors/scissors-set2 (496).npy,./batch_scissors/fitted/scissors-set2 (496).npy
paper,paper,paper_7599,train,./dataset/skeleton_final_v2/paper/paper_7599.npy,./batch_paper/fitted/paper_7599.npy
paper,paper,paper_8772,train,./dataset/skeleton_final_v2/paper/paper_8772.npy,./batch_paper/fitted/paper_8772.npy
the-finger,the-finger,the-finger-set2 (399),train,./dataset/skeleton_final_v2/the-finger/the-finger-set2 (399).npy,./batch_thefinger/fitted/the-finger-set2 (399).npy
thumb,thumbdown,thumbdown (17),train,./dataset/skeleton_final_v2/thumbdown/thumbdown (17).npy,./data/salux_refined_6cls/thumb_sources/thumbdown/fitted/thumbdown (17).npy
thumb,thumbup,thumbup_7209,train,./dataset/skeleton_final_v2/thumbup/thumbup_7209.npy,./data/salux_refined_6cls/thumb_sources/thumbup/fitted/thumbup_7209.npy
ok,ok,ok_2799,train,./dataset/skeleton_final_v2/ok/ok_2799.npy,./batch_ok/fitted/ok_2799.npy
thumb,thumbdown,thumbdown_8238,train,./dataset/skeleton_final_v2/thumbdown/thumbdown_8238.npy,./data/salux_refined_6cls/thumb_sources/thumbdown/fitted/thumbdown_8238.npy
thumb,thumbup,thumbup (70),train,./dataset/skeleton_final_v2/thumbup/thumbup (70).npy,./data/salux_refined_6cls/thumb_sources/thumbup/fitted/thumbup (70).npy
scissors,scissors,scissors-set2 (262),train,./dataset/skeleton_final_v2/scissors/scissors-set2 (262).npy,./batch_scissors/fitted/scissors-set2 (262).npy
ok,ok,ok_2021,train,./dataset/skeleton_final_v2/ok/ok_2021.npy,./batch_ok/fitted/ok_2021.npy
thumb,thumbdown,thumbdown_4438,train,./dataset/skeleton_final_v2/thumbdown/thumbdown_4438.npy,./data/salux_refined_6cls/thumb_sources/thumbdown/fitted/thumbdown_4438.npy
scissors,scissors,scissors_1873,train,./dataset/skeleton_final_v2/scissors/scissors_1873.npy,./batch_scissors/fitted/scissors_1873.npy
the-finger,the-finger,the-finger_1361,train,./dataset/skeleton_final_v2/the-finger/the-finger_1361.npy,./batch_thefinger/fitted/the-finger_1361.npy
ok,ok,ok_4868,train,./dataset/skeleton_final_v2/ok/ok_4868.npy,./batch_ok/fitted/ok_4868.npy
paper,paper,paper-set2 (432),train,./dataset/skeleton_final_v2/paper/paper-set2 (432).npy,./batch_paper/fitted/paper-set2 (432).npy
rock,rock,rock-set2 (53),train,./dataset/skeleton_final_v2/rock/rock-set2 (53).npy,./batch_rock/fitted/rock-set2 (53).npy
thumb,thumbup,thumbup (306),train,./dataset/skeleton_final_v2/thumbup/thumbup (306).npy,./data/salux_refined_6cls/thumb_sources/thumbup/fitted/thumbup (306).npy
thumb,thumbup,thumbup_7718,train,./dataset/skeleton_final_v2/thumbup/thumbup_7718.npy,./data/salux_refined_6cls/thumb_sources/thumbup/fitted/thumbup_7718.npy
thumb,thumbup,thumbup (436),train,./dataset/skeleton_final_v2/thumbup/thumbup (436).npy,./data/salux_refined_6cls/thumb_sources/thumbup/fitted/thumbup (436).npy
thumb,thumbup,thumbup_1255,train,./dataset/skeleton_final_v2/thumbup/thumbup_1255.npy,./data/salux_refined_6cls/thumb_sources/thumbup/fitted/thumbup_1255.npy
scissors,scissors,scissors-set2 (122),train,./dataset/skeleton_final_v2/scissors/scissors-set2 (122).npy,./batch_scissors/fitted/scissors-set2 (122).npy
paper,paper,paper-set2 (420),train,./dataset/skeleton_final_v2/paper/paper-set2 (420).npy,./batch_paper/fitted/paper-set2 (420).npy
scissors,scissors,scissors-set2 (293),train,./dataset/skeleton_final_v2/scissors/scissors-set2 (293).npy,./batch_scissors/fitted/scissors-set2 (293).npy
the-finger,the-finger,the-finger (36),train,./dataset/skeleton_final_v2/the-finger/the-finger (36).npy,./batch_thefinger/fitted/the-finger (36).npy
thumb,thumbdown,hand-10-595,train,./dataset/skeleton_final_v2/thumbdown/hand-10-595.npy,./data/salux_refined_6cls/thumb_sources/thumbdown/fitted/hand-10-595.npy
thumb,thumbdown,thumbdown_9358,train,./dataset/skeleton_final_v2/thumbdown/thumbdown_9358.npy,./data/salux_refined_6cls/thumb_sources/thumbdown/fitted/thumbdown_9358.npy
ok,ok,ok_2865,train,./dataset/skeleton_final_v2/ok/ok_2865.npy,./batch_ok/fitted/ok_2865.npy
ok,ok,ok_5946,train,./dataset/skeleton_final_v2/ok/ok_5946.npy,./batch_ok/fitted/ok_5946.npy
scissors,scissors,scissors (231),train,./dataset/skeleton_final_v2/scissors/scissors (231).npy,./batch_scissors/fitted/scissors (231).npy
thumb,thumbup,thumbup (379),train,./dataset/skeleton_final_v2/thumbup/thumbup (379).npy,./data/salux_refined_6cls/thumb_sources/thumbup/fitted/thumbup (379).npy
scissors,scissors,scissors-set2 (17),train,./dataset/skeleton_final_v2/scissors/scissors-set2 (17).npy,./batch_scissors/fitted/scissors-set2 (17).npy
scissors,scissors,scissors-set2 (356),train,./dataset/skeleton_final_v2/scissors/scissors-set2 (356).npy,./batch_scissors/fitted/scissors-set2 (356).npy
thumb,thumbdown,thumbdown (239),train,./dataset/skeleton_final_v2/thumbdown/thumbdown (239).npy,./data/salux_refined_6cls/thumb_sources/thumbdown/fitted/thumbdown (239).npy
the-finger,the-finger,the-finger (40),train,./dataset/skeleton_final_v2/the-finger/the-finger (40).npy,./batch_thefinger/fitted/the-finger (40).npy
paper,paper,paper-set2 (37),train,./dataset/skeleton_final_v2/paper/paper-set2 (37).npy,./batch_paper/fitted/paper-set2 (37).npy
paper,paper,paper-set2 (3),train,./dataset/skeleton_final_v2/paper/paper-set2 (3).npy,./batch_paper/fitted/paper-set2 (3).npy
paper,paper,paper-set2 (159),train,./dataset/skeleton_final_v2/paper/paper-set2 (159).npy,./batch_paper/fitted/paper-set2 (159).npy
thumb,thumbup,thumbup (313),train,./dataset/skeleton_final_v2/thumbup/thumbup (313).npy,./data/salux_refined_6cls/thumb_sources/thumbup/fitted/thumbup (313).npy
scissors,scissors,scissors-set2 (467),train,./dataset/skeleton_final_v2/scissors/scissors-set2 (467).npy,./batch_scissors/fitted/scissors-set2 (467).npy
rock,rock,rock-set2 (524),train,./dataset/skeleton_final_v2/rock/rock-set2 (524).npy,./batch_rock/fitted/rock-set2 (524).npy
thumb,thumbup,thumbup (219),train,./dataset/skeleton_final_v2/thumbup/thumbup (219).npy,./data/salux_refined_6cls/thumb_sources/thumbup/fitted/thumbup (219).npy
scissors,scissors,scissors_48,train,./dataset/skeleton_final_v2/scissors/scissors_48.npy,./batch_scissors/fitted/scissors_48.npy
thumb,thumbup,hand-10-2170,train,./dataset/skeleton_final_v2/thumbup/hand-10-2170.npy,./data/salux_refined_6cls/thumb_sources/thumbup/fitted/hand-10-2170.npy
thumb,thumbdown,hand-9-1965,train,./dataset/skeleton_final_v2/thumbdown/hand-9-1965.npy,./data/salux_refined_6cls/thumb_sources/thumbdown/fitted/hand-9-1965.npy
rock,rock,rock-set2 (217),train,./dataset/skeleton_final_v2/rock/rock-set2 (217).npy,./batch_rock/fitted/rock-set2 (217).npy
paper,paper,paper_29,train,./dataset/skeleton_final_v2/paper/paper_29.npy,./batch_paper/fitted/paper_29.npy
scissors,scissors,scissors-set2 (721),train,./dataset/skeleton_final_v2/scissors/scissors-set2 (721).npy,./batch_scissors/fitted/scissors-set2 (721).npy
scissors,scissors,scissors-set2 (531),train,./dataset/skeleton_final_v2/scissors/scissors-set2 (531).npy,./batch_scissors/fitted/scissors-set2 (531).npy
thumb,thumbdown,thumbdown_3409,train,./dataset/skeleton_final_v2/thumbdown/thumbdown_3409.npy,./data/salux_refined_6cls/thumb_sources/thumbdown/fitted/thumbdown_3409.npy
thumb,thumbup,hand-10-445,train,./dataset/skeleton_final_v2/thumbup/hand-10-445.npy,./data/salux_refined_6cls/thumb_sources/thumbup/fitted/hand-10-445.npy
paper,paper,paper_8756,train,./dataset/skeleton_final_v2/paper/paper_8756.npy,./batch_paper/fitted/paper_8756.npy
thumb,thumbdown,hand-12-1270,train,./dataset/skeleton_final_v2/thumbdown/hand-12-1270.npy,./data/salux_refined_6cls/thumb_sources/thumbdown/fitted/hand-12-1270.npy
ok,ok,ok_Set2_ (435),train,./dataset/skeleton_final_v2/ok/ok_Set2_ (435).npy,./batch_ok/fitted/ok_Set2_ (435).npy
thumb,thumbup,hand-10-10,train,./dataset/skeleton_final_v2/thumbup/hand-10-10.npy,./data/salux_refined_6cls/thumb_sources/thumbup/fitted/hand-10-10.npy
paper,paper,paper (127),train,./dataset/skeleton_final_v2/paper/paper (127).npy,./batch_paper/fitted/paper (127).npy
the-finger,the-finger,the-finger_6659,train,./dataset/skeleton_final_v2/the-finger/the-finger_6659.npy,./batch_thefinger/fitted/the-finger_6659.npy
scissors,scissors,scissors (103),train,./dataset/skeleton_final_v2/scissors/scissors (103).npy,./batch_scissors/fitted/scissors (103).npy
scissors,scissors,scissors-set2 (672),train,./dataset/skeleton_final_v2/scissors/scissors-set2 (672).npy,./batch_scissors/fitted/scissors-set2 (672).npy
paper,paper,paper_6127,train,./dataset/skeleton_final_v2/paper/paper_6127.npy,./batch_paper/fitted/paper_6127.npy
ok,ok,ok_6581,train,./dataset/skeleton_final_v2/ok/ok_6581.npy,./batch_ok/fitted/ok_6581.npy
scissors,scissors,scissors-set2 (617),train,./dataset/skeleton_final_v2/scissors/scissors-set2 (617).npy,./batch_scissors/fitted/scissors-set2 (617).npy
thumb,thumbup,thumbup_6792,train,./dataset/skeleton_final_v2/thumbup/thumbup_6792.npy,./data/salux_refined_6cls/thumb_sources/thumbup/fitted/thumbup_6792.npy
ok,ok,ok_Set2_ (391),train,./dataset/skeleton_final_v2/ok/ok_Set2_ (391).npy,./batch_ok/fitted/ok_Set2_ (391).npy
ok,ok,ok_Set2_ (534),train,./dataset/skeleton_final_v2/ok/ok_Set2_ (534).npy,./batch_ok/fitted/ok_Set2_ (534).npy
ok,ok,ok (168),train,./dataset/skeleton_final_v2/ok/ok (168).npy,./batch_ok/fitted/ok (168).npy
thumb,thumbup,thumbup (278),train,./dataset/skeleton_final_v2/thumbup/thumbup (278).npy,./data/salux_refined_6cls/thumb_sources/thumbup/fitted/thumbup (278).npy
rock,rock,rock-set2 (533),train,./dataset/skeleton_final_v2/rock/rock-set2 (533).npy,./batch_rock/fitted/rock-set2 (533).npy
paper,paper,paper_22,train,./dataset/skeleton_final_v2/paper/paper_22.npy,./batch_paper/fitted/paper_22.npy
ok,ok,ok_Set2_ (484),train,./dataset/skeleton_final_v2/ok/ok_Set2_ (484).npy,./batch_ok/fitted/ok_Set2_ (484).npy
scissors,scissors,scissors-set2 (648),train,./dataset/skeleton_final_v2/scissors/scissors-set2 (648).npy,./batch_scissors/fitted/scissors-set2 (648).npy
thumb,thumbup,thumbup (302),train,./dataset/skeleton_final_v2/thumbup/thumbup (302).npy,./data/salux_refined_6cls/thumb_sources/thumbup/fitted/thumbup (302).npy
paper,paper,paper_5478,train,./dataset/skeleton_final_v2/paper/paper_5478.npy,./batch_paper/fitted/paper_5478.npy
rock,rock,rock-set2 (447),train,./dataset/skeleton_final_v2/rock/rock-set2 (447).npy,./batch_rock/fitted/rock-set2 (447).npy
ok,ok,ok_1568,train,./dataset/skeleton_final_v2/ok/ok_1568.npy,./batch_ok/fitted/ok_1568.npy
scissors,scissors,scissors-set2 (661),train,./dataset/skeleton_final_v2/scissors/scissors-set2 (661).npy,./batch_scissors/fitted/scissors-set2 (661).npy
thumb,thumbup,thumbup (330),train,./dataset/skeleton_final_v2/thumbup/thumbup (330).npy,./data/salux_refined_6cls/thumb_sources/thumbup/fitted/thumbup (330).npy
the-finger,the-finger,the-finger_7814,train,./dataset/skeleton_final_v2/the-finger/the-finger_7814.npy,./batch_thefinger/fitted/the-finger_7814.npy
rock,rock,rock-set2 (63),train,./dataset/skeleton_final_v2/rock/rock-set2 (63).npy,./batch_rock/fitted/rock-set2 (63).npy
the-finger,the-finger,the-finger_3516,train,./dataset/skeleton_final_v2/the-finger/the-finger_3516.npy,./batch_thefinger/fitted/the-finger_3516.npy
ok,ok,ok_5948,train,./dataset/skeleton_final_v2/ok/ok_5948.npy,./batch_ok/fitted/ok_5948.npy
thumb,thumbdown,thumbdown_5815,train,./dataset/skeleton_final_v2/thumbdown/thumbdown_5815.npy,./data/salux_refined_6cls/thumb_sources/thumbdown/fitted/thumbdown_5815.npy
thumb,thumbup,thumbup (252),train,./dataset/skeleton_final_v2/thumbup/thumbup (252).npy,./data/salux_refined_6cls/thumb_sources/thumbup/fitted/thumbup (252).npy
thumb,thumbdown,thumbdown_3215,train,./dataset/skeleton_final_v2/thumbdown/thumbdown_3215.npy,./data/salux_refined_6cls/thumb_sources/thumbdown/fitted/thumbdown_3215.npy
thumb,thumbup,hand-10-2570,train,./dataset/skeleton_final_v2/thumbup/hand-10-2570.npy,./data/salux_refined_6cls/thumb_sources/thumbup/fitted/hand-10-2570.npy
scissors,scissors,scissors_6373,train,./dataset/skeleton_final_v2/scissors/scissors_6373.npy,./batch_scissors/fitted/scissors_6373.npy
paper,paper,paper-set2 (166),train,./dataset/skeleton_final_v2/paper/paper-set2 (166).npy,./batch_paper/fitted/paper-set2 (166).npy
thumb,thumbup,hand-11-540,train,./dataset/skeleton_final_v2/thumbup/hand-11-540.npy,./data/salux_refined_6cls/thumb_sources/thumbup/fitted/hand-11-540.npy
scissors,scissors,scissors_6357,train,./dataset/skeleton_final_v2/scissors/scissors_6357.npy,./batch_scissors/fitted/scissors_6357.npy
thumb,thumbup,hand-9-1715,train,./dataset/skeleton_final_v2/thumbup/hand-9-1715.npy,./data/salux_refined_6cls/thumb_sources/thumbup/fitted/hand-9-1715.npy
the-finger,the-finger,the-finger_7268,train,./dataset/skeleton_final_v2/the-finger/the-finger_7268.npy,./batch_thefinger/fitted/the-finger_7268.npy
scissors,scissors,scissors (414),train,./dataset/skeleton_final_v2/scissors/scissors (414).npy,./batch_scissors/fitted/scissors (414).npy
thumb,thumbdown,thumbdown (168),train,./dataset/skeleton_final_v2/thumbdown/thumbdown (168).npy,./data/salux_refined_6cls/thumb_sources/thumbdown/fitted/thumbdown (168).npy
thumb,thumbup,thumbup (216),train,./dataset/skeleton_final_v2/thumbup/thumbup (216).npy,./data/salux_refined_6cls/thumb_sources/thumbup/fitted/thumbup (216).npy
thumb,thumbdown,thumbdown (137),train,./dataset/skeleton_final_v2/thumbdown/thumbdown (137).npy,./data/salux_refined_6cls/thumb_sources/thumbdown/fitted/thumbdown (137).npy
ok,ok,ok_Set2_ (419),train,./dataset/skeleton_final_v2/ok/ok_Set2_ (419).npy,./batch_ok/fitted/ok_Set2_ (419).npy
thumb,thumbdown,hand-9-1940,train,./dataset/skeleton_final_v2/thumbdown/hand-9-1940.npy,./data/salux_refined_6cls/thumb_sources/thumbdown/fitted/hand-9-1940.npy
scissors,scissors,scissors (284),train,./dataset/skeleton_final_v2/scissors/scissors (284).npy,./batch_scissors/fitted/scissors (284).npy
paper,paper,paper_3815,train,./dataset/skeleton_final_v2/paper/paper_3815.npy,./batch_paper/fitted/paper_3815.npy
thumb,thumbup,hand-7-1365,train,./dataset/skeleton_final_v2/thumbup/hand-7-1365.npy,./data/salux_refined_6cls/thumb_sources/thumbup/fitted/hand-7-1365.npy
ok,ok,ok_7387,train,./dataset/skeleton_final_v2/ok/ok_7387.npy,./batch_ok/fitted/ok_7387.npy
scissors,scissors,scissors (322),train,./dataset/skeleton_final_v2/scissors/scissors (322).npy,./batch_scissors/fitted/scissors (322).npy
paper,paper,paper-set2 (248),train,./dataset/skeleton_final_v2/paper/paper-set2 (248).npy,./batch_paper/fitted/paper-set2 (248).npy
rock,rock,rock-set2 (359),train,./dataset/skeleton_final_v2/rock/rock-set2 (359).npy,./batch_rock/fitted/rock-set2 (359).npy
scissors,scissors,scissors-set2 (720),train,./dataset/skeleton_final_v2/scissors/scissors-set2 (720).npy,./batch_scissors/fitted/scissors-set2 (720).npy
paper,paper,paper_6929,train,./dataset/skeleton_final_v2/paper/paper_6929.npy,./batch_paper/fitted/paper_6929.npy
thumb,thumbdown,thumbdown_5301,train,./dataset/skeleton_final_v2/thumbdown/thumbdown_5301.npy,./data/salux_refined_6cls/thumb_sources/thumbdown/fitted/thumbdown_5301.npy
the-finger,the-finger,the-finger_8300,train,./dataset/skeleton_final_v2/the-finger/the-finger_8300.npy,./batch_thefinger/fitted/the-finger_8300.npy
scissors,scissors,scissors-set2 (600),train,./dataset/skeleton_final_v2/scissors/scissors-set2 (600).npy,./batch_scissors/fitted/scissors-set2 (600).npy
thumb,thumbdown,thumbdown_4403,train,./dataset/skeleton_final_v2/thumbdown/thumbdown_4403.npy,./data/salux_refined_6cls/thumb_sources/thumbdown/fitted/thumbdown_4403.npy
thumb,thumbdown,hand-10-2305,train,./dataset/skeleton_final_v2/thumbdown/hand-10-2305.npy,./data/salux_refined_6cls/thumb_sources/thumbdown/fitted/hand-10-2305.npy
paper,paper,paper_2449,train,./dataset/skeleton_final_v2/paper/paper_2449.npy,./batch_paper/fitted/paper_2449.npy
the-finger,the-finger,the-finger_1365,train,./dataset/skeleton_final_v2/the-finger/the-finger_1365.npy,./batch_thefinger/fitted/the-finger_1365.npy
thumb,thumbup,thumbup_8924,train,./dataset/skeleton_final_v2/thumbup/thumbup_8924.npy,./data/salux_refined_6cls/thumb_sources/thumbup/fitted/thumbup_8924.npy
thumb,thumbdown,thumbdown_171,train,./dataset/skeleton_final_v2/thumbdown/thumbdown_171.npy,./data/salux_refined_6cls/thumb_sources/thumbdown/fitted/thumbdown_171.npy
ok,ok,ok_1175,train,./dataset/skeleton_final_v2/ok/ok_1175.npy,./batch_ok/fitted/ok_1175.npy
paper,paper,paper_7329,train,./dataset/skeleton_final_v2/paper/paper_7329.npy,./batch_paper/fitted/paper_7329.npy
scissors,scissors,scissors (135),train,./dataset/skeleton_final_v2/scissors/scissors (135).npy,./batch_scissors/fitted/scissors (135).npy
thumb,thumbup,thumbup_6426,train,./dataset/skeleton_final_v2/thumbup/thumbup_6426.npy,./data/salux_refined_6cls/thumb_sources/thumbup/fitted/thumbup_6426.npy
rock,rock,rock-set2 (571),train,./dataset/skeleton_final_v2/rock/rock-set2 (571).npy,./batch_rock/fitted/rock-set2 (571).npy
paper,paper,paper_5728,train,./dataset/skeleton_final_v2/paper/paper_5728.npy,./batch_paper/fitted/paper_5728.npy
thumb,thumbdown,hand-9-2120,train,./dataset/skeleton_final_v2/thumbdown/hand-9-2120.npy,./data/salux_refined_6cls/thumb_sources/thumbdown/fitted/hand-9-2120.npy
paper,paper,paper-set2 (238),train,./dataset/skeleton_final_v2/paper/paper-set2 (238).npy,./batch_paper/fitted/paper-set2 (238).npy
paper,paper,paper_4582,train,./dataset/skeleton_final_v2/paper/paper_4582.npy,./batch_paper/fitted/paper_4582.npy
the-finger,the-finger,the-finger_7083,train,./dataset/skeleton_final_v2/the-finger/the-finger_7083.npy,./batch_thefinger/fitted/the-finger_7083.npy
rock,rock,rock-set2 (281),train,./dataset/skeleton_final_v2/rock/rock-set2 (281).npy,./batch_rock/fitted/rock-set2 (281).npy
paper,paper,paper_7589,train,./dataset/skeleton_final_v2/paper/paper_7589.npy,./batch_paper/fitted/paper_7589.npy
ok,ok,ok_2887,train,./dataset/skeleton_final_v2/ok/ok_2887.npy,./batch_ok/fitted/ok_2887.npy
scissors,scissors,scissors (100),train,./dataset/skeleton_final_v2/scissors/scissors (100).npy,./batch_scissors/fitted/scissors (100).npy
thumb,thumbdown,thumbdown (68),train,./dataset/skeleton_final_v2/thumbdown/thumbdown (68).npy,./data/salux_refined_6cls/thumb_sources/thumbdown/fitted/thumbdown (68).npy
scissors,scissors,scissors-set2 (24),train,./dataset/skeleton_final_v2/scissors/scissors-set2 (24).npy,./batch_scissors/fitted/scissors-set2 (24).npy
scissors,scissors,scissors (295),train,./dataset/skeleton_final_v2/scissors/scissors (295).npy,./batch_scissors/fitted/scissors (295).npy
ok,ok,ok_2005,train,./dataset/skeleton_final_v2/ok/ok_2005.npy,./batch_ok/fitted/ok_2005.npy
thumb,thumbup,thumbup (175),train,./dataset/skeleton_final_v2/thumbup/thumbup (175).npy,./data/salux_refined_6cls/thumb_sources/thumbup/fitted/thumbup (175).npy
thumb,thumbup,thumbup (354),train,./dataset/skeleton_final_v2/thumbup/thumbup (354).npy,./data/salux_refined_6cls/thumb_sources/thumbup/fitted/thumbup (354).npy
thumb,thumbdown,hand-11-845,train,./dataset/skeleton_final_v2/thumbdown/hand-11-845.npy,./data/salux_refined_6cls/thumb_sources/thumbdown/fitted/hand-11-845.npy
the-finger,the-finger,the-finger-set2 (296),train,./dataset/skeleton_final_v2/the-finger/the-finger-set2 (296).npy,./batch_thefinger/fitted/the-finger-set2 (296).npy
paper,paper,paper_3739,train,./dataset/skeleton_final_v2/paper/paper_3739.npy,./batch_paper/fitted/paper_3739.npy
ok,ok,ok (113),train,./dataset/skeleton_final_v2/ok/ok (113).npy,./batch_ok/fitted/ok (113).npy
paper,paper,paper_4585,train,./dataset/skeleton_final_v2/paper/paper_4585.npy,./batch_paper/fitted/paper_4585.npy
thumb,thumbdown,thumbdown (53),train,./dataset/skeleton_final_v2/thumbdown/thumbdown (53).npy,./data/salux_refined_6cls/thumb_sources/thumbdown/fitted/thumbdown (53).npy
thumb,thumbdown,thumbdown_860,train,./dataset/skeleton_final_v2/thumbdown/thumbdown_860.npy,./data/salux_refined_6cls/thumb_sources/thumbdown/fitted/thumbdown_860.npy
scissors,scissors,scissors_6358,train,./dataset/skeleton_final_v2/scissors/scissors_6358.npy,./batch_scissors/fitted/scissors_6358.npy
thumb,thumbup,thumbup (272),train,./dataset/skeleton_final_v2/thumbup/thumbup (272).npy,./data/salux_refined_6cls/thumb_sources/thumbup/fitted/thumbup (272).npy
the-finger,the-finger,the-finger (76),train,./dataset/skeleton_final_v2/the-finger/the-finger (76).npy,./batch_thefinger/fitted/the-finger (76).npy
thumb,thumbup,thumbup (329),train,./dataset/skeleton_final_v2/thumbup/thumbup (329).npy,./data/salux_refined_6cls/thumb_sources/thumbup/fitted/thumbup (329).npy
paper,paper,paper_7139,train,./dataset/skeleton_final_v2/paper/paper_7139.npy,./batch_paper/fitted/paper_7139.npy
thumb,thumbdown,thumbdown_9388,train,./dataset/skeleton_final_v2/thumbdown/thumbdown_9388.npy,./data/salux_refined_6cls/thumb_sources/thumbdown/fitted/thumbdown_9388.npy
thumb,thumbdown,thumbdown (38),train,./dataset/skeleton_final_v2/thumbdown/thumbdown (38).npy,./data/salux_refined_6cls/thumb_sources/thumbdown/fitted/thumbdown (38).npy
thumb,thumbup,thumbup_6787,train,./dataset/skeleton_final_v2/thumbup/thumbup_6787.npy,./data/salux_refined_6cls/thumb_sources/thumbup/fitted/thumbup_6787.npy
scissors,scissors,scissors_4638,train,./dataset/skeleton_final_v2/scissors/scissors_4638.npy,./batch_scissors/fitted/scissors_4638.npy
the-finger,the-finger,the-finger_5859,train,./dataset/skeleton_final_v2/the-finger/the-finger_5859.npy,./batch_thefinger/fitted/the-finger_5859.npy
ok,ok,ok_6187,train,./dataset/skeleton_final_v2/ok/ok_6187.npy,./batch_ok/fitted/ok_6187.npy
scissors,scissors,scissors-set2 (222),train,./dataset/skeleton_final_v2/scissors/scissors-set2 (222).npy,./batch_scissors/fitted/scissors-set2 (222).npy
scissors,scissors,scissors-set2 (162),train,./dataset/skeleton_final_v2/scissors/scissors-set2 (162).npy,./batch_scissors/fitted/scissors-set2 (162).npy
scissors,scissors,scissors_4641,train,./dataset/skeleton_final_v2/scissors/scissors_4641.npy,./batch_scissors/fitted/scissors_4641.npy
paper,paper,paper (254),train,./dataset/skeleton_final_v2/paper/paper (254).npy,./batch_paper/fitted/paper (254).npy
scissors,scissors,scissors-set2 (570),train,./dataset/skeleton_final_v2/scissors/scissors-set2 (570).npy,./batch_scissors/fitted/scissors-set2 (570).npy
the-finger,the-finger,the-finger_8298,train,./dataset/skeleton_final_v2/the-finger/the-finger_8298.npy,./batch_thefinger/fitted/the-finger_8298.npy
the-finger,the-finger,the-finger_6647,train,./dataset/skeleton_final_v2/the-finger/the-finger_6647.npy,./batch_thefinger/fitted/the-finger_6647.npy
the-finger,the-finger,the-finger-set2 (380),train,./dataset/skeleton_final_v2/the-finger/the-finger-set2 (380).npy,./batch_thefinger/fitted/the-finger-set2 (380).npy
scissors,scissors,scissors (235),train,./dataset/skeleton_final_v2/scissors/scissors (235).npy,./batch_scissors/fitted/scissors (235).npy
paper,paper,paper_5907,train,./dataset/skeleton_final_v2/paper/paper_5907.npy,./batch_paper/fitted/paper_5907.npy
scissors,scissors,scissors_6560,train,./dataset/skeleton_final_v2/scissors/scissors_6560.npy,./batch_scissors/fitted/scissors_6560.npy
the-finger,the-finger,the-finger (47),train,./dataset/skeleton_final_v2/the-finger/the-finger (47).npy,./batch_thefinger/fitted/the-finger (47).npy
ok,ok,ok_Set2_ (219),train,./dataset/skeleton_final_v2/ok/ok_Set2_ (219).npy,./batch_ok/fitted/ok_Set2_ (219).npy
thumb,thumbdown,hand-10-525,train,./dataset/skeleton_final_v2/thumbdown/hand-10-525.npy,./data/salux_refined_6cls/thumb_sources/thumbdown/fitted/hand-10-525.npy
thumb,thumbup,thumbup (119),train,./dataset/skeleton_final_v2/thumbup/thumbup (119).npy,./data/salux_refined_6cls/thumb_sources/thumbup/fitted/thumbup (119).npy
thumb,thumbup,thumbup (130),train,./dataset/skeleton_final_v2/thumbup/thumbup (130).npy,./data/salux_refined_6cls/thumb_sources/thumbup/fitted/thumbup (130).npy
thumb,thumbdown,thumbdown_3253,train,./dataset/skeleton_final_v2/thumbdown/thumbdown_3253.npy,./data/salux_refined_6cls/thumb_sources/thumbdown/fitted/thumbdown_3253.npy
scissors,scissors,scissors (26),train,./dataset/skeleton_final_v2/scissors/scissors (26).npy,./batch_scissors/fitted/scissors (26).npy
paper,paper,paper_6936,train,./dataset/skeleton_final_v2/paper/paper_6936.npy,./batch_paper/fitted/paper_6936.npy
thumb,thumbup,thumbup (363),train,./dataset/skeleton_final_v2/thumbup/thumbup (363).npy,./data/salux_refined_6cls/thumb_sources/thumbup/fitted/thumbup (363).npy
scissors,scissors,scissors (406),train,./dataset/skeleton_final_v2/scissors/scissors (406).npy,./batch_scissors/fitted/scissors (406).npy
thumb,thumbdown,thumbdown (79),train,./dataset/skeleton_final_v2/thumbdown/thumbdown (79).npy,./data/salux_refined_6cls/thumb_sources/thumbdown/fitted/thumbdown (79).npy
scissors,scissors,scissors_3895,train,./dataset/skeleton_final_v2/scissors/scissors_3895.npy,./batch_scissors/fitted/scissors_3895.npy
rock,rock,rock_696,train,./dataset/skeleton_final_v2/rock/rock_696.npy,./batch_rock/fitted/rock_696.npy
thumb,thumbdown,thumbdown_6250,train,./dataset/skeleton_final_v2/thumbdown/thumbdown_6250.npy,./data/salux_refined_6cls/thumb_sources/thumbdown/fitted/thumbdown_6250.npy
thumb,thumbdown,thumbdown_4355,train,./dataset/skeleton_final_v2/thumbdown/thumbdown_4355.npy,./data/salux_refined_6cls/thumb_sources/thumbdown/fitted/thumbdown_4355.npy
scissors,scissors,scissors-set2 (170),train,./dataset/skeleton_final_v2/scissors/scissors-set2 (170).npy,./batch_scissors/fitted/scissors-set2 (170).npy
thumb,thumbup,thumbup (137),train,./dataset/skeleton_final_v2/thumbup/thumbup (137).npy,./data/salux_refined_6cls/thumb_sources/thumbup/fitted/thumbup (137).npy
thumb,thumbup,thumbup (414),train,./dataset/skeleton_final_v2/thumbup/thumbup (414).npy,./data/salux_refined_6cls/thumb_sources/thumbup/fitted/thumbup (414).npy
thumb,thumbdown,hand-10-65,train,./dataset/skeleton_final_v2/thumbdown/hand-10-65.npy,./data/salux_refined_6cls/thumb_sources/thumbdown/fitted/hand-10-65.npy
scissors,scissors,scissors-set2 (723),train,./dataset/skeleton_final_v2/scissors/scissors-set2 (723).npy,./batch_scissors/fitted/scissors-set2 (723).npy
paper,paper,paper (55),train,./dataset/skeleton_final_v2/paper/paper (55).npy,./batch_paper/fitted/paper (55).npy
scissors,scissors,scissors (292),train,./dataset/skeleton_final_v2/scissors/scissors (292).npy,./batch_scissors/fitted/scissors (292).npy
thumb,thumbdown,thumbdown (162),train,./dataset/skeleton_final_v2/thumbdown/thumbdown (162).npy,./data/salux_refined_6cls/thumb_sources/thumbdown/fitted/thumbdown (162).npy
scissors,scissors,scissors_1512,train,./dataset/skeleton_final_v2/scissors/scissors_1512.npy,./batch_scissors/fitted/scissors_1512.npy
ok,ok,ok (21),train,./dataset/skeleton_final_v2/ok/ok (21).npy,./batch_ok/fitted/ok (21).npy
thumb,thumbdown,thumbdown (289),train,./dataset/skeleton_final_v2/thumbdown/thumbdown (289).npy,./data/salux_refined_6cls/thumb_sources/thumbdown/fitted/thumbdown (289).npy
the-finger,the-finger,the-finger-set2 (314),train,./dataset/skeleton_final_v2/the-finger/the-finger-set2 (314).npy,./batch_thefinger/fitted/the-finger-set2 (314).npy
ok,ok,ok_7702,train,./dataset/skeleton_final_v2/ok/ok_7702.npy,./batch_ok/fitted/ok_7702.npy
scissors,scissors,scissors-set2 (684),train,./dataset/skeleton_final_v2/scissors/scissors-set2 (684).npy,./batch_scissors/fitted/scissors-set2 (684).npy
paper,paper,paper-set2 (334),train,./dataset/skeleton_final_v2/paper/paper-set2 (334).npy,./batch_paper/fitted/paper-set2 (334).npy
paper,paper,paper-set2 (113),train,./dataset/skeleton_final_v2/paper/paper-set2 (113).npy,./batch_paper/fitted/paper-set2 (113).npy
thumb,thumbup,hand-9-1575,train,./dataset/skeleton_final_v2/thumbup/hand-9-1575.npy,./data/salux_refined_6cls/thumb_sources/thumbup/fitted/hand-9-1575.npy
ok,ok,ok_2897,train,./dataset/skeleton_final_v2/ok/ok_2897.npy,./batch_ok/fitted/ok_2897.npy
rock,rock,rock-set2 (153),train,./dataset/skeleton_final_v2/rock/rock-set2 (153).npy,./batch_rock/fitted/rock-set2 (153).npy
rock,rock,rock-set2 (482),train,./dataset/skeleton_final_v2/rock/rock-set2 (482).npy,./batch_rock/fitted/rock-set2 (482).npy
scissors,scissors,scissors_2703,train,./dataset/skeleton_final_v2/scissors/scissors_2703.npy,./batch_scissors/fitted/scissors_2703.npy
the-finger,the-finger,the-finger_7482,train,./dataset/skeleton_final_v2/the-finger/the-finger_7482.npy,./batch_thefinger/fitted/the-finger_7482.npy
thumb,thumbup,thumbup (479),train,./dataset/skeleton_final_v2/thumbup/thumbup (479).npy,./data/salux_refined_6cls/thumb_sources/thumbup/fitted/thumbup (479).npy
the-finger,the-finger,the-finger_6077,train,./dataset/skeleton_final_v2/the-finger/the-finger_6077.npy,./batch_thefinger/fitted/the-finger_6077.npy
thumb,thumbup,thumbup (331),train,./dataset/skeleton_final_v2/thumbup/thumbup (331).npy,./data/salux_refined_6cls/thumb_sources/thumbup/fitted/thumbup (331).npy
rock,rock,rock (5),train,./dataset/skeleton_final_v2/rock/rock (5).npy,./batch_rock/fitted/rock (5).npy
thumb,thumbup,hand-10-2520,train,./dataset/skeleton_final_v2/thumbup/hand-10-2520.npy,./data/salux_refined_6cls/thumb_sources/thumbup/fitted/hand-10-2520.npy
thumb,thumbdown,thumbdown (148),train,./dataset/skeleton_final_v2/thumbdown/thumbdown (148).npy,./data/salux_refined_6cls/thumb_sources/thumbdown/fitted/thumbdown (148).npy
ok,ok,ok (94),train,./dataset/skeleton_final_v2/ok/ok (94).npy,./batch_ok/fitted/ok (94).npy
paper,paper,paper_8766,train,./dataset/skeleton_final_v2/paper/paper_8766.npy,./batch_paper/fitted/paper_8766.npy
paper,paper,paper-set2 (441),train,./dataset/skeleton_final_v2/paper/paper-set2 (441).npy,./batch_paper/fitted/paper-set2 (441).npy
paper,paper,paper_1446,train,./dataset/skeleton_final_v2/paper/paper_1446.npy,./batch_paper/fitted/paper_1446.npy
thumb,thumbup,thumbup (409),train,./dataset/skeleton_final_v2/thumbup/thumbup (409).npy,./data/salux_refined_6cls/thumb_sources/thumbup/fitted/thumbup (409).npy
paper,paper,paper (95),train,./dataset/skeleton_final_v2/paper/paper (95).npy,./batch_paper/fitted/paper (95).npy
scissors,scissors,scissors-set2 (526),train,./dataset/skeleton_final_v2/scissors/scissors-set2 (526).npy,./batch_scissors/fitted/scissors-set2 (526).npy
paper,paper,paper-set2 (306),train,./dataset/skeleton_final_v2/paper/paper-set2 (306).npy,./batch_paper/fitted/paper-set2 (306).npy
thumb,thumbdown,thumbdown_4416,train,./dataset/skeleton_final_v2/thumbdown/thumbdown_4416.npy,./data/salux_refined_6cls/thumb_sources/thumbdown/fitted/thumbdown_4416.npy
thumb,thumbdown,thumbdown (190),train,./dataset/skeleton_final_v2/thumbdown/thumbdown (190).npy,./data/salux_refined_6cls/thumb_sources/thumbdown/fitted/thumbdown (190).npy
scissors,scissors,scissors (487),train,./dataset/skeleton_final_v2/scissors/scissors (487).npy,./batch_scissors/fitted/scissors (487).npy
ok,ok,ok_3987,train,./dataset/skeleton_final_v2/ok/ok_3987.npy,./batch_ok/fitted/ok_3987.npy
ok,ok,ok_Set2_ (259),train,./dataset/skeleton_final_v2/ok/ok_Set2_ (259).npy,./batch_ok/fitted/ok_Set2_ (259).npy
thumb,thumbup,thumbup (471),train,./dataset/skeleton_final_v2/thumbup/thumbup (471).npy,./data/salux_refined_6cls/thumb_sources/thumbup/fitted/thumbup (471).npy
thumb,thumbdown,hand-9-1960,train,./dataset/skeleton_final_v2/thumbdown/hand-9-1960.npy,./data/salux_refined_6cls/thumb_sources/thumbdown/fitted/hand-9-1960.npy
thumb,thumbdown,thumbdown (232),train,./dataset/skeleton_final_v2/thumbdown/thumbdown (232).npy,./data/salux_refined_6cls/thumb_sources/thumbdown/fitted/thumbdown (232).npy
scissors,scissors,scissors_6941,train,./dataset/skeleton_final_v2/scissors/scissors_6941.npy,./batch_scissors/fitted/scissors_6941.npy
ok,ok,ok (193),train,./dataset/skeleton_final_v2/ok/ok (193).npy,./batch_ok/fitted/ok (193).npy
the-finger,the-finger,the-finger_639,train,./dataset/skeleton_final_v2/the-finger/the-finger_639.npy,./batch_thefinger/fitted/the-finger_639.npy
scissors,scissors,scissors (423),train,./dataset/skeleton_final_v2/scissors/scissors (423).npy,./batch_scissors/fitted/scissors (423).npy
scissors,scissors,scissors-set2 (547),train,./dataset/skeleton_final_v2/scissors/scissors-set2 (547).npy,./batch_scissors/fitted/scissors-set2 (547).npy
the-finger,the-finger,the-finger-set2 (94),train,./dataset/skeleton_final_v2/the-finger/the-finger-set2 (94).npy,./batch_thefinger/fitted/the-finger-set2 (94).npy
the-finger,the-finger,the-finger-set2 (317),train,./dataset/skeleton_final_v2/the-finger/the-finger-set2 (317).npy,./batch_thefinger/fitted/the-finger-set2 (317).npy
scissors,scissors,scissors (32),train,./dataset/skeleton_final_v2/scissors/scissors (32).npy,./batch_scissors/fitted/scissors (32).npy
thumb,thumbdown,thumbdown_6848,train,./dataset/skeleton_final_v2/thumbdown/thumbdown_6848.npy,./data/salux_refined_6cls/thumb_sources/thumbdown/fitted/thumbdown_6848.npy
scissors,scissors,scissors_4661,train,./dataset/skeleton_final_v2/scissors/scissors_4661.npy,./batch_scissors/fitted/scissors_4661.npy
ok,ok,ok_5289,train,./dataset/skeleton_final_v2/ok/ok_5289.npy,./batch_ok/fitted/ok_5289.npy
paper,paper,paper_4583,train,./dataset/skeleton_final_v2/paper/paper_4583.npy,./batch_paper/fitted/paper_4583.npy
paper,paper,paper-set2 (404),train,./dataset/skeleton_final_v2/paper/paper-set2 (404).npy,./batch_paper/fitted/paper-set2 (404).npy
thumb,thumbdown,thumbdown_4363,train,./dataset/skeleton_final_v2/thumbdown/thumbdown_4363.npy,./data/salux_refined_6cls/thumb_sources/thumbdown/fitted/thumbdown_4363.npy
the-finger,the-finger,the-finger_6064,train,./dataset/skeleton_final_v2/the-finger/the-finger_6064.npy,./batch_thefinger/fitted/the-finger_6064.npy
the-finger,the-finger,the-finger-set2 (251),train,./dataset/skeleton_final_v2/the-finger/the-finger-set2 (251).npy,./batch_thefinger/fitted/the-finger-set2 (251).npy
scissors,scissors,scissors-set2 (350),train,./dataset/skeleton_final_v2/scissors/scissors-set2 (350).npy,./batch_scissors/fitted/scissors-set2 (350).npy
paper,paper,paper_4561,train,./dataset/skeleton_final_v2/paper/paper_4561.npy,./batch_paper/fitted/paper_4561.npy
scissors,scissors,scissors-set2 (256),train,./dataset/skeleton_final_v2/scissors/scissors-set2 (256).npy,./batch_scissors/fitted/scissors-set2 (256).npy
scissors,scissors,scissors (383),train,./dataset/skeleton_final_v2/scissors/scissors (383).npy,./batch_scissors/fitted/scissors (383).npy
scissors,scissors,scissors-set2 (558),train,./dataset/skeleton_final_v2/scissors/scissors-set2 (558).npy,./batch_scissors/fitted/scissors-set2 (558).npy
ok,ok,ok (78),train,./dataset/skeleton_final_v2/ok/ok (78).npy,./batch_ok/fitted/ok (78).npy
paper,paper,paper_713,train,./dataset/skeleton_final_v2/paper/paper_713.npy,./batch_paper/fitted/paper_713.npy
thumb,thumbdown,thumbdown (57),train,./dataset/skeleton_final_v2/thumbdown/thumbdown (57).npy,./data/salux_refined_6cls/thumb_sources/thumbdown/fitted/thumbdown (57).npy
thumb,thumbdown,thumbdown_5587,train,./dataset/skeleton_final_v2/thumbdown/thumbdown_5587.npy,./data/salux_refined_6cls/thumb_sources/thumbdown/fitted/thumbdown_5587.npy
thumb,thumbdown,thumbdown (185),train,./dataset/skeleton_final_v2/thumbdown/thumbdown (185).npy,./data/salux_refined_6cls/thumb_sources/thumbdown/fitted/thumbdown (185).npy
thumb,thumbdown,thumbdown_4388,train,./dataset/skeleton_final_v2/thumbdown/thumbdown_4388.npy,./data/salux_refined_6cls/thumb_sources/thumbdown/fitted/thumbdown_4388.npy
ok,ok,ok_Set2_ (15),train,./dataset/skeleton_final_v2/ok/ok_Set2_ (15).npy,./batch_ok/fitted/ok_Set2_ (15).npy
scissors,scissors,scissors (474),train,./dataset/skeleton_final_v2/scissors/scissors (474).npy,./batch_scissors/fitted/scissors (474).npy
ok,ok,ok (167),train,./dataset/skeleton_final_v2/ok/ok (167).npy,./batch_ok/fitted/ok (167).npy
ok,ok,ok_Set2_ (567),train,./dataset/skeleton_final_v2/ok/ok_Set2_ (567).npy,./batch_ok/fitted/ok_Set2_ (567).npy
paper,paper,paper_4598,train,./dataset/skeleton_final_v2/paper/paper_4598.npy,./batch_paper/fitted/paper_4598.npy
thumb,thumbup,thumbup_6804,train,./dataset/skeleton_final_v2/thumbup/thumbup_6804.npy,./data/salux_refined_6cls/thumb_sources/thumbup/fitted/thumbup_6804.npy
ok,ok,ok (227),train,./dataset/skeleton_final_v2/ok/ok (227).npy,./batch_ok/fitted/ok (227).npy
the-finger,the-finger,the-finger-set2 (12),train,./dataset/skeleton_final_v2/the-finger/the-finger-set2 (12).npy,./batch_thefinger/fitted/the-finger-set2 (12).npy
paper,paper,paper-set2 (282),train,./dataset/skeleton_final_v2/paper/paper-set2 (282).npy,./batch_paper/fitted/paper-set2 (282).npy
thumb,thumbup,thumbup (284),train,./dataset/skeleton_final_v2/thumbup/thumbup (284).npy,./data/salux_refined_6cls/thumb_sources/thumbup/fitted/thumbup (284).npy
thumb,thumbdown,thumbdown_859,train,./dataset/skeleton_final_v2/thumbdown/thumbdown_859.npy,./data/salux_refined_6cls/thumb_sources/thumbdown/fitted/thumbdown_859.npy
thumb,thumbup,thumbup_138,train,./dataset/skeleton_final_v2/thumbup/thumbup_138.npy,./data/salux_refined_6cls/thumb_sources/thumbup/fitted/thumbup_138.npy
the-finger,the-finger,the-finger-set2 (216),train,./dataset/skeleton_final_v2/the-finger/the-finger-set2 (216).npy,./batch_thefinger/fitted/the-finger-set2 (216).npy
ok,ok,ok_Set2_ (60),train,./dataset/skeleton_final_v2/ok/ok_Set2_ (60).npy,./batch_ok/fitted/ok_Set2_ (60).npy
the-finger,the-finger,the-finger-set2 (299),train,./dataset/skeleton_final_v2/the-finger/the-finger-set2 (299).npy,./batch_thefinger/fitted/the-finger-set2 (299).npy
thumb,thumbup,thumbup_7415,train,./dataset/skeleton_final_v2/thumbup/thumbup_7415.npy,./data/salux_refined_6cls/thumb_sources/thumbup/fitted/thumbup_7415.npy
the-finger,the-finger,the-finger_9072,train,./dataset/skeleton_final_v2/the-finger/the-finger_9072.npy,./batch_thefinger/fitted/the-finger_9072.npy
thumb,thumbdown,hand-7-1585,train,./dataset/skeleton_final_v2/thumbdown/hand-7-1585.npy,./data/salux_refined_6cls/thumb_sources/thumbdown/fitted/hand-7-1585.npy
ok,ok,ok (177),train,./dataset/skeleton_final_v2/ok/ok (177).npy,./batch_ok/fitted/ok (177).npy
scissors,scissors,scissors-set2 (561),train,./dataset/skeleton_final_v2/scissors/scissors-set2 (561).npy,./batch_scissors/fitted/scissors-set2 (561).npy
paper,paper,paper-set2 (96),train,./dataset/skeleton_final_v2/paper/paper-set2 (96).npy,./batch_paper/fitted/paper-set2 (96).npy
the-finger,the-finger,the-finger_9432,train,./dataset/skeleton_final_v2/the-finger/the-finger_9432.npy,./batch_thefinger/fitted/the-finger_9432.npy
the-finger,the-finger,the-finger (95),train,./dataset/skeleton_final_v2/the-finger/the-finger (95).npy,./batch_thefinger/fitted/the-finger (95).npy
the-finger,the-finger,the-finger-set2 (188),train,./dataset/skeleton_final_v2/the-finger/the-finger-set2 (188).npy,./batch_thefinger/fitted/the-finger-set2 (188).npy
scissors,scissors,scissors-set2 (107),train,./dataset/skeleton_final_v2/scissors/scissors-set2 (107).npy,./batch_scissors/fitted/scissors-set2 (107).npy
paper,paper,paper (51),train,./dataset/skeleton_final_v2/paper/paper (51).npy,./batch_paper/fitted/paper (51).npy
thumb,thumbup,thumbup_8102,train,./dataset/skeleton_final_v2/thumbup/thumbup_8102.npy,./data/salux_refined_6cls/thumb_sources/thumbup/fitted/thumbup_8102.npy
paper,paper,paper_2461,train,./dataset/skeleton_final_v2/paper/paper_2461.npy,./batch_paper/fitted/paper_2461.npy
the-finger,the-finger,the-finger_8304,train,./dataset/skeleton_final_v2/the-finger/the-finger_8304.npy,./batch_thefinger/fitted/the-finger_8304.npy
scissors,scissors,scissors_6545,train,./dataset/skeleton_final_v2/scissors/scissors_6545.npy,./batch_scissors/fitted/scissors_6545.npy
ok,ok,ok (125),train,./dataset/skeleton_final_v2/ok/ok (125).npy,./batch_ok/fitted/ok (125).npy
ok,ok,ok_Set2_ (479),train,./dataset/skeleton_final_v2/ok/ok_Set2_ (479).npy,./batch_ok/fitted/ok_Set2_ (479).npy
scissors,scissors,scissors_7183,train,./dataset/skeleton_final_v2/scissors/scissors_7183.npy,./batch_scissors/fitted/scissors_7183.npy
ok,ok,ok_6399,train,./dataset/skeleton_final_v2/ok/ok_6399.npy,./batch_ok/fitted/ok_6399.npy
thumb,thumbup,thumbup (467),train,./dataset/skeleton_final_v2/thumbup/thumbup (467).npy,./data/salux_refined_6cls/thumb_sources/thumbup/fitted/thumbup (467).npy
thumb,thumbup,hand-11-2150,train,./dataset/skeleton_final_v2/thumbup/hand-11-2150.npy,./data/salux_refined_6cls/thumb_sources/thumbup/fitted/hand-11-2150.npy
thumb,thumbdown,hand-11-710,train,./dataset/skeleton_final_v2/thumbdown/hand-11-710.npy,./data/salux_refined_6cls/thumb_sources/thumbdown/fitted/hand-11-710.npy
thumb,thumbdown,thumbdown_7444,train,./dataset/skeleton_final_v2/thumbdown/thumbdown_7444.npy,./data/salux_refined_6cls/thumb_sources/thumbdown/fitted/thumbdown_7444.npy
the-finger,the-finger,the-finger-set2 (425),train,./dataset/skeleton_final_v2/the-finger/the-finger-set2 (425).npy,./batch_thefinger/fitted/the-finger-set2 (425).npy
ok,ok,ok_6568,train,./dataset/skeleton_final_v2/ok/ok_6568.npy,./batch_ok/fitted/ok_6568.npy
scissors,scissors,scissors (478),train,./dataset/skeleton_final_v2/scissors/scissors (478).npy,./batch_scissors/fitted/scissors (478).npy
scissors,scissors,scissors_7169,train,./dataset/skeleton_final_v2/scissors/scissors_7169.npy,./batch_scissors/fitted/scissors_7169.npy
ok,ok,ok_793,train,./dataset/skeleton_final_v2/ok/ok_793.npy,./batch_ok/fitted/ok_793.npy
thumb,thumbdown,thumbdown_2223,train,./dataset/skeleton_final_v2/thumbdown/thumbdown_2223.npy,./data/salux_refined_6cls/thumb_sources/thumbdown/fitted/thumbdown_2223.npy
ok,ok,ok (206),train,./dataset/skeleton_final_v2/ok/ok (206).npy,./batch_ok/fitted/ok (206).npy
scissors,scissors,scissors-set2 (500),train,./dataset/skeleton_final_v2/scissors/scissors-set2 (500).npy,./batch_scissors/fitted/scissors-set2 (500).npy
thumb,thumbup,thumbup (404),train,./dataset/skeleton_final_v2/thumbup/thumbup (404).npy,./data/salux_refined_6cls/thumb_sources/thumbup/fitted/thumbup (404).npy
paper,paper,paper_1468,train,./dataset/skeleton_final_v2/paper/paper_1468.npy,./batch_paper/fitted/paper_1468.npy
thumb,thumbup,thumbup (92),train,./dataset/skeleton_final_v2/thumbup/thumbup (92).npy,./data/salux_refined_6cls/thumb_sources/thumbup/fitted/thumbup (92).npy
ok,ok,ok_Set2_ (24),train,./dataset/skeleton_final_v2/ok/ok_Set2_ (24).npy,./batch_ok/fitted/ok_Set2_ (24).npy
ok,ok,ok_6181,train,./dataset/skeleton_final_v2/ok/ok_6181.npy,./batch_ok/fitted/ok_6181.npy
scissors,scissors,scissors_6141,train,./dataset/skeleton_final_v2/scissors/scissors_6141.npy,./batch_scissors/fitted/scissors_6141.npy
paper,paper,paper-set2 (340),train,./dataset/skeleton_final_v2/paper/paper-set2 (340).npy,./batch_paper/fitted/paper-set2 (340).npy
paper,paper,paper-set2 (235),train,./dataset/skeleton_final_v2/paper/paper-set2 (235).npy,./batch_paper/fitted/paper-set2 (235).npy
scissors,scissors,scissors (142),train,./dataset/skeleton_final_v2/scissors/scissors (142).npy,./batch_scissors/fitted/scissors (142).npy
thumb,thumbup,hand-9-1755,train,./dataset/skeleton_final_v2/thumbup/hand-9-1755.npy,./data/salux_refined_6cls/thumb_sources/thumbup/fitted/hand-9-1755.npy
scissors,scissors,scissors_7661,train,./dataset/skeleton_final_v2/scissors/scissors_7661.npy,./batch_scissors/fitted/scissors_7661.npy
thumb,thumbup,thumbup (433),train,./dataset/skeleton_final_v2/thumbup/thumbup (433).npy,./data/salux_refined_6cls/thumb_sources/thumbup/fitted/thumbup (433).npy
thumb,thumbup,hand-7-1390,train,./dataset/skeleton_final_v2/thumbup/hand-7-1390.npy,./data/salux_refined_6cls/thumb_sources/thumbup/fitted/hand-7-1390.npy
thumb,thumbup,thumbup_2099,train,./dataset/skeleton_final_v2/thumbup/thumbup_2099.npy,./data/salux_refined_6cls/thumb_sources/thumbup/fitted/thumbup_2099.npy
paper,paper,paper-set2 (301),train,./dataset/skeleton_final_v2/paper/paper-set2 (301).npy,./batch_paper/fitted/paper-set2 (301).npy
scissors,scissors,scissors-set2 (23),train,./dataset/skeleton_final_v2/scissors/scissors-set2 (23).npy,./batch_scissors/fitted/scissors-set2 (23).npy
thumb,thumbup,hand-10-475,train,./dataset/skeleton_final_v2/thumbup/hand-10-475.npy,./data/salux_refined_6cls/thumb_sources/thumbup/fitted/hand-10-475.npy
paper,paper,paper_7152,train,./dataset/skeleton_final_v2/paper/paper_7152.npy,./batch_paper/fitted/paper_7152.npy
thumb,thumbdown,thumbdown_4424,train,./dataset/skeleton_final_v2/thumbdown/thumbdown_4424.npy,./data/salux_refined_6cls/thumb_sources/thumbdown/fitted/thumbdown_4424.npy
thumb,thumbup,thumbup_8964,train,./dataset/skeleton_final_v2/thumbup/thumbup_8964.npy,./data/salux_refined_6cls/thumb_sources/thumbup/fitted/thumbup_8964.npy
paper,paper,paper_3744,train,./dataset/skeleton_final_v2/paper/paper_3744.npy,./batch_paper/fitted/paper_3744.npy
paper,paper,paper (187),train,./dataset/skeleton_final_v2/paper/paper (187).npy,./batch_paper/fitted/paper (187).npy
ok,ok,ok_Set2_ (243),train,./dataset/skeleton_final_v2/ok/ok_Set2_ (243).npy,./batch_ok/fitted/ok_Set2_ (243).npy
thumb,thumbdown,thumbdown (65),train,./dataset/skeleton_final_v2/thumbdown/thumbdown (65).npy,./data/salux_refined_6cls/thumb_sources/thumbdown/fitted/thumbdown (65).npy
scissors,scissors,scissors_767,train,./dataset/skeleton_final_v2/scissors/scissors_767.npy,./batch_scissors/fitted/scissors_767.npy
thumb,thumbup,thumbup (493),train,./dataset/skeleton_final_v2/thumbup/thumbup (493).npy,./data/salux_refined_6cls/thumb_sources/thumbup/fitted/thumbup (493).npy
thumb,thumbdown,hand-7-1525,train,./dataset/skeleton_final_v2/thumbdown/hand-7-1525.npy,./data/salux_refined_6cls/thumb_sources/thumbdown/fitted/hand-7-1525.npy
scissors,scissors,scissors (3),train,./dataset/skeleton_final_v2/scissors/scissors (3).npy,./batch_scissors/fitted/scissors (3).npy
thumb,thumbup,thumbup (23),train,./dataset/skeleton_final_v2/thumbup/thumbup (23).npy,./data/salux_refined_6cls/thumb_sources/thumbup/fitted/thumbup (23).npy
the-finger,the-finger,the-finger_1349,train,./dataset/skeleton_final_v2/the-finger/the-finger_1349.npy,./batch_thefinger/fitted/the-finger_1349.npy
thumb,thumbdown,thumbdown (169),train,./dataset/skeleton_final_v2/thumbdown/thumbdown (169).npy,./data/salux_refined_6cls/thumb_sources/thumbdown/fitted/thumbdown (169).npy
ok,ok,ok_4017,train,./dataset/skeleton_final_v2/ok/ok_4017.npy,./batch_ok/fitted/ok_4017.npy
rock,rock,rock_312,train,./dataset/skeleton_final_v2/rock/rock_312.npy,./batch_rock/fitted/rock_312.npy
the-finger,the-finger,the-finger_2312,train,./dataset/skeleton_final_v2/the-finger/the-finger_2312.npy,./batch_thefinger/fitted/the-finger_2312.npy
thumb,thumbdown,thumbdown_4384,train,./dataset/skeleton_final_v2/thumbdown/thumbdown_4384.npy,./data/salux_refined_6cls/thumb_sources/thumbdown/fitted/thumbdown_4384.npy
thumb,thumbup,thumbup (215),train,./dataset/skeleton_final_v2/thumbup/thumbup (215).npy,./data/salux_refined_6cls/thumb_sources/thumbup/fitted/thumbup (215).npy
thumb,thumbdown,thumbdown_5576,train,./dataset/skeleton_final_v2/thumbdown/thumbdown_5576.npy,./data/salux_refined_6cls/thumb_sources/thumbdown/fitted/thumbdown_5576.npy
scissors,scissors,scissors (481),train,./dataset/skeleton_final_v2/scissors/scissors (481).npy,./batch_scissors/fitted/scissors (481).npy
paper,paper,paper-set2 (505),train,./dataset/skeleton_final_v2/paper/paper-set2 (505).npy,./batch_paper/fitted/paper-set2 (505).npy
ok,ok,ok_4015,train,./dataset/skeleton_final_v2/ok/ok_4015.npy,./batch_ok/fitted/ok_4015.npy
the-finger,the-finger,the-finger-set2 (63),train,./dataset/skeleton_final_v2/the-finger/the-finger-set2 (63).npy,./batch_thefinger/fitted/the-finger-set2 (63).npy
paper,paper,paper (150),train,./dataset/skeleton_final_v2/paper/paper (150).npy,./batch_paper/fitted/paper (150).npy
scissors,scissors,scissors_5748,train,./dataset/skeleton_final_v2/scissors/scissors_5748.npy,./batch_scissors/fitted/scissors_5748.npy
the-finger,the-finger,the-finger-set2 (204),train,./dataset/skeleton_final_v2/the-finger/the-finger-set2 (204).npy,./batch_thefinger/fitted/the-finger-set2 (204).npy
rock,rock,rock_7300,train,./dataset/skeleton_final_v2/rock/rock_7300.npy,./batch_rock/fitted/rock_7300.npy
paper,paper,paper-set2 (472),train,./dataset/skeleton_final_v2/paper/paper-set2 (472).npy,./batch_paper/fitted/paper-set2 (472).npy
scissors,scissors,scissors_5483,train,./dataset/skeleton_final_v2/scissors/scissors_5483.npy,./batch_scissors/fitted/scissors_5483.npy
paper,paper,paper_1432,train,./dataset/skeleton_final_v2/paper/paper_1432.npy,./batch_paper/fitted/paper_1432.npy
rock,rock,rock-set2 (150),train,./dataset/skeleton_final_v2/rock/rock-set2 (150).npy,./batch_rock/fitted/rock-set2 (150).npy
the-finger,the-finger,the-finger-set2 (405),train,./dataset/skeleton_final_v2/the-finger/the-finger-set2 (405).npy,./batch_thefinger/fitted/the-finger-set2 (405).npy
paper,paper,paper (138),train,./dataset/skeleton_final_v2/paper/paper (138).npy,./batch_paper/fitted/paper (138).npy
paper,paper,paper_378,train,./dataset/skeleton_final_v2/paper/paper_378.npy,./batch_paper/fitted/paper_378.npy
scissors,scissors,scissors_778,train,./dataset/skeleton_final_v2/scissors/scissors_778.npy,./batch_scissors/fitted/scissors_778.npy
paper,paper,paper-set2 (189),train,./dataset/skeleton_final_v2/paper/paper-set2 (189).npy,./batch_paper/fitted/paper-set2 (189).npy
thumb,thumbup,thumbup_9288,train,./dataset/skeleton_final_v2/thumbup/thumbup_9288.npy,./data/salux_refined_6cls/thumb_sources/thumbup/fitted/thumbup_9288.npy
scissors,scissors,scissors_2653,train,./dataset/skeleton_final_v2/scissors/scissors_2653.npy,./batch_scissors/fitted/scissors_2653.npy
the-finger,the-finger,the-finger (162),train,./dataset/skeleton_final_v2/the-finger/the-finger (162).npy,./batch_thefinger/fitted/the-finger (162).npy
thumb,thumbup,hand-10-1965,train,./dataset/skeleton_final_v2/thumbup/hand-10-1965.npy,./data/salux_refined_6cls/thumb_sources/thumbup/fitted/hand-10-1965.npy
paper,paper,paper-set2 (92),train,./dataset/skeleton_final_v2/paper/paper-set2 (92).npy,./batch_paper/fitted/paper-set2 (92).npy
paper,paper,paper_7154,train,./dataset/skeleton_final_v2/paper/paper_7154.npy,./batch_paper/fitted/paper_7154.npy
scissors,scissors,scissors-set2 (310),train,./dataset/skeleton_final_v2/scissors/scissors-set2 (310).npy,./batch_scissors/fitted/scissors-set2 (310).npy
ok,ok,ok_Set2_ (579),train,./dataset/skeleton_final_v2/ok/ok_Set2_ (579).npy,./batch_ok/fitted/ok_Set2_ (579).npy
scissors,scissors,scissors-set2 (585),train,./dataset/skeleton_final_v2/scissors/scissors-set2 (585).npy,./batch_scissors/fitted/scissors-set2 (585).npy
ok,ok,ok (20),train,./dataset/skeleton_final_v2/ok/ok (20).npy,./batch_ok/fitted/ok (20).npy
ok,ok,ok_4013,train,./dataset/skeleton_final_v2/ok/ok_4013.npy,./batch_ok/fitted/ok_4013.npy
paper,paper,paper-set2 (302),train,./dataset/skeleton_final_v2/paper/paper-set2 (302).npy,./batch_paper/fitted/paper-set2 (302).npy
paper,paper,paper-set2 (144),train,./dataset/skeleton_final_v2/paper/paper-set2 (144).npy,./batch_paper/fitted/paper-set2 (144).npy
scissors,scissors,scissors (494),train,./dataset/skeleton_final_v2/scissors/scissors (494).npy,./batch_scissors/fitted/scissors (494).npy
thumb,thumbup,thumbup_7401,train,./dataset/skeleton_final_v2/thumbup/thumbup_7401.npy,./data/salux_refined_6cls/thumb_sources/thumbup/fitted/thumbup_7401.npy
ok,ok,ok_Set2_ (485),train,./dataset/skeleton_final_v2/ok/ok_Set2_ (485).npy,./batch_ok/fitted/ok_Set2_ (485).npy
thumb,thumbup,thumbup (305),train,./dataset/skeleton_final_v2/thumbup/thumbup (305).npy,./data/salux_refined_6cls/thumb_sources/thumbup/fitted/thumbup (305).npy
the-finger,the-finger,the-finger_6276,train,./dataset/skeleton_final_v2/the-finger/the-finger_6276.npy,./batch_thefinger/fitted/the-finger_6276.npy
paper,paper,paper_1824,train,./dataset/skeleton_final_v2/paper/paper_1824.npy,./batch_paper/fitted/paper_1824.npy
paper,paper,paper-set2 (408),train,./dataset/skeleton_final_v2/paper/paper-set2 (408).npy,./batch_paper/fitted/paper-set2 (408).npy
the-finger,the-finger,the-finger_6270,train,./dataset/skeleton_final_v2/the-finger/the-finger_6270.npy,./batch_thefinger/fitted/the-finger_6270.npy
scissors,scissors,scissors (425),train,./dataset/skeleton_final_v2/scissors/scissors (425).npy,./batch_scissors/fitted/scissors (425).npy
scissors,scissors,scissors-set2 (659),train,./dataset/skeleton_final_v2/scissors/scissors-set2 (659).npy,./batch_scissors/fitted/scissors-set2 (659).npy
ok,ok,ok_Set2_ (305),train,./dataset/skeleton_final_v2/ok/ok_Set2_ (305).npy,./batch_ok/fitted/ok_Set2_ (305).npy
rock,rock,rock-set2 (601),train,./dataset/skeleton_final_v2/rock/rock-set2 (601).npy,./batch_rock/fitted/rock-set2 (601).npy
the-finger,the-finger,the-finger-set2 (414),train,./dataset/skeleton_final_v2/the-finger/the-finger-set2 (414).npy,./batch_thefinger/fitted/the-finger-set2 (414).npy
thumb,thumbdown,hand-7-1650,train,./dataset/skeleton_final_v2/thumbdown/hand-7-1650.npy,./data/salux_refined_6cls/thumb_sources/thumbdown/fitted/hand-7-1650.npy
scissors,scissors,scissors_6948,train,./dataset/skeleton_final_v2/scissors/scissors_6948.npy,./batch_scissors/fitted/scissors_6948.npy
paper,paper,paper-set2 (49),train,./dataset/skeleton_final_v2/paper/paper-set2 (49).npy,./batch_paper/fitted/paper-set2 (49).npy
ok,ok,ok_Set2_ (546),train,./dataset/skeleton_final_v2/ok/ok_Set2_ (546).npy,./batch_ok/fitted/ok_Set2_ (546).npy
scissors,scissors,scissors_452,train,./dataset/skeleton_final_v2/scissors/scissors_452.npy,./batch_scissors/fitted/scissors_452.npy
paper,paper,paper_5713,train,./dataset/skeleton_final_v2/paper/paper_5713.npy,./batch_paper/fitted/paper_5713.npy
thumb,thumbdown,thumbdown_5570,train,./dataset/skeleton_final_v2/thumbdown/thumbdown_5570.npy,./data/salux_refined_6cls/thumb_sources/thumbdown/fitted/thumbdown_5570.npy
scissors,scissors,scissors-set2 (673),train,./dataset/skeleton_final_v2/scissors/scissors-set2 (673).npy,./batch_scissors/fitted/scissors-set2 (673).npy
paper,paper,paper-set2 (220),train,./dataset/skeleton_final_v2/paper/paper-set2 (220).npy,./batch_paper/fitted/paper-set2 (220).npy
paper,paper,paper_729,train,./dataset/skeleton_final_v2/paper/paper_729.npy,./batch_paper/fitted/paper_729.npy
scissors,scissors,scissors (98),train,./dataset/skeleton_final_v2/scissors/scissors (98).npy,./batch_scissors/fitted/scissors (98).npy
the-finger,the-finger,the-finger_6866,train,./dataset/skeleton_final_v2/the-finger/the-finger_6866.npy,./batch_thefinger/fitted/the-finger_6866.npy
rock,rock,rock-set2 (523),train,./dataset/skeleton_final_v2/rock/rock-set2 (523).npy,./batch_rock/fitted/rock-set2 (523).npy
rock,rock,rock-set2 (14),train,./dataset/skeleton_final_v2/rock/rock-set2 (14).npy,./batch_rock/fitted/rock-set2 (14).npy
thumb,thumbdown,hand-10-610,train,./dataset/skeleton_final_v2/thumbdown/hand-10-610.npy,./data/salux_refined_6cls/thumb_sources/thumbdown/fitted/hand-10-610.npy
paper,paper,paper_2456,train,./dataset/skeleton_final_v2/paper/paper_2456.npy,./batch_paper/fitted/paper_2456.npy
scissors,scissors,scissors-set2 (29),train,./dataset/skeleton_final_v2/scissors/scissors-set2 (29).npy,./batch_scissors/fitted/scissors-set2 (29).npy
the-finger,the-finger,the-finger_9054,train,./dataset/skeleton_final_v2/the-finger/the-finger_9054.npy,./batch_thefinger/fitted/the-finger_9054.npy
thumb,thumbdown,thumbdown_868,train,./dataset/skeleton_final_v2/thumbdown/thumbdown_868.npy,./data/salux_refined_6cls/thumb_sources/thumbdown/fitted/thumbdown_868.npy
thumb,thumbdown,thumbdown (202),train,./dataset/skeleton_final_v2/thumbdown/thumbdown (202).npy,./data/salux_refined_6cls/thumb_sources/thumbdown/fitted/thumbdown (202).npy
the-finger,the-finger,the-finger-set2 (130),train,./dataset/skeleton_final_v2/the-finger/the-finger-set2 (130).npy,./batch_thefinger/fitted/the-finger-set2 (130).npy
thumb,thumbdown,thumbdown_9020,train,./dataset/skeleton_final_v2/thumbdown/thumbdown_9020.npy,./data/salux_refined_6cls/thumb_sources/thumbdown/fitted/thumbdown_9020.npy
scissors,scissors,scissors-set2 (174),train,./dataset/skeleton_final_v2/scissors/scissors-set2 (174).npy,./batch_scissors/fitted/scissors-set2 (174).npy
paper,paper,paper-set2 (372),train,./dataset/skeleton_final_v2/paper/paper-set2 (372).npy,./batch_paper/fitted/paper-set2 (372).npy
the-finger,the-finger,the-finger_1724,train,./dataset/skeleton_final_v2/the-finger/the-finger_1724.npy,./batch_thefinger/fitted/the-finger_1724.npy
ok,ok,ok_Set2_ (67),train,./dataset/skeleton_final_v2/ok/ok_Set2_ (67).npy,./batch_ok/fitted/ok_Set2_ (67).npy
rock,rock,rock-set2 (364),train,./dataset/skeleton_final_v2/rock/rock-set2 (364).npy,./batch_rock/fitted/rock-set2 (364).npy
paper,paper,paper-set2 (303),train,./dataset/skeleton_final_v2/paper/paper-set2 (303).npy,./batch_paper/fitted/paper-set2 (303).npy
scissors,scissors,scissors-set2 (225),train,./dataset/skeleton_final_v2/scissors/scissors-set2 (225).npy,./batch_scissors/fitted/scissors-set2 (225).npy
paper,paper,paper_6925,train,./dataset/skeleton_final_v2/paper/paper_6925.npy,./batch_paper/fitted/paper_6925.npy
thumb,thumbup,thumbup_6788,train,./dataset/skeleton_final_v2/thumbup/thumbup_6788.npy,./data/salux_refined_6cls/thumb_sources/thumbup/fitted/thumbup_6788.npy
scissors,scissors,scissors (483),train,./dataset/skeleton_final_v2/scissors/scissors (483).npy,./batch_scissors/fitted/scissors (483).npy
thumb,thumbdown,thumbdown (1),train,./dataset/skeleton_final_v2/thumbdown/thumbdown (1).npy,./data/salux_refined_6cls/thumb_sources/thumbdown/fitted/thumbdown (1).npy
ok,ok,ok (181),train,./dataset/skeleton_final_v2/ok/ok (181).npy,./batch_ok/fitted/ok (181).npy
thumb,thumbdown,thumbdown_5330,train,./dataset/skeleton_final_v2/thumbdown/thumbdown_5330.npy,./data/salux_refined_6cls/thumb_sources/thumbdown/fitted/thumbdown_5330.npy
thumb,thumbup,thumbup_7756,train,./dataset/skeleton_final_v2/thumbup/thumbup_7756.npy,./data/salux_refined_6cls/thumb_sources/thumbup/fitted/thumbup_7756.npy
thumb,thumbdown,thumbdown_3382,train,./dataset/skeleton_final_v2/thumbdown/thumbdown_3382.npy,./data/salux_refined_6cls/thumb_sources/thumbdown/fitted/thumbdown_3382.npy
scissors,scissors,scissors_3915,train,./dataset/skeleton_final_v2/scissors/scissors_3915.npy,./batch_scissors/fitted/scissors_3915.npy
scissors,scissors,scissors_5211,train,./dataset/skeleton_final_v2/scissors/scissors_5211.npy,./batch_scissors/fitted/scissors_5211.npy
rock,rock,rock-set2 (351),train,./dataset/skeleton_final_v2/rock/rock-set2 (351).npy,./batch_rock/fitted/rock-set2 (351).npy
paper,paper,paper_7593,train,./dataset/skeleton_final_v2/paper/paper_7593.npy,./batch_paper/fitted/paper_7593.npy
paper,paper,paper-set2 (122),train,./dataset/skeleton_final_v2/paper/paper-set2 (122).npy,./batch_paper/fitted/paper-set2 (122).npy
thumb,thumbup,thumbup (361),train,./dataset/skeleton_final_v2/thumbup/thumbup (361).npy,./data/salux_refined_6cls/thumb_sources/thumbup/fitted/thumbup (361).npy
scissors,scissors,scissors_2743,train,./dataset/skeleton_final_v2/scissors/scissors_2743.npy,./batch_scissors/fitted/scissors_2743.npy
scissors,scissors,scissors-set2 (139),train,./dataset/skeleton_final_v2/scissors/scissors-set2 (139).npy,./batch_scissors/fitted/scissors-set2 (139).npy
scissors,scissors,scissors-set2 (517),train,./dataset/skeleton_final_v2/scissors/scissors-set2 (517).npy,./batch_scissors/fitted/scissors-set2 (517).npy
thumb,thumbup,thumbup_7043,train,./dataset/skeleton_final_v2/thumbup/thumbup_7043.npy,./data/salux_refined_6cls/thumb_sources/thumbup/fitted/thumbup_7043.npy
ok,ok,ok_Set2_ (394),train,./dataset/skeleton_final_v2/ok/ok_Set2_ (394).npy,./batch_ok/fitted/ok_Set2_ (394).npy
paper,paper,paper_3794,train,./dataset/skeleton_final_v2/paper/paper_3794.npy,./batch_paper/fitted/paper_3794.npy
scissors,scissors,scissors_3877,train,./dataset/skeleton_final_v2/scissors/scissors_3877.npy,./batch_scissors/fitted/scissors_3877.npy
ok,ok,ok_6572,train,./dataset/skeleton_final_v2/ok/ok_6572.npy,./batch_ok/fitted/ok_6572.npy
thumb,thumbup,hand-9-1620,train,./dataset/skeleton_final_v2/thumbup/hand-9-1620.npy,./data/salux_refined_6cls/thumb_sources/thumbup/fitted/hand-9-1620.npy
thumb,thumbup,thumbup (324),train,./dataset/skeleton_final_v2/thumbup/thumbup (324).npy,./data/salux_refined_6cls/thumb_sources/thumbup/fitted/thumbup (324).npy
ok,ok,ok_5782,train,./dataset/skeleton_final_v2/ok/ok_5782.npy,./batch_ok/fitted/ok_5782.npy
paper,paper,paper_7157,train,./dataset/skeleton_final_v2/paper/paper_7157.npy,./batch_paper/fitted/paper_7157.npy
thumb,thumbdown,hand-11-835,train,./dataset/skeleton_final_v2/thumbdown/hand-11-835.npy,./data/salux_refined_6cls/thumb_sources/thumbdown/fitted/hand-11-835.npy
the-finger,the-finger,the-finger (152),train,./dataset/skeleton_final_v2/the-finger/the-finger (152).npy,./batch_thefinger/fitted/the-finger (152).npy
ok,ok,ok (143),train,./dataset/skeleton_final_v2/ok/ok (143).npy,./batch_ok/fitted/ok (143).npy
thumb,thumbup,hand-8-3570,train,./dataset/skeleton_final_v2/thumbup/hand-8-3570.npy,./data/salux_refined_6cls/thumb_sources/thumbup/fitted/hand-8-3570.npy
paper,paper,paper-set2 (154),train,./dataset/skeleton_final_v2/paper/paper-set2 (154).npy,./batch_paper/fitted/paper-set2 (154).npy
ok,ok,ok_5520,train,./dataset/skeleton_final_v2/ok/ok_5520.npy,./batch_ok/fitted/ok_5520.npy
paper,paper,paper-set2 (135),train,./dataset/skeleton_final_v2/paper/paper-set2 (135).npy,./batch_paper/fitted/paper-set2 (135).npy
thumb,thumbdown,hand-9-1925,train,./dataset/skeleton_final_v2/thumbdown/hand-9-1925.npy,./data/salux_refined_6cls/thumb_sources/thumbdown/fitted/hand-9-1925.npy
thumb,thumbup,thumbup (399),train,./dataset/skeleton_final_v2/thumbup/thumbup (399).npy,./data/salux_refined_6cls/thumb_sources/thumbup/fitted/thumbup (399).npy
ok,ok,ok_4009,train,./dataset/skeleton_final_v2/ok/ok_4009.npy,./batch_ok/fitted/ok_4009.npy
scissors,scissors,scissors (300),train,./dataset/skeleton_final_v2/scissors/scissors (300).npy,./batch_scissors/fitted/scissors (300).npy
paper,paper,paper-set2 (30),train,./dataset/skeleton_final_v2/paper/paper-set2 (30).npy,./batch_paper/fitted/paper-set2 (30).npy
scissors,scissors,scissors_6380,train,./dataset/skeleton_final_v2/scissors/scissors_6380.npy,./batch_scissors/fitted/scissors_6380.npy
the-finger,the-finger,the-finger_9456,train,./dataset/skeleton_final_v2/the-finger/the-finger_9456.npy,./batch_thefinger/fitted/the-finger_9456.npy
rock,rock,rock (106),train,./dataset/skeleton_final_v2/rock/rock (106).npy,./batch_rock/fitted/rock (106).npy
rock,rock,rock (101),train,./dataset/skeleton_final_v2/rock/rock (101).npy,./batch_rock/fitted/rock (101).npy
paper,paper,paper_6716,train,./dataset/skeleton_final_v2/paper/paper_6716.npy,./batch_paper/fitted/paper_6716.npy
scissors,scissors,scissors (16),train,./dataset/skeleton_final_v2/scissors/scissors (16).npy,./batch_scissors/fitted/scissors (16).npy
thumb,thumbup,thumbup (78),train,./dataset/skeleton_final_v2/thumbup/thumbup (78).npy,./data/salux_refined_6cls/thumb_sources/thumbup/fitted/thumbup (78).npy
ok,ok,ok_Set2_ (445),train,./dataset/skeleton_final_v2/ok/ok_Set2_ (445).npy,./batch_ok/fitted/ok_Set2_ (445).npy
scissors,scissors,scissors-set2 (578),train,./dataset/skeleton_final_v2/scissors/scissors-set2 (578).npy,./batch_scissors/fitted/scissors-set2 (578).npy
ok,ok,ok_Set2_ (173),train,./dataset/skeleton_final_v2/ok/ok_Set2_ (173).npy,./batch_ok/fitted/ok_Set2_ (173).npy
the-finger,the-finger,the-finger-set2 (287),train,./dataset/skeleton_final_v2/the-finger/the-finger-set2 (287).npy,./batch_thefinger/fitted/the-finger-set2 (287).npy
scissors,scissors,scissors (175),train,./dataset/skeleton_final_v2/scissors/scissors (175).npy,./batch_scissors/fitted/scissors (175).npy
ok,ok,ok_2952,train,./dataset/skeleton_final_v2/ok/ok_2952.npy,./batch_ok/fitted/ok_2952.npy
the-finger,the-finger,the-finger-set2 (11),train,./dataset/skeleton_final_v2/the-finger/the-finger-set2 (11).npy,./batch_thefinger/fitted/the-finger-set2 (11).npy
thumb,thumbup,thumbup_8948,train,./dataset/skeleton_final_v2/thumbup/thumbup_8948.npy,./data/salux_refined_6cls/thumb_sources/thumbup/fitted/thumbup_8948.npy
ok,ok,ok_2874,train,./dataset/skeleton_final_v2/ok/ok_2874.npy,./batch_ok/fitted/ok_2874.npy
the-finger,the-finger,the-finger-set2 (292),train,./dataset/skeleton_final_v2/the-finger/the-finger-set2 (292).npy,./batch_thefinger/fitted/the-finger-set2 (292).npy
ok,ok,ok_Set2_ (258),train,./dataset/skeleton_final_v2/ok/ok_Set2_ (258).npy,./batch_ok/fitted/ok_Set2_ (258).npy
paper,paper,paper-set2 (4),train,./dataset/skeleton_final_v2/paper/paper-set2 (4).npy,./batch_paper/fitted/paper-set2 (4).npy
the-finger,the-finger,the-finger_8284,train,./dataset/skeleton_final_v2/the-finger/the-finger_8284.npy,./batch_thefinger/fitted/the-finger_8284.npy
scissors,scissors,scissors_3939,train,./dataset/skeleton_final_v2/scissors/scissors_3939.npy,./batch_scissors/fitted/scissors_3939.npy
scissors,scissors,scissors (342),train,./dataset/skeleton_final_v2/scissors/scissors (342).npy,./batch_scissors/fitted/scissors (342).npy
thumb,thumbup,hand-10-2155,train,./dataset/skeleton_final_v2/thumbup/hand-10-2155.npy,./data/salux_refined_6cls/thumb_sources/thumbup/fitted/hand-10-2155.npy
scissors,scissors,scissors-set2 (340),train,./dataset/skeleton_final_v2/scissors/scissors-set2 (340).npy,./batch_scissors/fitted/scissors-set2 (340).npy
the-finger,the-finger,the-finger_7279,train,./dataset/skeleton_final_v2/the-finger/the-finger_7279.npy,./batch_thefinger/fitted/the-finger_7279.npy
ok,ok,ok_Set2_ (492),train,./dataset/skeleton_final_v2/ok/ok_Set2_ (492).npy,./batch_ok/fitted/ok_Set2_ (492).npy
scissors,scissors,scissors-set2 (11),train,./dataset/skeleton_final_v2/scissors/scissors-set2 (11).npy,./batch_scissors/fitted/scissors-set2 (11).npy
scissors,scissors,scissors-set2 (275),train,./dataset/skeleton_final_v2/scissors/scissors-set2 (275).npy,./batch_scissors/fitted/scissors-set2 (275).npy
thumb,thumbdown,thumbdown_7469,train,./dataset/skeleton_final_v2/thumbdown/thumbdown_7469.npy,./data/salux_refined_6cls/thumb_sources/thumbdown/fitted/thumbdown_7469.npy
ok,ok,ok_Set2_ (231),train,./dataset/skeleton_final_v2/ok/ok_Set2_ (231).npy,./batch_ok/fitted/ok_Set2_ (231).npy
ok,ok,ok (100),train,./dataset/skeleton_final_v2/ok/ok (100).npy,./batch_ok/fitted/ok (100).npy
thumb,thumbdown,hand-8-1895,train,./dataset/skeleton_final_v2/thumbdown/hand-8-1895.npy,./data/salux_refined_6cls/thumb_sources/thumbdown/fitted/hand-8-1895.npy
scissors,scissors,scissors-set2 (264),train,./dataset/skeleton_final_v2/scissors/scissors-set2 (264).npy,./batch_scissors/fitted/scissors-set2 (264).npy
ok,ok,ok_5556,train,./dataset/skeleton_final_v2/ok/ok_5556.npy,./batch_ok/fitted/ok_5556.npy
thumb,thumbup,thumbup (248),train,./dataset/skeleton_final_v2/thumbup/thumbup (248).npy,./data/salux_refined_6cls/thumb_sources/thumbup/fitted/thumbup (248).npy
scissors,scissors,scissors-set2 (63),train,./dataset/skeleton_final_v2/scissors/scissors-set2 (63).npy,./batch_scissors/fitted/scissors-set2 (63).npy
paper,paper,paper-set2 (97),train,./dataset/skeleton_final_v2/paper/paper-set2 (97).npy,./batch_paper/fitted/paper-set2 (97).npy
the-finger,the-finger,the-finger (20),train,./dataset/skeleton_final_v2/the-finger/the-finger (20).npy,./batch_thefinger/fitted/the-finger (20).npy
ok,ok,ok_2879,train,./dataset/skeleton_final_v2/ok/ok_2879.npy,./batch_ok/fitted/ok_2879.npy
scissors,scissors,scissors-set2 (627),train,./dataset/skeleton_final_v2/scissors/scissors-set2 (627).npy,./batch_scissors/fitted/scissors-set2 (627).npy
thumb,thumbdown,thumbdown_4468,train,./dataset/skeleton_final_v2/thumbdown/thumbdown_4468.npy,./data/salux_refined_6cls/thumb_sources/thumbdown/fitted/thumbdown_4468.npy
paper,paper,paper-set2 (410),train,./dataset/skeleton_final_v2/paper/paper-set2 (410).npy,./batch_paper/fitted/paper-set2 (410).npy
thumb,thumbup,thumbup_8944,train,./dataset/skeleton_final_v2/thumbup/thumbup_8944.npy,./data/salux_refined_6cls/thumb_sources/thumbup/fitted/thumbup_8944.npy
rock,rock,rock (23),train,./dataset/skeleton_final_v2/rock/rock (23).npy,./batch_rock/fitted/rock (23).npy
ok,ok,ok (249),train,./dataset/skeleton_final_v2/ok/ok (249).npy,./batch_ok/fitted/ok (249).npy
ok,ok,ok_Set2_ (517),train,./dataset/skeleton_final_v2/ok/ok_Set2_ (517).npy,./batch_ok/fitted/ok_Set2_ (517).npy
thumb,thumbdown,thumbdown_6255,train,./dataset/skeleton_final_v2/thumbdown/thumbdown_6255.npy,./data/salux_refined_6cls/thumb_sources/thumbdown/fitted/thumbdown_6255.npy
thumb,thumbdown,thumbdown (181),train,./dataset/skeleton_final_v2/thumbdown/thumbdown (181).npy,./data/salux_refined_6cls/thumb_sources/thumbdown/fitted/thumbdown (181).npy
ok,ok,ok_Set2_ (405),train,./dataset/skeleton_final_v2/ok/ok_Set2_ (405).npy,./batch_ok/fitted/ok_Set2_ (405).npy
ok,ok,ok_2957,train,./dataset/skeleton_final_v2/ok/ok_2957.npy,./batch_ok/fitted/ok_2957.npy
ok,ok,ok_Set2_ (365),train,./dataset/skeleton_final_v2/ok/ok_Set2_ (365).npy,./batch_ok/fitted/ok_Set2_ (365).npy
thumb,thumbdown,thumbdown (45),train,./dataset/skeleton_final_v2/thumbdown/thumbdown (45).npy,./data/salux_refined_6cls/thumb_sources/thumbdown/fitted/thumbdown (45).npy
rock,rock,rock (245),train,./dataset/skeleton_final_v2/rock/rock (245).npy,./batch_rock/fitted/rock (245).npy
the-finger,the-finger,the-finger_3510,train,./dataset/skeleton_final_v2/the-finger/the-finger_3510.npy,./batch_thefinger/fitted/the-finger_3510.npy
scissors,scissors,scissors (409),train,./dataset/skeleton_final_v2/scissors/scissors (409).npy,./batch_scissors/fitted/scissors (409).npy
thumb,thumbup,thumbup_8954,train,./dataset/skeleton_final_v2/thumbup/thumbup_8954.npy,./data/salux_refined_6cls/thumb_sources/thumbup/fitted/thumbup_8954.npy
scissors,scissors,scissors-set2 (194),train,./dataset/skeleton_final_v2/scissors/scissors-set2 (194).npy,./batch_scissors/fitted/scissors-set2 (194).npy
the-finger,the-finger,the-finger-set2 (339),train,./dataset/skeleton_final_v2/the-finger/the-finger-set2 (339).npy,./batch_thefinger/fitted/the-finger-set2 (339).npy
thumb,thumbdown,hand-9-1950,train,./dataset/skeleton_final_v2/thumbdown/hand-9-1950.npy,./data/salux_refined_6cls/thumb_sources/thumbdown/fitted/hand-9-1950.npy
ok,ok,ok_Set2_ (2),train,./dataset/skeleton_final_v2/ok/ok_Set2_ (2).npy,./batch_ok/fitted/ok_Set2_ (2).npy
paper,paper,paper_3732,train,./dataset/skeleton_final_v2/paper/paper_3732.npy,./batch_paper/fitted/paper_3732.npy
the-finger,the-finger,the-finger_7086,train,./dataset/skeleton_final_v2/the-finger/the-finger_7086.npy,./batch_thefinger/fitted/the-finger_7086.npy
paper,paper,paper (71),train,./dataset/skeleton_final_v2/paper/paper (71).npy,./batch_paper/fitted/paper (71).npy
thumb,thumbup,thumbup (152),train,./dataset/skeleton_final_v2/thumbup/thumbup (152).npy,./data/salux_refined_6cls/thumb_sources/thumbup/fitted/thumbup (152).npy
thumb,thumbdown,thumbdown (339),train,./dataset/skeleton_final_v2/thumbdown/thumbdown (339).npy,./data/salux_refined_6cls/thumb_sources/thumbdown/fitted/thumbdown (339).npy
ok,ok,ok_Set2_ (527),train,./dataset/skeleton_final_v2/ok/ok_Set2_ (527).npy,./batch_ok/fitted/ok_Set2_ (527).npy
thumb,thumbup,thumbup (26),train,./dataset/skeleton_final_v2/thumbup/thumbup (26).npy,./data/salux_refined_6cls/thumb_sources/thumbup/fitted/thumbup (26).npy
thumb,thumbup,thumbup_6790,train,./dataset/skeleton_final_v2/thumbup/thumbup_6790.npy,./data/salux_refined_6cls/thumb_sources/thumbup/fitted/thumbup_6790.npy
paper,paper,paper_392,train,./dataset/skeleton_final_v2/paper/paper_392.npy,./batch_paper/fitted/paper_392.npy
paper,paper,paper_1033,train,./dataset/skeleton_final_v2/paper/paper_1033.npy,./batch_paper/fitted/paper_1033.npy
thumb,thumbdown,thumbdown_4400,train,./dataset/skeleton_final_v2/thumbdown/thumbdown_4400.npy,./data/salux_refined_6cls/thumb_sources/thumbdown/fitted/thumbdown_4400.npy
rock,rock,rock (190),train,./dataset/skeleton_final_v2/rock/rock (190).npy,./batch_rock/fitted/rock (190).npy
ok,ok,ok_Set2_ (274),train,./dataset/skeleton_final_v2/ok/ok_Set2_ (274).npy,./batch_ok/fitted/ok_Set2_ (274).npy
paper,paper,paper-set2 (208),train,./dataset/skeleton_final_v2/paper/paper-set2 (208).npy,./batch_paper/fitted/paper-set2 (208).npy
the-finger,the-finger,the-finger_7092,train,./dataset/skeleton_final_v2/the-finger/the-finger_7092.npy,./batch_thefinger/fitted/the-finger_7092.npy
scissors,scissors,scissors-set2 (528),train,./dataset/skeleton_final_v2/scissors/scissors-set2 (528).npy,./batch_scissors/fitted/scissors-set2 (528).npy
the-finger,the-finger,the-finger_5849,train,./dataset/skeleton_final_v2/the-finger/the-finger_5849.npy,./batch_thefinger/fitted/the-finger_5849.npy
ok,ok,ok_Set2_ (295),train,./dataset/skeleton_final_v2/ok/ok_Set2_ (295).npy,./batch_ok/fitted/ok_Set2_ (295).npy
thumb,thumbup,thumbup (28),train,./dataset/skeleton_final_v2/thumbup/thumbup (28).npy,./data/salux_refined_6cls/thumb_sources/thumbup/fitted/thumbup (28).npy
thumb,thumbup,hand-10-25,train,./dataset/skeleton_final_v2/thumbup/hand-10-25.npy,./data/salux_refined_6cls/thumb_sources/thumbup/fitted/hand-10-25.npy
paper,paper,paper-set2 (498),train,./dataset/skeleton_final_v2/paper/paper-set2 (498).npy,./batch_paper/fitted/paper-set2 (498).npy
thumb,thumbdown,thumbdown (340),train,./dataset/skeleton_final_v2/thumbdown/thumbdown (340).npy,./data/salux_refined_6cls/thumb_sources/thumbdown/fitted/thumbdown (340).npy
paper,paper,paper_3808,train,./dataset/skeleton_final_v2/paper/paper_3808.npy,./batch_paper/fitted/paper_3808.npy
ok,ok,ok_2850,train,./dataset/skeleton_final_v2/ok/ok_2850.npy,./batch_ok/fitted/ok_2850.npy
paper,paper,paper_3813,train,./dataset/skeleton_final_v2/paper/paper_3813.npy,./batch_paper/fitted/paper_3813.npy
scissors,scissors,scissors-set2 (192),train,./dataset/skeleton_final_v2/scissors/scissors-set2 (192).npy,./batch_scissors/fitted/scissors-set2 (192).npy
ok,ok,ok_9262,train,./dataset/skeleton_final_v2/ok/ok_9262.npy,./batch_ok/fitted/ok_9262.npy
thumb,thumbup,thumbup (464),train,./dataset/skeleton_final_v2/thumbup/thumbup (464).npy,./data/salux_refined_6cls/thumb_sources/thumbup/fitted/thumbup (464).npy
ok,ok,ok_7690,train,./dataset/skeleton_final_v2/ok/ok_7690.npy,./batch_ok/fitted/ok_7690.npy
thumb,thumbdown,thumbdown_5350,train,./dataset/skeleton_final_v2/thumbdown/thumbdown_5350.npy,./data/salux_refined_6cls/thumb_sources/thumbdown/fitted/thumbdown_5350.npy
thumb,thumbup,thumbup (470),train,./dataset/skeleton_final_v2/thumbup/thumbup (470).npy,./data/salux_refined_6cls/thumb_sources/thumbup/fitted/thumbup (470).npy
thumb,thumbup,thumbup (290),train,./dataset/skeleton_final_v2/thumbup/thumbup (290).npy,./data/salux_refined_6cls/thumb_sources/thumbup/fitted/thumbup (290).npy
scissors,scissors,scissors_454,train,./dataset/skeleton_final_v2/scissors/scissors_454.npy,./batch_scissors/fitted/scissors_454.npy
thumb,thumbup,thumbup_9302,train,./dataset/skeleton_final_v2/thumbup/thumbup_9302.npy,./data/salux_refined_6cls/thumb_sources/thumbup/fitted/thumbup_9302.npy
rock,rock,rock-set2 (514),train,./dataset/skeleton_final_v2/rock/rock-set2 (514).npy,./batch_rock/fitted/rock-set2 (514).npy
paper,paper,paper-set2 (384),train,./dataset/skeleton_final_v2/paper/paper-set2 (384).npy,./batch_paper/fitted/paper-set2 (384).npy
thumb,thumbup,thumbup (344),train,./dataset/skeleton_final_v2/thumbup/thumbup (344).npy,./data/salux_refined_6cls/thumb_sources/thumbup/fitted/thumbup (344).npy
paper,paper,paper_384,train,./dataset/skeleton_final_v2/paper/paper_384.npy,./batch_paper/fitted/paper_384.npy
scissors,scissors,scissors-set2 (501),train,./dataset/skeleton_final_v2/scissors/scissors-set2 (501).npy,./batch_scissors/fitted/scissors-set2 (501).npy
scissors,scissors,scissors_6724,train,./dataset/skeleton_final_v2/scissors/scissors_6724.npy,./batch_scissors/fitted/scissors_6724.npy
ok,ok,ok_6995,train,./dataset/skeleton_final_v2/ok/ok_6995.npy,./batch_ok/fitted/ok_6995.npy
scissors,scissors,scissors_777,train,./dataset/skeleton_final_v2/scissors/scissors_777.npy,./batch_scissors/fitted/scissors_777.npy
thumb,thumbup,thumbup (318),train,./dataset/skeleton_final_v2/thumbup/thumbup (318).npy,./data/salux_refined_6cls/thumb_sources/thumbup/fitted/thumbup (318).npy
rock,rock,rock_3148,train,./dataset/skeleton_final_v2/rock/rock_3148.npy,./batch_rock/fitted/rock_3148.npy
thumb,thumbup,thumbup (88),train,./dataset/skeleton_final_v2/thumbup/thumbup (88).npy,./data/salux_refined_6cls/thumb_sources/thumbup/fitted/thumbup (88).npy
scissors,scissors,scissors (127),train,./dataset/skeleton_final_v2/scissors/scissors (127).npy,./batch_scissors/fitted/scissors (127).npy
thumb,thumbup,thumbup (461),train,./dataset/skeleton_final_v2/thumbup/thumbup (461).npy,./data/salux_refined_6cls/thumb_sources/thumbup/fitted/thumbup (461).npy
paper,paper,paper_6922,train,./dataset/skeleton_final_v2/paper/paper_6922.npy,./batch_paper/fitted/paper_6922.npy
scissors,scissors,scissors_2789,train,./dataset/skeleton_final_v2/scissors/scissors_2789.npy,./batch_scissors/fitted/scissors_2789.npy
paper,paper,paper_1454,train,./dataset/skeleton_final_v2/paper/paper_1454.npy,./batch_paper/fitted/paper_1454.npy
ok,ok,ok (99),train,./dataset/skeleton_final_v2/ok/ok (99).npy,./batch_ok/fitted/ok (99).npy
the-finger,the-finger,the-finger-set2 (306),train,./dataset/skeleton_final_v2/the-finger/the-finger-set2 (306).npy,./batch_thefinger/fitted/the-finger-set2 (306).npy
scissors,scissors,scissors-set2 (652),train,./dataset/skeleton_final_v2/scissors/scissors-set2 (652).npy,./batch_scissors/fitted/scissors-set2 (652).npy
scissors,scissors,scissors_5488,train,./dataset/skeleton_final_v2/scissors/scissors_5488.npy,./batch_scissors/fitted/scissors_5488.npy
scissors,scissors,scissors-set2 (5),train,./dataset/skeleton_final_v2/scissors/scissors-set2 (5).npy,./batch_scissors/fitted/scissors-set2 (5).npy
scissors,scissors,scissors (356),train,./dataset/skeleton_final_v2/scissors/scissors (356).npy,./batch_scissors/fitted/scissors (356).npy
paper,paper,paper-set2 (346),train,./dataset/skeleton_final_v2/paper/paper-set2 (346).npy,./batch_paper/fitted/paper-set2 (346).npy
scissors,scissors,scissors_1490,train,./dataset/skeleton_final_v2/scissors/scissors_1490.npy,./batch_scissors/fitted/scissors_1490.npy
thumb,thumbdown,thumbdown_7808,train,./dataset/skeleton_final_v2/thumbdown/thumbdown_7808.npy,./data/salux_refined_6cls/thumb_sources/thumbdown/fitted/thumbdown_7808.npy
paper,paper,paper_3639,train,./dataset/skeleton_final_v2/paper/paper_3639.npy,./batch_paper/fitted/paper_3639.npy
scissors,scissors,scissors (230),train,./dataset/skeleton_final_v2/scissors/scissors (230).npy,./batch_scissors/fitted/scissors (230).npy
thumb,thumbup,thumbup (345),train,./dataset/skeleton_final_v2/thumbup/thumbup (345).npy,./data/salux_refined_6cls/thumb_sources/thumbup/fitted/thumbup (345).npy
thumb,thumbdown,thumbdown_5821,train,./dataset/skeleton_final_v2/thumbdown/thumbdown_5821.npy,./data/salux_refined_6cls/thumb_sources/thumbdown/fitted/thumbdown_5821.npy
scissors,scissors,scissors_2685,train,./dataset/skeleton_final_v2/scissors/scissors_2685.npy,./batch_scissors/fitted/scissors_2685.npy
scissors,scissors,scissors (114),train,./dataset/skeleton_final_v2/scissors/scissors (114).npy,./batch_scissors/fitted/scissors (114).npy
ok,ok,ok (98),train,./dataset/skeleton_final_v2/ok/ok (98).npy,./batch_ok/fitted/ok (98).npy
paper,paper,paper-set2 (224),train,./dataset/skeleton_final_v2/paper/paper-set2 (224).npy,./batch_paper/fitted/paper-set2 (224).npy
rock,rock,rock_7507,train,./dataset/skeleton_final_v2/rock/rock_7507.npy,./batch_rock/fitted/rock_7507.npy
thumb,thumbdown,thumbdown_3207,train,./dataset/skeleton_final_v2/thumbdown/thumbdown_3207.npy,./data/salux_refined_6cls/thumb_sources/thumbdown/fitted/thumbdown_3207.npy
ok,ok,ok_Set2_ (325),train,./dataset/skeleton_final_v2/ok/ok_Set2_ (325).npy,./batch_ok/fitted/ok_Set2_ (325).npy
scissors,scissors,scissors_2635,train,./dataset/skeleton_final_v2/scissors/scissors_2635.npy,./batch_scissors/fitted/scissors_2635.npy
scissors,scissors,scissors-set2 (560),train,./dataset/skeleton_final_v2/scissors/scissors-set2 (560).npy,./batch_scissors/fitted/scissors-set2 (560).npy
thumb,thumbdown,thumbdown (200),train,./dataset/skeleton_final_v2/thumbdown/thumbdown (200).npy,./data/salux_refined_6cls/thumb_sources/thumbdown/fitted/thumbdown (200).npy
scissors,scissors,scissors (116),train,./dataset/skeleton_final_v2/scissors/scissors (116).npy,./batch_scissors/fitted/scissors (116).npy
paper,paper,paper-set2 (407),train,./dataset/skeleton_final_v2/paper/paper-set2 (407).npy,./batch_paper/fitted/paper-set2 (407).npy
scissors,scissors,scissors (350),train,./dataset/skeleton_final_v2/scissors/scissors (350).npy,./batch_scissors/fitted/scissors (350).npy
thumb,thumbup,thumbup_7040,train,./dataset/skeleton_final_v2/thumbup/thumbup_7040.npy,./data/salux_refined_6cls/thumb_sources/thumbup/fitted/thumbup_7040.npy
ok,ok,ok_Set2_ (328),train,./dataset/skeleton_final_v2/ok/ok_Set2_ (328).npy,./batch_ok/fitted/ok_Set2_ (328).npy
ok,ok,ok_Set2_ (303),train,./dataset/skeleton_final_v2/ok/ok_Set2_ (303).npy,./batch_ok/fitted/ok_Set2_ (303).npy
the-finger,the-finger,the-finger-set2 (247),train,./dataset/skeleton_final_v2/the-finger/the-finger-set2 (247).npy,./batch_thefinger/fitted/the-finger-set2 (247).npy
rock,rock,rock-set2 (56),train,./dataset/skeleton_final_v2/rock/rock-set2 (56).npy,./batch_rock/fitted/rock-set2 (56).npy
ok,ok,ok_Set2_ (585),train,./dataset/skeleton_final_v2/ok/ok_Set2_ (585).npy,./batch_ok/fitted/ok_Set2_ (585).npy
thumb,thumbdown,thumbdown_7439,train,./dataset/skeleton_final_v2/thumbdown/thumbdown_7439.npy,./data/salux_refined_6cls/thumb_sources/thumbdown/fitted/thumbdown_7439.npy
thumb,thumbup,hand-11-2295,train,./dataset/skeleton_final_v2/thumbup/hand-11-2295.npy,./data/salux_refined_6cls/thumb_sources/thumbup/fitted/hand-11-2295.npy
the-finger,the-finger,the-finger-set2 (74),train,./dataset/skeleton_final_v2/the-finger/the-finger-set2 (74).npy,./batch_thefinger/fitted/the-finger-set2 (74).npy
rock,rock,rock (256),train,./dataset/skeleton_final_v2/rock/rock (256).npy,./batch_rock/fitted/rock (256).npy
scissors,scissors,scissors (458),train,./dataset/skeleton_final_v2/scissors/scissors (458).npy,./batch_scissors/fitted/scissors (458).npy
thumb,thumbup,thumbup (316),train,./dataset/skeleton_final_v2/thumbup/thumbup (316).npy,./data/salux_refined_6cls/thumb_sources/thumbup/fitted/thumbup (316).npy
paper,paper,paper (93),train,./dataset/skeleton_final_v2/paper/paper (93).npy,./batch_paper/fitted/paper (93).npy
the-finger,the-finger,the-finger-set2 (131),train,./dataset/skeleton_final_v2/the-finger/the-finger-set2 (131).npy,./batch_thefinger/fitted/the-finger-set2 (131).npy
thumb,thumbup,thumbup (282),train,./dataset/skeleton_final_v2/thumbup/thumbup (282).npy,./data/salux_refined_6cls/thumb_sources/thumbup/fitted/thumbup (282).npy
thumb,thumbup,thumbup (53),train,./dataset/skeleton_final_v2/thumbup/thumbup (53).npy,./data/salux_refined_6cls/thumb_sources/thumbup/fitted/thumbup (53).npy
paper,paper,paper-set2 (289),train,./dataset/skeleton_final_v2/paper/paper-set2 (289).npy,./batch_paper/fitted/paper-set2 (289).npy
thumb,thumbdown,thumbdown_6249,train,./dataset/skeleton_final_v2/thumbdown/thumbdown_6249.npy,./data/salux_refined_6cls/thumb_sources/thumbdown/fitted/thumbdown_6249.npy
thumb,thumbup,thumbup (444),train,./dataset/skeleton_final_v2/thumbup/thumbup (444).npy,./data/salux_refined_6cls/thumb_sources/thumbup/fitted/thumbup (444).npy
ok,ok,ok_Set2_ (584),train,./dataset/skeleton_final_v2/ok/ok_Set2_ (584).npy,./batch_ok/fitted/ok_Set2_ (584).npy
scissors,scissors,scissors_8496,train,./dataset/skeleton_final_v2/scissors/scissors_8496.npy,./batch_scissors/fitted/scissors_8496.npy
the-finger,the-finger,the-finger-set2 (375),train,./dataset/skeleton_final_v2/the-finger/the-finger-set2 (375).npy,./batch_thefinger/fitted/the-finger-set2 (375).npy
scissors,scissors,scissors-set2 (82),train,./dataset/skeleton_final_v2/scissors/scissors-set2 (82).npy,./batch_scissors/fitted/scissors-set2 (82).npy
scissors,scissors,scissors_1516,train,./dataset/skeleton_final_v2/scissors/scissors_1516.npy,./batch_scissors/fitted/scissors_1516.npy
ok,ok,ok_2692,train,./dataset/skeleton_final_v2/ok/ok_2692.npy,./batch_ok/fitted/ok_2692.npy
paper,paper,paper-set2 (250),train,./dataset/skeleton_final_v2/paper/paper-set2 (250).npy,./batch_paper/fitted/paper-set2 (250).npy
thumb,thumbdown,hand-9-2080,train,./dataset/skeleton_final_v2/thumbdown/hand-9-2080.npy,./data/salux_refined_6cls/thumb_sources/thumbdown/fitted/hand-9-2080.npy
the-finger,the-finger,the-finger (105),train,./dataset/skeleton_final_v2/the-finger/the-finger (105).npy,./batch_thefinger/fitted/the-finger (105).npy
ok,ok,ok_Set2_ (581),train,./dataset/skeleton_final_v2/ok/ok_Set2_ (581).npy,./batch_ok/fitted/ok_Set2_ (581).npy
paper,paper,paper-set2 (418),train,./dataset/skeleton_final_v2/paper/paper-set2 (418).npy,./batch_paper/fitted/paper-set2 (418).npy
thumb,thumbdown,hand-11-705,train,./dataset/skeleton_final_v2/thumbdown/hand-11-705.npy,./data/salux_refined_6cls/thumb_sources/thumbdown/fitted/hand-11-705.npy
the-finger,the-finger,the-finger_3498,train,./dataset/skeleton_final_v2/the-finger/the-finger_3498.npy,./batch_thefinger/fitted/the-finger_3498.npy
thumb,thumbup,thumbup_6793,train,./dataset/skeleton_final_v2/thumbup/thumbup_6793.npy,./data/salux_refined_6cls/thumb_sources/thumbup/fitted/thumbup_6793.npy
thumb,thumbup,thumbup (400),train,./dataset/skeleton_final_v2/thumbup/thumbup (400).npy,./data/salux_refined_6cls/thumb_sources/thumbup/fitted/thumbup (400).npy
thumb,thumbup,thumbup_103,train,./dataset/skeleton_final_v2/thumbup/thumbup_103.npy,./data/salux_refined_6cls/thumb_sources/thumbup/fitted/thumbup_103.npy
scissors,scissors,scissors-set2 (655),train,./dataset/skeleton_final_v2/scissors/scissors-set2 (655).npy,./batch_scissors/fitted/scissors-set2 (655).npy
scissors,scissors,scissors (274),train,./dataset/skeleton_final_v2/scissors/scissors (274).npy,./batch_scissors/fitted/scissors (274).npy
the-finger,the-finger,the-finger-set2 (411),train,./dataset/skeleton_final_v2/the-finger/the-finger-set2 (411).npy,./batch_thefinger/fitted/the-finger-set2 (411).npy
paper,paper,paper_7597,train,./dataset/skeleton_final_v2/paper/paper_7597.npy,./batch_paper/fitted/paper_7597.npy
ok,ok,ok_2001,train,./dataset/skeleton_final_v2/ok/ok_2001.npy,./batch_ok/fitted/ok_2001.npy
ok,ok,ok (202),train,./dataset/skeleton_final_v2/ok/ok (202).npy,./batch_ok/fitted/ok (202).npy
thumb,thumbup,thumbup_6212,train,./dataset/skeleton_final_v2/thumbup/thumbup_6212.npy,./data/salux_refined_6cls/thumb_sources/thumbup/fitted/thumbup_6212.npy
paper,paper,paper_2490,train,./dataset/skeleton_final_v2/paper/paper_2490.npy,./batch_paper/fitted/paper_2490.npy
rock,rock,rock (4),train,./dataset/skeleton_final_v2/rock/rock (4).npy,./batch_rock/fitted/rock (4).npy
scissors,scissors,scissors (66),train,./dataset/skeleton_final_v2/scissors/scissors (66).npy,./batch_scissors/fitted/scissors (66).npy
scissors,scissors,scissors-set2 (290),train,./dataset/skeleton_final_v2/scissors/scissors-set2 (290).npy,./batch_scissors/fitted/scissors-set2 (290).npy
paper,paper,paper_1452,train,./dataset/skeleton_final_v2/paper/paper_1452.npy,./batch_paper/fitted/paper_1452.npy
paper,paper,paper (153),train,./dataset/skeleton_final_v2/paper/paper (153).npy,./batch_paper/fitted/paper (153).npy
the-finger,the-finger,the-finger (141),train,./dataset/skeleton_final_v2/the-finger/the-finger (141).npy,./batch_thefinger/fitted/the-finger (141).npy
scissors,scissors,scissors_5205,train,./dataset/skeleton_final_v2/scissors/scissors_5205.npy,./batch_scissors/fitted/scissors_5205.npy
thumb,thumbup,thumbup (185),train,./dataset/skeleton_final_v2/thumbup/thumbup (185).npy,./data/salux_refined_6cls/thumb_sources/thumbup/fitted/thumbup (185).npy
the-finger,the-finger,the-finger (120),train,./dataset/skeleton_final_v2/the-finger/the-finger (120).npy,./batch_thefinger/fitted/the-finger (120).npy
scissors,scissors,scissors-set2 (403),train,./dataset/skeleton_final_v2/scissors/scissors-set2 (403).npy,./batch_scissors/fitted/scissors-set2 (403).npy
ok,ok,ok_Set2_ (580),train,./dataset/skeleton_final_v2/ok/ok_Set2_ (580).npy,./batch_ok/fitted/ok_Set2_ (580).npy
the-finger,the-finger,the-finger_7076,train,./dataset/skeleton_final_v2/the-finger/the-finger_7076.npy,./batch_thefinger/fitted/the-finger_7076.npy
ok,ok,ok_5779,train,./dataset/skeleton_final_v2/ok/ok_5779.npy,./batch_ok/fitted/ok_5779.npy
the-finger,the-finger,the-finger_2278,train,./dataset/skeleton_final_v2/the-finger/the-finger_2278.npy,./batch_thefinger/fitted/the-finger_2278.npy
paper,paper,paper-set2 (446),train,./dataset/skeleton_final_v2/paper/paper-set2 (446).npy,./batch_paper/fitted/paper-set2 (446).npy
rock,rock,rock-set2 (291),train,./dataset/skeleton_final_v2/rock/rock-set2 (291).npy,./batch_rock/fitted/rock-set2 (291).npy
paper,paper,paper_6706,train,./dataset/skeleton_final_v2/paper/paper_6706.npy,./batch_paper/fitted/paper_6706.npy
the-finger,the-finger,the-finger-set2 (327),train,./dataset/skeleton_final_v2/the-finger/the-finger-set2 (327).npy,./batch_thefinger/fitted/the-finger-set2 (327).npy
scissors,scissors,scissors (247),train,./dataset/skeleton_final_v2/scissors/scissors (247).npy,./batch_scissors/fitted/scissors (247).npy
thumb,thumbdown,thumbdown (155),train,./dataset/skeleton_final_v2/thumbdown/thumbdown (155).npy,./data/salux_refined_6cls/thumb_sources/thumbdown/fitted/thumbdown (155).npy
ok,ok,ok_5940,train,./dataset/skeleton_final_v2/ok/ok_5940.npy,./batch_ok/fitted/ok_5940.npy
ok,ok,ok_5947,train,./dataset/skeleton_final_v2/ok/ok_5947.npy,./batch_ok/fitted/ok_5947.npy
thumb,thumbup,thumbup_7201,train,./dataset/skeleton_final_v2/thumbup/thumbup_7201.npy,./data/salux_refined_6cls/thumb_sources/thumbup/fitted/thumbup_7201.npy
scissors,scissors,scissors_2770,train,./dataset/skeleton_final_v2/scissors/scissors_2770.npy,./batch_scissors/fitted/scissors_2770.npy
ok,ok,ok_7022,train,./dataset/skeleton_final_v2/ok/ok_7022.npy,./batch_ok/fitted/ok_7022.npy
scissors,scissors,scissors-set2 (460),train,./dataset/skeleton_final_v2/scissors/scissors-set2 (460).npy,./batch_scissors/fitted/scissors-set2 (460).npy
scissors,scissors,scissors_7629,train,./dataset/skeleton_final_v2/scissors/scissors_7629.npy,./batch_scissors/fitted/scissors_7629.npy
scissors,scissors,scissors (484),train,./dataset/skeleton_final_v2/scissors/scissors (484).npy,./batch_scissors/fitted/scissors (484).npy
paper,paper,paper-set2 (345),train,./dataset/skeleton_final_v2/paper/paper-set2 (345).npy,./batch_paper/fitted/paper-set2 (345).npy
scissors,scissors,scissors-set2 (287),train,./dataset/skeleton_final_v2/scissors/scissors-set2 (287).npy,./batch_scissors/fitted/scissors-set2 (287).npy
scissors,scissors,scissors_416,train,./dataset/skeleton_final_v2/scissors/scissors_416.npy,./batch_scissors/fitted/scissors_416.npy
thumb,thumbdown,thumbdown_866,train,./dataset/skeleton_final_v2/thumbdown/thumbdown_866.npy,./data/salux_refined_6cls/thumb_sources/thumbdown/fitted/thumbdown_866.npy
thumb,thumbup,thumbup (171),train,./dataset/skeleton_final_v2/thumbup/thumbup (171).npy,./data/salux_refined_6cls/thumb_sources/thumbup/fitted/thumbup (171).npy
thumb,thumbdown,thumbdown_6821,train,./dataset/skeleton_final_v2/thumbdown/thumbdown_6821.npy,./data/salux_refined_6cls/thumb_sources/thumbdown/fitted/thumbdown_6821.npy
the-finger,the-finger,the-finger_6856,train,./dataset/skeleton_final_v2/the-finger/the-finger_6856.npy,./batch_thefinger/fitted/the-finger_6856.npy
ok,ok,ok (110),train,./dataset/skeleton_final_v2/ok/ok (110).npy,./batch_ok/fitted/ok (110).npy
scissors,scissors,scissors_8796,train,./dataset/skeleton_final_v2/scissors/scissors_8796.npy,./batch_scissors/fitted/scissors_8796.npy
ok,ok,ok_1165,train,./dataset/skeleton_final_v2/ok/ok_1165.npy,./batch_ok/fitted/ok_1165.npy
thumb,thumbdown,thumbdown_177,train,./dataset/skeleton_final_v2/thumbdown/thumbdown_177.npy,./data/salux_refined_6cls/thumb_sources/thumbdown/fitted/thumbdown_177.npy
thumb,thumbup,thumbup (374),train,./dataset/skeleton_final_v2/thumbup/thumbup (374).npy,./data/salux_refined_6cls/thumb_sources/thumbup/fitted/thumbup (374).npy
ok,ok,ok_4048,train,./dataset/skeleton_final_v2/ok/ok_4048.npy,./batch_ok/fitted/ok_4048.npy
the-finger,the-finger,the-finger-set2 (295),train,./dataset/skeleton_final_v2/the-finger/the-finger-set2 (295).npy,./batch_thefinger/fitted/the-finger-set2 (295).npy
rock,rock,rock (259),train,./dataset/skeleton_final_v2/rock/rock (259).npy,./batch_rock/fitted/rock (259).npy
thumb,thumbdown,thumbdown_5823,train,./dataset/skeleton_final_v2/thumbdown/thumbdown_5823.npy,./data/salux_refined_6cls/thumb_sources/thumbdown/fitted/thumbdown_5823.npy
the-finger,the-finger,the-finger_2318,train,./dataset/skeleton_final_v2/the-finger/the-finger_2318.npy,./batch_thefinger/fitted/the-finger_2318.npy
ok,ok,ok_Set2_ (64),train,./dataset/skeleton_final_v2/ok/ok_Set2_ (64).npy,./batch_ok/fitted/ok_Set2_ (64).npy
thumb,thumbup,thumbup_7409,train,./dataset/skeleton_final_v2/thumbup/thumbup_7409.npy,./data/salux_refined_6cls/thumb_sources/thumbup/fitted/thumbup_7409.npy
thumb,thumbup,thumbup (394),train,./dataset/skeleton_final_v2/thumbup/thumbup (394).npy,./data/salux_refined_6cls/thumb_sources/thumbup/fitted/thumbup (394).npy
thumb,thumbdown,hand-10-575,train,./dataset/skeleton_final_v2/thumbdown/hand-10-575.npy,./data/salux_refined_6cls/thumb_sources/thumbdown/fitted/hand-10-575.npy
thumb,thumbdown,thumbdown (324),train,./dataset/skeleton_final_v2/thumbdown/thumbdown (324).npy,./data/salux_refined_6cls/thumb_sources/thumbdown/fitted/thumbdown (324).npy
thumb,thumbdown,hand-9-1995,train,./dataset/skeleton_final_v2/thumbdown/hand-9-1995.npy,./data/salux_refined_6cls/thumb_sources/thumbdown/fitted/hand-9-1995.npy
paper,paper,paper_3740,train,./dataset/skeleton_final_v2/paper/paper_3740.npy,./batch_paper/fitted/paper_3740.npy
ok,ok,ok_Set2_ (342),train,./dataset/skeleton_final_v2/ok/ok_Set2_ (342).npy,./batch_ok/fitted/ok_Set2_ (342).npy
paper,paper,paper_7587,train,./dataset/skeleton_final_v2/paper/paper_7587.npy,./batch_paper/fitted/paper_7587.npy
thumb,thumbdown,thumbdown_5667,train,./dataset/skeleton_final_v2/thumbdown/thumbdown_5667.npy,./data/salux_refined_6cls/thumb_sources/thumbdown/fitted/thumbdown_5667.npy
scissors,scissors,scissors-set2 (131),train,./dataset/skeleton_final_v2/scissors/scissors-set2 (131).npy,./batch_scissors/fitted/scissors-set2 (131).npy
thumb,thumbup,hand-7-1370,train,./dataset/skeleton_final_v2/thumbup/hand-7-1370.npy,./data/salux_refined_6cls/thumb_sources/thumbup/fitted/hand-7-1370.npy
rock,rock,rock-set2 (44),train,./dataset/skeleton_final_v2/rock/rock-set2 (44).npy,./batch_rock/fitted/rock-set2 (44).npy
thumb,thumbdown,thumbdown_6813,train,./dataset/skeleton_final_v2/thumbdown/thumbdown_6813.npy,./data/salux_refined_6cls/thumb_sources/thumbdown/fitted/thumbdown_6813.npy
paper,paper,paper-set2 (56),train,./dataset/skeleton_final_v2/paper/paper-set2 (56).npy,./batch_paper/fitted/paper-set2 (56).npy
paper,paper,paper_5900,train,./dataset/skeleton_final_v2/paper/paper_5900.npy,./batch_paper/fitted/paper_5900.npy
scissors,scissors,scissors_6554,train,./dataset/skeleton_final_v2/scissors/scissors_6554.npy,./batch_scissors/fitted/scissors_6554.npy
paper,paper,paper_5473,train,./dataset/skeleton_final_v2/paper/paper_5473.npy,./batch_paper/fitted/paper_5473.npy
paper,paper,paper_6913,train,./dataset/skeleton_final_v2/paper/paper_6913.npy,./batch_paper/fitted/paper_6913.npy
scissors,scissors,scissors_6155,train,./dataset/skeleton_final_v2/scissors/scissors_6155.npy,./batch_scissors/fitted/scissors_6155.npy
thumb,thumbup,thumbup_7196,train,./dataset/skeleton_final_v2/thumbup/thumbup_7196.npy,./data/salux_refined_6cls/thumb_sources/thumbup/fitted/thumbup_7196.npy
the-finger,the-finger,the-finger_238,train,./dataset/skeleton_final_v2/the-finger/the-finger_238.npy,./batch_thefinger/fitted/the-finger_238.npy
ok,ok,ok_Set2_ (576),train,./dataset/skeleton_final_v2/ok/ok_Set2_ (576).npy,./batch_ok/fitted/ok_Set2_ (576).npy
ok,ok,ok (124),train,./dataset/skeleton_final_v2/ok/ok (124).npy,./batch_ok/fitted/ok (124).npy
rock,rock,rock (87),train,./dataset/skeleton_final_v2/rock/rock (87).npy,./batch_rock/fitted/rock (87).npy
the-finger,the-finger,the-finger (148),train,./dataset/skeleton_final_v2/the-finger/the-finger (148).npy,./batch_thefinger/fitted/the-finger (148).npy
the-finger,the-finger,the-finger-set2 (15),train,./dataset/skeleton_final_v2/the-finger/the-finger-set2 (15).npy,./batch_thefinger/fitted/the-finger-set2 (15).npy
scissors,scissors,scissors-set2 (198),train,./dataset/skeleton_final_v2/scissors/scissors-set2 (198).npy,./batch_scissors/fitted/scissors-set2 (198).npy
thumb,thumbup,thumbup (443),train,./dataset/skeleton_final_v2/thumbup/thumbup (443).npy,./data/salux_refined_6cls/thumb_sources/thumbup/fitted/thumbup (443).npy
thumb,thumbdown,thumbdown_2149,train,./dataset/skeleton_final_v2/thumbdown/thumbdown_2149.npy,./data/salux_refined_6cls/thumb_sources/thumbdown/fitted/thumbdown_2149.npy
thumb,thumbup,hand-11-2285,train,./dataset/skeleton_final_v2/thumbup/hand-11-2285.npy,./data/salux_refined_6cls/thumb_sources/thumbup/fitted/hand-11-2285.npy
thumb,thumbdown,thumbdown_3244,train,./dataset/skeleton_final_v2/thumbdown/thumbdown_3244.npy,./data/salux_refined_6cls/thumb_sources/thumbdown/fitted/thumbdown_3244.npy
scissors,scissors,scissors_757,train,./dataset/skeleton_final_v2/scissors/scissors_757.npy,./batch_scissors/fitted/scissors_757.npy
scissors,scissors,scissors_2738,train,./dataset/skeleton_final_v2/scissors/scissors_2738.npy,./batch_scissors/fitted/scissors_2738.npy
thumb,thumbup,thumbup (259),train,./dataset/skeleton_final_v2/thumbup/thumbup (259).npy,./data/salux_refined_6cls/thumb_sources/thumbup/fitted/thumbup (259).npy
ok,ok,ok_Set2_ (309),train,./dataset/skeleton_final_v2/ok/ok_Set2_ (309).npy,./batch_ok/fitted/ok_Set2_ (309).npy
scissors,scissors,scissors-set2 (236),train,./dataset/skeleton_final_v2/scissors/scissors-set2 (236).npy,./batch_scissors/fitted/scissors-set2 (236).npy
rock,rock,rock-set2 (432),train,./dataset/skeleton_final_v2/rock/rock-set2 (432).npy,./batch_rock/fitted/rock-set2 (432).npy
paper,paper,paper_6351,train,./dataset/skeleton_final_v2/paper/paper_6351.npy,./batch_paper/fitted/paper_6351.npy
thumb,thumbdown,thumbdown_538,train,./dataset/skeleton_final_v2/thumbdown/thumbdown_538.npy,./data/salux_refined_6cls/thumb_sources/thumbdown/fitted/thumbdown_538.npy
paper,paper,paper-set2 (325),train,./dataset/skeleton_final_v2/paper/paper-set2 (325).npy,./batch_paper/fitted/paper-set2 (325).npy
scissors,scissors,scissors-set2 (575),train,./dataset/skeleton_final_v2/scissors/scissors-set2 (575).npy,./batch_scissors/fitted/scissors-set2 (575).npy
the-finger,the-finger,the-finger-set2 (152),train,./dataset/skeleton_final_v2/the-finger/the-finger-set2 (152).npy,./batch_thefinger/fitted/the-finger-set2 (152).npy
paper,paper,paper_2462,train,./dataset/skeleton_final_v2/paper/paper_2462.npy,./batch_paper/fitted/paper_2462.npy
rock,rock,rock_7504,train,./dataset/skeleton_final_v2/rock/rock_7504.npy,./batch_rock/fitted/rock_7504.npy
thumb,thumbup,thumbup_7752,train,./dataset/skeleton_final_v2/thumbup/thumbup_7752.npy,./data/salux_refined_6cls/thumb_sources/thumbup/fitted/thumbup_7752.npy
rock,rock,rock_9118,train,./dataset/skeleton_final_v2/rock/rock_9118.npy,./batch_rock/fitted/rock_9118.npy
paper,paper,paper-set2 (132),train,./dataset/skeleton_final_v2/paper/paper-set2 (132).npy,./batch_paper/fitted/paper-set2 (132).npy
ok,ok,ok_Set2_ (459),train,./dataset/skeleton_final_v2/ok/ok_Set2_ (459).npy,./batch_ok/fitted/ok_Set2_ (459).npy
ok,ok,ok_Set2_ (7),train,./dataset/skeleton_final_v2/ok/ok_Set2_ (7).npy,./batch_ok/fitted/ok_Set2_ (7).npy
ok,ok,ok_Set2_ (143),train,./dataset/skeleton_final_v2/ok/ok_Set2_ (143).npy,./batch_ok/fitted/ok_Set2_ (143).npy
rock,rock,rock-set2 (339),train,./dataset/skeleton_final_v2/rock/rock-set2 (339).npy,./batch_rock/fitted/rock-set2 (339).npy
scissors,scissors,scissors-set2 (377),train,./dataset/skeleton_final_v2/scissors/scissors-set2 (377).npy,./batch_scissors/fitted/scissors-set2 (377).npy
scissors,scissors,scissors_6957,train,./dataset/skeleton_final_v2/scissors/scissors_6957.npy,./batch_scissors/fitted/scissors_6957.npy
ok,ok,ok_80,train,./dataset/skeleton_final_v2/ok/ok_80.npy,./batch_ok/fitted/ok_80.npy
scissors,scissors,scissors-set2 (615),train,./dataset/skeleton_final_v2/scissors/scissors-set2 (615).npy,./batch_scissors/fitted/scissors-set2 (615).npy
scissors,scissors,scissors-set2 (187),train,./dataset/skeleton_final_v2/scissors/scissors-set2 (187).npy,./batch_scissors/fitted/scissors-set2 (187).npy
scissors,scissors,scissors-set2 (2),train,./dataset/skeleton_final_v2/scissors/scissors-set2 (2).npy,./batch_scissors/fitted/scissors-set2 (2).npy
thumb,thumbdown,thumbdown_6247,train,./dataset/skeleton_final_v2/thumbdown/thumbdown_6247.npy,./data/salux_refined_6cls/thumb_sources/thumbdown/fitted/thumbdown_6247.npy
ok,ok,ok_2896,train,./dataset/skeleton_final_v2/ok/ok_2896.npy,./batch_ok/fitted/ok_2896.npy
paper,paper,paper-set2 (54),train,./dataset/skeleton_final_v2/paper/paper-set2 (54).npy,./batch_paper/fitted/paper-set2 (54).npy
thumb,thumbup,thumbup (307),train,./dataset/skeleton_final_v2/thumbup/thumbup (307).npy,./data/salux_refined_6cls/thumb_sources/thumbup/fitted/thumbup (307).npy
the-finger,the-finger,the-finger_5853,train,./dataset/skeleton_final_v2/the-finger/the-finger_5853.npy,./batch_thefinger/fitted/the-finger_5853.npy
thumb,thumbup,thumbup_1666,train,./dataset/skeleton_final_v2/thumbup/thumbup_1666.npy,./data/salux_refined_6cls/thumb_sources/thumbup/fitted/thumbup_1666.npy
ok,ok,ok_Set2_ (520),train,./dataset/skeleton_final_v2/ok/ok_Set2_ (520).npy,./batch_ok/fitted/ok_Set2_ (520).npy
thumb,thumbdown,thumbdown (217),train,./dataset/skeleton_final_v2/thumbdown/thumbdown (217).npy,./data/salux_refined_6cls/thumb_sources/thumbdown/fitted/thumbdown (217).npy
ok,ok,ok_Set2_ (574),train,./dataset/skeleton_final_v2/ok/ok_Set2_ (574).npy,./batch_ok/fitted/ok_Set2_ (574).npy
thumb,thumbup,thumbup_5812,train,./dataset/skeleton_final_v2/thumbup/thumbup_5812.npy,./data/salux_refined_6cls/thumb_sources/thumbup/fitted/thumbup_5812.npy
ok,ok,ok_7004,train,./dataset/skeleton_final_v2/ok/ok_7004.npy,./batch_ok/fitted/ok_7004.npy
ok,ok,ok_Set2_ (426),train,./dataset/skeleton_final_v2/ok/ok_Set2_ (426).npy,./batch_ok/fitted/ok_Set2_ (426).npy
the-finger,the-finger,the-finger-set2 (358),train,./dataset/skeleton_final_v2/the-finger/the-finger-set2 (358).npy,./batch_thefinger/fitted/the-finger-set2 (358).npy
thumb,thumbdown,thumbdown_3206,train,./dataset/skeleton_final_v2/thumbdown/thumbdown_3206.npy,./data/salux_refined_6cls/thumb_sources/thumbdown/fitted/thumbdown_3206.npy
thumb,thumbup,thumbup (401),train,./dataset/skeleton_final_v2/thumbup/thumbup (401).npy,./data/salux_refined_6cls/thumb_sources/thumbup/fitted/thumbup (401).npy
the-finger,the-finger,the-finger-set2 (210),train,./dataset/skeleton_final_v2/the-finger/the-finger-set2 (210).npy,./batch_thefinger/fitted/the-finger-set2 (210).npy
thumb,thumbdown,hand-11-805,train,./dataset/skeleton_final_v2/thumbdown/hand-11-805.npy,./data/salux_refined_6cls/thumb_sources/thumbdown/fitted/hand-11-805.npy
thumb,thumbup,hand-11-505,train,./dataset/skeleton_final_v2/thumbup/hand-11-505.npy,./data/salux_refined_6cls/thumb_sources/thumbup/fitted/hand-11-505.npy
paper,paper,paper-set2 (149),train,./dataset/skeleton_final_v2/paper/paper-set2 (149).npy,./batch_paper/fitted/paper-set2 (149).npy
ok,ok,ok_Set2_ (382),train,./dataset/skeleton_final_v2/ok/ok_Set2_ (382).npy,./batch_ok/fitted/ok_Set2_ (382).npy
paper,paper,paper-set2 (319),train,./dataset/skeleton_final_v2/paper/paper-set2 (319).npy,./batch_paper/fitted/paper-set2 (319).npy
rock,rock,rock-set2 (586),train,./dataset/skeleton_final_v2/rock/rock-set2 (586).npy,./batch_rock/fitted/rock-set2 (586).npy
the-finger,the-finger,the-finger (16),train,./dataset/skeleton_final_v2/the-finger/the-finger (16).npy,./batch_thefinger/fitted/the-finger (16).npy
paper,paper,paper-set2 (296),train,./dataset/skeleton_final_v2/paper/paper-set2 (296).npy,./batch_paper/fitted/paper-set2 (296).npy
ok,ok,ok_6387,train,./dataset/skeleton_final_v2/ok/ok_6387.npy,./batch_ok/fitted/ok_6387.npy
paper,paper,paper (256),train,./dataset/skeleton_final_v2/paper/paper (256).npy,./batch_paper/fitted/paper (256).npy
ok,ok,ok_Set2_ (407),train,./dataset/skeleton_final_v2/ok/ok_Set2_ (407).npy,./batch_ok/fitted/ok_Set2_ (407).npy
scissors,scissors,scissors-set2 (318),train,./dataset/skeleton_final_v2/scissors/scissors-set2 (318).npy,./batch_scissors/fitted/scissors-set2 (318).npy
thumb,thumbdown,thumbdown (207),train,./dataset/skeleton_final_v2/thumbdown/thumbdown (207).npy,./data/salux_refined_6cls/thumb_sources/thumbdown/fitted/thumbdown (207).npy
thumb,thumbdown,thumbdown (100),train,./dataset/skeleton_final_v2/thumbdown/thumbdown (100).npy,./data/salux_refined_6cls/thumb_sources/thumbdown/fitted/thumbdown (100).npy
the-finger,the-finger,the-finger (138),train,./dataset/skeleton_final_v2/the-finger/the-finger (138).npy,./batch_thefinger/fitted/the-finger (138).npy
ok,ok,ok_2958,train,./dataset/skeleton_final_v2/ok/ok_2958.npy,./batch_ok/fitted/ok_2958.npy
ok,ok,ok_9236,train,./dataset/skeleton_final_v2/ok/ok_9236.npy,./batch_ok/fitted/ok_9236.npy
paper,paper,paper-set2 (352),train,./dataset/skeleton_final_v2/paper/paper-set2 (352).npy,./batch_paper/fitted/paper-set2 (352).npy
thumb,thumbdown,hand-10-565,train,./dataset/skeleton_final_v2/thumbdown/hand-10-565.npy,./data/salux_refined_6cls/thumb_sources/thumbdown/fitted/hand-10-565.npy
scissors,scissors,scissors (499),train,./dataset/skeleton_final_v2/scissors/scissors (499).npy,./batch_scissors/fitted/scissors (499).npy
ok,ok,ok_Set2_ (282),train,./dataset/skeleton_final_v2/ok/ok_Set2_ (282).npy,./batch_ok/fitted/ok_Set2_ (282).npy
ok,ok,ok_Set2_ (284),train,./dataset/skeleton_final_v2/ok/ok_Set2_ (284).npy,./batch_ok/fitted/ok_Set2_ (284).npy
thumb,thumbup,thumbup_8142,train,./dataset/skeleton_final_v2/thumbup/thumbup_8142.npy,./data/salux_refined_6cls/thumb_sources/thumbup/fitted/thumbup_8142.npy
paper,paper,paper-set2 (390),train,./dataset/skeleton_final_v2/paper/paper-set2 (390).npy,./batch_paper/fitted/paper-set2 (390).npy
thumb,thumbdown,thumbdown_6454,train,./dataset/skeleton_final_v2/thumbdown/thumbdown_6454.npy,./data/salux_refined_6cls/thumb_sources/thumbdown/fitted/thumbdown_6454.npy
thumb,thumbup,thumbup (376),train,./dataset/skeleton_final_v2/thumbup/thumbup (376).npy,./data/salux_refined_6cls/thumb_sources/thumbup/fitted/thumbup (376).npy
thumb,thumbdown,thumbdown_3246,train,./dataset/skeleton_final_v2/thumbdown/thumbdown_3246.npy,./data/salux_refined_6cls/thumb_sources/thumbdown/fitted/thumbdown_3246.npy
thumb,thumbup,thumbup_2109,train,./dataset/skeleton_final_v2/thumbup/thumbup_2109.npy,./data/salux_refined_6cls/thumb_sources/thumbup/fitted/thumbup_2109.npy
paper,paper,paper_3634,train,./dataset/skeleton_final_v2/paper/paper_3634.npy,./batch_paper/fitted/paper_3634.npy
scissors,scissors,scissors_3883,train,./dataset/skeleton_final_v2/scissors/scissors_3883.npy,./batch_scissors/fitted/scissors_3883.npy
ok,ok,ok_2848,train,./dataset/skeleton_final_v2/ok/ok_2848.npy,./batch_ok/fitted/ok_2848.npy
ok,ok,ok_2833,train,./dataset/skeleton_final_v2/ok/ok_2833.npy,./batch_ok/fitted/ok_2833.npy
thumb,thumbup,thumbup_7417,train,./dataset/skeleton_final_v2/thumbup/thumbup_7417.npy,./data/salux_refined_6cls/thumb_sources/thumbup/fitted/thumbup_7417.npy
paper,paper,paper-set2 (178),train,./dataset/skeleton_final_v2/paper/paper-set2 (178).npy,./batch_paper/fitted/paper-set2 (178).npy
scissors,scissors,scissors-set2 (328),train,./dataset/skeleton_final_v2/scissors/scissors-set2 (328).npy,./batch_scissors/fitted/scissors-set2 (328).npy
scissors,scissors,scissors-set2 (697),train,./dataset/skeleton_final_v2/scissors/scissors-set2 (697).npy,./batch_scissors/fitted/scissors-set2 (697).npy
thumb,thumbup,thumbup_3016,train,./dataset/skeleton_final_v2/thumbup/thumbup_3016.npy,./data/salux_refined_6cls/thumb_sources/thumbup/fitted/thumbup_3016.npy
ok,ok,ok_Set2_ (358),train,./dataset/skeleton_final_v2/ok/ok_Set2_ (358).npy,./batch_ok/fitted/ok_Set2_ (358).npy
rock,rock,rock (2),train,./dataset/skeleton_final_v2/rock/rock (2).npy,./batch_rock/fitted/rock (2).npy
the-finger,the-finger,the-finger-set2 (307),train,./dataset/skeleton_final_v2/the-finger/the-finger-set2 (307).npy,./batch_thefinger/fitted/the-finger-set2 (307).npy
thumb,thumbdown,thumbdown_5303,train,./dataset/skeleton_final_v2/thumbdown/thumbdown_5303.npy,./data/salux_refined_6cls/thumb_sources/thumbdown/fitted/thumbdown_5303.npy
thumb,thumbdown,hand-10-605,train,./dataset/skeleton_final_v2/thumbdown/hand-10-605.npy,./data/salux_refined_6cls/thumb_sources/thumbdown/fitted/hand-10-605.npy
ok,ok,ok_2947,train,./dataset/skeleton_final_v2/ok/ok_2947.npy,./batch_ok/fitted/ok_2947.npy
thumb,thumbup,thumbup (405),train,./dataset/skeleton_final_v2/thumbup/thumbup (405).npy,./data/salux_refined_6cls/thumb_sources/thumbup/fitted/thumbup (405).npy
rock,rock,rock_685,train,./dataset/skeleton_final_v2/rock/rock_685.npy,./batch_rock/fitted/rock_685.npy
thumb,thumbup,thumbup_4204,train,./dataset/skeleton_final_v2/thumbup/thumbup_4204.npy,./data/salux_refined_6cls/thumb_sources/thumbup/fitted/thumbup_4204.npy
scissors,scissors,scissors-set2 (305),train,./dataset/skeleton_final_v2/scissors/scissors-set2 (305).npy,./batch_scissors/fitted/scissors-set2 (305).npy
scissors,scissors,scissors (237),train,./dataset/skeleton_final_v2/scissors/scissors (237).npy,./batch_scissors/fitted/scissors (237).npy
scissors,scissors,scissors-set2 (415),train,./dataset/skeleton_final_v2/scissors/scissors-set2 (415).npy,./batch_scissors/fitted/scissors-set2 (415).npy
the-finger,the-finger,the-finger-set2 (35),train,./dataset/skeleton_final_v2/the-finger/the-finger-set2 (35).npy,./batch_thefinger/fitted/the-finger-set2 (35).npy
paper,paper,paper_4599,train,./dataset/skeleton_final_v2/paper/paper_4599.npy,./batch_paper/fitted/paper_4599.npy
scissors,scissors,scissors_1113,train,./dataset/skeleton_final_v2/scissors/scissors_1113.npy,./batch_scissors/fitted/scissors_1113.npy
ok,ok,ok (222),train,./dataset/skeleton_final_v2/ok/ok (222).npy,./batch_ok/fitted/ok (222).npy
paper,paper,paper_3762,train,./dataset/skeleton_final_v2/paper/paper_3762.npy,./batch_paper/fitted/paper_3762.npy
ok,ok,ok_Set2_ (374),train,./dataset/skeleton_final_v2/ok/ok_Set2_ (374).npy,./batch_ok/fitted/ok_Set2_ (374).npy
paper,paper,paper-set2 (451),train,./dataset/skeleton_final_v2/paper/paper-set2 (451).npy,./batch_paper/fitted/paper-set2 (451).npy
thumb,thumbdown,thumbdown_9010,train,./dataset/skeleton_final_v2/thumbdown/thumbdown_9010.npy,./data/salux_refined_6cls/thumb_sources/thumbdown/fitted/thumbdown_9010.npy
thumb,thumbdown,hand-7-1535,train,./dataset/skeleton_final_v2/thumbdown/hand-7-1535.npy,./data/salux_refined_6cls/thumb_sources/thumbdown/fitted/hand-7-1535.npy
thumb,thumbup,thumbup (304),train,./dataset/skeleton_final_v2/thumbup/thumbup (304).npy,./data/salux_refined_6cls/thumb_sources/thumbup/fitted/thumbup (304).npy
ok,ok,ok_Set2_ (501),train,./dataset/skeleton_final_v2/ok/ok_Set2_ (501).npy,./batch_ok/fitted/ok_Set2_ (501).npy
paper,paper,paper_7924,train,./dataset/skeleton_final_v2/paper/paper_7924.npy,./batch_paper/fitted/paper_7924.npy
paper,paper,paper_749,train,./dataset/skeleton_final_v2/paper/paper_749.npy,./batch_paper/fitted/paper_749.npy
thumb,thumbup,thumbup_7207,train,./dataset/skeleton_final_v2/thumbup/thumbup_7207.npy,./data/salux_refined_6cls/thumb_sources/thumbup/fitted/thumbup_7207.npy
thumb,thumbup,hand-10-2135,train,./dataset/skeleton_final_v2/thumbup/hand-10-2135.npy,./data/salux_refined_6cls/thumb_sources/thumbup/fitted/hand-10-2135.npy
paper,paper,paper-set2 (448),train,./dataset/skeleton_final_v2/paper/paper-set2 (448).npy,./batch_paper/fitted/paper-set2 (448).npy
thumb,thumbup,thumbup (35),train,./dataset/skeleton_final_v2/thumbup/thumbup (35).npy,./data/salux_refined_6cls/thumb_sources/thumbup/fitted/thumbup (35).npy
the-finger,the-finger,the-finger_6459,train,./dataset/skeleton_final_v2/the-finger/the-finger_6459.npy,./batch_thefinger/fitted/the-finger_6459.npy
paper,paper,paper-set2 (342),train,./dataset/skeleton_final_v2/paper/paper-set2 (342).npy,./batch_paper/fitted/paper-set2 (342).npy
paper,paper,paper-set2 (222),train,./dataset/skeleton_final_v2/paper/paper-set2 (222).npy,./batch_paper/fitted/paper-set2 (222).npy
scissors,scissors,scissors (128),train,./dataset/skeleton_final_v2/scissors/scissors (128).npy,./batch_scissors/fitted/scissors (128).npy
paper,paper,paper_3798,train,./dataset/skeleton_final_v2/paper/paper_3798.npy,./batch_paper/fitted/paper_3798.npy
paper,paper,paper (251),train,./dataset/skeleton_final_v2/paper/paper (251).npy,./batch_paper/fitted/paper (251).npy
the-finger,the-finger,the-finger-set2 (397),train,./dataset/skeleton_final_v2/the-finger/the-finger-set2 (397).npy,./batch_thefinger/fitted/the-finger-set2 (397).npy
scissors,scissors,scissors-set2 (521),train,./dataset/skeleton_final_v2/scissors/scissors-set2 (521).npy,./batch_scissors/fitted/scissors-set2 (521).npy
scissors,scissors,scissors-set2 (481),train,./dataset/skeleton_final_v2/scissors/scissors-set2 (481).npy,./batch_scissors/fitted/scissors-set2 (481).npy
scissors,scissors,scissors-set2 (247),train,./dataset/skeleton_final_v2/scissors/scissors-set2 (247).npy,./batch_scissors/fitted/scissors-set2 (247).npy
the-finger,the-finger,the-finger_640,train,./dataset/skeleton_final_v2/the-finger/the-finger_640.npy,./batch_thefinger/fitted/the-finger_640.npy
the-finger,the-finger,the-finger-set2 (231),train,./dataset/skeleton_final_v2/the-finger/the-finger-set2 (231).npy,./batch_thefinger/fitted/the-finger-set2 (231).npy
paper,paper,paper-set2 (467),train,./dataset/skeleton_final_v2/paper/paper-set2 (467).npy,./batch_paper/fitted/paper-set2 (467).npy
ok,ok,ok_Set2_ (44),train,./dataset/skeleton_final_v2/ok/ok_Set2_ (44).npy,./batch_ok/fitted/ok_Set2_ (44).npy
scissors,scissors,scissors-set2 (230),train,./dataset/skeleton_final_v2/scissors/scissors-set2 (230).npy,./batch_scissors/fitted/scissors-set2 (230).npy
thumb,thumbdown,thumbdown_6439,train,./dataset/skeleton_final_v2/thumbdown/thumbdown_6439.npy,./data/salux_refined_6cls/thumb_sources/thumbdown/fitted/thumbdown_6439.npy
scissors,scissors,scissors (169),train,./dataset/skeleton_final_v2/scissors/scissors (169).npy,./batch_scissors/fitted/scissors (169).npy
thumb,thumbup,thumbup (30),train,./dataset/skeleton_final_v2/thumbup/thumbup (30).npy,./data/salux_refined_6cls/thumb_sources/thumbup/fitted/thumbup (30).npy
thumb,thumbup,thumbup (127),train,./dataset/skeleton_final_v2/thumbup/thumbup (127).npy,./data/salux_refined_6cls/thumb_sources/thumbup/fitted/thumbup (127).npy
paper,paper,paper-set2 (180),train,./dataset/skeleton_final_v2/paper/paper-set2 (180).npy,./batch_paper/fitted/paper-set2 (180).npy
paper,paper,paper-set2 (373),train,./dataset/skeleton_final_v2/paper/paper-set2 (373).npy,./batch_paper/fitted/paper-set2 (373).npy
ok,ok,ok_1999,train,./dataset/skeleton_final_v2/ok/ok_1999.npy,./batch_ok/fitted/ok_1999.npy
the-finger,the-finger,the-finger-set2 (88),train,./dataset/skeleton_final_v2/the-finger/the-finger-set2 (88).npy,./batch_thefinger/fitted/the-finger-set2 (88).npy
thumb,thumbup,thumbup_5798,train,./dataset/skeleton_final_v2/thumbup/thumbup_5798.npy,./data/salux_refined_6cls/thumb_sources/thumbup/fitted/thumbup_5798.npy
ok,ok,ok_Set2_ (300),train,./dataset/skeleton_final_v2/ok/ok_Set2_ (300).npy,./batch_ok/fitted/ok_Set2_ (300).npy
ok,ok,ok_Set2_ (276),train,./dataset/skeleton_final_v2/ok/ok_Set2_ (276).npy,./batch_ok/fitted/ok_Set2_ (276).npy
ok,ok,ok_Set2_ (416),train,./dataset/skeleton_final_v2/ok/ok_Set2_ (416).npy,./batch_ok/fitted/ok_Set2_ (416).npy
scissors,scissors,scissors-set2 (268),train,./dataset/skeleton_final_v2/scissors/scissors-set2 (268).npy,./batch_scissors/fitted/scissors-set2 (268).npy
thumb,thumbup,hand-7-1295,train,./dataset/skeleton_final_v2/thumbup/hand-7-1295.npy,./data/salux_refined_6cls/thumb_sources/thumbup/fitted/hand-7-1295.npy
ok,ok,ok_2891,train,./dataset/skeleton_final_v2/ok/ok_2891.npy,./batch_ok/fitted/ok_2891.npy
paper,paper,paper_6135,train,./dataset/skeleton_final_v2/paper/paper_6135.npy,./batch_paper/fitted/paper_6135.npy
ok,ok,ok_7011,train,./dataset/skeleton_final_v2/ok/ok_7011.npy,./batch_ok/fitted/ok_7011.npy
scissors,scissors,scissors-set2 (339),train,./dataset/skeleton_final_v2/scissors/scissors-set2 (339).npy,./batch_scissors/fitted/scissors-set2 (339).npy
thumb,thumbup,thumbup_2087,train,./dataset/skeleton_final_v2/thumbup/thumbup_2087.npy,./data/salux_refined_6cls/thumb_sources/thumbup/fitted/thumbup_2087.npy
thumb,thumbup,thumbup_7053,train,./dataset/skeleton_final_v2/thumbup/thumbup_7053.npy,./data/salux_refined_6cls/thumb_sources/thumbup/fitted/thumbup_7053.npy
thumb,thumbup,thumbup (448),train,./dataset/skeleton_final_v2/thumbup/thumbup (448).npy,./data/salux_refined_6cls/thumb_sources/thumbup/fitted/thumbup (448).npy
paper,paper,paper_7942,train,./dataset/skeleton_final_v2/paper/paper_7942.npy,./batch_paper/fitted/paper_7942.npy
paper,paper,paper-set2 (503),train,./dataset/skeleton_final_v2/paper/paper-set2 (503).npy,./batch_paper/fitted/paper-set2 (503).npy
thumb,thumbup,thumbup_3010,train,./dataset/skeleton_final_v2/thumbup/thumbup_3010.npy,./data/salux_refined_6cls/thumb_sources/thumbup/fitted/thumbup_3010.npy
the-finger,the-finger,the-finger-set2 (214),train,./dataset/skeleton_final_v2/the-finger/the-finger-set2 (214).npy,./batch_thefinger/fitted/the-finger-set2 (214).npy
the-finger,the-finger,the-finger_6466,train,./dataset/skeleton_final_v2/the-finger/the-finger_6466.npy,./batch_thefinger/fitted/the-finger_6466.npy
rock,rock,rock_7105,train,./dataset/skeleton_final_v2/rock/rock_7105.npy,./batch_rock/fitted/rock_7105.npy
paper,paper,paper_1026,train,./dataset/skeleton_final_v2/paper/paper_1026.npy,./batch_paper/fitted/paper_1026.npy
rock,rock,rock-set2 (180),train,./dataset/skeleton_final_v2/rock/rock-set2 (180).npy,./batch_rock/fitted/rock-set2 (180).npy
scissors,scissors,scissors-set2 (26),train,./dataset/skeleton_final_v2/scissors/scissors-set2 (26).npy,./batch_scissors/fitted/scissors-set2 (26).npy
thumb,thumbdown,thumbdown (187),train,./dataset/skeleton_final_v2/thumbdown/thumbdown (187).npy,./data/salux_refined_6cls/thumb_sources/thumbdown/fitted/thumbdown (187).npy
thumb,thumbup,thumbup (424),train,./dataset/skeleton_final_v2/thumbup/thumbup (424).npy,./data/salux_refined_6cls/thumb_sources/thumbup/fitted/thumbup (424).npy
the-finger,the-finger,the-finger_5848,train,./dataset/skeleton_final_v2/the-finger/the-finger_5848.npy,./batch_thefinger/fitted/the-finger_5848.npy
rock,rock,rock-set2 (149),train,./dataset/skeleton_final_v2/rock/rock-set2 (149).npy,./batch_rock/fitted/rock-set2 (149).npy
rock,rock,rock_8398,train,./dataset/skeleton_final_v2/rock/rock_8398.npy,./batch_rock/fitted/rock_8398.npy
ok,ok,ok_2935,train,./dataset/skeleton_final_v2/ok/ok_2935.npy,./batch_ok/fitted/ok_2935.npy
thumb,thumbup,hand-7-1450,train,./dataset/skeleton_final_v2/thumbup/hand-7-1450.npy,./data/salux_refined_6cls/thumb_sources/thumbup/fitted/hand-7-1450.npy
thumb,thumbup,thumbup (347),train,./dataset/skeleton_final_v2/thumbup/thumbup (347).npy,./data/salux_refined_6cls/thumb_sources/thumbup/fitted/thumbup (347).npy
ok,ok,ok (189),train,./dataset/skeleton_final_v2/ok/ok (189).npy,./batch_ok/fitted/ok (189).npy
paper,paper,paper_3791,train,./dataset/skeleton_final_v2/paper/paper_3791.npy,./batch_paper/fitted/paper_3791.npy
paper,paper,paper-set2 (481),train,./dataset/skeleton_final_v2/paper/paper-set2 (481).npy,./batch_paper/fitted/paper-set2 (481).npy
rock,rock,rock_6888,train,./dataset/skeleton_final_v2/rock/rock_6888.npy,./batch_rock/fitted/rock_6888.npy
paper,paper,paper_3654,train,./dataset/skeleton_final_v2/paper/paper_3654.npy,./batch_paper/fitted/paper_3654.npy
ok,ok,ok_75,train,./dataset/skeleton_final_v2/ok/ok_75.npy,./batch_ok/fitted/ok_75.npy
thumb,thumbup,thumbup_6229,train,./dataset/skeleton_final_v2/thumbup/thumbup_6229.npy,./data/salux_refined_6cls/thumb_sources/thumbup/fitted/thumbup_6229.npy
rock,rock,rock-set2 (303),train,./dataset/skeleton_final_v2/rock/rock-set2 (303).npy,./batch_rock/fitted/rock-set2 (303).npy
scissors,scissors,scissors_2581,train,./dataset/skeleton_final_v2/scissors/scissors_2581.npy,./batch_scissors/fitted/scissors_2581.npy
paper,paper,paper_6705,train,./dataset/skeleton_final_v2/paper/paper_6705.npy,./batch_paper/fitted/paper_6705.npy
ok,ok,ok_Set2_ (171),train,./dataset/skeleton_final_v2/ok/ok_Set2_ (171).npy,./batch_ok/fitted/ok_Set2_ (171).npy
scissors,scissors,scissors (242),train,./dataset/skeleton_final_v2/scissors/scissors (242).npy,./batch_scissors/fitted/scissors (242).npy
thumb,thumbdown,thumbdown_6811,train,./dataset/skeleton_final_v2/thumbdown/thumbdown_6811.npy,./data/salux_refined_6cls/thumb_sources/thumbdown/fitted/thumbdown_6811.npy
paper,paper,paper_6915,train,./dataset/skeleton_final_v2/paper/paper_6915.npy,./batch_paper/fitted/paper_6915.npy
thumb,thumbdown,thumbdown (333),train,./dataset/skeleton_final_v2/thumbdown/thumbdown (333).npy,./data/salux_refined_6cls/thumb_sources/thumbdown/fitted/thumbdown (333).npy
paper,paper,paper_6340,train,./dataset/skeleton_final_v2/paper/paper_6340.npy,./batch_paper/fitted/paper_6340.npy
paper,paper,paper-set2 (425),train,./dataset/skeleton_final_v2/paper/paper-set2 (425).npy,./batch_paper/fitted/paper-set2 (425).npy
scissors,scissors,scissors (286),train,./dataset/skeleton_final_v2/scissors/scissors (286).npy,./batch_scissors/fitted/scissors (286).npy
thumb,thumbup,thumbup (9),train,./dataset/skeleton_final_v2/thumbup/thumbup (9).npy,./data/salux_refined_6cls/thumb_sources/thumbup/fitted/thumbup (9).npy
thumb,thumbdown,hand-10-550,train,./dataset/skeleton_final_v2/thumbdown/hand-10-550.npy,./data/salux_refined_6cls/thumb_sources/thumbdown/fitted/hand-10-550.npy
scissors,scissors,scissors_6723,train,./dataset/skeleton_final_v2/scissors/scissors_6723.npy,./batch_scissors/fitted/scissors_6723.npy
scissors,scissors,scissors (95),train,./dataset/skeleton_final_v2/scissors/scissors (95).npy,./batch_scissors/fitted/scissors (95).npy
thumb,thumbdown,thumbdown_2179,train,./dataset/skeleton_final_v2/thumbdown/thumbdown_2179.npy,./data/salux_refined_6cls/thumb_sources/thumbdown/fitted/thumbdown_2179.npy
thumb,thumbup,thumbup (120),train,./dataset/skeleton_final_v2/thumbup/thumbup (120).npy,./data/salux_refined_6cls/thumb_sources/thumbup/fitted/thumbup (120).npy
scissors,scissors,scissors-set2 (406),train,./dataset/skeleton_final_v2/scissors/scissors-set2 (406).npy,./batch_scissors/fitted/scissors-set2 (406).npy
paper,paper,paper-set2 (335),train,./dataset/skeleton_final_v2/paper/paper-set2 (335).npy,./batch_paper/fitted/paper-set2 (335).npy
thumb,thumbdown,thumbdown (172),train,./dataset/skeleton_final_v2/thumbdown/thumbdown (172).npy,./data/salux_refined_6cls/thumb_sources/thumbdown/fitted/thumbdown (172).npy
paper,paper,paper (6),train,./dataset/skeleton_final_v2/paper/paper (6).npy,./batch_paper/fitted/paper (6).npy
rock,rock,rock (95),train,./dataset/skeleton_final_v2/rock/rock (95).npy,./batch_rock/fitted/rock (95).npy
scissors,scissors,scissors-set2 (383),train,./dataset/skeleton_final_v2/scissors/scissors-set2 (383).npy,./batch_scissors/fitted/scissors-set2 (383).npy
ok,ok,ok_Set2_ (244),train,./dataset/skeleton_final_v2/ok/ok_Set2_ (244).npy,./batch_ok/fitted/ok_Set2_ (244).npy
paper,paper,paper_3640,train,./dataset/skeleton_final_v2/paper/paper_3640.npy,./batch_paper/fitted/paper_3640.npy
scissors,scissors,scissors (261),train,./dataset/skeleton_final_v2/scissors/scissors (261).npy,./batch_scissors/fitted/scissors (261).npy
paper,paper,paper (33),train,./dataset/skeleton_final_v2/paper/paper (33).npy,./batch_paper/fitted/paper (33).npy
thumb,thumbup,thumbup (454),train,./dataset/skeleton_final_v2/thumbup/thumbup (454).npy,./data/salux_refined_6cls/thumb_sources/thumbup/fitted/thumbup (454).npy
paper,paper,paper_3746,train,./dataset/skeleton_final_v2/paper/paper_3746.npy,./batch_paper/fitted/paper_3746.npy
scissors,scissors,scissors-set2 (716),train,./dataset/skeleton_final_v2/scissors/scissors-set2 (716).npy,./batch_scissors/fitted/scissors-set2 (716).npy
rock,rock,rock (209),train,./dataset/skeleton_final_v2/rock/rock (209).npy,./batch_rock/fitted/rock (209).npy
thumb,thumbdown,thumbdown (235),train,./dataset/skeleton_final_v2/thumbdown/thumbdown (235).npy,./data/salux_refined_6cls/thumb_sources/thumbdown/fitted/thumbdown (235).npy
thumb,thumbdown,thumbdown_4474,train,./dataset/skeleton_final_v2/thumbdown/thumbdown_4474.npy,./data/salux_refined_6cls/thumb_sources/thumbdown/fitted/thumbdown_4474.npy
paper,paper,paper (79),train,./dataset/skeleton_final_v2/paper/paper (79).npy,./batch_paper/fitted/paper (79).npy
scissors,scissors,scissors-set2 (348),train,./dataset/skeleton_final_v2/scissors/scissors-set2 (348).npy,./batch_scissors/fitted/scissors-set2 (348).npy
paper,paper,paper_2453,train,./dataset/skeleton_final_v2/paper/paper_2453.npy,./batch_paper/fitted/paper_2453.npy
the-finger,the-finger,the-finger-set2 (286),train,./dataset/skeleton_final_v2/the-finger/the-finger-set2 (286).npy,./batch_thefinger/fitted/the-finger-set2 (286).npy
scissors,scissors,scissors-set2 (698),train,./dataset/skeleton_final_v2/scissors/scissors-set2 (698).npy,./batch_scissors/fitted/scissors-set2 (698).npy
paper,paper,paper-set2 (209),train,./dataset/skeleton_final_v2/paper/paper-set2 (209).npy,./batch_paper/fitted/paper-set2 (209).npy
thumb,thumbup,hand-9-1630,train,./dataset/skeleton_final_v2/thumbup/hand-9-1630.npy,./data/salux_refined_6cls/thumb_sources/thumbup/fitted/hand-9-1630.npy
scissors,scissors,scissors_2749,train,./dataset/skeleton_final_v2/scissors/scissors_2749.npy,./batch_scissors/fitted/scissors_2749.npy
thumb,thumbup,thumbup (415),train,./dataset/skeleton_final_v2/thumbup/thumbup (415).npy,./data/salux_refined_6cls/thumb_sources/thumbup/fitted/thumbup (415).npy
thumb,thumbup,thumbup (420),train,./dataset/skeleton_final_v2/thumbup/thumbup (420).npy,./data/salux_refined_6cls/thumb_sources/thumbup/fitted/thumbup (420).npy
the-finger,the-finger,the-finger_600,train,./dataset/skeleton_final_v2/the-finger/the-finger_600.npy,./batch_thefinger/fitted/the-finger_600.npy
ok,ok,ok_Set2_ (155),train,./dataset/skeleton_final_v2/ok/ok_Set2_ (155).npy,./batch_ok/fitted/ok_Set2_ (155).npy
scissors,scissors,scissors-set2 (363),train,./dataset/skeleton_final_v2/scissors/scissors-set2 (363).npy,./batch_scissors/fitted/scissors-set2 (363).npy
scissors,scissors,scissors (276),train,./dataset/skeleton_final_v2/scissors/scissors (276).npy,./batch_scissors/fitted/scissors (276).npy
ok,ok,ok_89,train,./dataset/skeleton_final_v2/ok/ok_89.npy,./batch_ok/fitted/ok_89.npy
the-finger,the-finger,the-finger_6285,train,./dataset/skeleton_final_v2/the-finger/the-finger_6285.npy,./batch_thefinger/fitted/the-finger_6285.npy
thumb,thumbup,thumbup (176),train,./dataset/skeleton_final_v2/thumbup/thumbup (176).npy,./data/salux_refined_6cls/thumb_sources/thumbup/fitted/thumbup (176).npy
thumb,thumbup,thumbup_6410,train,./dataset/skeleton_final_v2/thumbup/thumbup_6410.npy,./data/salux_refined_6cls/thumb_sources/thumbup/fitted/thumbup_6410.npy
scissors,scissors,scissors_6363,train,./dataset/skeleton_final_v2/scissors/scissors_6363.npy,./batch_scissors/fitted/scissors_6363.npy
scissors,scissors,scissors (447),train,./dataset/skeleton_final_v2/scissors/scissors (447).npy,./batch_scissors/fitted/scissors (447).npy
scissors,scissors,scissors (271),train,./dataset/skeleton_final_v2/scissors/scissors (271).npy,./batch_scissors/fitted/scissors (271).npy
scissors,scissors,scissors_6563,train,./dataset/skeleton_final_v2/scissors/scissors_6563.npy,./batch_scissors/fitted/scissors_6563.npy
ok,ok,ok_Set2_ (505),train,./dataset/skeleton_final_v2/ok/ok_Set2_ (505).npy,./batch_ok/fitted/ok_Set2_ (505).npy
scissors,scissors,scissors-set2 (21),train,./dataset/skeleton_final_v2/scissors/scissors-set2 (21).npy,./batch_scissors/fitted/scissors-set2 (21).npy
thumb,thumbup,hand-10-2540,train,./dataset/skeleton_final_v2/thumbup/hand-10-2540.npy,./data/salux_refined_6cls/thumb_sources/thumbup/fitted/hand-10-2540.npy
the-finger,the-finger,the-finger-set2 (343),train,./dataset/skeleton_final_v2/the-finger/the-finger-set2 (343).npy,./batch_thefinger/fitted/the-finger-set2 (343).npy
scissors,scissors,scissors-set2 (132),train,./dataset/skeleton_final_v2/scissors/scissors-set2 (132).npy,./batch_scissors/fitted/scissors-set2 (132).npy
ok,ok,ok_Set2_ (457),train,./dataset/skeleton_final_v2/ok/ok_Set2_ (457).npy,./batch_ok/fitted/ok_Set2_ (457).npy
ok,ok,ok_Set2_ (502),train,./dataset/skeleton_final_v2/ok/ok_Set2_ (502).npy,./batch_ok/fitted/ok_Set2_ (502).npy
thumb,thumbdown,hand-7-1690,train,./dataset/skeleton_final_v2/thumbdown/hand-7-1690.npy,./data/salux_refined_6cls/thumb_sources/thumbdown/fitted/hand-7-1690.npy
thumb,thumbdown,thumbdown_3389,train,./dataset/skeleton_final_v2/thumbdown/thumbdown_3389.npy,./data/salux_refined_6cls/thumb_sources/thumbdown/fitted/thumbdown_3389.npy
scissors,scissors,scissors_2615,train,./dataset/skeleton_final_v2/scissors/scissors_2615.npy,./batch_scissors/fitted/scissors_2615.npy
thumb,thumbup,thumbup (492),train,./dataset/skeleton_final_v2/thumbup/thumbup (492).npy,./data/salux_refined_6cls/thumb_sources/thumbup/fitted/thumbup (492).npy
ok,ok,ok_Set2_ (174),train,./dataset/skeleton_final_v2/ok/ok_Set2_ (174).npy,./batch_ok/fitted/ok_Set2_ (174).npy
paper,paper,paper-set2 (506),train,./dataset/skeleton_final_v2/paper/paper-set2 (506).npy,./batch_paper/fitted/paper-set2 (506).npy
paper,paper,paper-set2 (460),train,./dataset/skeleton_final_v2/paper/paper-set2 (460).npy,./batch_paper/fitted/paper-set2 (460).npy
paper,paper,paper-set2 (66),train,./dataset/skeleton_final_v2/paper/paper-set2 (66).npy,./batch_paper/fitted/paper-set2 (66).npy
scissors,scissors,scissors_7333,train,./dataset/skeleton_final_v2/scissors/scissors_7333.npy,./batch_scissors/fitted/scissors_7333.npy
thumb,thumbup,thumbup (388),train,./dataset/skeleton_final_v2/thumbup/thumbup (388).npy,./data/salux_refined_6cls/thumb_sources/thumbup/fitted/thumbup (388).npy
ok,ok,ok_2491,train,./dataset/skeleton_final_v2/ok/ok_2491.npy,./batch_ok/fitted/ok_2491.npy
thumb,thumbdown,thumbdown (22),train,./dataset/skeleton_final_v2/thumbdown/thumbdown (22).npy,./data/salux_refined_6cls/thumb_sources/thumbdown/fitted/thumbdown (22).npy
thumb,thumbup,thumbup_8106,train,./dataset/skeleton_final_v2/thumbup/thumbup_8106.npy,./data/salux_refined_6cls/thumb_sources/thumbup/fitted/thumbup_8106.npy
paper,paper,paper_2487,train,./dataset/skeleton_final_v2/paper/paper_2487.npy,./batch_paper/fitted/paper_2487.npy
thumb,thumbdown,thumbdown (240),train,./dataset/skeleton_final_v2/thumbdown/thumbdown (240).npy,./data/salux_refined_6cls/thumb_sources/thumbdown/fitted/thumbdown (240).npy
paper,paper,paper_5462,train,./dataset/skeleton_final_v2/paper/paper_5462.npy,./batch_paper/fitted/paper_5462.npy
thumb,thumbdown,thumbdown_7248,train,./dataset/skeleton_final_v2/thumbdown/thumbdown_7248.npy,./data/salux_refined_6cls/thumb_sources/thumbdown/fitted/thumbdown_7248.npy
scissors,scissors,scissors-set2 (284),train,./dataset/skeleton_final_v2/scissors/scissors-set2 (284).npy,./batch_scissors/fitted/scissors-set2 (284).npy
the-finger,the-finger,the-finger-set2 (351),train,./dataset/skeleton_final_v2/the-finger/the-finger-set2 (351).npy,./batch_thefinger/fitted/the-finger-set2 (351).npy
paper,paper,paper_41,train,./dataset/skeleton_final_v2/paper/paper_41.npy,./batch_paper/fitted/paper_41.npy
scissors,scissors,scissors (206),train,./dataset/skeleton_final_v2/scissors/scissors (206).npy,./batch_scissors/fitted/scissors (206).npy
thumb,thumbup,hand-10-230,train,./dataset/skeleton_final_v2/thumbup/hand-10-230.npy,./data/salux_refined_6cls/thumb_sources/thumbup/fitted/hand-10-230.npy
paper,paper,paper_1856,train,./dataset/skeleton_final_v2/paper/paper_1856.npy,./batch_paper/fitted/paper_1856.npy
paper,paper,paper_7575,train,./dataset/skeleton_final_v2/paper/paper_7575.npy,./batch_paper/fitted/paper_7575.npy
thumb,thumbdown,thumbdown (330),train,./dataset/skeleton_final_v2/thumbdown/thumbdown (330).npy,./data/salux_refined_6cls/thumb_sources/thumbdown/fitted/thumbdown (330).npy
ok,ok,ok_Set2_ (95),train,./dataset/skeleton_final_v2/ok/ok_Set2_ (95).npy,./batch_ok/fitted/ok_Set2_ (95).npy
paper,paper,paper (235),train,./dataset/skeleton_final_v2/paper/paper (235).npy,./batch_paper/fitted/paper (235).npy
scissors,scissors,scissors_9188,train,./dataset/skeleton_final_v2/scissors/scissors_9188.npy,./batch_scissors/fitted/scissors_9188.npy
paper,paper,paper (126),train,./dataset/skeleton_final_v2/paper/paper (126).npy,./batch_paper/fitted/paper (126).npy
the-finger,the-finger,the-finger-set2 (176),train,./dataset/skeleton_final_v2/the-finger/the-finger-set2 (176).npy,./batch_thefinger/fitted/the-finger-set2 (176).npy
ok,ok,ok_9256,train,./dataset/skeleton_final_v2/ok/ok_9256.npy,./batch_ok/fitted/ok_9256.npy
paper,paper,paper-set2 (311),train,./dataset/skeleton_final_v2/paper/paper-set2 (311).npy,./batch_paper/fitted/paper-set2 (311).npy
the-finger,the-finger,the-finger-set2 (151),train,./dataset/skeleton_final_v2/the-finger/the-finger-set2 (151).npy,./batch_thefinger/fitted/the-finger-set2 (151).npy
scissors,scissors,scissors-set2 (586),train,./dataset/skeleton_final_v2/scissors/scissors-set2 (586).npy,./batch_scissors/fitted/scissors-set2 (586).npy
paper,paper,paper_2484,train,./dataset/skeleton_final_v2/paper/paper_2484.npy,./batch_paper/fitted/paper_2484.npy
ok,ok,ok_Set2_ (253),train,./dataset/skeleton_final_v2/ok/ok_Set2_ (253).npy,./batch_ok/fitted/ok_Set2_ (253).npy
scissors,scissors,scissors (417),train,./dataset/skeleton_final_v2/scissors/scissors (417).npy,./batch_scissors/fitted/scissors (417).npy
scissors,scissors,scissors (14),train,./dataset/skeleton_final_v2/scissors/scissors (14).npy,./batch_scissors/fitted/scissors (14).npy
thumb,thumbdown,thumbdown (21),train,./dataset/skeleton_final_v2/thumbdown/thumbdown (21).npy,./data/salux_refined_6cls/thumb_sources/thumbdown/fitted/thumbdown (21).npy
paper,paper,paper-set2 (228),train,./dataset/skeleton_final_v2/paper/paper-set2 (228).npy,./batch_paper/fitted/paper-set2 (228).npy
scissors,scissors,scissors-set2 (519),train,./dataset/skeleton_final_v2/scissors/scissors-set2 (519).npy,./batch_scissors/fitted/scissors-set2 (519).npy
ok,ok,ok_1929,train,./dataset/skeleton_final_v2/ok/ok_1929.npy,./batch_ok/fitted/ok_1929.npy
ok,ok,ok_5959,train,./dataset/skeleton_final_v2/ok/ok_5959.npy,./batch_ok/fitted/ok_5959.npy
thumb,thumbdown,thumbdown_7446,train,./dataset/skeleton_final_v2/thumbdown/thumbdown_7446.npy,./data/salux_refined_6cls/thumb_sources/thumbdown/fitted/thumbdown_7446.npy
ok,ok,ok_Set2_ (466),train,./dataset/skeleton_final_v2/ok/ok_Set2_ (466).npy,./batch_ok/fitted/ok_Set2_ (466).npy
the-finger,the-finger,the-finger-set2 (347),train,./dataset/skeleton_final_v2/the-finger/the-finger-set2 (347).npy,./batch_thefinger/fitted/the-finger-set2 (347).npy
paper,paper,paper-set2 (236),train,./dataset/skeleton_final_v2/paper/paper-set2 (236).npy,./batch_paper/fitted/paper-set2 (236).npy
thumb,thumbup,thumbup (55),train,./dataset/skeleton_final_v2/thumbup/thumbup (55).npy,./data/salux_refined_6cls/thumb_sources/thumbup/fitted/thumbup (55).npy
ok,ok,ok_Set2_ (216),train,./dataset/skeleton_final_v2/ok/ok_Set2_ (216).npy,./batch_ok/fitted/ok_Set2_ (216).npy
scissors,scissors,scissors_6943,train,./dataset/skeleton_final_v2/scissors/scissors_6943.npy,./batch_scissors/fitted/scissors_6943.npy
thumb,thumbdown,thumbdown_7456,train,./dataset/skeleton_final_v2/thumbdown/thumbdown_7456.npy,./data/salux_refined_6cls/thumb_sources/thumbdown/fitted/thumbdown_7456.npy
scissors,scissors,scissors (104),train,./dataset/skeleton_final_v2/scissors/scissors (104).npy,./batch_scissors/fitted/scissors (104).npy
paper,paper,paper (233),train,./dataset/skeleton_final_v2/paper/paper (233).npy,./batch_paper/fitted/paper (233).npy
scissors,scissors,scissors (76),train,./dataset/skeleton_final_v2/scissors/scissors (76).npy,./batch_scissors/fitted/scissors (76).npy
the-finger,the-finger,the-finger-set2 (406),train,./dataset/skeleton_final_v2/the-finger/the-finger-set2 (406).npy,./batch_thefinger/fitted/the-finger-set2 (406).npy
paper,paper,paper-set2 (115),train,./dataset/skeleton_final_v2/paper/paper-set2 (115).npy,./batch_paper/fitted/paper-set2 (115).npy
paper,paper,paper-set2 (290),train,./dataset/skeleton_final_v2/paper/paper-set2 (290).npy,./batch_paper/fitted/paper-set2 (290).npy
scissors,scissors,scissors_1524,train,./dataset/skeleton_final_v2/scissors/scissors_1524.npy,./batch_scissors/fitted/scissors_1524.npy
ok,ok,ok_5945,train,./dataset/skeleton_final_v2/ok/ok_5945.npy,./batch_ok/fitted/ok_5945.npy
scissors,scissors,scissors (275),train,./dataset/skeleton_final_v2/scissors/scissors (275).npy,./batch_scissors/fitted/scissors (275).npy
paper,paper,paper-set2 (377),train,./dataset/skeleton_final_v2/paper/paper-set2 (377).npy,./batch_paper/fitted/paper-set2 (377).npy
ok,ok,ok_4991,train,./dataset/skeleton_final_v2/ok/ok_4991.npy,./batch_ok/fitted/ok_4991.npy
paper,paper,paper_8732,train,./dataset/skeleton_final_v2/paper/paper_8732.npy,./batch_paper/fitted/paper_8732.npy
paper,paper,paper-set2 (344),train,./dataset/skeleton_final_v2/paper/paper-set2 (344).npy,./batch_paper/fitted/paper-set2 (344).npy
ok,ok,ok_Set2_ (418),train,./dataset/skeleton_final_v2/ok/ok_Set2_ (418).npy,./batch_ok/fitted/ok_Set2_ (418).npy
thumb,thumbup,thumbup_8926,train,./dataset/skeleton_final_v2/thumbup/thumbup_8926.npy,./data/salux_refined_6cls/thumb_sources/thumbup/fitted/thumbup_8926.npy
thumb,thumbup,thumbup_6798,train,./dataset/skeleton_final_v2/thumbup/thumbup_6798.npy,./data/salux_refined_6cls/thumb_sources/thumbup/fitted/thumbup_6798.npy
paper,paper,paper_3723,train,./dataset/skeleton_final_v2/paper/paper_3723.npy,./batch_paper/fitted/paper_3723.npy
thumb,thumbdown,thumbdown_856,train,./dataset/skeleton_final_v2/thumbdown/thumbdown_856.npy,./data/salux_refined_6cls/thumb_sources/thumbdown/fitted/thumbdown_856.npy
paper,paper,paper_6694,train,./dataset/skeleton_final_v2/paper/paper_6694.npy,./batch_paper/fitted/paper_6694.npy
thumb,thumbup,thumbup (148),train,./dataset/skeleton_final_v2/thumbup/thumbup (148).npy,./data/salux_refined_6cls/thumb_sources/thumbup/fitted/thumbup (148).npy
scissors,scissors,scissors (248),train,./dataset/skeleton_final_v2/scissors/scissors (248).npy,./batch_scissors/fitted/scissors (248).npy
ok,ok,ok_8046,train,./dataset/skeleton_final_v2/ok/ok_8046.npy,./batch_ok/fitted/ok_8046.npy
thumb,thumbup,thumbup_7396,train,./dataset/skeleton_final_v2/thumbup/thumbup_7396.npy,./data/salux_refined_6cls/thumb_sources/thumbup/fitted/thumbup_7396.npy
rock,rock,rock-set2 (157),train,./dataset/skeleton_final_v2/rock/rock-set2 (157).npy,./batch_rock/fitted/rock-set2 (157).npy
scissors,scissors,scissors (44),train,./dataset/skeleton_final_v2/scissors/scissors (44).npy,./batch_scissors/fitted/scissors (44).npy
ok,ok,ok (194),train,./dataset/skeleton_final_v2/ok/ok (194).npy,./batch_ok/fitted/ok (194).npy
thumb,thumbdown,thumbdown_849,train,./dataset/skeleton_final_v2/thumbdown/thumbdown_849.npy,./data/salux_refined_6cls/thumb_sources/thumbdown/fitted/thumbdown_849.npy
paper,paper,paper_6693,train,./dataset/skeleton_final_v2/paper/paper_6693.npy,./batch_paper/fitted/paper_6693.npy
paper,paper,paper-set2 (229),train,./dataset/skeleton_final_v2/paper/paper-set2 (229).npy,./batch_paper/fitted/paper-set2 (229).npy
thumb,thumbdown,thumbdown (75),train,./dataset/skeleton_final_v2/thumbdown/thumbdown (75).npy,./data/salux_refined_6cls/thumb_sources/thumbdown/fitted/thumbdown (75).npy
thumb,thumbup,hand-10-250,train,./dataset/skeleton_final_v2/thumbup/hand-10-250.npy,./data/salux_refined_6cls/thumb_sources/thumbup/fitted/hand-10-250.npy
paper,paper,paper_3826,train,./dataset/skeleton_final_v2/paper/paper_3826.npy,./batch_paper/fitted/paper_3826.npy
paper,paper,paper_1059,train,./dataset/skeleton_final_v2/paper/paper_1059.npy,./batch_paper/fitted/paper_1059.npy
rock,rock,rock-set2 (49),train,./dataset/skeleton_final_v2/rock/rock-set2 (49).npy,./batch_rock/fitted/rock-set2 (49).npy
ok,ok,ok_1580,train,./dataset/skeleton_final_v2/ok/ok_1580.npy,./batch_ok/fitted/ok_1580.npy
scissors,scissors,scissors-set2 (456),train,./dataset/skeleton_final_v2/scissors/scissors-set2 (456).npy,./batch_scissors/fitted/scissors-set2 (456).npy
ok,ok,ok_9264,train,./dataset/skeleton_final_v2/ok/ok_9264.npy,./batch_ok/fitted/ok_9264.npy
scissors,scissors,scissors_5223,train,./dataset/skeleton_final_v2/scissors/scissors_5223.npy,./batch_scissors/fitted/scissors_5223.npy
thumb,thumbup,thumbup (417),train,./dataset/skeleton_final_v2/thumbup/thumbup (417).npy,./data/salux_refined_6cls/thumb_sources/thumbup/fitted/thumbup (417).npy
ok,ok,ok_Set2_ (545),train,./dataset/skeleton_final_v2/ok/ok_Set2_ (545).npy,./batch_ok/fitted/ok_Set2_ (545).npy
the-finger,the-finger,the-finger-set2 (325),train,./dataset/skeleton_final_v2/the-finger/the-finger-set2 (325).npy,./batch_thefinger/fitted/the-finger-set2 (325).npy
thumb,thumbdown,thumbdown_5828,train,./dataset/skeleton_final_v2/thumbdown/thumbdown_5828.npy,./data/salux_refined_6cls/thumb_sources/thumbdown/fitted/thumbdown_5828.npy
the-finger,the-finger,the-finger_6870,train,./dataset/skeleton_final_v2/the-finger/the-finger_6870.npy,./batch_thefinger/fitted/the-finger_6870.npy
scissors,scissors,scissors-set2 (178),train,./dataset/skeleton_final_v2/scissors/scissors-set2 (178).npy,./batch_scissors/fitted/scissors-set2 (178).npy
rock,rock,rock-set2 (566),train,./dataset/skeleton_final_v2/rock/rock-set2 (566).npy,./batch_rock/fitted/rock-set2 (566).npy
paper,paper,paper (166),train,./dataset/skeleton_final_v2/paper/paper (166).npy,./batch_paper/fitted/paper (166).npy
ok,ok,ok_Set2_ (460),train,./dataset/skeleton_final_v2/ok/ok_Set2_ (460).npy,./batch_ok/fitted/ok_Set2_ (460).npy
ok,ok,ok_Set2_ (379),train,./dataset/skeleton_final_v2/ok/ok_Set2_ (379).npy,./batch_ok/fitted/ok_Set2_ (379).npy
scissors,scissors,scissors_4656,train,./dataset/skeleton_final_v2/scissors/scissors_4656.npy,./batch_scissors/fitted/scissors_4656.npy
ok,ok,ok_4046,train,./dataset/skeleton_final_v2/ok/ok_4046.npy,./batch_ok/fitted/ok_4046.npy
thumb,thumbup,hand-11-510,train,./dataset/skeleton_final_v2/thumbup/hand-11-510.npy,./data/salux_refined_6cls/thumb_sources/thumbup/fitted/hand-11-510.npy
the-finger,the-finger,the-finger_3452,train,./dataset/skeleton_final_v2/the-finger/the-finger_3452.npy,./batch_thefinger/fitted/the-finger_3452.npy
paper,paper,paper-set2 (127),train,./dataset/skeleton_final_v2/paper/paper-set2 (127).npy,./batch_paper/fitted/paper-set2 (127).npy
scissors,scissors,scissors_6741,train,./dataset/skeleton_final_v2/scissors/scissors_6741.npy,./batch_scissors/fitted/scissors_6741.npy
the-finger,the-finger,the-finger-set2 (16),train,./dataset/skeleton_final_v2/the-finger/the-finger-set2 (16).npy,./batch_thefinger/fitted/the-finger-set2 (16).npy
paper,paper,paper (242),train,./dataset/skeleton_final_v2/paper/paper (242).npy,./batch_paper/fitted/paper (242).npy
scissors,scissors,scissors (408),train,./dataset/skeleton_final_v2/scissors/scissors (408).npy,./batch_scissors/fitted/scissors (408).npy
paper,paper,paper-set2 (50),train,./dataset/skeleton_final_v2/paper/paper-set2 (50).npy,./batch_paper/fitted/paper-set2 (50).npy
scissors,scissors,scissors (412),train,./dataset/skeleton_final_v2/scissors/scissors (412).npy,./batch_scissors/fitted/scissors (412).npy
scissors,scissors,scissors_4632,train,./dataset/skeleton_final_v2/scissors/scissors_4632.npy,./batch_scissors/fitted/scissors_4632.npy
paper,paper,paper_7595,train,./dataset/skeleton_final_v2/paper/paper_7595.npy,./batch_paper/fitted/paper_7595.npy
thumb,thumbdown,thumbdown (91),train,./dataset/skeleton_final_v2/thumbdown/thumbdown (91).npy,./data/salux_refined_6cls/thumb_sources/thumbdown/fitted/thumbdown (91).npy
scissors,scissors,scissors_6739,train,./dataset/skeleton_final_v2/scissors/scissors_6739.npy,./batch_scissors/fitted/scissors_6739.npy
thumb,thumbdown,thumbdown (3),train,./dataset/skeleton_final_v2/thumbdown/thumbdown (3).npy,./data/salux_refined_6cls/thumb_sources/thumbdown/fitted/thumbdown (3).npy
scissors,scissors,scissors_7625,train,./dataset/skeleton_final_v2/scissors/scissors_7625.npy,./batch_scissors/fitted/scissors_7625.npy
scissors,scissors,scissors (486),train,./dataset/skeleton_final_v2/scissors/scissors (486).npy,./batch_scissors/fitted/scissors (486).npy
ok,ok,ok_6988,train,./dataset/skeleton_final_v2/ok/ok_6988.npy,./batch_ok/fitted/ok_6988.npy
rock,rock,rock (262),train,./dataset/skeleton_final_v2/rock/rock (262).npy,./batch_rock/fitted/rock (262).npy
scissors,scissors,scissors-set2 (692),train,./dataset/skeleton_final_v2/scissors/scissors-set2 (692).npy,./batch_scissors/fitted/scissors-set2 (692).npy
thumb,thumbdown,thumbdown_6240,train,./dataset/skeleton_final_v2/thumbdown/thumbdown_6240.npy,./data/salux_refined_6cls/thumb_sources/thumbdown/fitted/thumbdown_6240.npy
scissors,scissors,scissors_3909,train,./dataset/skeleton_final_v2/scissors/scissors_3909.npy,./batch_scissors/fitted/scissors_3909.npy
scissors,scissors,scissors_4633,train,./dataset/skeleton_final_v2/scissors/scissors_4633.npy,./batch_scissors/fitted/scissors_4633.npy
scissors,scissors,scissors-set2 (331),train,./dataset/skeleton_final_v2/scissors/scissors-set2 (331).npy,./batch_scissors/fitted/scissors-set2 (331).npy
rock,rock,rock (90),train,./dataset/skeleton_final_v2/rock/rock (90).npy,./batch_rock/fitted/rock (90).npy
paper,paper,paper_7325,train,./dataset/skeleton_final_v2/paper/paper_7325.npy,./batch_paper/fitted/paper_7325.npy
thumb,thumbup,thumbup_7192,train,./dataset/skeleton_final_v2/thumbup/thumbup_7192.npy,./data/salux_refined_6cls/thumb_sources/thumbup/fitted/thumbup_7192.npy
scissors,scissors,scissors-set2 (417),train,./dataset/skeleton_final_v2/scissors/scissors-set2 (417).npy,./batch_scissors/fitted/scissors-set2 (417).npy
scissors,scissors,scissors_63,train,./dataset/skeleton_final_v2/scissors/scissors_63.npy,./batch_scissors/fitted/scissors_63.npy
thumb,thumbup,thumbup_5984,train,./dataset/skeleton_final_v2/thumbup/thumbup_5984.npy,./data/salux_refined_6cls/thumb_sources/thumbup/fitted/thumbup_5984.npy
thumb,thumbup,thumbup (356),train,./dataset/skeleton_final_v2/thumbup/thumbup (356).npy,./data/salux_refined_6cls/thumb_sources/thumbup/fitted/thumbup (356).npy
paper,paper,paper (243),train,./dataset/skeleton_final_v2/paper/paper (243).npy,./batch_paper/fitted/paper (243).npy
scissors,scissors,scissors-set2 (326),train,./dataset/skeleton_final_v2/scissors/scissors-set2 (326).npy,./batch_scissors/fitted/scissors-set2 (326).npy
paper,paper,paper-set2 (210),train,./dataset/skeleton_final_v2/paper/paper-set2 (210).npy,./batch_paper/fitted/paper-set2 (210).npy
thumb,thumbup,thumbup (364),train,./dataset/skeleton_final_v2/thumbup/thumbup (364).npy,./data/salux_refined_6cls/thumb_sources/thumbup/fitted/thumbup (364).npy
thumb,thumbdown,thumbdown_5315,train,./dataset/skeleton_final_v2/thumbdown/thumbdown_5315.npy,./data/salux_refined_6cls/thumb_sources/thumbdown/fitted/thumbdown_5315.npy
scissors,scissors,scissors_5479,train,./dataset/skeleton_final_v2/scissors/scissors_5479.npy,./batch_scissors/fitted/scissors_5479.npy
the-finger,the-finger,the-finger-set2 (69),train,./dataset/skeleton_final_v2/the-finger/the-finger-set2 (69).npy,./batch_thefinger/fitted/the-finger-set2 (69).npy
paper,paper,paper_7601,train,./dataset/skeleton_final_v2/paper/paper_7601.npy,./batch_paper/fitted/paper_7601.npy
paper,paper,paper-set2 (207),train,./dataset/skeleton_final_v2/paper/paper-set2 (207).npy,./batch_paper/fitted/paper-set2 (207).npy
thumb,thumbup,thumbup (402),train,./dataset/skeleton_final_v2/thumbup/thumbup (402).npy,./data/salux_refined_6cls/thumb_sources/thumbup/fitted/thumbup (402).npy
thumb,thumbdown,thumbdown_8612,train,./dataset/skeleton_final_v2/thumbdown/thumbdown_8612.npy,./data/salux_refined_6cls/thumb_sources/thumbdown/fitted/thumbdown_8612.npy
scissors,scissors,scissors-set2 (28),train,./dataset/skeleton_final_v2/scissors/scissors-set2 (28).npy,./batch_scissors/fitted/scissors-set2 (28).npy
the-finger,the-finger,the-finger_7094,train,./dataset/skeleton_final_v2/the-finger/the-finger_7094.npy,./batch_thefinger/fitted/the-finger_7094.npy
the-finger,the-finger,the-finger_2288,train,./dataset/skeleton_final_v2/the-finger/the-finger_2288.npy,./batch_thefinger/fitted/the-finger_2288.npy
paper,paper,paper-set2 (76),train,./dataset/skeleton_final_v2/paper/paper-set2 (76).npy,./batch_paper/fitted/paper-set2 (76).npy
ok,ok,ok (31),train,./dataset/skeleton_final_v2/ok/ok (31).npy,./batch_ok/fitted/ok (31).npy
rock,rock,rock-set2 (11),train,./dataset/skeleton_final_v2/rock/rock-set2 (11).npy,./batch_rock/fitted/rock-set2 (11).npy
thumb,thumbdown,hand-11-880,train,./dataset/skeleton_final_v2/thumbdown/hand-11-880.npy,./data/salux_refined_6cls/thumb_sources/thumbdown/fitted/hand-11-880.npy
thumb,thumbdown,thumbdown_7766,train,./dataset/skeleton_final_v2/thumbdown/thumbdown_7766.npy,./data/salux_refined_6cls/thumb_sources/thumbdown/fitted/thumbdown_7766.npy
paper,paper,paper_3669,train,./dataset/skeleton_final_v2/paper/paper_3669.npy,./batch_paper/fitted/paper_3669.npy
thumb,thumbdown,thumbdown_3291,train,./dataset/skeleton_final_v2/thumbdown/thumbdown_3291.npy,./data/salux_refined_6cls/thumb_sources/thumbdown/fitted/thumbdown_3291.npy
thumb,thumbup,thumbup (481),train,./dataset/skeleton_final_v2/thumbup/thumbup (481).npy,./data/salux_refined_6cls/thumb_sources/thumbup/fitted/thumbup (481).npy
scissors,scissors,scissors-set2 (667),train,./dataset/skeleton_final_v2/scissors/scissors-set2 (667).npy,./batch_scissors/fitted/scissors-set2 (667).npy
thumb,thumbdown,thumbdown_188,train,./dataset/skeleton_final_v2/thumbdown/thumbdown_188.npy,./data/salux_refined_6cls/thumb_sources/thumbdown/fitted/thumbdown_188.npy
thumb,thumbup,thumbup (292),train,./dataset/skeleton_final_v2/thumbup/thumbup (292).npy,./data/salux_refined_6cls/thumb_sources/thumbup/fitted/thumbup (292).npy
scissors,scissors,scissors-set2 (633),train,./dataset/skeleton_final_v2/scissors/scissors-set2 (633).npy,./batch_scissors/fitted/scissors-set2 (633).npy
paper,paper,paper_5120,train,./dataset/skeleton_final_v2/paper/paper_5120.npy,./batch_paper/fitted/paper_5120.npy
scissors,scissors,scissors_4623,train,./dataset/skeleton_final_v2/scissors/scissors_4623.npy,./batch_scissors/fitted/scissors_4623.npy
thumb,thumbdown,hand-9-2135,train,./dataset/skeleton_final_v2/thumbdown/hand-9-2135.npy,./data/salux_refined_6cls/thumb_sources/thumbdown/fitted/hand-9-2135.npy
paper,paper,paper-set2 (102),train,./dataset/skeleton_final_v2/paper/paper-set2 (102).npy,./batch_paper/fitted/paper-set2 (102).npy
paper,paper,paper-set2 (383),train,./dataset/skeleton_final_v2/paper/paper-set2 (383).npy,./batch_paper/fitted/paper-set2 (383).npy
ok,ok,ok_2941,train,./dataset/skeleton_final_v2/ok/ok_2941.npy,./batch_ok/fitted/ok_2941.npy
ok,ok,ok_797,train,./dataset/skeleton_final_v2/ok/ok_797.npy,./batch_ok/fitted/ok_797.npy
rock,rock,rock-set2 (10),train,./dataset/skeleton_final_v2/rock/rock-set2 (10).npy,./batch_rock/fitted/rock-set2 (10).npy
ok,ok,ok_Set2_ (11),train,./dataset/skeleton_final_v2/ok/ok_Set2_ (11).npy,./batch_ok/fitted/ok_Set2_ (11).npy
paper,paper,paper-set2 (84),train,./dataset/skeleton_final_v2/paper/paper-set2 (84).npy,./batch_paper/fitted/paper-set2 (84).npy
paper,paper,paper (275),train,./dataset/skeleton_final_v2/paper/paper (275).npy,./batch_paper/fitted/paper (275).npy
thumb,thumbup,thumbup (263),train,./dataset/skeleton_final_v2/thumbup/thumbup (263).npy,./data/salux_refined_6cls/thumb_sources/thumbup/fitted/thumbup (263).npy
thumb,thumbdown,thumbdown (183),train,./dataset/skeleton_final_v2/thumbdown/thumbdown (183).npy,./data/salux_refined_6cls/thumb_sources/thumbdown/fitted/thumbdown (183).npy
paper,paper,paper (54),train,./dataset/skeleton_final_v2/paper/paper (54).npy,./batch_paper/fitted/paper (54).npy
paper,paper,paper-set2 (136),train,./dataset/skeleton_final_v2/paper/paper-set2 (136).npy,./batch_paper/fitted/paper-set2 (136).npy
scissors,scissors,scissors-set2 (539),train,./dataset/skeleton_final_v2/scissors/scissors-set2 (539).npy,./batch_scissors/fitted/scissors-set2 (539).npy
thumb,thumbdown,thumbdown (338),train,./dataset/skeleton_final_v2/thumbdown/thumbdown (338).npy,./data/salux_refined_6cls/thumb_sources/thumbdown/fitted/thumbdown (338).npy
scissors,scissors,scissors-set2 (117),train,./dataset/skeleton_final_v2/scissors/scissors-set2 (117).npy,./batch_scissors/fitted/scissors-set2 (117).npy
ok,ok,ok_2812,train,./dataset/skeleton_final_v2/ok/ok_2812.npy,./batch_ok/fitted/ok_2812.npy
paper,paper,paper-set2 (93),train,./dataset/skeleton_final_v2/paper/paper-set2 (93).npy,./batch_paper/fitted/paper-set2 (93).npy
thumb,thumbdown,hand-10-545,train,./dataset/skeleton_final_v2/thumbdown/hand-10-545.npy,./data/salux_refined_6cls/thumb_sources/thumbdown/fitted/hand-10-545.npy
paper,paper,paper (102),train,./dataset/skeleton_final_v2/paper/paper (102).npy,./batch_paper/fitted/paper (102).npy
thumb,thumbdown,thumbdown_4418,train,./dataset/skeleton_final_v2/thumbdown/thumbdown_4418.npy,./data/salux_refined_6cls/thumb_sources/thumbdown/fitted/thumbdown_4418.npy
thumb,thumbdown,thumbdown (143),train,./dataset/skeleton_final_v2/thumbdown/thumbdown (143).npy,./data/salux_refined_6cls/thumb_sources/thumbdown/fitted/thumbdown (143).npy
scissors,scissors,scissors (86),train,./dataset/skeleton_final_v2/scissors/scissors (86).npy,./batch_scissors/fitted/scissors (86).npy
thumb,thumbup,thumbup (198),train,./dataset/skeleton_final_v2/thumbup/thumbup (198).npy,./data/salux_refined_6cls/thumb_sources/thumbup/fitted/thumbup (198).npy
thumb,thumbup,thumbup_7397,train,./dataset/skeleton_final_v2/thumbup/thumbup_7397.npy,./data/salux_refined_6cls/thumb_sources/thumbup/fitted/thumbup_7397.npy
thumb,thumbdown,hand-10-585,train,./dataset/skeleton_final_v2/thumbdown/hand-10-585.npy,./data/salux_refined_6cls/thumb_sources/thumbdown/fitted/hand-10-585.npy
rock,rock,rock (231),train,./dataset/skeleton_final_v2/rock/rock (231).npy,./batch_rock/fitted/rock (231).npy
scissors,scissors,scissors_6734,train,./dataset/skeleton_final_v2/scissors/scissors_6734.npy,./batch_scissors/fitted/scissors_6734.npy
scissors,scissors,scissors_8814,train,./dataset/skeleton_final_v2/scissors/scissors_8814.npy,./batch_scissors/fitted/scissors_8814.npy
thumb,thumbup,thumbup_123,train,./dataset/skeleton_final_v2/thumbup/thumbup_123.npy,./data/salux_refined_6cls/thumb_sources/thumbup/fitted/thumbup_123.npy
paper,paper,paper-set2 (202),train,./dataset/skeleton_final_v2/paper/paper-set2 (202).npy,./batch_paper/fitted/paper-set2 (202).npy
rock,rock,rock_6494,train,./dataset/skeleton_final_v2/rock/rock_6494.npy,./batch_rock/fitted/rock_6494.npy
thumb,thumbdown,thumbdown (144),train,./dataset/skeleton_final_v2/thumbdown/thumbdown (144).npy,./data/salux_refined_6cls/thumb_sources/thumbdown/fitted/thumbdown (144).npy
the-finger,the-finger,the-finger-set2 (73),train,./dataset/skeleton_final_v2/the-finger/the-finger-set2 (73).npy,./batch_thefinger/fitted/the-finger-set2 (73).npy
scissors,scissors,scissors-set2 (492),train,./dataset/skeleton_final_v2/scissors/scissors-set2 (492).npy,./batch_scissors/fitted/scissors-set2 (492).npy
scissors,scissors,scissors_3911,train,./dataset/skeleton_final_v2/scissors/scissors_3911.npy,./batch_scissors/fitted/scissors_3911.npy
scissors,scissors,scissors-set2 (566),train,./dataset/skeleton_final_v2/scissors/scissors-set2 (566).npy,./batch_scissors/fitted/scissors-set2 (566).npy
ok,ok,ok (65),train,./dataset/skeleton_final_v2/ok/ok (65).npy,./batch_ok/fitted/ok (65).npy
thumb,thumbdown,thumbdown_9382,train,./dataset/skeleton_final_v2/thumbdown/thumbdown_9382.npy,./data/salux_refined_6cls/thumb_sources/thumbdown/fitted/thumbdown_9382.npy
thumb,thumbup,thumbup (355),train,./dataset/skeleton_final_v2/thumbup/thumbup (355).npy,./data/salux_refined_6cls/thumb_sources/thumbup/fitted/thumbup (355).npy
thumb,thumbup,thumbup (117),train,./dataset/skeleton_final_v2/thumbup/thumbup (117).npy,./data/salux_refined_6cls/thumb_sources/thumbup/fitted/thumbup (117).npy
the-finger,the-finger,the-finger-set2 (273),train,./dataset/skeleton_final_v2/the-finger/the-finger-set2 (273).npy,./batch_thefinger/fitted/the-finger-set2 (273).npy
thumb,thumbdown,thumbdown (28),train,./dataset/skeleton_final_v2/thumbdown/thumbdown (28).npy,./data/salux_refined_6cls/thumb_sources/thumbdown/fitted/thumbdown (28).npy
paper,paper,paper (197),train,./dataset/skeleton_final_v2/paper/paper (197).npy,./batch_paper/fitted/paper (197).npy
the-finger,the-finger,the-finger_7084,train,./dataset/skeleton_final_v2/the-finger/the-finger_7084.npy,./batch_thefinger/fitted/the-finger_7084.npy
ok,ok,ok_802,train,./dataset/skeleton_final_v2/ok/ok_802.npy,./batch_ok/fitted/ok_802.npy
thumb,thumbup,thumbup (465),train,./dataset/skeleton_final_v2/thumbup/thumbup (465).npy,./data/salux_refined_6cls/thumb_sources/thumbup/fitted/thumbup (465).npy
ok,ok,ok_9248,train,./dataset/skeleton_final_v2/ok/ok_9248.npy,./batch_ok/fitted/ok_9248.npy
thumb,thumbup,thumbup_7418,train,./dataset/skeleton_final_v2/thumbup/thumbup_7418.npy,./data/salux_refined_6cls/thumb_sources/thumbup/fitted/thumbup_7418.npy
thumb,thumbup,thumbup (232),train,./dataset/skeleton_final_v2/thumbup/thumbup (232).npy,./data/salux_refined_6cls/thumb_sources/thumbup/fitted/thumbup (232).npy
paper,paper,paper_6345,train,./dataset/skeleton_final_v2/paper/paper_6345.npy,./batch_paper/fitted/paper_6345.npy
the-finger,the-finger,the-finger_7088,train,./dataset/skeleton_final_v2/the-finger/the-finger_7088.npy,./batch_thefinger/fitted/the-finger_7088.npy
the-finger,the-finger,the-finger (10),train,./dataset/skeleton_final_v2/the-finger/the-finger (10).npy,./batch_thefinger/fitted/the-finger (10).npy
ok,ok,ok_7015,train,./dataset/skeleton_final_v2/ok/ok_7015.npy,./batch_ok/fitted/ok_7015.npy
thumb,thumbup,thumbup_5991,train,./dataset/skeleton_final_v2/thumbup/thumbup_5991.npy,./data/salux_refined_6cls/thumb_sources/thumbup/fitted/thumbup_5991.npy
paper,paper,paper_7312,train,./dataset/skeleton_final_v2/paper/paper_7312.npy,./batch_paper/fitted/paper_7312.npy
paper,paper,paper-set2 (298),train,./dataset/skeleton_final_v2/paper/paper-set2 (298).npy,./batch_paper/fitted/paper-set2 (298).npy
scissors,scissors,scissors-set2 (202),train,./dataset/skeleton_final_v2/scissors/scissors-set2 (202).npy,./batch_scissors/fitted/scissors-set2 (202).npy
rock,rock,rock-set2 (64),train,./dataset/skeleton_final_v2/rock/rock-set2 (64).npy,./batch_rock/fitted/rock-set2 (64).npy
thumb,thumbup,thumbup_6217,train,./dataset/skeleton_final_v2/thumbup/thumbup_6217.npy,./data/salux_refined_6cls/thumb_sources/thumbup/fitted/thumbup_6217.npy
thumb,thumbup,thumbup_7038,train,./dataset/skeleton_final_v2/thumbup/thumbup_7038.npy,./data/salux_refined_6cls/thumb_sources/thumbup/fitted/thumbup_7038.npy
paper,paper,paper_5447,train,./dataset/skeleton_final_v2/paper/paper_5447.npy,./batch_paper/fitted/paper_5447.npy
ok,ok,ok_Set2_ (336),train,./dataset/skeleton_final_v2/ok/ok_Set2_ (336).npy,./batch_ok/fitted/ok_Set2_ (336).npy
paper,paper,paper_717,train,./dataset/skeleton_final_v2/paper/paper_717.npy,./batch_paper/fitted/paper_717.npy
thumb,thumbdown,hand-7-1515,train,./dataset/skeleton_final_v2/thumbdown/hand-7-1515.npy,./data/salux_refined_6cls/thumb_sources/thumbdown/fitted/hand-7-1515.npy
scissors,scissors,scissors (166),train,./dataset/skeleton_final_v2/scissors/scissors (166).npy,./batch_scissors/fitted/scissors (166).npy
paper,paper,paper (198),train,./dataset/skeleton_final_v2/paper/paper (198).npy,./batch_paper/fitted/paper (198).npy
rock,rock,rock-set2 (296),train,./dataset/skeleton_final_v2/rock/rock-set2 (296).npy,./batch_rock/fitted/rock-set2 (296).npy
ok,ok,ok_Set2_ (186),train,./dataset/skeleton_final_v2/ok/ok_Set2_ (186).npy,./batch_ok/fitted/ok_Set2_ (186).npy
ok,ok,ok_5769,train,./dataset/skeleton_final_v2/ok/ok_5769.npy,./batch_ok/fitted/ok_5769.npy
the-finger,the-finger,the-finger-set2 (388),train,./dataset/skeleton_final_v2/the-finger/the-finger-set2 (388).npy,./batch_thefinger/fitted/the-finger-set2 (388).npy
the-finger,the-finger,the-finger-set2 (382),train,./dataset/skeleton_final_v2/the-finger/the-finger-set2 (382).npy,./batch_thefinger/fitted/the-finger-set2 (382).npy
ok,ok,ok_2003,train,./dataset/skeleton_final_v2/ok/ok_2003.npy,./batch_ok/fitted/ok_2003.npy
ok,ok,ok_5251,train,./dataset/skeleton_final_v2/ok/ok_5251.npy,./batch_ok/fitted/ok_5251.npy
thumb,thumbdown,thumbdown (26),train,./dataset/skeleton_final_v2/thumbdown/thumbdown (26).npy,./data/salux_refined_6cls/thumb_sources/thumbdown/fitted/thumbdown (26).npy
scissors,scissors,scissors-set2 (523),train,./dataset/skeleton_final_v2/scissors/scissors-set2 (523).npy,./batch_scissors/fitted/scissors-set2 (523).npy
scissors,scissors,scissors_1869,train,./dataset/skeleton_final_v2/scissors/scissors_1869.npy,./batch_scissors/fitted/scissors_1869.npy
rock,rock,rock_694,train,./dataset/skeleton_final_v2/rock/rock_694.npy,./batch_rock/fitted/rock_694.npy
thumb,thumbdown,thumbdown (104),train,./dataset/skeleton_final_v2/thumbdown/thumbdown (104).npy,./data/salux_refined_6cls/thumb_sources/thumbdown/fitted/thumbdown (104).npy
paper,paper,paper_6117,train,./dataset/skeleton_final_v2/paper/paper_6117.npy,./batch_paper/fitted/paper_6117.npy
scissors,scissors,scissors_7336,train,./dataset/skeleton_final_v2/scissors/scissors_7336.npy,./batch_scissors/fitted/scissors_7336.npy
scissors,scissors,scissors_6540,train,./dataset/skeleton_final_v2/scissors/scissors_6540.npy,./batch_scissors/fitted/scissors_6540.npy
paper,paper,paper (147),train,./dataset/skeleton_final_v2/paper/paper (147).npy,./batch_paper/fitted/paper (147).npy
scissors,scissors,scissors_5485,train,./dataset/skeleton_final_v2/scissors/scissors_5485.npy,./batch_scissors/fitted/scissors_5485.npy
ok,ok,ok_2938,train,./dataset/skeleton_final_v2/ok/ok_2938.npy,./batch_ok/fitted/ok_2938.npy
paper,paper,paper_5889,train,./dataset/skeleton_final_v2/paper/paper_5889.npy,./batch_paper/fitted/paper_5889.npy
scissors,scissors,scissors (222),train,./dataset/skeleton_final_v2/scissors/scissors (222).npy,./batch_scissors/fitted/scissors (222).npy
scissors,scissors,scissors-set2 (208),train,./dataset/skeleton_final_v2/scissors/scissors-set2 (208).npy,./batch_scissors/fitted/scissors-set2 (208).npy
thumb,thumbdown,thumbdown_6049,train,./dataset/skeleton_final_v2/thumbdown/thumbdown_6049.npy,./data/salux_refined_6cls/thumb_sources/thumbdown/fitted/thumbdown_6049.npy
paper,paper,paper_6698,train,./dataset/skeleton_final_v2/paper/paper_6698.npy,./batch_paper/fitted/paper_6698.npy
scissors,scissors,scissors_6548,train,./dataset/skeleton_final_v2/scissors/scissors_6548.npy,./batch_scissors/fitted/scissors_6548.npy
the-finger,the-finger,the-finger_3460,train,./dataset/skeleton_final_v2/the-finger/the-finger_3460.npy,./batch_thefinger/fitted/the-finger_3460.npy
the-finger,the-finger,the-finger (161),train,./dataset/skeleton_final_v2/the-finger/the-finger (161).npy,./batch_thefinger/fitted/the-finger (161).npy
ok,ok,ok (226),train,./dataset/skeleton_final_v2/ok/ok (226).npy,./batch_ok/fitted/ok (226).npy
thumb,thumbup,thumbup (211),train,./dataset/skeleton_final_v2/thumbup/thumbup (211).npy,./data/salux_refined_6cls/thumb_sources/thumbup/fitted/thumbup (211).npy
paper,paper,paper-set2 (413),train,./dataset/skeleton_final_v2/paper/paper-set2 (413).npy,./batch_paper/fitted/paper-set2 (413).npy
paper,paper,paper-set2 (457),train,./dataset/skeleton_final_v2/paper/paper-set2 (457).npy,./batch_paper/fitted/paper-set2 (457).npy
rock,rock,rock_679,train,./dataset/skeleton_final_v2/rock/rock_679.npy,./batch_rock/fitted/rock_679.npy
ok,ok,ok_Set2_ (141),train,./dataset/skeleton_final_v2/ok/ok_Set2_ (141).npy,./batch_ok/fitted/ok_Set2_ (141).npy
paper,paper,paper-set2 (173),train,./dataset/skeleton_final_v2/paper/paper-set2 (173).npy,./batch_paper/fitted/paper-set2 (173).npy
thumb,thumbup,thumbup_7198,train,./dataset/skeleton_final_v2/thumbup/thumbup_7198.npy,./data/salux_refined_6cls/thumb_sources/thumbup/fitted/thumbup_7198.npy
the-finger,the-finger,the-finger-set2 (298),train,./dataset/skeleton_final_v2/the-finger/the-finger-set2 (298).npy,./batch_thefinger/fitted/the-finger-set2 (298).npy
scissors,scissors,scissors-set2 (78),train,./dataset/skeleton_final_v2/scissors/scissors-set2 (78).npy,./batch_scissors/fitted/scissors-set2 (78).npy
ok,ok,ok (256),train,./dataset/skeleton_final_v2/ok/ok (256).npy,./batch_ok/fitted/ok (256).npy
ok,ok,ok (238),train,./dataset/skeleton_final_v2/ok/ok (238).npy,./batch_ok/fitted/ok (238).npy
paper,paper,paper (131),train,./dataset/skeleton_final_v2/paper/paper (131).npy,./batch_paper/fitted/paper (131).npy
ok,ok,ok_Set2_ (213),train,./dataset/skeleton_final_v2/ok/ok_Set2_ (213).npy,./batch_ok/fitted/ok_Set2_ (213).npy
paper,paper,paper-set2 (286),train,./dataset/skeleton_final_v2/paper/paper-set2 (286).npy,./batch_paper/fitted/paper-set2 (286).npy
thumb,thumbdown,thumbdown_4327,train,./dataset/skeleton_final_v2/thumbdown/thumbdown_4327.npy,./data/salux_refined_6cls/thumb_sources/thumbdown/fitted/thumbdown_4327.npy
paper,paper,paper (157),train,./dataset/skeleton_final_v2/paper/paper (157).npy,./batch_paper/fitted/paper (157).npy
the-finger,the-finger,the-finger_596,train,./dataset/skeleton_final_v2/the-finger/the-finger_596.npy,./batch_thefinger/fitted/the-finger_596.npy
thumb,thumbup,thumbup (280),train,./dataset/skeleton_final_v2/thumbup/thumbup (280).npy,./data/salux_refined_6cls/thumb_sources/thumbup/fitted/thumbup (280).npy
ok,ok,ok_5522,train,./dataset/skeleton_final_v2/ok/ok_5522.npy,./batch_ok/fitted/ok_5522.npy
thumb,thumbup,thumbup (287),train,./dataset/skeleton_final_v2/thumbup/thumbup (287).npy,./data/salux_refined_6cls/thumb_sources/thumbup/fitted/thumbup (287).npy
the-finger,the-finger,the-finger_1738,train,./dataset/skeleton_final_v2/the-finger/the-finger_1738.npy,./batch_thefinger/fitted/the-finger_1738.npy
paper,paper,paper-set2 (447),train,./dataset/skeleton_final_v2/paper/paper-set2 (447).npy,./batch_paper/fitted/paper-set2 (447).npy
paper,paper,paper_5470,train,./dataset/skeleton_final_v2/paper/paper_5470.npy,./batch_paper/fitted/paper_5470.npy
thumb,thumbup,thumbup (156),train,./dataset/skeleton_final_v2/thumbup/thumbup (156).npy,./data/salux_refined_6cls/thumb_sources/thumbup/fitted/thumbup (156).npy
scissors,scissors,scissors (236),train,./dataset/skeleton_final_v2/scissors/scissors (236).npy,./batch_scissors/fitted/scissors (236).npy
scissors,scissors,scissors-set2 (376),train,./dataset/skeleton_final_v2/scissors/scissors-set2 (376).npy,./batch_scissors/fitted/scissors-set2 (376).npy
rock,rock,rock_699,train,./dataset/skeleton_final_v2/rock/rock_699.npy,./batch_rock/fitted/rock_699.npy
scissors,scissors,scissors-set2 (119),train,./dataset/skeleton_final_v2/scissors/scissors-set2 (119).npy,./batch_scissors/fitted/scissors-set2 (119).npy
ok,ok,ok_Set2_ (458),train,./dataset/skeleton_final_v2/ok/ok_Set2_ (458).npy,./batch_ok/fitted/ok_Set2_ (458).npy
thumb,thumbdown,hand-9-2075,train,./dataset/skeleton_final_v2/thumbdown/hand-9-2075.npy,./data/salux_refined_6cls/thumb_sources/thumbdown/fitted/hand-9-2075.npy
scissors,scissors,scissors (47),train,./dataset/skeleton_final_v2/scissors/scissors (47).npy,./batch_scissors/fitted/scissors (47).npy
thumb,thumbup,thumbup_6213,train,./dataset/skeleton_final_v2/thumbup/thumbup_6213.npy,./data/salux_refined_6cls/thumb_sources/thumbup/fitted/thumbup_6213.npy
paper,paper,paper (199),train,./dataset/skeleton_final_v2/paper/paper (199).npy,./batch_paper/fitted/paper (199).npy
thumb,thumbup,thumbup_7714,train,./dataset/skeleton_final_v2/thumbup/thumbup_7714.npy,./data/salux_refined_6cls/thumb_sources/thumbup/fitted/thumbup_7714.npy
the-finger,the-finger,the-finger (49),train,./dataset/skeleton_final_v2/the-finger/the-finger (49).npy,./batch_thefinger/fitted/the-finger (49).npy
ok,ok,ok_Set2_ (472),train,./dataset/skeleton_final_v2/ok/ok_Set2_ (472).npy,./batch_ok/fitted/ok_Set2_ (472).npy
paper,paper,paper_3748,train,./dataset/skeleton_final_v2/paper/paper_3748.npy,./batch_paper/fitted/paper_3748.npy
ok,ok,ok_Set2_ (249),train,./dataset/skeleton_final_v2/ok/ok_Set2_ (249).npy,./batch_ok/fitted/ok_Set2_ (249).npy
scissors,scissors,scissors (407),train,./dataset/skeleton_final_v2/scissors/scissors (407).npy,./batch_scissors/fitted/scissors (407).npy
thumb,thumbup,hand-10-2585,train,./dataset/skeleton_final_v2/thumbup/hand-10-2585.npy,./data/salux_refined_6cls/thumb_sources/thumbup/fitted/hand-10-2585.npy
scissors,scissors,scissors (89),train,./dataset/skeleton_final_v2/scissors/scissors (89).npy,./batch_scissors/fitted/scissors (89).npy
thumb,thumbup,thumbup (226),train,./dataset/skeleton_final_v2/thumbup/thumbup (226).npy,./data/salux_refined_6cls/thumb_sources/thumbup/fitted/thumbup (226).npy
paper,paper,paper-set2 (292),train,./dataset/skeleton_final_v2/paper/paper-set2 (292).npy,./batch_paper/fitted/paper-set2 (292).npy
rock,rock,rock-set2 (581),train,./dataset/skeleton_final_v2/rock/rock-set2 (581).npy,./batch_rock/fitted/rock-set2 (581).npy
thumb,thumbup,hand-9-1665,train,./dataset/skeleton_final_v2/thumbup/hand-9-1665.npy,./data/salux_refined_6cls/thumb_sources/thumbup/fitted/hand-9-1665.npy
ok,ok,ok_Set2_ (46),train,./dataset/skeleton_final_v2/ok/ok_Set2_ (46).npy,./batch_ok/fitted/ok_Set2_ (46).npy
paper,paper,paper_3809,train,./dataset/skeleton_final_v2/paper/paper_3809.npy,./batch_paper/fitted/paper_3809.npy
thumb,thumbdown,hand-7-1625,train,./dataset/skeleton_final_v2/thumbdown/hand-7-1625.npy,./data/salux_refined_6cls/thumb_sources/thumbdown/fitted/hand-7-1625.npy
the-finger,the-finger,the-finger_6291,train,./dataset/skeleton_final_v2/the-finger/the-finger_6291.npy,./batch_thefinger/fitted/the-finger_6291.npy
ok,ok,ok (92),train,./dataset/skeleton_final_v2/ok/ok (92).npy,./batch_ok/fitted/ok (92).npy
scissors,scissors,scissors (181),train,./dataset/skeleton_final_v2/scissors/scissors (181).npy,./batch_scissors/fitted/scissors (181).npy
scissors,scissors,scissors-set2 (314),train,./dataset/skeleton_final_v2/scissors/scissors-set2 (314).npy,./batch_scissors/fitted/scissors-set2 (314).npy
thumb,thumbdown,thumbdown_2173,train,./dataset/skeleton_final_v2/thumbdown/thumbdown_2173.npy,./data/salux_refined_6cls/thumb_sources/thumbdown/fitted/thumbdown_2173.npy
paper,paper,paper_3643,train,./dataset/skeleton_final_v2/paper/paper_3643.npy,./batch_paper/fitted/paper_3643.npy
the-finger,the-finger,the-finger-set2 (280),train,./dataset/skeleton_final_v2/the-finger/the-finger-set2 (280).npy,./batch_thefinger/fitted/the-finger-set2 (280).npy
the-finger,the-finger,the-finger_6464,train,./dataset/skeleton_final_v2/the-finger/the-finger_6464.npy,./batch_thefinger/fitted/the-finger_6464.npy
ok,ok,ok_790,train,./dataset/skeleton_final_v2/ok/ok_790.npy,./batch_ok/fitted/ok_790.npy
ok,ok,ok_Set2_ (250),train,./dataset/skeleton_final_v2/ok/ok_Set2_ (250).npy,./batch_ok/fitted/ok_Set2_ (250).npy
thumb,thumbup,hand-8-3530,train,./dataset/skeleton_final_v2/thumbup/hand-8-3530.npy,./data/salux_refined_6cls/thumb_sources/thumbup/fitted/hand-8-3530.npy
paper,paper,paper-set2 (82),train,./dataset/skeleton_final_v2/paper/paper-set2 (82).npy,./batch_paper/fitted/paper-set2 (82).npy
paper,paper,paper_1820,train,./dataset/skeleton_final_v2/paper/paper_1820.npy,./batch_paper/fitted/paper_1820.npy
paper,paper,paper (98),train,./dataset/skeleton_final_v2/paper/paper (98).npy,./batch_paper/fitted/paper (98).npy
thumb,thumbup,thumbup (186),train,./dataset/skeleton_final_v2/thumbup/thumbup (186).npy,./data/salux_refined_6cls/thumb_sources/thumbup/fitted/thumbup (186).npy
the-finger,the-finger,the-finger-set2 (285),train,./dataset/skeleton_final_v2/the-finger/the-finger-set2 (285).npy,./batch_thefinger/fitted/the-finger-set2 (285).npy
paper,paper,paper_718,train,./dataset/skeleton_final_v2/paper/paper_718.npy,./batch_paper/fitted/paper_718.npy
thumb,thumbup,thumbup_5810,train,./dataset/skeleton_final_v2/thumbup/thumbup_5810.npy,./data/salux_refined_6cls/thumb_sources/thumbup/fitted/thumbup_5810.npy
the-finger,the-finger,the-finger_6461,train,./dataset/skeleton_final_v2/the-finger/the-finger_6461.npy,./batch_thefinger/fitted/the-finger_6461.npy
paper,paper,paper-set2 (195),train,./dataset/skeleton_final_v2/paper/paper-set2 (195).npy,./batch_paper/fitted/paper-set2 (195).npy
the-finger,the-finger,the-finger_895,train,./dataset/skeleton_final_v2/the-finger/the-finger_895.npy,./batch_thefinger/fitted/the-finger_895.npy
scissors,scissors,scissors-set2 (288),train,./dataset/skeleton_final_v2/scissors/scissors-set2 (288).npy,./batch_scissors/fitted/scissors-set2 (288).npy
scissors,scissors,scissors_1119,train,./dataset/skeleton_final_v2/scissors/scissors_1119.npy,./batch_scissors/fitted/scissors_1119.npy
paper,paper,paper (92),train,./dataset/skeleton_final_v2/paper/paper (92).npy,./batch_paper/fitted/paper (92).npy
paper,paper,paper_4577,train,./dataset/skeleton_final_v2/paper/paper_4577.npy,./batch_paper/fitted/paper_4577.npy
paper,paper,paper_5128,train,./dataset/skeleton_final_v2/paper/paper_5128.npy,./batch_paper/fitted/paper_5128.npy
thumb,thumbdown,hand-7-1695,train,./dataset/skeleton_final_v2/thumbdown/hand-7-1695.npy,./data/salux_refined_6cls/thumb_sources/thumbdown/fitted/hand-7-1695.npy
thumb,thumbdown,hand-9-2030,train,./dataset/skeleton_final_v2/thumbdown/hand-9-2030.npy,./data/salux_refined_6cls/thumb_sources/thumbdown/fitted/hand-9-2030.npy
rock,rock,rock_14,train,./dataset/skeleton_final_v2/rock/rock_14.npy,./batch_rock/fitted/rock_14.npy
paper,paper,paper_1037,train,./dataset/skeleton_final_v2/paper/paper_1037.npy,./batch_paper/fitted/paper_1037.npy
scissors,scissors,scissors_7355,train,./dataset/skeleton_final_v2/scissors/scissors_7355.npy,./batch_scissors/fitted/scissors_7355.npy
rock,rock,rock-set2 (17),train,./dataset/skeleton_final_v2/rock/rock-set2 (17).npy,./batch_rock/fitted/rock-set2 (17).npy
ok,ok,ok_7689,train,./dataset/skeleton_final_v2/ok/ok_7689.npy,./batch_ok/fitted/ok_7689.npy
thumb,thumbdown,thumbdown (31),train,./dataset/skeleton_final_v2/thumbdown/thumbdown (31).npy,./data/salux_refined_6cls/thumb_sources/thumbdown/fitted/thumbdown (31).npy
the-finger,the-finger,the-finger-set2 (337),train,./dataset/skeleton_final_v2/the-finger/the-finger-set2 (337).npy,./batch_thefinger/fitted/the-finger-set2 (337).npy
thumb,thumbdown,thumbdown (294),train,./dataset/skeleton_final_v2/thumbdown/thumbdown (294).npy,./data/salux_refined_6cls/thumb_sources/thumbdown/fitted/thumbdown (294).npy
paper,paper,paper-set2 (493),train,./dataset/skeleton_final_v2/paper/paper-set2 (493).npy,./batch_paper/fitted/paper-set2 (493).npy
scissors,scissors,scissors-set2 (32),train,./dataset/skeleton_final_v2/scissors/scissors-set2 (32).npy,./batch_scissors/fitted/scissors-set2 (32).npy
the-finger,the-finger,the-finger_6072,train,./dataset/skeleton_final_v2/the-finger/the-finger_6072.npy,./batch_thefinger/fitted/the-finger_6072.npy
scissors,scissors,scissors-set2 (206),train,./dataset/skeleton_final_v2/scissors/scissors-set2 (206).npy,./batch_scissors/fitted/scissors-set2 (206).npy
paper,paper,paper-set2 (25),train,./dataset/skeleton_final_v2/paper/paper-set2 (25).npy,./batch_paper/fitted/paper-set2 (25).npy
thumb,thumbdown,thumbdown_4410,train,./dataset/skeleton_final_v2/thumbdown/thumbdown_4410.npy,./data/salux_refined_6cls/thumb_sources/thumbdown/fitted/thumbdown_4410.npy
paper,paper,paper_8750,train,./dataset/skeleton_final_v2/paper/paper_8750.npy,./batch_paper/fitted/paper_8750.npy
paper,paper,paper-set2 (427),train,./dataset/skeleton_final_v2/paper/paper-set2 (427).npy,./batch_paper/fitted/paper-set2 (427).npy
thumb,thumbup,thumbup (112),train,./dataset/skeleton_final_v2/thumbup/thumbup (112).npy,./data/salux_refined_6cls/thumb_sources/thumbup/fitted/thumbup (112).npy
ok,ok,ok_Set2_ (116),train,./dataset/skeleton_final_v2/ok/ok_Set2_ (116).npy,./batch_ok/fitted/ok_Set2_ (116).npy
paper,paper,paper (270),train,./dataset/skeleton_final_v2/paper/paper (270).npy,./batch_paper/fitted/paper (270).npy
paper,paper,paper_732,train,./dataset/skeleton_final_v2/paper/paper_732.npy,./batch_paper/fitted/paper_732.npy
paper,paper,paper_3779,train,./dataset/skeleton_final_v2/paper/paper_3779.npy,./batch_paper/fitted/paper_3779.npy
paper,paper,paper (230),train,./dataset/skeleton_final_v2/paper/paper (230).npy,./batch_paper/fitted/paper (230).npy
thumb,thumbup,thumbup (131),train,./dataset/skeleton_final_v2/thumbup/thumbup (131).npy,./data/salux_refined_6cls/thumb_sources/thumbup/fitted/thumbup (131).npy
paper,paper,paper-set2 (176),train,./dataset/skeleton_final_v2/paper/paper-set2 (176).npy,./batch_paper/fitted/paper-set2 (176).npy
scissors,scissors,scissors_4644,train,./dataset/skeleton_final_v2/scissors/scissors_4644.npy,./batch_scissors/fitted/scissors_4644.npy
scissors,scissors,scissors-set2 (594),train,./dataset/skeleton_final_v2/scissors/scissors-set2 (594).npy,./batch_scissors/fitted/scissors-set2 (594).npy
thumb,thumbup,thumbup (391),train,./dataset/skeleton_final_v2/thumbup/thumbup (391).npy,./data/salux_refined_6cls/thumb_sources/thumbup/fitted/thumbup (391).npy
thumb,thumbup,thumbup_7031,train,./dataset/skeleton_final_v2/thumbup/thumbup_7031.npy,./data/salux_refined_6cls/thumb_sources/thumbup/fitted/thumbup_7031.npy
paper,paper,paper-set2 (77),train,./dataset/skeleton_final_v2/paper/paper-set2 (77).npy,./batch_paper/fitted/paper-set2 (77).npy
paper,paper,paper_4579,train,./dataset/skeleton_final_v2/paper/paper_4579.npy,./batch_paper/fitted/paper_4579.npy
scissors,scissors,scissors (246),train,./dataset/skeleton_final_v2/scissors/scissors (246).npy,./batch_scissors/fitted/scissors (246).npy
ok,ok,ok_Set2_ (431),train,./dataset/skeleton_final_v2/ok/ok_Set2_ (431).npy,./batch_ok/fitted/ok_Set2_ (431).npy
scissors,scissors,scissors-set2 (574),train,./dataset/skeleton_final_v2/scissors/scissors-set2 (574).npy,./batch_scissors/fitted/scissors-set2 (574).npy
thumb,thumbdown,hand-8-1915,train,./dataset/skeleton_final_v2/thumbdown/hand-8-1915.npy,./data/salux_refined_6cls/thumb_sources/thumbdown/fitted/hand-8-1915.npy
the-finger,the-finger,the-finger-set2 (269),train,./dataset/skeleton_final_v2/the-finger/the-finger-set2 (269).npy,./batch_thefinger/fitted/the-finger-set2 (269).npy
paper,paper,paper-set2 (406),train,./dataset/skeleton_final_v2/paper/paper-set2 (406).npy,./batch_paper/fitted/paper-set2 (406).npy
the-finger,the-finger,the-finger-set2 (100),train,./dataset/skeleton_final_v2/the-finger/the-finger-set2 (100).npy,./batch_thefinger/fitted/the-finger-set2 (100).npy
thumb,thumbup,thumbup_2045,train,./dataset/skeleton_final_v2/thumbup/thumbup_2045.npy,./data/salux_refined_6cls/thumb_sources/thumbup/fitted/thumbup_2045.npy
ok,ok,ok_5951,train,./dataset/skeleton_final_v2/ok/ok_5951.npy,./batch_ok/fitted/ok_5951.npy
scissors,scissors,scissors-set2 (335),train,./dataset/skeleton_final_v2/scissors/scissors-set2 (335).npy,./batch_scissors/fitted/scissors-set2 (335).npy
paper,paper,paper-set2 (400),train,./dataset/skeleton_final_v2/paper/paper-set2 (400).npy,./batch_paper/fitted/paper-set2 (400).npy
scissors,scissors,scissors-set2 (563),train,./dataset/skeleton_final_v2/scissors/scissors-set2 (563).npy,./batch_scissors/fitted/scissors-set2 (563).npy
thumb,thumbup,thumbup_833,train,./dataset/skeleton_final_v2/thumbup/thumbup_833.npy,./data/salux_refined_6cls/thumb_sources/thumbup/fitted/thumbup_833.npy
scissors,scissors,scissors_5220,train,./dataset/skeleton_final_v2/scissors/scissors_5220.npy,./batch_scissors/fitted/scissors_5220.npy
thumb,thumbdown,thumbdown_5831,train,./dataset/skeleton_final_v2/thumbdown/thumbdown_5831.npy,./data/salux_refined_6cls/thumb_sources/thumbdown/fitted/thumbdown_5831.npy
scissors,scissors,scissors_49,train,./dataset/skeleton_final_v2/scissors/scissors_49.npy,./batch_scissors/fitted/scissors_49.npy
ok,ok,ok_4989,train,./dataset/skeleton_final_v2/ok/ok_4989.npy,./batch_ok/fitted/ok_4989.npy
paper,paper,paper_9142,train,./dataset/skeleton_final_v2/paper/paper_9142.npy,./batch_paper/fitted/paper_9142.npy
paper,paper,paper-set2 (120),train,./dataset/skeleton_final_v2/paper/paper-set2 (120).npy,./batch_paper/fitted/paper-set2 (120).npy
paper,paper,paper_7591,train,./dataset/skeleton_final_v2/paper/paper_7591.npy,./batch_paper/fitted/paper_7591.npy
thumb,thumbdown,thumbdown (81),train,./dataset/skeleton_final_v2/thumbdown/thumbdown (81).npy,./data/salux_refined_6cls/thumb_sources/thumbdown/fitted/thumbdown (81).npy
thumb,thumbup,thumbup (75),train,./dataset/skeleton_final_v2/thumbup/thumbup (75).npy,./data/salux_refined_6cls/thumb_sources/thumbup/fitted/thumbup (75).npy
paper,paper,paper (172),train,./dataset/skeleton_final_v2/paper/paper (172).npy,./batch_paper/fitted/paper (172).npy
thumb,thumbup,thumbup (321),train,./dataset/skeleton_final_v2/thumbup/thumbup (321).npy,./data/salux_refined_6cls/thumb_sources/thumbup/fitted/thumbup (321).npy
ok,ok,ok_6994,train,./dataset/skeleton_final_v2/ok/ok_6994.npy,./batch_ok/fitted/ok_6994.npy
paper,paper,paper_7324,train,./dataset/skeleton_final_v2/paper/paper_7324.npy,./batch_paper/fitted/paper_7324.npy
thumb,thumbup,hand-7-1435,train,./dataset/skeleton_final_v2/thumbup/hand-7-1435.npy,./data/salux_refined_6cls/thumb_sources/thumbup/fitted/hand-7-1435.npy
paper,paper,paper-set2 (445),train,./dataset/skeleton_final_v2/paper/paper-set2 (445).npy,./batch_paper/fitted/paper-set2 (445).npy
the-finger,the-finger,the-finger_604,train,./dataset/skeleton_final_v2/the-finger/the-finger_604.npy,./batch_thefinger/fitted/the-finger_604.npy
scissors,scissors,scissors_2718,train,./dataset/skeleton_final_v2/scissors/scissors_2718.npy,./batch_scissors/fitted/scissors_2718.npy
ok,ok,ok_7009,train,./dataset/skeleton_final_v2/ok/ok_7009.npy,./batch_ok/fitted/ok_7009.npy
scissors,scissors,scissors-set2 (629),train,./dataset/skeleton_final_v2/scissors/scissors-set2 (629).npy,./batch_scissors/fitted/scissors-set2 (629).npy
ok,ok,ok_Set2_ (514),train,./dataset/skeleton_final_v2/ok/ok_Set2_ (514).npy,./batch_ok/fitted/ok_Set2_ (514).npy
paper,paper,paper_5469,train,./dataset/skeleton_final_v2/paper/paper_5469.npy,./batch_paper/fitted/paper_5469.npy
paper,paper,paper_5152,train,./dataset/skeleton_final_v2/paper/paper_5152.npy,./batch_paper/fitted/paper_5152.npy
thumb,thumbup,thumbup_104,train,./dataset/skeleton_final_v2/thumbup/thumbup_104.npy,./data/salux_refined_6cls/thumb_sources/thumbup/fitted/thumbup_104.npy
paper,paper,paper-set2 (146),train,./dataset/skeleton_final_v2/paper/paper-set2 (146).npy,./batch_paper/fitted/paper-set2 (146).npy
rock,rock,rock (92),train,./dataset/skeleton_final_v2/rock/rock (92).npy,./batch_rock/fitted/rock (92).npy
paper,paper,paper-set2 (199),train,./dataset/skeleton_final_v2/paper/paper-set2 (199).npy,./batch_paper/fitted/paper-set2 (199).npy
thumb,thumbup,hand-7-1310,train,./dataset/skeleton_final_v2/thumbup/hand-7-1310.npy,./data/salux_refined_6cls/thumb_sources/thumbup/fitted/hand-7-1310.npy
the-finger,the-finger,the-finger_6457,train,./dataset/skeleton_final_v2/the-finger/the-finger_6457.npy,./batch_thefinger/fitted/the-finger_6457.npy
rock,rock,rock (98),train,./dataset/skeleton_final_v2/rock/rock (98).npy,./batch_rock/fitted/rock (98).npy
paper,paper,paper-set2 (258),train,./dataset/skeleton_final_v2/paper/paper-set2 (258).npy,./batch_paper/fitted/paper-set2 (258).npy
thumb,thumbup,thumbup (484),train,./dataset/skeleton_final_v2/thumbup/thumbup (484).npy,./data/salux_refined_6cls/thumb_sources/thumbup/fitted/thumbup (484).npy
scissors,scissors,scissors_2647,train,./dataset/skeleton_final_v2/scissors/scissors_2647.npy,./batch_scissors/fitted/scissors_2647.npy
the-finger,the-finger,the-finger_7836,train,./dataset/skeleton_final_v2/the-finger/the-finger_7836.npy,./batch_thefinger/fitted/the-finger_7836.npy
scissors,scissors,scissors (285),train,./dataset/skeleton_final_v2/scissors/scissors (285).npy,./batch_scissors/fitted/scissors (285).npy
scissors,scissors,scissors_5920,train,./dataset/skeleton_final_v2/scissors/scissors_5920.npy,./batch_scissors/fitted/scissors_5920.npy
thumb,thumbup,thumbup (167),train,./dataset/skeleton_final_v2/thumbup/thumbup (167).npy,./data/salux_refined_6cls/thumb_sources/thumbup/fitted/thumbup (167).npy
rock,rock,rock-set2 (48),train,./dataset/skeleton_final_v2/rock/rock-set2 (48).npy,./batch_rock/fitted/rock-set2 (48).npy
thumb,thumbdown,thumbdown_5581,train,./dataset/skeleton_final_v2/thumbdown/thumbdown_5581.npy,./data/salux_refined_6cls/thumb_sources/thumbdown/fitted/thumbdown_5581.npy
the-finger,the-finger,the-finger (79),train,./dataset/skeleton_final_v2/the-finger/the-finger (79).npy,./batch_thefinger/fitted/the-finger (79).npy
thumb,thumbdown,thumbdown_7236,train,./dataset/skeleton_final_v2/thumbdown/thumbdown_7236.npy,./data/salux_refined_6cls/thumb_sources/thumbdown/fitted/thumbdown_7236.npy
thumb,thumbup,thumbup (299),train,./dataset/skeleton_final_v2/thumbup/thumbup (299).npy,./data/salux_refined_6cls/thumb_sources/thumbup/fitted/thumbup (299).npy
the-finger,the-finger,the-finger_5841,train,./dataset/skeleton_final_v2/the-finger/the-finger_5841.npy,./batch_thefinger/fitted/the-finger_5841.npy
scissors,scissors,scissors_5494,train,./dataset/skeleton_final_v2/scissors/scissors_5494.npy,./batch_scissors/fitted/scissors_5494.npy
thumb,thumbup,hand-9-1600,train,./dataset/skeleton_final_v2/thumbup/hand-9-1600.npy,./data/salux_refined_6cls/thumb_sources/thumbup/fitted/hand-9-1600.npy
ok,ok,ok_Set2_ (442),train,./dataset/skeleton_final_v2/ok/ok_Set2_ (442).npy,./batch_ok/fitted/ok_Set2_ (442).npy
the-finger,the-finger,the-finger-set2 (203),train,./dataset/skeleton_final_v2/the-finger/the-finger-set2 (203).npy,./batch_thefinger/fitted/the-finger-set2 (203).npy
scissors,scissors,scissors_2655,train,./dataset/skeleton_final_v2/scissors/scissors_2655.npy,./batch_scissors/fitted/scissors_2655.npy
scissors,scissors,scissors-set2 (77),train,./dataset/skeleton_final_v2/scissors/scissors-set2 (77).npy,./batch_scissors/fitted/scissors-set2 (77).npy
scissors,scissors,scissors_6556,train,./dataset/skeleton_final_v2/scissors/scissors_6556.npy,./batch_scissors/fitted/scissors_6556.npy
paper,paper,paper-set2 (162),train,./dataset/skeleton_final_v2/paper/paper-set2 (162).npy,./batch_paper/fitted/paper-set2 (162).npy
scissors,scissors,scissors-set2 (27),train,./dataset/skeleton_final_v2/scissors/scissors-set2 (27).npy,./batch_scissors/fitted/scissors-set2 (27).npy
ok,ok,ok_Set2_ (70),train,./dataset/skeleton_final_v2/ok/ok_Set2_ (70).npy,./batch_ok/fitted/ok_Set2_ (70).npy
rock,rock,rock-set2 (55),train,./dataset/skeleton_final_v2/rock/rock-set2 (55).npy,./batch_rock/fitted/rock-set2 (55).npy
scissors,scissors,scissors (214),train,./dataset/skeleton_final_v2/scissors/scissors (214).npy,./batch_scissors/fitted/scissors (214).npy
thumb,thumbdown,hand-8-3890,train,./dataset/skeleton_final_v2/thumbdown/hand-8-3890.npy,./data/salux_refined_6cls/thumb_sources/thumbdown/fitted/hand-8-3890.npy
ok,ok,ok_781,train,./dataset/skeleton_final_v2/ok/ok_781.npy,./batch_ok/fitted/ok_781.npy
rock,rock,rock-set2 (347),train,./dataset/skeleton_final_v2/rock/rock-set2 (347).npy,./batch_rock/fitted/rock-set2 (347).npy
ok,ok,ok_Set2_ (422),train,./dataset/skeleton_final_v2/ok/ok_Set2_ (422).npy,./batch_ok/fitted/ok_Set2_ (422).npy
rock,rock,rock-set2 (218),train,./dataset/skeleton_final_v2/rock/rock-set2 (218).npy,./batch_rock/fitted/rock-set2 (218).npy
scissors,scissors,scissors-set2 (246),train,./dataset/skeleton_final_v2/scissors/scissors-set2 (246).npy,./batch_scissors/fitted/scissors-set2 (246).npy
thumb,thumbup,thumbup_831,train,./dataset/skeleton_final_v2/thumbup/thumbup_831.npy,./data/salux_refined_6cls/thumb_sources/thumbup/fitted/thumbup_831.npy
rock,rock,rock-set2 (434),train,./dataset/skeleton_final_v2/rock/rock-set2 (434).npy,./batch_rock/fitted/rock-set2 (434).npy
scissors,scissors,scissors (232),train,./dataset/skeleton_final_v2/scissors/scissors (232).npy,./batch_scissors/fitted/scissors (232).npy
scissors,scissors,scissors (60),train,./dataset/skeleton_final_v2/scissors/scissors (60).npy,./batch_scissors/fitted/scissors (60).npy
thumb,thumbdown,thumbdown (97),train,./dataset/skeleton_final_v2/thumbdown/thumbdown (97).npy,./data/salux_refined_6cls/thumb_sources/thumbdown/fitted/thumbdown (97).npy
ok,ok,ok_Set2_ (540),train,./dataset/skeleton_final_v2/ok/ok_Set2_ (540).npy,./batch_ok/fitted/ok_Set2_ (540).npy
paper,paper,paper-set2 (206),train,./dataset/skeleton_final_v2/paper/paper-set2 (206).npy,./batch_paper/fitted/paper-set2 (206).npy
thumb,thumbdown,thumbdown_2213,train,./dataset/skeleton_final_v2/thumbdown/thumbdown_2213.npy,./data/salux_refined_6cls/thumb_sources/thumbdown/fitted/thumbdown_2213.npy
thumb,thumbup,thumbup (98),train,./dataset/skeleton_final_v2/thumbup/thumbup (98).npy,./data/salux_refined_6cls/thumb_sources/thumbup/fitted/thumbup (98).npy
thumb,thumbup,thumbup_5792,train,./dataset/skeleton_final_v2/thumbup/thumbup_5792.npy,./data/salux_refined_6cls/thumb_sources/thumbup/fitted/thumbup_5792.npy
rock,rock,rock-set2 (168),train,./dataset/skeleton_final_v2/rock/rock-set2 (168).npy,./batch_rock/fitted/rock-set2 (168).npy
paper,paper,paper_708,train,./dataset/skeleton_final_v2/paper/paper_708.npy,./batch_paper/fitted/paper_708.npy
thumb,thumbup,hand-11-555,train,./dataset/skeleton_final_v2/thumbup/hand-11-555.npy,./data/salux_refined_6cls/thumb_sources/thumbup/fitted/hand-11-555.npy
paper,paper,paper-set2 (140),train,./dataset/skeleton_final_v2/paper/paper-set2 (140).npy,./batch_paper/fitted/paper-set2 (140).npy
ok,ok,ok_Set2_ (475),train,./dataset/skeleton_final_v2/ok/ok_Set2_ (475).npy,./batch_ok/fitted/ok_Set2_ (475).npy
ok,ok,ok_2497,train,./dataset/skeleton_final_v2/ok/ok_2497.npy,./batch_ok/fitted/ok_2497.npy
scissors,scissors,scissors-set2 (622),train,./dataset/skeleton_final_v2/scissors/scissors-set2 (622).npy,./batch_scissors/fitted/scissors-set2 (622).npy
thumb,thumbup,thumbup (12),train,./dataset/skeleton_final_v2/thumbup/thumbup (12).npy,./data/salux_refined_6cls/thumb_sources/thumbup/fitted/thumbup (12).npy
ok,ok,ok_1983,train,./dataset/skeleton_final_v2/ok/ok_1983.npy,./batch_ok/fitted/ok_1983.npy
ok,ok,ok (17),train,./dataset/skeleton_final_v2/ok/ok (17).npy,./batch_ok/fitted/ok (17).npy
thumb,thumbup,thumbup (315),train,./dataset/skeleton_final_v2/thumbup/thumbup (315).npy,./data/salux_refined_6cls/thumb_sources/thumbup/fitted/thumbup (315).npy
thumb,thumbup,thumbup_4174,train,./dataset/skeleton_final_v2/thumbup/thumbup_4174.npy,./data/salux_refined_6cls/thumb_sources/thumbup/fitted/thumbup_4174.npy
scissors,scissors,scissors (252),train,./dataset/skeleton_final_v2/scissors/scissors (252).npy,./batch_scissors/fitted/scissors (252).npy
ok,ok,ok (247),train,./dataset/skeleton_final_v2/ok/ok (247).npy,./batch_ok/fitted/ok (247).npy
scissors,scissors,scissors-set2 (446),train,./dataset/skeleton_final_v2/scissors/scissors-set2 (446).npy,./batch_scissors/fitted/scissors-set2 (446).npy
the-finger,the-finger,the-finger-set2 (187),train,./dataset/skeleton_final_v2/the-finger/the-finger-set2 (187).npy,./batch_thefinger/fitted/the-finger-set2 (187).npy
thumb,thumbup,hand-11-2255,train,./dataset/skeleton_final_v2/thumbup/hand-11-2255.npy,./data/salux_refined_6cls/thumb_sources/thumbup/fitted/hand-11-2255.npy
thumb,thumbdown,thumbdown (326),train,./dataset/skeleton_final_v2/thumbdown/thumbdown (326).npy,./data/salux_refined_6cls/thumb_sources/thumbdown/fitted/thumbdown (326).npy
scissors,scissors,scissors_410,train,./dataset/skeleton_final_v2/scissors/scissors_410.npy,./batch_scissors/fitted/scissors_410.npy
the-finger,the-finger,the-finger-set2 (238),train,./dataset/skeleton_final_v2/the-finger/the-finger-set2 (238).npy,./batch_thefinger/fitted/the-finger-set2 (238).npy
ok,ok,ok_2656,train,./dataset/skeleton_final_v2/ok/ok_2656.npy,./batch_ok/fitted/ok_2656.npy
scissors,scissors,scissors-set2 (42),train,./dataset/skeleton_final_v2/scissors/scissors-set2 (42).npy,./batch_scissors/fitted/scissors-set2 (42).npy
the-finger,the-finger,the-finger-set2 (270),train,./dataset/skeleton_final_v2/the-finger/the-finger-set2 (270).npy,./batch_thefinger/fitted/the-finger-set2 (270).npy
paper,paper,paper-set2 (462),train,./dataset/skeleton_final_v2/paper/paper-set2 (462).npy,./batch_paper/fitted/paper-set2 (462).npy
paper,paper,paper_5140,train,./dataset/skeleton_final_v2/paper/paper_5140.npy,./batch_paper/fitted/paper_5140.npy
thumb,thumbup,thumbup_110,train,./dataset/skeleton_final_v2/thumbup/thumbup_110.npy,./data/salux_refined_6cls/thumb_sources/thumbup/fitted/thumbup_110.npy
paper,paper,paper-set2 (470),train,./dataset/skeleton_final_v2/paper/paper-set2 (470).npy,./batch_paper/fitted/paper-set2 (470).npy
the-finger,the-finger,the-finger_5846,train,./dataset/skeleton_final_v2/the-finger/the-finger_5846.npy,./batch_thefinger/fitted/the-finger_5846.npy
paper,paper,paper_7940,train,./dataset/skeleton_final_v2/paper/paper_7940.npy,./batch_paper/fitted/paper_7940.npy
rock,rock,rock (232),train,./dataset/skeleton_final_v2/rock/rock (232).npy,./batch_rock/fitted/rock (232).npy
paper,paper,paper_6702,train,./dataset/skeleton_final_v2/paper/paper_6702.npy,./batch_paper/fitted/paper_6702.npy
the-finger,the-finger,the-finger-set2 (14),train,./dataset/skeleton_final_v2/the-finger/the-finger-set2 (14).npy,./batch_thefinger/fitted/the-finger-set2 (14).npy
paper,paper,paper-set2 (40),train,./dataset/skeleton_final_v2/paper/paper-set2 (40).npy,./batch_paper/fitted/paper-set2 (40).npy
scissors,scissors,scissors (243),train,./dataset/skeleton_final_v2/scissors/scissors (243).npy,./batch_scissors/fitted/scissors (243).npy
thumb,thumbup,thumbup (231),train,./dataset/skeleton_final_v2/thumbup/thumbup (231).npy,./data/salux_refined_6cls/thumb_sources/thumbup/fitted/thumbup (231).npy
ok,ok,ok_Set2_ (94),train,./dataset/skeleton_final_v2/ok/ok_Set2_ (94).npy,./batch_ok/fitted/ok_Set2_ (94).npy
scissors,scissors,scissors-set2 (226),train,./dataset/skeleton_final_v2/scissors/scissors-set2 (226).npy,./batch_scissors/fitted/scissors-set2 (226).npy
thumb,thumbup,hand-9-1680,train,./dataset/skeleton_final_v2/thumbup/hand-9-1680.npy,./data/salux_refined_6cls/thumb_sources/thumbup/fitted/hand-9-1680.npy
thumb,thumbup,thumbup (213),train,./dataset/skeleton_final_v2/thumbup/thumbup (213).npy,./data/salux_refined_6cls/thumb_sources/thumbup/fitted/thumbup (213).npy
paper,paper,paper-set2 (138),train,./dataset/skeleton_final_v2/paper/paper-set2 (138).npy,./batch_paper/fitted/paper-set2 (138).npy
the-finger,the-finger,the-finger-set2 (350),train,./dataset/skeleton_final_v2/the-finger/the-finger-set2 (350).npy,./batch_thefinger/fitted/the-finger-set2 (350).npy
ok,ok,ok (62),train,./dataset/skeleton_final_v2/ok/ok (62).npy,./batch_ok/fitted/ok (62).npy
scissors,scissors,scissors-set2 (40),train,./dataset/skeleton_final_v2/scissors/scissors-set2 (40).npy,./batch_scissors/fitted/scissors-set2 (40).npy
ok,ok,ok_7019,train,./dataset/skeleton_final_v2/ok/ok_7019.npy,./batch_ok/fitted/ok_7019.npy
thumb,thumbup,hand-11-570,train,./dataset/skeleton_final_v2/thumbup/hand-11-570.npy,./data/salux_refined_6cls/thumb_sources/thumbup/fitted/hand-11-570.npy
paper,paper,paper_7311,train,./dataset/skeleton_final_v2/paper/paper_7311.npy,./batch_paper/fitted/paper_7311.npy
scissors,scissors,scissors_6952,train,./dataset/skeleton_final_v2/scissors/scissors_6952.npy,./batch_scissors/fitted/scissors_6952.npy
scissors,scissors,scissors-set2 (212),train,./dataset/skeleton_final_v2/scissors/scissors-set2 (212).npy,./batch_scissors/fitted/scissors-set2 (212).npy
ok,ok,ok_4084,train,./dataset/skeleton_final_v2/ok/ok_4084.npy,./batch_ok/fitted/ok_4084.npy
the-finger,the-finger,the-finger_8652,train,./dataset/skeleton_final_v2/the-finger/the-finger_8652.npy,./batch_thefinger/fitted/the-finger_8652.npy
scissors,scissors,scissors-set2 (565),train,./dataset/skeleton_final_v2/scissors/scissors-set2 (565).npy,./batch_scissors/fitted/scissors-set2 (565).npy
scissors,scissors,scissors-set2 (365),train,./dataset/skeleton_final_v2/scissors/scissors-set2 (365).npy,./batch_scissors/fitted/scissors-set2 (365).npy
thumb,thumbup,thumbup_4176,train,./dataset/skeleton_final_v2/thumbup/thumbup_4176.npy,./data/salux_refined_6cls/thumb_sources/thumbup/fitted/thumbup_4176.npy
scissors,scissors,scissors-set2 (341),train,./dataset/skeleton_final_v2/scissors/scissors-set2 (341).npy,./batch_scissors/fitted/scissors-set2 (341).npy
scissors,scissors,scissors_9190,train,./dataset/skeleton_final_v2/scissors/scissors_9190.npy,./batch_scissors/fitted/scissors_9190.npy
paper,paper,paper_3642,train,./dataset/skeleton_final_v2/paper/paper_3642.npy,./batch_paper/fitted/paper_3642.npy
thumb,thumbdown,thumbdown_6831,train,./dataset/skeleton_final_v2/thumbdown/thumbdown_6831.npy,./data/salux_refined_6cls/thumb_sources/thumbdown/fitted/thumbdown_6831.npy
paper,paper,paper_6131,train,./dataset/skeleton_final_v2/paper/paper_6131.npy,./batch_paper/fitted/paper_6131.npy
thumb,thumbup,thumbup_6760,train,./dataset/skeleton_final_v2/thumbup/thumbup_6760.npy,./data/salux_refined_6cls/thumb_sources/thumbup/fitted/thumbup_6760.npy
ok,ok,ok_1931,train,./dataset/skeleton_final_v2/ok/ok_1931.npy,./batch_ok/fitted/ok_1931.npy
scissors,scissors,scissors-set2 (106),train,./dataset/skeleton_final_v2/scissors/scissors-set2 (106).npy,./batch_scissors/fitted/scissors-set2 (106).npy
paper,paper,paper_5172,train,./dataset/skeleton_final_v2/paper/paper_5172.npy,./batch_paper/fitted/paper_5172.npy
ok,ok,ok_6173,train,./dataset/skeleton_final_v2/ok/ok_6173.npy,./batch_ok/fitted/ok_6173.npy
paper,paper,paper-set2 (405),train,./dataset/skeleton_final_v2/paper/paper-set2 (405).npy,./batch_paper/fitted/paper-set2 (405).npy
paper,paper,paper-set2 (336),train,./dataset/skeleton_final_v2/paper/paper-set2 (336).npy,./batch_paper/fitted/paper-set2 (336).npy
rock,rock,rock-set2 (526),train,./dataset/skeleton_final_v2/rock/rock-set2 (526).npy,./batch_rock/fitted/rock-set2 (526).npy
scissors,scissors,scissors (172),train,./dataset/skeleton_final_v2/scissors/scissors (172).npy,./batch_scissors/fitted/scissors (172).npy
scissors,scissors,scissors_6728,train,./dataset/skeleton_final_v2/scissors/scissors_6728.npy,./batch_scissors/fitted/scissors_6728.npy
ok,ok,ok_Set2_ (569),train,./dataset/skeleton_final_v2/ok/ok_Set2_ (569).npy,./batch_ok/fitted/ok_Set2_ (569).npy
thumb,thumbup,thumbup_6779,train,./dataset/skeleton_final_v2/thumbup/thumbup_6779.npy,./data/salux_refined_6cls/thumb_sources/thumbup/fitted/thumbup_6779.npy
paper,paper,paper-set2 (483),train,./dataset/skeleton_final_v2/paper/paper-set2 (483).npy,./batch_paper/fitted/paper-set2 (483).npy
the-finger,the-finger,the-finger_2284,train,./dataset/skeleton_final_v2/the-finger/the-finger_2284.npy,./batch_thefinger/fitted/the-finger_2284.npy
the-finger,the-finger,the-finger-set2 (164),train,./dataset/skeleton_final_v2/the-finger/the-finger-set2 (164).npy,./batch_thefinger/fitted/the-finger-set2 (164).npy
ok,ok,ok_2876,train,./dataset/skeleton_final_v2/ok/ok_2876.npy,./batch_ok/fitted/ok_2876.npy
the-finger,the-finger,the-finger-set2 (180),train,./dataset/skeleton_final_v2/the-finger/the-finger-set2 (180).npy,./batch_thefinger/fitted/the-finger-set2 (180).npy
rock,rock,rock-set2 (58),train,./dataset/skeleton_final_v2/rock/rock-set2 (58).npy,./batch_rock/fitted/rock-set2 (58).npy
the-finger,the-finger,the-finger_7840,train,./dataset/skeleton_final_v2/the-finger/the-finger_7840.npy,./batch_thefinger/fitted/the-finger_7840.npy
scissors,scissors,scissors-set2 (482),train,./dataset/skeleton_final_v2/scissors/scissors-set2 (482).npy,./batch_scissors/fitted/scissors-set2 (482).npy
thumb,thumbup,thumbup_7410,train,./dataset/skeleton_final_v2/thumbup/thumbup_7410.npy,./data/salux_refined_6cls/thumb_sources/thumbup/fitted/thumbup_7410.npy
ok,ok,ok_5291,train,./dataset/skeleton_final_v2/ok/ok_5291.npy,./batch_ok/fitted/ok_5291.npy
ok,ok,ok_Set2_ (337),train,./dataset/skeleton_final_v2/ok/ok_Set2_ (337).npy,./batch_ok/fitted/ok_Set2_ (337).npy
thumb,thumbup,thumbup (392),train,./dataset/skeleton_final_v2/thumbup/thumbup (392).npy,./data/salux_refined_6cls/thumb_sources/thumbup/fitted/thumbup (392).npy
ok,ok,ok (82),train,./dataset/skeleton_final_v2/ok/ok (82).npy,./batch_ok/fitted/ok (82).npy
paper,paper,paper_6937,train,./dataset/skeleton_final_v2/paper/paper_6937.npy,./batch_paper/fitted/paper_6937.npy
paper,paper,paper_3681,train,./dataset/skeleton_final_v2/paper/paper_3681.npy,./batch_paper/fitted/paper_3681.npy
rock,rock,rock-set2 (6),train,./dataset/skeleton_final_v2/rock/rock-set2 (6).npy,./batch_rock/fitted/rock-set2 (6).npy
paper,paper,paper_5134,train,./dataset/skeleton_final_v2/paper/paper_5134.npy,./batch_paper/fitted/paper_5134.npy
thumb,thumbdown,hand-7-1685,train,./dataset/skeleton_final_v2/thumbdown/hand-7-1685.npy,./data/salux_refined_6cls/thumb_sources/thumbdown/fitted/hand-7-1685.npy
scissors,scissors,scissors (152),train,./dataset/skeleton_final_v2/scissors/scissors (152).npy,./batch_scissors/fitted/scissors (152).npy
scissors,scissors,scissors-set2 (210),train,./dataset/skeleton_final_v2/scissors/scissors-set2 (210).npy,./batch_scissors/fitted/scissors-set2 (210).npy
thumb,thumbdown,thumbdown (228),train,./dataset/skeleton_final_v2/thumbdown/thumbdown (228).npy,./data/salux_refined_6cls/thumb_sources/thumbdown/fitted/thumbdown (228).npy
thumb,thumbdown,thumbdown_5585,train,./dataset/skeleton_final_v2/thumbdown/thumbdown_5585.npy,./data/salux_refined_6cls/thumb_sources/thumbdown/fitted/thumbdown_5585.npy
thumb,thumbup,thumbup (113),train,./dataset/skeleton_final_v2/thumbup/thumbup (113).npy,./data/salux_refined_6cls/thumb_sources/thumbup/fitted/thumbup (113).npy
paper,paper,paper-set2 (151),train,./dataset/skeleton_final_v2/paper/paper-set2 (151).npy,./batch_paper/fitted/paper-set2 (151).npy
thumb,thumbup,thumbup (445),train,./dataset/skeleton_final_v2/thumbup/thumbup (445).npy,./data/salux_refined_6cls/thumb_sources/thumbup/fitted/thumbup (445).npy
ok,ok,ok_2882,train,./dataset/skeleton_final_v2/ok/ok_2882.npy,./batch_ok/fitted/ok_2882.npy
ok,ok,ok (29),train,./dataset/skeleton_final_v2/ok/ok (29).npy,./batch_ok/fitted/ok (29).npy
the-finger,the-finger,the-finger-set2 (300),train,./dataset/skeleton_final_v2/the-finger/the-finger-set2 (300).npy,./batch_thefinger/fitted/the-finger-set2 (300).npy
ok,ok,ok_1961,train,./dataset/skeleton_final_v2/ok/ok_1961.npy,./batch_ok/fitted/ok_1961.npy
scissors,scissors,scissors (304),train,./dataset/skeleton_final_v2/scissors/scissors (304).npy,./batch_scissors/fitted/scissors (304).npy
paper,paper,paper (84),train,./dataset/skeleton_final_v2/paper/paper (84).npy,./batch_paper/fitted/paper (84).npy
thumb,thumbup,thumbup (201),train,./dataset/skeleton_final_v2/thumbup/thumbup (201).npy,./data/salux_refined_6cls/thumb_sources/thumbup/fitted/thumbup (201).npy
the-finger,the-finger,the-finger_9050,train,./dataset/skeleton_final_v2/the-finger/the-finger_9050.npy,./batch_thefinger/fitted/the-finger_9050.npy
ok,ok,ok (185),train,./dataset/skeleton_final_v2/ok/ok (185).npy,./batch_ok/fitted/ok (185).npy
scissors,scissors,scissors-set2 (140),train,./dataset/skeleton_final_v2/scissors/scissors-set2 (140).npy,./batch_scissors/fitted/scissors-set2 (140).npy
the-finger,the-finger,the-finger-set2 (374),train,./dataset/skeleton_final_v2/the-finger/the-finger-set2 (374).npy,./batch_thefinger/fitted/the-finger-set2 (374).npy
thumb,thumbup,hand-7-1290,train,./dataset/skeleton_final_v2/thumbup/hand-7-1290.npy,./data/salux_refined_6cls/thumb_sources/thumbup/fitted/hand-7-1290.npy
scissors,scissors,scissors-set2 (678),train,./dataset/skeleton_final_v2/scissors/scissors-set2 (678).npy,./batch_scissors/fitted/scissors-set2 (678).npy
ok,ok,ok_Set2_ (448),train,./dataset/skeleton_final_v2/ok/ok_Set2_ (448).npy,./batch_ok/fitted/ok_Set2_ (448).npy
ok,ok,ok_5775,train,./dataset/skeleton_final_v2/ok/ok_5775.npy,./batch_ok/fitted/ok_5775.npy
paper,paper,paper (267),train,./dataset/skeleton_final_v2/paper/paper (267).npy,./batch_paper/fitted/paper (267).npy
scissors,scissors,scissors_5747,train,./dataset/skeleton_final_v2/scissors/scissors_5747.npy,./batch_scissors/fitted/scissors_5747.npy
scissors,scissors,scissors_6946,train,./dataset/skeleton_final_v2/scissors/scissors_6946.npy,./batch_scissors/fitted/scissors_6946.npy
thumb,thumbup,thumbup_517,train,./dataset/skeleton_final_v2/thumbup/thumbup_517.npy,./data/salux_refined_6cls/thumb_sources/thumbup/fitted/thumbup_517.npy
thumb,thumbup,thumbup_1702,train,./dataset/skeleton_final_v2/thumbup/thumbup_1702.npy,./data/salux_refined_6cls/thumb_sources/thumbup/fitted/thumbup_1702.npy
thumb,thumbdown,hand-11-675,train,./dataset/skeleton_final_v2/thumbdown/hand-11-675.npy,./data/salux_refined_6cls/thumb_sources/thumbdown/fitted/hand-11-675.npy
scissors,scissors,scissors-set2 (640),train,./dataset/skeleton_final_v2/scissors/scissors-set2 (640).npy,./batch_scissors/fitted/scissors-set2 (640).npy
thumb,thumbdown,thumbdown (72),train,./dataset/skeleton_final_v2/thumbdown/thumbdown (72).npy,./data/salux_refined_6cls/thumb_sources/thumbdown/fitted/thumbdown (72).npy
paper,paper,paper_8748,train,./dataset/skeleton_final_v2/paper/paper_8748.npy,./batch_paper/fitted/paper_8748.npy
ok,ok,ok (236),train,./dataset/skeleton_final_v2/ok/ok (236).npy,./batch_ok/fitted/ok (236).npy
thumb,thumbdown,thumbdown (264),train,./dataset/skeleton_final_v2/thumbdown/thumbdown (264).npy,./data/salux_refined_6cls/thumb_sources/thumbdown/fitted/thumbdown (264).npy
thumb,thumbdown,thumbdown (93),train,./dataset/skeleton_final_v2/thumbdown/thumbdown (93).npy,./data/salux_refined_6cls/thumb_sources/thumbdown/fitted/thumbdown (93).npy
paper,paper,paper (75),train,./dataset/skeleton_final_v2/paper/paper (75).npy,./batch_paper/fitted/paper (75).npy
thumb,thumbup,hand-8-1520,train,./dataset/skeleton_final_v2/thumbup/hand-8-1520.npy,./data/salux_refined_6cls/thumb_sources/thumbup/fitted/hand-8-1520.npy
ok,ok,ok (258),train,./dataset/skeleton_final_v2/ok/ok (258).npy,./batch_ok/fitted/ok (258).npy
the-finger,the-finger,the-finger-set2 (213),train,./dataset/skeleton_final_v2/the-finger/the-finger-set2 (213).npy,./batch_thefinger/fitted/the-finger-set2 (213).npy
the-finger,the-finger,the-finger-set2 (64),train,./dataset/skeleton_final_v2/the-finger/the-finger-set2 (64).npy,./batch_thefinger/fitted/the-finger-set2 (64).npy
ok,ok,ok_Set2_ (390),train,./dataset/skeleton_final_v2/ok/ok_Set2_ (390).npy,./batch_ok/fitted/ok_Set2_ (390).npy
scissors,scissors,scissors_2622,train,./dataset/skeleton_final_v2/scissors/scissors_2622.npy,./batch_scissors/fitted/scissors_2622.npy
paper,paper,paper_736,train,./dataset/skeleton_final_v2/paper/paper_736.npy,./batch_paper/fitted/paper_736.npy
thumb,thumbdown,hand-7-1620,train,./dataset/skeleton_final_v2/thumbdown/hand-7-1620.npy,./data/salux_refined_6cls/thumb_sources/thumbdown/fitted/hand-7-1620.npy
thumb,thumbup,thumbup_9340,train,./dataset/skeleton_final_v2/thumbup/thumbup_9340.npy,./data/salux_refined_6cls/thumb_sources/thumbup/fitted/thumbup_9340.npy
rock,rock,rock-set2 (525),train,./dataset/skeleton_final_v2/rock/rock-set2 (525).npy,./batch_rock/fitted/rock-set2 (525).npy
the-finger,the-finger,the-finger-set2 (434),train,./dataset/skeleton_final_v2/the-finger/the-finger-set2 (434).npy,./batch_thefinger/fitted/the-finger-set2 (434).npy
paper,paper,paper-set2 (430),train,./dataset/skeleton_final_v2/paper/paper-set2 (430).npy,./batch_paper/fitted/paper-set2 (430).npy
scissors,scissors,scissors-set2 (390),train,./dataset/skeleton_final_v2/scissors/scissors-set2 (390).npy,./batch_scissors/fitted/scissors-set2 (390).npy
ok,ok,ok_Set2_ (558),train,./dataset/skeleton_final_v2/ok/ok_Set2_ (558).npy,./batch_ok/fitted/ok_Set2_ (558).npy
thumb,thumbup,thumbup_6004,train,./dataset/skeleton_final_v2/thumbup/thumbup_6004.npy,./data/salux_refined_6cls/thumb_sources/thumbup/fitted/thumbup_6004.npy
thumb,thumbup,thumbup (132),train,./dataset/skeleton_final_v2/thumbup/thumbup (132).npy,./data/salux_refined_6cls/thumb_sources/thumbup/fitted/thumbup (132).npy
scissors,scissors,scissors-set2 (732),train,./dataset/skeleton_final_v2/scissors/scissors-set2 (732).npy,./batch_scissors/fitted/scissors-set2 (732).npy
scissors,scissors,scissors-set2 (385),train,./dataset/skeleton_final_v2/scissors/scissors-set2 (385).npy,./batch_scissors/fitted/scissors-set2 (385).npy
paper,paper,paper_9168,train,./dataset/skeleton_final_v2/paper/paper_9168.npy,./batch_paper/fitted/paper_9168.npy
ok,ok,ok_Set2_ (370),train,./dataset/skeleton_final_v2/ok/ok_Set2_ (370).npy,./batch_ok/fitted/ok_Set2_ (370).npy
thumb,thumbup,thumbup (44),train,./dataset/skeleton_final_v2/thumbup/thumbup (44).npy,./data/salux_refined_6cls/thumb_sources/thumbup/fitted/thumbup (44).npy
paper,paper,paper (148),train,./dataset/skeleton_final_v2/paper/paper (148).npy,./batch_paper/fitted/paper (148).npy
thumb,thumbup,hand-7-1305,train,./dataset/skeleton_final_v2/thumbup/hand-7-1305.npy,./data/salux_refined_6cls/thumb_sources/thumbup/fitted/hand-7-1305.npy
scissors,scissors,scissors-set2 (240),train,./dataset/skeleton_final_v2/scissors/scissors-set2 (240).npy,./batch_scissors/fitted/scissors-set2 (240).npy
scissors,scissors,scissors (20),train,./dataset/skeleton_final_v2/scissors/scissors (20).npy,./batch_scissors/fitted/scissors (20).npy
scissors,scissors,scissors (489),train,./dataset/skeleton_final_v2/scissors/scissors (489).npy,./batch_scissors/fitted/scissors (489).npy
scissors,scissors,scissors-set2 (436),train,./dataset/skeleton_final_v2/scissors/scissors-set2 (436).npy,./batch_scissors/fitted/scissors-set2 (436).npy
thumb,thumbdown,thumbdown (286),train,./dataset/skeleton_final_v2/thumbdown/thumbdown (286).npy,./data/salux_refined_6cls/thumb_sources/thumbdown/fitted/thumbdown (286).npy
ok,ok,ok (259),train,./dataset/skeleton_final_v2/ok/ok (259).npy,./batch_ok/fitted/ok (259).npy
scissors,scissors,scissors (119),train,./dataset/skeleton_final_v2/scissors/scissors (119).npy,./batch_scissors/fitted/scissors (119).npy
paper,paper,paper_999,train,./dataset/skeleton_final_v2/paper/paper_999.npy,./batch_paper/fitted/paper_999.npy
scissors,scissors,scissors (429),train,./dataset/skeleton_final_v2/scissors/scissors (429).npy,./batch_scissors/fitted/scissors (429).npy
paper,paper,paper (105),train,./dataset/skeleton_final_v2/paper/paper (105).npy,./batch_paper/fitted/paper (105).npy
thumb,thumbdown,thumbdown_198,train,./dataset/skeleton_final_v2/thumbdown/thumbdown_198.npy,./data/salux_refined_6cls/thumb_sources/thumbdown/fitted/thumbdown_198.npy
scissors,scissors,scissors-set2 (662),train,./dataset/skeleton_final_v2/scissors/scissors-set2 (662).npy,./batch_scissors/fitted/scissors-set2 (662).npy
rock,rock,rock-set2 (9),train,./dataset/skeleton_final_v2/rock/rock-set2 (9).npy,./batch_rock/fitted/rock-set2 (9).npy
ok,ok,ok_Set2_ (334),train,./dataset/skeleton_final_v2/ok/ok_Set2_ (334).npy,./batch_ok/fitted/ok_Set2_ (334).npy
paper,paper,paper_26,train,./dataset/skeleton_final_v2/paper/paper_26.npy,./batch_paper/fitted/paper_26.npy
paper,paper,paper_3645,train,./dataset/skeleton_final_v2/paper/paper_3645.npy,./batch_paper/fitted/paper_3645.npy
ok,ok,ok_Set2_ (528),train,./dataset/skeleton_final_v2/ok/ok_Set2_ (528).npy,./batch_ok/fitted/ok_Set2_ (528).npy
paper,paper,paper (204),train,./dataset/skeleton_final_v2/paper/paper (204).npy,./batch_paper/fitted/paper (204).npy
paper,paper,paper_7164,train,./dataset/skeleton_final_v2/paper/paper_7164.npy,./batch_paper/fitted/paper_7164.npy
thumb,thumbdown,thumbdown_4377,train,./dataset/skeleton_final_v2/thumbdown/thumbdown_4377.npy,./data/salux_refined_6cls/thumb_sources/thumbdown/fitted/thumbdown_4377.npy
thumb,thumbup,thumbup_5805,train,./dataset/skeleton_final_v2/thumbup/thumbup_5805.npy,./data/salux_refined_6cls/thumb_sources/thumbup/fitted/thumbup_5805.npy
paper,paper,paper_5899,train,./dataset/skeleton_final_v2/paper/paper_5899.npy,./batch_paper/fitted/paper_5899.npy
ok,ok,ok_Set2_ (329),train,./dataset/skeleton_final_v2/ok/ok_Set2_ (329).npy,./batch_ok/fitted/ok_Set2_ (329).npy
scissors,scissors,scissors-set2 (133),train,./dataset/skeleton_final_v2/scissors/scissors-set2 (133).npy,./batch_scissors/fitted/scissors-set2 (133).npy
paper,paper,paper_5727,train,./dataset/skeleton_final_v2/paper/paper_5727.npy,./batch_paper/fitted/paper_5727.npy
ok,ok,ok_2838,train,./dataset/skeleton_final_v2/ok/ok_2838.npy,./batch_ok/fitted/ok_2838.npy
paper,paper,paper_6920,train,./dataset/skeleton_final_v2/paper/paper_6920.npy,./batch_paper/fitted/paper_6920.npy
ok,ok,ok (12),train,./dataset/skeleton_final_v2/ok/ok (12).npy,./batch_ok/fitted/ok (12).npy
ok,ok,ok_2922,train,./dataset/skeleton_final_v2/ok/ok_2922.npy,./batch_ok/fitted/ok_2922.npy
paper,paper,paper_5897,train,./dataset/skeleton_final_v2/paper/paper_5897.npy,./batch_paper/fitted/paper_5897.npy
paper,paper,paper-set2 (256),train,./dataset/skeleton_final_v2/paper/paper-set2 (256).npy,./batch_paper/fitted/paper-set2 (256).npy
thumb,thumbdown,thumbdown_1291,train,./dataset/skeleton_final_v2/thumbdown/thumbdown_1291.npy,./data/salux_refined_6cls/thumb_sources/thumbdown/fitted/thumbdown_1291.npy
ok,ok,ok_8864,train,./dataset/skeleton_final_v2/ok/ok_8864.npy,./batch_ok/fitted/ok_8864.npy
thumb,thumbup,thumbup_4144,train,./dataset/skeleton_final_v2/thumbup/thumbup_4144.npy,./data/salux_refined_6cls/thumb_sources/thumbup/fitted/thumbup_4144.npy
thumb,thumbup,thumbup_3008,train,./dataset/skeleton_final_v2/thumbup/thumbup_3008.npy,./data/salux_refined_6cls/thumb_sources/thumbup/fitted/thumbup_3008.npy
the-finger,the-finger,the-finger_7826,train,./dataset/skeleton_final_v2/the-finger/the-finger_7826.npy,./batch_thefinger/fitted/the-finger_7826.npy
thumb,thumbup,hand-10-225,train,./dataset/skeleton_final_v2/thumbup/hand-10-225.npy,./data/salux_refined_6cls/thumb_sources/thumbup/fitted/hand-10-225.npy
scissors,scissors,scissors-set2 (73),train,./dataset/skeleton_final_v2/scissors/scissors-set2 (73).npy,./batch_scissors/fitted/scissors-set2 (73).npy
the-finger,the-finger,the-finger_8654,train,./dataset/skeleton_final_v2/the-finger/the-finger_8654.npy,./batch_thefinger/fitted/the-finger_8654.npy
paper,paper,paper_748,train,./dataset/skeleton_final_v2/paper/paper_748.npy,./batch_paper/fitted/paper_748.npy
the-finger,the-finger,the-finger (108),train,./dataset/skeleton_final_v2/the-finger/the-finger (108).npy,./batch_thefinger/fitted/the-finger (108).npy
thumb,thumbup,hand-9-1695,train,./dataset/skeleton_final_v2/thumbup/hand-9-1695.npy,./data/salux_refined_6cls/thumb_sources/thumbup/fitted/hand-9-1695.npy
the-finger,the-finger,the-finger (130),train,./dataset/skeleton_final_v2/the-finger/the-finger (130).npy,./batch_thefinger/fitted/the-finger (130).npy
rock,rock,rock_7902,train,./dataset/skeleton_final_v2/rock/rock_7902.npy,./batch_rock/fitted/rock_7902.npy
thumb,thumbdown,thumbdown_6844,train,./dataset/skeleton_final_v2/thumbdown/thumbdown_6844.npy,./data/salux_refined_6cls/thumb_sources/thumbdown/fitted/thumbdown_6844.npy
thumb,thumbup,hand-9-1565,train,./dataset/skeleton_final_v2/thumbup/hand-9-1565.npy,./data/salux_refined_6cls/thumb_sources/thumbup/fitted/hand-9-1565.npy
scissors,scissors,scissors_2700,train,./dataset/skeleton_final_v2/scissors/scissors_2700.npy,./batch_scissors/fitted/scissors_2700.npy
thumb,thumbup,thumbup_8146,train,./dataset/skeleton_final_v2/thumbup/thumbup_8146.npy,./data/salux_refined_6cls/thumb_sources/thumbup/fitted/thumbup_8146.npy
thumb,thumbdown,thumbdown (329),train,./dataset/skeleton_final_v2/thumbdown/thumbdown (329).npy,./data/salux_refined_6cls/thumb_sources/thumbdown/fitted/thumbdown (329).npy
the-finger,the-finger,the-finger_7262,train,./dataset/skeleton_final_v2/the-finger/the-finger_7262.npy,./batch_thefinger/fitted/the-finger_7262.npy
paper,paper,paper (91),train,./dataset/skeleton_final_v2/paper/paper (91).npy,./batch_paper/fitted/paper (91).npy
ok,ok,ok_2934,train,./dataset/skeleton_final_v2/ok/ok_2934.npy,./batch_ok/fitted/ok_2934.npy
thumb,thumbdown,thumbdown (102),train,./dataset/skeleton_final_v2/thumbdown/thumbdown (102).npy,./data/salux_refined_6cls/thumb_sources/thumbdown/fitted/thumbdown (102).npy
paper,paper,paper_372,train,./dataset/skeleton_final_v2/paper/paper_372.npy,./batch_paper/fitted/paper_372.npy
rock,rock,rock_3556,train,./dataset/skeleton_final_v2/rock/rock_3556.npy,./batch_rock/fitted/rock_3556.npy
ok,ok,ok_Set2_ (402),train,./dataset/skeleton_final_v2/ok/ok_Set2_ (402).npy,./batch_ok/fitted/ok_Set2_ (402).npy
thumb,thumbdown,thumbdown_4357,train,./dataset/skeleton_final_v2/thumbdown/thumbdown_4357.npy,./data/salux_refined_6cls/thumb_sources/thumbdown/fitted/thumbdown_4357.npy
paper,paper,paper (181),train,./dataset/skeleton_final_v2/paper/paper (181).npy,./batch_paper/fitted/paper (181).npy
thumb,thumbup,thumbup_9334,train,./dataset/skeleton_final_v2/thumbup/thumbup_9334.npy,./data/salux_refined_6cls/thumb_sources/thumbup/fitted/thumbup_9334.npy
thumb,thumbdown,thumbdown (290),train,./dataset/skeleton_final_v2/thumbdown/thumbdown (290).npy,./data/salux_refined_6cls/thumb_sources/thumbdown/fitted/thumbdown (290).npy
rock,rock,rock-set2 (554),train,./dataset/skeleton_final_v2/rock/rock-set2 (554).npy,./batch_rock/fitted/rock-set2 (554).npy
scissors,scissors,scissors-set2 (725),train,./dataset/skeleton_final_v2/scissors/scissors-set2 (725).npy,./batch_scissors/fitted/scissors-set2 (725).npy
rock,rock,rock-set2 (154),train,./dataset/skeleton_final_v2/rock/rock-set2 (154).npy,./batch_rock/fitted/rock-set2 (154).npy
paper,paper,paper_7159,train,./dataset/skeleton_final_v2/paper/paper_7159.npy,./batch_paper/fitted/paper_7159.npy
scissors,scissors,scissors-set2 (395),train,./dataset/skeleton_final_v2/scissors/scissors-set2 (395).npy,./batch_scissors/fitted/scissors-set2 (395).npy
paper,paper,paper-set2 (269),train,./dataset/skeleton_final_v2/paper/paper-set2 (269).npy,./batch_paper/fitted/paper-set2 (269).npy
paper,paper,paper_5166,train,./dataset/skeleton_final_v2/paper/paper_5166.npy,./batch_paper/fitted/paper_5166.npy
paper,paper,paper-set2 (152),train,./dataset/skeleton_final_v2/paper/paper-set2 (152).npy,./batch_paper/fitted/paper-set2 (152).npy
thumb,thumbup,thumbup (179),train,./dataset/skeleton_final_v2/thumbup/thumbup (179).npy,./data/salux_refined_6cls/thumb_sources/thumbup/fitted/thumbup (179).npy
ok,ok,ok_Set2_ (565),train,./dataset/skeleton_final_v2/ok/ok_Set2_ (565).npy,./batch_ok/fitted/ok_Set2_ (565).npy
scissors,scissors,scissors-set2 (120),train,./dataset/skeleton_final_v2/scissors/scissors-set2 (120).npy,./batch_scissors/fitted/scissors-set2 (120).npy
scissors,scissors,scissors (491),train,./dataset/skeleton_final_v2/scissors/scissors (491).npy,./batch_scissors/fitted/scissors (491).npy
scissors,scissors,scissors-set2 (592),train,./dataset/skeleton_final_v2/scissors/scissors-set2 (592).npy,./batch_scissors/fitted/scissors-set2 (592).npy
rock,rock,rock (258),train,./dataset/skeleton_final_v2/rock/rock (258).npy,./batch_rock/fitted/rock (258).npy
paper,paper,paper-set2 (193),train,./dataset/skeleton_final_v2/paper/paper-set2 (193).npy,./batch_paper/fitted/paper-set2 (193).npy
thumb,thumbdown,hand-9-2020,train,./dataset/skeleton_final_v2/thumbdown/hand-9-2020.npy,./data/salux_refined_6cls/thumb_sources/thumbdown/fitted/hand-9-2020.npy
scissors,scissors,scissors-set2 (713),train,./dataset/skeleton_final_v2/scissors/scissors-set2 (713).npy,./batch_scissors/fitted/scissors-set2 (713).npy
paper,paper,paper_9154,train,./dataset/skeleton_final_v2/paper/paper_9154.npy,./batch_paper/fitted/paper_9154.npy
paper,paper,paper_1850,train,./dataset/skeleton_final_v2/paper/paper_1850.npy,./batch_paper/fitted/paper_1850.npy
ok,ok,ok_8870,train,./dataset/skeleton_final_v2/ok/ok_8870.npy,./batch_ok/fitted/ok_8870.npy
thumb,thumbdown,thumbdown_3236,train,./dataset/skeleton_final_v2/thumbdown/thumbdown_3236.npy,./data/salux_refined_6cls/thumb_sources/thumbdown/fitted/thumbdown_3236.npy
rock,rock,rock (260),train,./dataset/skeleton_final_v2/rock/rock (260).npy,./batch_rock/fitted/rock (260).npy
rock,rock,rock (146),train,./dataset/skeleton_final_v2/rock/rock (146).npy,./batch_rock/fitted/rock (146).npy
scissors,scissors,scissors-set2 (454),train,./dataset/skeleton_final_v2/scissors/scissors-set2 (454).npy,./batch_scissors/fitted/scissors-set2 (454).npy
scissors,scissors,scissors_5490,train,./dataset/skeleton_final_v2/scissors/scissors_5490.npy,./batch_scissors/fitted/scissors_5490.npy
rock,rock,rock-set2 (57),train,./dataset/skeleton_final_v2/rock/rock-set2 (57).npy,./batch_rock/fitted/rock-set2 (57).npy
rock,rock,rock-set2 (595),train,./dataset/skeleton_final_v2/rock/rock-set2 (595).npy,./batch_rock/fitted/rock-set2 (595).npy
ok,ok,ok_6586,train,./dataset/skeleton_final_v2/ok/ok_6586.npy,./batch_ok/fitted/ok_6586.npy
scissors,scissors,scissors (159),train,./dataset/skeleton_final_v2/scissors/scissors (159).npy,./batch_scissors/fitted/scissors (159).npy
scissors,scissors,scissors_8788,train,./dataset/skeleton_final_v2/scissors/scissors_8788.npy,./batch_scissors/fitted/scissors_8788.npy
thumb,thumbup,thumbup_2085,train,./dataset/skeleton_final_v2/thumbup/thumbup_2085.npy,./data/salux_refined_6cls/thumb_sources/thumbup/fitted/thumbup_2085.npy
thumb,thumbup,hand-7-1345,train,./dataset/skeleton_final_v2/thumbup/hand-7-1345.npy,./data/salux_refined_6cls/thumb_sources/thumbup/fitted/hand-7-1345.npy
scissors,scissors,scissors (69),train,./dataset/skeleton_final_v2/scissors/scissors (69).npy,./batch_scissors/fitted/scissors (69).npy
the-finger,the-finger,the-finger_5845,train,./dataset/skeleton_final_v2/the-finger/the-finger_5845.npy,./batch_thefinger/fitted/the-finger_5845.npy
paper,paper,paper_6530,train,./dataset/skeleton_final_v2/paper/paper_6530.npy,./batch_paper/fitted/paper_6530.npy
paper,paper,paper-set2 (399),train,./dataset/skeleton_final_v2/paper/paper-set2 (399).npy,./batch_paper/fitted/paper-set2 (399).npy
rock,rock,rock-set2 (161),train,./dataset/skeleton_final_v2/rock/rock-set2 (161).npy,./batch_rock/fitted/rock-set2 (161).npy
the-finger,the-finger,the-finger-set2 (24),train,./dataset/skeleton_final_v2/the-finger/the-finger-set2 (24).npy,./batch_thefinger/fitted/the-finger-set2 (24).npy
scissors,scissors,scissors_2767,train,./dataset/skeleton_final_v2/scissors/scissors_2767.npy,./batch_scissors/fitted/scissors_2767.npy
ok,ok,ok (239),train,./dataset/skeleton_final_v2/ok/ok (239).npy,./batch_ok/fitted/ok (239).npy
rock,rock,rock_8690,train,./dataset/skeleton_final_v2/rock/rock_8690.npy,./batch_rock/fitted/rock_8690.npy
scissors,scissors,scissors_2688,train,./dataset/skeleton_final_v2/scissors/scissors_2688.npy,./batch_scissors/fitted/scissors_2688.npy
scissors,scissors,scissors-set2 (641),train,./dataset/skeleton_final_v2/scissors/scissors-set2 (641).npy,./batch_scissors/fitted/scissors-set2 (641).npy
paper,paper,paper (163),train,./dataset/skeleton_final_v2/paper/paper (163).npy,./batch_paper/fitted/paper (163).npy
the-finger,the-finger,the-finger-set2 (159),train,./dataset/skeleton_final_v2/the-finger/the-finger-set2 (159).npy,./batch_thefinger/fitted/the-finger-set2 (159).npy
ok,ok,ok_6979,train,./dataset/skeleton_final_v2/ok/ok_6979.npy,./batch_ok/fitted/ok_6979.npy
scissors,scissors,scissors-set2 (545),train,./dataset/skeleton_final_v2/scissors/scissors-set2 (545).npy,./batch_scissors/fitted/scissors-set2 (545).npy
thumb,thumbup,thumbup (236),train,./dataset/skeleton_final_v2/thumbup/thumbup (236).npy,./data/salux_refined_6cls/thumb_sources/thumbup/fitted/thumbup (236).npy
scissors,scissors,scissors-set2 (231),train,./dataset/skeleton_final_v2/scissors/scissors-set2 (231).npy,./batch_scissors/fitted/scissors-set2 (231).npy
scissors,scissors,scissors_7341,train,./dataset/skeleton_final_v2/scissors/scissors_7341.npy,./batch_scissors/fitted/scissors_7341.npy
thumb,thumbup,thumbup (193),train,./dataset/skeleton_final_v2/thumbup/thumbup (193).npy,./data/salux_refined_6cls/thumb_sources/thumbup/fitted/thumbup (193).npy
paper,paper,paper (7),train,./dataset/skeleton_final_v2/paper/paper (7).npy,./batch_paper/fitted/paper (7).npy
scissors,scissors,scissors-set2 (463),train,./dataset/skeleton_final_v2/scissors/scissors-set2 (463).npy,./batch_scissors/fitted/scissors-set2 (463).npy
the-finger,the-finger,the-finger-set2 (431),train,./dataset/skeleton_final_v2/the-finger/the-finger-set2 (431).npy,./batch_thefinger/fitted/the-finger-set2 (431).npy
scissors,scissors,scissors (338),train,./dataset/skeleton_final_v2/scissors/scissors (338).npy,./batch_scissors/fitted/scissors (338).npy
the-finger,the-finger,the-finger-set2 (206),train,./dataset/skeleton_final_v2/the-finger/the-finger-set2 (206).npy,./batch_thefinger/fitted/the-finger-set2 (206).npy
ok,ok,ok_2485,train,./dataset/skeleton_final_v2/ok/ok_2485.npy,./batch_ok/fitted/ok_2485.npy
paper,paper,paper_1434,train,./dataset/skeleton_final_v2/paper/paper_1434.npy,./batch_paper/fitted/paper_1434.npy
thumb,thumbup,thumbup_8946,train,./dataset/skeleton_final_v2/thumbup/thumbup_8946.npy,./data/salux_refined_6cls/thumb_sources/thumbup/fitted/thumbup_8946.npy
paper,paper,paper-set2 (221),train,./dataset/skeleton_final_v2/paper/paper-set2 (221).npy,./batch_paper/fitted/paper-set2 (221).npy
paper,paper,paper_3788,train,./dataset/skeleton_final_v2/paper/paper_3788.npy,./batch_paper/fitted/paper_3788.npy
thumb,thumbup,thumbup (36),train,./dataset/skeleton_final_v2/thumbup/thumbup (36).npy,./data/salux_refined_6cls/thumb_sources/thumbup/fitted/thumbup (36).npy
scissors,scissors,scissors (291),train,./dataset/skeleton_final_v2/scissors/scissors (291).npy,./batch_scissors/fitted/scissors (291).npy
thumb,thumbup,hand-9-1540,train,./dataset/skeleton_final_v2/thumbup/hand-9-1540.npy,./data/salux_refined_6cls/thumb_sources/thumbup/fitted/hand-9-1540.npy
paper,paper,paper_6352,train,./dataset/skeleton_final_v2/paper/paper_6352.npy,./batch_paper/fitted/paper_6352.npy
rock,rock,rock_701,train,./dataset/skeleton_final_v2/rock/rock_701.npy,./batch_rock/fitted/rock_701.npy
ok,ok,ok_9252,train,./dataset/skeleton_final_v2/ok/ok_9252.npy,./batch_ok/fitted/ok_9252.npy
rock,rock,rock (235),train,./dataset/skeleton_final_v2/rock/rock (235).npy,./batch_rock/fitted/rock (235).npy
scissors,scissors,scissors-set2 (590),train,./dataset/skeleton_final_v2/scissors/scissors-set2 (590).npy,./batch_scissors/fitted/scissors-set2 (590).npy
rock,rock,rock-set2 (599),train,./dataset/skeleton_final_v2/rock/rock-set2 (599).npy,./batch_rock/fitted/rock-set2 (599).npy
scissors,scissors,scissors-set2 (25),train,./dataset/skeleton_final_v2/scissors/scissors-set2 (25).npy,./batch_scissors/fitted/scissors-set2 (25).npy
paper,paper,paper (212),train,./dataset/skeleton_final_v2/paper/paper (212).npy,./batch_paper/fitted/paper (212).npy
paper,paper,paper-set2 (26),train,./dataset/skeleton_final_v2/paper/paper-set2 (26).npy,./batch_paper/fitted/paper-set2 (26).npy
scissors,scissors,scissors-set2 (379),train,./dataset/skeleton_final_v2/scissors/scissors-set2 (379).npy,./batch_scissors/fitted/scissors-set2 (379).npy
scissors,scissors,scissors_2661,train,./dataset/skeleton_final_v2/scissors/scissors_2661.npy,./batch_scissors/fitted/scissors_2661.npy
scissors,scissors,scissors (97),train,./dataset/skeleton_final_v2/scissors/scissors (97).npy,./batch_scissors/fitted/scissors (97).npy
thumb,thumbdown,thumbdown (265),train,./dataset/skeleton_final_v2/thumbdown/thumbdown (265).npy,./data/salux_refined_6cls/thumb_sources/thumbdown/fitted/thumbdown (265).npy
paper,paper,paper_380,train,./dataset/skeleton_final_v2/paper/paper_380.npy,./batch_paper/fitted/paper_380.npy
scissors,scissors,scissors_2784,train,./dataset/skeleton_final_v2/scissors/scissors_2784.npy,./batch_scissors/fitted/scissors_2784.npy
paper,paper,paper-set2 (241),train,./dataset/skeleton_final_v2/paper/paper-set2 (241).npy,./batch_paper/fitted/paper-set2 (241).npy
paper,paper,paper (81),train,./dataset/skeleton_final_v2/paper/paper (81).npy,./batch_paper/fitted/paper (81).npy
the-finger,the-finger,the-finger_7485,train,./dataset/skeleton_final_v2/the-finger/the-finger_7485.npy,./batch_thefinger/fitted/the-finger_7485.npy
thumb,thumbdown,thumbdown_858,train,./dataset/skeleton_final_v2/thumbdown/thumbdown_858.npy,./data/salux_refined_6cls/thumb_sources/thumbdown/fitted/thumbdown_858.npy
scissors,scissors,scissors (21),train,./dataset/skeleton_final_v2/scissors/scissors (21).npy,./batch_scissors/fitted/scissors (21).npy
thumb,thumbup,thumbup (102),train,./dataset/skeleton_final_v2/thumbup/thumbup (102).npy,./data/salux_refined_6cls/thumb_sources/thumbup/fitted/thumbup (102).npy
scissors,scissors,scissors-set2 (409),train,./dataset/skeleton_final_v2/scissors/scissors-set2 (409).npy,./batch_scissors/fitted/scissors-set2 (409).npy
paper,paper,paper_2505,train,./dataset/skeleton_final_v2/paper/paper_2505.npy,./batch_paper/fitted/paper_2505.npy
thumb,thumbdown,thumbdown_6807,train,./dataset/skeleton_final_v2/thumbdown/thumbdown_6807.npy,./data/salux_refined_6cls/thumb_sources/thumbdown/fitted/thumbdown_6807.npy
paper,paper,paper_9152,train,./dataset/skeleton_final_v2/paper/paper_9152.npy,./batch_paper/fitted/paper_9152.npy
paper,paper,paper_3807,train,./dataset/skeleton_final_v2/paper/paper_3807.npy,./batch_paper/fitted/paper_3807.npy
paper,paper,paper (209),train,./dataset/skeleton_final_v2/paper/paper (209).npy,./batch_paper/fitted/paper (209).npy
the-finger,the-finger,the-finger-set2 (42),train,./dataset/skeleton_final_v2/the-finger/the-finger-set2 (42).npy,./batch_thefinger/fitted/the-finger-set2 (42).npy
ok,ok,ok_2851,train,./dataset/skeleton_final_v2/ok/ok_2851.npy,./batch_ok/fitted/ok_2851.npy
scissors,scissors,scissors_3931,train,./dataset/skeleton_final_v2/scissors/scissors_3931.npy,./batch_scissors/fitted/scissors_3931.npy
thumb,thumbup,thumbup_1676,train,./dataset/skeleton_final_v2/thumbup/thumbup_1676.npy,./data/salux_refined_6cls/thumb_sources/thumbup/fitted/thumbup_1676.npy
ok,ok,ok_1203,train,./dataset/skeleton_final_v2/ok/ok_1203.npy,./batch_ok/fitted/ok_1203.npy
ok,ok,ok_Set2_ (467),train,./dataset/skeleton_final_v2/ok/ok_Set2_ (467).npy,./batch_ok/fitted/ok_Set2_ (467).npy
thumb,thumbdown,hand-11-840,train,./dataset/skeleton_final_v2/thumbdown/hand-11-840.npy,./data/salux_refined_6cls/thumb_sources/thumbdown/fitted/hand-11-840.npy
scissors,scissors,scissors (193),train,./dataset/skeleton_final_v2/scissors/scissors (193).npy,./batch_scissors/fitted/scissors (193).npy
thumb,thumbdown,thumbdown_8570,train,./dataset/skeleton_final_v2/thumbdown/thumbdown_8570.npy,./data/salux_refined_6cls/thumb_sources/thumbdown/fitted/thumbdown_8570.npy
thumb,thumbup,hand-9-1555,train,./dataset/skeleton_final_v2/thumbup/hand-9-1555.npy,./data/salux_refined_6cls/thumb_sources/thumbup/fitted/hand-9-1555.npy
paper,paper,paper-set2 (351),train,./dataset/skeleton_final_v2/paper/paper-set2 (351).npy,./batch_paper/fitted/paper-set2 (351).npy
thumb,thumbdown,thumbdown_6245,train,./dataset/skeleton_final_v2/thumbdown/thumbdown_6245.npy,./data/salux_refined_6cls/thumb_sources/thumbdown/fitted/thumbdown_6245.npy
ok,ok,ok_Set2_ (129),train,./dataset/skeleton_final_v2/ok/ok_Set2_ (129).npy,./batch_ok/fitted/ok_Set2_ (129).npy
thumb,thumbup,thumbup (418),train,./dataset/skeleton_final_v2/thumbup/thumbup (418).npy,./data/salux_refined_6cls/thumb_sources/thumbup/fitted/thumbup (418).npy
scissors,scissors,scissors_438,train,./dataset/skeleton_final_v2/scissors/scissors_438.npy,./batch_scissors/fitted/scissors_438.npy
paper,paper,paper (106),train,./dataset/skeleton_final_v2/paper/paper (106).npy,./batch_paper/fitted/paper (106).npy
ok,ok,ok_Set2_ (471),train,./dataset/skeleton_final_v2/ok/ok_Set2_ (471).npy,./batch_ok/fitted/ok_Set2_ (471).npy
scissors,scissors,scissors-set2 (490),train,./dataset/skeleton_final_v2/scissors/scissors-set2 (490).npy,./batch_scissors/fitted/scissors-set2 (490).npy
paper,paper,paper-set2 (422),train,./dataset/skeleton_final_v2/paper/paper-set2 (422).npy,./batch_paper/fitted/paper-set2 (422).npy
thumb,thumbdown,hand-11-795,train,./dataset/skeleton_final_v2/thumbdown/hand-11-795.npy,./data/salux_refined_6cls/thumb_sources/thumbdown/fitted/hand-11-795.npy
scissors,scissors,scissors-set2 (43),train,./dataset/skeleton_final_v2/scissors/scissors-set2 (43).npy,./batch_scissors/fitted/scissors-set2 (43).npy
thumb,thumbup,thumbup_9306,train,./dataset/skeleton_final_v2/thumbup/thumbup_9306.npy,./data/salux_refined_6cls/thumb_sources/thumbup/fitted/thumbup_9306.npy
thumb,thumbup,thumbup_6200,train,./dataset/skeleton_final_v2/thumbup/thumbup_6200.npy,./data/salux_refined_6cls/thumb_sources/thumbup/fitted/thumbup_6200.npy
thumb,thumbdown,thumbdown_4402,train,./dataset/skeleton_final_v2/thumbdown/thumbdown_4402.npy,./data/salux_refined_6cls/thumb_sources/thumbdown/fitted/thumbdown_4402.npy
thumb,thumbdown,thumbdown (266),train,./dataset/skeleton_final_v2/thumbdown/thumbdown (266).npy,./data/salux_refined_6cls/thumb_sources/thumbdown/fitted/thumbdown (266).npy
thumb,thumbdown,thumbdown (238),train,./dataset/skeleton_final_v2/thumbdown/thumbdown (238).npy,./data/salux_refined_6cls/thumb_sources/thumbdown/fitted/thumbdown (238).npy
scissors,scissors,scissors-set2 (669),train,./dataset/skeleton_final_v2/scissors/scissors-set2 (669).npy,./batch_scissors/fitted/scissors-set2 (669).npy
ok,ok,ok_6982,train,./dataset/skeleton_final_v2/ok/ok_6982.npy,./batch_ok/fitted/ok_6982.npy
paper,paper,paper-set2 (219),train,./dataset/skeleton_final_v2/paper/paper-set2 (219).npy,./batch_paper/fitted/paper-set2 (219).npy
rock,rock,rock-set2 (141),train,./dataset/skeleton_final_v2/rock/rock-set2 (141).npy,./batch_rock/fitted/rock-set2 (141).npy
ok,ok,ok_Set2_ (570),train,./dataset/skeleton_final_v2/ok/ok_Set2_ (570).npy,./batch_ok/fitted/ok_Set2_ (570).npy
thumb,thumbdown,thumbdown (138),train,./dataset/skeleton_final_v2/thumbdown/thumbdown (138).npy,./data/salux_refined_6cls/thumb_sources/thumbdown/fitted/thumbdown (138).npy
the-finger,the-finger,the-finger-set2 (302),train,./dataset/skeleton_final_v2/the-finger/the-finger-set2 (302).npy,./batch_thefinger/fitted/the-finger-set2 (302).npy
thumb,thumbup,thumbup (291),train,./dataset/skeleton_final_v2/thumbup/thumbup (291).npy,./data/salux_refined_6cls/thumb_sources/thumbup/fitted/thumbup (291).npy
the-finger,the-finger,the-finger_9446,train,./dataset/skeleton_final_v2/the-finger/the-finger_9446.npy,./batch_thefinger/fitted/the-finger_9446.npy
scissors,scissors,scissors-set2 (458),train,./dataset/skeleton_final_v2/scissors/scissors-set2 (458).npy,./batch_scissors/fitted/scissors-set2 (458).npy
the-finger,the-finger,the-finger_6876,train,./dataset/skeleton_final_v2/the-finger/the-finger_6876.npy,./batch_thefinger/fitted/the-finger_6876.npy
thumb,thumbup,hand-10-2115,train,./dataset/skeleton_final_v2/thumbup/hand-10-2115.npy,./data/salux_refined_6cls/thumb_sources/thumbup/fitted/hand-10-2115.npy
the-finger,the-finger,the-finger-set2 (221),train,./dataset/skeleton_final_v2/the-finger/the-finger-set2 (221).npy,./batch_thefinger/fitted/the-finger-set2 (221).npy
paper,paper,paper_3644,train,./dataset/skeleton_final_v2/paper/paper_3644.npy,./batch_paper/fitted/paper_3644.npy
thumb,thumbup,hand-11-2330,train,./dataset/skeleton_final_v2/thumbup/hand-11-2330.npy,./data/salux_refined_6cls/thumb_sources/thumbup/fitted/hand-11-2330.npy
thumb,thumbup,hand-9-1730,train,./dataset/skeleton_final_v2/thumbup/hand-9-1730.npy,./data/salux_refined_6cls/thumb_sources/thumbup/fitted/hand-9-1730.npy
ok,ok,ok_5760,train,./dataset/skeleton_final_v2/ok/ok_5760.npy,./batch_ok/fitted/ok_5760.npy
thumb,thumbup,hand-10-5,train,./dataset/skeleton_final_v2/thumbup/hand-10-5.npy,./data/salux_refined_6cls/thumb_sources/thumbup/fitted/hand-10-5.npy
thumb,thumbup,hand-10-245,train,./dataset/skeleton_final_v2/thumbup/hand-10-245.npy,./data/salux_refined_6cls/thumb_sources/thumbup/fitted/hand-10-245.npy
thumb,thumbup,hand-11-2320,train,./dataset/skeleton_final_v2/thumbup/hand-11-2320.npy,./data/salux_refined_6cls/thumb_sources/thumbup/fitted/hand-11-2320.npy
ok,ok,ok_Set2_ (331),train,./dataset/skeleton_final_v2/ok/ok_Set2_ (331).npy,./batch_ok/fitted/ok_Set2_ (331).npy
the-finger,the-finger,the-finger-set2 (373),train,./dataset/skeleton_final_v2/the-finger/the-finger-set2 (373).npy,./batch_thefinger/fitted/the-finger-set2 (373).npy
the-finger,the-finger,the-finger_7852,train,./dataset/skeleton_final_v2/the-finger/the-finger_7852.npy,./batch_thefinger/fitted/the-finger_7852.npy
scissors,scissors,scissors (145),train,./dataset/skeleton_final_v2/scissors/scissors (145).npy,./batch_scissors/fitted/scissors (145).npy
scissors,scissors,scissors-set2 (728),train,./dataset/skeleton_final_v2/scissors/scissors-set2 (728).npy,./batch_scissors/fitted/scissors-set2 (728).npy
paper,paper,paper-set2 (314),train,./dataset/skeleton_final_v2/paper/paper-set2 (314).npy,./batch_paper/fitted/paper-set2 (314).npy
thumb,thumbup,thumbup (488),train,./dataset/skeleton_final_v2/thumbup/thumbup (488).npy,./data/salux_refined_6cls/thumb_sources/thumbup/fitted/thumbup (488).npy
ok,ok,ok_Set2_ (20),train,./dataset/skeleton_final_v2/ok/ok_Set2_ (20).npy,./batch_ok/fitted/ok_Set2_ (20).npy
ok,ok,ok_2965,train,./dataset/skeleton_final_v2/ok/ok_2965.npy,./batch_ok/fitted/ok_2965.npy
thumb,thumbdown,thumbdown_537,train,./dataset/skeleton_final_v2/thumbdown/thumbdown_537.npy,./data/salux_refined_6cls/thumb_sources/thumbdown/fitted/thumbdown_537.npy
paper,paper,paper_5122,train,./dataset/skeleton_final_v2/paper/paper_5122.npy,./batch_paper/fitted/paper_5122.npy
thumb,thumbdown,thumbdown (157),train,./dataset/skeleton_final_v2/thumbdown/thumbdown (157).npy,./data/salux_refined_6cls/thumb_sources/thumbdown/fitted/thumbdown (157).npy
thumb,thumbdown,thumbdown (223),train,./dataset/skeleton_final_v2/thumbdown/thumbdown (223).npy,./data/salux_refined_6cls/thumb_sources/thumbdown/fitted/thumbdown (223).npy
scissors,scissors,scissors-set2 (272),train,./dataset/skeleton_final_v2/scissors/scissors-set2 (272).npy,./batch_scissors/fitted/scissors-set2 (272).npy
ok,ok,ok (103),train,./dataset/skeleton_final_v2/ok/ok (103).npy,./batch_ok/fitted/ok (103).npy
ok,ok,ok_Set2_ (251),train,./dataset/skeleton_final_v2/ok/ok_Set2_ (251).npy,./batch_ok/fitted/ok_Set2_ (251).npy
scissors,scissors,scissors-set2 (181),train,./dataset/skeleton_final_v2/scissors/scissors-set2 (181).npy,./batch_scissors/fitted/scissors-set2 (181).npy
ok,ok,ok_6175,train,./dataset/skeleton_final_v2/ok/ok_6175.npy,./batch_ok/fitted/ok_6175.npy
ok,ok,ok_Set2_ (452),train,./dataset/skeleton_final_v2/ok/ok_Set2_ (452).npy,./batch_ok/fitted/ok_Set2_ (452).npy
thumb,thumbup,thumbup_4148,train,./dataset/skeleton_final_v2/thumbup/thumbup_4148.npy,./data/salux_refined_6cls/thumb_sources/thumbup/fitted/thumbup_4148.npy
thumb,thumbdown,hand-10-2665,train,./dataset/skeleton_final_v2/thumbdown/hand-10-2665.npy,./data/salux_refined_6cls/thumb_sources/thumbdown/fitted/hand-10-2665.npy
paper,paper,paper-set2 (148),train,./dataset/skeleton_final_v2/paper/paper-set2 (148).npy,./batch_paper/fitted/paper-set2 (148).npy
paper,paper,paper_6928,train,./dataset/skeleton_final_v2/paper/paper_6928.npy,./batch_paper/fitted/paper_6928.npy
thumb,thumbdown,thumbdown (318),train,./dataset/skeleton_final_v2/thumbdown/thumbdown (318).npy,./data/salux_refined_6cls/thumb_sources/thumbdown/fitted/thumbdown (318).npy
paper,paper,paper-set2 (305),train,./dataset/skeleton_final_v2/paper/paper-set2 (305).npy,./batch_paper/fitted/paper-set2 (305).npy
ok,ok,ok_4917,train,./dataset/skeleton_final_v2/ok/ok_4917.npy,./batch_ok/fitted/ok_4917.npy
the-finger,the-finger,the-finger_9426,train,./dataset/skeleton_final_v2/the-finger/the-finger_9426.npy,./batch_thefinger/fitted/the-finger_9426.npy
thumb,thumbup,thumbup (16),train,./dataset/skeleton_final_v2/thumbup/thumbup (16).npy,./data/salux_refined_6cls/thumb_sources/thumbup/fitted/thumbup (16).npy
thumb,thumbdown,thumbdown_4450,train,./dataset/skeleton_final_v2/thumbdown/thumbdown_4450.npy,./data/salux_refined_6cls/thumb_sources/thumbdown/fitted/thumbdown_4450.npy
thumb,thumbup,thumbup (84),train,./dataset/skeleton_final_v2/thumbup/thumbup (84).npy,./data/salux_refined_6cls/thumb_sources/thumbup/fitted/thumbup (84).npy
paper,paper,paper-set2 (45),train,./dataset/skeleton_final_v2/paper/paper-set2 (45).npy,./batch_paper/fitted/paper-set2 (45).npy
rock,rock,rock-set2 (173),train,./dataset/skeleton_final_v2/rock/rock-set2 (173).npy,./batch_rock/fitted/rock-set2 (173).npy
ok,ok,ok_Set2_ (149),train,./dataset/skeleton_final_v2/ok/ok_Set2_ (149).npy,./batch_ok/fitted/ok_Set2_ (149).npy
paper,paper,paper_7617,train,./dataset/skeleton_final_v2/paper/paper_7617.npy,./batch_paper/fitted/paper_7617.npy
paper,paper,paper_5891,train,./dataset/skeleton_final_v2/paper/paper_5891.npy,./batch_paper/fitted/paper_5891.npy
scissors,scissors,scissors (390),train,./dataset/skeleton_final_v2/scissors/scissors (390).npy,./batch_scissors/fitted/scissors (390).npy
thumb,thumbdown,thumbdown_6849,train,./dataset/skeleton_final_v2/thumbdown/thumbdown_6849.npy,./data/salux_refined_6cls/thumb_sources/thumbdown/fitted/thumbdown_6849.npy
scissors,scissors,scissors-set2 (679),train,./dataset/skeleton_final_v2/scissors/scissors-set2 (679).npy,./batch_scissors/fitted/scissors-set2 (679).npy
paper,paper,paper (231),train,./dataset/skeleton_final_v2/paper/paper (231).npy,./batch_paper/fitted/paper (231).npy
ok,ok,ok_Set2_ (119),train,./dataset/skeleton_final_v2/ok/ok_Set2_ (119).npy,./batch_ok/fitted/ok_Set2_ (119).npy
paper,paper,paper (260),train,./dataset/skeleton_final_v2/paper/paper (260).npy,./batch_paper/fitted/paper (260).npy
the-finger,the-finger,the-finger-set2 (220),train,./dataset/skeleton_final_v2/the-finger/the-finger-set2 (220).npy,./batch_thefinger/fitted/the-finger-set2 (220).npy
scissors,scissors,scissors-set2 (6),train,./dataset/skeleton_final_v2/scissors/scissors-set2 (6).npy,./batch_scissors/fitted/scissors-set2 (6).npy
thumb,thumbup,thumbup_6201,train,./dataset/skeleton_final_v2/thumbup/thumbup_6201.npy,./data/salux_refined_6cls/thumb_sources/thumbup/fitted/thumbup_6201.npy
ok,ok,ok (11),train,./dataset/skeleton_final_v2/ok/ok (11).npy,./batch_ok/fitted/ok (11).npy
ok,ok,ok_Set2_ (478),train,./dataset/skeleton_final_v2/ok/ok_Set2_ (478).npy,./batch_ok/fitted/ok_Set2_ (478).npy
scissors,scissors,scissors-set2 (625),train,./dataset/skeleton_final_v2/scissors/scissors-set2 (625).npy,./batch_scissors/fitted/scissors-set2 (625).npy
ok,ok,ok_Set2_ (75),train,./dataset/skeleton_final_v2/ok/ok_Set2_ (75).npy,./batch_ok/fitted/ok_Set2_ (75).npy
the-finger,the-finger,the-finger-set2 (313),train,./dataset/skeleton_final_v2/the-finger/the-finger-set2 (313).npy,./batch_thefinger/fitted/the-finger-set2 (313).npy
the-finger,the-finger,the-finger (123),train,./dataset/skeleton_final_v2/the-finger/the-finger (123).npy,./batch_thefinger/fitted/the-finger (123).npy
ok,ok,ok_7003,train,./dataset/skeleton_final_v2/ok/ok_7003.npy,./batch_ok/fitted/ok_7003.npy
rock,rock,rock_19,train,./dataset/skeleton_final_v2/rock/rock_19.npy,./batch_rock/fitted/rock_19.npy
the-finger,the-finger,the-finger_1722,train,./dataset/skeleton_final_v2/the-finger/the-finger_1722.npy,./batch_thefinger/fitted/the-finger_1722.npy
ok,ok,ok_Set2_ (124),train,./dataset/skeleton_final_v2/ok/ok_Set2_ (124).npy,./batch_ok/fitted/ok_Set2_ (124).npy
scissors,scissors,scissors-set2 (715),train,./dataset/skeleton_final_v2/scissors/scissors-set2 (715).npy,./batch_scissors/fitted/scissors-set2 (715).npy
paper,paper,paper (120),train,./dataset/skeleton_final_v2/paper/paper (120).npy,./batch_paper/fitted/paper (120).npy
the-finger,the-finger,the-finger (98),train,./dataset/skeleton_final_v2/the-finger/the-finger (98).npy,./batch_thefinger/fitted/the-finger (98).npy
ok,ok,ok_7686,train,./dataset/skeleton_final_v2/ok/ok_7686.npy,./batch_ok/fitted/ok_7686.npy
rock,rock,rock-set2 (176),train,./dataset/skeleton_final_v2/rock/rock-set2 (176).npy,./batch_rock/fitted/rock-set2 (176).npy
thumb,thumbup,hand-11-2075,train,./dataset/skeleton_final_v2/thumbup/hand-11-2075.npy,./data/salux_refined_6cls/thumb_sources/thumbup/fitted/hand-11-2075.npy
scissors,scissors,scissors-set2 (510),train,./dataset/skeleton_final_v2/scissors/scissors-set2 (510).npy,./batch_scissors/fitted/scissors-set2 (510).npy
thumb,thumbup,thumbup (279),train,./dataset/skeleton_final_v2/thumbup/thumbup (279).npy,./data/salux_refined_6cls/thumb_sources/thumbup/fitted/thumbup (279).npy
ok,ok,ok (131),train,./dataset/skeleton_final_v2/ok/ok (131).npy,./batch_ok/fitted/ok (131).npy
scissors,scissors,scissors (77),train,./dataset/skeleton_final_v2/scissors/scissors (77).npy,./batch_scissors/fitted/scissors (77).npy
ok,ok,ok_Set2_ (18),train,./dataset/skeleton_final_v2/ok/ok_Set2_ (18).npy,./batch_ok/fitted/ok_Set2_ (18).npy
paper,paper,paper-set2 (142),train,./dataset/skeleton_final_v2/paper/paper-set2 (142).npy,./batch_paper/fitted/paper-set2 (142).npy
ok,ok,ok_6397,train,./dataset/skeleton_final_v2/ok/ok_6397.npy,./batch_ok/fitted/ok_6397.npy
paper,paper,paper_4589,train,./dataset/skeleton_final_v2/paper/paper_4589.npy,./batch_paper/fitted/paper_4589.npy
scissors,scissors,scissors-set2 (14),train,./dataset/skeleton_final_v2/scissors/scissors-set2 (14).npy,./batch_scissors/fitted/scissors-set2 (14).npy
paper,paper,paper_5734,train,./dataset/skeleton_final_v2/paper/paper_5734.npy,./batch_paper/fitted/paper_5734.npy
thumb,thumbdown,thumbdown (341),train,./dataset/skeleton_final_v2/thumbdown/thumbdown (341).npy,./data/salux_refined_6cls/thumb_sources/thumbdown/fitted/thumbdown (341).npy
paper,paper,paper_6338,train,./dataset/skeleton_final_v2/paper/paper_6338.npy,./batch_paper/fitted/paper_6338.npy
paper,paper,paper (214),train,./dataset/skeleton_final_v2/paper/paper (214).npy,./batch_paper/fitted/paper (214).npy
scissors,scissors,scissors (287),train,./dataset/skeleton_final_v2/scissors/scissors (287).npy,./batch_scissors/fitted/scissors (287).npy
ok,ok,ok_4059,train,./dataset/skeleton_final_v2/ok/ok_4059.npy,./batch_ok/fitted/ok_4059.npy
ok,ok,ok_5536,train,./dataset/skeleton_final_v2/ok/ok_5536.npy,./batch_ok/fitted/ok_5536.npy
thumb,thumbdown,thumbdown (251),train,./dataset/skeleton_final_v2/thumbdown/thumbdown (251).npy,./data/salux_refined_6cls/thumb_sources/thumbdown/fitted/thumbdown (251).npy
the-finger,the-finger,the-finger (63),train,./dataset/skeleton_final_v2/the-finger/the-finger (63).npy,./batch_thefinger/fitted/the-finger (63).npy
thumb,thumbdown,hand-10-530,train,./dataset/skeleton_final_v2/thumbdown/hand-10-530.npy,./data/salux_refined_6cls/thumb_sources/thumbdown/fitted/hand-10-530.npy
the-finger,the-finger,the-finger_6277,train,./dataset/skeleton_final_v2/the-finger/the-finger_6277.npy,./batch_thefinger/fitted/the-finger_6277.npy
thumb,thumbup,thumbup_2067,train,./dataset/skeleton_final_v2/thumbup/thumbup_2067.npy,./data/salux_refined_6cls/thumb_sources/thumbup/fitted/thumbup_2067.npy
scissors,scissors,scissors-set2 (668),train,./dataset/skeleton_final_v2/scissors/scissors-set2 (668).npy,./batch_scissors/fitted/scissors-set2 (668).npy
the-finger,the-finger,the-finger-set2 (319),train,./dataset/skeleton_final_v2/the-finger/the-finger-set2 (319).npy,./batch_thefinger/fitted/the-finger-set2 (319).npy
the-finger,the-finger,the-finger-set2 (340),train,./dataset/skeleton_final_v2/the-finger/the-finger-set2 (340).npy,./batch_thefinger/fitted/the-finger-set2 (340).npy
scissors,scissors,scissors-set2 (504),train,./dataset/skeleton_final_v2/scissors/scissors-set2 (504).npy,./batch_scissors/fitted/scissors-set2 (504).npy
rock,rock,rock-set2 (328),train,./dataset/skeleton_final_v2/rock/rock-set2 (328).npy,./batch_rock/fitted/rock-set2 (328).npy
scissors,scissors,scissors-set2 (527),train,./dataset/skeleton_final_v2/scissors/scissors-set2 (527).npy,./batch_scissors/fitted/scissors-set2 (527).npy
paper,paper,paper-set2 (165),train,./dataset/skeleton_final_v2/paper/paper-set2 (165).npy,./batch_paper/fitted/paper-set2 (165).npy
thumb,thumbdown,thumbdown (59),train,./dataset/skeleton_final_v2/thumbdown/thumbdown (59).npy,./data/salux_refined_6cls/thumb_sources/thumbdown/fitted/thumbdown (59).npy
ok,ok,ok_Set2_ (51),train,./dataset/skeleton_final_v2/ok/ok_Set2_ (51).npy,./batch_ok/fitted/ok_Set2_ (51).npy
thumb,thumbup,thumbup_5988,train,./dataset/skeleton_final_v2/thumbup/thumbup_5988.npy,./data/salux_refined_6cls/thumb_sources/thumbup/fitted/thumbup_5988.npy
the-finger,the-finger,the-finger_2339,train,./dataset/skeleton_final_v2/the-finger/the-finger_2339.npy,./batch_thefinger/fitted/the-finger_2339.npy
the-finger,the-finger,the-finger_5842,train,./dataset/skeleton_final_v2/the-finger/the-finger_5842.npy,./batch_thefinger/fitted/the-finger_5842.npy
thumb,thumbdown,thumbdown (8),train,./dataset/skeleton_final_v2/thumbdown/thumbdown (8).npy,./data/salux_refined_6cls/thumb_sources/thumbdown/fitted/thumbdown (8).npy
scissors,scissors,scissors_2641,train,./dataset/skeleton_final_v2/scissors/scissors_2641.npy,./batch_scissors/fitted/scissors_2641.npy
ok,ok,ok_Set2_ (66),train,./dataset/skeleton_final_v2/ok/ok_Set2_ (66).npy,./batch_ok/fitted/ok_Set2_ (66).npy
scissors,scissors,scissors-set2 (121),train,./dataset/skeleton_final_v2/scissors/scissors-set2 (121).npy,./batch_scissors/fitted/scissors-set2 (121).npy
the-finger,the-finger,the-finger-set2 (308),train,./dataset/skeleton_final_v2/the-finger/the-finger-set2 (308).npy,./batch_thefinger/fitted/the-finger-set2 (308).npy
thumb,thumbup,hand-11-2325,train,./dataset/skeleton_final_v2/thumbup/hand-11-2325.npy,./data/salux_refined_6cls/thumb_sources/thumbup/fitted/hand-11-2325.npy
scissors,scissors,scissors-set2 (309),train,./dataset/skeleton_final_v2/scissors/scissors-set2 (309).npy,./batch_scissors/fitted/scissors-set2 (309).npy
ok,ok,ok_2954,train,./dataset/skeleton_final_v2/ok/ok_2954.npy,./batch_ok/fitted/ok_2954.npy
ok,ok,ok_2631,train,./dataset/skeleton_final_v2/ok/ok_2631.npy,./batch_ok/fitted/ok_2631.npy
paper,paper,paper-set2 (492),train,./dataset/skeleton_final_v2/paper/paper-set2 (492).npy,./batch_paper/fitted/paper-set2 (492).npy
scissors,scissors,scissors-set2 (601),train,./dataset/skeleton_final_v2/scissors/scissors-set2 (601).npy,./batch_scissors/fitted/scissors-set2 (601).npy
the-finger,the-finger,the-finger_6065,train,./dataset/skeleton_final_v2/the-finger/the-finger_6065.npy,./batch_thefinger/fitted/the-finger_6065.npy
ok,ok,ok_Set2_ (404),train,./dataset/skeleton_final_v2/ok/ok_Set2_ (404).npy,./batch_ok/fitted/ok_Set2_ (404).npy
thumb,thumbdown,thumbdown_6432,train,./dataset/skeleton_final_v2/thumbdown/thumbdown_6432.npy,./data/salux_refined_6cls/thumb_sources/thumbdown/fitted/thumbdown_6432.npy
the-finger,the-finger,the-finger_3489,train,./dataset/skeleton_final_v2/the-finger/the-finger_3489.npy,./batch_thefinger/fitted/the-finger_3489.npy
thumb,thumbup,thumbup (29),train,./dataset/skeleton_final_v2/thumbup/thumbup (29).npy,./data/salux_refined_6cls/thumb_sources/thumbup/fitted/thumbup (29).npy
ok,ok,ok_Set2_ (515),train,./dataset/skeleton_final_v2/ok/ok_Set2_ (515).npy,./batch_ok/fitted/ok_Set2_ (515).npy
ok,ok,ok_2899,train,./dataset/skeleton_final_v2/ok/ok_2899.npy,./batch_ok/fitted/ok_2899.npy
thumb,thumbup,thumbup (293),train,./dataset/skeleton_final_v2/thumbup/thumbup (293).npy,./data/salux_refined_6cls/thumb_sources/thumbup/fitted/thumbup (293).npy
scissors,scissors,scissors-set2 (109),train,./dataset/skeleton_final_v2/scissors/scissors-set2 (109).npy,./batch_scissors/fitted/scissors-set2 (109).npy
thumb,thumbdown,hand-11-680,train,./dataset/skeleton_final_v2/thumbdown/hand-11-680.npy,./data/salux_refined_6cls/thumb_sources/thumbdown/fitted/hand-11-680.npy
thumb,thumbup,thumbup_4194,train,./dataset/skeleton_final_v2/thumbup/thumbup_4194.npy,./data/salux_refined_6cls/thumb_sources/thumbup/fitted/thumbup_4194.npy
thumb,thumbup,thumbup_6420,train,./dataset/skeleton_final_v2/thumbup/thumbup_6420.npy,./data/salux_refined_6cls/thumb_sources/thumbup/fitted/thumbup_6420.npy
ok,ok,ok_2946,train,./dataset/skeleton_final_v2/ok/ok_2946.npy,./batch_ok/fitted/ok_2946.npy
the-finger,the-finger,the-finger-set2 (438),train,./dataset/skeleton_final_v2/the-finger/the-finger-set2 (438).npy,./batch_thefinger/fitted/the-finger-set2 (438).npy
scissors,scissors,scissors_2644,train,./dataset/skeleton_final_v2/scissors/scissors_2644.npy,./batch_scissors/fitted/scissors_2644.npy
scissors,scissors,scissors-set2 (520),train,./dataset/skeleton_final_v2/scissors/scissors-set2 (520).npy,./batch_scissors/fitted/scissors-set2 (520).npy
thumb,thumbdown,thumbdown_6822,train,./dataset/skeleton_final_v2/thumbdown/thumbdown_6822.npy,./data/salux_refined_6cls/thumb_sources/thumbdown/fitted/thumbdown_6822.npy
scissors,scissors,scissors-set2 (734),train,./dataset/skeleton_final_v2/scissors/scissors-set2 (734).npy,./batch_scissors/fitted/scissors-set2 (734).npy
ok,ok,ok_Set2_ (400),train,./dataset/skeleton_final_v2/ok/ok_Set2_ (400).npy,./batch_ok/fitted/ok_Set2_ (400).npy
rock,rock,rock_6323,train,./dataset/skeleton_final_v2/rock/rock_6323.npy,./batch_rock/fitted/rock_6323.npy
scissors,scissors,scissors (301),train,./dataset/skeleton_final_v2/scissors/scissors (301).npy,./batch_scissors/fitted/scissors (301).npy
ok,ok,ok_6587,train,./dataset/skeleton_final_v2/ok/ok_6587.npy,./batch_ok/fitted/ok_6587.npy
paper,paper,paper_2542,train,./dataset/skeleton_final_v2/paper/paper_2542.npy,./batch_paper/fitted/paper_2542.npy
thumb,thumbup,hand-11-2160,train,./dataset/skeleton_final_v2/thumbup/hand-11-2160.npy,./data/salux_refined_6cls/thumb_sources/thumbup/fitted/hand-11-2160.npy
scissors,scissors,scissors-set2 (289),train,./dataset/skeleton_final_v2/scissors/scissors-set2 (289).npy,./batch_scissors/fitted/scissors-set2 (289).npy
thumb,thumbdown,thumbdown (39),train,./dataset/skeleton_final_v2/thumbdown/thumbdown (39).npy,./data/salux_refined_6cls/thumb_sources/thumbdown/fitted/thumbdown (39).npy
the-finger,the-finger,the-finger_8352,train,./dataset/skeleton_final_v2/the-finger/the-finger_8352.npy,./batch_thefinger/fitted/the-finger_8352.npy
paper,paper,paper (45),train,./dataset/skeleton_final_v2/paper/paper (45).npy,./batch_paper/fitted/paper (45).npy
scissors,scissors,scissors-set2 (254),train,./dataset/skeleton_final_v2/scissors/scissors-set2 (254).npy,./batch_scissors/fitted/scissors-set2 (254).npy
scissors,scissors,scissors-set2 (358),train,./dataset/skeleton_final_v2/scissors/scissors-set2 (358).npy,./batch_scissors/fitted/scissors-set2 (358).npy
the-finger,the-finger,the-finger_2346,train,./dataset/skeleton_final_v2/the-finger/the-finger_2346.npy,./batch_thefinger/fitted/the-finger_2346.npy
paper,paper,paper_8736,train,./dataset/skeleton_final_v2/paper/paper_8736.npy,./batch_paper/fitted/paper_8736.npy
thumb,thumbup,thumbup_7045,train,./dataset/skeleton_final_v2/thumbup/thumbup_7045.npy,./data/salux_refined_6cls/thumb_sources/thumbup/fitted/thumbup_7045.npy
scissors,scissors,scissors (279),train,./dataset/skeleton_final_v2/scissors/scissors (279).npy,./batch_scissors/fitted/scissors (279).npy
scissors,scissors,scissors_4648,train,./dataset/skeleton_final_v2/scissors/scissors_4648.npy,./batch_scissors/fitted/scissors_4648.npy
scissors,scissors,scissors_7165,train,./dataset/skeleton_final_v2/scissors/scissors_7165.npy,./batch_scissors/fitted/scissors_7165.npy
ok,ok,ok_1534,train,./dataset/skeleton_final_v2/ok/ok_1534.npy,./batch_ok/fitted/ok_1534.npy
scissors,scissors,scissors (428),train,./dataset/skeleton_final_v2/scissors/scissors (428).npy,./batch_scissors/fitted/scissors (428).npy
thumb,thumbdown,thumbdown_7220,train,./dataset/skeleton_final_v2/thumbdown/thumbdown_7220.npy,./data/salux_refined_6cls/thumb_sources/thumbdown/fitted/thumbdown_7220.npy
the-finger,the-finger,the-finger-set2 (107),train,./dataset/skeleton_final_v2/the-finger/the-finger-set2 (107).npy,./batch_thefinger/fitted/the-finger-set2 (107).npy
thumb,thumbup,hand-10-2110,train,./dataset/skeleton_final_v2/thumbup/hand-10-2110.npy,./data/salux_refined_6cls/thumb_sources/thumbup/fitted/hand-10-2110.npy
thumb,thumbup,thumbup_2125,train,./dataset/skeleton_final_v2/thumbup/thumbup_2125.npy,./data/salux_refined_6cls/thumb_sources/thumbup/fitted/thumbup_2125.npy
the-finger,the-finger,the-finger-set2 (366),train,./dataset/skeleton_final_v2/the-finger/the-finger-set2 (366).npy,./batch_thefinger/fitted/the-finger-set2 (366).npy
scissors,scissors,scissors-set2 (16),train,./dataset/skeleton_final_v2/scissors/scissors-set2 (16).npy,./batch_scissors/fitted/scissors-set2 (16).npy
paper,paper,paper (125),train,./dataset/skeleton_final_v2/paper/paper (125).npy,./batch_paper/fitted/paper (125).npy
ok,ok,ok_Set2_ (117),train,./dataset/skeleton_final_v2/ok/ok_Set2_ (117).npy,./batch_ok/fitted/ok_Set2_ (117).npy
thumb,thumbup,thumbup (95),train,./dataset/skeleton_final_v2/thumbup/thumbup (95).npy,./data/salux_refined_6cls/thumb_sources/thumbup/fitted/thumbup (95).npy
ok,ok,ok_8044,train,./dataset/skeleton_final_v2/ok/ok_8044.npy,./batch_ok/fitted/ok_8044.npy
scissors,scissors,scissors (107),train,./dataset/skeleton_final_v2/scissors/scissors (107).npy,./batch_scissors/fitted/scissors (107).npy
the-finger,the-finger,the-finger-set2 (401),train,./dataset/skeleton_final_v2/the-finger/the-finger-set2 (401).npy,./batch_thefinger/fitted/the-finger-set2 (401).npy
ok,ok,ok_2905,train,./dataset/skeleton_final_v2/ok/ok_2905.npy,./batch_ok/fitted/ok_2905.npy
thumb,thumbup,thumbup (168),train,./dataset/skeleton_final_v2/thumbup/thumbup (168).npy,./data/salux_refined_6cls/thumb_sources/thumbup/fitted/thumbup (168).npy
scissors,scissors,scissors-set2 (303),train,./dataset/skeleton_final_v2/scissors/scissors-set2 (303).npy,./batch_scissors/fitted/scissors-set2 (303).npy
ok,ok,ok_Set2_ (453),train,./dataset/skeleton_final_v2/ok/ok_Set2_ (453).npy,./batch_ok/fitted/ok_Set2_ (453).npy
scissors,scissors,scissors (187),train,./dataset/skeleton_final_v2/scissors/scissors (187).npy,./batch_scissors/fitted/scissors (187).npy
thumb,thumbdown,thumbdown (319),train,./dataset/skeleton_final_v2/thumbdown/thumbdown (319).npy,./data/salux_refined_6cls/thumb_sources/thumbdown/fitted/thumbdown (319).npy
paper,paper,paper-set2 (53),train,./dataset/skeleton_final_v2/paper/paper-set2 (53).npy,./batch_paper/fitted/paper-set2 (53).npy
ok,ok,ok_2744,train,./dataset/skeleton_final_v2/ok/ok_2744.npy,./batch_ok/fitted/ok_2744.npy
scissors,scissors,scissors-set2 (671),train,./dataset/skeleton_final_v2/scissors/scissors-set2 (671).npy,./batch_scissors/fitted/scissors-set2 (671).npy
scissors,scissors,scissors-set2 (60),train,./dataset/skeleton_final_v2/scissors/scissors-set2 (60).npy,./batch_scissors/fitted/scissors-set2 (60).npy
the-finger,the-finger,the-finger (55),train,./dataset/skeleton_final_v2/the-finger/the-finger (55).npy,./batch_thefinger/fitted/the-finger (55).npy
ok,ok,ok_Set2_ (160),train,./dataset/skeleton_final_v2/ok/ok_Set2_ (160).npy,./batch_ok/fitted/ok_Set2_ (160).npy
paper,paper,paper-set2 (291),train,./dataset/skeleton_final_v2/paper/paper-set2 (291).npy,./batch_paper/fitted/paper-set2 (291).npy
paper,paper,paper_5725,train,./dataset/skeleton_final_v2/paper/paper_5725.npy,./batch_paper/fitted/paper_5725.npy
scissors,scissors,scissors-set2 (502),train,./dataset/skeleton_final_v2/scissors/scissors-set2 (502).npy,./batch_scissors/fitted/scissors-set2 (502).npy
paper,paper,paper (223),train,./dataset/skeleton_final_v2/paper/paper (223).npy,./batch_paper/fitted/paper (223).npy
scissors,scissors,scissors-set2 (251),train,./dataset/skeleton_final_v2/scissors/scissors-set2 (251).npy,./batch_scissors/fitted/scissors-set2 (251).npy
thumb,thumbdown,thumbdown (209),train,./dataset/skeleton_final_v2/thumbdown/thumbdown (209).npy,./data/salux_refined_6cls/thumb_sources/thumbdown/fitted/thumbdown (209).npy
scissors,scissors,scissors (464),train,./dataset/skeleton_final_v2/scissors/scissors (464).npy,./batch_scissors/fitted/scissors (464).npy
the-finger,the-finger,the-finger_5857,train,./dataset/skeleton_final_v2/the-finger/the-finger_5857.npy,./batch_thefinger/fitted/the-finger_5857.npy
scissors,scissors,scissors_3903,train,./dataset/skeleton_final_v2/scissors/scissors_3903.npy,./batch_scissors/fitted/scissors_3903.npy
thumb,thumbdown,thumbdown_9386,train,./dataset/skeleton_final_v2/thumbdown/thumbdown_9386.npy,./data/salux_refined_6cls/thumb_sources/thumbdown/fitted/thumbdown_9386.npy
scissors,scissors,scissors-set2 (72),train,./dataset/skeleton_final_v2/scissors/scissors-set2 (72).npy,./batch_scissors/fitted/scissors-set2 (72).npy
scissors,scissors,scissors (399),train,./dataset/skeleton_final_v2/scissors/scissors (399).npy,./batch_scissors/fitted/scissors (399).npy
paper,paper,paper_5158,train,./dataset/skeleton_final_v2/paper/paper_5158.npy,./batch_paper/fitted/paper_5158.npy
thumb,thumbdown,thumbdown_7467,train,./dataset/skeleton_final_v2/thumbdown/thumbdown_7467.npy,./data/salux_refined_6cls/thumb_sources/thumbdown/fitted/thumbdown_7467.npy
thumb,thumbup,thumbup_7213,train,./dataset/skeleton_final_v2/thumbup/thumbup_7213.npy,./data/salux_refined_6cls/thumb_sources/thumbup/fitted/thumbup_7213.npy
thumb,thumbdown,thumbdown_3413,train,./dataset/skeleton_final_v2/thumbdown/thumbdown_3413.npy,./data/salux_refined_6cls/thumb_sources/thumbdown/fitted/thumbdown_3413.npy
thumb,thumbup,thumbup (100),train,./dataset/skeleton_final_v2/thumbup/thumbup (100).npy,./data/salux_refined_6cls/thumb_sources/thumbup/fitted/thumbup (100).npy
scissors,scissors,scissors-set2 (675),train,./dataset/skeleton_final_v2/scissors/scissors-set2 (675).npy,./batch_scissors/fitted/scissors-set2 (675).npy
scissors,scissors,scissors-set2 (473),train,./dataset/skeleton_final_v2/scissors/scissors-set2 (473).npy,./batch_scissors/fitted/scissors-set2 (473).npy
scissors,scissors,scissors-set2 (324),train,./dataset/skeleton_final_v2/scissors/scissors-set2 (324).npy,./batch_scissors/fitted/scissors-set2 (324).npy
ok,ok,ok_Set2_ (494),train,./dataset/skeleton_final_v2/ok/ok_Set2_ (494).npy,./batch_ok/fitted/ok_Set2_ (494).npy
thumb,thumbdown,thumbdown_5825,train,./dataset/skeleton_final_v2/thumbdown/thumbdown_5825.npy,./data/salux_refined_6cls/thumb_sources/thumbdown/fitted/thumbdown_5825.npy
paper,paper,paper_3812,train,./dataset/skeleton_final_v2/paper/paper_3812.npy,./batch_paper/fitted/paper_3812.npy
scissors,scissors,scissors_7657,train,./dataset/skeleton_final_v2/scissors/scissors_7657.npy,./batch_scissors/fitted/scissors_7657.npy
scissors,scissors,scissors-set2 (658),train,./dataset/skeleton_final_v2/scissors/scissors-set2 (658).npy,./batch_scissors/fitted/scissors-set2 (658).npy
ok,ok,ok_4104,train,./dataset/skeleton_final_v2/ok/ok_4104.npy,./batch_ok/fitted/ok_4104.npy
ok,ok,ok_2686,train,./dataset/skeleton_final_v2/ok/ok_2686.npy,./batch_ok/fitted/ok_2686.npy
paper,paper,paper-set2 (401),train,./dataset/skeleton_final_v2/paper/paper-set2 (401).npy,./batch_paper/fitted/paper-set2 (401).npy
scissors,scissors,scissors (452),train,./dataset/skeleton_final_v2/scissors/scissors (452).npy,./batch_scissors/fitted/scissors (452).npy
ok,ok,ok_Set2_ (48),train,./dataset/skeleton_final_v2/ok/ok_Set2_ (48).npy,./batch_ok/fitted/ok_Set2_ (48).npy
rock,rock,rock (250),train,./dataset/skeleton_final_v2/rock/rock (250).npy,./batch_rock/fitted/rock (250).npy
scissors,scissors,scissors (99),train,./dataset/skeleton_final_v2/scissors/scissors (99).npy,./batch_scissors/fitted/scissors (99).npy
paper,paper,paper-set2 (423),train,./dataset/skeleton_final_v2/paper/paper-set2 (423).npy,./batch_paper/fitted/paper-set2 (423).npy
ok,ok,ok_2944,train,./dataset/skeleton_final_v2/ok/ok_2944.npy,./batch_ok/fitted/ok_2944.npy
scissors,scissors,scissors_5486,train,./dataset/skeleton_final_v2/scissors/scissors_5486.npy,./batch_scissors/fitted/scissors_5486.npy
scissors,scissors,scissors (215),train,./dataset/skeleton_final_v2/scissors/scissors (215).npy,./batch_scissors/fitted/scissors (215).npy
paper,paper,paper-set2 (29),train,./dataset/skeleton_final_v2/paper/paper-set2 (29).npy,./batch_paper/fitted/paper-set2 (29).npy
thumb,thumbdown,thumbdown_7219,train,./dataset/skeleton_final_v2/thumbdown/thumbdown_7219.npy,./data/salux_refined_6cls/thumb_sources/thumbdown/fitted/thumbdown_7219.npy
the-finger,the-finger,the-finger-set2 (345),train,./dataset/skeleton_final_v2/the-finger/the-finger-set2 (345).npy,./batch_thefinger/fitted/the-finger-set2 (345).npy
the-finger,the-finger,the-finger-set2 (66),train,./dataset/skeleton_final_v2/the-finger/the-finger-set2 (66).npy,./batch_thefinger/fitted/the-finger-set2 (66).npy
thumb,thumbdown,hand-10-535,train,./dataset/skeleton_final_v2/thumbdown/hand-10-535.npy,./data/salux_refined_6cls/thumb_sources/thumbdown/fitted/hand-10-535.npy
thumb,thumbup,thumbup (47),train,./dataset/skeleton_final_v2/thumbup/thumbup (47).npy,./data/salux_refined_6cls/thumb_sources/thumbup/fitted/thumbup (47).npy
rock,rock,rock-set2 (151),train,./dataset/skeleton_final_v2/rock/rock-set2 (151).npy,./batch_rock/fitted/rock-set2 (151).npy
paper,paper,paper_7619,train,./dataset/skeleton_final_v2/paper/paper_7619.npy,./batch_paper/fitted/paper_7619.npy
thumb,thumbdown,thumbdown (60),train,./dataset/skeleton_final_v2/thumbdown/thumbdown (60).npy,./data/salux_refined_6cls/thumb_sources/thumbdown/fitted/thumbdown (60).npy
thumb,thumbdown,thumbdown_160,train,./dataset/skeleton_final_v2/thumbdown/thumbdown_160.npy,./data/salux_refined_6cls/thumb_sources/thumbdown/fitted/thumbdown_160.npy
thumb,thumbdown,thumbdown (80),train,./dataset/skeleton_final_v2/thumbdown/thumbdown (80).npy,./data/salux_refined_6cls/thumb_sources/thumbdown/fitted/thumbdown (80).npy
scissors,scissors,scissors-set2 (280),train,./dataset/skeleton_final_v2/scissors/scissors-set2 (280).npy,./batch_scissors/fitted/scissors-set2 (280).npy
rock,rock,rock-set2 (277),train,./dataset/skeleton_final_v2/rock/rock-set2 (277).npy,./batch_rock/fitted/rock-set2 (277).npy
thumb,thumbdown,thumbdown (323),train,./dataset/skeleton_final_v2/thumbdown/thumbdown (323).npy,./data/salux_refined_6cls/thumb_sources/thumbdown/fitted/thumbdown (323).npy
scissors,scissors,scissors_6721,train,./dataset/skeleton_final_v2/scissors/scissors_6721.npy,./batch_scissors/fitted/scissors_6721.npy
thumb,thumbdown,hand-8-1900,train,./dataset/skeleton_final_v2/thumbdown/hand-8-1900.npy,./data/salux_refined_6cls/thumb_sources/thumbdown/fitted/hand-8-1900.npy
scissors,scissors,scissors (415),train,./dataset/skeleton_final_v2/scissors/scissors (415).npy,./batch_scissors/fitted/scissors (415).npy
paper,paper,paper_2575,train,./dataset/skeleton_final_v2/paper/paper_2575.npy,./batch_paper/fitted/paper_2575.npy
thumb,thumbup,thumbup (249),train,./dataset/skeleton_final_v2/thumbup/thumbup (249).npy,./data/salux_refined_6cls/thumb_sources/thumbup/fitted/thumbup (249).npy
ok,ok,ok_Set2_ (508),train,./dataset/skeleton_final_v2/ok/ok_Set2_ (508).npy,./batch_ok/fitted/ok_Set2_ (508).npy
paper,paper,paper-set2 (313),train,./dataset/skeleton_final_v2/paper/paper-set2 (313).npy,./batch_paper/fitted/paper-set2 (313).npy
scissors,scissors,scissors-set2 (532),train,./dataset/skeleton_final_v2/scissors/scissors-set2 (532).npy,./batch_scissors/fitted/scissors-set2 (532).npy
scissors,scissors,scissors-set2 (557),train,./dataset/skeleton_final_v2/scissors/scissors-set2 (557).npy,./batch_scissors/fitted/scissors-set2 (557).npy
paper,paper,paper_7148,train,./dataset/skeleton_final_v2/paper/paper_7148.npy,./batch_paper/fitted/paper_7148.npy
thumb,thumbdown,thumbdown_2177,train,./dataset/skeleton_final_v2/thumbdown/thumbdown_2177.npy,./data/salux_refined_6cls/thumb_sources/thumbdown/fitted/thumbdown_2177.npy
scissors,scissors,scissors_2603,train,./dataset/skeleton_final_v2/scissors/scissors_2603.npy,./batch_scissors/fitted/scissors_2603.npy
thumb,thumbdown,thumbdown (135),train,./dataset/skeleton_final_v2/thumbdown/thumbdown (135).npy,./data/salux_refined_6cls/thumb_sources/thumbdown/fitted/thumbdown (135).npy
thumb,thumbup,hand-10-1970,train,./dataset/skeleton_final_v2/thumbup/hand-10-1970.npy,./data/salux_refined_6cls/thumb_sources/thumbup/fitted/hand-10-1970.npy
scissors,scissors,scissors-set2 (599),train,./dataset/skeleton_final_v2/scissors/scissors-set2 (599).npy,./batch_scissors/fitted/scissors-set2 (599).npy
scissors,scissors,scissors_4645,train,./dataset/skeleton_final_v2/scissors/scissors_4645.npy,./batch_scissors/fitted/scissors_4645.npy
scissors,scissors,scissors (189),train,./dataset/skeleton_final_v2/scissors/scissors (189).npy,./batch_scissors/fitted/scissors (189).npy
thumb,thumbup,hand-9-1685,train,./dataset/skeleton_final_v2/thumbup/hand-9-1685.npy,./data/salux_refined_6cls/thumb_sources/thumbup/fitted/hand-9-1685.npy
scissors,scissors,scissors (257),train,./dataset/skeleton_final_v2/scissors/scissors (257).npy,./batch_scissors/fitted/scissors (257).npy
thumb,thumbup,thumbup_2123,train,./dataset/skeleton_final_v2/thumbup/thumbup_2123.npy,./data/salux_refined_6cls/thumb_sources/thumbup/fitted/thumbup_2123.npy
paper,paper,paper_6536,train,./dataset/skeleton_final_v2/paper/paper_6536.npy,./batch_paper/fitted/paper_6536.npy
paper,paper,paper_6692,train,./dataset/skeleton_final_v2/paper/paper_6692.npy,./batch_paper/fitted/paper_6692.npy
paper,paper,paper-set2 (321),train,./dataset/skeleton_final_v2/paper/paper-set2 (321).npy,./batch_paper/fitted/paper-set2 (321).npy
the-finger,the-finger,the-finger_9024,train,./dataset/skeleton_final_v2/the-finger/the-finger_9024.npy,./batch_thefinger/fitted/the-finger_9024.npy
scissors,scissors,scissors-set2 (644),train,./dataset/skeleton_final_v2/scissors/scissors-set2 (644).npy,./batch_scissors/fitted/scissors-set2 (644).npy
scissors,scissors,scissors_7655,train,./dataset/skeleton_final_v2/scissors/scissors_7655.npy,./batch_scissors/fitted/scissors_7655.npy
paper,paper,paper-set2 (42),train,./dataset/skeleton_final_v2/paper/paper-set2 (42).npy,./batch_paper/fitted/paper-set2 (42).npy
scissors,scissors,scissors-set2 (87),train,./dataset/skeleton_final_v2/scissors/scissors-set2 (87).npy,./batch_scissors/fitted/scissors-set2 (87).npy
scissors,scissors,scissors (355),train,./dataset/skeleton_final_v2/scissors/scissors (355).npy,./batch_scissors/fitted/scissors (355).npy
scissors,scissors,scissors_1480,train,./dataset/skeleton_final_v2/scissors/scissors_1480.npy,./batch_scissors/fitted/scissors_1480.npy
the-finger,the-finger,the-finger-set2 (192),train,./dataset/skeleton_final_v2/the-finger/the-finger-set2 (192).npy,./batch_thefinger/fitted/the-finger-set2 (192).npy
thumb,thumbup,thumbup (52),train,./dataset/skeleton_final_v2/thumbup/thumbup (52).npy,./data/salux_refined_6cls/thumb_sources/thumbup/fitted/thumbup (52).npy
ok,ok,ok_Set2_ (344),train,./dataset/skeleton_final_v2/ok/ok_Set2_ (344).npy,./batch_ok/fitted/ok_Set2_ (344).npy
scissors,scissors,scissors (500),train,./dataset/skeleton_final_v2/scissors/scissors (500).npy,./batch_scissors/fitted/scissors (500).npy
ok,ok,ok_Set2_ (290),train,./dataset/skeleton_final_v2/ok/ok_Set2_ (290).npy,./batch_ok/fitted/ok_Set2_ (290).npy
thumb,thumbdown,hand-9-2095,train,./dataset/skeleton_final_v2/thumbdown/hand-9-2095.npy,./data/salux_refined_6cls/thumb_sources/thumbdown/fitted/hand-9-2095.npy
paper,paper,paper_38,train,./dataset/skeleton_final_v2/paper/paper_38.npy,./batch_paper/fitted/paper_38.npy
ok,ok,ok_7012,train,./dataset/skeleton_final_v2/ok/ok_7012.npy,./batch_ok/fitted/ok_7012.npy
ok,ok,ok_Set2_ (150),train,./dataset/skeleton_final_v2/ok/ok_Set2_ (150).npy,./batch_ok/fitted/ok_Set2_ (150).npy
thumb,thumbup,thumbup_2121,train,./dataset/skeleton_final_v2/thumbup/thumbup_2121.npy,./data/salux_refined_6cls/thumb_sources/thumbup/fitted/thumbup_2121.npy
scissors,scissors,scissors-set2 (613),train,./dataset/skeleton_final_v2/scissors/scissors-set2 (613).npy,./batch_scissors/fitted/scissors-set2 (613).npy
the-finger,the-finger,the-finger-set2 (70),train,./dataset/skeleton_final_v2/the-finger/the-finger-set2 (70).npy,./batch_thefinger/fitted/the-finger-set2 (70).npy
scissors,scissors,scissors_3947,train,./dataset/skeleton_final_v2/scissors/scissors_3947.npy,./batch_scissors/fitted/scissors_3947.npy
paper,paper,paper_2564,train,./dataset/skeleton_final_v2/paper/paper_2564.npy,./batch_paper/fitted/paper_2564.npy
paper,paper,paper-set2 (38),train,./dataset/skeleton_final_v2/paper/paper-set2 (38).npy,./batch_paper/fitted/paper-set2 (38).npy
paper,paper,paper_6527,train,./dataset/skeleton_final_v2/paper/paper_6527.npy,./batch_paper/fitted/paper_6527.npy
the-finger,the-finger,the-finger-set2 (331),train,./dataset/skeleton_final_v2/the-finger/the-finger-set2 (331).npy,./batch_thefinger/fitted/the-finger-set2 (331).npy
ok,ok,ok_5949,train,./dataset/skeleton_final_v2/ok/ok_5949.npy,./batch_ok/fitted/ok_5949.npy
scissors,scissors,scissors-set2 (108),train,./dataset/skeleton_final_v2/scissors/scissors-set2 (108).npy,./batch_scissors/fitted/scissors-set2 (108).npy
thumb,thumbdown,thumbdown (42),train,./dataset/skeleton_final_v2/thumbdown/thumbdown (42).npy,./data/salux_refined_6cls/thumb_sources/thumbdown/fitted/thumbdown (42).npy
scissors,scissors,scissors-set2 (175),train,./dataset/skeleton_final_v2/scissors/scissors-set2 (175).npy,./batch_scissors/fitted/scissors-set2 (175).npy
paper,paper,paper (167),train,./dataset/skeleton_final_v2/paper/paper (167).npy,./batch_paper/fitted/paper (167).npy
thumb,thumbup,thumbup (94),train,./dataset/skeleton_final_v2/thumbup/thumbup (94).npy,./data/salux_refined_6cls/thumb_sources/thumbup/fitted/thumbup (94).npy
rock,rock,rock-set2 (545),train,./dataset/skeleton_final_v2/rock/rock-set2 (545).npy,./batch_rock/fitted/rock-set2 (545).npy
ok,ok,ok_6579,train,./dataset/skeleton_final_v2/ok/ok_6579.npy,./batch_ok/fitted/ok_6579.npy
scissors,scissors,scissors (431),train,./dataset/skeleton_final_v2/scissors/scissors (431).npy,./batch_scissors/fitted/scissors (431).npy
ok,ok,ok_5761,train,./dataset/skeleton_final_v2/ok/ok_5761.npy,./batch_ok/fitted/ok_5761.npy
thumb,thumbdown,thumbdown_5299,train,./dataset/skeleton_final_v2/thumbdown/thumbdown_5299.npy,./data/salux_refined_6cls/thumb_sources/thumbdown/fitted/thumbdown_5299.npy
ok,ok,ok_Set2_ (360),train,./dataset/skeleton_final_v2/ok/ok_Set2_ (360).npy,./batch_ok/fitted/ok_Set2_ (360).npy
paper,paper,paper_6537,train,./dataset/skeleton_final_v2/paper/paper_6537.npy,./batch_paper/fitted/paper_6537.npy
scissors,scissors,scissors-set2 (260),train,./dataset/skeleton_final_v2/scissors/scissors-set2 (260).npy,./batch_scissors/fitted/scissors-set2 (260).npy
paper,paper,paper (134),train,./dataset/skeleton_final_v2/paper/paper (134).npy,./batch_paper/fitted/paper (134).npy
paper,paper,paper-set2 (355),train,./dataset/skeleton_final_v2/paper/paper-set2 (355).npy,./batch_paper/fitted/paper-set2 (355).npy
scissors,scissors,scissors (25),train,./dataset/skeleton_final_v2/scissors/scissors (25).npy,./batch_scissors/fitted/scissors (25).npy
thumb,thumbup,hand-7-1340,train,./dataset/skeleton_final_v2/thumbup/hand-7-1340.npy,./data/salux_refined_6cls/thumb_sources/thumbup/fitted/hand-7-1340.npy
thumb,thumbup,thumbup (475),train,./dataset/skeleton_final_v2/thumbup/thumbup (475).npy,./data/salux_refined_6cls/thumb_sources/thumbup/fitted/thumbup (475).npy
paper,paper,paper (141),train,./dataset/skeleton_final_v2/paper/paper (141).npy,./batch_paper/fitted/paper (141).npy
paper,paper,paper (272),train,./dataset/skeleton_final_v2/paper/paper (272).npy,./batch_paper/fitted/paper (272).npy
ok,ok,ok_Set2_ (271),train,./dataset/skeleton_final_v2/ok/ok_Set2_ (271).npy,./batch_ok/fitted/ok_Set2_ (271).npy
thumb,thumbup,hand-11-2165,train,./dataset/skeleton_final_v2/thumbup/hand-11-2165.npy,./data/salux_refined_6cls/thumb_sources/thumbup/fitted/hand-11-2165.npy
the-finger,the-finger,the-finger (146),train,./dataset/skeleton_final_v2/the-finger/the-finger (146).npy,./batch_thefinger/fitted/the-finger (146).npy
scissors,scissors,scissors (18),train,./dataset/skeleton_final_v2/scissors/scissors (18).npy,./batch_scissors/fitted/scissors (18).npy
scissors,scissors,scissors (339),train,./dataset/skeleton_final_v2/scissors/scissors (339).npy,./batch_scissors/fitted/scissors (339).npy
ok,ok,ok_2794,train,./dataset/skeleton_final_v2/ok/ok_2794.npy,./batch_ok/fitted/ok_2794.npy
paper,paper,paper_9144,train,./dataset/skeleton_final_v2/paper/paper_9144.npy,./batch_paper/fitted/paper_9144.npy
rock,rock,rock_1768,train,./dataset/skeleton_final_v2/rock/rock_1768.npy,./batch_rock/fitted/rock_1768.npy
thumb,thumbup,hand-11-2280,train,./dataset/skeleton_final_v2/thumbup/hand-11-2280.npy,./data/salux_refined_6cls/thumb_sources/thumbup/fitted/hand-11-2280.npy
rock,rock,rock_695,train,./dataset/skeleton_final_v2/rock/rock_695.npy,./batch_rock/fitted/rock_695.npy
scissors,scissors,scissors_5496,train,./dataset/skeleton_final_v2/scissors/scissors_5496.npy,./batch_scissors/fitted/scissors_5496.npy
thumb,thumbup,hand-10-2575,train,./dataset/skeleton_final_v2/thumbup/hand-10-2575.npy,./data/salux_refined_6cls/thumb_sources/thumbup/fitted/hand-10-2575.npy
paper,paper,paper_4573,train,./dataset/skeleton_final_v2/paper/paper_4573.npy,./batch_paper/fitted/paper_4573.npy
paper,paper,paper-set2 (374),train,./dataset/skeleton_final_v2/paper/paper-set2 (374).npy,./batch_paper/fitted/paper-set2 (374).npy
paper,paper,paper_5716,train,./dataset/skeleton_final_v2/paper/paper_5716.npy,./batch_paper/fitted/paper_5716.npy
thumb,thumbdown,thumbdown (277),train,./dataset/skeleton_final_v2/thumbdown/thumbdown (277).npy,./data/salux_refined_6cls/thumb_sources/thumbdown/fitted/thumbdown (277).npy
thumb,thumbup,hand-9-1710,train,./dataset/skeleton_final_v2/thumbup/hand-9-1710.npy,./data/salux_refined_6cls/thumb_sources/thumbup/fitted/hand-9-1710.npy
thumb,thumbdown,thumbdown (311),train,./dataset/skeleton_final_v2/thumbdown/thumbdown (311).npy,./data/salux_refined_6cls/thumb_sources/thumbdown/fitted/thumbdown (311).npy
ok,ok,ok_Set2_ (563),train,./dataset/skeleton_final_v2/ok/ok_Set2_ (563).npy,./batch_ok/fitted/ok_Set2_ (563).npy
scissors,scissors,scissors-set2 (321),train,./dataset/skeleton_final_v2/scissors/scissors-set2 (321).npy,./batch_scissors/fitted/scissors-set2 (321).npy
the-finger,the-finger,the-finger_2262,train,./dataset/skeleton_final_v2/the-finger/the-finger_2262.npy,./batch_thefinger/fitted/the-finger_2262.npy
thumb,thumbdown,thumbdown_6444,train,./dataset/skeleton_final_v2/thumbdown/thumbdown_6444.npy,./data/salux_refined_6cls/thumb_sources/thumbdown/fitted/thumbdown_6444.npy
the-finger,the-finger,the-finger_8272,train,./dataset/skeleton_final_v2/the-finger/the-finger_8272.npy,./batch_thefinger/fitted/the-finger_8272.npy
ok,ok,ok_2626,train,./dataset/skeleton_final_v2/ok/ok_2626.npy,./batch_ok/fitted/ok_2626.npy
thumb,thumbup,thumbup (170),train,./dataset/skeleton_final_v2/thumbup/thumbup (170).npy,./data/salux_refined_6cls/thumb_sources/thumbup/fitted/thumbup (170).npy
thumb,thumbup,thumbup_2133,train,./dataset/skeleton_final_v2/thumbup/thumbup_2133.npy,./data/salux_refined_6cls/thumb_sources/thumbup/fitted/thumbup_2133.npy
paper,paper,paper-set2 (89),train,./dataset/skeleton_final_v2/paper/paper-set2 (89).npy,./batch_paper/fitted/paper-set2 (89).npy
thumb,thumbup,thumbup (136),train,./dataset/skeleton_final_v2/thumbup/thumbup (136).npy,./data/salux_refined_6cls/thumb_sources/thumbup/fitted/thumbup (136).npy
scissors,scissors,scissors_2676,train,./dataset/skeleton_final_v2/scissors/scissors_2676.npy,./batch_scissors/fitted/scissors_2676.npy
ok,ok,ok_6976,train,./dataset/skeleton_final_v2/ok/ok_6976.npy,./batch_ok/fitted/ok_6976.npy
paper,paper,paper_356,train,./dataset/skeleton_final_v2/paper/paper_356.npy,./batch_paper/fitted/paper_356.npy
paper,paper,paper_5718,train,./dataset/skeleton_final_v2/paper/paper_5718.npy,./batch_paper/fitted/paper_5718.npy
thumb,thumbup,hand-9-1530,train,./dataset/skeleton_final_v2/thumbup/hand-9-1530.npy,./data/salux_refined_6cls/thumb_sources/thumbup/fitted/hand-9-1530.npy
thumb,thumbdown,thumbdown (299),train,./dataset/skeleton_final_v2/thumbdown/thumbdown (299).npy,./data/salux_refined_6cls/thumb_sources/thumbdown/fitted/thumbdown (299).npy
thumb,thumbdown,thumbdown_4394,train,./dataset/skeleton_final_v2/thumbdown/thumbdown_4394.npy,./data/salux_refined_6cls/thumb_sources/thumbdown/fitted/thumbdown_4394.npy
scissors,scissors,scissors_5491,train,./dataset/skeleton_final_v2/scissors/scissors_5491.npy,./batch_scissors/fitted/scissors_5491.npy
thumb,thumbdown,thumbdown (237),train,./dataset/skeleton_final_v2/thumbdown/thumbdown (237).npy,./data/salux_refined_6cls/thumb_sources/thumbdown/fitted/thumbdown (237).npy
scissors,scissors,scissors (337),train,./dataset/skeleton_final_v2/scissors/scissors (337).npy,./batch_scissors/fitted/scissors (337).npy
ok,ok,ok (67),train,./dataset/skeleton_final_v2/ok/ok (67).npy,./batch_ok/fitted/ok (67).npy
scissors,scissors,scissors_2587,train,./dataset/skeleton_final_v2/scissors/scissors_2587.npy,./batch_scissors/fitted/scissors_2587.npy
paper,paper,paper_4580,train,./dataset/skeleton_final_v2/paper/paper_4580.npy,./batch_paper/fitted/paper_4580.npy
ok,ok,ok (218),train,./dataset/skeleton_final_v2/ok/ok (218).npy,./batch_ok/fitted/ok (218).npy
paper,paper,paper-set2 (315),train,./dataset/skeleton_final_v2/paper/paper-set2 (315).npy,./batch_paper/fitted/paper-set2 (315).npy
thumb,thumbdown,hand-11-830,train,./dataset/skeleton_final_v2/thumbdown/hand-11-830.npy,./data/salux_refined_6cls/thumb_sources/thumbdown/fitted/hand-11-830.npy
scissors,scissors,scissors-set2 (71),train,./dataset/skeleton_final_v2/scissors/scissors-set2 (71).npy,./batch_scissors/fitted/scissors-set2 (71).npy
the-finger,the-finger,the-finger-set2 (396),train,./dataset/skeleton_final_v2/the-finger/the-finger-set2 (396).npy,./batch_thefinger/fitted/the-finger-set2 (396).npy
the-finger,the-finger,the-finger-set2 (303),train,./dataset/skeleton_final_v2/the-finger/the-finger-set2 (303).npy,./batch_thefinger/fitted/the-finger-set2 (303).npy
the-finger,the-finger,the-finger_6295,train,./dataset/skeleton_final_v2/the-finger/the-finger_6295.npy,./batch_thefinger/fitted/the-finger_6295.npy
paper,paper,paper-set2 (507),train,./dataset/skeleton_final_v2/paper/paper-set2 (507).npy,./batch_paper/fitted/paper-set2 (507).npy
paper,paper,paper_8746,train,./dataset/skeleton_final_v2/paper/paper_8746.npy,./batch_paper/fitted/paper_8746.npy
paper,paper,paper-set2 (278),train,./dataset/skeleton_final_v2/paper/paper-set2 (278).npy,./batch_paper/fitted/paper-set2 (278).npy
ok,ok,ok_Set2_ (23),train,./dataset/skeleton_final_v2/ok/ok_Set2_ (23).npy,./batch_ok/fitted/ok_Set2_ (23).npy
ok,ok,ok_Set2_ (194),train,./dataset/skeleton_final_v2/ok/ok_Set2_ (194).npy,./batch_ok/fitted/ok_Set2_ (194).npy
the-finger,the-finger,the-finger (23),train,./dataset/skeleton_final_v2/the-finger/the-finger (23).npy,./batch_thefinger/fitted/the-finger (23).npy
scissors,scissors,scissors_5746,train,./dataset/skeleton_final_v2/scissors/scissors_5746.npy,./batch_scissors/fitted/scissors_5746.npy
ok,ok,ok (51),train,./dataset/skeleton_final_v2/ok/ok (51).npy,./batch_ok/fitted/ok (51).npy
rock,rock,rock (131),train,./dataset/skeleton_final_v2/rock/rock (131).npy,./batch_rock/fitted/rock (131).npy
ok,ok,ok_9228,train,./dataset/skeleton_final_v2/ok/ok_9228.npy,./batch_ok/fitted/ok_9228.npy
scissors,scissors,scissors (54),train,./dataset/skeleton_final_v2/scissors/scissors (54).npy,./batch_scissors/fitted/scissors (54).npy
thumb,thumbup,thumbup_5789,train,./dataset/skeleton_final_v2/thumbup/thumbup_5789.npy,./data/salux_refined_6cls/thumb_sources/thumbup/fitted/thumbup_5789.npy
scissors,scissors,scissors-set2 (34),train,./dataset/skeleton_final_v2/scissors/scissors-set2 (34).npy,./batch_scissors/fitted/scissors-set2 (34).npy
paper,paper,paper-set2 (83),train,./dataset/skeleton_final_v2/paper/paper-set2 (83).npy,./batch_paper/fitted/paper-set2 (83).npy
thumb,thumbdown,hand-9-1905,train,./dataset/skeleton_final_v2/thumbdown/hand-9-1905.npy,./data/salux_refined_6cls/thumb_sources/thumbdown/fitted/hand-9-1905.npy
ok,ok,ok (134),train,./dataset/skeleton_final_v2/ok/ok (134).npy,./batch_ok/fitted/ok (134).npy
paper,paper,paper (57),train,./dataset/skeleton_final_v2/paper/paper (57).npy,./batch_paper/fitted/paper (57).npy
thumb,thumbup,thumbup_6203,train,./dataset/skeleton_final_v2/thumbup/thumbup_6203.npy,./data/salux_refined_6cls/thumb_sources/thumbup/fitted/thumbup_6203.npy
ok,ok,ok_Set2_ (560),train,./dataset/skeleton_final_v2/ok/ok_Set2_ (560).npy,./batch_ok/fitted/ok_Set2_ (560).npy
the-finger,the-finger,the-finger-set2 (310),train,./dataset/skeleton_final_v2/the-finger/the-finger-set2 (310).npy,./batch_thefinger/fitted/the-finger-set2 (310).npy
ok,ok,ok_1997,train,./dataset/skeleton_final_v2/ok/ok_1997.npy,./batch_ok/fitted/ok_1997.npy
thumb,thumbup,thumbup (181),train,./dataset/skeleton_final_v2/thumbup/thumbup (181).npy,./data/salux_refined_6cls/thumb_sources/thumbup/fitted/thumbup (181).npy
thumb,thumbdown,thumbdown (252),train,./dataset/skeleton_final_v2/thumbdown/thumbdown (252).npy,./data/salux_refined_6cls/thumb_sources/thumbdown/fitted/thumbdown (252).npy
thumb,thumbdown,thumbdown_4419,train,./dataset/skeleton_final_v2/thumbdown/thumbdown_4419.npy,./data/salux_refined_6cls/thumb_sources/thumbdown/fitted/thumbdown_4419.npy
ok,ok,ok_Set2_ (372),train,./dataset/skeleton_final_v2/ok/ok_Set2_ (372).npy,./batch_ok/fitted/ok_Set2_ (372).npy
ok,ok,ok_Set2_ (217),train,./dataset/skeleton_final_v2/ok/ok_Set2_ (217).npy,./batch_ok/fitted/ok_Set2_ (217).npy
scissors,scissors,scissors-set2 (1),train,./dataset/skeleton_final_v2/scissors/scissors-set2 (1).npy,./batch_scissors/fitted/scissors-set2 (1).npy
ok,ok,ok_6973,train,./dataset/skeleton_final_v2/ok/ok_6973.npy,./batch_ok/fitted/ok_6973.npy
thumb,thumbdown,thumbdown (178),train,./dataset/skeleton_final_v2/thumbdown/thumbdown (178).npy,./data/salux_refined_6cls/thumb_sources/thumbdown/fitted/thumbdown (178).npy
the-finger,the-finger,the-finger-set2 (376),train,./dataset/skeleton_final_v2/the-finger/the-finger-set2 (376).npy,./batch_thefinger/fitted/the-finger-set2 (376).npy
scissors,scissors,scissors-set2 (552),train,./dataset/skeleton_final_v2/scissors/scissors-set2 (552).npy,./batch_scissors/fitted/scissors-set2 (552).npy
thumb,thumbdown,thumbdown (74),train,./dataset/skeleton_final_v2/thumbdown/thumbdown (74).npy,./data/salux_refined_6cls/thumb_sources/thumbdown/fitted/thumbdown (74).npy
the-finger,the-finger,the-finger-set2 (134),train,./dataset/skeleton_final_v2/the-finger/the-finger-set2 (134).npy,./batch_thefinger/fitted/the-finger-set2 (134).npy
ok,ok,ok_4028,train,./dataset/skeleton_final_v2/ok/ok_4028.npy,./batch_ok/fitted/ok_4028.npy
scissors,scissors,scissors-set2 (435),train,./dataset/skeleton_final_v2/scissors/scissors-set2 (435).npy,./batch_scissors/fitted/scissors-set2 (435).npy
paper,paper,paper_388,train,./dataset/skeleton_final_v2/paper/paper_388.npy,./batch_paper/fitted/paper_388.npy
scissors,scissors,scissors (353),train,./dataset/skeleton_final_v2/scissors/scissors (353).npy,./batch_scissors/fitted/scissors (353).npy
scissors,scissors,scissors_6558,train,./dataset/skeleton_final_v2/scissors/scissors_6558.npy,./batch_scissors/fitted/scissors_6558.npy
thumb,thumbup,thumbup (384),train,./dataset/skeleton_final_v2/thumbup/thumbup (384).npy,./data/salux_refined_6cls/thumb_sources/thumbup/fitted/thumbup (384).npy
thumb,thumbup,thumbup (129),train,./dataset/skeleton_final_v2/thumbup/thumbup (129).npy,./data/salux_refined_6cls/thumb_sources/thumbup/fitted/thumbup (129).npy
scissors,scissors,scissors (273),train,./dataset/skeleton_final_v2/scissors/scissors (273).npy,./batch_scissors/fitted/scissors (273).npy
thumb,thumbup,thumbup (27),train,./dataset/skeleton_final_v2/thumbup/thumbup (27).npy,./data/salux_refined_6cls/thumb_sources/thumbup/fitted/thumbup (27).npy
scissors,scissors,scissors-set2 (128),train,./dataset/skeleton_final_v2/scissors/scissors-set2 (128).npy,./batch_scissors/fitted/scissors-set2 (128).npy
scissors,scissors,scissors_9220,train,./dataset/skeleton_final_v2/scissors/scissors_9220.npy,./batch_scissors/fitted/scissors_9220.npy
paper,paper,paper_4594,train,./dataset/skeleton_final_v2/paper/paper_4594.npy,./batch_paper/fitted/paper_4594.npy
thumb,thumbup,thumbup_8122,train,./dataset/skeleton_final_v2/thumbup/thumbup_8122.npy,./data/salux_refined_6cls/thumb_sources/thumbup/fitted/thumbup_8122.npy
thumb,thumbdown,thumbdown_5589,train,./dataset/skeleton_final_v2/thumbdown/thumbdown_5589.npy,./data/salux_refined_6cls/thumb_sources/thumbdown/fitted/thumbdown_5589.npy
thumb,thumbup,thumbup_6412,train,./dataset/skeleton_final_v2/thumbup/thumbup_6412.npy,./data/salux_refined_6cls/thumb_sources/thumbup/fitted/thumbup_6412.npy
ok,ok,ok_Set2_ (215),train,./dataset/skeleton_final_v2/ok/ok_Set2_ (215).npy,./batch_ok/fitted/ok_Set2_ (215).npy
rock,rock,rock-set2 (155),train,./dataset/skeleton_final_v2/rock/rock-set2 (155).npy,./batch_rock/fitted/rock-set2 (155).npy
scissors,scissors,scissors (419),train,./dataset/skeleton_final_v2/scissors/scissors (419).npy,./batch_scissors/fitted/scissors (419).npy
thumb,thumbup,thumbup (438),train,./dataset/skeleton_final_v2/thumbup/thumbup (438).npy,./data/salux_refined_6cls/thumb_sources/thumbup/fitted/thumbup (438).npy
thumb,thumbup,thumbup (298),train,./dataset/skeleton_final_v2/thumbup/thumbup (298).npy,./data/salux_refined_6cls/thumb_sources/thumbup/fitted/thumbup (298).npy
paper,paper,paper-set2 (333),train,./dataset/skeleton_final_v2/paper/paper-set2 (333).npy,./batch_paper/fitted/paper-set2 (333).npy
rock,rock,rock-set2 (242),train,./dataset/skeleton_final_v2/rock/rock-set2 (242).npy,./batch_rock/fitted/rock-set2 (242).npy
paper,paper,paper_2557,train,./dataset/skeleton_final_v2/paper/paper_2557.npy,./batch_paper/fitted/paper_2557.npy
scissors,scissors,scissors_764,train,./dataset/skeleton_final_v2/scissors/scissors_764.npy,./batch_scissors/fitted/scissors_764.npy
scissors,scissors,scissors_8792,train,./dataset/skeleton_final_v2/scissors/scissors_8792.npy,./batch_scissors/fitted/scissors_8792.npy
ok,ok,ok_Set2_ (257),train,./dataset/skeleton_final_v2/ok/ok_Set2_ (257).npy,./batch_ok/fitted/ok_Set2_ (257).npy
thumb,thumbdown,thumbdown (336),train,./dataset/skeleton_final_v2/thumbdown/thumbdown (336).npy,./data/salux_refined_6cls/thumb_sources/thumbdown/fitted/thumbdown (336).npy
thumb,thumbup,thumbup_7036,train,./dataset/skeleton_final_v2/thumbup/thumbup_7036.npy,./data/salux_refined_6cls/thumb_sources/thumbup/fitted/thumbup_7036.npy
thumb,thumbdown,hand-9-2085,train,./dataset/skeleton_final_v2/thumbdown/hand-9-2085.npy,./data/salux_refined_6cls/thumb_sources/thumbdown/fitted/hand-9-2085.npy
thumb,thumbup,thumbup (13),train,./dataset/skeleton_final_v2/thumbup/thumbup (13).npy,./data/salux_refined_6cls/thumb_sources/thumbup/fitted/thumbup (13).npy
paper,paper,paper_9138,train,./dataset/skeleton_final_v2/paper/paper_9138.npy,./batch_paper/fitted/paper_9138.npy
ok,ok,ok_1937,train,./dataset/skeleton_final_v2/ok/ok_1937.npy,./batch_ok/fitted/ok_1937.npy
thumb,thumbup,thumbup_5807,train,./dataset/skeleton_final_v2/thumbup/thumbup_5807.npy,./data/salux_refined_6cls/thumb_sources/thumbup/fitted/thumbup_5807.npy
thumb,thumbdown,hand-11-730,train,./dataset/skeleton_final_v2/thumbdown/hand-11-730.npy,./data/salux_refined_6cls/thumb_sources/thumbdown/fitted/hand-11-730.npy
the-finger,the-finger,the-finger-set2 (41),train,./dataset/skeleton_final_v2/the-finger/the-finger-set2 (41).npy,./batch_thefinger/fitted/the-finger-set2 (41).npy
thumb,thumbup,thumbup (328),train,./dataset/skeleton_final_v2/thumbup/thumbup (328).npy,./data/salux_refined_6cls/thumb_sources/thumbup/fitted/thumbup (328).npy
scissors,scissors,scissors (130),train,./dataset/skeleton_final_v2/scissors/scissors (130).npy,./batch_scissors/fitted/scissors (130).npy
scissors,scissors,scissors_2658,train,./dataset/skeleton_final_v2/scissors/scissors_2658.npy,./batch_scissors/fitted/scissors_2658.npy
scissors,scissors,scissors-set2 (36),train,./dataset/skeleton_final_v2/scissors/scissors-set2 (36).npy,./batch_scissors/fitted/scissors-set2 (36).npy
the-finger,the-finger,the-finger_6868,train,./dataset/skeleton_final_v2/the-finger/the-finger_6868.npy,./batch_thefinger/fitted/the-finger_6868.npy
thumb,thumbdown,hand-9-1900,train,./dataset/skeleton_final_v2/thumbdown/hand-9-1900.npy,./data/salux_refined_6cls/thumb_sources/thumbdown/fitted/hand-9-1900.npy
scissors,scissors,scissors-set2 (67),train,./dataset/skeleton_final_v2/scissors/scissors-set2 (67).npy,./batch_scissors/fitted/scissors-set2 (67).npy
thumb,thumbup,thumbup (296),train,./dataset/skeleton_final_v2/thumbup/thumbup (296).npy,./data/salux_refined_6cls/thumb_sources/thumbup/fitted/thumbup (296).npy
thumb,thumbdown,thumbdown_157,train,./dataset/skeleton_final_v2/thumbdown/thumbdown_157.npy,./data/salux_refined_6cls/thumb_sources/thumbdown/fitted/thumbdown_157.npy
scissors,scissors,scissors (234),train,./dataset/skeleton_final_v2/scissors/scissors (234).npy,./batch_scissors/fitted/scissors (234).npy
paper,paper,paper_6934,train,./dataset/skeleton_final_v2/paper/paper_6934.npy,./batch_paper/fitted/paper_6934.npy
scissors,scissors,scissors-set2 (368),train,./dataset/skeleton_final_v2/scissors/scissors-set2 (368).npy,./batch_scissors/fitted/scissors-set2 (368).npy
paper,paper,paper-set2 (415),train,./dataset/skeleton_final_v2/paper/paper-set2 (415).npy,./batch_paper/fitted/paper-set2 (415).npy
scissors,scissors,scissors-set2 (609),train,./dataset/skeleton_final_v2/scissors/scissors-set2 (609).npy,./batch_scissors/fitted/scissors-set2 (609).npy
ok,ok,ok_1933,train,./dataset/skeleton_final_v2/ok/ok_1933.npy,./batch_ok/fitted/ok_1933.npy
scissors,scissors,scissors (59),train,./dataset/skeleton_final_v2/scissors/scissors (59).npy,./batch_scissors/fitted/scissors (59).npy
paper,paper,paper (145),train,./dataset/skeleton_final_v2/paper/paper (145).npy,./batch_paper/fitted/paper (145).npy
paper,paper,paper (284),train,./dataset/skeleton_final_v2/paper/paper (284).npy,./batch_paper/fitted/paper (284).npy
the-finger,the-finger,the-finger_6656,train,./dataset/skeleton_final_v2/the-finger/the-finger_6656.npy,./batch_thefinger/fitted/the-finger_6656.npy
scissors,scissors,scissors-set2 (191),train,./dataset/skeleton_final_v2/scissors/scissors-set2 (191).npy,./batch_scissors/fitted/scissors-set2 (191).npy
scissors,scissors,scissors_2650,train,./dataset/skeleton_final_v2/scissors/scissors_2650.npy,./batch_scissors/fitted/scissors_2650.npy
scissors,scissors,scissors-set2 (466),train,./dataset/skeleton_final_v2/scissors/scissors-set2 (466).npy,./batch_scissors/fitted/scissors-set2 (466).npy
scissors,scissors,scissors_3868,train,./dataset/skeleton_final_v2/scissors/scissors_3868.npy,./batch_scissors/fitted/scissors_3868.npy
scissors,scissors,scissors_2597,train,./dataset/skeleton_final_v2/scissors/scissors_2597.npy,./batch_scissors/fitted/scissors_2597.npy
scissors,scissors,scissors (260),train,./dataset/skeleton_final_v2/scissors/scissors (260).npy,./batch_scissors/fitted/scissors (260).npy
paper,paper,paper_9166,train,./dataset/skeleton_final_v2/paper/paper_9166.npy,./batch_paper/fitted/paper_9166.npy
thumb,thumbdown,thumbdown_3395,train,./dataset/skeleton_final_v2/thumbdown/thumbdown_3395.npy,./data/salux_refined_6cls/thumb_sources/thumbdown/fitted/thumbdown_3395.npy
paper,paper,paper_3715,train,./dataset/skeleton_final_v2/paper/paper_3715.npy,./batch_paper/fitted/paper_3715.npy
paper,paper,paper-set2 (495),train,./dataset/skeleton_final_v2/paper/paper-set2 (495).npy,./batch_paper/fitted/paper-set2 (495).npy
paper,paper,paper_1029,train,./dataset/skeleton_final_v2/paper/paper_1029.npy,./batch_paper/fitted/paper_1029.npy
rock,rock,rock-set2 (342),train,./dataset/skeleton_final_v2/rock/rock-set2 (342).npy,./batch_rock/fitted/rock-set2 (342).npy
paper,paper,paper-set2 (435),train,./dataset/skeleton_final_v2/paper/paper-set2 (435).npy,./batch_paper/fitted/paper-set2 (435).npy
the-finger,the-finger,the-finger-set2 (326),train,./dataset/skeleton_final_v2/the-finger/the-finger-set2 (326).npy,./batch_thefinger/fitted/the-finger-set2 (326).npy
rock,rock,rock-set2 (19),train,./dataset/skeleton_final_v2/rock/rock-set2 (19).npy,./batch_rock/fitted/rock-set2 (19).npy
thumb,thumbup,thumbup (142),train,./dataset/skeleton_final_v2/thumbup/thumbup (142).npy,./data/salux_refined_6cls/thumb_sources/thumbup/fitted/thumbup (142).npy
paper,paper,paper_5731,train,./dataset/skeleton_final_v2/paper/paper_5731.npy,./batch_paper/fitted/paper_5731.npy
paper,paper,paper (194),train,./dataset/skeleton_final_v2/paper/paper (194).npy,./batch_paper/fitted/paper (194).npy
scissors,scissors,scissors (359),train,./dataset/skeleton_final_v2/scissors/scissors (359).npy,./batch_scissors/fitted/scissors (359).npy
ok,ok,ok (144),train,./dataset/skeleton_final_v2/ok/ok (144).npy,./batch_ok/fitted/ok (144).npy
scissors,scissors,scissors-set2 (193),train,./dataset/skeleton_final_v2/scissors/scissors-set2 (193).npy,./batch_scissors/fitted/scissors-set2 (193).npy
thumb,thumbup,thumbup (125),train,./dataset/skeleton_final_v2/thumbup/thumbup (125).npy,./data/salux_refined_6cls/thumb_sources/thumbup/fitted/thumbup (125).npy
the-finger,the-finger,the-finger-set2 (335),train,./dataset/skeleton_final_v2/the-finger/the-finger-set2 (335).npy,./batch_thefinger/fitted/the-finger-set2 (335).npy
scissors,scissors,scissors_5489,train,./dataset/skeleton_final_v2/scissors/scissors_5489.npy,./batch_scissors/fitted/scissors_5489.npy
paper,paper,paper-set2 (320),train,./dataset/skeleton_final_v2/paper/paper-set2 (320).npy,./batch_paper/fitted/paper-set2 (320).npy
thumb,thumbup,hand-7-1470,train,./dataset/skeleton_final_v2/thumbup/hand-7-1470.npy,./data/salux_refined_6cls/thumb_sources/thumbup/fitted/hand-7-1470.npy
the-finger,the-finger,the-finger_9052,train,./dataset/skeleton_final_v2/the-finger/the-finger_9052.npy,./batch_thefinger/fitted/the-finger_9052.npy
ok,ok,ok_Set2_ (539),train,./dataset/skeleton_final_v2/ok/ok_Set2_ (539).npy,./batch_ok/fitted/ok_Set2_ (539).npy
paper,paper,paper_4595,train,./dataset/skeleton_final_v2/paper/paper_4595.npy,./batch_paper/fitted/paper_4595.npy
paper,paper,paper (25),train,./dataset/skeleton_final_v2/paper/paper (25).npy,./batch_paper/fitted/paper (25).npy
scissors,scissors,scissors-set2 (244),train,./dataset/skeleton_final_v2/scissors/scissors-set2 (244).npy,./batch_scissors/fitted/scissors-set2 (244).npy
scissors,scissors,scissors-set2 (182),train,./dataset/skeleton_final_v2/scissors/scissors-set2 (182).npy,./batch_scissors/fitted/scissors-set2 (182).npy
paper,paper,paper-set2 (181),train,./dataset/skeleton_final_v2/paper/paper-set2 (181).npy,./batch_paper/fitted/paper-set2 (181).npy
thumb,thumbup,thumbup (244),train,./dataset/skeleton_final_v2/thumbup/thumbup (244).npy,./data/salux_refined_6cls/thumb_sources/thumbup/fitted/thumbup (244).npy
scissors,scissors,scissors-set2 (544),train,./dataset/skeleton_final_v2/scissors/scissors-set2 (544).npy,./batch_scissors/fitted/scissors-set2 (544).npy
thumb,thumbdown,thumbdown (124),train,./dataset/skeleton_final_v2/thumbdown/thumbdown (124).npy,./data/salux_refined_6cls/thumb_sources/thumbdown/fitted/thumbdown (124).npy
scissors,scissors,scissors-set2 (114),train,./dataset/skeleton_final_v2/scissors/scissors-set2 (114).npy,./batch_scissors/fitted/scissors-set2 (114).npy
scissors,scissors,scissors-set2 (200),train,./dataset/skeleton_final_v2/scissors/scissors-set2 (200).npy,./batch_scissors/fitted/scissors-set2 (200).npy
thumb,thumbdown,thumbdown_3417,train,./dataset/skeleton_final_v2/thumbdown/thumbdown_3417.npy,./data/salux_refined_6cls/thumb_sources/thumbdown/fitted/thumbdown_3417.npy
thumb,thumbdown,thumbdown_7455,train,./dataset/skeleton_final_v2/thumbdown/thumbdown_7455.npy,./data/salux_refined_6cls/thumb_sources/thumbdown/fitted/thumbdown_7455.npy
paper,paper,paper_743,train,./dataset/skeleton_final_v2/paper/paper_743.npy,./batch_paper/fitted/paper_743.npy
thumb,thumbup,hand-10-465,train,./dataset/skeleton_final_v2/thumbup/hand-10-465.npy,./data/salux_refined_6cls/thumb_sources/thumbup/fitted/hand-10-465.npy
the-finger,the-finger,the-finger-set2 (346),train,./dataset/skeleton_final_v2/the-finger/the-finger-set2 (346).npy,./batch_thefinger/fitted/the-finger-set2 (346).npy
the-finger,the-finger,the-finger (96),train,./dataset/skeleton_final_v2/the-finger/the-finger (96).npy,./batch_thefinger/fitted/the-finger (96).npy
rock,rock,rock-set2 (431),train,./dataset/skeleton_final_v2/rock/rock-set2 (431).npy,./batch_rock/fitted/rock-set2 (431).npy
ok,ok,ok_Set2_ (383),train,./dataset/skeleton_final_v2/ok/ok_Set2_ (383).npy,./batch_ok/fitted/ok_Set2_ (383).npy
scissors,scissors,scissors_754,train,./dataset/skeleton_final_v2/scissors/scissors_754.npy,./batch_scissors/fitted/scissors_754.npy
rock,rock,rock_7876,train,./dataset/skeleton_final_v2/rock/rock_7876.npy,./batch_rock/fitted/rock_7876.npy
thumb,thumbup,thumbup (382),train,./dataset/skeleton_final_v2/thumbup/thumbup (382).npy,./data/salux_refined_6cls/thumb_sources/thumbup/fitted/thumbup (382).npy
scissors,scissors,scissors (22),train,./dataset/skeleton_final_v2/scissors/scissors (22).npy,./batch_scissors/fitted/scissors (22).npy
scissors,scissors,scissors_4664,train,./dataset/skeleton_final_v2/scissors/scissors_4664.npy,./batch_scissors/fitted/scissors_4664.npy
the-finger,the-finger,the-finger (43),train,./dataset/skeleton_final_v2/the-finger/the-finger (43).npy,./batch_thefinger/fitted/the-finger (43).npy
scissors,scissors,scissors (113),train,./dataset/skeleton_final_v2/scissors/scissors (113).npy,./batch_scissors/fitted/scissors (113).npy
paper,paper,paper_7603,train,./dataset/skeleton_final_v2/paper/paper_7603.npy,./batch_paper/fitted/paper_7603.npy
thumb,thumbdown,hand-7-1570,train,./dataset/skeleton_final_v2/thumbdown/hand-7-1570.npy,./data/salux_refined_6cls/thumb_sources/thumbdown/fitted/hand-7-1570.npy
ok,ok,ok_4961,train,./dataset/skeleton_final_v2/ok/ok_4961.npy,./batch_ok/fitted/ok_4961.npy
ok,ok,ok_Set2_ (230),train,./dataset/skeleton_final_v2/ok/ok_Set2_ (230).npy,./batch_ok/fitted/ok_Set2_ (230).npy
thumb,thumbup,thumbup (163),train,./dataset/skeleton_final_v2/thumbup/thumbup (163).npy,./data/salux_refined_6cls/thumb_sources/thumbup/fitted/thumbup (163).npy
thumb,thumbdown,thumbdown_1319,train,./dataset/skeleton_final_v2/thumbdown/thumbdown_1319.npy,./data/salux_refined_6cls/thumb_sources/thumbdown/fitted/thumbdown_1319.npy
thumb,thumbup,thumbup_7406,train,./dataset/skeleton_final_v2/thumbup/thumbup_7406.npy,./data/salux_refined_6cls/thumb_sources/thumbup/fitted/thumbup_7406.npy
paper,paper,paper-set2 (100),train,./dataset/skeleton_final_v2/paper/paper-set2 (100).npy,./batch_paper/fitted/paper-set2 (100).npy
ok,ok,ok_Set2_ (341),train,./dataset/skeleton_final_v2/ok/ok_Set2_ (341).npy,./batch_ok/fitted/ok_Set2_ (341).npy
paper,paper,paper_5163,train,./dataset/skeleton_final_v2/paper/paper_5163.npy,./batch_paper/fitted/paper_5163.npy
paper,paper,paper-set2 (201),train,./dataset/skeleton_final_v2/paper/paper-set2 (201).npy,./batch_paper/fitted/paper-set2 (201).npy
ok,ok,ok_1193,train,./dataset/skeleton_final_v2/ok/ok_1193.npy,./batch_ok/fitted/ok_1193.npy
thumb,thumbdown,hand-7-1705,train,./dataset/skeleton_final_v2/thumbdown/hand-7-1705.npy,./data/salux_refined_6cls/thumb_sources/thumbdown/fitted/hand-7-1705.npy
scissors,scissors,scissors_5181,train,./dataset/skeleton_final_v2/scissors/scissors_5181.npy,./batch_scissors/fitted/scissors_5181.npy
the-finger,the-finger,the-finger_236,train,./dataset/skeleton_final_v2/the-finger/the-finger_236.npy,./batch_thefinger/fitted/the-finger_236.npy
scissors,scissors,scissors-set2 (351),train,./dataset/skeleton_final_v2/scissors/scissors-set2 (351).npy,./batch_scissors/fitted/scissors-set2 (351).npy
ok,ok,ok_Set2_ (82),train,./dataset/skeleton_final_v2/ok/ok_Set2_ (82).npy,./batch_ok/fitted/ok_Set2_ (82).npy
rock,rock,rock-set2 (5),train,./dataset/skeleton_final_v2/rock/rock-set2 (5).npy,./batch_rock/fitted/rock-set2 (5).npy
thumb,thumbup,hand-10-2125,train,./dataset/skeleton_final_v2/thumbup/hand-10-2125.npy,./data/salux_refined_6cls/thumb_sources/thumbup/fitted/hand-10-2125.npy
thumb,thumbdown,thumbdown_5822,train,./dataset/skeleton_final_v2/thumbdown/thumbdown_5822.npy,./data/salux_refined_6cls/thumb_sources/thumbdown/fitted/thumbdown_5822.npy
scissors,scissors,scissors-set2 (366),train,./dataset/skeleton_final_v2/scissors/scissors-set2 (366).npy,./batch_scissors/fitted/scissors-set2 (366).npy
scissors,scissors,scissors (132),train,./dataset/skeleton_final_v2/scissors/scissors (132).npy,./batch_scissors/fitted/scissors (132).npy
scissors,scissors,scissors-set2 (195),train,./dataset/skeleton_final_v2/scissors/scissors-set2 (195).npy,./batch_scissors/fitted/scissors-set2 (195).npy
scissors,scissors,scissors (241),train,./dataset/skeleton_final_v2/scissors/scissors (241).npy,./batch_scissors/fitted/scissors (241).npy
ok,ok,ok_Set2_ (135),train,./dataset/skeleton_final_v2/ok/ok_Set2_ (135).npy,./batch_ok/fitted/ok_Set2_ (135).npy
thumb,thumbdown,thumbdown (322),train,./dataset/skeleton_final_v2/thumbdown/thumbdown (322).npy,./data/salux_refined_6cls/thumb_sources/thumbdown/fitted/thumbdown (322).npy
thumb,thumbdown,thumbdown (134),train,./dataset/skeleton_final_v2/thumbdown/thumbdown (134).npy,./data/salux_refined_6cls/thumb_sources/thumbdown/fitted/thumbdown (134).npy
scissors,scissors,scissors_5500,train,./dataset/skeleton_final_v2/scissors/scissors_5500.npy,./batch_scissors/fitted/scissors_5500.npy
thumb,thumbdown,thumbdown (253),train,./dataset/skeleton_final_v2/thumbdown/thumbdown (253).npy,./data/salux_refined_6cls/thumb_sources/thumbdown/fitted/thumbdown (253).npy
thumb,thumbup,hand-7-1460,train,./dataset/skeleton_final_v2/thumbup/hand-7-1460.npy,./data/salux_refined_6cls/thumb_sources/thumbup/fitted/hand-7-1460.npy
scissors,scissors,scissors (29),train,./dataset/skeleton_final_v2/scissors/scissors (29).npy,./batch_scissors/fitted/scissors (29).npy
thumb,thumbdown,thumbdown_3375,train,./dataset/skeleton_final_v2/thumbdown/thumbdown_3375.npy,./data/salux_refined_6cls/thumb_sources/thumbdown/fitted/thumbdown_3375.npy
paper,paper,paper_8760,train,./dataset/skeleton_final_v2/paper/paper_8760.npy,./batch_paper/fitted/paper_8760.npy
thumb,thumbup,hand-7-1445,train,./dataset/skeleton_final_v2/thumbup/hand-7-1445.npy,./data/salux_refined_6cls/thumb_sources/thumbup/fitted/hand-7-1445.npy
scissors,scissors,scissors-set2 (462),train,./dataset/skeleton_final_v2/scissors/scissors-set2 (462).npy,./batch_scissors/fitted/scissors-set2 (462).npy
ok,ok,ok_Set2_ (547),train,./dataset/skeleton_final_v2/ok/ok_Set2_ (547).npy,./batch_ok/fitted/ok_Set2_ (547).npy
paper,paper,paper-set2 (434),train,./dataset/skeleton_final_v2/paper/paper-set2 (434).npy,./batch_paper/fitted/paper-set2 (434).npy
paper,paper,paper-set2 (24),train,./dataset/skeleton_final_v2/paper/paper-set2 (24).npy,./batch_paper/fitted/paper-set2 (24).npy
ok,ok,ok_1967,train,./dataset/skeleton_final_v2/ok/ok_1967.npy,./batch_ok/fitted/ok_1967.npy
the-finger,the-finger,the-finger-set2 (212),train,./dataset/skeleton_final_v2/the-finger/the-finger-set2 (212).npy,./batch_thefinger/fitted/the-finger-set2 (212).npy
thumb,thumbup,thumbup (449),train,./dataset/skeleton_final_v2/thumbup/thumbup (449).npy,./data/salux_refined_6cls/thumb_sources/thumbup/fitted/thumbup (449).npy
paper,paper,paper (273),train,./dataset/skeleton_final_v2/paper/paper (273).npy,./batch_paper/fitted/paper (273).npy
scissors,scissors,scissors (251),train,./dataset/skeleton_final_v2/scissors/scissors (251).npy,./batch_scissors/fitted/scissors (251).npy
ok,ok,ok_5524,train,./dataset/skeleton_final_v2/ok/ok_5524.npy,./batch_ok/fitted/ok_5524.npy
ok,ok,ok_Set2_ (332),train,./dataset/skeleton_final_v2/ok/ok_Set2_ (332).npy,./batch_ok/fitted/ok_Set2_ (332).npy
ok,ok,ok_Set2_ (277),train,./dataset/skeleton_final_v2/ok/ok_Set2_ (277).npy,./batch_ok/fitted/ok_Set2_ (277).npy
the-finger,the-finger,the-finger_235,train,./dataset/skeleton_final_v2/the-finger/the-finger_235.npy,./batch_thefinger/fitted/the-finger_235.npy
ok,ok,ok_2662,train,./dataset/skeleton_final_v2/ok/ok_2662.npy,./batch_ok/fitted/ok_2662.npy
paper,paper,paper (196),train,./dataset/skeleton_final_v2/paper/paper (196).npy,./batch_paper/fitted/paper (196).npy
scissors,scissors,scissors-set2 (516),train,./dataset/skeleton_final_v2/scissors/scissors-set2 (516).npy,./batch_scissors/fitted/scissors-set2 (516).npy
the-finger,the-finger,the-finger-set2 (304),train,./dataset/skeleton_final_v2/the-finger/the-finger-set2 (304).npy,./batch_thefinger/fitted/the-finger-set2 (304).npy
ok,ok,ok_5762,train,./dataset/skeleton_final_v2/ok/ok_5762.npy,./batch_ok/fitted/ok_5762.npy
scissors,scissors,scissors-set2 (234),train,./dataset/skeleton_final_v2/scissors/scissors-set2 (234).npy,./batch_scissors/fitted/scissors-set2 (234).npy
thumb,thumbdown,thumbdown_2237,train,./dataset/skeleton_final_v2/thumbdown/thumbdown_2237.npy,./data/salux_refined_6cls/thumb_sources/thumbdown/fitted/thumbdown_2237.npy
ok,ok,ok_Set2_ (61),train,./dataset/skeleton_final_v2/ok/ok_Set2_ (61).npy,./batch_ok/fitted/ok_Set2_ (61).npy
the-finger,the-finger,the-finger-set2 (430),train,./dataset/skeleton_final_v2/the-finger/the-finger-set2 (430).npy,./batch_thefinger/fitted/the-finger-set2 (430).npy
ok,ok,ok_Set2_ (518),train,./dataset/skeleton_final_v2/ok/ok_Set2_ (518).npy,./batch_ok/fitted/ok_Set2_ (518).npy
scissors,scissors,scissors-set2 (155),train,./dataset/skeleton_final_v2/scissors/scissors-set2 (155).npy,./batch_scissors/fitted/scissors-set2 (155).npy
scissors,scissors,scissors_7173,train,./dataset/skeleton_final_v2/scissors/scissors_7173.npy,./batch_scissors/fitted/scissors_7173.npy
paper,paper,paper-set2 (327),train,./dataset/skeleton_final_v2/paper/paper-set2 (327).npy,./batch_paper/fitted/paper-set2 (327).npy
scissors,scissors,scissors_7188,train,./dataset/skeleton_final_v2/scissors/scissors_7188.npy,./batch_scissors/fitted/scissors_7188.npy
paper,paper,paper (170),train,./dataset/skeleton_final_v2/paper/paper (170).npy,./batch_paper/fitted/paper (170).npy
scissors,scissors,scissors-set2 (635),train,./dataset/skeleton_final_v2/scissors/scissors-set2 (635).npy,./batch_scissors/fitted/scissors-set2 (635).npy
thumb,thumbdown,hand-7-1605,train,./dataset/skeleton_final_v2/thumbdown/hand-7-1605.npy,./data/salux_refined_6cls/thumb_sources/thumbdown/fitted/hand-7-1605.npy
paper,paper,paper-set2 (129),train,./dataset/skeleton_final_v2/paper/paper-set2 (129).npy,./batch_paper/fitted/paper-set2 (129).npy
thumb,thumbup,thumbup (46),train,./dataset/skeleton_final_v2/thumbup/thumbup (46).npy,./data/salux_refined_6cls/thumb_sources/thumbup/fitted/thumbup (46).npy
ok,ok,ok_1530,train,./dataset/skeleton_final_v2/ok/ok_1530.npy,./batch_ok/fitted/ok_1530.npy
paper,paper,paper-set2 (11),train,./dataset/skeleton_final_v2/paper/paper-set2 (11).npy,./batch_paper/fitted/paper-set2 (11).npy
thumb,thumbup,hand-11-550,train,./dataset/skeleton_final_v2/thumbup/hand-11-550.npy,./data/salux_refined_6cls/thumb_sources/thumbup/fitted/hand-11-550.npy
scissors,scissors,scissors_3927,train,./dataset/skeleton_final_v2/scissors/scissors_3927.npy,./batch_scissors/fitted/scissors_3927.npy
paper,paper,paper (83),train,./dataset/skeleton_final_v2/paper/paper (83).npy,./batch_paper/fitted/paper (83).npy
paper,paper,paper_6701,train,./dataset/skeleton_final_v2/paper/paper_6701.npy,./batch_paper/fitted/paper_6701.npy
scissors,scissors,scissors-set2 (243),train,./dataset/skeleton_final_v2/scissors/scissors-set2 (243).npy,./batch_scissors/fitted/scissors-set2 (243).npy
scissors,scissors,scissors_5931,train,./dataset/skeleton_final_v2/scissors/scissors_5931.npy,./batch_scissors/fitted/scissors_5931.npy
paper,paper,paper_1438,train,./dataset/skeleton_final_v2/paper/paper_1438.npy,./batch_paper/fitted/paper_1438.npy
scissors,scissors,scissors_6955,train,./dataset/skeleton_final_v2/scissors/scissors_6955.npy,./batch_scissors/fitted/scissors_6955.npy
scissors,scissors,scissors_6167,train,./dataset/skeleton_final_v2/scissors/scissors_6167.npy,./batch_scissors/fitted/scissors_6167.npy
paper,paper,paper_42,train,./dataset/skeleton_final_v2/paper/paper_42.npy,./batch_paper/fitted/paper_42.npy
ok,ok,ok (233),train,./dataset/skeleton_final_v2/ok/ok (233).npy,./batch_ok/fitted/ok (233).npy
ok,ok,ok (23),train,./dataset/skeleton_final_v2/ok/ok (23).npy,./batch_ok/fitted/ok (23).npy
paper,paper,paper-set2 (419),train,./dataset/skeleton_final_v2/paper/paper-set2 (419).npy,./batch_paper/fitted/paper-set2 (419).npy
thumb,thumbdown,thumbdown_185,train,./dataset/skeleton_final_v2/thumbdown/thumbdown_185.npy,./data/salux_refined_6cls/thumb_sources/thumbdown/fitted/thumbdown_185.npy
ok,ok,ok_Set2_ (312),train,./dataset/skeleton_final_v2/ok/ok_Set2_ (312).npy,./batch_ok/fitted/ok_Set2_ (312).npy
ok,ok,ok_Set2_ (225),train,./dataset/skeleton_final_v2/ok/ok_Set2_ (225).npy,./batch_ok/fitted/ok_Set2_ (225).npy
the-finger,the-finger,the-finger (153),train,./dataset/skeleton_final_v2/the-finger/the-finger (153).npy,./batch_thefinger/fitted/the-finger (153).npy
ok,ok,ok_8904,train,./dataset/skeleton_final_v2/ok/ok_8904.npy,./batch_ok/fitted/ok_8904.npy
thumb,thumbdown,thumbdown_7768,train,./dataset/skeleton_final_v2/thumbdown/thumbdown_7768.npy,./data/salux_refined_6cls/thumb_sources/thumbdown/fitted/thumbdown_7768.npy
thumb,thumbup,hand-11-2300,train,./dataset/skeleton_final_v2/thumbup/hand-11-2300.npy,./data/salux_refined_6cls/thumb_sources/thumbup/fitted/hand-11-2300.npy
scissors,scissors,scissors (266),train,./dataset/skeleton_final_v2/scissors/scissors (266).npy,./batch_scissors/fitted/scissors (266).npy
thumb,thumbdown,thumbdown_7436,train,./dataset/skeleton_final_v2/thumbdown/thumbdown_7436.npy,./data/salux_refined_6cls/thumb_sources/thumbdown/fitted/thumbdown_7436.npy
thumb,thumbup,thumbup (42),train,./dataset/skeleton_final_v2/thumbup/thumbup (42).npy,./data/salux_refined_6cls/thumb_sources/thumbup/fitted/thumbup (42).npy
thumb,thumbup,thumbup (77),train,./dataset/skeleton_final_v2/thumbup/thumbup (77).npy,./data/salux_refined_6cls/thumb_sources/thumbup/fitted/thumbup (77).npy
rock,rock,rock-set2 (50),train,./dataset/skeleton_final_v2/rock/rock-set2 (50).npy,./batch_rock/fitted/rock-set2 (50).npy
paper,paper,paper_37,train,./dataset/skeleton_final_v2/paper/paper_37.npy,./batch_paper/fitted/paper_37.npy
rock,rock,rock-set2 (213),train,./dataset/skeleton_final_v2/rock/rock-set2 (213).npy,./batch_rock/fitted/rock-set2 (213).npy
scissors,scissors,scissors (296),train,./dataset/skeleton_final_v2/scissors/scissors (296).npy,./batch_scissors/fitted/scissors (296).npy
paper,paper,paper_737,train,./dataset/skeleton_final_v2/paper/paper_737.npy,./batch_paper/fitted/paper_737.npy
rock,rock,rock (91),train,./dataset/skeleton_final_v2/rock/rock (91).npy,./batch_rock/fitted/rock (91).npy
scissors,scissors,scissors_5514,train,./dataset/skeleton_final_v2/scissors/scissors_5514.npy,./batch_scissors/fitted/scissors_5514.npy
thumb,thumbdown,thumbdown (194),train,./dataset/skeleton_final_v2/thumbdown/thumbdown (194).npy,./data/salux_refined_6cls/thumb_sources/thumbdown/fitted/thumbdown (194).npy
ok,ok,ok_7693,train,./dataset/skeleton_final_v2/ok/ok_7693.npy,./batch_ok/fitted/ok_7693.npy
thumb,thumbup,thumbup_2129,train,./dataset/skeleton_final_v2/thumbup/thumbup_2129.npy,./data/salux_refined_6cls/thumb_sources/thumbup/fitted/thumbup_2129.npy
ok,ok,ok_Set2_ (392),train,./dataset/skeleton_final_v2/ok/ok_Set2_ (392).npy,./batch_ok/fitted/ok_Set2_ (392).npy
scissors,scissors,scissors_440,train,./dataset/skeleton_final_v2/scissors/scissors_440.npy,./batch_scissors/fitted/scissors_440.npy
paper,paper,paper (19),train,./dataset/skeleton_final_v2/paper/paper (19).npy,./batch_paper/fitted/paper (19).npy
thumb,thumbdown,thumbdown_1317,train,./dataset/skeleton_final_v2/thumbdown/thumbdown_1317.npy,./data/salux_refined_6cls/thumb_sources/thumbdown/fitted/thumbdown_1317.npy
paper,paper,paper_731,train,./dataset/skeleton_final_v2/paper/paper_731.npy,./batch_paper/fitted/paper_731.npy
thumb,thumbup,thumbup (489),train,./dataset/skeleton_final_v2/thumbup/thumbup (489).npy,./data/salux_refined_6cls/thumb_sources/thumbup/fitted/thumbup (489).npy
thumb,thumbup,thumbup_8130,train,./dataset/skeleton_final_v2/thumbup/thumbup_8130.npy,./data/salux_refined_6cls/thumb_sources/thumbup/fitted/thumbup_8130.npy
ok,ok,ok (96),train,./dataset/skeleton_final_v2/ok/ok (96).npy,./batch_ok/fitted/ok (96).npy
ok,ok,ok (220),train,./dataset/skeleton_final_v2/ok/ok (220).npy,./batch_ok/fitted/ok (220).npy
ok,ok,ok_1536,train,./dataset/skeleton_final_v2/ok/ok_1536.npy,./batch_ok/fitted/ok_1536.npy
paper,paper,paper-set2 (439),train,./dataset/skeleton_final_v2/paper/paper-set2 (439).npy,./batch_paper/fitted/paper-set2 (439).npy
scissors,scissors,scissors_6151,train,./dataset/skeleton_final_v2/scissors/scissors_6151.npy,./batch_scissors/fitted/scissors_6151.npy
paper,paper,paper_744,train,./dataset/skeleton_final_v2/paper/paper_744.npy,./batch_paper/fitted/paper_744.npy
thumb,thumbup,thumbup (34),train,./dataset/skeleton_final_v2/thumbup/thumbup (34).npy,./data/salux_refined_6cls/thumb_sources/thumbup/fitted/thumbup (34).npy
scissors,scissors,scissors (329),train,./dataset/skeleton_final_v2/scissors/scissors (329).npy,./batch_scissors/fitted/scissors (329).npy
ok,ok,ok_8922,train,./dataset/skeleton_final_v2/ok/ok_8922.npy,./batch_ok/fitted/ok_8922.npy
scissors,scissors,scissors-set2 (584),train,./dataset/skeleton_final_v2/scissors/scissors-set2 (584).npy,./batch_scissors/fitted/scissors-set2 (584).npy
the-finger,the-finger,the-finger-set2 (348),train,./dataset/skeleton_final_v2/the-finger/the-finger-set2 (348).npy,./batch_thefinger/fitted/the-finger-set2 (348).npy
thumb,thumbdown,thumbdown_4405,train,./dataset/skeleton_final_v2/thumbdown/thumbdown_4405.npy,./data/salux_refined_6cls/thumb_sources/thumbdown/fitted/thumbdown_4405.npy
paper,paper,paper_6332,train,./dataset/skeleton_final_v2/paper/paper_6332.npy,./batch_paper/fitted/paper_6332.npy
thumb,thumbdown,thumbdown_4446,train,./dataset/skeleton_final_v2/thumbdown/thumbdown_4446.npy,./data/salux_refined_6cls/thumb_sources/thumbdown/fitted/thumbdown_4446.npy
thumb,thumbdown,hand-7-1610,train,./dataset/skeleton_final_v2/thumbdown/hand-7-1610.npy,./data/salux_refined_6cls/thumb_sources/thumbdown/fitted/hand-7-1610.npy
scissors,scissors,scissors (467),train,./dataset/skeleton_final_v2/scissors/scissors (467).npy,./batch_scissors/fitted/scissors (467).npy
ok,ok,ok_Set2_ (437),train,./dataset/skeleton_final_v2/ok/ok_Set2_ (437).npy,./batch_ok/fitted/ok_Set2_ (437).npy
scissors,scissors,scissors (422),train,./dataset/skeleton_final_v2/scissors/scissors (422).npy,./batch_scissors/fitted/scissors (422).npy
paper,paper,paper-set2 (272),train,./dataset/skeleton_final_v2/paper/paper-set2 (272).npy,./batch_paper/fitted/paper-set2 (272).npy
thumb,thumbup,thumbup_3020,train,./dataset/skeleton_final_v2/thumbup/thumbup_3020.npy,./data/salux_refined_6cls/thumb_sources/thumbup/fitted/thumbup_3020.npy
thumb,thumbdown,thumbdown_5816,train,./dataset/skeleton_final_v2/thumbdown/thumbdown_5816.npy,./data/salux_refined_6cls/thumb_sources/thumbdown/fitted/thumbdown_5816.npy
thumb,thumbdown,thumbdown_6259,train,./dataset/skeleton_final_v2/thumbdown/thumbdown_6259.npy,./data/salux_refined_6cls/thumb_sources/thumbdown/fitted/thumbdown_6259.npy
thumb,thumbdown,thumbdown_2217,train,./dataset/skeleton_final_v2/thumbdown/thumbdown_2217.npy,./data/salux_refined_6cls/thumb_sources/thumbdown/fitted/thumbdown_2217.npy
thumb,thumbdown,thumbdown (66),train,./dataset/skeleton_final_v2/thumbdown/thumbdown (66).npy,./data/salux_refined_6cls/thumb_sources/thumbdown/fitted/thumbdown (66).npy
scissors,scissors,scissors-set2 (616),train,./dataset/skeleton_final_v2/scissors/scissors-set2 (616).npy,./batch_scissors/fitted/scissors-set2 (616).npy
rock,rock,rock-set2 (348),train,./dataset/skeleton_final_v2/rock/rock-set2 (348).npy,./batch_rock/fitted/rock-set2 (348).npy
the-finger,the-finger,the-finger_244,train,./dataset/skeleton_final_v2/the-finger/the-finger_244.npy,./batch_thefinger/fitted/the-finger_244.npy
rock,rock,rock_693,train,./dataset/skeleton_final_v2/rock/rock_693.npy,./batch_rock/fitted/rock_693.npy
thumb,thumbdown,thumbdown_3200,train,./dataset/skeleton_final_v2/thumbdown/thumbdown_3200.npy,./data/salux_refined_6cls/thumb_sources/thumbdown/fitted/thumbdown_3200.npy
thumb,thumbdown,thumbdown_3224,train,./dataset/skeleton_final_v2/thumbdown/thumbdown_3224.npy,./data/salux_refined_6cls/thumb_sources/thumbdown/fitted/thumbdown_3224.npy
thumb,thumbup,thumbup (274),train,./dataset/skeleton_final_v2/thumbup/thumbup (274).npy,./data/salux_refined_6cls/thumb_sources/thumbup/fitted/thumbup (274).npy
scissors,scissors,scissors-set2 (384),train,./dataset/skeleton_final_v2/scissors/scissors-set2 (384).npy,./batch_scissors/fitted/scissors-set2 (384).npy
thumb,thumbdown,thumbdown_3248,train,./dataset/skeleton_final_v2/thumbdown/thumbdown_3248.npy,./data/salux_refined_6cls/thumb_sources/thumbdown/fitted/thumbdown_3248.npy
thumb,thumbup,hand-7-1465,train,./dataset/skeleton_final_v2/thumbup/hand-7-1465.npy,./data/salux_refined_6cls/thumb_sources/thumbup/fitted/hand-7-1465.npy
thumb,thumbup,thumbup (10),train,./dataset/skeleton_final_v2/thumbup/thumbup (10).npy,./data/salux_refined_6cls/thumb_sources/thumbup/fitted/thumbup (10).npy
ok,ok,ok_79,train,./dataset/skeleton_final_v2/ok/ok_79.npy,./batch_ok/fitted/ok_79.npy
paper,paper,paper_5909,train,./dataset/skeleton_final_v2/paper/paper_5909.npy,./batch_paper/fitted/paper_5909.npy
thumb,thumbdown,thumbdown_5660,train,./dataset/skeleton_final_v2/thumbdown/thumbdown_5660.npy,./data/salux_refined_6cls/thumb_sources/thumbdown/fitted/thumbdown_5660.npy
ok,ok,ok (132),train,./dataset/skeleton_final_v2/ok/ok (132).npy,./batch_ok/fitted/ok (132).npy
thumb,thumbdown,hand-10-570,train,./dataset/skeleton_final_v2/thumbdown/hand-10-570.npy,./data/salux_refined_6cls/thumb_sources/thumbdown/fitted/hand-10-570.npy
paper,paper,paper-set2 (46),train,./dataset/skeleton_final_v2/paper/paper-set2 (46).npy,./batch_paper/fitted/paper-set2 (46).npy
ok,ok,ok (170),train,./dataset/skeleton_final_v2/ok/ok (170).npy,./batch_ok/fitted/ok (170).npy
the-finger,the-finger,the-finger_3474,train,./dataset/skeleton_final_v2/the-finger/the-finger_3474.npy,./batch_thefinger/fitted/the-finger_3474.npy
thumb,thumbdown,hand-7-1595,train,./dataset/skeleton_final_v2/thumbdown/hand-7-1595.npy,./data/salux_refined_6cls/thumb_sources/thumbdown/fitted/hand-7-1595.npy
paper,paper,paper_1840,train,./dataset/skeleton_final_v2/paper/paper_1840.npy,./batch_paper/fitted/paper_1840.npy
scissors,scissors,scissors-set2 (220),train,./dataset/skeleton_final_v2/scissors/scissors-set2 (220).npy,./batch_scissors/fitted/scissors-set2 (220).npy
paper,paper,paper-set2 (60),train,./dataset/skeleton_final_v2/paper/paper-set2 (60).npy,./batch_paper/fitted/paper-set2 (60).npy
scissors,scissors,scissors-set2 (80),train,./dataset/skeleton_final_v2/scissors/scissors-set2 (80).npy,./batch_scissors/fitted/scissors-set2 (80).npy
thumb,thumbdown,thumbdown_3169,train,./dataset/skeleton_final_v2/thumbdown/thumbdown_3169.npy,./data/salux_refined_6cls/thumb_sources/thumbdown/fitted/thumbdown_3169.npy
thumb,thumbup,thumbup (86),train,./dataset/skeleton_final_v2/thumbup/thumbup (86).npy,./data/salux_refined_6cls/thumb_sources/thumbup/fitted/thumbup (86).npy
paper,paper,paper-set2 (350),train,./dataset/skeleton_final_v2/paper/paper-set2 (350).npy,./batch_paper/fitted/paper-set2 (350).npy
paper,paper,paper (58),train,./dataset/skeleton_final_v2/paper/paper (58).npy,./batch_paper/fitted/paper (58).npy
paper,paper,paper_6699,train,./dataset/skeleton_final_v2/paper/paper_6699.npy,./batch_paper/fitted/paper_6699.npy
thumb,thumbup,thumbup (451),train,./dataset/skeleton_final_v2/thumbup/thumbup (451).npy,./data/salux_refined_6cls/thumb_sources/thumbup/fitted/thumbup (451).npy
scissors,scissors,scissors-set2 (259),train,./dataset/skeleton_final_v2/scissors/scissors-set2 (259).npy,./batch_scissors/fitted/scissors-set2 (259).npy
ok,ok,ok_Set2_ (352),train,./dataset/skeleton_final_v2/ok/ok_Set2_ (352).npy,./batch_ok/fitted/ok_Set2_ (352).npy
ok,ok,ok_Set2_ (317),train,./dataset/skeleton_final_v2/ok/ok_Set2_ (317).npy,./batch_ok/fitted/ok_Set2_ (317).npy
paper,paper,paper-set2 (444),train,./dataset/skeleton_final_v2/paper/paper-set2 (444).npy,./batch_paper/fitted/paper-set2 (444).npy
ok,ok,ok_5939,train,./dataset/skeleton_final_v2/ok/ok_5939.npy,./batch_ok/fitted/ok_5939.npy
the-finger,the-finger,the-finger_6292,train,./dataset/skeleton_final_v2/the-finger/the-finger_6292.npy,./batch_thefinger/fitted/the-finger_6292.npy
paper,paper,paper-set2 (287),train,./dataset/skeleton_final_v2/paper/paper-set2 (287).npy,./batch_paper/fitted/paper-set2 (287).npy
ok,ok,ok_5783,train,./dataset/skeleton_final_v2/ok/ok_5783.npy,./batch_ok/fitted/ok_5783.npy
scissors,scissors,scissors (445),train,./dataset/skeleton_final_v2/scissors/scissors (445).npy,./batch_scissors/fitted/scissors (445).npy
rock,rock,rock-set2 (362),train,./dataset/skeleton_final_v2/rock/rock-set2 (362).npy,./batch_rock/fitted/rock-set2 (362).npy
thumb,thumbup,thumbup (245),train,./dataset/skeleton_final_v2/thumbup/thumbup (245).npy,./data/salux_refined_6cls/thumb_sources/thumbup/fitted/thumbup (245).npy
thumb,thumbdown,thumbdown (247),train,./dataset/skeleton_final_v2/thumbdown/thumbdown (247).npy,./data/salux_refined_6cls/thumb_sources/thumbdown/fitted/thumbdown (247).npy
ok,ok,ok_8830,train,./dataset/skeleton_final_v2/ok/ok_8830.npy,./batch_ok/fitted/ok_8830.npy
paper,paper,paper-set2 (476),train,./dataset/skeleton_final_v2/paper/paper-set2 (476).npy,./batch_paper/fitted/paper-set2 (476).npy
scissors,scissors,scissors_1484,train,./dataset/skeleton_final_v2/scissors/scissors_1484.npy,./batch_scissors/fitted/scissors_1484.npy
thumb,thumbdown,thumbdown_7252,train,./dataset/skeleton_final_v2/thumbdown/thumbdown_7252.npy,./data/salux_refined_6cls/thumb_sources/thumbdown/fitted/thumbdown_7252.npy
the-finger,the-finger,the-finger-set2 (3),train,./dataset/skeleton_final_v2/the-finger/the-finger-set2 (3).npy,./batch_thefinger/fitted/the-finger-set2 (3).npy
thumb,thumbdown,thumbdown_5662,train,./dataset/skeleton_final_v2/thumbdown/thumbdown_5662.npy,./data/salux_refined_6cls/thumb_sources/thumbdown/fitted/thumbdown_5662.npy
ok,ok,ok_Set2_ (350),train,./dataset/skeleton_final_v2/ok/ok_Set2_ (350).npy,./batch_ok/fitted/ok_Set2_ (350).npy
thumb,thumbup,thumbup_6762,train,./dataset/skeleton_final_v2/thumbup/thumbup_6762.npy,./data/salux_refined_6cls/thumb_sources/thumbup/fitted/thumbup_6762.npy
the-finger,the-finger,the-finger_7080,train,./dataset/skeleton_final_v2/the-finger/the-finger_7080.npy,./batch_thefinger/fitted/the-finger_7080.npy
paper,paper,paper-set2 (214),train,./dataset/skeleton_final_v2/paper/paper-set2 (214).npy,./batch_paper/fitted/paper-set2 (214).npy
paper,paper,paper-set2 (121),train,./dataset/skeleton_final_v2/paper/paper-set2 (121).npy,./batch_paper/fitted/paper-set2 (121).npy
scissors,scissors,scissors_5245,train,./dataset/skeleton_final_v2/scissors/scissors_5245.npy,./batch_scissors/fitted/scissors_5245.npy
ok,ok,ok_6571,train,./dataset/skeleton_final_v2/ok/ok_6571.npy,./batch_ok/fitted/ok_6571.npy
scissors,scissors,scissors (318),train,./dataset/skeleton_final_v2/scissors/scissors (318).npy,./batch_scissors/fitted/scissors (318).npy
thumb,thumbdown,hand-10-2685,train,./dataset/skeleton_final_v2/thumbdown/hand-10-2685.npy,./data/salux_refined_6cls/thumb_sources/thumbdown/fitted/hand-10-2685.npy
ok,ok,ok_2945,train,./dataset/skeleton_final_v2/ok/ok_2945.npy,./batch_ok/fitted/ok_2945.npy
ok,ok,ok_Set2_ (575),train,./dataset/skeleton_final_v2/ok/ok_Set2_ (575).npy,./batch_ok/fitted/ok_Set2_ (575).npy
ok,ok,ok_Set2_ (134),train,./dataset/skeleton_final_v2/ok/ok_Set2_ (134).npy,./batch_ok/fitted/ok_Set2_ (134).npy
ok,ok,ok (197),train,./dataset/skeleton_final_v2/ok/ok (197).npy,./batch_ok/fitted/ok (197).npy
scissors,scissors,scissors (228),train,./dataset/skeleton_final_v2/scissors/scissors (228).npy,./batch_scissors/fitted/scissors (228).npy
the-finger,the-finger,the-finger-set2 (282),train,./dataset/skeleton_final_v2/the-finger/the-finger-set2 (282).npy,./batch_thefinger/fitted/the-finger-set2 (282).npy
the-finger,the-finger,the-finger-set2 (174),train,./dataset/skeleton_final_v2/the-finger/the-finger-set2 (174).npy,./batch_thefinger/fitted/the-finger-set2 (174).npy
scissors,scissors,scissors (330),train,./dataset/skeleton_final_v2/scissors/scissors (330).npy,./batch_scissors/fitted/scissors (330).npy
thumb,thumbup,thumbup_6805,train,./dataset/skeleton_final_v2/thumbup/thumbup_6805.npy,./data/salux_refined_6cls/thumb_sources/thumbup/fitted/thumbup_6805.npy
ok,ok,ok_4870,train,./dataset/skeleton_final_v2/ok/ok_4870.npy,./batch_ok/fitted/ok_4870.npy
scissors,scissors,scissors (2),train,./dataset/skeleton_final_v2/scissors/scissors (2).npy,./batch_scissors/fitted/scissors (2).npy
scissors,scissors,scissors_2601,train,./dataset/skeleton_final_v2/scissors/scissors_2601.npy,./batch_scissors/fitted/scissors_2601.npy
scissors,scissors,scissors (444),train,./dataset/skeleton_final_v2/scissors/scissors (444).npy,./batch_scissors/fitted/scissors (444).npy
ok,ok,ok (102),train,./dataset/skeleton_final_v2/ok/ok (102).npy,./batch_ok/fitted/ok (102).npy
the-finger,the-finger,the-finger-set2 (363),train,./dataset/skeleton_final_v2/the-finger/the-finger-set2 (363).npy,./batch_thefinger/fitted/the-finger-set2 (363).npy
the-finger,the-finger,the-finger-set2 (293),train,./dataset/skeleton_final_v2/the-finger/the-finger-set2 (293).npy,./batch_thefinger/fitted/the-finger-set2 (293).npy
thumb,thumbup,thumbup (303),train,./dataset/skeleton_final_v2/thumbup/thumbup (303).npy,./data/salux_refined_6cls/thumb_sources/thumbup/fitted/thumbup (303).npy
thumb,thumbdown,thumbdown (298),train,./dataset/skeleton_final_v2/thumbdown/thumbdown (298).npy,./data/salux_refined_6cls/thumb_sources/thumbdown/fitted/thumbdown (298).npy
thumb,thumbdown,thumbdown (275),train,./dataset/skeleton_final_v2/thumbdown/thumbdown (275).npy,./data/salux_refined_6cls/thumb_sources/thumbdown/fitted/thumbdown (275).npy
the-finger,the-finger,the-finger-set2 (410),train,./dataset/skeleton_final_v2/the-finger/the-finger-set2 (410).npy,./batch_thefinger/fitted/the-finger-set2 (410).npy
thumb,thumbup,thumbup_2041,train,./dataset/skeleton_final_v2/thumbup/thumbup_2041.npy,./data/salux_refined_6cls/thumb_sources/thumbup/fitted/thumbup_2041.npy
scissors,scissors,scissors-set2 (430),train,./dataset/skeleton_final_v2/scissors/scissors-set2 (430).npy,./batch_scissors/fitted/scissors-set2 (430).npy
scissors,scissors,scissors-set2 (411),train,./dataset/skeleton_final_v2/scissors/scissors-set2 (411).npy,./batch_scissors/fitted/scissors-set2 (411).npy
paper,paper,paper_4576,train,./dataset/skeleton_final_v2/paper/paper_4576.npy,./batch_paper/fitted/paper_4576.npy
paper,paper,paper (96),train,./dataset/skeleton_final_v2/paper/paper (96).npy,./batch_paper/fitted/paper (96).npy
ok,ok,ok_2640,train,./dataset/skeleton_final_v2/ok/ok_2640.npy,./batch_ok/fitted/ok_2640.npy
the-finger,the-finger,the-finger_656,train,./dataset/skeleton_final_v2/the-finger/the-finger_656.npy,./batch_thefinger/fitted/the-finger_656.npy
rock,rock,rock-set2 (207),train,./dataset/skeleton_final_v2/rock/rock-set2 (207).npy,./batch_rock/fitted/rock-set2 (207).npy
scissors,scissors,scissors-set2 (186),train,./dataset/skeleton_final_v2/scissors/scissors-set2 (186).npy,./batch_scissors/fitted/scissors-set2 (186).npy
ok,ok,ok_Set2_ (482),train,./dataset/skeleton_final_v2/ok/ok_Set2_ (482).npy,./batch_ok/fitted/ok_Set2_ (482).npy
the-finger,the-finger,the-finger (66),train,./dataset/skeleton_final_v2/the-finger/the-finger (66).npy,./batch_thefinger/fitted/the-finger (66).npy
paper,paper,paper-set2 (118),train,./dataset/skeleton_final_v2/paper/paper-set2 (118).npy,./batch_paper/fitted/paper-set2 (118).npy
the-finger,the-finger,the-finger_6296,train,./dataset/skeleton_final_v2/the-finger/the-finger_6296.npy,./batch_thefinger/fitted/the-finger_6296.npy
thumb,thumbup,thumbup_6768,train,./dataset/skeleton_final_v2/thumbup/thumbup_6768.npy,./data/salux_refined_6cls/thumb_sources/thumbup/fitted/thumbup_6768.npy
the-finger,the-finger,the-finger-set2 (274),train,./dataset/skeleton_final_v2/the-finger/the-finger-set2 (274).npy,./batch_thefinger/fitted/the-finger-set2 (274).npy
ok,ok,ok_2880,train,./dataset/skeleton_final_v2/ok/ok_2880.npy,./batch_ok/fitted/ok_2880.npy
thumb,thumbdown,thumbdown_7447,train,./dataset/skeleton_final_v2/thumbdown/thumbdown_7447.npy,./data/salux_refined_6cls/thumb_sources/thumbdown/fitted/thumbdown_7447.npy
the-finger,the-finger,the-finger-set2 (341),train,./dataset/skeleton_final_v2/the-finger/the-finger-set2 (341).npy,./batch_thefinger/fitted/the-finger-set2 (341).npy
the-finger,the-finger,the-finger_9070,train,./dataset/skeleton_final_v2/the-finger/the-finger_9070.npy,./batch_thefinger/fitted/the-finger_9070.npy
thumb,thumbup,thumbup (253),train,./dataset/skeleton_final_v2/thumbup/thumbup (253).npy,./data/salux_refined_6cls/thumb_sources/thumbup/fitted/thumbup (253).npy
paper,paper,paper-set2 (234),train,./dataset/skeleton_final_v2/paper/paper-set2 (234).npy,./batch_paper/fitted/paper-set2 (234).npy
thumb,thumbdown,thumbdown_3218,train,./dataset/skeleton_final_v2/thumbdown/thumbdown_3218.npy,./data/salux_refined_6cls/thumb_sources/thumbdown/fitted/thumbdown_3218.npy
thumb,thumbdown,thumbdown (89),train,./dataset/skeleton_final_v2/thumbdown/thumbdown (89).npy,./data/salux_refined_6cls/thumb_sources/thumbdown/fitted/thumbdown (89).npy
thumb,thumbdown,thumbdown (133),train,./dataset/skeleton_final_v2/thumbdown/thumbdown (133).npy,./data/salux_refined_6cls/thumb_sources/thumbdown/fitted/thumbdown (133).npy
the-finger,the-finger,the-finger_2268,train,./dataset/skeleton_final_v2/the-finger/the-finger_2268.npy,./batch_thefinger/fitted/the-finger_2268.npy
paper,paper,paper-set2 (491),train,./dataset/skeleton_final_v2/paper/paper-set2 (491).npy,./batch_paper/fitted/paper-set2 (491).npy
thumb,thumbup,hand-10-2550,train,./dataset/skeleton_final_v2/thumbup/hand-10-2550.npy,./data/salux_refined_6cls/thumb_sources/thumbup/fitted/hand-10-2550.npy
scissors,scissors,scissors-set2 (619),train,./dataset/skeleton_final_v2/scissors/scissors-set2 (619).npy,./batch_scissors/fitted/scissors-set2 (619).npy
the-finger,the-finger,the-finger (147),train,./dataset/skeleton_final_v2/the-finger/the-finger (147).npy,./batch_thefinger/fitted/the-finger (147).npy
thumb,thumbup,thumbup (416),train,./dataset/skeleton_final_v2/thumbup/thumbup (416).npy,./data/salux_refined_6cls/thumb_sources/thumbup/fitted/thumbup (416).npy
scissors,scissors,scissors_8784,train,./dataset/skeleton_final_v2/scissors/scissors_8784.npy,./batch_scissors/fitted/scissors_8784.npy
ok,ok,ok_2844,train,./dataset/skeleton_final_v2/ok/ok_2844.npy,./batch_ok/fitted/ok_2844.npy
thumb,thumbdown,thumbdown_6436,train,./dataset/skeleton_final_v2/thumbdown/thumbdown_6436.npy,./data/salux_refined_6cls/thumb_sources/thumbdown/fitted/thumbdown_6436.npy
thumb,thumbup,thumbup_7400,train,./dataset/skeleton_final_v2/thumbup/thumbup_7400.npy,./data/salux_refined_6cls/thumb_sources/thumbup/fitted/thumbup_7400.npy
scissors,scissors,scissors_1109,train,./dataset/skeleton_final_v2/scissors/scissors_1109.npy,./batch_scissors/fitted/scissors_1109.npy
paper,paper,paper (66),train,./dataset/skeleton_final_v2/paper/paper (66).npy,./batch_paper/fitted/paper (66).npy
scissors,scissors,scissors-set2 (428),train,./dataset/skeleton_final_v2/scissors/scissors-set2 (428).npy,./batch_scissors/fitted/scissors-set2 (428).npy
paper,paper,paper (13),train,./dataset/skeleton_final_v2/paper/paper (13).npy,./batch_paper/fitted/paper (13).npy
thumb,thumbdown,thumbdown_6833,train,./dataset/skeleton_final_v2/thumbdown/thumbdown_6833.npy,./data/salux_refined_6cls/thumb_sources/thumbdown/fitted/thumbdown_6833.npy
paper,paper,paper-set2 (240),train,./dataset/skeleton_final_v2/paper/paper-set2 (240).npy,./batch_paper/fitted/paper-set2 (240).npy
the-finger,the-finger,the-finger-set2 (140),train,./dataset/skeleton_final_v2/the-finger/the-finger-set2 (140).npy,./batch_thefinger/fitted/the-finger-set2 (140).npy
paper,paper,paper (241),train,./dataset/skeleton_final_v2/paper/paper (241).npy,./batch_paper/fitted/paper (241).npy
scissors,scissors,scissors (410),train,./dataset/skeleton_final_v2/scissors/scissors (410).npy,./batch_scissors/fitted/scissors (410).npy
ok,ok,ok (150),train,./dataset/skeleton_final_v2/ok/ok (150).npy,./batch_ok/fitted/ok (150).npy
thumb,thumbdown,thumbdown_9400,train,./dataset/skeleton_final_v2/thumbdown/thumbdown_9400.npy,./data/salux_refined_6cls/thumb_sources/thumbdown/fitted/thumbdown_9400.npy
thumb,thumbup,thumbup_8932,train,./dataset/skeleton_final_v2/thumbup/thumbup_8932.npy,./data/salux_refined_6cls/thumb_sources/thumbup/fitted/thumbup_8932.npy
thumb,thumbdown,thumbdown (257),train,./dataset/skeleton_final_v2/thumbdown/thumbdown (257).npy,./data/salux_refined_6cls/thumb_sources/thumbdown/fitted/thumbdown (257).npy
paper,paper,paper-set2 (279),train,./dataset/skeleton_final_v2/paper/paper-set2 (279).npy,./batch_paper/fitted/paper-set2 (279).npy
scissors,scissors,scissors (224),train,./dataset/skeleton_final_v2/scissors/scissors (224).npy,./batch_scissors/fitted/scissors (224).npy
scissors,scissors,scissors_6960,train,./dataset/skeleton_final_v2/scissors/scissors_6960.npy,./batch_scissors/fitted/scissors_6960.npy
paper,paper,paper-set2 (358),train,./dataset/skeleton_final_v2/paper/paper-set2 (358).npy,./batch_paper/fitted/paper-set2 (358).npy
paper,paper,paper_4596,train,./dataset/skeleton_final_v2/paper/paper_4596.npy,./batch_paper/fitted/paper_4596.npy
scissors,scissors,scissors_5922,train,./dataset/skeleton_final_v2/scissors/scissors_5922.npy,./batch_scissors/fitted/scissors_5922.npy
ok,ok,ok_90,train,./dataset/skeleton_final_v2/ok/ok_90.npy,./batch_ok/fitted/ok_90.npy
thumb,thumbup,hand-10-2600,train,./dataset/skeleton_final_v2/thumbup/hand-10-2600.npy,./data/salux_refined_6cls/thumb_sources/thumbup/fitted/hand-10-2600.npy
paper,paper,paper (185),train,./dataset/skeleton_final_v2/paper/paper (185).npy,./batch_paper/fitted/paper (185).npy
thumb,thumbup,thumbup (320),train,./dataset/skeleton_final_v2/thumbup/thumbup (320).npy,./data/salux_refined_6cls/thumb_sources/thumbup/fitted/thumbup (320).npy
scissors,scissors,scissors_4660,train,./dataset/skeleton_final_v2/scissors/scissors_4660.npy,./batch_scissors/fitted/scissors_4660.npy
thumb,thumbup,thumbup (141),train,./dataset/skeleton_final_v2/thumbup/thumbup (141).npy,./data/salux_refined_6cls/thumb_sources/thumbup/fitted/thumbup (141).npy
ok,ok,ok_5771,train,./dataset/skeleton_final_v2/ok/ok_5771.npy,./batch_ok/fitted/ok_5771.npy
thumb,thumbup,thumbup (251),train,./dataset/skeleton_final_v2/thumbup/thumbup (251).npy,./data/salux_refined_6cls/thumb_sources/thumbup/fitted/thumbup (251).npy
thumb,thumbup,hand-9-1615,train,./dataset/skeleton_final_v2/thumbup/hand-9-1615.npy,./data/salux_refined_6cls/thumb_sources/thumbup/fitted/hand-9-1615.npy
thumb,thumbdown,thumbdown_5339,train,./dataset/skeleton_final_v2/thumbdown/thumbdown_5339.npy,./data/salux_refined_6cls/thumb_sources/thumbdown/fitted/thumbdown_5339.npy
paper,paper,paper-set2 (101),train,./dataset/skeleton_final_v2/paper/paper-set2 (101).npy,./batch_paper/fitted/paper-set2 (101).npy
thumb,thumbdown,hand-9-2050,train,./dataset/skeleton_final_v2/thumbdown/hand-9-2050.npy,./data/salux_refined_6cls/thumb_sources/thumbdown/fitted/hand-9-2050.npy
thumb,thumbup,thumbup_5809,train,./dataset/skeleton_final_v2/thumbup/thumbup_5809.npy,./data/salux_refined_6cls/thumb_sources/thumbup/fitted/thumbup_5809.npy
paper,paper,paper_3752,train,./dataset/skeleton_final_v2/paper/paper_3752.npy,./batch_paper/fitted/paper_3752.npy
the-finger,the-finger,the-finger_6470,train,./dataset/skeleton_final_v2/the-finger/the-finger_6470.npy,./batch_thefinger/fitted/the-finger_6470.npy
ok,ok,ok_Set2_ (263),train,./dataset/skeleton_final_v2/ok/ok_Set2_ (263).npy,./batch_ok/fitted/ok_Set2_ (263).npy
thumb,thumbup,thumbup_8114,train,./dataset/skeleton_final_v2/thumbup/thumbup_8114.npy,./data/salux_refined_6cls/thumb_sources/thumbup/fitted/thumbup_8114.npy
thumb,thumbdown,hand-7-1630,train,./dataset/skeleton_final_v2/thumbdown/hand-7-1630.npy,./data/salux_refined_6cls/thumb_sources/thumbdown/fitted/hand-7-1630.npy
thumb,thumbdown,thumbdown_531,train,./dataset/skeleton_final_v2/thumbdown/thumbdown_531.npy,./data/salux_refined_6cls/thumb_sources/thumbdown/fitted/thumbdown_531.npy
the-finger,the-finger,the-finger (46),train,./dataset/skeleton_final_v2/the-finger/the-finger (46).npy,./batch_thefinger/fitted/the-finger (46).npy
the-finger,the-finger,the-finger (149),train,./dataset/skeleton_final_v2/the-finger/the-finger (149).npy,./batch_thefinger/fitted/the-finger (149).npy
thumb,thumbdown,thumbdown (224),train,./dataset/skeleton_final_v2/thumbdown/thumbdown (224).npy,./data/salux_refined_6cls/thumb_sources/thumbdown/fitted/thumbdown (224).npy
thumb,thumbup,hand-10-30,train,./dataset/skeleton_final_v2/thumbup/hand-10-30.npy,./data/salux_refined_6cls/thumb_sources/thumbup/fitted/hand-10-30.npy
thumb,thumbup,hand-10-215,train,./dataset/skeleton_final_v2/thumbup/hand-10-215.npy,./data/salux_refined_6cls/thumb_sources/thumbup/fitted/hand-10-215.npy
thumb,thumbup,thumbup_9296,train,./dataset/skeleton_final_v2/thumbup/thumbup_9296.npy,./data/salux_refined_6cls/thumb_sources/thumbup/fitted/thumbup_9296.npy
thumb,thumbdown,thumbdown (248),train,./dataset/skeleton_final_v2/thumbdown/thumbdown (248).npy,./data/salux_refined_6cls/thumb_sources/thumbdown/fitted/thumbdown (248).npy
scissors,scissors,scissors_8012,train,./dataset/skeleton_final_v2/scissors/scissors_8012.npy,./batch_scissors/fitted/scissors_8012.npy
thumb,thumbdown,hand-11-775,train,./dataset/skeleton_final_v2/thumbdown/hand-11-775.npy,./data/salux_refined_6cls/thumb_sources/thumbdown/fitted/hand-11-775.npy
scissors,scissors,scissors-set2 (670),train,./dataset/skeleton_final_v2/scissors/scissors-set2 (670).npy,./batch_scissors/fitted/scissors-set2 (670).npy
the-finger,the-finger,the-finger-set2 (23),train,./dataset/skeleton_final_v2/the-finger/the-finger-set2 (23).npy,./batch_thefinger/fitted/the-finger-set2 (23).npy
thumb,thumbup,thumbup (106),train,./dataset/skeleton_final_v2/thumbup/thumbup (106).npy,./data/salux_refined_6cls/thumb_sources/thumbup/fitted/thumbup (106).npy
ok,ok,ok_6188,train,./dataset/skeleton_final_v2/ok/ok_6188.npy,./batch_ok/fitted/ok_6188.npy
ok,ok,ok (56),train,./dataset/skeleton_final_v2/ok/ok (56).npy,./batch_ok/fitted/ok (56).npy
thumb,thumbup,thumbup (177),train,./dataset/skeleton_final_v2/thumbup/thumbup (177).npy,./data/salux_refined_6cls/thumb_sources/thumbup/fitted/thumbup (177).npy
thumb,thumbdown,hand-11-750,train,./dataset/skeleton_final_v2/thumbdown/hand-11-750.npy,./data/salux_refined_6cls/thumb_sources/thumbdown/fitted/hand-11-750.npy
thumb,thumbup,hand-10-455,train,./dataset/skeleton_final_v2/thumbup/hand-10-455.npy,./data/salux_refined_6cls/thumb_sources/thumbup/fitted/hand-10-455.npy
paper,paper,paper-set2 (44),train,./dataset/skeleton_final_v2/paper/paper-set2 (44).npy,./batch_paper/fitted/paper-set2 (44).npy
scissors,scissors,scissors_5240,train,./dataset/skeleton_final_v2/scissors/scissors_5240.npy,./batch_scissors/fitted/scissors_5240.npy
ok,ok,ok (234),train,./dataset/skeleton_final_v2/ok/ok (234).npy,./batch_ok/fitted/ok (234).npy
ok,ok,ok_9250,train,./dataset/skeleton_final_v2/ok/ok_9250.npy,./batch_ok/fitted/ok_9250.npy
rock,rock,rock-set2 (12),train,./dataset/skeleton_final_v2/rock/rock-set2 (12).npy,./batch_rock/fitted/rock-set2 (12).npy
the-finger,the-finger,the-finger (159),train,./dataset/skeleton_final_v2/the-finger/the-finger (159).npy,./batch_thefinger/fitted/the-finger (159).npy
paper,paper,paper_9136,train,./dataset/skeleton_final_v2/paper/paper_9136.npy,./batch_paper/fitted/paper_9136.npy
thumb,thumbup,thumbup_6794,train,./dataset/skeleton_final_v2/thumbup/thumbup_6794.npy,./data/salux_refined_6cls/thumb_sources/thumbup/fitted/thumbup_6794.npy
the-finger,the-finger,the-finger_7498,train,./dataset/skeleton_final_v2/the-finger/the-finger_7498.npy,./batch_thefinger/fitted/the-finger_7498.npy
ok,ok,ok_2902,train,./dataset/skeleton_final_v2/ok/ok_2902.npy,./batch_ok/fitted/ok_2902.npy
paper,paper,paper (177),train,./dataset/skeleton_final_v2/paper/paper (177).npy,./batch_paper/fitted/paper (177).npy
ok,ok,ok (111),train,./dataset/skeleton_final_v2/ok/ok (111).npy,./batch_ok/fitted/ok (111).npy
thumb,thumbdown,thumbdown (314),train,./dataset/skeleton_final_v2/thumbdown/thumbdown (314).npy,./data/salux_refined_6cls/thumb_sources/thumbdown/fitted/thumbdown (314).npy
thumb,thumbup,thumbup_4178,train,./dataset/skeleton_final_v2/thumbup/thumbup_4178.npy,./data/salux_refined_6cls/thumb_sources/thumbup/fitted/thumbup_4178.npy
ok,ok,ok_Set2_ (412),train,./dataset/skeleton_final_v2/ok/ok_Set2_ (412).npy,./batch_ok/fitted/ok_Set2_ (412).npy
paper,paper,paper (217),train,./dataset/skeleton_final_v2/paper/paper (217).npy,./batch_paper/fitted/paper (217).npy
thumb,thumbdown,thumbdown (213),train,./dataset/skeleton_final_v2/thumbdown/thumbdown (213).npy,./data/salux_refined_6cls/thumb_sources/thumbdown/fitted/thumbdown (213).npy
thumb,thumbup,hand-11-2245,train,./dataset/skeleton_final_v2/thumbup/hand-11-2245.npy,./data/salux_refined_6cls/thumb_sources/thumbup/fitted/hand-11-2245.npy
ok,ok,ok_Set2_ (387),train,./dataset/skeleton_final_v2/ok/ok_Set2_ (387).npy,./batch_ok/fitted/ok_Set2_ (387).npy
thumb,thumbdown,thumbdown_5817,train,./dataset/skeleton_final_v2/thumbdown/thumbdown_5817.npy,./data/salux_refined_6cls/thumb_sources/thumbdown/fitted/thumbdown_5817.npy
paper,paper,paper_1852,train,./dataset/skeleton_final_v2/paper/paper_1852.npy,./batch_paper/fitted/paper_1852.npy
thumb,thumbup,thumbup_6778,train,./dataset/skeleton_final_v2/thumbup/thumbup_6778.npy,./data/salux_refined_6cls/thumb_sources/thumbup/fitted/thumbup_6778.npy
paper,paper,paper-set2 (174),train,./dataset/skeleton_final_v2/paper/paper-set2 (174).npy,./batch_paper/fitted/paper-set2 (174).npy
thumb,thumbup,hand-9-1585,train,./dataset/skeleton_final_v2/thumbup/hand-9-1585.npy,./data/salux_refined_6cls/thumb_sources/thumbup/fitted/hand-9-1585.npy
the-finger,the-finger,the-finger_636,train,./dataset/skeleton_final_v2/the-finger/the-finger_636.npy,./batch_thefinger/fitted/the-finger_636.npy
scissors,scissors,scissors-set2 (568),train,./dataset/skeleton_final_v2/scissors/scissors-set2 (568).npy,./batch_scissors/fitted/scissors-set2 (568).npy
paper,paper,paper-set2 (310),train,./dataset/skeleton_final_v2/paper/paper-set2 (310).npy,./batch_paper/fitted/paper-set2 (310).npy
paper,paper,paper_6355,train,./dataset/skeleton_final_v2/paper/paper_6355.npy,./batch_paper/fitted/paper_6355.npy
scissors,scissors,scissors (366),train,./dataset/skeleton_final_v2/scissors/scissors (366).npy,./batch_scissors/fitted/scissors (366).npy
ok,ok,ok_6176,train,./dataset/skeleton_final_v2/ok/ok_6176.npy,./batch_ok/fitted/ok_6176.npy
ok,ok,ok_6179,train,./dataset/skeleton_final_v2/ok/ok_6179.npy,./batch_ok/fitted/ok_6179.npy
thumb,thumbdown,thumbdown (71),train,./dataset/skeleton_final_v2/thumbdown/thumbdown (71).npy,./data/salux_refined_6cls/thumb_sources/thumbdown/fitted/thumbdown (71).npy
ok,ok,ok_Set2_ (469),train,./dataset/skeleton_final_v2/ok/ok_Set2_ (469).npy,./batch_ok/fitted/ok_Set2_ (469).npy
rock,rock,rock-set2 (331),train,./dataset/skeleton_final_v2/rock/rock-set2 (331).npy,./batch_rock/fitted/rock-set2 (331).npy
scissors,scissors,scissors (459),train,./dataset/skeleton_final_v2/scissors/scissors (459).npy,./batch_scissors/fitted/scissors (459).npy
scissors,scissors,scissors-set2 (237),train,./dataset/skeleton_final_v2/scissors/scissors-set2 (237).npy,./batch_scissors/fitted/scissors-set2 (237).npy
thumb,thumbup,hand-7-1420,train,./dataset/skeleton_final_v2/thumbup/hand-7-1420.npy,./data/salux_refined_6cls/thumb_sources/thumbup/fitted/hand-7-1420.npy
scissors,scissors,scissors_2613,train,./dataset/skeleton_final_v2/scissors/scissors_2613.npy,./batch_scissors/fitted/scissors_2613.npy
rock,rock,rock_6680,train,./dataset/skeleton_final_v2/rock/rock_6680.npy,./batch_rock/fitted/rock_6680.npy
thumb,thumbdown,thumbdown (76),train,./dataset/skeleton_final_v2/thumbdown/thumbdown (76).npy,./data/salux_refined_6cls/thumb_sources/thumbdown/fitted/thumbdown (76).npy
thumb,thumbup,thumbup_9342,train,./dataset/skeleton_final_v2/thumbup/thumbup_9342.npy,./data/salux_refined_6cls/thumb_sources/thumbup/fitted/thumbup_9342.npy
paper,paper,paper-set2 (283),train,./dataset/skeleton_final_v2/paper/paper-set2 (283).npy,./batch_paper/fitted/paper-set2 (283).npy
the-finger,the-finger,the-finger_222,train,./dataset/skeleton_final_v2/the-finger/the-finger_222.npy,./batch_thefinger/fitted/the-finger_222.npy
paper,paper,paper-set2 (109),train,./dataset/skeleton_final_v2/paper/paper-set2 (109).npy,./batch_paper/fitted/paper-set2 (109).npy
thumb,thumbdown,hand-10-55,train,./dataset/skeleton_final_v2/thumbdown/hand-10-55.npy,./data/salux_refined_6cls/thumb_sources/thumbdown/fitted/hand-10-55.npy
ok,ok,ok_2739,train,./dataset/skeleton_final_v2/ok/ok_2739.npy,./batch_ok/fitted/ok_2739.npy
paper,paper,paper_7922,train,./dataset/skeleton_final_v2/paper/paper_7922.npy,./batch_paper/fitted/paper_7922.npy
thumb,thumbup,thumbup_6427,train,./dataset/skeleton_final_v2/thumbup/thumbup_6427.npy,./data/salux_refined_6cls/thumb_sources/thumbup/fitted/thumbup_6427.npy
ok,ok,ok (76),train,./dataset/skeleton_final_v2/ok/ok (76).npy,./batch_ok/fitted/ok (76).npy
paper,paper,paper (70),train,./dataset/skeleton_final_v2/paper/paper (70).npy,./batch_paper/fitted/paper (70).npy
scissors,scissors,scissors-set2 (185),train,./dataset/skeleton_final_v2/scissors/scissors-set2 (185).npy,./batch_scissors/fitted/scissors-set2 (185).npy
ok,ok,ok_Set2_ (519),train,./dataset/skeleton_final_v2/ok/ok_Set2_ (519).npy,./batch_ok/fitted/ok_Set2_ (519).npy
thumb,thumbup,thumbup_7203,train,./dataset/skeleton_final_v2/thumbup/thumbup_7203.npy,./data/salux_refined_6cls/thumb_sources/thumbup/fitted/thumbup_7203.npy
paper,paper,paper_27,train,./dataset/skeleton_final_v2/paper/paper_27.npy,./batch_paper/fitted/paper_27.npy
scissors,scissors,scissors (33),train,./dataset/skeleton_final_v2/scissors/scissors (33).npy,./batch_scissors/fitted/scissors (33).npy
scissors,scissors,scissors-set2 (154),train,./dataset/skeleton_final_v2/scissors/scissors-set2 (154).npy,./batch_scissors/fitted/scissors-set2 (154).npy
paper,paper,paper-set2 (308),train,./dataset/skeleton_final_v2/paper/paper-set2 (308).npy,./batch_paper/fitted/paper-set2 (308).npy
scissors,scissors,scissors_4617,train,./dataset/skeleton_final_v2/scissors/scissors_4617.npy,./batch_scissors/fitted/scissors_4617.npy
ok,ok,ok_1612,train,./dataset/skeleton_final_v2/ok/ok_1612.npy,./batch_ok/fitted/ok_1612.npy
ok,ok,ok_Set2_ (232),train,./dataset/skeleton_final_v2/ok/ok_Set2_ (232).npy,./batch_ok/fitted/ok_Set2_ (232).npy
thumb,thumbdown,thumbdown (233),train,./dataset/skeleton_final_v2/thumbdown/thumbdown (233).npy,./data/salux_refined_6cls/thumb_sources/thumbdown/fitted/thumbdown (233).npy
thumb,thumbdown,hand-7-1545,train,./dataset/skeleton_final_v2/thumbdown/hand-7-1545.npy,./data/salux_refined_6cls/thumb_sources/thumbdown/fitted/hand-7-1545.npy
scissors,scissors,scissors_4663,train,./dataset/skeleton_final_v2/scissors/scissors_4663.npy,./batch_scissors/fitted/scissors_4663.npy
the-finger,the-finger,the-finger-set2 (333),train,./dataset/skeleton_final_v2/the-finger/the-finger-set2 (333).npy,./batch_thefinger/fitted/the-finger-set2 (333).npy
thumb,thumbdown,thumbdown (225),train,./dataset/skeleton_final_v2/thumbdown/thumbdown (225).npy,./data/salux_refined_6cls/thumb_sources/thumbdown/fitted/thumbdown (225).npy
scissors,scissors,scissors-set2 (123),train,./dataset/skeleton_final_v2/scissors/scissors-set2 (123).npy,./batch_scissors/fitted/scissors-set2 (123).npy
rock,rock,rock_668,train,./dataset/skeleton_final_v2/rock/rock_668.npy,./batch_rock/fitted/rock_668.npy
paper,paper,paper-set2 (141),train,./dataset/skeleton_final_v2/paper/paper-set2 (141).npy,./batch_paper/fitted/paper-set2 (141).npy
ok,ok,ok_2847,train,./dataset/skeleton_final_v2/ok/ok_2847.npy,./batch_ok/fitted/ok_2847.npy
thumb,thumbup,hand-10-255,train,./dataset/skeleton_final_v2/thumbup/hand-10-255.npy,./data/salux_refined_6cls/thumb_sources/thumbup/fitted/hand-10-255.npy
paper,paper,paper_7321,train,./dataset/skeleton_final_v2/paper/paper_7321.npy,./batch_paper/fitted/paper_7321.npy
scissors,scissors,scissors_1889,train,./dataset/skeleton_final_v2/scissors/scissors_1889.npy,./batch_scissors/fitted/scissors_1889.npy
scissors,scissors,scissors_7349,train,./dataset/skeleton_final_v2/scissors/scissors_7349.npy,./batch_scissors/fitted/scissors_7349.npy
thumb,thumbup,thumbup (134),train,./dataset/skeleton_final_v2/thumbup/thumbup (134).npy,./data/salux_refined_6cls/thumb_sources/thumbup/fitted/thumbup (134).npy
paper,paper,paper-set2 (385),train,./dataset/skeleton_final_v2/paper/paper-set2 (385).npy,./batch_paper/fitted/paper-set2 (385).npy
paper,paper,paper_4606,train,./dataset/skeleton_final_v2/paper/paper_4606.npy,./batch_paper/fitted/paper_4606.npy
paper,paper,paper_8744,train,./dataset/skeleton_final_v2/paper/paper_8744.npy,./batch_paper/fitted/paper_8744.npy
thumb,thumbup,hand-10-435,train,./dataset/skeleton_final_v2/thumbup/hand-10-435.npy,./data/salux_refined_6cls/thumb_sources/thumbup/fitted/hand-10-435.npy
the-finger,the-finger,the-finger (51),train,./dataset/skeleton_final_v2/the-finger/the-finger (51).npy,./batch_thefinger/fitted/the-finger (51).npy
thumb,thumbup,thumbup_9290,train,./dataset/skeleton_final_v2/thumbup/thumbup_9290.npy,./data/salux_refined_6cls/thumb_sources/thumbup/fitted/thumbup_9290.npy
scissors,scissors,scissors_5752,train,./dataset/skeleton_final_v2/scissors/scissors_5752.npy,./batch_scissors/fitted/scissors_5752.npy
thumb,thumbup,thumbup (157),train,./dataset/skeleton_final_v2/thumbup/thumbup (157).npy,./data/salux_refined_6cls/thumb_sources/thumbup/fitted/thumbup (157).npy
scissors,scissors,scissors_4620,train,./dataset/skeleton_final_v2/scissors/scissors_4620.npy,./batch_scissors/fitted/scissors_4620.npy
thumb,thumbdown,thumbdown_4406,train,./dataset/skeleton_final_v2/thumbdown/thumbdown_4406.npy,./data/salux_refined_6cls/thumb_sources/thumbdown/fitted/thumbdown_4406.npy
ok,ok,ok_Set2_ (58),train,./dataset/skeleton_final_v2/ok/ok_Set2_ (58).npy,./batch_ok/fitted/ok_Set2_ (58).npy
thumb,thumbup,thumbup_7734,train,./dataset/skeleton_final_v2/thumbup/thumbup_7734.npy,./data/salux_refined_6cls/thumb_sources/thumbup/fitted/thumbup_7734.npy
the-finger,the-finger,the-finger_7101,train,./dataset/skeleton_final_v2/the-finger/the-finger_7101.npy,./batch_thefinger/fitted/the-finger_7101.npy
rock,rock,rock-set2 (535),train,./dataset/skeleton_final_v2/rock/rock-set2 (535).npy,./batch_rock/fitted/rock-set2 (535).npy
paper,paper,paper (276),train,./dataset/skeleton_final_v2/paper/paper (276).npy,./batch_paper/fitted/paper (276).npy
ok,ok,ok_2885,train,./dataset/skeleton_final_v2/ok/ok_2885.npy,./batch_ok/fitted/ok_2885.npy
the-finger,the-finger,the-finger_6467,train,./dataset/skeleton_final_v2/the-finger/the-finger_6467.npy,./batch_thefinger/fitted/the-finger_6467.npy
thumb,thumbdown,thumbdown_6840,train,./dataset/skeleton_final_v2/thumbdown/thumbdown_6840.npy,./data/salux_refined_6cls/thumb_sources/thumbdown/fitted/thumbdown_6840.npy
paper,paper,paper_6918,train,./dataset/skeleton_final_v2/paper/paper_6918.npy,./batch_paper/fitted/paper_6918.npy
the-finger,the-finger,the-finger_217,train,./dataset/skeleton_final_v2/the-finger/the-finger_217.npy,./batch_thefinger/fitted/the-finger_217.npy
the-finger,the-finger,the-finger-set2 (402),train,./dataset/skeleton_final_v2/the-finger/the-finger-set2 (402).npy,./batch_thefinger/fitted/the-finger-set2 (402).npy
scissors,scissors,scissors-set2 (337),train,./dataset/skeleton_final_v2/scissors/scissors-set2 (337).npy,./batch_scissors/fitted/scissors-set2 (337).npy
ok,ok,ok_1548,train,./dataset/skeleton_final_v2/ok/ok_1548.npy,./batch_ok/fitted/ok_1548.npy
ok,ok,ok_5558,train,./dataset/skeleton_final_v2/ok/ok_5558.npy,./batch_ok/fitted/ok_5558.npy
the-finger,the-finger,the-finger_1352,train,./dataset/skeleton_final_v2/the-finger/the-finger_1352.npy,./batch_thefinger/fitted/the-finger_1352.npy
the-finger,the-finger,the-finger_6063,train,./dataset/skeleton_final_v2/the-finger/the-finger_6063.npy,./batch_thefinger/fitted/the-finger_6063.npy
the-finger,the-finger,the-finger_5843,train,./dataset/skeleton_final_v2/the-finger/the-finger_5843.npy,./batch_thefinger/fitted/the-finger_5843.npy
scissors,scissors,scissors_760,train,./dataset/skeleton_final_v2/scissors/scissors_760.npy,./batch_scissors/fitted/scissors_760.npy
paper,paper,paper-set2 (81),train,./dataset/skeleton_final_v2/paper/paper-set2 (81).npy,./batch_paper/fitted/paper-set2 (81).npy
the-finger,the-finger,the-finger_7275,train,./dataset/skeleton_final_v2/the-finger/the-finger_7275.npy,./batch_thefinger/fitted/the-finger_7275.npy
the-finger,the-finger,the-finger-set2 (417),train,./dataset/skeleton_final_v2/the-finger/the-finger-set2 (417).npy,./batch_thefinger/fitted/the-finger-set2 (417).npy
thumb,thumbdown,hand-12-1280,train,./dataset/skeleton_final_v2/thumbdown/hand-12-1280.npy,./data/salux_refined_6cls/thumb_sources/thumbdown/fitted/hand-12-1280.npy
the-finger,the-finger,the-finger-set2 (209),train,./dataset/skeleton_final_v2/the-finger/the-finger-set2 (209).npy,./batch_thefinger/fitted/the-finger-set2 (209).npy
paper,paper,paper (11),train,./dataset/skeleton_final_v2/paper/paper (11).npy,./batch_paper/fitted/paper (11).npy
the-finger,the-finger,the-finger-set2 (429),train,./dataset/skeleton_final_v2/the-finger/the-finger-set2 (429).npy,./batch_thefinger/fitted/the-finger-set2 (429).npy
scissors,scissors,scissors_7335,train,./dataset/skeleton_final_v2/scissors/scissors_7335.npy,./batch_scissors/fitted/scissors_7335.npy
thumb,thumbup,thumbup (413),train,./dataset/skeleton_final_v2/thumbup/thumbup (413).npy,./data/salux_refined_6cls/thumb_sources/thumbup/fitted/thumbup (413).npy
paper,paper,paper_1864,train,./dataset/skeleton_final_v2/paper/paper_1864.npy,./batch_paper/fitted/paper_1864.npy
thumb,thumbup,thumbup (223),train,./dataset/skeleton_final_v2/thumbup/thumbup (223).npy,./data/salux_refined_6cls/thumb_sources/thumbup/fitted/thumbup (223).npy
thumb,thumbdown,hand-10-580,train,./dataset/skeleton_final_v2/thumbdown/hand-10-580.npy,./data/salux_refined_6cls/thumb_sources/thumbdown/fitted/hand-10-580.npy
ok,ok,ok (16),train,./dataset/skeleton_final_v2/ok/ok (16).npy,./batch_ok/fitted/ok (16).npy
thumb,thumbup,thumbup (358),train,./dataset/skeleton_final_v2/thumbup/thumbup (358).npy,./data/salux_refined_6cls/thumb_sources/thumbup/fitted/thumbup (358).npy
scissors,scissors,scissors (380),train,./dataset/skeleton_final_v2/scissors/scissors (380).npy,./batch_scissors/fitted/scissors (380).npy
thumb,thumbup,thumbup_7056,train,./dataset/skeleton_final_v2/thumbup/thumbup_7056.npy,./data/salux_refined_6cls/thumb_sources/thumbup/fitted/thumbup_7056.npy
scissors,scissors,scissors-set2 (352),train,./dataset/skeleton_final_v2/scissors/scissors-set2 (352).npy,./batch_scissors/fitted/scissors-set2 (352).npy
the-finger,the-finger,the-finger_7256,train,./dataset/skeleton_final_v2/the-finger/the-finger_7256.npy,./batch_thefinger/fitted/the-finger_7256.npy
thumb,thumbdown,thumbdown (151),train,./dataset/skeleton_final_v2/thumbdown/thumbdown (151).npy,./data/salux_refined_6cls/thumb_sources/thumbdown/fitted/thumbdown (151).npy
paper,paper,paper-set2 (365),train,./dataset/skeleton_final_v2/paper/paper-set2 (365).npy,./batch_paper/fitted/paper-set2 (365).npy
paper,paper,paper-set2 (107),train,./dataset/skeleton_final_v2/paper/paper-set2 (107).npy,./batch_paper/fitted/paper-set2 (107).npy
the-finger,the-finger,the-finger-set2 (378),train,./dataset/skeleton_final_v2/the-finger/the-finger-set2 (378).npy,./batch_thefinger/fitted/the-finger-set2 (378).npy
the-finger,the-finger,the-finger (118),train,./dataset/skeleton_final_v2/the-finger/the-finger (118).npy,./batch_thefinger/fitted/the-finger (118).npy
thumb,thumbup,thumbup (472),train,./dataset/skeleton_final_v2/thumbup/thumbup (472).npy,./data/salux_refined_6cls/thumb_sources/thumbup/fitted/thumbup (472).npy
paper,paper,paper_6517,train,./dataset/skeleton_final_v2/paper/paper_6517.npy,./batch_paper/fitted/paper_6517.npy
the-finger,the-finger,the-finger (24),train,./dataset/skeleton_final_v2/the-finger/the-finger (24).npy,./batch_thefinger/fitted/the-finger (24).npy
the-finger,the-finger,the-finger-set2 (207),train,./dataset/skeleton_final_v2/the-finger/the-finger-set2 (207).npy,./batch_thefinger/fitted/the-finger-set2 (207).npy
ok,ok,ok_Set2_ (294),train,./dataset/skeleton_final_v2/ok/ok_Set2_ (294).npy,./batch_ok/fitted/ok_Set2_ (294).npy
ok,ok,ok (90),train,./dataset/skeleton_final_v2/ok/ok (90).npy,./batch_ok/fitted/ok (90).npy
ok,ok,ok_2888,train,./dataset/skeleton_final_v2/ok/ok_2888.npy,./batch_ok/fitted/ok_2888.npy
ok,ok,ok_6183,train,./dataset/skeleton_final_v2/ok/ok_6183.npy,./batch_ok/fitted/ok_6183.npy
thumb,thumbup,hand-10-1990,train,./dataset/skeleton_final_v2/thumbup/hand-10-1990.npy,./data/salux_refined_6cls/thumb_sources/thumbup/fitted/hand-10-1990.npy
ok,ok,ok_4969,train,./dataset/skeleton_final_v2/ok/ok_4969.npy,./batch_ok/fitted/ok_4969.npy
paper,paper,paper-set2 (157),train,./dataset/skeleton_final_v2/paper/paper-set2 (157).npy,./batch_paper/fitted/paper-set2 (157).npy
thumb,thumbup,thumbup (317),train,./dataset/skeleton_final_v2/thumbup/thumbup (317).npy,./data/salux_refined_6cls/thumb_sources/thumbup/fitted/thumbup (317).npy
scissors,scissors,scissors_6544,train,./dataset/skeleton_final_v2/scissors/scissors_6544.npy,./batch_scissors/fitted/scissors_6544.npy
scissors,scissors,scissors-set2 (79),train,./dataset/skeleton_final_v2/scissors/scissors-set2 (79).npy,./batch_scissors/fitted/scissors-set2 (79).npy
thumb,thumbdown,thumbdown_4367,train,./dataset/skeleton_final_v2/thumbdown/thumbdown_4367.npy,./data/salux_refined_6cls/thumb_sources/thumbdown/fitted/thumbdown_4367.npy
ok,ok,ok (224),train,./dataset/skeleton_final_v2/ok/ok (224).npy,./batch_ok/fitted/ok (224).npy
thumb,thumbup,hand-7-1335,train,./dataset/skeleton_final_v2/thumbup/hand-7-1335.npy,./data/salux_refined_6cls/thumb_sources/thumbup/fitted/hand-7-1335.npy
ok,ok,ok_Set2_ (473),train,./dataset/skeleton_final_v2/ok/ok_Set2_ (473).npy,./batch_ok/fitted/ok_Set2_ (473).npy
scissors,scissors,scissors-set2 (537),train,./dataset/skeleton_final_v2/scissors/scissors-set2 (537).npy,./batch_scissors/fitted/scissors-set2 (537).npy
ok,ok,ok_Set2_ (207),train,./dataset/skeleton_final_v2/ok/ok_Set2_ (207).npy,./batch_ok/fitted/ok_Set2_ (207).npy
scissors,scissors,scissors-set2 (386),train,./dataset/skeleton_final_v2/scissors/scissors-set2 (386).npy,./batch_scissors/fitted/scissors-set2 (386).npy
ok,ok,ok_2015,train,./dataset/skeleton_final_v2/ok/ok_2015.npy,./batch_ok/fitted/ok_2015.npy
ok,ok,ok_Set2_ (299),train,./dataset/skeleton_final_v2/ok/ok_Set2_ (299).npy,./batch_ok/fitted/ok_Set2_ (299).npy
ok,ok,ok_1969,train,./dataset/skeleton_final_v2/ok/ok_1969.npy,./batch_ok/fitted/ok_1969.npy
the-finger,the-finger,the-finger-set2 (205),train,./dataset/skeleton_final_v2/the-finger/the-finger-set2 (205).npy,./batch_thefinger/fitted/the-finger-set2 (205).npy
ok,ok,ok_Set2_ (133),train,./dataset/skeleton_final_v2/ok/ok_Set2_ (133).npy,./batch_ok/fitted/ok_Set2_ (133).npy
thumb,thumbdown,thumbdown_3159,train,./dataset/skeleton_final_v2/thumbdown/thumbdown_3159.npy,./data/salux_refined_6cls/thumb_sources/thumbdown/fitted/thumbdown_3159.npy
paper,paper,paper-set2 (468),train,./dataset/skeleton_final_v2/paper/paper-set2 (468).npy,./batch_paper/fitted/paper-set2 (468).npy
ok,ok,ok_6394,train,./dataset/skeleton_final_v2/ok/ok_6394.npy,./batch_ok/fitted/ok_6394.npy
scissors,scissors,scissors (403),train,./dataset/skeleton_final_v2/scissors/scissors (403).npy,./batch_scissors/fitted/scissors (403).npy
paper,paper,paper_6126,train,./dataset/skeleton_final_v2/paper/paper_6126.npy,./batch_paper/fitted/paper_6126.npy
scissors,scissors,scissors-set2 (518),train,./dataset/skeleton_final_v2/scissors/scissors-set2 (518).npy,./batch_scissors/fitted/scissors-set2 (518).npy
ok,ok,ok (73),train,./dataset/skeleton_final_v2/ok/ok (73).npy,./batch_ok/fitted/ok (73).npy
scissors,scissors,scissors (185),train,./dataset/skeleton_final_v2/scissors/scissors (185).npy,./batch_scissors/fitted/scissors (185).npy
paper,paper,paper-set2 (14),train,./dataset/skeleton_final_v2/paper/paper-set2 (14).npy,./batch_paper/fitted/paper-set2 (14).npy
scissors,scissors,scissors (250),train,./dataset/skeleton_final_v2/scissors/scissors (250).npy,./batch_scissors/fitted/scissors (250).npy
scissors,scissors,scissors_9216,train,./dataset/skeleton_final_v2/scissors/scissors_9216.npy,./batch_scissors/fitted/scissors_9216.npy
thumb,thumbup,thumbup (54),train,./dataset/skeleton_final_v2/thumbup/thumbup (54).npy,./data/salux_refined_6cls/thumb_sources/thumbup/fitted/thumbup (54).npy
ok,ok,ok_Set2_ (388),train,./dataset/skeleton_final_v2/ok/ok_Set2_ (388).npy,./batch_ok/fitted/ok_Set2_ (388).npy
paper,paper,paper-set2 (227),train,./dataset/skeleton_final_v2/paper/paper-set2 (227).npy,./batch_paper/fitted/paper-set2 (227).npy
ok,ok,ok (251),train,./dataset/skeleton_final_v2/ok/ok (251).npy,./batch_ok/fitted/ok (251).npy
rock,rock,rock-set2 (565),train,./dataset/skeleton_final_v2/rock/rock-set2 (565).npy,./batch_rock/fitted/rock-set2 (565).npy
ok,ok,ok_8048,train,./dataset/skeleton_final_v2/ok/ok_8048.npy,./batch_ok/fitted/ok_8048.npy
paper,paper,paper_7141,train,./dataset/skeleton_final_v2/paper/paper_7141.npy,./batch_paper/fitted/paper_7141.npy
scissors,scissors,scissors-set2 (439),train,./dataset/skeleton_final_v2/scissors/scissors-set2 (439).npy,./batch_scissors/fitted/scissors-set2 (439).npy
thumb,thumbup,thumbup (45),train,./dataset/skeleton_final_v2/thumbup/thumbup (45).npy,./data/salux_refined_6cls/thumb_sources/thumbup/fitted/thumbup (45).npy
paper,paper,paper_6115,train,./dataset/skeleton_final_v2/paper/paper_6115.npy,./batch_paper/fitted/paper_6115.npy
the-finger,the-finger,the-finger_243,train,./dataset/skeleton_final_v2/the-finger/the-finger_243.npy,./batch_thefinger/fitted/the-finger_243.npy
scissors,scissors,scissors-set2 (407),train,./dataset/skeleton_final_v2/scissors/scissors-set2 (407).npy,./batch_scissors/fitted/scissors-set2 (407).npy
ok,ok,ok_7698,train,./dataset/skeleton_final_v2/ok/ok_7698.npy,./batch_ok/fitted/ok_7698.npy
paper,paper,paper-set2 (388),train,./dataset/skeleton_final_v2/paper/paper-set2 (388).npy,./batch_paper/fitted/paper-set2 (388).npy
scissors,scissors,scissors-set2 (180),train,./dataset/skeleton_final_v2/scissors/scissors-set2 (180).npy,./batch_scissors/fitted/scissors-set2 (180).npy
thumb,thumbdown,hand-7-1565,train,./dataset/skeleton_final_v2/thumbdown/hand-7-1565.npy,./data/salux_refined_6cls/thumb_sources/thumbdown/fitted/hand-7-1565.npy
paper,paper,paper_728,train,./dataset/skeleton_final_v2/paper/paper_728.npy,./batch_paper/fitted/paper_728.npy
ok,ok,ok_6990,train,./dataset/skeleton_final_v2/ok/ok_6990.npy,./batch_ok/fitted/ok_6990.npy
scissors,scissors,scissors-set2 (329),train,./dataset/skeleton_final_v2/scissors/scissors-set2 (329).npy,./batch_scissors/fitted/scissors-set2 (329).npy
paper,paper,paper (227),train,./dataset/skeleton_final_v2/paper/paper (227).npy,./batch_paper/fitted/paper (227).npy
paper,paper,paper-set2 (458),train,./dataset/skeleton_final_v2/paper/paper-set2 (458).npy,./batch_paper/fitted/paper-set2 (458).npy
scissors,scissors,scissors_6156,train,./dataset/skeleton_final_v2/scissors/scissors_6156.npy,./batch_scissors/fitted/scissors_6156.npy
paper,paper,paper-set2 (307),train,./dataset/skeleton_final_v2/paper/paper-set2 (307).npy,./batch_paper/fitted/paper-set2 (307).npy
ok,ok,ok_Set2_ (208),train,./dataset/skeleton_final_v2/ok/ok_Set2_ (208).npy,./batch_ok/fitted/ok_Set2_ (208).npy
thumb,thumbdown,thumbdown (259),train,./dataset/skeleton_final_v2/thumbdown/thumbdown (259).npy,./data/salux_refined_6cls/thumb_sources/thumbdown/fitted/thumbdown (259).npy
scissors,scissors,scissors_5758,train,./dataset/skeleton_final_v2/scissors/scissors_5758.npy,./batch_scissors/fitted/scissors_5758.npy
rock,rock,rock-set2 (211),train,./dataset/skeleton_final_v2/rock/rock-set2 (211).npy,./batch_rock/fitted/rock-set2 (211).npy
scissors,scissors,scissors (335),train,./dataset/skeleton_final_v2/scissors/scissors (335).npy,./batch_scissors/fitted/scissors (335).npy
the-finger,the-finger,the-finger_6857,train,./dataset/skeleton_final_v2/the-finger/the-finger_6857.npy,./batch_thefinger/fitted/the-finger_6857.npy
thumb,thumbdown,thumbdown_187,train,./dataset/skeleton_final_v2/thumbdown/thumbdown_187.npy,./data/salux_refined_6cls/thumb_sources/thumbdown/fitted/thumbdown_187.npy
thumb,thumbup,thumbup (266),train,./dataset/skeleton_final_v2/thumbup/thumbup (266).npy,./data/salux_refined_6cls/thumb_sources/thumbup/fitted/thumbup (266).npy
scissors,scissors,scissors-set2 (296),train,./dataset/skeleton_final_v2/scissors/scissors-set2 (296).npy,./batch_scissors/fitted/scissors-set2 (296).npy
paper,paper,paper-set2 (216),train,./dataset/skeleton_final_v2/paper/paper-set2 (216).npy,./batch_paper/fitted/paper-set2 (216).npy
thumb,thumbup,thumbup (462),train,./dataset/skeleton_final_v2/thumbup/thumbup (462).npy,./data/salux_refined_6cls/thumb_sources/thumbup/fitted/thumbup (462).npy
ok,ok,ok_Set2_ (152),train,./dataset/skeleton_final_v2/ok/ok_Set2_ (152).npy,./batch_ok/fitted/ok_Set2_ (152).npy
the-finger,the-finger,the-finger-set2 (290),train,./dataset/skeleton_final_v2/the-finger/the-finger-set2 (290).npy,./batch_thefinger/fitted/the-finger-set2 (290).npy
ok,ok,ok_2704,train,./dataset/skeleton_final_v2/ok/ok_2704.npy,./batch_ok/fitted/ok_2704.npy
ok,ok,ok_3974,train,./dataset/skeleton_final_v2/ok/ok_3974.npy,./batch_ok/fitted/ok_3974.npy
scissors,scissors,scissors_6366,train,./dataset/skeleton_final_v2/scissors/scissors_6366.npy,./batch_scissors/fitted/scissors_6366.npy
the-finger,the-finger,the-finger_7832,train,./dataset/skeleton_final_v2/the-finger/the-finger_7832.npy,./batch_thefinger/fitted/the-finger_7832.npy
the-finger,the-finger,the-finger-set2 (370),train,./dataset/skeleton_final_v2/the-finger/the-finger-set2 (370).npy,./batch_thefinger/fitted/the-finger-set2 (370).npy
paper,paper,paper-set2 (357),train,./dataset/skeleton_final_v2/paper/paper-set2 (357).npy,./batch_paper/fitted/paper-set2 (357).npy
the-finger,the-finger,the-finger (87),train,./dataset/skeleton_final_v2/the-finger/the-finger (87).npy,./batch_thefinger/fitted/the-finger (87).npy
paper,paper,paper_2438,train,./dataset/skeleton_final_v2/paper/paper_2438.npy,./batch_paper/fitted/paper_2438.npy
thumb,thumbdown,thumbdown_5309,train,./dataset/skeleton_final_v2/thumbdown/thumbdown_5309.npy,./data/salux_refined_6cls/thumb_sources/thumbdown/fitted/thumbdown_5309.npy
paper,paper,paper_6714,train,./dataset/skeleton_final_v2/paper/paper_6714.npy,./batch_paper/fitted/paper_6714.npy
thumb,thumbdown,thumbdown (49),train,./dataset/skeleton_final_v2/thumbdown/thumbdown (49).npy,./data/salux_refined_6cls/thumb_sources/thumbdown/fitted/thumbdown (49).npy
the-finger,the-finger,the-finger_6300,train,./dataset/skeleton_final_v2/the-finger/the-finger_6300.npy,./batch_thefinger/fitted/the-finger_6300.npy
paper,paper,paper-set2 (67),train,./dataset/skeleton_final_v2/paper/paper-set2 (67).npy,./batch_paper/fitted/paper-set2 (67).npy
scissors,scissors,scissors-set2 (375),train,./dataset/skeleton_final_v2/scissors/scissors-set2 (375).npy,./batch_scissors/fitted/scissors-set2 (375).npy
the-finger,the-finger,the-finger-set2 (400),train,./dataset/skeleton_final_v2/the-finger/the-finger-set2 (400).npy,./batch_thefinger/fitted/the-finger-set2 (400).npy
thumb,thumbup,thumbup (351),train,./dataset/skeleton_final_v2/thumbup/thumbup (351).npy,./data/salux_refined_6cls/thumb_sources/thumbup/fitted/thumbup (351).npy
the-finger,the-finger,the-finger (78),train,./dataset/skeleton_final_v2/the-finger/the-finger (78).npy,./batch_thefinger/fitted/the-finger (78).npy
scissors,scissors,scissors-set2 (470),train,./dataset/skeleton_final_v2/scissors/scissors-set2 (470).npy,./batch_scissors/fitted/scissors-set2 (470).npy
ok,ok,ok (25),train,./dataset/skeleton_final_v2/ok/ok (25).npy,./batch_ok/fitted/ok (25).npy
thumb,thumbdown,thumbdown (18),train,./dataset/skeleton_final_v2/thumbdown/thumbdown (18).npy,./data/salux_refined_6cls/thumb_sources/thumbdown/fitted/thumbdown (18).npy
the-finger,the-finger,the-finger_232,train,./dataset/skeleton_final_v2/the-finger/the-finger_232.npy,./batch_thefinger/fitted/the-finger_232.npy
thumb,thumbdown,thumbdown (244),train,./dataset/skeleton_final_v2/thumbdown/thumbdown (244).npy,./data/salux_refined_6cls/thumb_sources/thumbdown/fitted/thumbdown (244).npy
ok,ok,ok_2765,train,./dataset/skeleton_final_v2/ok/ok_2765.npy,./batch_ok/fitted/ok_2765.npy
the-finger,the-finger,the-finger_881,train,./dataset/skeleton_final_v2/the-finger/the-finger_881.npy,./batch_thefinger/fitted/the-finger_881.npy
ok,ok,ok_Set2_ (343),train,./dataset/skeleton_final_v2/ok/ok_Set2_ (343).npy,./batch_ok/fitted/ok_Set2_ (343).npy
rock,rock,rock-set2 (8),train,./dataset/skeleton_final_v2/rock/rock-set2 (8).npy,./batch_rock/fitted/rock-set2 (8).npy
the-finger,the-finger,the-finger_2248,train,./dataset/skeleton_final_v2/the-finger/the-finger_2248.npy,./batch_thefinger/fitted/the-finger_2248.npy
thumb,thumbup,thumbup (326),train,./dataset/skeleton_final_v2/thumbup/thumbup (326).npy,./data/salux_refined_6cls/thumb_sources/thumbup/fitted/thumbup (326).npy
paper,paper,paper-set2 (494),train,./dataset/skeleton_final_v2/paper/paper-set2 (494).npy,./batch_paper/fitted/paper-set2 (494).npy
thumb,thumbup,thumbup (482),train,./dataset/skeleton_final_v2/thumbup/thumbup (482).npy,./data/salux_refined_6cls/thumb_sources/thumbup/fitted/thumbup (482).npy
thumb,thumbdown,thumbdown_6818,train,./dataset/skeleton_final_v2/thumbdown/thumbdown_6818.npy,./data/salux_refined_6cls/thumb_sources/thumbdown/fitted/thumbdown_6818.npy
paper,paper,paper-set2 (487),train,./dataset/skeleton_final_v2/paper/paper-set2 (487).npy,./batch_paper/fitted/paper-set2 (487).npy
thumb,thumbdown,thumbdown_7782,train,./dataset/skeleton_final_v2/thumbdown/thumbdown_7782.npy,./data/salux_refined_6cls/thumb_sources/thumbdown/fitted/thumbdown_7782.npy
thumb,thumbup,thumbup (90),train,./dataset/skeleton_final_v2/thumbup/thumbup (90).npy,./data/salux_refined_6cls/thumb_sources/thumbup/fitted/thumbup (90).npy
thumb,thumbup,thumbup_7215,train,./dataset/skeleton_final_v2/thumbup/thumbup_7215.npy,./data/salux_refined_6cls/thumb_sources/thumbup/fitted/thumbup_7215.npy
paper,paper,paper-set2 (12),train,./dataset/skeleton_final_v2/paper/paper-set2 (12).npy,./batch_paper/fitted/paper-set2 (12).npy
thumb,thumbup,thumbup_7732,train,./dataset/skeleton_final_v2/thumbup/thumbup_7732.npy,./data/salux_refined_6cls/thumb_sources/thumbup/fitted/thumbup_7732.npy
ok,ok,ok (7),train,./dataset/skeleton_final_v2/ok/ok (7).npy,./batch_ok/fitted/ok (7).npy
thumb,thumbup,hand-7-1490,train,./dataset/skeleton_final_v2/thumbup/hand-7-1490.npy,./data/salux_refined_6cls/thumb_sources/thumbup/fitted/hand-7-1490.npy
ok,ok,ok_7704,train,./dataset/skeleton_final_v2/ok/ok_7704.npy,./batch_ok/fitted/ok_7704.npy
scissors,scissors,scissors (67),train,./dataset/skeleton_final_v2/scissors/scissors (67).npy,./batch_scissors/fitted/scissors (67).npy
paper,paper,paper (65),train,./dataset/skeleton_final_v2/paper/paper (65).npy,./batch_paper/fitted/paper (65).npy
scissors,scissors,scissors-set2 (650),train,./dataset/skeleton_final_v2/scissors/scissors-set2 (650).npy,./batch_scissors/fitted/scissors-set2 (650).npy
rock,rock,rock-set2 (169),train,./dataset/skeleton_final_v2/rock/rock-set2 (169).npy,./batch_rock/fitted/rock-set2 (169).npy
the-finger,the-finger,the-finger_6661,train,./dataset/skeleton_final_v2/the-finger/the-finger_6661.npy,./batch_thefinger/fitted/the-finger_6661.npy
thumb,thumbup,thumbup (359),train,./dataset/skeleton_final_v2/thumbup/thumbup (359).npy,./data/salux_refined_6cls/thumb_sources/thumbup/fitted/thumbup (359).npy
thumb,thumbup,thumbup_5804,train,./dataset/skeleton_final_v2/thumbup/thumbup_5804.npy,./data/salux_refined_6cls/thumb_sources/thumbup/fitted/thumbup_5804.npy
ok,ok,ok_6584,train,./dataset/skeleton_final_v2/ok/ok_6584.npy,./batch_ok/fitted/ok_6584.npy
the-finger,the-finger,the-finger_6286,train,./dataset/skeleton_final_v2/the-finger/the-finger_6286.npy,./batch_thefinger/fitted/the-finger_6286.npy
ok,ok,ok_Set2_ (291),train,./dataset/skeleton_final_v2/ok/ok_Set2_ (291).npy,./batch_ok/fitted/ok_Set2_ (291).npy
thumb,thumbdown,thumbdown_5595,train,./dataset/skeleton_final_v2/thumbdown/thumbdown_5595.npy,./data/salux_refined_6cls/thumb_sources/thumbdown/fitted/thumbdown_5595.npy
scissors,scissors,scissors-set2 (127),train,./dataset/skeleton_final_v2/scissors/scissors-set2 (127).npy,./batch_scissors/fitted/scissors-set2 (127).npy
ok,ok,ok_Set2_ (384),train,./dataset/skeleton_final_v2/ok/ok_Set2_ (384).npy,./batch_ok/fitted/ok_Set2_ (384).npy
paper,paper,paper_2554,train,./dataset/skeleton_final_v2/paper/paper_2554.npy,./batch_paper/fitted/paper_2554.npy
thumb,thumbdown,thumbdown (256),train,./dataset/skeleton_final_v2/thumbdown/thumbdown (256).npy,./data/salux_refined_6cls/thumb_sources/thumbdown/fitted/thumbdown (256).npy
scissors,scissors,scissors-set2 (203),train,./dataset/skeleton_final_v2/scissors/scissors-set2 (203).npy,./batch_scissors/fitted/scissors-set2 (203).npy
thumb,thumbdown,thumbdown_7438,train,./dataset/skeleton_final_v2/thumbdown/thumbdown_7438.npy,./data/salux_refined_6cls/thumb_sources/thumbdown/fitted/thumbdown_7438.npy
the-finger,the-finger,the-finger_8350,train,./dataset/skeleton_final_v2/the-finger/the-finger_8350.npy,./batch_thefinger/fitted/the-finger_8350.npy
ok,ok,ok (209),train,./dataset/skeleton_final_v2/ok/ok (209).npy,./batch_ok/fitted/ok (209).npy
paper,paper,paper_5894,train,./dataset/skeleton_final_v2/paper/paper_5894.npy,./batch_paper/fitted/paper_5894.npy
thumb,thumbdown,hand-7-1645,train,./dataset/skeleton_final_v2/thumbdown/hand-7-1645.npy,./data/salux_refined_6cls/thumb_sources/thumbdown/fitted/hand-7-1645.npy
paper,paper,paper_1007,train,./dataset/skeleton_final_v2/paper/paper_1007.npy,./batch_paper/fitted/paper_1007.npy
thumb,thumbup,hand-7-1475,train,./dataset/skeleton_final_v2/thumbup/hand-7-1475.npy,./data/salux_refined_6cls/thumb_sources/thumbup/fitted/hand-7-1475.npy
paper,paper,paper_4605,train,./dataset/skeleton_final_v2/paper/paper_4605.npy,./batch_paper/fitted/paper_4605.npy
paper,paper,paper-set2 (217),train,./dataset/skeleton_final_v2/paper/paper-set2 (217).npy,./batch_paper/fitted/paper-set2 (217).npy
scissors,scissors,scissors (52),train,./dataset/skeleton_final_v2/scissors/scissors (52).npy,./batch_scissors/fitted/scissors (52).npy
rock,rock,rock-set2 (288),train,./dataset/skeleton_final_v2/rock/rock-set2 (288).npy,./batch_rock/fitted/rock-set2 (288).npy
scissors,scissors,scissors-set2 (525),train,./dataset/skeleton_final_v2/scissors/scissors-set2 (525).npy,./batch_scissors/fitted/scissors-set2 (525).npy
scissors,scissors,scissors_9218,train,./dataset/skeleton_final_v2/scissors/scissors_9218.npy,./batch_scissors/fitted/scissors_9218.npy
scissors,scissors,scissors-set2 (421),train,./dataset/skeleton_final_v2/scissors/scissors-set2 (421).npy,./batch_scissors/fitted/scissors-set2 (421).npy
thumb,thumbup,thumbup (80),train,./dataset/skeleton_final_v2/thumbup/thumbup (80).npy,./data/salux_refined_6cls/thumb_sources/thumbup/fitted/thumbup (80).npy
the-finger,the-finger,the-finger-set2 (275),train,./dataset/skeleton_final_v2/the-finger/the-finger-set2 (275).npy,./batch_thefinger/fitted/the-finger-set2 (275).npy
rock,rock,rock_15,train,./dataset/skeleton_final_v2/rock/rock_15.npy,./batch_rock/fitted/rock_15.npy
thumb,thumbdown,thumbdown_6054,train,./dataset/skeleton_final_v2/thumbdown/thumbdown_6054.npy,./data/salux_refined_6cls/thumb_sources/thumbdown/fitted/thumbdown_6054.npy
ok,ok,ok_6186,train,./dataset/skeleton_final_v2/ok/ok_6186.npy,./batch_ok/fitted/ok_6186.npy
paper,paper,paper-set2 (323),train,./dataset/skeleton_final_v2/paper/paper-set2 (323).npy,./batch_paper/fitted/paper-set2 (323).npy
thumb,thumbdown,thumbdown_6823,train,./dataset/skeleton_final_v2/thumbdown/thumbdown_6823.npy,./data/salux_refined_6cls/thumb_sources/thumbdown/fitted/thumbdown_6823.npy
ok,ok,ok_6752,train,./dataset/skeleton_final_v2/ok/ok_6752.npy,./batch_ok/fitted/ok_6752.npy
paper,paper,paper-set2 (260),train,./dataset/skeleton_final_v2/paper/paper-set2 (260).npy,./batch_paper/fitted/paper-set2 (260).npy
scissors,scissors,scissors (270),train,./dataset/skeleton_final_v2/scissors/scissors (270).npy,./batch_scissors/fitted/scissors (270).npy
thumb,thumbup,thumbup_7034,train,./dataset/skeleton_final_v2/thumbup/thumbup_7034.npy,./data/salux_refined_6cls/thumb_sources/thumbup/fitted/thumbup_7034.npy
thumb,thumbdown,thumbdown (204),train,./dataset/skeleton_final_v2/thumbdown/thumbdown (204).npy,./data/salux_refined_6cls/thumb_sources/thumbdown/fitted/thumbdown (204).npy
ok,ok,ok_2857,train,./dataset/skeleton_final_v2/ok/ok_2857.npy,./batch_ok/fitted/ok_2857.npy
the-finger,the-finger,the-finger_5855,train,./dataset/skeleton_final_v2/the-finger/the-finger_5855.npy,./batch_thefinger/fitted/the-finger_5855.npy
ok,ok,ok_Set2_ (493),train,./dataset/skeleton_final_v2/ok/ok_Set2_ (493).npy,./batch_ok/fitted/ok_Set2_ (493).npy
ok,ok,ok_Set2_ (269),train,./dataset/skeleton_final_v2/ok/ok_Set2_ (269).npy,./batch_ok/fitted/ok_Set2_ (269).npy
the-finger,the-finger,the-finger_7490,train,./dataset/skeleton_final_v2/the-finger/the-finger_7490.npy,./batch_thefinger/fitted/the-finger_7490.npy
thumb,thumbup,hand-11-2275,train,./dataset/skeleton_final_v2/thumbup/hand-11-2275.npy,./data/salux_refined_6cls/thumb_sources/thumbup/fitted/hand-11-2275.npy
thumb,thumbup,thumbup_7205,train,./dataset/skeleton_final_v2/thumbup/thumbup_7205.npy,./data/salux_refined_6cls/thumb_sources/thumbup/fitted/thumbup_7205.npy
thumb,thumbup,thumbup (72),train,./dataset/skeleton_final_v2/thumbup/thumbup (72).npy,./data/salux_refined_6cls/thumb_sources/thumbup/fitted/thumbup (72).npy
scissors,scissors,scissors_3850,train,./dataset/skeleton_final_v2/scissors/scissors_3850.npy,./batch_scissors/fitted/scissors_3850.npy
thumb,thumbup,hand-9-1690,train,./dataset/skeleton_final_v2/thumbup/hand-9-1690.npy,./data/salux_refined_6cls/thumb_sources/thumbup/fitted/hand-9-1690.npy
the-finger,the-finger,the-finger_606,train,./dataset/skeleton_final_v2/the-finger/the-finger_606.npy,./batch_thefinger/fitted/the-finger_606.npy
the-finger,the-finger,the-finger-set2 (332),train,./dataset/skeleton_final_v2/the-finger/the-finger-set2 (332).npy,./batch_thefinger/fitted/the-finger-set2 (332).npy
thumb,thumbup,thumbup (255),train,./dataset/skeleton_final_v2/thumbup/thumbup (255).npy,./data/salux_refined_6cls/thumb_sources/thumbup/fitted/thumbup (255).npy
the-finger,the-finger,the-finger_8662,train,./dataset/skeleton_final_v2/the-finger/the-finger_8662.npy,./batch_thefinger/fitted/the-finger_8662.npy
the-finger,the-finger,the-finger-set2 (22),train,./dataset/skeleton_final_v2/the-finger/the-finger-set2 (22).npy,./batch_thefinger/fitted/the-finger-set2 (22).npy
scissors,scissors,scissors_7342,train,./dataset/skeleton_final_v2/scissors/scissors_7342.npy,./batch_scissors/fitted/scissors_7342.npy
ok,ok,ok_Set2_ (531),train,./dataset/skeleton_final_v2/ok/ok_Set2_ (531).npy,./batch_ok/fitted/ok_Set2_ (531).npy
scissors,scissors,scissors-set2 (718),train,./dataset/skeleton_final_v2/scissors/scissors-set2 (718).npy,./batch_scissors/fitted/scissors-set2 (718).npy
paper,paper,paper-set2 (126),train,./dataset/skeleton_final_v2/paper/paper-set2 (126).npy,./batch_paper/fitted/paper-set2 (126).npy
paper,paper,paper (297),train,./dataset/skeleton_final_v2/paper/paper (297).npy,./batch_paper/fitted/paper (297).npy
scissors,scissors,scissors-set2 (299),train,./dataset/skeleton_final_v2/scissors/scissors-set2 (299).npy,./batch_scissors/fitted/scissors-set2 (299).npy
paper,paper,paper (262),train,./dataset/skeleton_final_v2/paper/paper (262).npy,./batch_paper/fitted/paper (262).npy
thumb,thumbdown,thumbdown_168,train,./dataset/skeleton_final_v2/thumbdown/thumbdown_168.npy,./data/salux_refined_6cls/thumb_sources/thumbdown/fitted/thumbdown_168.npy
thumb,thumbdown,thumbdown (262),train,./dataset/skeleton_final_v2/thumbdown/thumbdown (262).npy,./data/salux_refined_6cls/thumb_sources/thumbdown/fitted/thumbdown (262).npy
thumb,thumbdown,hand-9-2065,train,./dataset/skeleton_final_v2/thumbdown/hand-9-2065.npy,./data/salux_refined_6cls/thumb_sources/thumbdown/fitted/hand-9-2065.npy
ok,ok,ok (42),train,./dataset/skeleton_final_v2/ok/ok (42).npy,./batch_ok/fitted/ok (42).npy
ok,ok,ok (153),train,./dataset/skeleton_final_v2/ok/ok (153).npy,./batch_ok/fitted/ok (153).npy
the-finger,the-finger,the-finger_1728,train,./dataset/skeleton_final_v2/the-finger/the-finger_1728.npy,./batch_thefinger/fitted/the-finger_1728.npy
thumb,thumbdown,thumbdown_4373,train,./dataset/skeleton_final_v2/thumbdown/thumbdown_4373.npy,./data/salux_refined_6cls/thumb_sources/thumbdown/fitted/thumbdown_4373.npy
thumb,thumbup,hand-11-2090,train,./dataset/skeleton_final_v2/thumbup/hand-11-2090.npy,./data/salux_refined_6cls/thumb_sources/thumbup/fitted/hand-11-2090.npy
paper,paper,paper (49),train,./dataset/skeleton_final_v2/paper/paper (49).npy,./batch_paper/fitted/paper (49).npy
the-finger,the-finger,the-finger_883,train,./dataset/skeleton_final_v2/the-finger/the-finger_883.npy,./batch_thefinger/fitted/the-finger_883.npy
the-finger,the-finger,the-finger-set2 (245),train,./dataset/skeleton_final_v2/the-finger/the-finger-set2 (245).npy,./batch_thefinger/fitted/the-finger-set2 (245).npy
rock,rock,rock_7516,train,./dataset/skeleton_final_v2/rock/rock_7516.npy,./batch_rock/fitted/rock_7516.npy
thumb,thumbup,thumbup (40),train,./dataset/skeleton_final_v2/thumbup/thumbup (40).npy,./data/salux_refined_6cls/thumb_sources/thumbup/fitted/thumbup (40).npy
ok,ok,ok_Set2_ (356),train,./dataset/skeleton_final_v2/ok/ok_Set2_ (356).npy,./batch_ok/fitted/ok_Set2_ (356).npy
paper,paper,paper_3819,train,./dataset/skeleton_final_v2/paper/paper_3819.npy,./batch_paper/fitted/paper_3819.npy
the-finger,the-finger,the-finger_6862,train,./dataset/skeleton_final_v2/the-finger/the-finger_6862.npy,./batch_thefinger/fitted/the-finger_6862.npy
scissors,scissors,scissors-set2 (529),train,./dataset/skeleton_final_v2/scissors/scissors-set2 (529).npy,./batch_scissors/fitted/scissors-set2 (529).npy
paper,paper,paper_5148,train,./dataset/skeleton_final_v2/paper/paper_5148.npy,./batch_paper/fitted/paper_5148.npy
ok,ok,ok_Set2_ (252),train,./dataset/skeleton_final_v2/ok/ok_Set2_ (252).npy,./batch_ok/fitted/ok_Set2_ (252).npy
the-finger,the-finger,the-finger_886,train,./dataset/skeleton_final_v2/the-finger/the-finger_886.npy,./batch_thefinger/fitted/the-finger_886.npy
ok,ok,ok_5955,train,./dataset/skeleton_final_v2/ok/ok_5955.npy,./batch_ok/fitted/ok_5955.npy
ok,ok,ok_Set2_ (411),train,./dataset/skeleton_final_v2/ok/ok_Set2_ (411).npy,./batch_ok/fitted/ok_Set2_ (411).npy
thumb,thumbdown,thumbdown (335),train,./dataset/skeleton_final_v2/thumbdown/thumbdown (335).npy,./data/salux_refined_6cls/thumb_sources/thumbdown/fitted/thumbdown (335).npy
the-finger,the-finger,the-finger (92),train,./dataset/skeleton_final_v2/the-finger/the-finger (92).npy,./batch_thefinger/fitted/the-finger (92).npy
scissors,scissors,scissors-set2 (86),train,./dataset/skeleton_final_v2/scissors/scissors-set2 (86).npy,./batch_scissors/fitted/scissors-set2 (86).npy
paper,paper,paper (281),train,./dataset/skeleton_final_v2/paper/paper (281).npy,./batch_paper/fitted/paper (281).npy
ok,ok,ok_5516,train,./dataset/skeleton_final_v2/ok/ok_5516.npy,./batch_ok/fitted/ok_5516.npy
scissors,scissors,scissors-set2 (400),train,./dataset/skeleton_final_v2/scissors/scissors-set2 (400).npy,./batch_scissors/fitted/scissors-set2 (400).npy
thumb,thumbdown,thumbdown (229),train,./dataset/skeleton_final_v2/thumbdown/thumbdown (229).npy,./data/salux_refined_6cls/thumb_sources/thumbdown/fitted/thumbdown (229).npy
ok,ok,ok_Set2_ (450),train,./dataset/skeleton_final_v2/ok/ok_Set2_ (450).npy,./batch_ok/fitted/ok_Set2_ (450).npy
scissors,scissors,scissors_3935,train,./dataset/skeleton_final_v2/scissors/scissors_3935.npy,./batch_scissors/fitted/scissors_3935.npy
paper,paper,paper_6921,train,./dataset/skeleton_final_v2/paper/paper_6921.npy,./batch_paper/fitted/paper_6921.npy
thumb,thumbup,thumbup (442),train,./dataset/skeleton_final_v2/thumbup/thumbup (442).npy,./data/salux_refined_6cls/thumb_sources/thumbup/fitted/thumbup (442).npy
ok,ok,ok (164),train,./dataset/skeleton_final_v2/ok/ok (164).npy,./batch_ok/fitted/ok (164).npy
paper,paper,paper-set2 (161),train,./dataset/skeleton_final_v2/paper/paper-set2 (161).npy,./batch_paper/fitted/paper-set2 (161).npy
scissors,scissors,scissors-set2 (412),train,./dataset/skeleton_final_v2/scissors/scissors-set2 (412).npy,./batch_scissors/fitted/scissors-set2 (412).npy
paper,paper,paper_3765,train,./dataset/skeleton_final_v2/paper/paper_3765.npy,./batch_paper/fitted/paper_3765.npy
rock,rock,rock-set2 (467),train,./dataset/skeleton_final_v2/rock/rock-set2 (467).npy,./batch_rock/fitted/rock-set2 (467).npy
the-finger,the-finger,the-finger_7834,train,./dataset/skeleton_final_v2/the-finger/the-finger_7834.npy,./batch_thefinger/fitted/the-finger_7834.npy
thumb,thumbup,hand-7-1280,train,./dataset/skeleton_final_v2/thumbup/hand-7-1280.npy,./data/salux_refined_6cls/thumb_sources/thumbup/fitted/hand-7-1280.npy
paper,paper,paper (201),train,./dataset/skeleton_final_v2/paper/paper (201).npy,./batch_paper/fitted/paper (201).npy
scissors,scissors,scissors (84),train,./dataset/skeleton_final_v2/scissors/scissors (84).npy,./batch_scissors/fitted/scissors (84).npy
thumb,thumbup,thumbup_4152,train,./dataset/skeleton_final_v2/thumbup/thumbup_4152.npy,./data/salux_refined_6cls/thumb_sources/thumbup/fitted/thumbup_4152.npy
the-finger,the-finger,the-finger-set2 (93),train,./dataset/skeleton_final_v2/the-finger/the-finger-set2 (93).npy,./batch_thefinger/fitted/the-finger-set2 (93).npy
thumb,thumbdown,thumbdown_4399,train,./dataset/skeleton_final_v2/thumbdown/thumbdown_4399.npy,./data/salux_refined_6cls/thumb_sources/thumbdown/fitted/thumbdown_4399.npy
paper,paper,paper-set2 (47),train,./dataset/skeleton_final_v2/paper/paper-set2 (47).npy,./batch_paper/fitted/paper-set2 (47).npy
scissors,scissors,scissors (64),train,./dataset/skeleton_final_v2/scissors/scissors (64).npy,./batch_scissors/fitted/scissors (64).npy
paper,paper,paper (215),train,./dataset/skeleton_final_v2/paper/paper (215).npy,./batch_paper/fitted/paper (215).npy
the-finger,the-finger,the-finger-set2 (138),train,./dataset/skeleton_final_v2/the-finger/the-finger-set2 (138).npy,./batch_thefinger/fitted/the-finger-set2 (138).npy
scissors,scissors,scissors_755,train,./dataset/skeleton_final_v2/scissors/scissors_755.npy,./batch_scissors/fitted/scissors_755.npy
ok,ok,ok (105),train,./dataset/skeleton_final_v2/ok/ok (105).npy,./batch_ok/fitted/ok (105).npy
thumb,thumbup,thumbup (478),train,./dataset/skeleton_final_v2/thumbup/thumbup (478).npy,./data/salux_refined_6cls/thumb_sources/thumbup/fitted/thumbup (478).npy
the-finger,the-finger,the-finger_8348,train,./dataset/skeleton_final_v2/the-finger/the-finger_8348.npy,./batch_thefinger/fitted/the-finger_8348.npy
the-finger,the-finger,the-finger_7476,train,./dataset/skeleton_final_v2/the-finger/the-finger_7476.npy,./batch_thefinger/fitted/the-finger_7476.npy
scissors,scissors,scissors-set2 (535),train,./dataset/skeleton_final_v2/scissors/scissors-set2 (535).npy,./batch_scissors/fitted/scissors-set2 (535).npy
thumb,thumbup,thumbup_9278,train,./dataset/skeleton_final_v2/thumbup/thumbup_9278.npy,./data/salux_refined_6cls/thumb_sources/thumbup/fitted/thumbup_9278.npy
scissors,scissors,scissors (490),train,./dataset/skeleton_final_v2/scissors/scissors (490).npy,./batch_scissors/fitted/scissors (490).npy
thumb,thumbup,thumbup_7211,train,./dataset/skeleton_final_v2/thumbup/thumbup_7211.npy,./data/salux_refined_6cls/thumb_sources/thumbup/fitted/thumbup_7211.npy
paper,paper,paper-set2 (464),train,./dataset/skeleton_final_v2/paper/paper-set2 (464).npy,./batch_paper/fitted/paper-set2 (464).npy
scissors,scissors,scissors-set2 (88),train,./dataset/skeleton_final_v2/scissors/scissors-set2 (88).npy,./batch_scissors/fitted/scissors-set2 (88).npy
thumb,thumbdown,hand-10-555,train,./dataset/skeleton_final_v2/thumbdown/hand-10-555.npy,./data/salux_refined_6cls/thumb_sources/thumbdown/fitted/hand-10-555.npy
scissors,scissors,scissors-set2 (628),train,./dataset/skeleton_final_v2/scissors/scissors-set2 (628).npy,./batch_scissors/fitted/scissors-set2 (628).npy
ok,ok,ok_6975,train,./dataset/skeleton_final_v2/ok/ok_6975.npy,./batch_ok/fitted/ok_6975.npy
paper,paper,paper-set2 (328),train,./dataset/skeleton_final_v2/paper/paper-set2 (328).npy,./batch_paper/fitted/paper-set2 (328).npy
scissors,scissors,scissors (173),train,./dataset/skeleton_final_v2/scissors/scissors (173).npy,./batch_scissors/fitted/scissors (173).npy
thumb,thumbdown,thumbdown (34),train,./dataset/skeleton_final_v2/thumbdown/thumbdown (34).npy,./data/salux_refined_6cls/thumb_sources/thumbdown/fitted/thumbdown (34).npy
thumb,thumbdown,thumbdown_9380,train,./dataset/skeleton_final_v2/thumbdown/thumbdown_9380.npy,./data/salux_refined_6cls/thumb_sources/thumbdown/fitted/thumbdown_9380.npy
ok,ok,ok_Set2_ (361),train,./dataset/skeleton_final_v2/ok/ok_Set2_ (361).npy,./batch_ok/fitted/ok_Set2_ (361).npy
ok,ok,ok_6401,train,./dataset/skeleton_final_v2/ok/ok_6401.npy,./batch_ok/fitted/ok_6401.npy
thumb,thumbdown,thumbdown_186,train,./dataset/skeleton_final_v2/thumbdown/thumbdown_186.npy,./data/salux_refined_6cls/thumb_sources/thumbdown/fitted/thumbdown_186.npy
scissors,scissors,scissors (492),train,./dataset/skeleton_final_v2/scissors/scissors (492).npy,./batch_scissors/fitted/scissors (492).npy
ok,ok,ok (118),train,./dataset/skeleton_final_v2/ok/ok (118).npy,./batch_ok/fitted/ok (118).npy
thumb,thumbup,thumbup_1654,train,./dataset/skeleton_final_v2/thumbup/thumbup_1654.npy,./data/salux_refined_6cls/thumb_sources/thumbup/fitted/thumbup_1654.npy
thumb,thumbup,thumbup (195),train,./dataset/skeleton_final_v2/thumbup/thumbup (195).npy,./data/salux_refined_6cls/thumb_sources/thumbup/fitted/thumbup (195).npy
scissors,scissors,scissors_7176,train,./dataset/skeleton_final_v2/scissors/scissors_7176.npy,./batch_scissors/fitted/scissors_7176.npy
thumb,thumbup,thumbup (348),train,./dataset/skeleton_final_v2/thumbup/thumbup (348).npy,./data/salux_refined_6cls/thumb_sources/thumbup/fitted/thumbup (348).npy
ok,ok,ok_Set2_ (256),train,./dataset/skeleton_final_v2/ok/ok_Set2_ (256).npy,./batch_ok/fitted/ok_Set2_ (256).npy
thumb,thumbup,thumbup_8940,train,./dataset/skeleton_final_v2/thumbup/thumbup_8940.npy,./data/salux_refined_6cls/thumb_sources/thumbup/fitted/thumbup_8940.npy
the-finger,the-finger,the-finger-set2 (21),train,./dataset/skeleton_final_v2/the-finger/the-finger-set2 (21).npy,./batch_thefinger/fitted/the-finger-set2 (21).npy
scissors,scissors,scissors_7189,train,./dataset/skeleton_final_v2/scissors/scissors_7189.npy,./batch_scissors/fitted/scissors_7189.npy
the-finger,the-finger,the-finger-set2 (322),train,./dataset/skeleton_final_v2/the-finger/the-finger-set2 (322).npy,./batch_thefinger/fitted/the-finger-set2 (322).npy
the-finger,the-finger,the-finger-set2 (323),train,./dataset/skeleton_final_v2/the-finger/the-finger-set2 (323).npy,./batch_thefinger/fitted/the-finger-set2 (323).npy
scissors,scissors,scissors (182),train,./dataset/skeleton_final_v2/scissors/scissors (182).npy,./batch_scissors/fitted/scissors (182).npy
rock,rock,rock-set2 (600),train,./dataset/skeleton_final_v2/rock/rock-set2 (600).npy,./batch_rock/fitted/rock-set2 (600).npy
paper,paper,paper-set2 (482),train,./dataset/skeleton_final_v2/paper/paper-set2 (482).npy,./batch_paper/fitted/paper-set2 (482).npy
thumb,thumbdown,thumbdown_3388,train,./dataset/skeleton_final_v2/thumbdown/thumbdown_3388.npy,./data/salux_refined_6cls/thumb_sources/thumbdown/fitted/thumbdown_3388.npy
ok,ok,ok (195),train,./dataset/skeleton_final_v2/ok/ok (195).npy,./batch_ok/fitted/ok (195).npy
scissors,scissors,scissors-set2 (495),train,./dataset/skeleton_final_v2/scissors/scissors-set2 (495).npy,./batch_scissors/fitted/scissors-set2 (495).npy
the-finger,the-finger,the-finger (139),train,./dataset/skeleton_final_v2/the-finger/the-finger (139).npy,./batch_thefinger/fitted/the-finger (139).npy
scissors,scissors,scissors-set2 (419),train,./dataset/skeleton_final_v2/scissors/scissors-set2 (419).npy,./batch_scissors/fitted/scissors-set2 (419).npy
scissors,scissors,scissors-set2 (347),train,./dataset/skeleton_final_v2/scissors/scissors-set2 (347).npy,./batch_scissors/fitted/scissors-set2 (347).npy
scissors,scissors,scissors_6964,train,./dataset/skeleton_final_v2/scissors/scissors_6964.npy,./batch_scissors/fitted/scissors_6964.npy
thumb,thumbdown,thumbdown_4398,train,./dataset/skeleton_final_v2/thumbdown/thumbdown_4398.npy,./data/salux_refined_6cls/thumb_sources/thumbdown/fitted/thumbdown_4398.npy
scissors,scissors,scissors-set2 (499),train,./dataset/skeleton_final_v2/scissors/scissors-set2 (499).npy,./batch_scissors/fitted/scissors-set2 (499).npy
ok,ok,ok_Set2_ (537),train,./dataset/skeleton_final_v2/ok/ok_Set2_ (537).npy,./batch_ok/fitted/ok_Set2_ (537).npy
scissors,scissors,scissors-set2 (279),train,./dataset/skeleton_final_v2/scissors/scissors-set2 (279).npy,./batch_scissors/fitted/scissors-set2 (279).npy
scissors,scissors,scissors-set2 (360),train,./dataset/skeleton_final_v2/scissors/scissors-set2 (360).npy,./batch_scissors/fitted/scissors-set2 (360).npy
thumb,thumbdown,thumbdown_5646,train,./dataset/skeleton_final_v2/thumbdown/thumbdown_5646.npy,./data/salux_refined_6cls/thumb_sources/thumbdown/fitted/thumbdown_5646.npy
the-finger,the-finger,the-finger-set2 (104),train,./dataset/skeleton_final_v2/the-finger/the-finger-set2 (104).npy,./batch_thefinger/fitted/the-finger-set2 (104).npy
paper,paper,paper (36),train,./dataset/skeleton_final_v2/paper/paper (36).npy,./batch_paper/fitted/paper (36).npy
thumb,thumbdown,thumbdown_843,train,./dataset/skeleton_final_v2/thumbdown/thumbdown_843.npy,./data/salux_refined_6cls/thumb_sources/thumbdown/fitted/thumbdown_843.npy
paper,paper,paper (234),train,./dataset/skeleton_final_v2/paper/paper (234).npy,./batch_paper/fitted/paper (234).npy
paper,paper,paper-set2 (363),train,./dataset/skeleton_final_v2/paper/paper-set2 (363).npy,./batch_paper/fitted/paper-set2 (363).npy
the-finger,the-finger,the-finger-set2 (198),train,./dataset/skeleton_final_v2/the-finger/the-finger-set2 (198).npy,./batch_thefinger/fitted/the-finger-set2 (198).npy
thumb,thumbup,thumbup (41),train,./dataset/skeleton_final_v2/thumbup/thumbup (41).npy,./data/salux_refined_6cls/thumb_sources/thumbup/fitted/thumbup (41).npy
ok,ok,ok_Set2_ (248),train,./dataset/skeleton_final_v2/ok/ok_Set2_ (248).npy,./batch_ok/fitted/ok_Set2_ (248).npy
ok,ok,ok_5776,train,./dataset/skeleton_final_v2/ok/ok_5776.npy,./batch_ok/fitted/ok_5776.npy
scissors,scissors,scissors_2607,train,./dataset/skeleton_final_v2/scissors/scissors_2607.npy,./batch_scissors/fitted/scissors_2607.npy
ok,ok,ok_Set2_ (516),train,./dataset/skeleton_final_v2/ok/ok_Set2_ (516).npy,./batch_ok/fitted/ok_Set2_ (516).npy
ok,ok,ok_Set2_ (27),train,./dataset/skeleton_final_v2/ok/ok_Set2_ (27).npy,./batch_ok/fitted/ok_Set2_ (27).npy
paper,paper,paper-set2 (48),train,./dataset/skeleton_final_v2/paper/paper-set2 (48).npy,./batch_paper/fitted/paper-set2 (48).npy
thumb,thumbup,thumbup (237),train,./dataset/skeleton_final_v2/thumbup/thumbup (237).npy,./data/salux_refined_6cls/thumb_sources/thumbup/fitted/thumbup (237).npy
the-finger,the-finger,the-finger_5365,train,./dataset/skeleton_final_v2/the-finger/the-finger_5365.npy,./batch_thefinger/fitted/the-finger_5365.npy
paper,paper,paper_5911,train,./dataset/skeleton_final_v2/paper/paper_5911.npy,./batch_paper/fitted/paper_5911.npy
paper,paper,paper_1860,train,./dataset/skeleton_final_v2/paper/paper_1860.npy,./batch_paper/fitted/paper_1860.npy
the-finger,the-finger,the-finger_7085,train,./dataset/skeleton_final_v2/the-finger/the-finger_7085.npy,./batch_thefinger/fitted/the-finger_7085.npy
scissors,scissors,scissors (362),train,./dataset/skeleton_final_v2/scissors/scissors (362).npy,./batch_scissors/fitted/scissors (362).npy
ok,ok,ok_Set2_ (43),train,./dataset/skeleton_final_v2/ok/ok_Set2_ (43).npy,./batch_ok/fitted/ok_Set2_ (43).npy
ok,ok,ok_6383,train,./dataset/skeleton_final_v2/ok/ok_6383.npy,./batch_ok/fitted/ok_6383.npy
the-finger,the-finger,the-finger-set2 (271),train,./dataset/skeleton_final_v2/the-finger/the-finger-set2 (271).npy,./batch_thefinger/fitted/the-finger-set2 (271).npy
scissors,scissors,scissors-set2 (461),train,./dataset/skeleton_final_v2/scissors/scissors-set2 (461).npy,./batch_scissors/fitted/scissors-set2 (461).npy
scissors,scissors,scissors_6959,train,./dataset/skeleton_final_v2/scissors/scissors_6959.npy,./batch_scissors/fitted/scissors_6959.npy
paper,paper,paper-set2 (168),train,./dataset/skeleton_final_v2/paper/paper-set2 (168).npy,./batch_paper/fitted/paper-set2 (168).npy
ok,ok,ok_Set2_ (52),train,./dataset/skeleton_final_v2/ok/ok_Set2_ (52).npy,./batch_ok/fitted/ok_Set2_ (52).npy
scissors,scissors,scissors_4636,train,./dataset/skeleton_final_v2/scissors/scissors_4636.npy,./batch_scissors/fitted/scissors_4636.npy
paper,paper,paper-set2 (436),train,./dataset/skeleton_final_v2/paper/paper-set2 (436).npy,./batch_paper/fitted/paper-set2 (436).npy
ok,ok,ok_5943,train,./dataset/skeleton_final_v2/ok/ok_5943.npy,./batch_ok/fitted/ok_5943.npy
scissors,scissors,scissors_6745,train,./dataset/skeleton_final_v2/scissors/scissors_6745.npy,./batch_scissors/fitted/scissors_6745.npy
ok,ok,ok_Set2_ (226),train,./dataset/skeleton_final_v2/ok/ok_Set2_ (226).npy,./batch_ok/fitted/ok_Set2_ (226).npy
scissors,scissors,scissors_2617,train,./dataset/skeleton_final_v2/scissors/scissors_2617.npy,./batch_scissors/fitted/scissors_2617.npy
paper,paper,paper_2481,train,./dataset/skeleton_final_v2/paper/paper_2481.npy,./batch_paper/fitted/paper_2481.npy
scissors,scissors,scissors (151),train,./dataset/skeleton_final_v2/scissors/scissors (151).npy,./batch_scissors/fitted/scissors (151).npy
thumb,thumbdown,thumbdown_3267,train,./dataset/skeleton_final_v2/thumbdown/thumbdown_3267.npy,./data/salux_refined_6cls/thumb_sources/thumbdown/fitted/thumbdown_3267.npy
thumb,thumbup,thumbup (333),train,./dataset/skeleton_final_v2/thumbup/thumbup (333).npy,./data/salux_refined_6cls/thumb_sources/thumbup/fitted/thumbup (333).npy
thumb,thumbdown,thumbdown_163,train,./dataset/skeleton_final_v2/thumbdown/thumbdown_163.npy,./data/salux_refined_6cls/thumb_sources/thumbdown/fitted/thumbdown_163.npy
ok,ok,ok_2684,train,./dataset/skeleton_final_v2/ok/ok_2684.npy,./batch_ok/fitted/ok_2684.npy
thumb,thumbdown,hand-9-2070,train,./dataset/skeleton_final_v2/thumbdown/hand-9-2070.npy,./data/salux_refined_6cls/thumb_sources/thumbdown/fitted/hand-9-2070.npy
thumb,thumbup,thumbup_9274,train,./dataset/skeleton_final_v2/thumbup/thumbup_9274.npy,./data/salux_refined_6cls/thumb_sources/thumbup/fitted/thumbup_9274.npy
ok,ok,ok_Set2_ (33),train,./dataset/skeleton_final_v2/ok/ok_Set2_ (33).npy,./batch_ok/fitted/ok_Set2_ (33).npy
thumb,thumbdown,hand-11-735,train,./dataset/skeleton_final_v2/thumbdown/hand-11-735.npy,./data/salux_refined_6cls/thumb_sources/thumbdown/fitted/hand-11-735.npy
thumb,thumbup,thumbup (38),train,./dataset/skeleton_final_v2/thumbup/thumbup (38).npy,./data/salux_refined_6cls/thumb_sources/thumbup/fitted/thumbup (38).npy
the-finger,the-finger,the-finger (104),train,./dataset/skeleton_final_v2/the-finger/the-finger (104).npy,./batch_thefinger/fitted/the-finger (104).npy
paper,paper,paper_7328,train,./dataset/skeleton_final_v2/paper/paper_7328.npy,./batch_paper/fitted/paper_7328.npy
ok,ok,ok_Set2_ (287),train,./dataset/skeleton_final_v2/ok/ok_Set2_ (287).npy,./batch_ok/fitted/ok_Set2_ (287).npy
ok,ok,ok_Set2_ (465),train,./dataset/skeleton_final_v2/ok/ok_Set2_ (465).npy,./batch_ok/fitted/ok_Set2_ (465).npy
paper,paper,paper-set2 (257),train,./dataset/skeleton_final_v2/paper/paper-set2 (257).npy,./batch_paper/fitted/paper-set2 (257).npy
paper,paper,paper-set2 (294),train,./dataset/skeleton_final_v2/paper/paper-set2 (294).npy,./batch_paper/fitted/paper-set2 (294).npy
ok,ok,ok_Set2_ (498),train,./dataset/skeleton_final_v2/ok/ok_Set2_ (498).npy,./batch_ok/fitted/ok_Set2_ (498).npy
scissors,scissors,scissors_775,train,./dataset/skeleton_final_v2/scissors/scissors_775.npy,./batch_scissors/fitted/scissors_775.npy
scissors,scissors,scissors-set2 (555),train,./dataset/skeleton_final_v2/scissors/scissors-set2 (555).npy,./batch_scissors/fitted/scissors-set2 (555).npy
thumb,thumbdown,hand-9-2060,train,./dataset/skeleton_final_v2/thumbdown/hand-9-2060.npy,./data/salux_refined_6cls/thumb_sources/thumbdown/fitted/hand-9-2060.npy
scissors,scissors,scissors-set2 (438),train,./dataset/skeleton_final_v2/scissors/scissors-set2 (438).npy,./batch_scissors/fitted/scissors-set2 (438).npy
the-finger,the-finger,the-finger_8276,train,./dataset/skeleton_final_v2/the-finger/the-finger_8276.npy,./batch_thefinger/fitted/the-finger_8276.npy
paper,paper,paper_6695,train,./dataset/skeleton_final_v2/paper/paper_6695.npy,./batch_paper/fitted/paper_6695.npy
scissors,scissors,scissors-set2 (250),train,./dataset/skeleton_final_v2/scissors/scissors-set2 (250).npy,./batch_scissors/fitted/scissors-set2 (250).npy
thumb,thumbup,thumbup (49),train,./dataset/skeleton_final_v2/thumbup/thumbup (49).npy,./data/salux_refined_6cls/thumb_sources/thumbup/fitted/thumbup (49).npy
paper,paper,paper (48),train,./dataset/skeleton_final_v2/paper/paper (48).npy,./batch_paper/fitted/paper (48).npy
paper,paper,paper-set2 (501),train,./dataset/skeleton_final_v2/paper/paper-set2 (501).npy,./batch_paper/fitted/paper-set2 (501).npy
paper,paper,paper-set2 (39),train,./dataset/skeleton_final_v2/paper/paper-set2 (39).npy,./batch_paper/fitted/paper-set2 (39).npy
scissors,scissors,scissors-set2 (427),train,./dataset/skeleton_final_v2/scissors/scissors-set2 (427).npy,./batch_scissors/fitted/scissors-set2 (427).npy
thumb,thumbup,thumbup_2095,train,./dataset/skeleton_final_v2/thumbup/thumbup_2095.npy,./data/salux_refined_6cls/thumb_sources/thumbup/fitted/thumbup_2095.npy
paper,paper,paper-set2 (5),train,./dataset/skeleton_final_v2/paper/paper-set2 (5).npy,./batch_paper/fitted/paper-set2 (5).npy
thumb,thumbup,thumbup_8956,train,./dataset/skeleton_final_v2/thumbup/thumbup_8956.npy,./data/salux_refined_6cls/thumb_sources/thumbup/fitted/thumbup_8956.npy
ok,ok,ok_6985,train,./dataset/skeleton_final_v2/ok/ok_6985.npy,./batch_ok/fitted/ok_6985.npy
thumb,thumbdown,thumbdown (165),train,./dataset/skeleton_final_v2/thumbdown/thumbdown (165).npy,./data/salux_refined_6cls/thumb_sources/thumbdown/fitted/thumbdown (165).npy
scissors,scissors,scissors (183),train,./dataset/skeleton_final_v2/scissors/scissors (183).npy,./batch_scissors/fitted/scissors (183).npy
scissors,scissors,scissors-set2 (277),train,./dataset/skeleton_final_v2/scissors/scissors-set2 (277).npy,./batch_scissors/fitted/scissors-set2 (277).npy
scissors,scissors,scissors-set2 (719),train,./dataset/skeleton_final_v2/scissors/scissors-set2 (719).npy,./batch_scissors/fitted/scissors-set2 (719).npy
scissors,scissors,scissors-set2 (110),train,./dataset/skeleton_final_v2/scissors/scissors-set2 (110).npy,./batch_scissors/fitted/scissors-set2 (110).npy
paper,paper,paper_7613,train,./dataset/skeleton_final_v2/paper/paper_7613.npy,./batch_paper/fitted/paper_7613.npy
thumb,thumbdown,thumbdown (154),train,./dataset/skeleton_final_v2/thumbdown/thumbdown (154).npy,./data/salux_refined_6cls/thumb_sources/thumbdown/fitted/thumbdown (154).npy
scissors,scissors,scissors (101),train,./dataset/skeleton_final_v2/scissors/scissors (101).npy,./batch_scissors/fitted/scissors (101).npy
the-finger,the-finger,the-finger_6477,train,./dataset/skeleton_final_v2/the-finger/the-finger_6477.npy,./batch_thefinger/fitted/the-finger_6477.npy
thumb,thumbdown,hand-9-2055,train,./dataset/skeleton_final_v2/thumbdown/hand-9-2055.npy,./data/salux_refined_6cls/thumb_sources/thumbdown/fitted/hand-9-2055.npy
ok,ok,ok (183),train,./dataset/skeleton_final_v2/ok/ok (183).npy,./batch_ok/fitted/ok (183).npy
paper,paper,paper_6129,train,./dataset/skeleton_final_v2/paper/paper_6129.npy,./batch_paper/fitted/paper_6129.npy
thumb,thumbdown,thumbdown_7452,train,./dataset/skeleton_final_v2/thumbdown/thumbdown_7452.npy,./data/salux_refined_6cls/thumb_sources/thumbdown/fitted/thumbdown_7452.npy
ok,ok,ok_1592,train,./dataset/skeleton_final_v2/ok/ok_1592.npy,./batch_ok/fitted/ok_1592.npy
thumb,thumbup,hand-9-1610,train,./dataset/skeleton_final_v2/thumbup/hand-9-1610.npy,./data/salux_refined_6cls/thumb_sources/thumbup/fitted/hand-9-1610.npy
thumb,thumbdown,thumbdown_3242,train,./dataset/skeleton_final_v2/thumbdown/thumbdown_3242.npy,./data/salux_refined_6cls/thumb_sources/thumbdown/fitted/thumbdown_3242.npy
paper,paper,paper_3796,train,./dataset/skeleton_final_v2/paper/paper_3796.npy,./batch_paper/fitted/paper_3796.npy
thumb,thumbdown,thumbdown_6828,train,./dataset/skeleton_final_v2/thumbdown/thumbdown_6828.npy,./data/salux_refined_6cls/thumb_sources/thumbdown/fitted/thumbdown_6828.npy
ok,ok,ok_1588,train,./dataset/skeleton_final_v2/ok/ok_1588.npy,./batch_ok/fitted/ok_1588.npy
thumb,thumbup,hand-10-2165,train,./dataset/skeleton_final_v2/thumbup/hand-10-2165.npy,./data/salux_refined_6cls/thumb_sources/thumbup/fitted/hand-10-2165.npy
scissors,scissors,scissors-set2 (581),train,./dataset/skeleton_final_v2/scissors/scissors-set2 (581).npy,./batch_scissors/fitted/scissors-set2 (581).npy
the-finger,the-finger,the-finger (100),train,./dataset/skeleton_final_v2/the-finger/the-finger (100).npy,./batch_thefinger/fitted/the-finger (100).npy
the-finger,the-finger,the-finger_6293,train,./dataset/skeleton_final_v2/the-finger/the-finger_6293.npy,./batch_thefinger/fitted/the-finger_6293.npy
scissors,scissors,scissors-set2 (536),train,./dataset/skeleton_final_v2/scissors/scissors-set2 (536).npy,./batch_scissors/fitted/scissors-set2 (536).npy
scissors,scissors,scissors-set2 (651),train,./dataset/skeleton_final_v2/scissors/scissors-set2 (651).npy,./batch_scissors/fitted/scissors-set2 (651).npy
scissors,scissors,scissors_2706,train,./dataset/skeleton_final_v2/scissors/scissors_2706.npy,./batch_scissors/fitted/scissors_2706.npy
scissors,scissors,scissors (344),train,./dataset/skeleton_final_v2/scissors/scissors (344).npy,./batch_scissors/fitted/scissors (344).npy
scissors,scissors,scissors-set2 (680),train,./dataset/skeleton_final_v2/scissors/scissors-set2 (680).npy,./batch_scissors/fitted/scissors-set2 (680).npy
the-finger,the-finger,the-finger-set2 (26),train,./dataset/skeleton_final_v2/the-finger/the-finger-set2 (26).npy,./batch_thefinger/fitted/the-finger-set2 (26).npy
rock,rock,rock (111),train,./dataset/skeleton_final_v2/rock/rock (111).npy,./batch_rock/fitted/rock (111).npy
scissors,scissors,scissors (75),train,./dataset/skeleton_final_v2/scissors/scissors (75).npy,./batch_scissors/fitted/scissors (75).npy
ok,ok,ok_Set2_ (572),train,./dataset/skeleton_final_v2/ok/ok_Set2_ (572).npy,./batch_ok/fitted/ok_Set2_ (572).npy
thumb,thumbdown,thumbdown_6851,train,./dataset/skeleton_final_v2/thumbdown/thumbdown_6851.npy,./data/salux_refined_6cls/thumb_sources/thumbdown/fitted/thumbdown_6851.npy
ok,ok,ok_Set2_ (126),train,./dataset/skeleton_final_v2/ok/ok_Set2_ (126).npy,./batch_ok/fitted/ok_Set2_ (126).npy
thumb,thumbdown,thumbdown_8576,train,./dataset/skeleton_final_v2/thumbdown/thumbdown_8576.npy,./data/salux_refined_6cls/thumb_sources/thumbdown/fitted/thumbdown_8576.npy
ok,ok,ok_Set2_ (421),train,./dataset/skeleton_final_v2/ok/ok_Set2_ (421).npy,./batch_ok/fitted/ok_Set2_ (421).npy
scissors,scissors,scissors_7631,train,./dataset/skeleton_final_v2/scissors/scissors_7631.npy,./batch_scissors/fitted/scissors_7631.npy
scissors,scissors,scissors-set2 (298),train,./dataset/skeleton_final_v2/scissors/scissors-set2 (298).npy,./batch_scissors/fitted/scissors-set2 (298).npy
thumb,thumbdown,thumbdown (222),train,./dataset/skeleton_final_v2/thumbdown/thumbdown (222).npy,./data/salux_refined_6cls/thumb_sources/thumbdown/fitted/thumbdown (222).npy
paper,paper,paper-set2 (477),train,./dataset/skeleton_final_v2/paper/paper-set2 (477).npy,./batch_paper/fitted/paper-set2 (477).npy
scissors,scissors,scissors (115),train,./dataset/skeleton_final_v2/scissors/scissors (115).npy,./batch_scissors/fitted/scissors (115).npy
ok,ok,ok (106),train,./dataset/skeleton_final_v2/ok/ok (106).npy,./batch_ok/fitted/ok (106).npy
the-finger,the-finger,the-finger_7812,train,./dataset/skeleton_final_v2/the-finger/the-finger_7812.npy,./batch_thefinger/fitted/the-finger_7812.npy
paper,paper,paper_3637,train,./dataset/skeleton_final_v2/paper/paper_3637.npy,./batch_paper/fitted/paper_3637.npy
ok,ok,ok_1587,train,./dataset/skeleton_final_v2/ok/ok_1587.npy,./batch_ok/fitted/ok_1587.npy
thumb,thumbup,thumbup_2097,train,./dataset/skeleton_final_v2/thumbup/thumbup_2097.npy,./data/salux_refined_6cls/thumb_sources/thumbup/fitted/thumbup_2097.npy
ok,ok,ok (130),train,./dataset/skeleton_final_v2/ok/ok (130).npy,./batch_ok/fitted/ok (130).npy
ok,ok,ok (225),train,./dataset/skeleton_final_v2/ok/ok (225).npy,./batch_ok/fitted/ok (225).npy
ok,ok,ok_2719,train,./dataset/skeleton_final_v2/ok/ok_2719.npy,./batch_ok/fitted/ok_2719.npy
the-finger,the-finger,the-finger-set2 (259),train,./dataset/skeleton_final_v2/the-finger/the-finger-set2 (259).npy,./batch_thefinger/fitted/the-finger-set2 (259).npy
scissors,scissors,scissors_761,train,./dataset/skeleton_final_v2/scissors/scissors_761.npy,./batch_scissors/fitted/scissors_761.npy
thumb,thumbdown,thumbdown (272),train,./dataset/skeleton_final_v2/thumbdown/thumbdown (272).npy,./data/salux_refined_6cls/thumb_sources/thumbdown/fitted/thumbdown (272).npy
paper,paper,paper_3720,train,./dataset/skeleton_final_v2/paper/paper_3720.npy,./batch_paper/fitted/paper_3720.npy
thumb,thumbup,hand-9-1700,train,./dataset/skeleton_final_v2/thumbup/hand-9-1700.npy,./data/salux_refined_6cls/thumb_sources/thumbup/fitted/hand-9-1700.npy
the-finger,the-finger,the-finger_8656,train,./dataset/skeleton_final_v2/the-finger/the-finger_8656.npy,./batch_thefinger/fitted/the-finger_8656.npy
scissors,scissors,scissors_436,train,./dataset/skeleton_final_v2/scissors/scissors_436.npy,./batch_scissors/fitted/scissors_436.npy
thumb,thumbdown,thumbdown_6253,train,./dataset/skeleton_final_v2/thumbdown/thumbdown_6253.npy,./data/salux_refined_6cls/thumb_sources/thumbdown/fitted/thumbdown_6253.npy
thumb,thumbup,thumbup (139),train,./dataset/skeleton_final_v2/thumbup/thumbup (139).npy,./data/salux_refined_6cls/thumb_sources/thumbup/fitted/thumbup (139).npy
thumb,thumbdown,thumbdown (62),train,./dataset/skeleton_final_v2/thumbdown/thumbdown (62).npy,./data/salux_refined_6cls/thumb_sources/thumbdown/fitted/thumbdown (62).npy
paper,paper,paper-set2 (442),train,./dataset/skeleton_final_v2/paper/paper-set2 (442).npy,./batch_paper/fitted/paper-set2 (442).npy
scissors,scissors,scissors-set2 (571),train,./dataset/skeleton_final_v2/scissors/scissors-set2 (571).npy,./batch_scissors/fitted/scissors-set2 (571).npy
scissors,scissors,scissors-set2 (503),train,./dataset/skeleton_final_v2/scissors/scissors-set2 (503).npy,./batch_scissors/fitted/scissors-set2 (503).npy
scissors,scissors,scissors (49),train,./dataset/skeleton_final_v2/scissors/scissors (49).npy,./batch_scissors/fitted/scissors (49).npy
scissors,scissors,scissors-set2 (397),val,./dataset/skeleton_final_v2/scissors/scissors-set2 (397).npy,./batch_scissors/fitted/scissors-set2 (397).npy
thumb,thumbdown,thumbdown (82),val,./dataset/skeleton_final_v2/thumbdown/thumbdown (82).npy,./data/salux_refined_6cls/thumb_sources/thumbdown/fitted/thumbdown (82).npy
ok,ok,ok_Set2_ (228),val,./dataset/skeleton_final_v2/ok/ok_Set2_ (228).npy,./batch_ok/fitted/ok_Set2_ (228).npy
thumb,thumbdown,thumbdown (61),val,./dataset/skeleton_final_v2/thumbdown/thumbdown (61).npy,./data/salux_refined_6cls/thumb_sources/thumbdown/fitted/thumbdown (61).npy
ok,ok,ok_9244,val,./dataset/skeleton_final_v2/ok/ok_9244.npy,./batch_ok/fitted/ok_9244.npy
thumb,thumbup,thumbup (220),val,./dataset/skeleton_final_v2/thumbup/thumbup (220).npy,./data/salux_refined_6cls/thumb_sources/thumbup/fitted/thumbup (220).npy
scissors,scissors,scissors_4611,val,./dataset/skeleton_final_v2/scissors/scissors_4611.npy,./batch_scissors/fitted/scissors_4611.npy
paper,paper,paper-set2 (246),val,./dataset/skeleton_final_v2/paper/paper-set2 (246).npy,./batch_paper/fitted/paper-set2 (246).npy
thumb,thumbup,thumbup_6786,val,./dataset/skeleton_final_v2/thumbup/thumbup_6786.npy,./data/salux_refined_6cls/thumb_sources/thumbup/fitted/thumbup_6786.npy
the-finger,the-finger,the-finger (44),val,./dataset/skeleton_final_v2/the-finger/the-finger (44).npy,./batch_thefinger/fitted/the-finger (44).npy
paper,paper,paper-set2 (106),val,./dataset/skeleton_final_v2/paper/paper-set2 (106).npy,./batch_paper/fitted/paper-set2 (106).npy
paper,paper,paper-set2 (496),val,./dataset/skeleton_final_v2/paper/paper-set2 (496).npy,./batch_paper/fitted/paper-set2 (496).npy
ok,ok,ok_Set2_ (348),val,./dataset/skeleton_final_v2/ok/ok_Set2_ (348).npy,./batch_ok/fitted/ok_Set2_ (348).npy
paper,paper,paper-set2 (368),val,./dataset/skeleton_final_v2/paper/paper-set2 (368).npy,./batch_paper/fitted/paper-set2 (368).npy
scissors,scissors,scissors-set2 (549),val,./dataset/skeleton_final_v2/scissors/scissors-set2 (549).npy,./batch_scissors/fitted/scissors-set2 (549).npy
thumb,thumbup,thumbup (1),val,./dataset/skeleton_final_v2/thumbup/thumbup (1).npy,./data/salux_refined_6cls/thumb_sources/thumbup/fitted/thumbup (1).npy
thumb,thumbdown,hand-7-1555,val,./dataset/skeleton_final_v2/thumbdown/hand-7-1555.npy,./data/salux_refined_6cls/thumb_sources/thumbdown/fitted/hand-7-1555.npy
ok,ok,ok (8),val,./dataset/skeleton_final_v2/ok/ok (8).npy,./batch_ok/fitted/ok (8).npy
rock,rock,rock_8700,val,./dataset/skeleton_final_v2/rock/rock_8700.npy,./batch_rock/fitted/rock_8700.npy
thumb,thumbdown,thumbdown_4454,val,./dataset/skeleton_final_v2/thumbdown/thumbdown_4454.npy,./data/salux_refined_6cls/thumb_sources/thumbdown/fitted/thumbdown_4454.npy
scissors,scissors,scissors-set2 (740),val,./dataset/skeleton_final_v2/scissors/scissors-set2 (740).npy,./batch_scissors/fitted/scissors-set2 (740).npy
paper,paper,paper_9128,val,./dataset/skeleton_final_v2/paper/paper_9128.npy,./batch_paper/fitted/paper_9128.npy
paper,paper,paper-set2 (175),val,./dataset/skeleton_final_v2/paper/paper-set2 (175).npy,./batch_paper/fitted/paper-set2 (175).npy
paper,paper,paper_6349,val,./dataset/skeleton_final_v2/paper/paper_6349.npy,./batch_paper/fitted/paper_6349.npy
the-finger,the-finger,the-finger_3450,val,./dataset/skeleton_final_v2/the-finger/the-finger_3450.npy,./batch_thefinger/fitted/the-finger_3450.npy
paper,paper,paper-set2 (31),val,./dataset/skeleton_final_v2/paper/paper-set2 (31).npy,./batch_paper/fitted/paper-set2 (31).npy
thumb,thumbup,thumbup (81),val,./dataset/skeleton_final_v2/thumbup/thumbup (81).npy,./data/salux_refined_6cls/thumb_sources/thumbup/fitted/thumbup (81).npy
the-finger,the-finger,the-finger-set2 (257),val,./dataset/skeleton_final_v2/the-finger/the-finger-set2 (257).npy,./batch_thefinger/fitted/the-finger-set2 (257).npy
scissors,scissors,scissors-set2 (582),val,./dataset/skeleton_final_v2/scissors/scissors-set2 (582).npy,./batch_scissors/fitted/scissors-set2 (582).npy
thumb,thumbdown,thumbdown (249),val,./dataset/skeleton_final_v2/thumbdown/thumbdown (249).npy,./data/salux_refined_6cls/thumb_sources/thumbdown/fitted/thumbdown (249).npy
scissors,scissors,scissors_6147,val,./dataset/skeleton_final_v2/scissors/scissors_6147.npy,./batch_scissors/fitted/scissors_6147.npy
thumb,thumbup,thumbup_6221,val,./dataset/skeleton_final_v2/thumbup/thumbup_6221.npy,./data/salux_refined_6cls/thumb_sources/thumbup/fitted/thumbup_6221.npy
the-finger,the-finger,the-finger_6879,val,./dataset/skeleton_final_v2/the-finger/the-finger_6879.npy,./batch_thefinger/fitted/the-finger_6879.npy
thumb,thumbup,hand-7-1385,val,./dataset/skeleton_final_v2/thumbup/hand-7-1385.npy,./data/salux_refined_6cls/thumb_sources/thumbup/fitted/hand-7-1385.npy
thumb,thumbdown,thumbdown_3406,val,./dataset/skeleton_final_v2/thumbdown/thumbdown_3406.npy,./data/salux_refined_6cls/thumb_sources/thumbdown/fitted/thumbdown_3406.npy
scissors,scissors,scissors_1887,val,./dataset/skeleton_final_v2/scissors/scissors_1887.npy,./batch_scissors/fitted/scissors_1887.npy
ok,ok,ok_Set2_ (553),val,./dataset/skeleton_final_v2/ok/ok_Set2_ (553).npy,./batch_ok/fitted/ok_Set2_ (553).npy
paper,paper,paper_6130,val,./dataset/skeleton_final_v2/paper/paper_6130.npy,./batch_paper/fitted/paper_6130.npy
paper,paper,paper_7151,val,./dataset/skeleton_final_v2/paper/paper_7151.npy,./batch_paper/fitted/paper_7151.npy
paper,paper,paper-set2 (62),val,./dataset/skeleton_final_v2/paper/paper-set2 (62).npy,./batch_paper/fitted/paper-set2 (62).npy
rock,rock,rock_6887,val,./dataset/skeleton_final_v2/rock/rock_6887.npy,./batch_rock/fitted/rock_6887.npy
ok,ok,ok_Set2_ (483),val,./dataset/skeleton_final_v2/ok/ok_Set2_ (483).npy,./batch_ok/fitted/ok_Set2_ (483).npy
scissors,scissors,scissors_5757,val,./dataset/skeleton_final_v2/scissors/scissors_5757.npy,./batch_scissors/fitted/scissors_5757.npy
rock,rock,rock-set2 (167),val,./dataset/skeleton_final_v2/rock/rock-set2 (167).npy,./batch_rock/fitted/rock-set2 (167).npy
scissors,scissors,scissors (466),val,./dataset/skeleton_final_v2/scissors/scissors (466).npy,./batch_scissors/fitted/scissors (466).npy
ok,ok,ok (75),val,./dataset/skeleton_final_v2/ok/ok (75).npy,./batch_ok/fitted/ok (75).npy
the-finger,the-finger,the-finger (131),val,./dataset/skeleton_final_v2/the-finger/the-finger (131).npy,./batch_thefinger/fitted/the-finger (131).npy
rock,rock,rock-set2 (568),val,./dataset/skeleton_final_v2/rock/rock-set2 (568).npy,./batch_rock/fitted/rock-set2 (568).npy
thumb,thumbup,hand-10-1975,val,./dataset/skeleton_final_v2/thumbup/hand-10-1975.npy,./data/salux_refined_6cls/thumb_sources/thumbup/fitted/hand-10-1975.npy
scissors,scissors,scissors (360),val,./dataset/skeleton_final_v2/scissors/scissors (360).npy,./batch_scissors/fitted/scissors (360).npy
the-finger,the-finger,the-finger-set2 (424),val,./dataset/skeleton_final_v2/the-finger/the-finger-set2 (424).npy,./batch_thefinger/fitted/the-finger-set2 (424).npy
thumb,thumbup,thumbup (196),val,./dataset/skeleton_final_v2/thumbup/thumbup (196).npy,./data/salux_refined_6cls/thumb_sources/thumbup/fitted/thumbup (196).npy
thumb,thumbup,thumbup (486),val,./dataset/skeleton_final_v2/thumbup/thumbup (486).npy,./data/salux_refined_6cls/thumb_sources/thumbup/fitted/thumbup (486).npy
ok,ok,ok_Set2_ (286),val,./dataset/skeleton_final_v2/ok/ok_Set2_ (286).npy,./batch_ok/fitted/ok_Set2_ (286).npy
thumb,thumbup,hand-7-1480,val,./dataset/skeleton_final_v2/thumbup/hand-7-1480.npy,./data/salux_refined_6cls/thumb_sources/thumbup/fitted/hand-7-1480.npy
ok,ok,ok_91,val,./dataset/skeleton_final_v2/ok/ok_91.npy,./batch_ok/fitted/ok_91.npy
scissors,scissors,scissors_7181,val,./dataset/skeleton_final_v2/scissors/scissors_7181.npy,./batch_scissors/fitted/scissors_7181.npy
paper,paper,paper_739,val,./dataset/skeleton_final_v2/paper/paper_739.npy,./batch_paper/fitted/paper_739.npy
scissors,scissors,scissors (485),val,./dataset/skeleton_final_v2/scissors/scissors (485).npy,./batch_scissors/fitted/scissors (485).npy
scissors,scissors,scissors_6169,val,./dataset/skeleton_final_v2/scissors/scissors_6169.npy,./batch_scissors/fitted/scissors_6169.npy
thumb,thumbup,thumbup (68),val,./dataset/skeleton_final_v2/thumbup/thumbup (68).npy,./data/salux_refined_6cls/thumb_sources/thumbup/fitted/thumbup (68).npy
thumb,thumbup,thumbup (200),val,./dataset/skeleton_final_v2/thumbup/thumbup (200).npy,./data/salux_refined_6cls/thumb_sources/thumbup/fitted/thumbup (200).npy
thumb,thumbdown,thumbdown_4460,val,./dataset/skeleton_final_v2/thumbdown/thumbdown_4460.npy,./data/salux_refined_6cls/thumb_sources/thumbdown/fitted/thumbdown_4460.npy
thumb,thumbup,thumbup_6765,val,./dataset/skeleton_final_v2/thumbup/thumbup_6765.npy,./data/salux_refined_6cls/thumb_sources/thumbup/fitted/thumbup_6765.npy
paper,paper,paper_3657,val,./dataset/skeleton_final_v2/paper/paper_3657.npy,./batch_paper/fitted/paper_3657.npy
scissors,scissors,scissors-set2 (607),val,./dataset/skeleton_final_v2/scissors/scissors-set2 (607).npy,./batch_scissors/fitted/scissors-set2 (607).npy
rock,rock,rock-set2 (171),val,./dataset/skeleton_final_v2/rock/rock-set2 (171).npy,./batch_rock/fitted/rock-set2 (171).npy
scissors,scissors,scissors-set2 (404),val,./dataset/skeleton_final_v2/scissors/scissors-set2 (404).npy,./batch_scissors/fitted/scissors-set2 (404).npy
thumb,thumbup,thumbup_4136,val,./dataset/skeleton_final_v2/thumbup/thumbup_4136.npy,./data/salux_refined_6cls/thumb_sources/thumbup/fitted/thumbup_4136.npy
thumb,thumbup,thumbup_7047,val,./dataset/skeleton_final_v2/thumbup/thumbup_7047.npy,./data/salux_refined_6cls/thumb_sources/thumbup/fitted/thumbup_7047.npy
paper,paper,paper_5130,val,./dataset/skeleton_final_v2/paper/paper_5130.npy,./batch_paper/fitted/paper_5130.npy
thumb,thumbdown,thumbdown (160),val,./dataset/skeleton_final_v2/thumbdown/thumbdown (160).npy,./data/salux_refined_6cls/thumb_sources/thumbdown/fitted/thumbdown (160).npy
scissors,scissors,scissors-set2 (387),val,./dataset/skeleton_final_v2/scissors/scissors-set2 (387).npy,./batch_scissors/fitted/scissors-set2 (387).npy
scissors,scissors,scissors (471),val,./dataset/skeleton_final_v2/scissors/scissors (471).npy,./batch_scissors/fitted/scissors (471).npy
paper,paper,paper-set2 (64),val,./dataset/skeleton_final_v2/paper/paper-set2 (64).npy,./batch_paper/fitted/paper-set2 (64).npy
scissors,scissors,scissors-set2 (239),val,./dataset/skeleton_final_v2/scissors/scissors-set2 (239).npy,./batch_scissors/fitted/scissors-set2 (239).npy
paper,paper,paper-set2 (245),val,./dataset/skeleton_final_v2/paper/paper-set2 (245).npy,./batch_paper/fitted/paper-set2 (245).npy
the-finger,the-finger,the-finger_6878,val,./dataset/skeleton_final_v2/the-finger/the-finger_6878.npy,./batch_thefinger/fitted/the-finger_6878.npy
paper,paper,paper-set2 (471),val,./dataset/skeleton_final_v2/paper/paper-set2 (471).npy,./batch_paper/fitted/paper-set2 (471).npy
paper,paper,paper_9140,val,./dataset/skeleton_final_v2/paper/paper_9140.npy,./batch_paper/fitted/paper_9140.npy
ok,ok,ok_2013,val,./dataset/skeleton_final_v2/ok/ok_2013.npy,./batch_ok/fitted/ok_2013.npy
ok,ok,ok_787,val,./dataset/skeleton_final_v2/ok/ok_787.npy,./batch_ok/fitted/ok_787.npy
thumb,thumbdown,thumbdown (103),val,./dataset/skeleton_final_v2/thumbdown/thumbdown (103).npy,./data/salux_refined_6cls/thumb_sources/thumbdown/fitted/thumbdown (103).npy
ok,ok,ok_5277,val,./dataset/skeleton_final_v2/ok/ok_5277.npy,./batch_ok/fitted/ok_5277.npy
scissors,scissors,scissors-set2 (646),val,./dataset/skeleton_final_v2/scissors/scissors-set2 (646).npy,./batch_scissors/fitted/scissors-set2 (646).npy
ok,ok,ok_Set2_ (496),val,./dataset/skeleton_final_v2/ok/ok_Set2_ (496).npy,./batch_ok/fitted/ok_Set2_ (496).npy
the-finger,the-finger,the-finger-set2 (202),val,./dataset/skeleton_final_v2/the-finger/the-finger-set2 (202).npy,./batch_thefinger/fitted/the-finger-set2 (202).npy
thumb,thumbup,thumbup (11),val,./dataset/skeleton_final_v2/thumbup/thumbup (11).npy,./data/salux_refined_6cls/thumb_sources/thumbup/fitted/thumbup (11).npy
paper,paper,paper (165),val,./dataset/skeleton_final_v2/paper/paper (165).npy,./batch_paper/fitted/paper (165).npy
scissors,scissors,scissors-set2 (312),val,./dataset/skeleton_final_v2/scissors/scissors-set2 (312).npy,./batch_scissors/fitted/scissors-set2 (312).npy
the-finger,the-finger,the-finger_7838,val,./dataset/skeleton_final_v2/the-finger/the-finger_7838.npy,./batch_thefinger/fitted/the-finger_7838.npy
paper,paper,paper_6336,val,./dataset/skeleton_final_v2/paper/paper_6336.npy,./batch_paper/fitted/paper_6336.npy
scissors,scissors,scissors (312),val,./dataset/skeleton_final_v2/scissors/scissors (312).npy,./batch_scissors/fitted/scissors (312).npy
scissors,scissors,scissors_8808,val,./dataset/skeleton_final_v2/scissors/scissors_8808.npy,./batch_scissors/fitted/scissors_8808.npy
the-finger,the-finger,the-finger-set2 (294),val,./dataset/skeleton_final_v2/the-finger/the-finger-set2 (294).npy,./batch_thefinger/fitted/the-finger-set2 (294).npy
the-finger,the-finger,the-finger-set2 (103),val,./dataset/skeleton_final_v2/the-finger/the-finger-set2 (103).npy,./batch_thefinger/fitted/the-finger-set2 (103).npy
the-finger,the-finger,the-finger (82),val,./dataset/skeleton_final_v2/the-finger/the-finger (82).npy,./batch_thefinger/fitted/the-finger (82).npy
thumb,thumbup,hand-7-1415,val,./dataset/skeleton_final_v2/thumbup/hand-7-1415.npy,./data/salux_refined_6cls/thumb_sources/thumbup/fitted/hand-7-1415.npy
scissors,scissors,scissors-set2 (543),val,./dataset/skeleton_final_v2/scissors/scissors-set2 (543).npy,./batch_scissors/fitted/scissors-set2 (543).npy
ok,ok,ok_804,val,./dataset/skeleton_final_v2/ok/ok_804.npy,./batch_ok/fitted/ok_804.npy
scissors,scissors,scissors_1073,val,./dataset/skeleton_final_v2/scissors/scissors_1073.npy,./batch_scissors/fitted/scissors_1073.npy
paper,paper,paper_1830,val,./dataset/skeleton_final_v2/paper/paper_1830.npy,./batch_paper/fitted/paper_1830.npy
the-finger,the-finger,the-finger-set2 (393),val,./dataset/skeleton_final_v2/the-finger/the-finger-set2 (393).npy,./batch_thefinger/fitted/the-finger-set2 (393).npy
scissors,scissors,scissors-set2 (221),val,./dataset/skeleton_final_v2/scissors/scissors-set2 (221).npy,./batch_scissors/fitted/scissors-set2 (221).npy
thumb,thumbup,thumbup (97),val,./dataset/skeleton_final_v2/thumbup/thumbup (97).npy,./data/salux_refined_6cls/thumb_sources/thumbup/fitted/thumbup (97).npy
scissors,scissors,scissors-set2 (686),val,./dataset/skeleton_final_v2/scissors/scissors-set2 (686).npy,./batch_scissors/fitted/scissors-set2 (686).npy
scissors,scissors,scissors-set2 (285),val,./dataset/skeleton_final_v2/scissors/scissors-set2 (285).npy,./batch_scissors/fitted/scissors-set2 (285).npy
scissors,scissors,scissors-set2 (235),val,./dataset/skeleton_final_v2/scissors/scissors-set2 (235).npy,./batch_scissors/fitted/scissors-set2 (235).npy
thumb,thumbup,thumbup_7055,val,./dataset/skeleton_final_v2/thumbup/thumbup_7055.npy,./data/salux_refined_6cls/thumb_sources/thumbup/fitted/thumbup_7055.npy
thumb,thumbdown,thumbdown_5353,val,./dataset/skeleton_final_v2/thumbdown/thumbdown_5353.npy,./data/salux_refined_6cls/thumb_sources/thumbdown/fitted/thumbdown_5353.npy
thumb,thumbdown,hand-7-1550,val,./dataset/skeleton_final_v2/thumbdown/hand-7-1550.npy,./data/salux_refined_6cls/thumb_sources/thumbdown/fitted/hand-7-1550.npy
ok,ok,ok_Set2_ (543),val,./dataset/skeleton_final_v2/ok/ok_Set2_ (543).npy,./batch_ok/fitted/ok_Set2_ (543).npy
paper,paper,paper (39),val,./dataset/skeleton_final_v2/paper/paper (39).npy,./batch_paper/fitted/paper (39).npy
the-finger,the-finger,the-finger-set2 (215),val,./dataset/skeleton_final_v2/the-finger/the-finger-set2 (215).npy,./batch_thefinger/fitted/the-finger-set2 (215).npy
thumb,thumbdown,thumbdown (184),val,./dataset/skeleton_final_v2/thumbdown/thumbdown (184).npy,./data/salux_refined_6cls/thumb_sources/thumbdown/fitted/thumbdown (184).npy
the-finger,the-finger,the-finger_3525,val,./dataset/skeleton_final_v2/the-finger/the-finger_3525.npy,./batch_thefinger/fitted/the-finger_3525.npy
thumb,thumbup,hand-9-1765,val,./dataset/skeleton_final_v2/thumbup/hand-9-1765.npy,./data/salux_refined_6cls/thumb_sources/thumbup/fitted/hand-9-1765.npy
ok,ok,ok_Set2_ (548),val,./dataset/skeleton_final_v2/ok/ok_Set2_ (548).npy,./batch_ok/fitted/ok_Set2_ (548).npy
the-finger,the-finger,the-finger_7494,val,./dataset/skeleton_final_v2/the-finger/the-finger_7494.npy,./batch_thefinger/fitted/the-finger_7494.npy
ok,ok,ok_6189,val,./dataset/skeleton_final_v2/ok/ok_6189.npy,./batch_ok/fitted/ok_6189.npy
scissors,scissors,scissors-set2 (700),val,./dataset/skeleton_final_v2/scissors/scissors-set2 (700).npy,./batch_scissors/fitted/scissors-set2 (700).npy
the-finger,the-finger,the-finger-set2 (359),val,./dataset/skeleton_final_v2/the-finger/the-finger-set2 (359).npy,./batch_thefinger/fitted/the-finger-set2 (359).npy
paper,paper,paper-set2 (215),val,./dataset/skeleton_final_v2/paper/paper-set2 (215).npy,./batch_paper/fitted/paper-set2 (215).npy
paper,paper,paper_7162,val,./dataset/skeleton_final_v2/paper/paper_7162.npy,./batch_paper/fitted/paper_7162.npy
scissors,scissors,scissors-set2 (736),val,./dataset/skeleton_final_v2/scissors/scissors-set2 (736).npy,./batch_scissors/fitted/scissors-set2 (736).npy
scissors,scissors,scissors (146),val,./dataset/skeleton_final_v2/scissors/scissors (146).npy,./batch_scissors/fitted/scissors (146).npy
ok,ok,ok_2674,val,./dataset/skeleton_final_v2/ok/ok_2674.npy,./batch_ok/fitted/ok_2674.npy
thumb,thumbdown,thumbdown (126),val,./dataset/skeleton_final_v2/thumbdown/thumbdown (126).npy,./data/salux_refined_6cls/thumb_sources/thumbdown/fitted/thumbdown (126).npy
scissors,scissors,scissors (456),val,./dataset/skeleton_final_v2/scissors/scissors (456).npy,./batch_scissors/fitted/scissors (456).npy
thumb,thumbup,thumbup (250),val,./dataset/skeleton_final_v2/thumbup/thumbup (250).npy,./data/salux_refined_6cls/thumb_sources/thumbup/fitted/thumbup (250).npy
thumb,thumbup,thumbup (455),val,./dataset/skeleton_final_v2/thumbup/thumbup (455).npy,./data/salux_refined_6cls/thumb_sources/thumbup/fitted/thumbup (455).npy
thumb,thumbdown,thumbdown (226),val,./dataset/skeleton_final_v2/thumbdown/thumbdown (226).npy,./data/salux_refined_6cls/thumb_sources/thumbdown/fitted/thumbdown (226).npy
rock,rock,rock-set2 (360),val,./dataset/skeleton_final_v2/rock/rock-set2 (360).npy,./batch_rock/fitted/rock-set2 (360).npy
thumb,thumbup,hand-7-1455,val,./dataset/skeleton_final_v2/thumbup/hand-7-1455.npy,./data/salux_refined_6cls/thumb_sources/thumbup/fitted/hand-7-1455.npy
paper,paper,paper-set2 (78),val,./dataset/skeleton_final_v2/paper/paper-set2 (78).npy,./batch_paper/fitted/paper-set2 (78).npy
scissors,scissors,scissors_7647,val,./dataset/skeleton_final_v2/scissors/scissors_7647.npy,./batch_scissors/fitted/scissors_7647.npy
paper,paper,paper_5729,val,./dataset/skeleton_final_v2/paper/paper_5729.npy,./batch_paper/fitted/paper_5729.npy
paper,paper,paper_376,val,./dataset/skeleton_final_v2/paper/paper_376.npy,./batch_paper/fitted/paper_376.npy
ok,ok,ok_2949,val,./dataset/skeleton_final_v2/ok/ok_2949.npy,./batch_ok/fitted/ok_2949.npy
ok,ok,ok_2845,val,./dataset/skeleton_final_v2/ok/ok_2845.npy,./batch_ok/fitted/ok_2845.npy
paper,paper,paper (46),val,./dataset/skeleton_final_v2/paper/paper (46).npy,./batch_paper/fitted/paper (46).npy
ok,ok,ok_Set2_ (275),val,./dataset/skeleton_final_v2/ok/ok_Set2_ (275).npy,./batch_ok/fitted/ok_Set2_ (275).npy
ok,ok,ok_6182,val,./dataset/skeleton_final_v2/ok/ok_6182.npy,./batch_ok/fitted/ok_6182.npy
thumb,thumbup,hand-8-3435,val,./dataset/skeleton_final_v2/thumbup/hand-8-3435.npy,./data/salux_refined_6cls/thumb_sources/thumbup/fitted/hand-8-3435.npy
ok,ok,ok_2869,val,./dataset/skeleton_final_v2/ok/ok_2869.npy,./batch_ok/fitted/ok_2869.npy
thumb,thumbup,thumbup_7059,val,./dataset/skeleton_final_v2/thumbup/thumbup_7059.npy,./data/salux_refined_6cls/thumb_sources/thumbup/fitted/thumbup_7059.npy
thumb,thumbdown,thumbdown_7237,val,./dataset/skeleton_final_v2/thumbdown/thumbdown_7237.npy,./data/salux_refined_6cls/thumb_sources/thumbdown/fitted/thumbdown_7237.npy
thumb,thumbdown,thumbdown_5568,val,./dataset/skeleton_final_v2/thumbdown/thumbdown_5568.npy,./data/salux_refined_6cls/thumb_sources/thumbdown/fitted/thumbdown_5568.npy
ok,ok,ok_Set2_ (571),val,./dataset/skeleton_final_v2/ok/ok_Set2_ (571).npy,./batch_ok/fitted/ok_Set2_ (571).npy
thumb,thumbdown,thumbdown_4408,val,./dataset/skeleton_final_v2/thumbdown/thumbdown_4408.npy,./data/salux_refined_6cls/thumb_sources/thumbdown/fitted/thumbdown_4408.npy
paper,paper,paper_735,val,./dataset/skeleton_final_v2/paper/paper_735.npy,./batch_paper/fitted/paper_735.npy
paper,paper,paper_5898,val,./dataset/skeleton_final_v2/paper/paper_5898.npy,./batch_paper/fitted/paper_5898.npy
thumb,thumbup,thumbup_9332,val,./dataset/skeleton_final_v2/thumbup/thumbup_9332.npy,./data/salux_refined_6cls/thumb_sources/thumbup/fitted/thumbup_9332.npy
paper,paper,paper_2536,val,./dataset/skeleton_final_v2/paper/paper_2536.npy,./batch_paper/fitted/paper_2536.npy
paper,paper,paper_2527,val,./dataset/skeleton_final_v2/paper/paper_2527.npy,./batch_paper/fitted/paper_2527.npy
the-finger,the-finger,the-finger_8356,val,./dataset/skeleton_final_v2/the-finger/the-finger_8356.npy,./batch_thefinger/fitted/the-finger_8356.npy
ok,ok,ok (140),val,./dataset/skeleton_final_v2/ok/ok (140).npy,./batch_ok/fitted/ok (140).npy
thumb,thumbup,thumbup (149),val,./dataset/skeleton_final_v2/thumbup/thumbup (149).npy,./data/salux_refined_6cls/thumb_sources/thumbup/fitted/thumbup (149).npy
the-finger,the-finger,the-finger-set2 (301),val,./dataset/skeleton_final_v2/the-finger/the-finger-set2 (301).npy,./batch_thefinger/fitted/the-finger-set2 (301).npy
scissors,scissors,scissors-set2 (682),val,./dataset/skeleton_final_v2/scissors/scissors-set2 (682).npy,./batch_scissors/fitted/scissors-set2 (682).npy
ok,ok,ok_Set2_ (185),val,./dataset/skeleton_final_v2/ok/ok_Set2_ (185).npy,./batch_ok/fitted/ok_Set2_ (185).npy
paper,paper,paper-set2 (438),val,./dataset/skeleton_final_v2/paper/paper-set2 (438).npy,./batch_paper/fitted/paper-set2 (438).npy
paper,paper,paper-set2 (393),val,./dataset/skeleton_final_v2/paper/paper-set2 (393).npy,./batch_paper/fitted/paper-set2 (393).npy
paper,paper,paper-set2 (353),val,./dataset/skeleton_final_v2/paper/paper-set2 (353).npy,./batch_paper/fitted/paper-set2 (353).npy
rock,rock,rock-set2 (160),val,./dataset/skeleton_final_v2/rock/rock-set2 (160).npy,./batch_rock/fitted/rock-set2 (160).npy
paper,paper,paper_30,val,./dataset/skeleton_final_v2/paper/paper_30.npy,./batch_paper/fitted/paper_30.npy
thumb,thumbup,thumbup (372),val,./dataset/skeleton_final_v2/thumbup/thumbup (372).npy,./data/salux_refined_6cls/thumb_sources/thumbup/fitted/thumbup (372).npy
paper,paper,paper_9160,val,./dataset/skeleton_final_v2/paper/paper_9160.npy,./batch_paper/fitted/paper_9160.npy
rock,rock,rock-set2 (152),val,./dataset/skeleton_final_v2/rock/rock-set2 (152).npy,./batch_rock/fitted/rock-set2 (152).npy
thumb,thumbup,hand-9-1705,val,./dataset/skeleton_final_v2/thumbup/hand-9-1705.npy,./data/salux_refined_6cls/thumb_sources/thumbup/fitted/hand-9-1705.npy
thumb,thumbup,hand-9-1580,val,./dataset/skeleton_final_v2/thumbup/hand-9-1580.npy,./data/salux_refined_6cls/thumb_sources/thumbup/fitted/hand-9-1580.npy
the-finger,the-finger,the-finger-set2 (232),val,./dataset/skeleton_final_v2/the-finger/the-finger-set2 (232).npy,./batch_thefinger/fitted/the-finger-set2 (232).npy
ok,ok,ok_Set2_ (136),val,./dataset/skeleton_final_v2/ok/ok_Set2_ (136).npy,./batch_ok/fitted/ok_Set2_ (136).npy
paper,paper,paper (3),val,./dataset/skeleton_final_v2/paper/paper (3).npy,./batch_paper/fitted/paper (3).npy
thumb,thumbup,thumbup_4186,val,./dataset/skeleton_final_v2/thumbup/thumbup_4186.npy,./data/salux_refined_6cls/thumb_sources/thumbup/fitted/thumbup_4186.npy
ok,ok,ok_Set2_ (72),val,./dataset/skeleton_final_v2/ok/ok_Set2_ (72).npy,./batch_ok/fitted/ok_Set2_ (72).npy
thumb,thumbdown,thumbdown (50),val,./dataset/skeleton_final_v2/thumbdown/thumbdown (50).npy,./data/salux_refined_6cls/thumb_sources/thumbdown/fitted/thumbdown (50).npy
scissors,scissors,scissors-set2 (125),val,./dataset/skeleton_final_v2/scissors/scissors-set2 (125).npy,./batch_scissors/fitted/scissors-set2 (125).npy
thumb,thumbdown,thumbdown_4476,val,./dataset/skeleton_final_v2/thumbdown/thumbdown_4476.npy,./data/salux_refined_6cls/thumb_sources/thumbdown/fitted/thumbdown_4476.npy
the-finger,the-finger,the-finger_5861,val,./dataset/skeleton_final_v2/the-finger/the-finger_5861.npy,./batch_thefinger/fitted/the-finger_5861.npy
paper,paper,paper (192),val,./dataset/skeleton_final_v2/paper/paper (192).npy,./batch_paper/fitted/paper (192).npy
ok,ok,ok_Set2_ (541),val,./dataset/skeleton_final_v2/ok/ok_Set2_ (541).npy,./batch_ok/fitted/ok_Set2_ (541).npy
thumb,thumbup,hand-11-2290,val,./dataset/skeleton_final_v2/thumbup/hand-11-2290.npy,./data/salux_refined_6cls/thumb_sources/thumbup/fitted/hand-11-2290.npy
paper,paper,paper_6354,val,./dataset/skeleton_final_v2/paper/paper_6354.npy,./batch_paper/fitted/paper_6354.npy
scissors,scissors,scissors (326),val,./dataset/skeleton_final_v2/scissors/scissors (326).npy,./batch_scissors/fitted/scissors (326).npy
ok,ok,ok (155),val,./dataset/skeleton_final_v2/ok/ok (155).npy,./batch_ok/fitted/ok (155).npy
paper,paper,paper_746,val,./dataset/skeleton_final_v2/paper/paper_746.npy,./batch_paper/fitted/paper_746.npy
thumb,thumbup,thumbup (50),val,./dataset/skeleton_final_v2/thumbup/thumbup (50).npy,./data/salux_refined_6cls/thumb_sources/thumbup/fitted/thumbup (50).npy
the-finger,the-finger,the-finger (83),val,./dataset/skeleton_final_v2/the-finger/the-finger (83).npy,./batch_thefinger/fitted/the-finger (83).npy
the-finger,the-finger,the-finger_6298,val,./dataset/skeleton_final_v2/the-finger/the-finger_6298.npy,./batch_thefinger/fitted/the-finger_6298.npy
thumb,thumbdown,thumbdown_182,val,./dataset/skeleton_final_v2/thumbdown/thumbdown_182.npy,./data/salux_refined_6cls/thumb_sources/thumbdown/fitted/thumbdown_182.npy
rock,rock,rock-set2 (598),val,./dataset/skeleton_final_v2/rock/rock-set2 (598).npy,./batch_rock/fitted/rock-set2 (598).npy
scissors,scissors,scissors_3899,val,./dataset/skeleton_final_v2/scissors/scissors_3899.npy,./batch_scissors/fitted/scissors_3899.npy
thumb,thumbdown,thumbdown (291),val,./dataset/skeleton_final_v2/thumbdown/thumbdown (291).npy,./data/salux_refined_6cls/thumb_sources/thumbdown/fitted/thumbdown (291).npy
scissors,scissors,scissors_5743,val,./dataset/skeleton_final_v2/scissors/scissors_5743.npy,./batch_scissors/fitted/scissors_5743.npy
scissors,scissors,scissors_7353,val,./dataset/skeleton_final_v2/scissors/scissors_7353.npy,./batch_scissors/fitted/scissors_7353.npy
thumb,thumbdown,thumbdown (334),val,./dataset/skeleton_final_v2/thumbdown/thumbdown (334).npy,./data/salux_refined_6cls/thumb_sources/thumbdown/fitted/thumbdown (334).npy
paper,paper,paper-set2 (22),val,./dataset/skeleton_final_v2/paper/paper-set2 (22).npy,./batch_paper/fitted/paper-set2 (22).npy
scissors,scissors,scissors-set2 (258),val,./dataset/skeleton_final_v2/scissors/scissors-set2 (258).npy,./batch_scissors/fitted/scissors-set2 (258).npy
scissors,scissors,scissors (400),val,./dataset/skeleton_final_v2/scissors/scissors (400).npy,./batch_scissors/fitted/scissors (400).npy
thumb,thumbup,thumbup (267),val,./dataset/skeleton_final_v2/thumbup/thumbup (267).npy,./data/salux_refined_6cls/thumb_sources/thumbup/fitted/thumbup (267).npy
thumb,thumbup,thumbup (429),val,./dataset/skeleton_final_v2/thumbup/thumbup (429).npy,./data/salux_refined_6cls/thumb_sources/thumbup/fitted/thumbup (429).npy
scissors,scissors,scissors-set2 (433),val,./dataset/skeleton_final_v2/scissors/scissors-set2 (433).npy,./batch_scissors/fitted/scissors-set2 (433).npy
scissors,scissors,scissors-set2 (468),val,./dataset/skeleton_final_v2/scissors/scissors-set2 (468).npy,./batch_scissors/fitted/scissors-set2 (468).npy
scissors,scissors,scissors-set2 (530),val,./dataset/skeleton_final_v2/scissors/scissors-set2 (530).npy,./batch_scissors/fitted/scissors-set2 (530).npy
paper,paper,paper_1005,val,./dataset/skeleton_final_v2/paper/paper_1005.npy,./batch_paper/fitted/paper_1005.npy
thumb,thumbup,thumbup_1686,val,./dataset/skeleton_final_v2/thumbup/thumbup_1686.npy,./data/salux_refined_6cls/thumb_sources/thumbup/fitted/thumbup_1686.npy
the-finger,the-finger,the-finger-set2 (336),val,./dataset/skeleton_final_v2/the-finger/the-finger-set2 (336).npy,./batch_thefinger/fitted/the-finger-set2 (336).npy
thumb,thumbdown,thumbdown_5834,val,./dataset/skeleton_final_v2/thumbdown/thumbdown_5834.npy,./data/salux_refined_6cls/thumb_sources/thumbdown/fitted/thumbdown_5834.npy
thumb,thumbdown,thumbdown (78),val,./dataset/skeleton_final_v2/thumbdown/thumbdown (78).npy,./data/salux_refined_6cls/thumb_sources/thumbdown/fitted/thumbdown (78).npy
scissors,scissors,scissors_6361,val,./dataset/skeleton_final_v2/scissors/scissors_6361.npy,./batch_scissors/fitted/scissors_6361.npy
rock,rock,rock-set2 (147),val,./dataset/skeleton_final_v2/rock/rock-set2 (147).npy,./batch_rock/fitted/rock-set2 (147).npy
thumb,thumbdown,thumbdown_854,val,./dataset/skeleton_final_v2/thumbdown/thumbdown_854.npy,./data/salux_refined_6cls/thumb_sources/thumbdown/fitted/thumbdown_854.npy
paper,paper,paper_7607,val,./dataset/skeleton_final_v2/paper/paper_7607.npy,./batch_paper/fitted/paper_7607.npy
ok,ok,ok_Set2_ (74),val,./dataset/skeleton_final_v2/ok/ok_Set2_ (74).npy,./batch_ok/fitted/ok_Set2_ (74).npy
thumb,thumbup,thumbup (406),val,./dataset/skeleton_final_v2/thumbup/thumbup (406).npy,./data/salux_refined_6cls/thumb_sources/thumbup/fitted/thumbup (406).npy
scissors,scissors,scissors_8786,val,./dataset/skeleton_final_v2/scissors/scissors_8786.npy,./batch_scissors/fitted/scissors_8786.npy
paper,paper,paper_370,val,./dataset/skeleton_final_v2/paper/paper_370.npy,./batch_paper/fitted/paper_370.npy
scissors,scissors,scissors_2746,val,./dataset/skeleton_final_v2/scissors/scissors_2746.npy,./batch_scissors/fitted/scissors_2746.npy
ok,ok,ok_Set2_ (42),val,./dataset/skeleton_final_v2/ok/ok_Set2_ (42).npy,./batch_ok/fitted/ok_Set2_ (42).npy
thumb,thumbdown,thumbdown (146),val,./dataset/skeleton_final_v2/thumbdown/thumbdown (146).npy,./data/salux_refined_6cls/thumb_sources/thumbdown/fitted/thumbdown (146).npy
ok,ok,ok_Set2_ (10),val,./dataset/skeleton_final_v2/ok/ok_Set2_ (10).npy,./batch_ok/fitted/ok_Set2_ (10).npy
thumb,thumbdown,thumbdown_3250,val,./dataset/skeleton_final_v2/thumbdown/thumbdown_3250.npy,./data/salux_refined_6cls/thumb_sources/thumbdown/fitted/thumbdown_3250.npy
rock,rock,rock-set2 (338),val,./dataset/skeleton_final_v2/rock/rock-set2 (338).npy,./batch_rock/fitted/rock-set2 (338).npy
the-finger,the-finger,the-finger_5364,val,./dataset/skeleton_final_v2/the-finger/the-finger_5364.npy,./batch_thefinger/fitted/the-finger_5364.npy
scissors,scissors,scissors (368),val,./dataset/skeleton_final_v2/scissors/scissors (368).npy,./batch_scissors/fitted/scissors (368).npy
scissors,scissors,scissors_6965,val,./dataset/skeleton_final_v2/scissors/scissors_6965.npy,./batch_scissors/fitted/scissors_6965.npy
the-finger,the-finger,the-finger-set2 (355),val,./dataset/skeleton_final_v2/the-finger/the-finger-set2 (355).npy,./batch_thefinger/fitted/the-finger-set2 (355).npy
paper,paper,paper_1046,val,./dataset/skeleton_final_v2/paper/paper_1046.npy,./batch_paper/fitted/paper_1046.npy
scissors,scissors,scissors_7982,val,./dataset/skeleton_final_v2/scissors/scissors_7982.npy,./batch_scissors/fitted/scissors_7982.npy
ok,ok,ok_Set2_ (260),val,./dataset/skeleton_final_v2/ok/ok_Set2_ (260).npy,./batch_ok/fitted/ok_Set2_ (260).npy
the-finger,the-finger,the-finger-set2 (435),val,./dataset/skeleton_final_v2/the-finger/the-finger-set2 (435).npy,./batch_thefinger/fitted/the-finger-set2 (435).npy
scissors,scissors,scissors_753,val,./dataset/skeleton_final_v2/scissors/scissors_753.npy,./batch_scissors/fitted/scissors_753.npy
ok,ok,ok_Set2_ (338),val,./dataset/skeleton_final_v2/ok/ok_Set2_ (338).npy,./batch_ok/fitted/ok_Set2_ (338).npy
rock,rock,rock-set2 (427),val,./dataset/skeleton_final_v2/rock/rock-set2 (427).npy,./batch_rock/fitted/rock-set2 (427).npy
paper,paper,paper_7609,val,./dataset/skeleton_final_v2/paper/paper_7609.npy,./batch_paper/fitted/paper_7609.npy
paper,paper,paper-set2 (433),val,./dataset/skeleton_final_v2/paper/paper-set2 (433).npy,./batch_paper/fitted/paper-set2 (433).npy
ok,ok,ok_Set2_ (429),val,./dataset/skeleton_final_v2/ok/ok_Set2_ (429).npy,./batch_ok/fitted/ok_Set2_ (429).npy
thumb,thumbdown,thumbdown (316),val,./dataset/skeleton_final_v2/thumbdown/thumbdown (316).npy,./data/salux_refined_6cls/thumb_sources/thumbdown/fitted/thumbdown (316).npy
ok,ok,ok_Set2_ (214),val,./dataset/skeleton_final_v2/ok/ok_Set2_ (214).npy,./batch_ok/fitted/ok_Set2_ (214).npy
thumb,thumbup,thumbup_8096,val,./dataset/skeleton_final_v2/thumbup/thumbup_8096.npy,./data/salux_refined_6cls/thumb_sources/thumbup/fitted/thumbup_8096.npy
scissors,scissors,scissors-set2 (434),val,./dataset/skeleton_final_v2/scissors/scissors-set2 (434).npy,./batch_scissors/fitted/scissors-set2 (434).npy
scissors,scissors,scissors_7175,val,./dataset/skeleton_final_v2/scissors/scissors_7175.npy,./batch_scissors/fitted/scissors_7175.npy
scissors,scissors,scissors (416),val,./dataset/skeleton_final_v2/scissors/scissors (416).npy,./batch_scissors/fitted/scissors (416).npy
the-finger,the-finger,the-finger-set2 (97),val,./dataset/skeleton_final_v2/the-finger/the-finger-set2 (97).npy,./batch_thefinger/fitted/the-finger-set2 (97).npy
thumb,thumbdown,hand-11-765,val,./dataset/skeleton_final_v2/thumbdown/hand-11-765.npy,./data/salux_refined_6cls/thumb_sources/thumbdown/fitted/hand-11-765.npy
paper,paper,paper-set2 (376),val,./dataset/skeleton_final_v2/paper/paper-set2 (376).npy,./batch_paper/fitted/paper-set2 (376).npy
paper,paper,paper-set2 (6),val,./dataset/skeleton_final_v2/paper/paper-set2 (6).npy,./batch_paper/fitted/paper-set2 (6).npy
ok,ok,ok_Set2_ (523),val,./dataset/skeleton_final_v2/ok/ok_Set2_ (523).npy,./batch_ok/fitted/ok_Set2_ (523).npy
thumb,thumbup,thumbup_6777,val,./dataset/skeleton_final_v2/thumbup/thumbup_6777.npy,./data/salux_refined_6cls/thumb_sources/thumbup/fitted/thumbup_6777.npy
scissors,scissors,scissors-set2 (663),val,./dataset/skeleton_final_v2/scissors/scissors-set2 (663).npy,./batch_scissors/fitted/scissors-set2 (663).npy
scissors,scissors,scissors-set2 (676),val,./dataset/skeleton_final_v2/scissors/scissors-set2 (676).npy,./batch_scissors/fitted/scissors-set2 (676).npy
ok,ok,ok_Set2_ (229),val,./dataset/skeleton_final_v2/ok/ok_Set2_ (229).npy,./batch_ok/fitted/ok_Set2_ (229).npy
thumb,thumbup,thumbup (190),val,./dataset/skeleton_final_v2/thumbup/thumbup (190).npy,./data/salux_refined_6cls/thumb_sources/thumbup/fitted/thumbup (190).npy
scissors,scissors,scissors_3901,val,./dataset/skeleton_final_v2/scissors/scissors_3901.npy,./batch_scissors/fitted/scissors_3901.npy
the-finger,the-finger,the-finger-set2 (65),val,./dataset/skeleton_final_v2/the-finger/the-finger-set2 (65).npy,./batch_thefinger/fitted/the-finger-set2 (65).npy
the-finger,the-finger,the-finger-set2 (377),val,./dataset/skeleton_final_v2/the-finger/the-finger-set2 (377).npy,./batch_thefinger/fitted/the-finger-set2 (377).npy
the-finger,the-finger,the-finger (28),val,./dataset/skeleton_final_v2/the-finger/the-finger (28).npy,./batch_thefinger/fitted/the-finger (28).npy
ok,ok,ok_Set2_ (408),val,./dataset/skeleton_final_v2/ok/ok_Set2_ (408).npy,./batch_ok/fitted/ok_Set2_ (408).npy
thumb,thumbdown,thumbdown_6835,val,./dataset/skeleton_final_v2/thumbdown/thumbdown_6835.npy,./data/salux_refined_6cls/thumb_sources/thumbdown/fitted/thumbdown_6835.npy
paper,paper,paper-set2 (110),val,./dataset/skeleton_final_v2/paper/paper-set2 (110).npy,./batch_paper/fitted/paper-set2 (110).npy
thumb,thumbdown,thumbdown (127),val,./dataset/skeleton_final_v2/thumbdown/thumbdown (127).npy,./data/salux_refined_6cls/thumb_sources/thumbdown/fitted/thumbdown (127).npy
scissors,scissors,scissors_4652,val,./dataset/skeleton_final_v2/scissors/scissors_4652.npy,./batch_scissors/fitted/scissors_4652.npy
thumb,thumbup,thumbup_7403,val,./dataset/skeleton_final_v2/thumbup/thumbup_7403.npy,./data/salux_refined_6cls/thumb_sources/thumbup/fitted/thumbup_7403.npy
ok,ok,ok_2509,val,./dataset/skeleton_final_v2/ok/ok_2509.npy,./batch_ok/fitted/ok_2509.npy
scissors,scissors,scissors_7167,val,./dataset/skeleton_final_v2/scissors/scissors_7167.npy,./batch_scissors/fitted/scissors_7167.npy
scissors,scissors,scissors_3856,val,./dataset/skeleton_final_v2/scissors/scissors_3856.npy,./batch_scissors/fitted/scissors_3856.npy
scissors,scissors,scissors (55),val,./dataset/skeleton_final_v2/scissors/scissors (55).npy,./batch_scissors/fitted/scissors (55).npy
thumb,thumbdown,thumbdown_5604,val,./dataset/skeleton_final_v2/thumbdown/thumbdown_5604.npy,./data/salux_refined_6cls/thumb_sources/thumbdown/fitted/thumbdown_5604.npy
thumb,thumbup,thumbup (8),val,./dataset/skeleton_final_v2/thumbup/thumbup (8).npy,./data/salux_refined_6cls/thumb_sources/thumbup/fitted/thumbup (8).npy
thumb,thumbdown,thumbdown_8602,val,./dataset/skeleton_final_v2/thumbdown/thumbdown_8602.npy,./data/salux_refined_6cls/thumb_sources/thumbdown/fitted/thumbdown_8602.npy
scissors,scissors,scissors (34),val,./dataset/skeleton_final_v2/scissors/scissors (34).npy,./batch_scissors/fitted/scissors (34).npy
scissors,scissors,scissors (41),val,./dataset/skeleton_final_v2/scissors/scissors (41).npy,./batch_scissors/fitted/scissors (41).npy
ok,ok,ok_5001,val,./dataset/skeleton_final_v2/ok/ok_5001.npy,./batch_ok/fitted/ok_5001.npy
thumb,thumbdown,thumbdown (20),val,./dataset/skeleton_final_v2/thumbdown/thumbdown (20).npy,./data/salux_refined_6cls/thumb_sources/thumbdown/fitted/thumbdown (20).npy
paper,paper,paper (178),val,./dataset/skeleton_final_v2/paper/paper (178).npy,./batch_paper/fitted/paper (178).npy
the-finger,the-finger,the-finger_602,val,./dataset/skeleton_final_v2/the-finger/the-finger_602.npy,./batch_thefinger/fitted/the-finger_602.npy
rock,rock,rock-set2 (420),val,./dataset/skeleton_final_v2/rock/rock-set2 (420).npy,./batch_rock/fitted/rock-set2 (420).npy
scissors,scissors,scissors (149),val,./dataset/skeleton_final_v2/scissors/scissors (149).npy,./batch_scissors/fitted/scissors (149).npy
scissors,scissors,scissors-set2 (263),val,./dataset/skeleton_final_v2/scissors/scissors-set2 (263).npy,./batch_scissors/fitted/scissors-set2 (263).npy
the-finger,the-finger,the-finger_3526,val,./dataset/skeleton_final_v2/the-finger/the-finger_3526.npy,./batch_thefinger/fitted/the-finger_3526.npy
ok,ok,ok_Set2_ (196),val,./dataset/skeleton_final_v2/ok/ok_Set2_ (196).npy,./batch_ok/fitted/ok_Set2_ (196).npy
ok,ok,ok_6751,val,./dataset/skeleton_final_v2/ok/ok_6751.npy,./batch_ok/fitted/ok_6751.npy
thumb,thumbdown,hand-11-855,val,./dataset/skeleton_final_v2/thumbdown/hand-11-855.npy,./data/salux_refined_6cls/thumb_sources/thumbdown/fitted/hand-11-855.npy
thumb,thumbdown,thumbdown_2193,val,./dataset/skeleton_final_v2/thumbdown/thumbdown_2193.npy,./data/salux_refined_6cls/thumb_sources/thumbdown/fitted/thumbdown_2193.npy
thumb,thumbdown,thumbdown_4404,val,./dataset/skeleton_final_v2/thumbdown/thumbdown_4404.npy,./data/salux_refined_6cls/thumb_sources/thumbdown/fitted/thumbdown_4404.npy
thumb,thumbdown,thumbdown (32),val,./dataset/skeleton_final_v2/thumbdown/thumbdown (32).npy,./data/salux_refined_6cls/thumb_sources/thumbdown/fitted/thumbdown (32).npy
thumb,thumbup,thumbup (389),val,./dataset/skeleton_final_v2/thumbup/thumbup (389).npy,./data/salux_refined_6cls/thumb_sources/thumbup/fitted/thumbup (389).npy
paper,paper,paper (73),val,./dataset/skeleton_final_v2/paper/paper (73).npy,./batch_paper/fitted/paper (73).npy
paper,paper,paper-set2 (9),val,./dataset/skeleton_final_v2/paper/paper-set2 (9).npy,./batch_paper/fitted/paper-set2 (9).npy
paper,paper,paper (264),val,./dataset/skeleton_final_v2/paper/paper (264).npy,./batch_paper/fitted/paper (264).npy
ok,ok,ok (59),val,./dataset/skeleton_final_v2/ok/ok (59).npy,./batch_ok/fitted/ok (59).npy
ok,ok,ok_Set2_ (462),val,./dataset/skeleton_final_v2/ok/ok_Set2_ (462).npy,./batch_ok/fitted/ok_Set2_ (462).npy
thumb,thumbup,thumbup (122),val,./dataset/skeleton_final_v2/thumbup/thumbup (122).npy,./data/salux_refined_6cls/thumb_sources/thumbup/fitted/thumbup (122).npy
the-finger,the-finger,the-finger-set2 (39),val,./dataset/skeleton_final_v2/the-finger/the-finger-set2 (39).npy,./batch_thefinger/fitted/the-finger-set2 (39).npy
paper,paper,paper-set2 (431),val,./dataset/skeleton_final_v2/paper/paper-set2 (431).npy,./batch_paper/fitted/paper-set2 (431).npy
scissors,scissors,scissors-set2 (330),val,./dataset/skeleton_final_v2/scissors/scissors-set2 (330).npy,./batch_scissors/fitted/scissors-set2 (330).npy
scissors,scissors,scissors_398,val,./dataset/skeleton_final_v2/scissors/scissors_398.npy,./batch_scissors/fitted/scissors_398.npy
rock,rock,rock-set2 (574),val,./dataset/skeleton_final_v2/rock/rock-set2 (574).npy,./batch_rock/fitted/rock-set2 (574).npy
scissors,scissors,scissors-set2 (388),val,./dataset/skeleton_final_v2/scissors/scissors-set2 (388).npy,./batch_scissors/fitted/scissors-set2 (388).npy
paper,paper,paper_5726,val,./dataset/skeleton_final_v2/paper/paper_5726.npy,./batch_paper/fitted/paper_5726.npy
ok,ok,ok_1921,val,./dataset/skeleton_final_v2/ok/ok_1921.npy,./batch_ok/fitted/ok_1921.npy
paper,paper,paper_1041,val,./dataset/skeleton_final_v2/paper/paper_1041.npy,./batch_paper/fitted/paper_1041.npy
ok,ok,ok_Set2_ (403),val,./dataset/skeleton_final_v2/ok/ok_Set2_ (403).npy,./batch_ok/fitted/ok_Set2_ (403).npy
scissors,scissors,scissors-set2 (372),val,./dataset/skeleton_final_v2/scissors/scissors-set2 (372).npy,./batch_scissors/fitted/scissors-set2 (372).npy
rock,rock,rock_12,val,./dataset/skeleton_final_v2/rock/rock_12.npy,./batch_rock/fitted/rock_12.npy
scissors,scissors,scissors_6154,val,./dataset/skeleton_final_v2/scissors/scissors_6154.npy,./batch_scissors/fitted/scissors_6154.npy
paper,paper,paper-set2 (213),val,./dataset/skeleton_final_v2/paper/paper-set2 (213).npy,./batch_paper/fitted/paper-set2 (213).npy
paper,paper,paper (140),val,./dataset/skeleton_final_v2/paper/paper (140).npy,./batch_paper/fitted/paper (140).npy
thumb,thumbup,thumbup (327),val,./dataset/skeleton_final_v2/thumbup/thumbup (327).npy,./data/salux_refined_6cls/thumb_sources/thumbup/fitted/thumbup (327).npy
ok,ok,ok_Set2_ (301),val,./dataset/skeleton_final_v2/ok/ok_Set2_ (301).npy,./batch_ok/fitted/ok_Set2_ (301).npy
scissors,scissors,scissors-set2 (469),val,./dataset/skeleton_final_v2/scissors/scissors-set2 (469).npy,./batch_scissors/fitted/scissors-set2 (469).npy
thumb,thumbdown,thumbdown (107),val,./dataset/skeleton_final_v2/thumbdown/thumbdown (107).npy,./data/salux_refined_6cls/thumb_sources/thumbdown/fitted/thumbdown (107).npy
thumb,thumbup,thumbup (360),val,./dataset/skeleton_final_v2/thumbup/thumbup (360).npy,./data/salux_refined_6cls/thumb_sources/thumbup/fitted/thumbup (360).npy
thumb,thumbdown,hand-9-2035,val,./dataset/skeleton_final_v2/thumbdown/hand-9-2035.npy,./data/salux_refined_6cls/thumb_sources/thumbdown/fitted/hand-9-2035.npy
rock,rock,rock-set2 (424),val,./dataset/skeleton_final_v2/rock/rock-set2 (424).npy,./batch_rock/fitted/rock-set2 (424).npy
ok,ok,ok_Set2_ (157),val,./dataset/skeleton_final_v2/ok/ok_Set2_ (157).npy,./batch_ok/fitted/ok_Set2_ (157).npy
scissors,scissors,scissors_4626,val,./dataset/skeleton_final_v2/scissors/scissors_4626.npy,./batch_scissors/fitted/scissors_4626.npy
paper,paper,paper_6532,val,./dataset/skeleton_final_v2/paper/paper_6532.npy,./batch_paper/fitted/paper_6532.npy
thumb,thumbdown,thumbdown_2187,val,./dataset/skeleton_final_v2/thumbdown/thumbdown_2187.npy,./data/salux_refined_6cls/thumb_sources/thumbdown/fitted/thumbdown_2187.npy
the-finger,the-finger,the-finger_3484,val,./dataset/skeleton_final_v2/the-finger/the-finger_3484.npy,./batch_thefinger/fitted/the-finger_3484.npy
paper,paper,paper-set2 (223),val,./dataset/skeleton_final_v2/paper/paper-set2 (223).npy,./batch_paper/fitted/paper-set2 (223).npy
ok,ok,ok (116),val,./dataset/skeleton_final_v2/ok/ok (116).npy,./batch_ok/fitted/ok (116).npy
ok,ok,ok_794,val,./dataset/skeleton_final_v2/ok/ok_794.npy,./batch_ok/fitted/ok_794.npy
thumb,thumbup,thumbup (457),val,./dataset/skeleton_final_v2/thumbup/thumbup (457).npy,./data/salux_refined_6cls/thumb_sources/thumbup/fitted/thumbup (457).npy
paper,paper,paper-set2 (361),val,./dataset/skeleton_final_v2/paper/paper-set2 (361).npy,./batch_paper/fitted/paper-set2 (361).npy
scissors,scissors,scissors-set2 (362),val,./dataset/skeleton_final_v2/scissors/scissors-set2 (362).npy,./batch_scissors/fitted/scissors-set2 (362).npy
the-finger,the-finger,the-finger_242,val,./dataset/skeleton_final_v2/the-finger/the-finger_242.npy,./batch_thefinger/fitted/the-finger_242.npy
scissors,scissors,scissors-set2 (452),val,./dataset/skeleton_final_v2/scissors/scissors-set2 (452).npy,./batch_scissors/fitted/scissors-set2 (452).npy
paper,paper,paper_7934,val,./dataset/skeleton_final_v2/paper/paper_7934.npy,./batch_paper/fitted/paper_7934.npy
scissors,scissors,scissors-set2 (408),val,./dataset/skeleton_final_v2/scissors/scissors-set2 (408).npy,./batch_scissors/fitted/scissors-set2 (408).npy
thumb,thumbdown,hand-7-1615,val,./dataset/skeleton_final_v2/thumbdown/hand-7-1615.npy,./data/salux_refined_6cls/thumb_sources/thumbdown/fitted/hand-7-1615.npy
paper,paper,paper-set2 (247),val,./dataset/skeleton_final_v2/paper/paper-set2 (247).npy,./batch_paper/fitted/paper-set2 (247).npy
ok,ok,ok_Set2_ (289),val,./dataset/skeleton_final_v2/ok/ok_Set2_ (289).npy,./batch_ok/fitted/ok_Set2_ (289).npy
scissors,scissors,scissors-set2 (95),val,./dataset/skeleton_final_v2/scissors/scissors-set2 (95).npy,./batch_scissors/fitted/scissors-set2 (95).npy
scissors,scissors,scissors_9210,val,./dataset/skeleton_final_v2/scissors/scissors_9210.npy,./batch_scissors/fitted/scissors_9210.npy
paper,paper,paper_7137,val,./dataset/skeleton_final_v2/paper/paper_7137.npy,./batch_paper/fitted/paper_7137.npy
thumb,thumbdown,hand-7-1640,val,./dataset/skeleton_final_v2/thumbdown/hand-7-1640.npy,./data/salux_refined_6cls/thumb_sources/thumbdown/fitted/hand-7-1640.npy
ok,ok,ok_Set2_ (308),val,./dataset/skeleton_final_v2/ok/ok_Set2_ (308).npy,./batch_ok/fitted/ok_Set2_ (308).npy
the-finger,the-finger,the-finger_5680,val,./dataset/skeleton_final_v2/the-finger/the-finger_5680.npy,./batch_thefinger/fitted/the-finger_5680.npy
thumb,thumbup,thumbup_4128,val,./dataset/skeleton_final_v2/thumbup/thumbup_4128.npy,./data/salux_refined_6cls/thumb_sources/thumbup/fitted/thumbup_4128.npy
the-finger,the-finger,the-finger-set2 (385),val,./dataset/skeleton_final_v2/the-finger/the-finger-set2 (385).npy,./batch_thefinger/fitted/the-finger-set2 (385).npy
thumb,thumbdown,thumbdown (63),val,./dataset/skeleton_final_v2/thumbdown/thumbdown (63).npy,./data/salux_refined_6cls/thumb_sources/thumbdown/fitted/thumbdown (63).npy
the-finger,the-finger,the-finger-set2 (432),val,./dataset/skeleton_final_v2/the-finger/the-finger-set2 (432).npy,./batch_thefinger/fitted/the-finger-set2 (432).npy
paper,paper,paper (30),val,./dataset/skeleton_final_v2/paper/paper (30).npy,./batch_paper/fitted/paper (30).npy
paper,paper,paper (24),val,./dataset/skeleton_final_v2/paper/paper (24).npy,./batch_paper/fitted/paper (24).npy
ok,ok,ok_6974,val,./dataset/skeleton_final_v2/ok/ok_6974.npy,./batch_ok/fitted/ok_6974.npy
scissors,scissors,scissors-set2 (398),val,./dataset/skeleton_final_v2/scissors/scissors-set2 (398).npy,./batch_scissors/fitted/scissors-set2 (398).npy
scissors,scissors,scissors-set2 (690),val,./dataset/skeleton_final_v2/scissors/scissors-set2 (690).npy,./batch_scissors/fitted/scissors-set2 (690).npy
scissors,scissors,scissors (479),val,./dataset/skeleton_final_v2/scissors/scissors (479).npy,./batch_scissors/fitted/scissors (479).npy
paper,paper,paper_2523,val,./dataset/skeleton_final_v2/paper/paper_2523.npy,./batch_paper/fitted/paper_2523.npy
scissors,scissors,scissors (461),val,./dataset/skeleton_final_v2/scissors/scissors (461).npy,./batch_scissors/fitted/scissors (461).npy
thumb,thumbup,thumbup_1263,val,./dataset/skeleton_final_v2/thumbup/thumbup_1263.npy,./data/salux_refined_6cls/thumb_sources/thumbup/fitted/thumbup_1263.npy
thumb,thumbup,thumbup_2039,val,./dataset/skeleton_final_v2/thumbup/thumbup_2039.npy,./data/salux_refined_6cls/thumb_sources/thumbup/fitted/thumbup_2039.npy
paper,paper,paper-set2 (36),val,./dataset/skeleton_final_v2/paper/paper-set2 (36).npy,./batch_paper/fitted/paper-set2 (36).npy
the-finger,the-finger,the-finger_2252,val,./dataset/skeleton_final_v2/the-finger/the-finger_2252.npy,./batch_thefinger/fitted/the-finger_2252.npy
ok,ok,ok_Set2_ (73),val,./dataset/skeleton_final_v2/ok/ok_Set2_ (73).npy,./batch_ok/fitted/ok_Set2_ (73).npy
thumb,thumbup,thumbup_9304,val,./dataset/skeleton_final_v2/thumbup/thumbup_9304.npy,./data/salux_refined_6cls/thumb_sources/thumbup/fitted/thumbup_9304.npy
paper,paper,paper_7138,val,./dataset/skeleton_final_v2/paper/paper_7138.npy,./batch_paper/fitted/paper_7138.npy
thumb,thumbdown,hand-11-685,val,./dataset/skeleton_final_v2/thumbdown/hand-11-685.npy,./data/salux_refined_6cls/thumb_sources/thumbdown/fitted/hand-11-685.npy
scissors,scissors,scissors-set2 (8),val,./dataset/skeleton_final_v2/scissors/scissors-set2 (8).npy,./batch_scissors/fitted/scissors-set2 (8).npy
rock,rock,rock_6317,val,./dataset/skeleton_final_v2/rock/rock_6317.npy,./batch_rock/fitted/rock_6317.npy
thumb,thumbdown,thumbdown (161),val,./dataset/skeleton_final_v2/thumbdown/thumbdown (161).npy,./data/salux_refined_6cls/thumb_sources/thumbdown/fitted/thumbdown (161).npy
ok,ok,ok_Set2_ (369),val,./dataset/skeleton_final_v2/ok/ok_Set2_ (369).npy,./batch_ok/fitted/ok_Set2_ (369).npy
thumb,thumbup,thumbup_1706,val,./dataset/skeleton_final_v2/thumbup/thumbup_1706.npy,./data/salux_refined_6cls/thumb_sources/thumbup/fitted/thumbup_1706.npy
paper,paper,paper_2475,val,./dataset/skeleton_final_v2/paper/paper_2475.npy,./batch_paper/fitted/paper_2475.npy
thumb,thumbdown,thumbdown_9008,val,./dataset/skeleton_final_v2/thumbdown/thumbdown_9008.npy,./data/salux_refined_6cls/thumb_sources/thumbdown/fitted/thumbdown_9008.npy
rock,rock,rock-set2 (67),val,./dataset/skeleton_final_v2/rock/rock-set2 (67).npy,./batch_rock/fitted/rock-set2 (67).npy
ok,ok,ok_4981,val,./dataset/skeleton_final_v2/ok/ok_4981.npy,./batch_ok/fitted/ok_4981.npy
ok,ok,ok_1550,val,./dataset/skeleton_final_v2/ok/ok_1550.npy,./batch_ok/fitted/ok_1550.npy
scissors,scissors,scissors-set2 (717),val,./dataset/skeleton_final_v2/scissors/scissors-set2 (717).npy,./batch_scissors/fitted/scissors-set2 (717).npy
the-finger,the-finger,the-finger-set2 (223),val,./dataset/skeleton_final_v2/the-finger/the-finger-set2 (223).npy,./batch_thefinger/fitted/the-finger-set2 (223).npy
scissors,scissors,scissors_3907,val,./dataset/skeleton_final_v2/scissors/scissors_3907.npy,./batch_scissors/fitted/scissors_3907.npy
thumb,thumbup,thumbup (172),val,./dataset/skeleton_final_v2/thumbup/thumbup (172).npy,./data/salux_refined_6cls/thumb_sources/thumbup/fitted/thumbup (172).npy
thumb,thumbdown,thumbdown (94),val,./dataset/skeleton_final_v2/thumbdown/thumbdown (94).npy,./data/salux_refined_6cls/thumb_sources/thumbdown/fitted/thumbdown (94).npy
rock,rock,rock-set2 (35),val,./dataset/skeleton_final_v2/rock/rock-set2 (35).npy,./batch_rock/fitted/rock-set2 (35).npy
paper,paper,paper_733,val,./dataset/skeleton_final_v2/paper/paper_733.npy,./batch_paper/fitted/paper_733.npy
thumb,thumbdown,thumbdown (280),val,./dataset/skeleton_final_v2/thumbdown/thumbdown (280).npy,./data/salux_refined_6cls/thumb_sources/thumbdown/fitted/thumbdown (280).npy
ok,ok,ok (85),val,./dataset/skeleton_final_v2/ok/ok (85).npy,./batch_ok/fitted/ok (85).npy
paper,paper,paper_3672,val,./dataset/skeleton_final_v2/paper/paper_3672.npy,./batch_paper/fitted/paper_3672.npy
ok,ok,ok_5263,val,./dataset/skeleton_final_v2/ok/ok_5263.npy,./batch_ok/fitted/ok_5263.npy
paper,paper,paper-set2 (326),val,./dataset/skeleton_final_v2/paper/paper-set2 (326).npy,./batch_paper/fitted/paper-set2 (326).npy
rock,rock,rock-set2 (349),val,./dataset/skeleton_final_v2/rock/rock-set2 (349).npy,./batch_rock/fitted/rock-set2 (349).npy
scissors,scissors,scissors-set2 (173),val,./dataset/skeleton_final_v2/scissors/scissors-set2 (173).npy,./batch_scissors/fitted/scissors-set2 (173).npy
thumb,thumbup,thumbup (243),val,./dataset/skeleton_final_v2/thumbup/thumbup (243).npy,./data/salux_refined_6cls/thumb_sources/thumbup/fitted/thumbup (243).npy
scissors,scissors,scissors_1891,val,./dataset/skeleton_final_v2/scissors/scissors_1891.npy,./batch_scissors/fitted/scissors_1891.npy
ok,ok,ok_Set2_ (389),val,./dataset/skeleton_final_v2/ok/ok_Set2_ (389).npy,./batch_ok/fitted/ok_Set2_ (389).npy
scissors,scissors,scissors (150),val,./dataset/skeleton_final_v2/scissors/scissors (150).npy,./batch_scissors/fitted/scissors (150).npy
scissors,scissors,scissors-set2 (138),val,./dataset/skeleton_final_v2/scissors/scissors-set2 (138).npy,./batch_scissors/fitted/scissors-set2 (138).npy
thumb,thumbdown,hand-9-2090,val,./dataset/skeleton_final_v2/thumbdown/hand-9-2090.npy,./data/salux_refined_6cls/thumb_sources/thumbdown/fitted/hand-9-2090.npy
ok,ok,ok_2007,val,./dataset/skeleton_final_v2/ok/ok_2007.npy,./batch_ok/fitted/ok_2007.npy
thumb,thumbdown,thumbdown (210),val,./dataset/skeleton_final_v2/thumbdown/thumbdown (210).npy,./data/salux_refined_6cls/thumb_sources/thumbdown/fitted/thumbdown (210).npy
scissors,scissors,scissors_56,val,./dataset/skeleton_final_v2/scissors/scissors_56.npy,./batch_scissors/fitted/scissors_56.npy
scissors,scissors,scissors (176),val,./dataset/skeleton_final_v2/scissors/scissors (176).npy,./batch_scissors/fitted/scissors (176).npy
thumb,thumbdown,thumbdown (196),val,./dataset/skeleton_final_v2/thumbdown/thumbdown (196).npy,./data/salux_refined_6cls/thumb_sources/thumbdown/fitted/thumbdown (196).npy
paper,paper,paper-set2 (34),val,./dataset/skeleton_final_v2/paper/paper-set2 (34).npy,./batch_paper/fitted/paper-set2 (34).npy
thumb,thumbup,thumbup_4202,val,./dataset/skeleton_final_v2/thumbup/thumbup_4202.npy,./data/salux_refined_6cls/thumb_sources/thumbup/fitted/thumbup_4202.npy
scissors,scissors,scissors-set2 (588),val,./dataset/skeleton_final_v2/scissors/scissors-set2 (588).npy,./batch_scissors/fitted/scissors-set2 (588).npy
ok,ok,ok_Set2_ (410),val,./dataset/skeleton_final_v2/ok/ok_Set2_ (410).npy,./batch_ok/fitted/ok_Set2_ (410).npy
thumb,thumbup,thumbup_4190,val,./dataset/skeleton_final_v2/thumbup/thumbup_4190.npy,./data/salux_refined_6cls/thumb_sources/thumbup/fitted/thumbup_4190.npy
the-finger,the-finger,the-finger_6069,val,./dataset/skeleton_final_v2/the-finger/the-finger_6069.npy,./batch_thefinger/fitted/the-finger_6069.npy
thumb,thumbdown,thumbdown_2195,val,./dataset/skeleton_final_v2/thumbdown/thumbdown_2195.npy,./data/salux_refined_6cls/thumb_sources/thumbdown/fitted/thumbdown_2195.npy
thumb,thumbdown,hand-11-720,val,./dataset/skeleton_final_v2/thumbdown/hand-11-720.npy,./data/salux_refined_6cls/thumb_sources/thumbdown/fitted/hand-11-720.npy
scissors,scissors,scissors_5237,val,./dataset/skeleton_final_v2/scissors/scissors_5237.npy,./batch_scissors/fitted/scissors_5237.npy
the-finger,the-finger,the-finger_5368,val,./dataset/skeleton_final_v2/the-finger/the-finger_5368.npy,./batch_thefinger/fitted/the-finger_5368.npy
paper,paper,paper_6939,val,./dataset/skeleton_final_v2/paper/paper_6939.npy,./batch_paper/fitted/paper_6939.npy
paper,paper,paper_2493,val,./dataset/skeleton_final_v2/paper/paper_2493.npy,./batch_paper/fitted/paper_2493.npy
thumb,thumbdown,thumbdown (250),val,./dataset/skeleton_final_v2/thumbdown/thumbdown (250).npy,./data/salux_refined_6cls/thumb_sources/thumbdown/fitted/thumbdown (250).npy
paper,paper,paper_6529,val,./dataset/skeleton_final_v2/paper/paper_6529.npy,./batch_paper/fitted/paper_6529.npy
paper,paper,paper (16),val,./dataset/skeleton_final_v2/paper/paper (16).npy,./batch_paper/fitted/paper (16).npy
paper,paper,paper_3638,val,./dataset/skeleton_final_v2/paper/paper_3638.npy,./batch_paper/fitted/paper_3638.npy
thumb,thumbup,thumbup_6202,val,./dataset/skeleton_final_v2/thumbup/thumbup_6202.npy,./data/salux_refined_6cls/thumb_sources/thumbup/fitted/thumbup_6202.npy
thumb,thumbdown,thumbdown (156),val,./dataset/skeleton_final_v2/thumbdown/thumbdown (156).npy,./data/salux_refined_6cls/thumb_sources/thumbdown/fitted/thumbdown (156).npy
thumb,thumbup,thumbup (18),val,./dataset/skeleton_final_v2/thumbup/thumbup (18).npy,./data/salux_refined_6cls/thumb_sources/thumbup/fitted/thumbup (18).npy
scissors,scissors,scissors-set2 (271),val,./dataset/skeleton_final_v2/scissors/scissors-set2 (271).npy,./batch_scissors/fitted/scissors-set2 (271).npy
scissors,scissors,scissors-set2 (546),val,./dataset/skeleton_final_v2/scissors/scissors-set2 (546).npy,./batch_scissors/fitted/scissors-set2 (546).npy
thumb,thumbdown,thumbdown_8216,val,./dataset/skeleton_final_v2/thumbdown/thumbdown_8216.npy,./data/salux_refined_6cls/thumb_sources/thumbdown/fitted/thumbdown_8216.npy
thumb,thumbup,hand-10-2100,val,./dataset/skeleton_final_v2/thumbup/hand-10-2100.npy,./data/salux_refined_6cls/thumb_sources/thumbup/fitted/hand-10-2100.npy
ok,ok,ok_2701,val,./dataset/skeleton_final_v2/ok/ok_2701.npy,./batch_ok/fitted/ok_2701.npy
ok,ok,ok_4056,val,./dataset/skeleton_final_v2/ok/ok_4056.npy,./batch_ok/fitted/ok_4056.npy
scissors,scissors,scissors (384),val,./dataset/skeleton_final_v2/scissors/scissors (384).npy,./batch_scissors/fitted/scissors (384).npy
scissors,scissors,scissors-set2 (666),val,./dataset/skeleton_final_v2/scissors/scissors-set2 (666).npy,./batch_scissors/fitted/scissors-set2 (666).npy
thumb,thumbup,thumbup_6789,val,./dataset/skeleton_final_v2/thumbup/thumbup_6789.npy,./data/salux_refined_6cls/thumb_sources/thumbup/fitted/thumbup_6789.npy
scissors,scissors,scissors-set2 (322),val,./dataset/skeleton_final_v2/scissors/scissors-set2 (322).npy,./batch_scissors/fitted/scissors-set2 (322).npy
ok,ok,ok_Set2_ (327),val,./dataset/skeleton_final_v2/ok/ok_Set2_ (327).npy,./batch_ok/fitted/ok_Set2_ (327).npy
ok,ok,ok (214),val,./dataset/skeleton_final_v2/ok/ok (214).npy,./batch_ok/fitted/ok (214).npy
paper,paper,paper-set2 (153),val,./dataset/skeleton_final_v2/paper/paper-set2 (153).npy,./batch_paper/fitted/paper-set2 (153).npy
ok,ok,ok_Set2_ (417),val,./dataset/skeleton_final_v2/ok/ok_Set2_ (417).npy,./batch_ok/fitted/ok_Set2_ (417).npy
ok,ok,ok (61),val,./dataset/skeleton_final_v2/ok/ok (61).npy,./batch_ok/fitted/ok (61).npy
thumb,thumbdown,thumbdown_846,val,./dataset/skeleton_final_v2/thumbdown/thumbdown_846.npy,./data/salux_refined_6cls/thumb_sources/thumbdown/fitted/thumbdown_846.npy
scissors,scissors,scissors (477),val,./dataset/skeleton_final_v2/scissors/scissors (477).npy,./batch_scissors/fitted/scissors (477).npy
thumb,thumbdown,hand-7-1575,val,./dataset/skeleton_final_v2/thumbdown/hand-7-1575.npy,./data/salux_refined_6cls/thumb_sources/thumbdown/fitted/hand-7-1575.npy
thumb,thumbup,thumbup (335),val,./dataset/skeleton_final_v2/thumbup/thumbup (335).npy,./data/salux_refined_6cls/thumb_sources/thumbup/fitted/thumbup (335).npy
thumb,thumbup,thumbup_6419,val,./dataset/skeleton_final_v2/thumbup/thumbup_6419.npy,./data/salux_refined_6cls/thumb_sources/thumbup/fitted/thumbup_6419.npy
scissors,scissors,scissors_2691,val,./dataset/skeleton_final_v2/scissors/scissors_2691.npy,./batch_scissors/fitted/scissors_2691.npy
scissors,scissors,scissors (377),val,./dataset/skeleton_final_v2/scissors/scissors (377).npy,./batch_scissors/fitted/scissors (377).npy
paper,paper,paper_6134,val,./dataset/skeleton_final_v2/paper/paper_6134.npy,./batch_paper/fitted/paper_6134.npy
paper,paper,paper-set2 (380),val,./dataset/skeleton_final_v2/paper/paper-set2 (380).npy,./batch_paper/fitted/paper-set2 (380).npy
paper,paper,paper_4570,val,./dataset/skeleton_final_v2/paper/paper_4570.npy,./batch_paper/fitted/paper_4570.npy
ok,ok,ok_1560,val,./dataset/skeleton_final_v2/ok/ok_1560.npy,./batch_ok/fitted/ok_1560.npy
scissors,scissors,scissors_7338,val,./dataset/skeleton_final_v2/scissors/scissors_7338.npy,./batch_scissors/fitted/scissors_7338.npy
ok,ok,ok_Set2_ (504),val,./dataset/skeleton_final_v2/ok/ok_Set2_ (504).npy,./batch_ok/fitted/ok_Set2_ (504).npy
ok,ok,ok_Set2_ (210),val,./dataset/skeleton_final_v2/ok/ok_Set2_ (210).npy,./batch_ok/fitted/ok_Set2_ (210).npy
ok,ok,ok_5963,val,./dataset/skeleton_final_v2/ok/ok_5963.npy,./batch_ok/fitted/ok_5963.npy
scissors,scissors,scissors-set2 (440),val,./dataset/skeleton_final_v2/scissors/scissors-set2 (440).npy,./batch_scissors/fitted/scissors-set2 (440).npy
thumb,thumbup,hand-11-2250,val,./dataset/skeleton_final_v2/thumbup/hand-11-2250.npy,./data/salux_refined_6cls/thumb_sources/thumbup/fitted/hand-11-2250.npy
the-finger,the-finger,the-finger-set2 (101),val,./dataset/skeleton_final_v2/the-finger/the-finger-set2 (101).npy,./batch_thefinger/fitted/the-finger-set2 (101).npy
scissors,scissors,scissors (42),val,./dataset/skeleton_final_v2/scissors/scissors (42).npy,./batch_scissors/fitted/scissors (42).npy
thumb,thumbup,thumbup_9330,val,./dataset/skeleton_final_v2/thumbup/thumbup_9330.npy,./data/salux_refined_6cls/thumb_sources/thumbup/fitted/thumbup_9330.npy
thumb,thumbdown,thumbdown_548,val,./dataset/skeleton_final_v2/thumbdown/thumbdown_548.npy,./data/salux_refined_6cls/thumb_sources/thumbdown/fitted/thumbdown_548.npy
scissors,scissors,scissors-set2 (336),val,./dataset/skeleton_final_v2/scissors/scissors-set2 (336).npy,./batch_scissors/fitted/scissors-set2 (336).npy
scissors,scissors,scissors (53),val,./dataset/skeleton_final_v2/scissors/scissors (53).npy,./batch_scissors/fitted/scissors (53).npy
scissors,scissors,scissors-set2 (511),val,./dataset/skeleton_final_v2/scissors/scissors-set2 (511).npy,./batch_scissors/fitted/scissors-set2 (511).npy
paper,paper,paper_747,val,./dataset/skeleton_final_v2/paper/paper_747.npy,./batch_paper/fitted/paper_747.npy
scissors,scissors,scissors-set2 (167),val,./dataset/skeleton_final_v2/scissors/scissors-set2 (167).npy,./batch_scissors/fitted/scissors-set2 (167).npy
the-finger,the-finger,the-finger-set2 (190),val,./dataset/skeleton_final_v2/the-finger/the-finger-set2 (190).npy,./batch_thefinger/fitted/the-finger-set2 (190).npy
scissors,scissors,scissors (448),val,./dataset/skeleton_final_v2/scissors/scissors (448).npy,./batch_scissors/fitted/scissors (448).npy
paper,paper,paper_6343,val,./dataset/skeleton_final_v2/paper/paper_6343.npy,./batch_paper/fitted/paper_6343.npy
paper,paper,paper (245),val,./dataset/skeleton_final_v2/paper/paper (245).npy,./batch_paper/fitted/paper (245).npy
scissors,scissors,scissors_3865,val,./dataset/skeleton_final_v2/scissors/scissors_3865.npy,./batch_scissors/fitted/scissors_3865.npy
the-finger,the-finger,the-finger (56),val,./dataset/skeleton_final_v2/the-finger/the-finger (56).npy,./batch_thefinger/fitted/the-finger (56).npy
paper,paper,paper-set2 (324),val,./dataset/skeleton_final_v2/paper/paper-set2 (324).npy,./batch_paper/fitted/paper-set2 (324).npy
ok,ok,ok (18),val,./dataset/skeleton_final_v2/ok/ok (18).npy,./batch_ok/fitted/ok (18).npy
thumb,thumbdown,hand-8-3635,val,./dataset/skeleton_final_v2/thumbdown/hand-8-3635.npy,./data/salux_refined_6cls/thumb_sources/thumbdown/fitted/hand-8-3635.npy
rock,rock,rock-set2 (527),val,./dataset/skeleton_final_v2/rock/rock-set2 (527).npy,./batch_rock/fitted/rock-set2 (527).npy
scissors,scissors,scissors-set2 (701),val,./dataset/skeleton_final_v2/scissors/scissors-set2 (701).npy,./batch_scissors/fitted/scissors-set2 (701).npy
thumb,thumbdown,thumbdown_3166,val,./dataset/skeleton_final_v2/thumbdown/thumbdown_3166.npy,./data/salux_refined_6cls/thumb_sources/thumbdown/fitted/thumbdown_3166.npy
paper,paper,paper_5895,val,./dataset/skeleton_final_v2/paper/paper_5895.npy,./batch_paper/fitted/paper_5895.npy
ok,ok,ok_Set2_ (495),val,./dataset/skeleton_final_v2/ok/ok_Set2_ (495).npy,./batch_ok/fitted/ok_Set2_ (495).npy
scissors,scissors,scissors-set2 (589),val,./dataset/skeleton_final_v2/scissors/scissors-set2 (589).npy,./batch_scissors/fitted/scissors-set2 (589).npy
scissors,scissors,scissors-set2 (338),val,./dataset/skeleton_final_v2/scissors/scissors-set2 (338).npy,./batch_scissors/fitted/scissors-set2 (338).npy
the-finger,the-finger,the-finger-set2 (244),val,./dataset/skeleton_final_v2/the-finger/the-finger-set2 (244).npy,./batch_thefinger/fitted/the-finger-set2 (244).npy
paper,paper,paper-set2 (412),val,./dataset/skeleton_final_v2/paper/paper-set2 (412).npy,./batch_paper/fitted/paper-set2 (412).npy
scissors,scissors,scissors_1881,val,./dataset/skeleton_final_v2/scissors/scissors_1881.npy,./batch_scissors/fitted/scissors_1881.npy
paper,paper,paper-set2 (343),val,./dataset/skeleton_final_v2/paper/paper-set2 (343).npy,./batch_paper/fitted/paper-set2 (343).npy
the-finger,the-finger,the-finger_7500,val,./dataset/skeleton_final_v2/the-finger/the-finger_7500.npy,./batch_thefinger/fitted/the-finger_7500.npy
rock,rock,rock_690,val,./dataset/skeleton_final_v2/rock/rock_690.npy,./batch_rock/fitted/rock_690.npy
paper,paper,paper-set2 (387),val,./dataset/skeleton_final_v2/paper/paper-set2 (387).npy,./batch_paper/fitted/paper-set2 (387).npy
thumb,thumbup,thumbup (373),val,./dataset/skeleton_final_v2/thumbup/thumbup (373).npy,./data/salux_refined_6cls/thumb_sources/thumbup/fitted/thumbup (373).npy
thumb,thumbup,thumbup (422),val,./dataset/skeleton_final_v2/thumbup/thumbup (422).npy,./data/salux_refined_6cls/thumb_sources/thumbup/fitted/thumbup (422).npy
paper,paper,paper_1043,val,./dataset/skeleton_final_v2/paper/paper_1043.npy,./batch_paper/fitted/paper_1043.npy
the-finger,the-finger,the-finger-set2 (148),val,./dataset/skeleton_final_v2/the-finger/the-finger-set2 (148).npy,./batch_thefinger/fitted/the-finger-set2 (148).npy
ok,ok,ok_1987,val,./dataset/skeleton_final_v2/ok/ok_1987.npy,./batch_ok/fitted/ok_1987.npy
thumb,thumbdown,thumbdown (177),val,./dataset/skeleton_final_v2/thumbdown/thumbdown (177).npy,./data/salux_refined_6cls/thumb_sources/thumbdown/fitted/thumbdown (177).npy
scissors,scissors,scissors (10),val,./dataset/skeleton_final_v2/scissors/scissors (10).npy,./batch_scissors/fitted/scissors (10).npy
ok,ok,ok_Set2_ (371),val,./dataset/skeleton_final_v2/ok/ok_Set2_ (371).npy,./batch_ok/fitted/ok_Set2_ (371).npy
scissors,scissors,scissors-set2 (83),val,./dataset/skeleton_final_v2/scissors/scissors-set2 (83).npy,./batch_scissors/fitted/scissors-set2 (83).npy
thumb,thumbup,hand-10-2545,val,./dataset/skeleton_final_v2/thumbup/hand-10-2545.npy,./data/salux_refined_6cls/thumb_sources/thumbup/fitted/hand-10-2545.npy
paper,paper,paper (291),val,./dataset/skeleton_final_v2/paper/paper (291).npy,./batch_paper/fitted/paper (291).npy
ok,ok,ok_5562,val,./dataset/skeleton_final_v2/ok/ok_5562.npy,./batch_ok/fitted/ok_5562.npy
paper,paper,paper_1049,val,./dataset/skeleton_final_v2/paper/paper_1049.npy,./batch_paper/fitted/paper_1049.npy
the-finger,the-finger,the-finger (14),val,./dataset/skeleton_final_v2/the-finger/the-finger (14).npy,./batch_thefinger/fitted/the-finger (14).npy
thumb,thumbup,hand-7-1350,val,./dataset/skeleton_final_v2/thumbup/hand-7-1350.npy,./data/salux_refined_6cls/thumb_sources/thumbup/fitted/hand-7-1350.npy
ok,ok,ok_77,val,./dataset/skeleton_final_v2/ok/ok_77.npy,./batch_ok/fitted/ok_77.npy
thumb,thumbup,hand-8-3525,val,./dataset/skeleton_final_v2/thumbup/hand-8-3525.npy,./data/salux_refined_6cls/thumb_sources/thumbup/fitted/hand-8-3525.npy
paper,paper,paper (246),val,./dataset/skeleton_final_v2/paper/paper (246).npy,./batch_paper/fitted/paper (246).npy
scissors,scissors,scissors-set2 (196),val,./dataset/skeleton_final_v2/scissors/scissors-set2 (196).npy,./batch_scissors/fitted/scissors-set2 (196).npy
thumb,thumbdown,thumbdown (205),val,./dataset/skeleton_final_v2/thumbdown/thumbdown (205).npy,./data/salux_refined_6cls/thumb_sources/thumbdown/fitted/thumbdown (205).npy
thumb,thumbdown,hand-10-540,val,./dataset/skeleton_final_v2/thumbdown/hand-10-540.npy,./data/salux_refined_6cls/thumb_sources/thumbdown/fitted/hand-10-540.npy
scissors,scissors,scissors_4657,val,./dataset/skeleton_final_v2/scissors/scissors_4657.npy,./batch_scissors/fitted/scissors_4657.npy
thumb,thumbup,thumbup (247),val,./dataset/skeleton_final_v2/thumbup/thumbup (247).npy,./data/salux_refined_6cls/thumb_sources/thumbup/fitted/thumbup (247).npy
thumb,thumbup,hand-10-2150,val,./dataset/skeleton_final_v2/thumbup/hand-10-2150.npy,./data/salux_refined_6cls/thumb_sources/thumbup/fitted/hand-10-2150.npy
rock,rock,rock_7530,val,./dataset/skeleton_final_v2/rock/rock_7530.npy,./batch_rock/fitted/rock_7530.npy
rock,rock,rock-set2 (177),val,./dataset/skeleton_final_v2/rock/rock-set2 (177).npy,./batch_rock/fitted/rock-set2 (177).npy
scissors,scissors,scissors (121),val,./dataset/skeleton_final_v2/scissors/scissors (121).npy,./batch_scissors/fitted/scissors (121).npy
paper,paper,paper (80),val,./dataset/skeleton_final_v2/paper/paper (80).npy,./batch_paper/fitted/paper (80).npy
ok,ok,ok_Set2_ (5),val,./dataset/skeleton_final_v2/ok/ok_Set2_ (5).npy,./batch_ok/fitted/ok_Set2_ (5).npy
ok,ok,ok_5774,val,./dataset/skeleton_final_v2/ok/ok_5774.npy,./batch_ok/fitted/ok_5774.npy
scissors,scissors,scissors (144),val,./dataset/skeleton_final_v2/scissors/scissors (144).npy,./batch_scissors/fitted/scissors (144).npy
paper,paper,paper_5150,val,./dataset/skeleton_final_v2/paper/paper_5150.npy,./batch_paper/fitted/paper_5150.npy
ok,ok,ok_8042,val,./dataset/skeleton_final_v2/ok/ok_8042.npy,./batch_ok/fitted/ok_8042.npy
paper,paper,paper-set2 (137),val,./dataset/skeleton_final_v2/paper/paper-set2 (137).npy,./batch_paper/fitted/paper-set2 (137).npy
thumb,thumbup,hand-7-1275,val,./dataset/skeleton_final_v2/thumbup/hand-7-1275.npy,./data/salux_refined_6cls/thumb_sources/thumbup/fitted/hand-7-1275.npy
ok,ok,ok_5554,val,./dataset/skeleton_final_v2/ok/ok_5554.npy,./batch_ok/fitted/ok_5554.npy
the-finger,the-finger,the-finger-set2 (137),val,./dataset/skeleton_final_v2/the-finger/the-finger-set2 (137).npy,./batch_thefinger/fitted/the-finger-set2 (137).npy
thumb,thumbdown,thumbdown_2227,val,./dataset/skeleton_final_v2/thumbdown/thumbdown_2227.npy,./data/salux_refined_6cls/thumb_sources/thumbdown/fitted/thumbdown_2227.npy
paper,paper,paper_3738,val,./dataset/skeleton_final_v2/paper/paper_3738.npy,./batch_paper/fitted/paper_3738.npy
thumb,thumbdown,hand-10-520,val,./dataset/skeleton_final_v2/thumbdown/hand-10-520.npy,./data/salux_refined_6cls/thumb_sources/thumbdown/fitted/hand-10-520.npy
paper,paper,paper (211),val,./dataset/skeleton_final_v2/paper/paper (211).npy,./batch_paper/fitted/paper (211).npy
the-finger,the-finger,the-finger-set2 (415),val,./dataset/skeleton_final_v2/the-finger/the-finger-set2 (415).npy,./batch_thefinger/fitted/the-finger-set2 (415).npy
ok,ok,ok_Set2_ (339),val,./dataset/skeleton_final_v2/ok/ok_Set2_ (339).npy,./batch_ok/fitted/ok_Set2_ (339).npy
ok,ok,ok_Set2_ (224),val,./dataset/skeleton_final_v2/ok/ok_Set2_ (224).npy,./batch_ok/fitted/ok_Set2_ (224).npy
scissors,scissors,scissors_6379,val,./dataset/skeleton_final_v2/scissors/scissors_6379.npy,./batch_scissors/fitted/scissors_6379.npy
scissors,scissors,scissors-set2 (308),val,./dataset/skeleton_final_v2/scissors/scissors-set2 (308).npy,./batch_scissors/fitted/scissors-set2 (308).npy
ok,ok,ok_Set2_ (491),val,./dataset/skeleton_final_v2/ok/ok_Set2_ (491).npy,./batch_ok/fitted/ok_Set2_ (491).npy
thumb,thumbdown,hand-9-1910,val,./dataset/skeleton_final_v2/thumbdown/hand-9-1910.npy,./data/salux_refined_6cls/thumb_sources/thumbdown/fitted/hand-9-1910.npy
rock,rock,rock_260,val,./dataset/skeleton_final_v2/rock/rock_260.npy,./batch_rock/fitted/rock_260.npy
thumb,thumbdown,thumbdown_7441,val,./dataset/skeleton_final_v2/thumbdown/thumbdown_7441.npy,./data/salux_refined_6cls/thumb_sources/thumbdown/fitted/thumbdown_7441.npy
the-finger,the-finger,the-finger-set2 (91),val,./dataset/skeleton_final_v2/the-finger/the-finger-set2 (91).npy,./batch_thefinger/fitted/the-finger-set2 (91).npy
the-finger,the-finger,the-finger_3454,val,./dataset/skeleton_final_v2/the-finger/the-finger_3454.npy,./batch_thefinger/fitted/the-finger_3454.npy
the-finger,the-finger,the-finger_3464,val,./dataset/skeleton_final_v2/the-finger/the-finger_3464.npy,./batch_thefinger/fitted/the-finger_3464.npy
scissors,scissors,scissors-set2 (542),val,./dataset/skeleton_final_v2/scissors/scissors-set2 (542).npy,./batch_scissors/fitted/scissors-set2 (542).npy
the-finger,the-finger,the-finger-set2 (87),val,./dataset/skeleton_final_v2/the-finger/the-finger-set2 (87).npy,./batch_thefinger/fitted/the-finger-set2 (87).npy
thumb,thumbdown,thumbdown (328),val,./dataset/skeleton_final_v2/thumbdown/thumbdown (328).npy,./data/salux_refined_6cls/thumb_sources/thumbdown/fitted/thumbdown (328).npy
thumb,thumbup,thumbup (15),val,./dataset/skeleton_final_v2/thumbup/thumbup (15).npy,./data/salux_refined_6cls/thumb_sources/thumbup/fitted/thumbup (15).npy
thumb,thumbdown,thumbdown_5597,val,./dataset/skeleton_final_v2/thumbdown/thumbdown_5597.npy,./data/salux_refined_6cls/thumb_sources/thumbdown/fitted/thumbdown_5597.npy
rock,rock,rock-set2 (146),val,./dataset/skeleton_final_v2/rock/rock-set2 (146).npy,./batch_rock/fitted/rock-set2 (146).npy
scissors,scissors,scissors-set2 (478),val,./dataset/skeleton_final_v2/scissors/scissors-set2 (478).npy,./batch_scissors/fitted/scissors-set2 (478).npy
scissors,scissors,scissors (463),val,./dataset/skeleton_final_v2/scissors/scissors (463).npy,./batch_scissors/fitted/scissors (463).npy
ok,ok,ok_Set2_ (125),val,./dataset/skeleton_final_v2/ok/ok_Set2_ (125).npy,./batch_ok/fitted/ok_Set2_ (125).npy
ok,ok,ok_1989,val,./dataset/skeleton_final_v2/ok/ok_1989.npy,./batch_ok/fitted/ok_1989.npy
scissors,scissors,scissors (96),val,./dataset/skeleton_final_v2/scissors/scissors (96).npy,./batch_scissors/fitted/scissors (96).npy
paper,paper,paper_2477,val,./dataset/skeleton_final_v2/paper/paper_2477.npy,./batch_paper/fitted/paper_2477.npy
ok,ok,ok (133),val,./dataset/skeleton_final_v2/ok/ok (133).npy,./batch_ok/fitted/ok (133).npy
scissors,scissors,scissors_7653,val,./dataset/skeleton_final_v2/scissors/scissors_7653.npy,./batch_scissors/fitted/scissors_7653.npy
scissors,scissors,scissors-set2 (705),val,./dataset/skeleton_final_v2/scissors/scissors-set2 (705).npy,./batch_scissors/fitted/scissors-set2 (705).npy
thumb,thumbdown,thumbdown_6806,val,./dataset/skeleton_final_v2/thumbdown/thumbdown_6806.npy,./data/salux_refined_6cls/thumb_sources/thumbdown/fitted/thumbdown_6806.npy
thumb,thumbup,thumbup (269),val,./dataset/skeleton_final_v2/thumbup/thumbup (269).npy,./data/salux_refined_6cls/thumb_sources/thumbup/fitted/thumbup (269).npy
ok,ok,ok_2963,val,./dataset/skeleton_final_v2/ok/ok_2963.npy,./batch_ok/fitted/ok_2963.npy
the-finger,the-finger,the-finger (81),val,./dataset/skeleton_final_v2/the-finger/the-finger (81).npy,./batch_thefinger/fitted/the-finger (81).npy
scissors,scissors,scissors-set2 (297),val,./dataset/skeleton_final_v2/scissors/scissors-set2 (297).npy,./batch_scissors/fitted/scissors-set2 (297).npy
thumb,thumbdown,hand-10-70,val,./dataset/skeleton_final_v2/thumbdown/hand-10-70.npy,./data/salux_refined_6cls/thumb_sources/thumbdown/fitted/hand-10-70.npy
paper,paper,paper_7158,val,./dataset/skeleton_final_v2/paper/paper_7158.npy,./batch_paper/fitted/paper_7158.npy
thumb,thumbdown,thumbdown_3391,val,./dataset/skeleton_final_v2/thumbdown/thumbdown_3391.npy,./data/salux_refined_6cls/thumb_sources/thumbdown/fitted/thumbdown_3391.npy
ok,ok,ok_Set2_ (345),val,./dataset/skeleton_final_v2/ok/ok_Set2_ (345).npy,./batch_ok/fitted/ok_Set2_ (345).npy
ok,ok,ok_3976,val,./dataset/skeleton_final_v2/ok/ok_3976.npy,./batch_ok/fitted/ok_3976.npy
paper,paper,paper (268),val,./dataset/skeleton_final_v2/paper/paper (268).npy,./batch_paper/fitted/paper (268).npy
paper,paper,paper (232),val,./dataset/skeleton_final_v2/paper/paper (232).npy,./batch_paper/fitted/paper (232).npy
paper,paper,paper_3648,val,./dataset/skeleton_final_v2/paper/paper_3648.npy,./batch_paper/fitted/paper_3648.npy
scissors,scissors,scissors_4649,val,./dataset/skeleton_final_v2/scissors/scissors_4649.npy,./batch_scissors/fitted/scissors_4649.npy
paper,paper,paper_3820,val,./dataset/skeleton_final_v2/paper/paper_3820.npy,./batch_paper/fitted/paper_3820.npy
thumb,thumbup,thumbup_1682,val,./dataset/skeleton_final_v2/thumbup/thumbup_1682.npy,./data/salux_refined_6cls/thumb_sources/thumbup/fitted/thumbup_1682.npy
thumb,thumbdown,thumbdown (208),val,./dataset/skeleton_final_v2/thumbdown/thumbdown (208).npy,./data/salux_refined_6cls/thumb_sources/thumbdown/fitted/thumbdown (208).npy
the-finger,the-finger,the-finger (157),val,./dataset/skeleton_final_v2/the-finger/the-finger (157).npy,./batch_thefinger/fitted/the-finger (157).npy
scissors,scissors,scissors-set2 (431),val,./dataset/skeleton_final_v2/scissors/scissors-set2 (431).npy,./batch_scissors/fitted/scissors-set2 (431).npy
thumb,thumbdown,thumbdown (296),val,./dataset/skeleton_final_v2/thumbdown/thumbdown (296).npy,./data/salux_refined_6cls/thumb_sources/thumbdown/fitted/thumbdown (296).npy
the-finger,the-finger,the-finger_3519,val,./dataset/skeleton_final_v2/the-finger/the-finger_3519.npy,./batch_thefinger/fitted/the-finger_3519.npy
scissors,scissors,scissors (120),val,./dataset/skeleton_final_v2/scissors/scissors (120).npy,./batch_scissors/fitted/scissors (120).npy
ok,ok,ok_Set2_ (455),val,./dataset/skeleton_final_v2/ok/ok_Set2_ (455).npy,./batch_ok/fitted/ok_Set2_ (455).npy
the-finger,the-finger,the-finger-set2 (427),val,./dataset/skeleton_final_v2/the-finger/the-finger-set2 (427).npy,./batch_thefinger/fitted/the-finger-set2 (427).npy
ok,ok,ok_Set2_ (340),val,./dataset/skeleton_final_v2/ok/ok_Set2_ (340).npy,./batch_ok/fitted/ok_Set2_ (340).npy
scissors,scissors,scissors-set2 (507),val,./dataset/skeleton_final_v2/scissors/scissors-set2 (507).npy,./batch_scissors/fitted/scissors-set2 (507).npy
thumb,thumbup,thumbup (233),val,./dataset/skeleton_final_v2/thumbup/thumbup (233).npy,./data/salux_refined_6cls/thumb_sources/thumbup/fitted/thumbup (233).npy
ok,ok,ok_Set2_ (221),val,./dataset/skeleton_final_v2/ok/ok_Set2_ (221).npy,./batch_ok/fitted/ok_Set2_ (221).npy
scissors,scissors,scissors_5196,val,./dataset/skeleton_final_v2/scissors/scissors_5196.npy,./batch_scissors/fitted/scissors_5196.npy
ok,ok,ok_87,val,./dataset/skeleton_final_v2/ok/ok_87.npy,./batch_ok/fitted/ok_87.npy
thumb,thumbup,hand-11-2305,val,./dataset/skeleton_final_v2/thumbup/hand-11-2305.npy,./data/salux_refined_6cls/thumb_sources/thumbup/fitted/hand-11-2305.npy
paper,paper,paper-set2 (500),val,./dataset/skeleton_final_v2/paper/paper-set2 (500).npy,./batch_paper/fitted/paper-set2 (500).npy
thumb,thumbup,thumbup (218),val,./dataset/skeleton_final_v2/thumbup/thumbup (218).npy,./data/salux_refined_6cls/thumb_sources/thumbup/fitted/thumbup (218).npy
thumb,thumbup,thumbup (308),val,./dataset/skeleton_final_v2/thumbup/thumbup (308).npy,./data/salux_refined_6cls/thumb_sources/thumbup/fitted/thumbup (308).npy
paper,paper,paper (213),val,./dataset/skeleton_final_v2/paper/paper (213).npy,./batch_paper/fitted/paper (213).npy
ok,ok,ok_Set2_ (304),val,./dataset/skeleton_final_v2/ok/ok_Set2_ (304).npy,./batch_ok/fitted/ok_Set2_ (304).npy
paper,paper,paper_360,val,./dataset/skeleton_final_v2/paper/paper_360.npy,./batch_paper/fitted/paper_360.npy
thumb,thumbdown,thumbdown_1297,val,./dataset/skeleton_final_v2/thumbdown/thumbdown_1297.npy,./data/salux_refined_6cls/thumb_sources/thumbdown/fitted/thumbdown_1297.npy
thumb,thumbdown,thumbdown_4412,val,./dataset/skeleton_final_v2/thumbdown/thumbdown_4412.npy,./data/salux_refined_6cls/thumb_sources/thumbdown/fitted/thumbdown_4412.npy
the-finger,the-finger,the-finger_7492,val,./dataset/skeleton_final_v2/the-finger/the-finger_7492.npy,./batch_thefinger/fitted/the-finger_7492.npy
the-finger,the-finger,the-finger_581,val,./dataset/skeleton_final_v2/the-finger/the-finger_581.npy,./batch_thefinger/fitted/the-finger_581.npy
paper,paper,paper_7579,val,./dataset/skeleton_final_v2/paper/paper_7579.npy,./batch_paper/fitted/paper_7579.npy
the-finger,the-finger,the-finger (93),val,./dataset/skeleton_final_v2/the-finger/the-finger (93).npy,./batch_thefinger/fitted/the-finger (93).npy
scissors,scissors,scissors-set2 (3),val,./dataset/skeleton_final_v2/scissors/scissors-set2 (3).npy,./batch_scissors/fitted/scissors-set2 (3).npy
paper,paper,paper (136),val,./dataset/skeleton_final_v2/paper/paper (136).npy,./batch_paper/fitted/paper (136).npy
thumb,thumbdown,hand-10-590,val,./dataset/skeleton_final_v2/thumbdown/hand-10-590.npy,./data/salux_refined_6cls/thumb_sources/thumbdown/fitted/hand-10-590.npy
paper,paper,paper-set2 (79),val,./dataset/skeleton_final_v2/paper/paper-set2 (79).npy,./batch_paper/fitted/paper-set2 (79).npy
scissors,scissors,scissors (118),val,./dataset/skeleton_final_v2/scissors/scissors (118).npy,./batch_scissors/fitted/scissors (118).npy
thumb,thumbup,thumbup (258),val,./dataset/skeleton_final_v2/thumbup/thumbup (258).npy,./data/salux_refined_6cls/thumb_sources/thumbup/fitted/thumbup (258).npy
thumb,thumbup,thumbup (229),val,./dataset/skeleton_final_v2/thumbup/thumbup (229).npy,./data/salux_refined_6cls/thumb_sources/thumbup/fitted/thumbup (229).npy
scissors,scissors,scissors-set2 (135),val,./dataset/skeleton_final_v2/scissors/scissors-set2 (135).npy,./batch_scissors/fitted/scissors-set2 (135).npy
thumb,thumbup,thumbup (428),val,./dataset/skeleton_final_v2/thumbup/thumbup (428).npy,./data/salux_refined_6cls/thumb_sources/thumbup/fitted/thumbup (428).npy
scissors,scissors,scissors (39),val,./dataset/skeleton_final_v2/scissors/scissors (39).npy,./batch_scissors/fitted/scissors (39).npy
thumb,thumbup,thumbup (477),val,./dataset/skeleton_final_v2/thumbup/thumbup (477).npy,./data/salux_refined_6cls/thumb_sources/thumbup/fitted/thumbup (477).npy
scissors,scissors,scissors (288),val,./dataset/skeleton_final_v2/scissors/scissors (288).npy,./batch_scissors/fitted/scissors (288).npy
scissors,scissors,scissors_6365,val,./dataset/skeleton_final_v2/scissors/scissors_6365.npy,./batch_scissors/fitted/scissors_6365.npy
scissors,scissors,scissors (258),val,./dataset/skeleton_final_v2/scissors/scissors (258).npy,./batch_scissors/fitted/scissors (258).npy
thumb,thumbup,hand-11-2265,val,./dataset/skeleton_final_v2/thumbup/hand-11-2265.npy,./data/salux_refined_6cls/thumb_sources/thumbup/fitted/hand-11-2265.npy
scissors,scissors,scissors_7331,val,./dataset/skeleton_final_v2/scissors/scissors_7331.npy,./batch_scissors/fitted/scissors_7331.npy
scissors,scissors,scissors (402),val,./dataset/skeleton_final_v2/scissors/scissors (402).npy,./batch_scissors/fitted/scissors (402).npy
thumb,thumbdown,hand-7-1670,val,./dataset/skeleton_final_v2/thumbdown/hand-7-1670.npy,./data/salux_refined_6cls/thumb_sources/thumbdown/fitted/hand-7-1670.npy
the-finger,the-finger,the-finger_5372,val,./dataset/skeleton_final_v2/the-finger/the-finger_5372.npy,./batch_thefinger/fitted/the-finger_5372.npy
paper,paper,paper (202),val,./dataset/skeleton_final_v2/paper/paper (202).npy,./batch_paper/fitted/paper (202).npy
paper,paper,paper_6133,val,./dataset/skeleton_final_v2/paper/paper_6133.npy,./batch_paper/fitted/paper_6133.npy
thumb,thumbdown,thumbdown (203),val,./dataset/skeleton_final_v2/thumbdown/thumbdown (203).npy,./data/salux_refined_6cls/thumb_sources/thumbdown/fitted/thumbdown (203).npy
paper,paper,paper-set2 (105),val,./dataset/skeleton_final_v2/paper/paper-set2 (105).npy,./batch_paper/fitted/paper-set2 (105).npy
the-finger,the-finger,the-finger-set2 (372),val,./dataset/skeleton_final_v2/the-finger/the-finger-set2 (372).npy,./batch_thefinger/fitted/the-finger-set2 (372).npy
ok,ok,ok (262),val,./dataset/skeleton_final_v2/ok/ok (262).npy,./batch_ok/fitted/ok (262).npy
rock,rock,rock_682,val,./dataset/skeleton_final_v2/rock/rock_682.npy,./batch_rock/fitted/rock_682.npy
thumb,thumbdown,thumbdown_4409,val,./dataset/skeleton_final_v2/thumbdown/thumbdown_4409.npy,./data/salux_refined_6cls/thumb_sources/thumbdown/fitted/thumbdown_4409.npy
paper,paper,paper-set2 (453),val,./dataset/skeleton_final_v2/paper/paper-set2 (453).npy,./batch_paper/fitted/paper-set2 (453).npy
scissors,scissors,scissors_7179,val,./dataset/skeleton_final_v2/scissors/scissors_7179.npy,./batch_scissors/fitted/scissors_7179.npy
scissors,scissors,scissors (139),val,./dataset/skeleton_final_v2/scissors/scissors (139).npy,./batch_scissors/fitted/scissors (139).npy
scissors,scissors,scissors (413),val,./dataset/skeleton_final_v2/scissors/scissors (413).npy,./batch_scissors/fitted/scissors (413).npy
thumb,thumbdown,thumbdown (158),val,./dataset/skeleton_final_v2/thumbdown/thumbdown (158).npy,./data/salux_refined_6cls/thumb_sources/thumbdown/fitted/thumbdown (158).npy
ok,ok,ok (121),val,./dataset/skeleton_final_v2/ok/ok (121).npy,./batch_ok/fitted/ok (121).npy
scissors,scissors,scissors-set2 (422),val,./dataset/skeleton_final_v2/scissors/scissors-set2 (422).npy,./batch_scissors/fitted/scissors-set2 (422).npy
the-finger,the-finger,the-finger_9470,val,./dataset/skeleton_final_v2/the-finger/the-finger_9470.npy,./batch_thefinger/fitted/the-finger_9470.npy
paper,paper,paper_6347,val,./dataset/skeleton_final_v2/paper/paper_6347.npy,./batch_paper/fitted/paper_6347.npy
thumb,thumbup,thumbup_7050,val,./dataset/skeleton_final_v2/thumbup/thumbup_7050.npy,./data/salux_refined_6cls/thumb_sources/thumbup/fitted/thumbup_7050.npy
thumb,thumbup,thumbup (453),val,./dataset/skeleton_final_v2/thumbup/thumbup (453).npy,./data/salux_refined_6cls/thumb_sources/thumbup/fitted/thumbup (453).npy
thumb,thumbup,thumbup_7412,val,./dataset/skeleton_final_v2/thumbup/thumbup_7412.npy,./data/salux_refined_6cls/thumb_sources/thumbup/fitted/thumbup_7412.npy
scissors,scissors,scissors-set2 (606),val,./dataset/skeleton_final_v2/scissors/scissors-set2 (606).npy,./batch_scissors/fitted/scissors-set2 (606).npy
scissors,scissors,scissors (281),val,./dataset/skeleton_final_v2/scissors/scissors (281).npy,./batch_scissors/fitted/scissors (281).npy
scissors,scissors,scissors-set2 (370),val,./dataset/skeleton_final_v2/scissors/scissors-set2 (370).npy,./batch_scissors/fitted/scissors-set2 (370).npy
scissors,scissors,scissors-set2 (278),val,./dataset/skeleton_final_v2/scissors/scissors-set2 (278).npy,./batch_scissors/fitted/scissors-set2 (278).npy
paper,paper,paper (5),val,./dataset/skeleton_final_v2/paper/paper (5).npy,./batch_paper/fitted/paper (5).npy
ok,ok,ok_Set2_ (32),val,./dataset/skeleton_final_v2/ok/ok_Set2_ (32).npy,./batch_ok/fitted/ok_Set2_ (32).npy
scissors,scissors,scissors-set2 (227),val,./dataset/skeleton_final_v2/scissors/scissors-set2 (227).npy,./batch_scissors/fitted/scissors-set2 (227).npy
rock,rock,rock-set2 (350),val,./dataset/skeleton_final_v2/rock/rock-set2 (350).npy,./batch_rock/fitted/rock-set2 (350).npy
paper,paper,paper_7928,val,./dataset/skeleton_final_v2/paper/paper_7928.npy,./batch_paper/fitted/paper_7928.npy
thumb,thumbdown,hand-7-1600,val,./dataset/skeleton_final_v2/thumbdown/hand-7-1600.npy,./data/salux_refined_6cls/thumb_sources/thumbdown/fitted/hand-7-1600.npy
thumb,thumbdown,thumbdown_5318,val,./dataset/skeleton_final_v2/thumbdown/thumbdown_5318.npy,./data/salux_refined_6cls/thumb_sources/thumbdown/fitted/thumbdown_5318.npy
ok,ok,ok (6),val,./dataset/skeleton_final_v2/ok/ok (6).npy,./batch_ok/fitted/ok (6).npy
paper,paper,paper_1039,val,./dataset/skeleton_final_v2/paper/paper_1039.npy,./batch_paper/fitted/paper_1039.npy
paper,paper,paper-set2 (478),val,./dataset/skeleton_final_v2/paper/paper-set2 (478).npy,./batch_paper/fitted/paper-set2 (478).npy
ok,ok,ok_Set2_ (154),val,./dataset/skeleton_final_v2/ok/ok_Set2_ (154).npy,./batch_ok/fitted/ok_Set2_ (154).npy
thumb,thumbup,thumbup (104),val,./dataset/skeleton_final_v2/thumbup/thumbup (104).npy,./data/salux_refined_6cls/thumb_sources/thumbup/fitted/thumbup (104).npy
ok,ok,ok (208),val,./dataset/skeleton_final_v2/ok/ok (208).npy,./batch_ok/fitted/ok (208).npy
scissors,scissors,scissors_763,val,./dataset/skeleton_final_v2/scissors/scissors_763.npy,./batch_scissors/fitted/scissors_763.npy
paper,paper,paper-set2 (179),val,./dataset/skeleton_final_v2/paper/paper-set2 (179).npy,./batch_paper/fitted/paper-set2 (179).npy
ok,ok,ok_Set2_ (54),val,./dataset/skeleton_final_v2/ok/ok_Set2_ (54).npy,./batch_ok/fitted/ok_Set2_ (54).npy
thumb,thumbup,thumbup_1698,val,./dataset/skeleton_final_v2/thumbup/thumbup_1698.npy,./data/salux_refined_6cls/thumb_sources/thumbup/fitted/thumbup_1698.npy
thumb,thumbdown,thumbdown_4397,val,./dataset/skeleton_final_v2/thumbdown/thumbdown_4397.npy,./data/salux_refined_6cls/thumb_sources/thumbdown/fitted/thumbdown_4397.npy
thumb,thumbup,thumbup (423),val,./dataset/skeleton_final_v2/thumbup/thumbup (423).npy,./data/salux_refined_6cls/thumb_sources/thumbup/fitted/thumbup (423).npy
thumb,thumbup,thumbup_8110,val,./dataset/skeleton_final_v2/thumbup/thumbup_8110.npy,./data/salux_refined_6cls/thumb_sources/thumbup/fitted/thumbup_8110.npy
thumb,thumbup,thumbup (265),val,./dataset/skeleton_final_v2/thumbup/thumbup (265).npy,./data/salux_refined_6cls/thumb_sources/thumbup/fitted/thumbup (265).npy
the-finger,the-finger,the-finger-set2 (28),val,./dataset/skeleton_final_v2/the-finger/the-finger-set2 (28).npy,./batch_thefinger/fitted/the-finger-set2 (28).npy
scissors,scissors,scissors-set2 (94),val,./dataset/skeleton_final_v2/scissors/scissors-set2 (94).npy,./batch_scissors/fitted/scissors-set2 (94).npy
ok,ok,ok_Set2_ (159),val,./dataset/skeleton_final_v2/ok/ok_Set2_ (159).npy,./batch_ok/fitted/ok_Set2_ (159).npy
the-finger,the-finger,the-finger (160),val,./dataset/skeleton_final_v2/the-finger/the-finger (160).npy,./batch_thefinger/fitted/the-finger (160).npy
thumb,thumbdown,thumbdown_847,val,./dataset/skeleton_final_v2/thumbdown/thumbdown_847.npy,./data/salux_refined_6cls/thumb_sources/thumbdown/fitted/thumbdown_847.npy
ok,ok,ok_2908,val,./dataset/skeleton_final_v2/ok/ok_2908.npy,./batch_ok/fitted/ok_2908.npy
rock,rock,rock-set2 (7),val,./dataset/skeleton_final_v2/rock/rock-set2 (7).npy,./batch_rock/fitted/rock-set2 (7).npy
thumb,thumbdown,thumbdown (214),val,./dataset/skeleton_final_v2/thumbdown/thumbdown (214).npy,./data/salux_refined_6cls/thumb_sources/thumbdown/fitted/thumbdown (214).npy
the-finger,the-finger,the-finger_7100,val,./dataset/skeleton_final_v2/the-finger/the-finger_7100.npy,./batch_thefinger/fitted/the-finger_7100.npy
the-finger,the-finger,the-finger (115),val,./dataset/skeleton_final_v2/the-finger/the-finger (115).npy,./batch_thefinger/fitted/the-finger (115).npy
paper,paper,paper_3769,val,./dataset/skeleton_final_v2/paper/paper_3769.npy,./batch_paper/fitted/paper_3769.npy
the-finger,the-finger,the-finger_5851,val,./dataset/skeleton_final_v2/the-finger/the-finger_5851.npy,./batch_thefinger/fitted/the-finger_5851.npy
thumb,thumbdown,thumbdown (285),val,./dataset/skeleton_final_v2/thumbdown/thumbdown (285).npy,./data/salux_refined_6cls/thumb_sources/thumbdown/fitted/thumbdown (285).npy
thumb,thumbup,hand-10-235,val,./dataset/skeleton_final_v2/thumbup/hand-10-235.npy,./data/salux_refined_6cls/thumb_sources/thumbup/fitted/hand-10-235.npy
the-finger,the-finger,the-finger-set2 (312),val,./dataset/skeleton_final_v2/the-finger/the-finger-set2 (312).npy,./batch_thefinger/fitted/the-finger-set2 (312).npy
thumb,thumbdown,hand-11-815,val,./dataset/skeleton_final_v2/thumbdown/hand-11-815.npy,./data/salux_refined_6cls/thumb_sources/thumbdown/fitted/hand-11-815.npy
paper,paper,paper (289),val,./dataset/skeleton_final_v2/paper/paper (289).npy,./batch_paper/fitted/paper (289).npy
paper,paper,paper_1448,val,./dataset/skeleton_final_v2/paper/paper_1448.npy,./batch_paper/fitted/paper_1448.npy
thumb,thumbdown,thumbdown_867,val,./dataset/skeleton_final_v2/thumbdown/thumbdown_867.npy,./data/salux_refined_6cls/thumb_sources/thumbdown/fitted/thumbdown_867.npy
the-finger,the-finger,the-finger-set2 (240),val,./dataset/skeleton_final_v2/the-finger/the-finger-set2 (240).npy,./batch_thefinger/fitted/the-finger-set2 (240).npy
thumb,thumbdown,thumbdown (64),val,./dataset/skeleton_final_v2/thumbdown/thumbdown (64).npy,./data/salux_refined_6cls/thumb_sources/thumbdown/fitted/thumbdown (64).npy
rock,rock,rock (84),val,./dataset/skeleton_final_v2/rock/rock (84).npy,./batch_rock/fitted/rock (84).npy
scissors,scissors,scissors-set2 (414),val,./dataset/skeleton_final_v2/scissors/scissors-set2 (414).npy,./batch_scissors/fitted/scissors-set2 (414).npy
thumb,thumbdown,thumbdown (101),val,./dataset/skeleton_final_v2/thumbdown/thumbdown (101).npy,./data/salux_refined_6cls/thumb_sources/thumbdown/fitted/thumbdown (101).npy
scissors,scissors,scissors-set2 (31),val,./dataset/skeleton_final_v2/scissors/scissors-set2 (31).npy,./batch_scissors/fitted/scissors-set2 (31).npy
thumb,thumbdown,hand-10-600,val,./dataset/skeleton_final_v2/thumbdown/hand-10-600.npy,./data/salux_refined_6cls/thumb_sources/thumbdown/fitted/hand-10-600.npy
paper,paper,paper (132),val,./dataset/skeleton_final_v2/paper/paper (132).npy,./batch_paper/fitted/paper (132).npy
paper,paper,paper-set2 (172),val,./dataset/skeleton_final_v2/paper/paper-set2 (172).npy,./batch_paper/fitted/paper-set2 (172).npy
scissors,scissors,scissors_8818,val,./dataset/skeleton_final_v2/scissors/scissors_8818.npy,./batch_scissors/fitted/scissors_8818.npy
scissors,scissors,scissors (161),val,./dataset/skeleton_final_v2/scissors/scissors (161).npy,./batch_scissors/fitted/scissors (161).npy
ok,ok,ok_Set2_ (432),val,./dataset/skeleton_final_v2/ok/ok_Set2_ (432).npy,./batch_ok/fitted/ok_Set2_ (432).npy
scissors,scissors,scissors_9184,val,./dataset/skeleton_final_v2/scissors/scissors_9184.npy,./batch_scissors/fitted/scissors_9184.npy
the-finger,the-finger,the-finger-set2 (356),val,./dataset/skeleton_final_v2/the-finger/the-finger-set2 (356).npy,./batch_thefinger/fitted/the-finger-set2 (356).npy
scissors,scissors,scissors-set2 (130),val,./dataset/skeleton_final_v2/scissors/scissors-set2 (130).npy,./batch_scissors/fitted/scissors-set2 (130).npy
ok,ok,ok_Set2_ (506),val,./dataset/skeleton_final_v2/ok/ok_Set2_ (506).npy,./batch_ok/fitted/ok_Set2_ (506).npy
thumb,thumbdown,thumbdown_5838,val,./dataset/skeleton_final_v2/thumbdown/thumbdown_5838.npy,./data/salux_refined_6cls/thumb_sources/thumbdown/fitted/thumbdown_5838.npy
scissors,scissors,scissors_3892,val,./dataset/skeleton_final_v2/scissors/scissors_3892.npy,./batch_scissors/fitted/scissors_3892.npy
thumb,thumbup,thumbup_136,val,./dataset/skeleton_final_v2/thumbup/thumbup_136.npy,./data/salux_refined_6cls/thumb_sources/thumbup/fitted/thumbup_136.npy
scissors,scissors,scissors-set2 (695),val,./dataset/skeleton_final_v2/scissors/scissors-set2 (695).npy,./batch_scissors/fitted/scissors-set2 (695).npy
the-finger,the-finger,the-finger-set2 (226),val,./dataset/skeleton_final_v2/the-finger/the-finger-set2 (226).npy,./batch_thefinger/fitted/the-finger-set2 (226).npy
the-finger,the-finger,the-finger (124),val,./dataset/skeleton_final_v2/the-finger/the-finger (124).npy,./batch_thefinger/fitted/the-finger (124).npy
the-finger,the-finger,the-finger_1752,val,./dataset/skeleton_final_v2/the-finger/the-finger_1752.npy,./batch_thefinger/fitted/the-finger_1752.npy
the-finger,the-finger,the-finger-set2 (211),val,./dataset/skeleton_final_v2/the-finger/the-finger-set2 (211).npy,./batch_thefinger/fitted/the-finger-set2 (211).npy
paper,paper,paper_3675,val,./dataset/skeleton_final_v2/paper/paper_3675.npy,./batch_paper/fitted/paper_3675.npy
thumb,thumbdown,thumbdown (69),val,./dataset/skeleton_final_v2/thumbdown/thumbdown (69).npy,./data/salux_refined_6cls/thumb_sources/thumbdown/fitted/thumbdown (69).npy
scissors,scissors,scissors_3859,val,./dataset/skeleton_final_v2/scissors/scissors_3859.npy,./batch_scissors/fitted/scissors_3859.npy
scissors,scissors,scissors-set2 (315),val,./dataset/skeleton_final_v2/scissors/scissors-set2 (315).npy,./batch_scissors/fitted/scissors-set2 (315).npy
thumb,thumbup,thumbup (297),val,./dataset/skeleton_final_v2/thumbup/thumbup (297).npy,./data/salux_refined_6cls/thumb_sources/thumbup/fitted/thumbup (297).npy
scissors,scissors,scissors_1482,val,./dataset/skeleton_final_v2/scissors/scissors_1482.npy,./batch_scissors/fitted/scissors_1482.npy
thumb,thumbup,thumbup (421),val,./dataset/skeleton_final_v2/thumbup/thumbup (421).npy,./data/salux_refined_6cls/thumb_sources/thumbup/fitted/thumbup (421).npy
scissors,scissors,scissors (320),val,./dataset/skeleton_final_v2/scissors/scissors (320).npy,./batch_scissors/fitted/scissors (320).npy
the-finger,the-finger,the-finger-set2 (263),val,./dataset/skeleton_final_v2/the-finger/the-finger-set2 (263).npy,./batch_thefinger/fitted/the-finger-set2 (263).npy
ok,ok,ok_1185,val,./dataset/skeleton_final_v2/ok/ok_1185.npy,./batch_ok/fitted/ok_1185.npy
paper,paper,paper_3718,val,./dataset/skeleton_final_v2/paper/paper_3718.npy,./batch_paper/fitted/paper_3718.npy
paper,paper,paper-set2 (58),val,./dataset/skeleton_final_v2/paper/paper-set2 (58).npy,./batch_paper/fitted/paper-set2 (58).npy
ok,ok,ok_Set2_ (131),val,./dataset/skeleton_final_v2/ok/ok_Set2_ (131).npy,./batch_ok/fitted/ok_Set2_ (131).npy
the-finger,the-finger,the-finger-set2 (361),val,./dataset/skeleton_final_v2/the-finger/the-finger-set2 (361).npy,./batch_thefinger/fitted/the-finger-set2 (361).npy
scissors,scissors,scissors-set2 (476),val,./dataset/skeleton_final_v2/scissors/scissors-set2 (476).npy,./batch_scissors/fitted/scissors-set2 (476).npy
the-finger,the-finger,the-finger (80),val,./dataset/skeleton_final_v2/the-finger/the-finger (80).npy,./batch_thefinger/fitted/the-finger (80).npy
ok,ok,ok_1542,val,./dataset/skeleton_final_v2/ok/ok_1542.npy,./batch_ok/fitted/ok_1542.npy
scissors,scissors,scissors-set2 (374),val,./dataset/skeleton_final_v2/scissors/scissors-set2 (374).npy,./batch_scissors/fitted/scissors-set2 (374).npy
thumb,thumbdown,hand-9-2040,val,./dataset/skeleton_final_v2/thumbdown/hand-9-2040.npy,./data/salux_refined_6cls/thumb_sources/thumbdown/fitted/hand-9-2040.npy
thumb,thumbdown,hand-9-2010,val,./dataset/skeleton_final_v2/thumbdown/hand-9-2010.npy,./data/salux_refined_6cls/thumb_sources/thumbdown/fitted/hand-9-2010.npy
ok,ok,ok_Set2_ (451),val,./dataset/skeleton_final_v2/ok/ok_Set2_ (451).npy,./batch_ok/fitted/ok_Set2_ (451).npy
ok,ok,ok_Set2_ (510),val,./dataset/skeleton_final_v2/ok/ok_Set2_ (510).npy,./batch_ok/fitted/ok_Set2_ (510).npy
scissors,scissors,scissors-set2 (457),val,./dataset/skeleton_final_v2/scissors/scissors-set2 (457).npy,./batch_scissors/fitted/scissors-set2 (457).npy
the-finger,the-finger,the-finger_5380,val,./dataset/skeleton_final_v2/the-finger/the-finger_5380.npy,./batch_thefinger/fitted/the-finger_5380.npy
the-finger,the-finger,the-finger_5840,val,./dataset/skeleton_final_v2/the-finger/the-finger_5840.npy,./batch_thefinger/fitted/the-finger_5840.npy
the-finger,the-finger,the-finger-set2 (10),val,./dataset/skeleton_final_v2/the-finger/the-finger-set2 (10).npy,./batch_thefinger/fitted/the-finger-set2 (10).npy
rock,rock,rock-set2 (4),val,./dataset/skeleton_final_v2/rock/rock-set2 (4).npy,./batch_rock/fitted/rock-set2 (4).npy
ok,ok,ok_Set2_ (381),val,./dataset/skeleton_final_v2/ok/ok_Set2_ (381).npy,./batch_ok/fitted/ok_Set2_ (381).npy
scissors,scissors,scissors_2593,val,./dataset/skeleton_final_v2/scissors/scissors_2593.npy,./batch_scissors/fitted/scissors_2593.npy
ok,ok,ok_Set2_ (559),val,./dataset/skeleton_final_v2/ok/ok_Set2_ (559).npy,./batch_ok/fitted/ok_Set2_ (559).npy
thumb,thumbup,thumbup (74),val,./dataset/skeleton_final_v2/thumbup/thumbup (74).npy,./data/salux_refined_6cls/thumb_sources/thumbup/fitted/thumbup (74).npy
thumb,thumbdown,hand-11-745,val,./dataset/skeleton_final_v2/thumbdown/hand-11-745.npy,./data/salux_refined_6cls/thumb_sources/thumbdown/fitted/hand-11-745.npy
paper,paper,paper_750,val,./dataset/skeleton_final_v2/paper/paper_750.npy,./batch_paper/fitted/paper_750.npy
ok,ok,ok_1606,val,./dataset/skeleton_final_v2/ok/ok_1606.npy,./batch_ok/fitted/ok_1606.npy
thumb,thumbdown,hand-7-1560,val,./dataset/skeleton_final_v2/thumbdown/hand-7-1560.npy,./data/salux_refined_6cls/thumb_sources/thumbdown/fitted/hand-7-1560.npy
scissors,scissors,scissors (94),val,./dataset/skeleton_final_v2/scissors/scissors (94).npy,./batch_scissors/fitted/scissors (94).npy
rock,rock,rock (26),val,./dataset/skeleton_final_v2/rock/rock (26).npy,./batch_rock/fitted/rock (26).npy
the-finger,the-finger,the-finger_6275,val,./dataset/skeleton_final_v2/the-finger/the-finger_6275.npy,./batch_thefinger/fitted/the-finger_6275.npy
rock,rock,rock (14),val,./dataset/skeleton_final_v2/rock/rock (14).npy,./batch_rock/fitted/rock (14).npy
paper,paper,paper (174),val,./dataset/skeleton_final_v2/paper/paper (174).npy,./batch_paper/fitted/paper (174).npy
rock,rock,rock-set2 (421),val,./dataset/skeleton_final_v2/rock/rock-set2 (421).npy,./batch_rock/fitted/rock-set2 (421).npy
scissors,scissors,scissors (162),val,./dataset/skeleton_final_v2/scissors/scissors (162).npy,./batch_scissors/fitted/scissors (162).npy
ok,ok,ok_5773,val,./dataset/skeleton_final_v2/ok/ok_5773.npy,./batch_ok/fitted/ok_5773.npy
ok,ok,ok (101),val,./dataset/skeleton_final_v2/ok/ok (101).npy,./batch_ok/fitted/ok (101).npy
paper,paper,paper_6125,val,./dataset/skeleton_final_v2/paper/paper_6125.npy,./batch_paper/fitted/paper_6125.npy
scissors,scissors,scissors-set2 (35),val,./dataset/skeleton_final_v2/scissors/scissors-set2 (35).npy,./batch_scissors/fitted/scissors-set2 (35).npy
paper,paper,paper_3729,val,./dataset/skeleton_final_v2/paper/paper_3729.npy,./batch_paper/fitted/paper_3729.npy
paper,paper,paper-set2 (270),val,./dataset/skeleton_final_v2/paper/paper-set2 (270).npy,./batch_paper/fitted/paper-set2 (270).npy
scissors,scissors,scissors-set2 (62),val,./dataset/skeleton_final_v2/scissors/scissors-set2 (62).npy,./batch_scissors/fitted/scissors-set2 (62).npy
thumb,thumbup,hand-7-1410,val,./dataset/skeleton_final_v2/thumbup/hand-7-1410.npy,./data/salux_refined_6cls/thumb_sources/thumbup/fitted/hand-7-1410.npy
thumb,thumbup,thumbup_8960,val,./dataset/skeleton_final_v2/thumbup/thumbup_8960.npy,./data/salux_refined_6cls/thumb_sources/thumbup/fitted/thumbup_8960.npy
scissors,scissors,scissors-set2 (595),val,./dataset/skeleton_final_v2/scissors/scissors-set2 (595).npy,./batch_scissors/fitted/scissors-set2 (595).npy
ok,ok,ok_6989,val,./dataset/skeleton_final_v2/ok/ok_6989.npy,./batch_ok/fitted/ok_6989.npy
rock,rock,rock-set2 (437),val,./dataset/skeleton_final_v2/rock/rock-set2 (437).npy,./batch_rock/fitted/rock-set2 (437).npy
paper,paper,paper_6703,val,./dataset/skeleton_final_v2/paper/paper_6703.npy,./batch_paper/fitted/paper_6703.npy
scissors,scissors,scissors (462),val,./dataset/skeleton_final_v2/scissors/scissors (462).npy,./batch_scissors/fitted/scissors (462).npy
rock,rock,rock-set2 (66),val,./dataset/skeleton_final_v2/rock/rock-set2 (66).npy,./batch_rock/fitted/rock-set2 (66).npy
thumb,thumbup,thumbup (234),val,./dataset/skeleton_final_v2/thumbup/thumbup (234).npy,./data/salux_refined_6cls/thumb_sources/thumbup/fitted/thumbup (234).npy
ok,ok,ok_Set2_ (22),val,./dataset/skeleton_final_v2/ok/ok_Set2_ (22).npy,./batch_ok/fitted/ok_Set2_ (22).npy
thumb,thumbup,thumbup_2079,val,./dataset/skeleton_final_v2/thumbup/thumbup_2079.npy,./data/salux_refined_6cls/thumb_sources/thumbup/fitted/thumbup_2079.npy
thumb,thumbup,thumbup (93),val,./dataset/skeleton_final_v2/thumbup/thumbup (93).npy,./data/salux_refined_6cls/thumb_sources/thumbup/fitted/thumbup (93).npy
ok,ok,ok_1608,val,./dataset/skeleton_final_v2/ok/ok_1608.npy,./batch_ok/fitted/ok_1608.npy
the-finger,the-finger,the-finger-set2 (68),val,./dataset/skeleton_final_v2/the-finger/the-finger-set2 (68).npy,./batch_thefinger/fitted/the-finger-set2 (68).npy
the-finger,the-finger,the-finger-set2 (384),val,./dataset/skeleton_final_v2/the-finger/the-finger-set2 (384).npy,./batch_thefinger/fitted/the-finger-set2 (384).npy
scissors,scissors,scissors-set2 (349),val,./dataset/skeleton_final_v2/scissors/scissors-set2 (349).npy,./batch_scissors/fitted/scissors-set2 (349).npy
ok,ok,ok_Set2_ (53),val,./dataset/skeleton_final_v2/ok/ok_Set2_ (53).npy,./batch_ok/fitted/ok_Set2_ (53).npy
ok,ok,ok (129),val,./dataset/skeleton_final_v2/ok/ok (129).npy,./batch_ok/fitted/ok (129).npy
thumb,thumbup,thumbup (452),val,./dataset/skeleton_final_v2/thumbup/thumbup (452).npy,./data/salux_refined_6cls/thumb_sources/thumbup/fitted/thumbup (452).npy
thumb,thumbup,thumbup_1690,val,./dataset/skeleton_final_v2/thumbup/thumbup_1690.npy,./data/salux_refined_6cls/thumb_sources/thumbup/fitted/thumbup_1690.npy
thumb,thumbup,thumbup (184),val,./dataset/skeleton_final_v2/thumbup/thumbup (184).npy,./data/salux_refined_6cls/thumb_sources/thumbup/fitted/thumbup (184).npy
thumb,thumbdown,hand-10-80,val,./dataset/skeleton_final_v2/thumbdown/hand-10-80.npy,./data/salux_refined_6cls/thumb_sources/thumbdown/fitted/hand-10-80.npy
thumb,thumbup,thumbup (332),val,./dataset/skeleton_final_v2/thumbup/thumbup (332).npy,./data/salux_refined_6cls/thumb_sources/thumbup/fitted/thumbup (332).npy
scissors,scissors,scissors-set2 (724),val,./dataset/skeleton_final_v2/scissors/scissors-set2 (724).npy,./batch_scissors/fitted/scissors-set2 (724).npy
thumb,thumbup,thumbup (439),val,./dataset/skeleton_final_v2/thumbup/thumbup (439).npy,./data/salux_refined_6cls/thumb_sources/thumbup/fitted/thumbup (439).npy
scissors,scissors,scissors-set2 (626),val,./dataset/skeleton_final_v2/scissors/scissors-set2 (626).npy,./batch_scissors/fitted/scissors-set2 (626).npy
rock,rock,rock_11,val,./dataset/skeleton_final_v2/rock/rock_11.npy,./batch_rock/fitted/rock_11.npy
thumb,thumbup,thumbup (487),val,./dataset/skeleton_final_v2/thumbup/thumbup (487).npy,./data/salux_refined_6cls/thumb_sources/thumbup/fitted/thumbup (487).npy
scissors,scissors,scissors-set2 (696),val,./dataset/skeleton_final_v2/scissors/scissors-set2 (696).npy,./batch_scissors/fitted/scissors-set2 (696).npy
ok,ok,ok_6998,val,./dataset/skeleton_final_v2/ok/ok_6998.npy,./batch_ok/fitted/ok_6998.npy
thumb,thumbup,hand-7-1330,val,./dataset/skeleton_final_v2/thumbup/hand-7-1330.npy,./data/salux_refined_6cls/thumb_sources/thumbup/fitted/hand-7-1330.npy
ok,ok,ok (55),val,./dataset/skeleton_final_v2/ok/ok (55).npy,./batch_ok/fitted/ok (55).npy
the-finger,the-finger,the-finger_6070,val,./dataset/skeleton_final_v2/the-finger/the-finger_6070.npy,./batch_thefinger/fitted/the-finger_6070.npy
scissors,scissors,scissors_1079,val,./dataset/skeleton_final_v2/scissors/scissors_1079.npy,./batch_scissors/fitted/scissors_1079.npy
ok,ok,ok_Set2_ (272),val,./dataset/skeleton_final_v2/ok/ok_Set2_ (272).npy,./batch_ok/fitted/ok_Set2_ (272).npy
ok,ok,ok_2716,val,./dataset/skeleton_final_v2/ok/ok_2716.npy,./batch_ok/fitted/ok_2716.npy
thumb,thumbup,thumbup (371),val,./dataset/skeleton_final_v2/thumbup/thumbup (371).npy,./data/salux_refined_6cls/thumb_sources/thumbup/fitted/thumbup (371).npy
the-finger,the-finger,the-finger-set2 (8),val,./dataset/skeleton_final_v2/the-finger/the-finger-set2 (8).npy,./batch_thefinger/fitted/the-finger-set2 (8).npy
scissors,scissors,scissors_450,val,./dataset/skeleton_final_v2/scissors/scissors_450.npy,./batch_scissors/fitted/scissors_450.npy
ok,ok,ok_Set2_ (377),val,./dataset/skeleton_final_v2/ok/ok_Set2_ (377).npy,./batch_ok/fitted/ok_Set2_ (377).npy
thumb,thumbup,thumbup (154),val,./dataset/skeleton_final_v2/thumbup/thumbup (154).npy,./data/salux_refined_6cls/thumb_sources/thumbup/fitted/thumbup (154).npy
rock,rock,rock-set2 (357),val,./dataset/skeleton_final_v2/rock/rock-set2 (357).npy,./batch_rock/fitted/rock-set2 (357).npy
scissors,scissors,scissors-set2 (18),val,./dataset/skeleton_final_v2/scissors/scissors-set2 (18).npy,./batch_scissors/fitted/scissors-set2 (18).npy
paper,paper,paper_6916,val,./dataset/skeleton_final_v2/paper/paper_6916.npy,./batch_paper/fitted/paper_6916.npy
rock,rock,rock_21,val,./dataset/skeleton_final_v2/rock/rock_21.npy,./batch_rock/fitted/rock_21.npy
ok,ok,ok_Set2_ (490),val,./dataset/skeleton_final_v2/ok/ok_Set2_ (490).npy,./batch_ok/fitted/ok_Set2_ (490).npy
thumb,thumbdown,thumbdown (92),val,./dataset/skeleton_final_v2/thumbdown/thumbdown (92).npy,./data/salux_refined_6cls/thumb_sources/thumbdown/fitted/thumbdown (92).npy
thumb,thumbdown,hand-7-1665,val,./dataset/skeleton_final_v2/thumbdown/hand-7-1665.npy,./data/salux_refined_6cls/thumb_sources/thumbdown/fitted/hand-7-1665.npy
paper,paper,paper_2458,val,./dataset/skeleton_final_v2/paper/paper_2458.npy,./batch_paper/fitted/paper_2458.npy
thumb,thumbup,thumbup (273),val,./dataset/skeleton_final_v2/thumbup/thumbup (273).npy,./data/salux_refined_6cls/thumb_sources/thumbup/fitted/thumbup (273).npy
thumb,thumbup,thumbup (341),val,./dataset/skeleton_final_v2/thumbup/thumbup (341).npy,./data/salux_refined_6cls/thumb_sources/thumbup/fitted/thumbup (341).npy
thumb,thumbup,thumbup (115),val,./dataset/skeleton_final_v2/thumbup/thumbup (115).npy,./data/salux_refined_6cls/thumb_sources/thumbup/fitted/thumbup (115).npy
thumb,thumbup,thumbup_5799,val,./dataset/skeleton_final_v2/thumbup/thumbup_5799.npy,./data/salux_refined_6cls/thumb_sources/thumbup/fitted/thumbup_5799.npy
the-finger,the-finger,the-finger_3532,val,./dataset/skeleton_final_v2/the-finger/the-finger_3532.npy,./batch_thefinger/fitted/the-finger_3532.npy
ok,ok,ok_Set2_ (409),val,./dataset/skeleton_final_v2/ok/ok_Set2_ (409).npy,./batch_ok/fitted/ok_Set2_ (409).npy
paper,paper,paper_3816,val,./dataset/skeleton_final_v2/paper/paper_3816.npy,./batch_paper/fitted/paper_3816.npy
the-finger,the-finger,the-finger_2276,val,./dataset/skeleton_final_v2/the-finger/the-finger_2276.npy,./batch_thefinger/fitted/the-finger_2276.npy
thumb,thumbup,thumbup_4154,val,./dataset/skeleton_final_v2/thumbup/thumbup_4154.npy,./data/salux_refined_6cls/thumb_sources/thumbup/fitted/thumbup_4154.npy
scissors,scissors,scissors_3833,val,./dataset/skeleton_final_v2/scissors/scissors_3833.npy,./batch_scissors/fitted/scissors_3833.npy
paper,paper,paper_6350,val,./dataset/skeleton_final_v2/paper/paper_6350.npy,./batch_paper/fitted/paper_6350.npy
thumb,thumbdown,thumbdown (255),val,./dataset/skeleton_final_v2/thumbdown/thumbdown (255).npy,./data/salux_refined_6cls/thumb_sources/thumbdown/fitted/thumbdown (255).npy
ok,ok,ok_5764,val,./dataset/skeleton_final_v2/ok/ok_5764.npy,./batch_ok/fitted/ok_5764.npy
ok,ok,ok_Set2_ (355),val,./dataset/skeleton_final_v2/ok/ok_Set2_ (355).npy,./batch_ok/fitted/ok_Set2_ (355).npy
thumb,thumbdown,hand-10-515,val,./dataset/skeleton_final_v2/thumbdown/hand-10-515.npy,./data/salux_refined_6cls/thumb_sources/thumbdown/fitted/hand-10-515.npy
the-finger,the-finger,the-finger_6478,val,./dataset/skeleton_final_v2/the-finger/the-finger_6478.npy,./batch_thefinger/fitted/the-finger_6478.npy
paper,paper,paper-set2 (497),val,./dataset/skeleton_final_v2/paper/paper-set2 (497).npy,./batch_paper/fitted/paper-set2 (497).npy
thumb,thumbup,hand-7-1325,val,./dataset/skeleton_final_v2/thumbup/hand-7-1325.npy,./data/salux_refined_6cls/thumb_sources/thumbup/fitted/hand-7-1325.npy
paper,paper,paper-set2 (123),val,./dataset/skeleton_final_v2/paper/paper-set2 (123).npy,./batch_paper/fitted/paper-set2 (123).npy
thumb,thumbup,thumbup (300),val,./dataset/skeleton_final_v2/thumbup/thumbup (300).npy,./data/salux_refined_6cls/thumb_sources/thumbup/fitted/thumbup (300).npy
thumb,thumbdown,hand-11-810,val,./dataset/skeleton_final_v2/thumbdown/hand-11-810.npy,./data/salux_refined_6cls/thumb_sources/thumbdown/fitted/hand-11-810.npy
thumb,thumbup,thumbup_4168,val,./dataset/skeleton_final_v2/thumbup/thumbup_4168.npy,./data/salux_refined_6cls/thumb_sources/thumbup/fitted/thumbup_4168.npy
scissors,scissors,scissors-set2 (455),val,./dataset/skeleton_final_v2/scissors/scissors-set2 (455).npy,./batch_scissors/fitted/scissors-set2 (455).npy
scissors,scissors,scissors_5741,val,./dataset/skeleton_final_v2/scissors/scissors_5741.npy,./batch_scissors/fitted/scissors_5741.npy
thumb,thumbup,thumbup_6222,val,./dataset/skeleton_final_v2/thumbup/thumbup_6222.npy,./data/salux_refined_6cls/thumb_sources/thumbup/fitted/thumbup_6222.npy
ok,ok,ok (54),val,./dataset/skeleton_final_v2/ok/ok (54).npy,./batch_ok/fitted/ok (54).npy
the-finger,the-finger,the-finger_225,val,./dataset/skeleton_final_v2/the-finger/the-finger_225.npy,./batch_thefinger/fitted/the-finger_225.npy
ok,ok,ok_Set2_ (21),val,./dataset/skeleton_final_v2/ok/ok_Set2_ (21).npy,./batch_ok/fitted/ok_Set2_ (21).npy
ok,ok,ok_Set2_ (399),val,./dataset/skeleton_final_v2/ok/ok_Set2_ (399).npy,./batch_ok/fitted/ok_Set2_ (399).npy
the-finger,the-finger,the-finger_231,val,./dataset/skeleton_final_v2/the-finger/the-finger_231.npy,./batch_thefinger/fitted/the-finger_231.npy
thumb,thumbdown,thumbdown (84),val,./dataset/skeleton_final_v2/thumbdown/thumbdown (84).npy,./data/salux_refined_6cls/thumb_sources/thumbdown/fitted/thumbdown (84).npy
scissors,scissors,scissors-set2 (188),val,./dataset/skeleton_final_v2/scissors/scissors-set2 (188).npy,./batch_scissors/fitted/scissors-set2 (188).npy
scissors,scissors,scissors-set2 (199),val,./dataset/skeleton_final_v2/scissors/scissors-set2 (199).npy,./batch_scissors/fitted/scissors-set2 (199).npy
thumb,thumbdown,thumbdown (129),val,./dataset/skeleton_final_v2/thumbdown/thumbdown (129).npy,./data/salux_refined_6cls/thumb_sources/thumbdown/fitted/thumbdown (129).npy
rock,rock,rock (178),val,./dataset/skeleton_final_v2/rock/rock (178).npy,./batch_rock/fitted/rock (178).npy
the-finger,the-finger,the-finger-set2 (368),val,./dataset/skeleton_final_v2/the-finger/the-finger-set2 (368).npy,./batch_thefinger/fitted/the-finger-set2 (368).npy
paper,paper,paper-set2 (349),val,./dataset/skeleton_final_v2/paper/paper-set2 (349).npy,./batch_paper/fitted/paper-set2 (349).npy
rock,rock,rock (150),val,./dataset/skeleton_final_v2/rock/rock (150).npy,./batch_rock/fitted/rock (150).npy
paper,paper,paper (224),val,./dataset/skeleton_final_v2/paper/paper (224).npy,./batch_paper/fitted/paper (224).npy
scissors,scissors,scissors-set2 (343),val,./dataset/skeleton_final_v2/scissors/scissors-set2 (343).npy,./batch_scissors/fitted/scissors-set2 (343).npy
scissors,scissors,scissors_7659,val,./dataset/skeleton_final_v2/scissors/scissors_7659.npy,./batch_scissors/fitted/scissors_7659.npy
scissors,scissors,scissors (179),val,./dataset/skeleton_final_v2/scissors/scissors (179).npy,./batch_scissors/fitted/scissors (179).npy
scissors,scissors,scissors-set2 (465),val,./dataset/skeleton_final_v2/scissors/scissors-set2 (465).npy,./batch_scissors/fitted/scissors-set2 (465).npy
ok,ok,ok_1167,val,./dataset/skeleton_final_v2/ok/ok_1167.npy,./batch_ok/fitted/ok_1167.npy
the-finger,the-finger,the-finger_6458,val,./dataset/skeleton_final_v2/the-finger/the-finger_6458.npy,./batch_thefinger/fitted/the-finger_6458.npy
the-finger,the-finger,the-finger_7487,val,./dataset/skeleton_final_v2/the-finger/the-finger_7487.npy,./batch_thefinger/fitted/the-finger_7487.npy
scissors,scissors,scissors_6146,val,./dataset/skeleton_final_v2/scissors/scissors_6146.npy,./batch_scissors/fitted/scissors_6146.npy
ok,ok,ok_Set2_ (307),val,./dataset/skeleton_final_v2/ok/ok_Set2_ (307).npy,./batch_ok/fitted/ok_Set2_ (307).npy
rock,rock,rock-set2 (165),val,./dataset/skeleton_final_v2/rock/rock-set2 (165).npy,./batch_rock/fitted/rock-set2 (165).npy
the-finger,the-finger,the-finger_618,val,./dataset/skeleton_final_v2/the-finger/the-finger_618.npy,./batch_thefinger/fitted/the-finger_618.npy
paper,paper,paper_5474,val,./dataset/skeleton_final_v2/paper/paper_5474.npy,./batch_paper/fitted/paper_5474.npy
scissors,scissors,scissors-set2 (165),val,./dataset/skeleton_final_v2/scissors/scissors-set2 (165).npy,./batch_scissors/fitted/scissors-set2 (165).npy
ok,ok,ok_6385,val,./dataset/skeleton_final_v2/ok/ok_6385.npy,./batch_ok/fitted/ok_6385.npy
scissors,scissors,scissors-set2 (405),val,./dataset/skeleton_final_v2/scissors/scissors-set2 (405).npy,./batch_scissors/fitted/scissors-set2 (405).npy
thumb,thumbup,thumbup_3006,val,./dataset/skeleton_final_v2/thumbup/thumbup_3006.npy,./data/salux_refined_6cls/thumb_sources/thumbup/fitted/thumbup_3006.npy
thumb,thumbup,thumbup_6207,val,./dataset/skeleton_final_v2/thumbup/thumbup_6207.npy,./data/salux_refined_6cls/thumb_sources/thumbup/fitted/thumbup_6207.npy
thumb,thumbdown,thumbdown_535,val,./dataset/skeleton_final_v2/thumbdown/thumbdown_535.npy,./data/salux_refined_6cls/thumb_sources/thumbdown/fitted/thumbdown_535.npy
the-finger,the-finger,the-finger-set2 (305),val,./dataset/skeleton_final_v2/the-finger/the-finger-set2 (305).npy,./batch_thefinger/fitted/the-finger-set2 (305).npy
ok,ok,ok_6185,val,./dataset/skeleton_final_v2/ok/ok_6185.npy,./batch_ok/fitted/ok_6185.npy
the-finger,the-finger,the-finger_6066,val,./dataset/skeleton_final_v2/the-finger/the-finger_6066.npy,./batch_thefinger/fitted/the-finger_6066.npy
thumb,thumbup,thumbup (214),val,./dataset/skeleton_final_v2/thumbup/thumbup (214).npy,./data/salux_refined_6cls/thumb_sources/thumbup/fitted/thumbup (214).npy
scissors,scissors,scissors_6362,val,./dataset/skeleton_final_v2/scissors/scissors_6362.npy,./batch_scissors/fitted/scissors_6362.npy
scissors,scissors,scissors-set2 (378),val,./dataset/skeleton_final_v2/scissors/scissors-set2 (378).npy,./batch_scissors/fitted/scissors-set2 (378).npy
the-finger,the-finger,the-finger_5858,val,./dataset/skeleton_final_v2/the-finger/the-finger_5858.npy,./batch_thefinger/fitted/the-finger_5858.npy
paper,paper,paper-set2 (480),val,./dataset/skeleton_final_v2/paper/paper-set2 (480).npy,./batch_paper/fitted/paper-set2 (480).npy
scissors,scissors,scissors-set2 (631),val,./dataset/skeleton_final_v2/scissors/scissors-set2 (631).npy,./batch_scissors/fitted/scissors-set2 (631).npy
thumb,thumbup,thumbup (73),val,./dataset/skeleton_final_v2/thumbup/thumbup (73).npy,./data/salux_refined_6cls/thumb_sources/thumbup/fitted/thumbup (73).npy
ok,ok,ok_Set2_ (439),val,./dataset/skeleton_final_v2/ok/ok_Set2_ (439).npy,./batch_ok/fitted/ok_Set2_ (439).npy
paper,paper,paper (89),val,./dataset/skeleton_final_v2/paper/paper (89).npy,./batch_paper/fitted/paper (89).npy
ok,ok,ok_Set2_ (564),val,./dataset/skeleton_final_v2/ok/ok_Set2_ (564).npy,./batch_ok/fitted/ok_Set2_ (564).npy
the-finger,the-finger,the-finger (89),val,./dataset/skeleton_final_v2/the-finger/the-finger (89).npy,./batch_thefinger/fitted/the-finger (89).npy
paper,paper,paper (225),val,./dataset/skeleton_final_v2/paper/paper (225).npy,./batch_paper/fitted/paper (225).npy
ok,ok,ok (174),val,./dataset/skeleton_final_v2/ok/ok (174).npy,./batch_ok/fitted/ok (174).npy
thumb,thumbup,thumbup (118),val,./dataset/skeleton_final_v2/thumbup/thumbup (118).npy,./data/salux_refined_6cls/thumb_sources/thumbup/fitted/thumbup (118).npy
thumb,thumbdown,thumbdown_9022,val,./dataset/skeleton_final_v2/thumbdown/thumbdown_9022.npy,./data/salux_refined_6cls/thumb_sources/thumbdown/fitted/thumbdown_9022.npy
thumb,thumbdown,hand-11-725,val,./dataset/skeleton_final_v2/thumbdown/hand-11-725.npy,./data/salux_refined_6cls/thumb_sources/thumbdown/fitted/hand-11-725.npy
rock,rock,rock-set2 (174),val,./dataset/skeleton_final_v2/rock/rock-set2 (174).npy,./batch_rock/fitted/rock-set2 (174).npy
thumb,thumbup,thumbup (494),val,./dataset/skeleton_final_v2/thumbup/thumbup (494).npy,./data/salux_refined_6cls/thumb_sources/thumbup/fitted/thumbup (494).npy
scissors,scissors,scissors-set2 (344),val,./dataset/skeleton_final_v2/scissors/scissors-set2 (344).npy,./batch_scissors/fitted/scissors-set2 (344).npy
thumb,thumbdown,thumbdown (332),val,./dataset/skeleton_final_v2/thumbdown/thumbdown (332).npy,./data/salux_refined_6cls/thumb_sources/thumbdown/fitted/thumbdown (332).npy
paper,paper,paper (263),val,./dataset/skeleton_final_v2/paper/paper (263).npy,./batch_paper/fitted/paper (263).npy
the-finger,the-finger,the-finger_7087,val,./dataset/skeleton_final_v2/the-finger/the-finger_7087.npy,./batch_thefinger/fitted/the-finger_7087.npy
scissors,scissors,scissors-set2 (319),val,./dataset/skeleton_final_v2/scissors/scissors-set2 (319).npy,./batch_scissors/fitted/scissors-set2 (319).npy
ok,ok,ok_2796,val,./dataset/skeleton_final_v2/ok/ok_2796.npy,./batch_ok/fitted/ok_2796.npy
ok,ok,ok_Set2_ (396),val,./dataset/skeleton_final_v2/ok/ok_Set2_ (396).npy,./batch_ok/fitted/ok_Set2_ (396).npy
scissors,scissors,scissors_9192,val,./dataset/skeleton_final_v2/scissors/scissors_9192.npy,./batch_scissors/fitted/scissors_9192.npy
thumb,thumbup,hand-11-525,val,./dataset/skeleton_final_v2/thumbup/hand-11-525.npy,./data/salux_refined_6cls/thumb_sources/thumbup/fitted/hand-11-525.npy
paper,paper,paper_6523,val,./dataset/skeleton_final_v2/paper/paper_6523.npy,./batch_paper/fitted/paper_6523.npy
thumb,thumbup,thumbup (325),val,./dataset/skeleton_final_v2/thumbup/thumbup (325).npy,./data/salux_refined_6cls/thumb_sources/thumbup/fitted/thumbup (325).npy
paper,paper,paper_364,val,./dataset/skeleton_final_v2/paper/paper_364.npy,./batch_paper/fitted/paper_364.npy
paper,paper,paper_7926,val,./dataset/skeleton_final_v2/paper/paper_7926.npy,./batch_paper/fitted/paper_7926.npy
thumb,thumbdown,thumbdown_570,val,./dataset/skeleton_final_v2/thumbdown/thumbdown_570.npy,./data/salux_refined_6cls/thumb_sources/thumbdown/fitted/thumbdown_570.npy
paper,paper,paper-set2 (347),val,./dataset/skeleton_final_v2/paper/paper-set2 (347).npy,./batch_paper/fitted/paper-set2 (347).npy
ok,ok,ok (137),val,./dataset/skeleton_final_v2/ok/ok (137).npy,./batch_ok/fitted/ok (137).npy
thumb,thumbup,thumbup_6429,val,./dataset/skeleton_final_v2/thumbup/thumbup_6429.npy,./data/salux_refined_6cls/thumb_sources/thumbup/fitted/thumbup_6429.npy
scissors,scissors,scissors_4624,val,./dataset/skeleton_final_v2/scissors/scissors_4624.npy,./batch_scissors/fitted/scissors_4624.npy
rock,rock,rock-set2 (3),val,./dataset/skeleton_final_v2/rock/rock-set2 (3).npy,./batch_rock/fitted/rock-set2 (3).npy
rock,rock,rock_2423,val,./dataset/skeleton_final_v2/rock/rock_2423.npy,./batch_rock/fitted/rock_2423.npy
the-finger,the-finger,the-finger_246,val,./dataset/skeleton_final_v2/the-finger/the-finger_246.npy,./batch_thefinger/fitted/the-finger_246.npy
thumb,thumbup,thumbup_6413,val,./dataset/skeleton_final_v2/thumbup/thumbup_6413.npy,./data/salux_refined_6cls/thumb_sources/thumbup/fitted/thumbup_6413.npy
ok,ok,ok_Set2_ (425),val,./dataset/skeleton_final_v2/ok/ok_Set2_ (425).npy,./batch_ok/fitted/ok_Set2_ (425).npy
paper,paper,paper_5467,val,./dataset/skeleton_final_v2/paper/paper_5467.npy,./batch_paper/fitted/paper_5467.npy
ok,ok,ok_Set2_ (255),val,./dataset/skeleton_final_v2/ok/ok_Set2_ (255).npy,./batch_ok/fitted/ok_Set2_ (255).npy
rock,rock,rock-set2 (423),val,./dataset/skeleton_final_v2/rock/rock-set2 (423).npy,./batch_rock/fitted/rock-set2 (423).npy
thumb,thumbup,thumbup (337),val,./dataset/skeleton_final_v2/thumbup/thumbup (337).npy,./data/salux_refined_6cls/thumb_sources/thumbup/fitted/thumbup (337).npy
thumb,thumbdown,thumbdown (15),val,./dataset/skeleton_final_v2/thumbdown/thumbdown (15).npy,./data/salux_refined_6cls/thumb_sources/thumbdown/fitted/thumbdown (15).npy
paper,paper,paper-set2 (114),val,./dataset/skeleton_final_v2/paper/paper-set2 (114).npy,./batch_paper/fitted/paper-set2 (114).npy
paper,paper,paper_2465,val,./dataset/skeleton_final_v2/paper/paper_2465.npy,./batch_paper/fitted/paper_2465.npy
thumb,thumbdown,thumbdown_2169,val,./dataset/skeleton_final_v2/thumbdown/thumbdown_2169.npy,./data/salux_refined_6cls/thumb_sources/thumbdown/fitted/thumbdown_2169.npy
the-finger,the-finger,the-finger (4),val,./dataset/skeleton_final_v2/the-finger/the-finger (4).npy,./batch_thefinger/fitted/the-finger (4).npy
rock,rock,rock (269),val,./dataset/skeleton_final_v2/rock/rock (269).npy,./batch_rock/fitted/rock (269).npy
ok,ok,ok_2884,val,./dataset/skeleton_final_v2/ok/ok_2884.npy,./batch_ok/fitted/ok_2884.npy
thumb,thumbup,thumbup (240),val,./dataset/skeleton_final_v2/thumbup/thumbup (240).npy,./data/salux_refined_6cls/thumb_sources/thumbup/fitted/thumbup (240).npy
paper,paper,paper (119),val,./dataset/skeleton_final_v2/paper/paper (119).npy,./batch_paper/fitted/paper (119).npy
scissors,scissors,scissors-set2 (674),val,./dataset/skeleton_final_v2/scissors/scissors-set2 (674).npy,./batch_scissors/fitted/scissors-set2 (674).npy
paper,paper,paper (130),val,./dataset/skeleton_final_v2/paper/paper (130).npy,./batch_paper/fitted/paper (130).npy
scissors,scissors,scissors (225),val,./dataset/skeleton_final_v2/scissors/scissors (225).npy,./batch_scissors/fitted/scissors (225).npy
scissors,scissors,scissors-set2 (172),val,./dataset/skeleton_final_v2/scissors/scissors-set2 (172).npy,./batch_scissors/fitted/scissors-set2 (172).npy
paper,paper,paper_2539,val,./dataset/skeleton_final_v2/paper/paper_2539.npy,./batch_paper/fitted/paper_2539.npy
paper,paper,paper-set2 (13),val,./dataset/skeleton_final_v2/paper/paper-set2 (13).npy,./batch_paper/fitted/paper-set2 (13).npy
ok,ok,ok_6570,val,./dataset/skeleton_final_v2/ok/ok_6570.npy,./batch_ok/fitted/ok_6570.npy
paper,paper,paper-set2 (104),val,./dataset/skeleton_final_v2/paper/paper-set2 (104).npy,./batch_paper/fitted/paper-set2 (104).npy
thumb,thumbup,thumbup (24),val,./dataset/skeleton_final_v2/thumbup/thumbup (24).npy,./data/salux_refined_6cls/thumb_sources/thumbup/fitted/thumbup (24).npy
paper,paper,paper (32),val,./dataset/skeleton_final_v2/paper/paper (32).npy,./batch_paper/fitted/paper (32).npy
paper,paper,paper_1474,val,./dataset/skeleton_final_v2/paper/paper_1474.npy,./batch_paper/fitted/paper_1474.npy
ok,ok,ok_Set2_ (586),val,./dataset/skeleton_final_v2/ok/ok_Set2_ (586).npy,./batch_ok/fitted/ok_Set2_ (586).npy
thumb,thumbdown,thumbdown (321),val,./dataset/skeleton_final_v2/thumbdown/thumbdown (321).npy,./data/salux_refined_6cls/thumb_sources/thumbdown/fitted/thumbdown (321).npy
thumb,thumbup,thumbup (58),val,./dataset/skeleton_final_v2/thumbup/thumbup (58).npy,./data/salux_refined_6cls/thumb_sources/thumbup/fitted/thumbup (58).npy
paper,paper,paper_712,val,./dataset/skeleton_final_v2/paper/paper_712.npy,./batch_paper/fitted/paper_712.npy
paper,paper,paper_6932,val,./dataset/skeleton_final_v2/paper/paper_6932.npy,./batch_paper/fitted/paper_6932.npy
the-finger,the-finger,the-finger_1726,val,./dataset/skeleton_final_v2/the-finger/the-finger_1726.npy,./batch_thefinger/fitted/the-finger_1726.npy
thumb,thumbup,thumbup (432),val,./dataset/skeleton_final_v2/thumbup/thumbup (432).npy,./data/salux_refined_6cls/thumb_sources/thumbup/fitted/thumbup (432).npy
scissors,scissors,scissors-set2 (688),val,./dataset/skeleton_final_v2/scissors/scissors-set2 (688).npy,./batch_scissors/fitted/scissors-set2 (688).npy
ok,ok,ok_8840,val,./dataset/skeleton_final_v2/ok/ok_8840.npy,./batch_ok/fitted/ok_8840.npy
paper,paper,paper-set2 (339),val,./dataset/skeleton_final_v2/paper/paper-set2 (339).npy,./batch_paper/fitted/paper-set2 (339).npy
the-finger,the-finger,the-finger-set2 (437),val,./dataset/skeleton_final_v2/the-finger/the-finger-set2 (437).npy,./batch_thefinger/fitted/the-finger-set2 (437).npy
ok,ok,ok_1538,val,./dataset/skeleton_final_v2/ok/ok_1538.npy,./batch_ok/fitted/ok_1538.npy
thumb,thumbdown,thumbdown (163),val,./dataset/skeleton_final_v2/thumbdown/thumbdown (163).npy,./data/salux_refined_6cls/thumb_sources/thumbdown/fitted/thumbdown (163).npy
ok,ok,ok_Set2_ (235),val,./dataset/skeleton_final_v2/ok/ok_Set2_ (235).npy,./batch_ok/fitted/ok_Set2_ (235).npy
thumb,thumbdown,thumbdown_862,val,./dataset/skeleton_final_v2/thumbdown/thumbdown_862.npy,./data/salux_refined_6cls/thumb_sources/thumbdown/fitted/thumbdown_862.npy
scissors,scissors,scissors (482),val,./dataset/skeleton_final_v2/scissors/scissors (482).npy,./batch_scissors/fitted/scissors (482).npy
paper,paper,paper (52),val,./dataset/skeleton_final_v2/paper/paper (52).npy,./batch_paper/fitted/paper (52).npy
ok,ok,ok_2855,val,./dataset/skeleton_final_v2/ok/ok_2855.npy,./batch_ok/fitted/ok_2855.npy
ok,ok,ok_Set2_ (503),val,./dataset/skeleton_final_v2/ok/ok_Set2_ (503).npy,./batch_ok/fitted/ok_Set2_ (503).npy
ok,ok,ok_795,val,./dataset/skeleton_final_v2/ok/ok_795.npy,./batch_ok/fitted/ok_795.npy
thumb,thumbdown,thumbdown_4413,val,./dataset/skeleton_final_v2/thumbdown/thumbdown_4413.npy,./data/salux_refined_6cls/thumb_sources/thumbdown/fitted/thumbdown_4413.npy
paper,paper,paper-set2 (490),val,./dataset/skeleton_final_v2/paper/paper-set2 (490).npy,./batch_paper/fitted/paper-set2 (490).npy
ok,ok,ok_1953,val,./dataset/skeleton_final_v2/ok/ok_1953.npy,./batch_ok/fitted/ok_1953.npy
paper,paper,paper_7330,val,./dataset/skeleton_final_v2/paper/paper_7330.npy,./batch_paper/fitted/paper_7330.npy
scissors,scissors,scissors_6546,val,./dataset/skeleton_final_v2/scissors/scissors_6546.npy,./batch_scissors/fitted/scissors_6546.npy
the-finger,the-finger,the-finger_6861,val,./dataset/skeleton_final_v2/the-finger/the-finger_6861.npy,./batch_thefinger/fitted/the-finger_6861.npy
paper,paper,paper (180),val,./dataset/skeleton_final_v2/paper/paper (180).npy,./batch_paper/fitted/paper (180).npy
thumb,thumbup,thumbup_7758,val,./dataset/skeleton_final_v2/thumbup/thumbup_7758.npy,./data/salux_refined_6cls/thumb_sources/thumbup/fitted/thumbup_7758.npy
thumb,thumbup,thumbup_1694,val,./dataset/skeleton_final_v2/thumbup/thumbup_1694.npy,./data/salux_refined_6cls/thumb_sources/thumbup/fitted/thumbup_1694.npy
paper,paper,paper_6912,val,./dataset/skeleton_final_v2/paper/paper_6912.npy,./batch_paper/fitted/paper_6912.npy
the-finger,the-finger,the-finger (127),val,./dataset/skeleton_final_v2/the-finger/the-finger (127).npy,./batch_thefinger/fitted/the-finger (127).npy
thumb,thumbup,thumbup (476),val,./dataset/skeleton_final_v2/thumbup/thumbup (476).npy,./data/salux_refined_6cls/thumb_sources/thumbup/fitted/thumbup (476).npy
thumb,thumbdown,thumbdown_7804,val,./dataset/skeleton_final_v2/thumbdown/thumbdown_7804.npy,./data/salux_refined_6cls/thumb_sources/thumbdown/fitted/thumbdown_7804.npy
rock,rock,rock_1770,val,./dataset/skeleton_final_v2/rock/rock_1770.npy,./batch_rock/fitted/rock_1770.npy
ok,ok,ok_Set2_ (4),val,./dataset/skeleton_final_v2/ok/ok_Set2_ (4).npy,./batch_ok/fitted/ok_Set2_ (4).npy
thumb,thumbdown,thumbdown (41),val,./dataset/skeleton_final_v2/thumbdown/thumbdown (41).npy,./data/salux_refined_6cls/thumb_sources/thumbdown/fitted/thumbdown (41).npy
scissors,scissors,scissors-set2 (381),val,./dataset/skeleton_final_v2/scissors/scissors-set2 (381).npy,./batch_scissors/fitted/scissors-set2 (381).npy
the-finger,the-finger,the-finger-set2 (175),val,./dataset/skeleton_final_v2/the-finger/the-finger-set2 (175).npy,./batch_thefinger/fitted/the-finger-set2 (175).npy
scissors,scissors,scissors_7645,val,./dataset/skeleton_final_v2/scissors/scissors_7645.npy,./batch_scissors/fitted/scissors_7645.npy
paper,paper,paper_6691,val,./dataset/skeleton_final_v2/paper/paper_6691.npy,./batch_paper/fitted/paper_6691.npy
paper,paper,paper_2548,val,./dataset/skeleton_final_v2/paper/paper_2548.npy,./batch_paper/fitted/paper_2548.npy
paper,paper,paper_1862,val,./dataset/skeleton_final_v2/paper/paper_1862.npy,./batch_paper/fitted/paper_1862.npy
the-finger,the-finger,the-finger_6655,val,./dataset/skeleton_final_v2/the-finger/the-finger_6655.npy,./batch_thefinger/fitted/the-finger_6655.npy
thumb,thumbup,thumbup_5801,val,./dataset/skeleton_final_v2/thumbup/thumbup_5801.npy,./data/salux_refined_6cls/thumb_sources/thumbup/fitted/thumbup_5801.npy
ok,ok,ok_2943,val,./dataset/skeleton_final_v2/ok/ok_2943.npy,./batch_ok/fitted/ok_2943.npy
ok,ok,ok_6984,val,./dataset/skeleton_final_v2/ok/ok_6984.npy,./batch_ok/fitted/ok_6984.npy
paper,paper,paper_1846,val,./dataset/skeleton_final_v2/paper/paper_1846.npy,./batch_paper/fitted/paper_1846.npy
thumb,thumbup,thumbup_8962,val,./dataset/skeleton_final_v2/thumbup/thumbup_8962.npy,./data/salux_refined_6cls/thumb_sources/thumbup/fitted/thumbup_8962.npy
scissors,scissors,scissors-set2 (712),val,./dataset/skeleton_final_v2/scissors/scissors-set2 (712).npy,./batch_scissors/fitted/scissors-set2 (712).npy
paper,paper,paper-set2 (2),val,./dataset/skeleton_final_v2/paper/paper-set2 (2).npy,./batch_paper/fitted/paper-set2 (2).npy
scissors,scissors,scissors (91),val,./dataset/skeleton_final_v2/scissors/scissors (91).npy,./batch_scissors/fitted/scissors (91).npy
the-finger,the-finger,the-finger (17),val,./dataset/skeleton_final_v2/the-finger/the-finger (17).npy,./batch_thefinger/fitted/the-finger (17).npy
thumb,thumbdown,thumbdown (309),val,./dataset/skeleton_final_v2/thumbdown/thumbdown (309).npy,./data/salux_refined_6cls/thumb_sources/thumbdown/fitted/thumbdown (309).npy
paper,paper,paper_4608,val,./dataset/skeleton_final_v2/paper/paper_4608.npy,./batch_paper/fitted/paper_4608.npy
ok,ok,ok_3973,val,./dataset/skeleton_final_v2/ok/ok_3973.npy,./batch_ok/fitted/ok_3973.npy
paper,paper,paper-set2 (449),val,./dataset/skeleton_final_v2/paper/paper-set2 (449).npy,./batch_paper/fitted/paper-set2 (449).npy
rock,rock,rock-set2 (46),val,./dataset/skeleton_final_v2/rock/rock-set2 (46).npy,./batch_rock/fitted/rock-set2 (46).npy
thumb,thumbup,thumbup_124,val,./dataset/skeleton_final_v2/thumbup/thumbup_124.npy,./data/salux_refined_6cls/thumb_sources/thumbup/fitted/thumbup_124.npy
thumb,thumbup,thumbup_4126,val,./dataset/skeleton_final_v2/thumbup/thumbup_4126.npy,./data/salux_refined_6cls/thumb_sources/thumbup/fitted/thumbup_4126.npy
thumb,thumbdown,hand-9-1985,val,./dataset/skeleton_final_v2/thumbdown/hand-9-1985.npy,./data/salux_refined_6cls/thumb_sources/thumbdown/fitted/hand-9-1985.npy
the-finger,the-finger,the-finger_237,val,./dataset/skeleton_final_v2/the-finger/the-finger_237.npy,./batch_thefinger/fitted/the-finger_237.npy
thumb,thumbup,thumbup_3004,val,./dataset/skeleton_final_v2/thumbup/thumbup_3004.npy,./data/salux_refined_6cls/thumb_sources/thumbup/fitted/thumbup_3004.npy
scissors,scissors,scissors (501),val,./dataset/skeleton_final_v2/scissors/scissors (501).npy,./batch_scissors/fitted/scissors (501).npy
ok,ok,ok_1532,test,./dataset/skeleton_final_v2/ok/ok_1532.npy,./batch_ok/fitted/ok_1532.npy
paper,paper,paper-set2 (35),test,./dataset/skeleton_final_v2/paper/paper-set2 (35).npy,./batch_paper/fitted/paper-set2 (35).npy
scissors,scissors,scissors (272),test,./dataset/skeleton_final_v2/scissors/scissors (272).npy,./batch_scissors/fitted/scissors (272).npy
thumb,thumbdown,hand-10-60,test,./dataset/skeleton_final_v2/thumbdown/hand-10-60.npy,./data/salux_refined_6cls/thumb_sources/thumbdown/fitted/hand-10-60.npy
paper,paper,paper (151),test,./dataset/skeleton_final_v2/paper/paper (151).npy,./batch_paper/fitted/paper (151).npy
thumb,thumbup,thumbup (277),test,./dataset/skeleton_final_v2/thumbup/thumbup (277).npy,./data/salux_refined_6cls/thumb_sources/thumbup/fitted/thumbup (277).npy
thumb,thumbdown,thumbdown (206),test,./dataset/skeleton_final_v2/thumbdown/thumbdown (206).npy,./data/salux_refined_6cls/thumb_sources/thumbdown/fitted/thumbdown (206).npy
scissors,scissors,scissors (435),test,./dataset/skeleton_final_v2/scissors/scissors (435).npy,./batch_scissors/fitted/scissors (435).npy
paper,paper,paper-set2 (212),test,./dataset/skeleton_final_v2/paper/paper-set2 (212).npy,./batch_paper/fitted/paper-set2 (212).npy
ok,ok,ok_Set2_ (542),test,./dataset/skeleton_final_v2/ok/ok_Set2_ (542).npy,./batch_ok/fitted/ok_Set2_ (542).npy
ok,ok,ok_Set2_ (456),test,./dataset/skeleton_final_v2/ok/ok_Set2_ (456).npy,./batch_ok/fitted/ok_Set2_ (456).npy
scissors,scissors,scissors_3838,test,./dataset/skeleton_final_v2/scissors/scissors_3838.npy,./batch_scissors/fitted/scissors_3838.npy
scissors,scissors,scissors-set2 (735),test,./dataset/skeleton_final_v2/scissors/scissors-set2 (735).npy,./batch_scissors/fitted/scissors-set2 (735).npy
rock,rock,rock-set2 (179),test,./dataset/skeleton_final_v2/rock/rock-set2 (179).npy,./batch_rock/fitted/rock-set2 (179).npy
paper,paper,paper-set2 (43),test,./dataset/skeleton_final_v2/paper/paper-set2 (43).npy,./batch_paper/fitted/paper-set2 (43).npy
rock,rock,rock_6325,test,./dataset/skeleton_final_v2/rock/rock_6325.npy,./batch_rock/fitted/rock_6325.npy
scissors,scissors,scissors-set2 (38),test,./dataset/skeleton_final_v2/scissors/scissors-set2 (38).npy,./batch_scissors/fitted/scissors-set2 (38).npy
thumb,thumbup,thumbup_6763,test,./dataset/skeleton_final_v2/thumbup/thumbup_6763.npy,./data/salux_refined_6cls/thumb_sources/thumbup/fitted/thumbup_6763.npy
thumb,thumbup,hand-7-1315,test,./dataset/skeleton_final_v2/thumbup/hand-7-1315.npy,./data/salux_refined_6cls/thumb_sources/thumbup/fitted/hand-7-1315.npy
thumb,thumbup,thumbup (393),test,./dataset/skeleton_final_v2/thumbup/thumbup (393).npy,./data/salux_refined_6cls/thumb_sources/thumbup/fitted/thumbup (393).npy
thumb,thumbdown,thumbdown (164),test,./dataset/skeleton_final_v2/thumbdown/thumbdown (164).npy,./data/salux_refined_6cls/thumb_sources/thumbdown/fitted/thumbdown (164).npy
the-finger,the-finger,the-finger-set2 (309),test,./dataset/skeleton_final_v2/the-finger/the-finger-set2 (309).npy,./batch_thefinger/fitted/the-finger-set2 (309).npy
paper,paper,paper (123),test,./dataset/skeleton_final_v2/paper/paper (123).npy,./batch_paper/fitted/paper (123).npy
ok,ok,ok (263),test,./dataset/skeleton_final_v2/ok/ok (263).npy,./batch_ok/fitted/ok (263).npy
thumb,thumbdown,thumbdown (77),test,./dataset/skeleton_final_v2/thumbdown/thumbdown (77).npy,./data/salux_refined_6cls/thumb_sources/thumbdown/fitted/thumbdown (77).npy
paper,paper,paper-set2 (341),test,./dataset/skeleton_final_v2/paper/paper-set2 (341).npy,./batch_paper/fitted/paper-set2 (341).npy
scissors,scissors,scissors_6168,test,./dataset/skeleton_final_v2/scissors/scissors_6168.npy,./batch_scissors/fitted/scissors_6168.npy
scissors,scissors,scissors_5744,test,./dataset/skeleton_final_v2/scissors/scissors_5744.npy,./batch_scissors/fitted/scissors_5744.npy
scissors,scissors,scissors (473),test,./dataset/skeleton_final_v2/scissors/scissors (473).npy,./batch_scissors/fitted/scissors (473).npy
the-finger,the-finger,the-finger (135),test,./dataset/skeleton_final_v2/the-finger/the-finger (135).npy,./batch_thefinger/fitted/the-finger (135).npy
paper,paper,paper (124),test,./dataset/skeleton_final_v2/paper/paper (124).npy,./batch_paper/fitted/paper (124).npy
paper,paper,paper-set2 (280),test,./dataset/skeleton_final_v2/paper/paper-set2 (280).npy,./batch_paper/fitted/paper-set2 (280).npy
the-finger,the-finger,the-finger_2250,test,./dataset/skeleton_final_v2/the-finger/the-finger_2250.npy,./batch_thefinger/fitted/the-finger_2250.npy
thumb,thumbdown,thumbdown_6847,test,./dataset/skeleton_final_v2/thumbdown/thumbdown_6847.npy,./data/salux_refined_6cls/thumb_sources/thumbdown/fitted/thumbdown_6847.npy
ok,ok,ok_Set2_ (38),test,./dataset/skeleton_final_v2/ok/ok_Set2_ (38).npy,./batch_ok/fitted/ok_Set2_ (38).npy
thumb,thumbup,thumbup (202),test,./dataset/skeleton_final_v2/thumbup/thumbup (202).npy,./data/salux_refined_6cls/thumb_sources/thumbup/fitted/thumbup (202).npy
thumb,thumbdown,thumbdown (191),test,./dataset/skeleton_final_v2/thumbdown/thumbdown (191).npy,./data/salux_refined_6cls/thumb_sources/thumbdown/fitted/thumbdown (191).npy
ok,ok,ok_2009,test,./dataset/skeleton_final_v2/ok/ok_2009.npy,./batch_ok/fitted/ok_2009.npy
thumb,thumbdown,thumbdown_4361,test,./dataset/skeleton_final_v2/thumbdown/thumbdown_4361.npy,./data/salux_refined_6cls/thumb_sources/thumbdown/fitted/thumbdown_4361.npy
thumb,thumbup,thumbup (430),test,./dataset/skeleton_final_v2/thumbup/thumbup (430).npy,./data/salux_refined_6cls/thumb_sources/thumbup/fitted/thumbup (430).npy
thumb,thumbdown,thumbdown (171),test,./dataset/skeleton_final_v2/thumbdown/thumbdown (171).npy,./data/salux_refined_6cls/thumb_sources/thumbdown/fitted/thumbdown (171).npy
thumb,thumbup,hand-10-2560,test,./dataset/skeleton_final_v2/thumbup/hand-10-2560.npy,./data/salux_refined_6cls/thumb_sources/thumbup/fitted/hand-10-2560.npy
thumb,thumbup,thumbup (390),test,./dataset/skeleton_final_v2/thumbup/thumbup (390).npy,./data/salux_refined_6cls/thumb_sources/thumbup/fitted/thumbup (390).npy
paper,paper,paper-set2 (23),test,./dataset/skeleton_final_v2/paper/paper-set2 (23).npy,./batch_paper/fitted/paper-set2 (23).npy
thumb,thumbdown,hand-11-715,test,./dataset/skeleton_final_v2/thumbdown/hand-11-715.npy,./data/salux_refined_6cls/thumb_sources/thumbdown/fitted/hand-11-715.npy
thumb,thumbup,hand-9-1720,test,./dataset/skeleton_final_v2/thumbup/hand-9-1720.npy,./data/salux_refined_6cls/thumb_sources/thumbup/fitted/hand-9-1720.npy
thumb,thumbdown,thumbdown_9014,test,./dataset/skeleton_final_v2/thumbdown/thumbdown_9014.npy,./data/salux_refined_6cls/thumb_sources/thumbdown/fitted/thumbdown_9014.npy
ok,ok,ok_Set2_ (264),test,./dataset/skeleton_final_v2/ok/ok_Set2_ (264).npy,./batch_ok/fitted/ok_Set2_ (264).npy
thumb,thumbdown,thumbdown (122),test,./dataset/skeleton_final_v2/thumbdown/thumbdown (122).npy,./data/salux_refined_6cls/thumb_sources/thumbdown/fitted/thumbdown (122).npy
thumb,thumbdown,thumbdown_4353,test,./dataset/skeleton_final_v2/thumbdown/thumbdown_4353.npy,./data/salux_refined_6cls/thumb_sources/thumbdown/fitted/thumbdown_4353.npy
scissors,scissors,scissors_6553,test,./dataset/skeleton_final_v2/scissors/scissors_6553.npy,./batch_scissors/fitted/scissors_6553.npy
thumb,thumbup,thumbup_5808,test,./dataset/skeleton_final_v2/thumbup/thumbup_5808.npy,./data/salux_refined_6cls/thumb_sources/thumbup/fitted/thumbup_5808.npy
thumb,thumbup,thumbup (143),test,./dataset/skeleton_final_v2/thumbup/thumbup (143).npy,./data/salux_refined_6cls/thumb_sources/thumbup/fitted/thumbup (143).npy
ok,ok,ok (267),test,./dataset/skeleton_final_v2/ok/ok (267).npy,./batch_ok/fitted/ok (267).npy
thumb,thumbup,thumbup (469),test,./dataset/skeleton_final_v2/thumbup/thumbup (469).npy,./data/salux_refined_6cls/thumb_sources/thumbup/fitted/thumbup (469).npy
scissors,scissors,scissors_422,test,./dataset/skeleton_final_v2/scissors/scissors_422.npy,./batch_scissors/fitted/scissors_422.npy
thumb,thumbdown,thumbdown (145),test,./dataset/skeleton_final_v2/thumbdown/thumbdown (145).npy,./data/salux_refined_6cls/thumb_sources/thumbdown/fitted/thumbdown (145).npy
paper,paper,paper_5712,test,./dataset/skeleton_final_v2/paper/paper_5712.npy,./batch_paper/fitted/paper_5712.npy
paper,paper,paper-set2 (318),test,./dataset/skeleton_final_v2/paper/paper-set2 (318).npy,./batch_paper/fitted/paper-set2 (318).npy
thumb,thumbup,hand-11-2260,test,./dataset/skeleton_final_v2/thumbup/hand-11-2260.npy,./data/salux_refined_6cls/thumb_sources/thumbup/fitted/hand-11-2260.npy
scissors,scissors,scissors-set2 (149),test,./dataset/skeleton_final_v2/scissors/scissors-set2 (149).npy,./batch_scissors/fitted/scissors-set2 (149).npy
thumb,thumbdown,thumbdown_7442,test,./dataset/skeleton_final_v2/thumbdown/thumbdown_7442.npy,./data/salux_refined_6cls/thumb_sources/thumbdown/fitted/thumbdown_7442.npy
the-finger,the-finger,the-finger-set2 (92),test,./dataset/skeleton_final_v2/the-finger/the-finger-set2 (92).npy,./batch_thefinger/fitted/the-finger-set2 (92).npy
ok,ok,ok_Set2_ (158),test,./dataset/skeleton_final_v2/ok/ok_Set2_ (158).npy,./batch_ok/fitted/ok_Set2_ (158).npy
ok,ok,ok_81,test,./dataset/skeleton_final_v2/ok/ok_81.npy,./batch_ok/fitted/ok_81.npy
thumb,thumbdown,thumbdown_3307,test,./dataset/skeleton_final_v2/thumbdown/thumbdown_3307.npy,./data/salux_refined_6cls/thumb_sources/thumbdown/fitted/thumbdown_3307.npy
paper,paper,paper-set2 (389),test,./dataset/skeleton_final_v2/paper/paper-set2 (389).npy,./batch_paper/fitted/paper-set2 (389).npy
scissors,scissors,scissors (392),test,./dataset/skeleton_final_v2/scissors/scissors (392).npy,./batch_scissors/fitted/scissors (392).npy
thumb,thumbup,hand-9-1775,test,./dataset/skeleton_final_v2/thumbup/hand-9-1775.npy,./data/salux_refined_6cls/thumb_sources/thumbup/fitted/hand-9-1775.npy
ok,ok,ok_1145,test,./dataset/skeleton_final_v2/ok/ok_1145.npy,./batch_ok/fitted/ok_1145.npy
ok,ok,ok_Set2_ (261),test,./dataset/skeleton_final_v2/ok/ok_Set2_ (261).npy,./batch_ok/fitted/ok_Set2_ (261).npy
paper,paper,paper-set2 (253),test,./dataset/skeleton_final_v2/paper/paper-set2 (253).npy,./batch_paper/fitted/paper-set2 (253).npy
ok,ok,ok_Set2_ (281),test,./dataset/skeleton_final_v2/ok/ok_Set2_ (281).npy,./batch_ok/fitted/ok_Set2_ (281).npy
scissors,scissors,scissors-set2 (602),test,./dataset/skeleton_final_v2/scissors/scissors-set2 (602).npy,./batch_scissors/fitted/scissors-set2 (602).npy
thumb,thumbdown,thumbdown_8586,test,./dataset/skeleton_final_v2/thumbdown/thumbdown_8586.npy,./data/salux_refined_6cls/thumb_sources/thumbdown/fitted/thumbdown_8586.npy
the-finger,the-finger,the-finger_6299,test,./dataset/skeleton_final_v2/the-finger/the-finger_6299.npy,./batch_thefinger/fitted/the-finger_6299.npy
scissors,scissors,scissors-set2 (334),test,./dataset/skeleton_final_v2/scissors/scissors-set2 (334).npy,./batch_scissors/fitted/scissors-set2 (334).npy
thumb,thumbup,thumbup (353),test,./dataset/skeleton_final_v2/thumbup/thumbup (353).npy,./data/salux_refined_6cls/thumb_sources/thumbup/fitted/thumbup (353).npy
paper,paper,paper-set2 (463),test,./dataset/skeleton_final_v2/paper/paper-set2 (463).npy,./batch_paper/fitted/paper-set2 (463).npy
scissors,scissors,scissors_2678,test,./dataset/skeleton_final_v2/scissors/scissors_2678.npy,./batch_scissors/fitted/scissors_2678.npy
thumb,thumbdown,thumbdown_3265,test,./dataset/skeleton_final_v2/thumbdown/thumbdown_3265.npy,./data/salux_refined_6cls/thumb_sources/thumbdown/fitted/thumbdown_3265.npy
thumb,thumbup,thumbup (334),test,./dataset/skeleton_final_v2/thumbup/thumbup (334).npy,./data/salux_refined_6cls/thumb_sources/thumbup/fitted/thumbup (334).npy
scissors,scissors,scissors_7970,test,./dataset/skeleton_final_v2/scissors/scissors_7970.npy,./batch_scissors/fitted/scissors_7970.npy
scissors,scissors,scissors-set2 (660),test,./dataset/skeleton_final_v2/scissors/scissors-set2 (660).npy,./batch_scissors/fitted/scissors-set2 (660).npy
thumb,thumbup,thumbup_7048,test,./dataset/skeleton_final_v2/thumbup/thumbup_7048.npy,./data/salux_refined_6cls/thumb_sources/thumbup/fitted/thumbup_7048.npy
thumb,thumbup,thumbup_4122,test,./dataset/skeleton_final_v2/thumbup/thumbup_4122.npy,./data/salux_refined_6cls/thumb_sources/thumbup/fitted/thumbup_4122.npy
thumb,thumbdown,hand-9-1980,test,./dataset/skeleton_final_v2/thumbdown/hand-9-1980.npy,./data/salux_refined_6cls/thumb_sources/thumbdown/fitted/hand-9-1980.npy
thumb,thumbup,thumbup_4182,test,./dataset/skeleton_final_v2/thumbup/thumbup_4182.npy,./data/salux_refined_6cls/thumb_sources/thumbup/fitted/thumbup_4182.npy
the-finger,the-finger,the-finger-set2 (2),test,./dataset/skeleton_final_v2/the-finger/the-finger-set2 (2).npy,./batch_thefinger/fitted/the-finger-set2 (2).npy
paper,paper,paper_368,test,./dataset/skeleton_final_v2/paper/paper_368.npy,./batch_paper/fitted/paper_368.npy
ok,ok,ok_1974,test,./dataset/skeleton_final_v2/ok/ok_1974.npy,./batch_ok/fitted/ok_1974.npy
ok,ok,ok_Set2_ (380),test,./dataset/skeleton_final_v2/ok/ok_Set2_ (380).npy,./batch_ok/fitted/ok_Set2_ (380).npy
ok,ok,ok (253),test,./dataset/skeleton_final_v2/ok/ok (253).npy,./batch_ok/fitted/ok (253).npy
scissors,scissors,scissors (106),test,./dataset/skeleton_final_v2/scissors/scissors (106).npy,./batch_scissors/fitted/scissors (106).npy
scissors,scissors,scissors (70),test,./dataset/skeleton_final_v2/scissors/scissors (70).npy,./batch_scissors/fitted/scissors (70).npy
paper,paper,paper_5460,test,./dataset/skeleton_final_v2/paper/paper_5460.npy,./batch_paper/fitted/paper_5460.npy
the-finger,the-finger,the-finger_6068,test,./dataset/skeleton_final_v2/the-finger/the-finger_6068.npy,./batch_thefinger/fitted/the-finger_6068.npy
paper,paper,paper_6128,test,./dataset/skeleton_final_v2/paper/paper_6128.npy,./batch_paper/fitted/paper_6128.npy
rock,rock,rock_6310,test,./dataset/skeleton_final_v2/rock/rock_6310.npy,./batch_rock/fitted/rock_6310.npy
the-finger,the-finger,the-finger_878,test,./dataset/skeleton_final_v2/the-finger/the-finger_878.npy,./batch_thefinger/fitted/the-finger_878.npy
scissors,scissors,scissors (432),test,./dataset/skeleton_final_v2/scissors/scissors (432).npy,./batch_scissors/fitted/scissors (432).npy
thumb,thumbdown,thumbdown_6839,test,./dataset/skeleton_final_v2/thumbdown/thumbdown_6839.npy,./data/salux_refined_6cls/thumb_sources/thumbdown/fitted/thumbdown_6839.npy
thumb,thumbup,thumbup (217),test,./dataset/skeleton_final_v2/thumbup/thumbup (217).npy,./data/salux_refined_6cls/thumb_sources/thumbup/fitted/thumbup (217).npy
ok,ok,ok_7018,test,./dataset/skeleton_final_v2/ok/ok_7018.npy,./batch_ok/fitted/ok_7018.npy
ok,ok,ok_5292,test,./dataset/skeleton_final_v2/ok/ok_5292.npy,./batch_ok/fitted/ok_5292.npy
scissors,scissors,scissors (282),test,./dataset/skeleton_final_v2/scissors/scissors (282).npy,./batch_scissors/fitted/scissors (282).npy
thumb,thumbup,thumbup_8966,test,./dataset/skeleton_final_v2/thumbup/thumbup_8966.npy,./data/salux_refined_6cls/thumb_sources/thumbup/fitted/thumbup_8966.npy
scissors,scissors,scissors (427),test,./dataset/skeleton_final_v2/scissors/scissors (427).npy,./batch_scissors/fitted/scissors (427).npy
thumb,thumbup,thumbup_7193,test,./dataset/skeleton_final_v2/thumbup/thumbup_7193.npy,./data/salux_refined_6cls/thumb_sources/thumbup/fitted/thumbup_7193.npy
thumb,thumbdown,thumbdown_153,test,./dataset/skeleton_final_v2/thumbdown/thumbdown_153.npy,./data/salux_refined_6cls/thumb_sources/thumbdown/fitted/thumbdown_153.npy
scissors,scissors,scissors-set2 (364),test,./dataset/skeleton_final_v2/scissors/scissors-set2 (364).npy,./batch_scissors/fitted/scissors-set2 (364).npy
thumb,thumbdown,thumbdown_6453,test,./dataset/skeleton_final_v2/thumbdown/thumbdown_6453.npy,./data/salux_refined_6cls/thumb_sources/thumbdown/fitted/thumbdown_6453.npy
scissors,scissors,scissors-set2 (30),test,./dataset/skeleton_final_v2/scissors/scissors-set2 (30).npy,./batch_scissors/fitted/scissors-set2 (30).npy
thumb,thumbup,thumbup_8928,test,./dataset/skeleton_final_v2/thumbup/thumbup_8928.npy,./data/salux_refined_6cls/thumb_sources/thumbup/fitted/thumbup_8928.npy
thumb,thumbup,thumbup (225),test,./dataset/skeleton_final_v2/thumbup/thumbup (225).npy,./data/salux_refined_6cls/thumb_sources/thumbup/fitted/thumbup (225).npy
scissors,scissors,scissors-set2 (638),test,./dataset/skeleton_final_v2/scissors/scissors-set2 (638).npy,./batch_scissors/fitted/scissors-set2 (638).npy
paper,paper,paper (107),test,./dataset/skeleton_final_v2/paper/paper (107).npy,./batch_paper/fitted/paper (107).npy
scissors,scissors,scissors (211),test,./dataset/skeleton_final_v2/scissors/scissors (211).npy,./batch_scissors/fitted/scissors (211).npy
paper,paper,paper-set2 (103),test,./dataset/skeleton_final_v2/paper/paper-set2 (103).npy,./batch_paper/fitted/paper-set2 (103).npy
thumb,thumbdown,thumbdown_7249,test,./dataset/skeleton_final_v2/thumbdown/thumbdown_7249.npy,./data/salux_refined_6cls/thumb_sources/thumbdown/fitted/thumbdown_7249.npy
thumb,thumbup,hand-10-1980,test,./dataset/skeleton_final_v2/thumbup/hand-10-1980.npy,./data/salux_refined_6cls/thumb_sources/thumbup/fitted/hand-10-1980.npy
paper,paper,paper_24,test,./dataset/skeleton_final_v2/paper/paper_24.npy,./batch_paper/fitted/paper_24.npy
thumb,thumbup,hand-9-1740,test,./dataset/skeleton_final_v2/thumbup/hand-9-1740.npy,./data/salux_refined_6cls/thumb_sources/thumbup/fitted/hand-9-1740.npy
scissors,scissors,scissors-set2 (729),test,./dataset/skeleton_final_v2/scissors/scissors-set2 (729).npy,./batch_scissors/fitted/scissors-set2 (729).npy
paper,paper,paper-set2 (424),test,./dataset/skeleton_final_v2/paper/paper-set2 (424).npy,./batch_paper/fitted/paper-set2 (424).npy
thumb,thumbdown,thumbdown_5615,test,./dataset/skeleton_final_v2/thumbdown/thumbdown_5615.npy,./data/salux_refined_6cls/thumb_sources/thumbdown/fitted/thumbdown_5615.npy
scissors,scissors,scissors (267),test,./dataset/skeleton_final_v2/scissors/scissors (267).npy,./batch_scissors/fitted/scissors (267).npy
the-finger,the-finger,the-finger-set2 (234),test,./dataset/skeleton_final_v2/the-finger/the-finger-set2 (234).npy,./batch_thefinger/fitted/the-finger-set2 (234).npy
thumb,thumbup,hand-10-2140,test,./dataset/skeleton_final_v2/thumbup/hand-10-2140.npy,./data/salux_refined_6cls/thumb_sources/thumbup/fitted/hand-10-2140.npy
thumb,thumbdown,thumbdown_5573,test,./dataset/skeleton_final_v2/thumbdown/thumbdown_5573.npy,./data/salux_refined_6cls/thumb_sources/thumbdown/fitted/thumbdown_5573.npy
scissors,scissors,scissors (324),test,./dataset/skeleton_final_v2/scissors/scissors (324).npy,./batch_scissors/fitted/scissors (324).npy
ok,ok,ok_1556,test,./dataset/skeleton_final_v2/ok/ok_1556.npy,./batch_ok/fitted/ok_1556.npy
rock,rock,rock_3152,test,./dataset/skeleton_final_v2/rock/rock_3152.npy,./batch_rock/fitted/rock_3152.npy
ok,ok,ok_Set2_ (474),test,./dataset/skeleton_final_v2/ok/ok_Set2_ (474).npy,./batch_ok/fitted/ok_Set2_ (474).npy
scissors,scissors,scissors-set2 (477),test,./dataset/skeleton_final_v2/scissors/scissors-set2 (477).npy,./batch_scissors/fitted/scissors-set2 (477).npy
thumb,thumbup,thumbup (89),test,./dataset/skeleton_final_v2/thumbup/thumbup (89).npy,./data/salux_refined_6cls/thumb_sources/thumbup/fitted/thumbup (89).npy
paper,paper,paper-set2 (402),test,./dataset/skeleton_final_v2/paper/paper-set2 (402).npy,./batch_paper/fitted/paper-set2 (402).npy
scissors,scissors,scissors-set2 (576),test,./dataset/skeleton_final_v2/scissors/scissors-set2 (576).npy,./batch_scissors/fitted/scissors-set2 (576).npy
ok,ok,ok (115),test,./dataset/skeleton_final_v2/ok/ok (115).npy,./batch_ok/fitted/ok (115).npy
scissors,scissors,scissors_7170,test,./dataset/skeleton_final_v2/scissors/scissors_7170.npy,./batch_scissors/fitted/scissors_7170.npy
thumb,thumbup,thumbup (150),test,./dataset/skeleton_final_v2/thumbup/thumbup (150).npy,./data/salux_refined_6cls/thumb_sources/thumbup/fitted/thumbup (150).npy
paper,paper,paper_3814,test,./dataset/skeleton_final_v2/paper/paper_3814.npy,./batch_paper/fitted/paper_3814.npy
paper,paper,paper-set2 (454),test,./dataset/skeleton_final_v2/paper/paper-set2 (454).npy,./batch_paper/fitted/paper-set2 (454).npy
ok,ok,ok_5777,test,./dataset/skeleton_final_v2/ok/ok_5777.npy,./batch_ok/fitted/ok_5777.npy
paper,paper,paper-set2 (403),test,./dataset/skeleton_final_v2/paper/paper-set2 (403).npy,./batch_paper/fitted/paper-set2 (403).npy
the-finger,the-finger,the-finger-set2 (371),test,./dataset/skeleton_final_v2/the-finger/the-finger-set2 (371).npy,./batch_thefinger/fitted/the-finger-set2 (371).npy
the-finger,the-finger,the-finger_7093,test,./dataset/skeleton_final_v2/the-finger/the-finger_7093.npy,./batch_thefinger/fitted/the-finger_7093.npy
the-finger,the-finger,the-finger_6062,test,./dataset/skeleton_final_v2/the-finger/the-finger_6062.npy,./batch_thefinger/fitted/the-finger_6062.npy
scissors,scissors,scissors_6375,test,./dataset/skeleton_final_v2/scissors/scissors_6375.npy,./batch_scissors/fitted/scissors_6375.npy
thumb,thumbup,thumbup (336),test,./dataset/skeleton_final_v2/thumbup/thumbup (336).npy,./data/salux_refined_6cls/thumb_sources/thumbup/fitted/thumbup (336).npy
ok,ok,ok (108),test,./dataset/skeleton_final_v2/ok/ok (108).npy,./batch_ok/fitted/ok (108).npy
the-finger,the-finger,the-finger (61),test,./dataset/skeleton_final_v2/the-finger/the-finger (61).npy,./batch_thefinger/fitted/the-finger (61).npy
thumb,thumbup,thumbup_6756,test,./dataset/skeleton_final_v2/thumbup/thumbup_6756.npy,./data/salux_refined_6cls/thumb_sources/thumbup/fitted/thumbup_6756.npy
scissors,scissors,scissors-set2 (74),test,./dataset/skeleton_final_v2/scissors/scissors-set2 (74).npy,./batch_scissors/fitted/scissors-set2 (74).npy
ok,ok,ok_Set2_ (123),test,./dataset/skeleton_final_v2/ok/ok_Set2_ (123).npy,./batch_ok/fitted/ok_Set2_ (123).npy
the-finger,the-finger,the-finger_6871,test,./dataset/skeleton_final_v2/the-finger/the-finger_6871.npy,./batch_thefinger/fitted/the-finger_6871.npy
rock,rock,rock-set2 (426),test,./dataset/skeleton_final_v2/rock/rock-set2 (426).npy,./batch_rock/fitted/rock-set2 (426).npy
scissors,scissors,scissors_1083,test,./dataset/skeleton_final_v2/scissors/scissors_1083.npy,./batch_scissors/fitted/scissors_1083.npy
paper,paper,paper_2440,test,./dataset/skeleton_final_v2/paper/paper_2440.npy,./batch_paper/fitted/paper_2440.npy
the-finger,the-finger,the-finger_5363,test,./dataset/skeleton_final_v2/the-finger/the-finger_5363.npy,./batch_thefinger/fitted/the-finger_5363.npy
thumb,thumbdown,thumbdown (268),test,./dataset/skeleton_final_v2/thumbdown/thumbdown (268).npy,./data/salux_refined_6cls/thumb_sources/thumbdown/fitted/thumbdown (268).npy
scissors,scissors,scissors_6368,test,./dataset/skeleton_final_v2/scissors/scissors_6368.npy,./batch_scissors/fitted/scissors_6368.npy
scissors,scissors,scissors_766,test,./dataset/skeleton_final_v2/scissors/scissors_766.npy,./batch_scissors/fitted/scissors_766.npy
scissors,scissors,scissors (259),test,./dataset/skeleton_final_v2/scissors/scissors (259).npy,./batch_scissors/fitted/scissors (259).npy
ok,ok,ok_Set2_ (137),test,./dataset/skeleton_final_v2/ok/ok_Set2_ (137).npy,./batch_ok/fitted/ok_Set2_ (137).npy
paper,paper,paper_5720,test,./dataset/skeleton_final_v2/paper/paper_5720.npy,./batch_paper/fitted/paper_5720.npy
scissors,scissors,scissors-set2 (634),test,./dataset/skeleton_final_v2/scissors/scissors-set2 (634).npy,./batch_scissors/fitted/scissors-set2 (634).npy
ok,ok,ok (223),test,./dataset/skeleton_final_v2/ok/ok (223).npy,./batch_ok/fitted/ok (223).npy
rock,rock,rock_5409,test,./dataset/skeleton_final_v2/rock/rock_5409.npy,./batch_rock/fitted/rock_5409.npy
ok,ok,ok_8036,test,./dataset/skeleton_final_v2/ok/ok_8036.npy,./batch_ok/fitted/ok_8036.npy
paper,paper,paper-set2 (364),test,./dataset/skeleton_final_v2/paper/paper-set2 (364).npy,./batch_paper/fitted/paper-set2 (364).npy
thumb,thumbdown,thumbdown_8584,test,./dataset/skeleton_final_v2/thumbdown/thumbdown_8584.npy,./data/salux_refined_6cls/thumb_sources/thumbdown/fitted/thumbdown_8584.npy
scissors,scissors,scissors_6145,test,./dataset/skeleton_final_v2/scissors/scissors_6145.npy,./batch_scissors/fitted/scissors_6145.npy
scissors,scissors,scissors-set2 (373),test,./dataset/skeleton_final_v2/scissors/scissors-set2 (373).npy,./batch_scissors/fitted/scissors-set2 (373).npy
paper,paper,paper_5908,test,./dataset/skeleton_final_v2/paper/paper_5908.npy,./batch_paper/fitted/paper_5908.npy
rock,rock,rock-set2 (24),test,./dataset/skeleton_final_v2/rock/rock-set2 (24).npy,./batch_rock/fitted/rock-set2 (24).npy
ok,ok,ok_6388,test,./dataset/skeleton_final_v2/ok/ok_6388.npy,./batch_ok/fitted/ok_6388.npy
thumb,thumbdown,hand-10-2315,test,./dataset/skeleton_final_v2/thumbdown/hand-10-2315.npy,./data/salux_refined_6cls/thumb_sources/thumbdown/fitted/hand-10-2315.npy
ok,ok,ok_6993,test,./dataset/skeleton_final_v2/ok/ok_6993.npy,./batch_ok/fitted/ok_6993.npy
ok,ok,ok_Set2_ (497),test,./dataset/skeleton_final_v2/ok/ok_Set2_ (497).npy,./batch_ok/fitted/ok_Set2_ (497).npy
scissors,scissors,scissors-set2 (255),test,./dataset/skeleton_final_v2/scissors/scissors-set2 (255).npy,./batch_scissors/fitted/scissors-set2 (255).npy
scissors,scissors,scissors-set2 (493),test,./dataset/skeleton_final_v2/scissors/scissors-set2 (493).npy,./batch_scissors/fitted/scissors-set2 (493).npy
scissors,scissors,scissors-set2 (66),test,./dataset/skeleton_final_v2/scissors/scissors-set2 (66).npy,./batch_scissors/fitted/scissors-set2 (66).npy
scissors,scissors,scissors-set2 (693),test,./dataset/skeleton_final_v2/scissors/scissors-set2 (693).npy,./batch_scissors/fitted/scissors-set2 (693).npy
ok,ok,ok_1945,test,./dataset/skeleton_final_v2/ok/ok_1945.npy,./batch_ok/fitted/ok_1945.npy
ok,ok,ok (74),test,./dataset/skeleton_final_v2/ok/ok (74).npy,./batch_ok/fitted/ok (74).npy
paper,paper,paper_9158,test,./dataset/skeleton_final_v2/paper/paper_9158.npy,./batch_paper/fitted/paper_9158.npy
paper,paper,paper-set2 (85),test,./dataset/skeleton_final_v2/paper/paper-set2 (85).npy,./batch_paper/fitted/paper-set2 (85).npy
thumb,thumbdown,thumbdown (331),test,./dataset/skeleton_final_v2/thumbdown/thumbdown (331).npy,./data/salux_refined_6cls/thumb_sources/thumbdown/fitted/thumbdown (331).npy
thumb,thumbdown,thumbdown (123),test,./dataset/skeleton_final_v2/thumbdown/thumbdown (123).npy,./data/salux_refined_6cls/thumb_sources/thumbdown/fitted/thumbdown (123).npy
thumb,thumbdown,thumbdown (192),test,./dataset/skeleton_final_v2/thumbdown/thumbdown (192).npy,./data/salux_refined_6cls/thumb_sources/thumbdown/fitted/thumbdown (192).npy
paper,paper,paper (59),test,./dataset/skeleton_final_v2/paper/paper (59).npy,./batch_paper/fitted/paper (59).npy
ok,ok,ok (146),test,./dataset/skeleton_final_v2/ok/ok (146).npy,./batch_ok/fitted/ok (146).npy
thumb,thumbdown,thumbdown_5827,test,./dataset/skeleton_final_v2/thumbdown/thumbdown_5827.npy,./data/salux_refined_6cls/thumb_sources/thumbdown/fitted/thumbdown_5827.npy
thumb,thumbup,thumbup_7042,test,./dataset/skeleton_final_v2/thumbup/thumbup_7042.npy,./data/salux_refined_6cls/thumb_sources/thumbup/fitted/thumbup_7042.npy
thumb,thumbdown,hand-7-1580,test,./dataset/skeleton_final_v2/thumbdown/hand-7-1580.npy,./data/salux_refined_6cls/thumb_sources/thumbdown/fitted/hand-7-1580.npy
ok,ok,ok_8538,test,./dataset/skeleton_final_v2/ok/ok_8538.npy,./batch_ok/fitted/ok_8538.npy
rock,rock,rock-set2 (166),test,./dataset/skeleton_final_v2/rock/rock-set2 (166).npy,./batch_rock/fitted/rock-set2 (166).npy
the-finger,the-finger,the-finger-set2 (239),test,./dataset/skeleton_final_v2/the-finger/the-finger-set2 (239).npy,./batch_thefinger/fitted/the-finger-set2 (239).npy
paper,paper,paper-set2 (94),test,./dataset/skeleton_final_v2/paper/paper-set2 (94).npy,./batch_paper/fitted/paper-set2 (94).npy
paper,paper,paper-set2 (367),test,./dataset/skeleton_final_v2/paper/paper-set2 (367).npy,./batch_paper/fitted/paper-set2 (367).npy
thumb,thumbdown,thumbdown_2215,test,./dataset/skeleton_final_v2/thumbdown/thumbdown_2215.npy,./data/salux_refined_6cls/thumb_sources/thumbdown/fitted/thumbdown_2215.npy
thumb,thumbup,thumbup (403),test,./dataset/skeleton_final_v2/thumbup/thumbup (403).npy,./data/salux_refined_6cls/thumb_sources/thumbup/fitted/thumbup (403).npy
ok,ok,ok_2917,test,./dataset/skeleton_final_v2/ok/ok_2917.npy,./batch_ok/fitted/ok_2917.npy
scissors,scissors,scissors-set2 (361),test,./dataset/skeleton_final_v2/scissors/scissors-set2 (361).npy,./batch_scissors/fitted/scissors-set2 (361).npy
ok,ok,ok_Set2_ (71),test,./dataset/skeleton_final_v2/ok/ok_Set2_ (71).npy,./batch_ok/fitted/ok_Set2_ (71).npy
thumb,thumbup,thumbup (466),test,./dataset/skeleton_final_v2/thumbup/thumbup (466).npy,./data/salux_refined_6cls/thumb_sources/thumbup/fitted/thumbup (466).npy
the-finger,the-finger,the-finger-set2 (79),test,./dataset/skeleton_final_v2/the-finger/the-finger-set2 (79).npy,./batch_thefinger/fitted/the-finger-set2 (79).npy
thumb,thumbdown,thumbdown_7226,test,./dataset/skeleton_final_v2/thumbdown/thumbdown_7226.npy,./data/salux_refined_6cls/thumb_sources/thumbdown/fitted/thumbdown_7226.npy
paper,paper,paper_6531,test,./dataset/skeleton_final_v2/paper/paper_6531.npy,./batch_paper/fitted/paper_6531.npy
paper,paper,paper-set2 (17),test,./dataset/skeleton_final_v2/paper/paper-set2 (17).npy,./batch_paper/fitted/paper-set2 (17).npy
ok,ok,ok_Set2_ (246),test,./dataset/skeleton_final_v2/ok/ok_Set2_ (246).npy,./batch_ok/fitted/ok_Set2_ (246).npy
ok,ok,ok_Set2_ (373),test,./dataset/skeleton_final_v2/ok/ok_Set2_ (373).npy,./batch_ok/fitted/ok_Set2_ (373).npy
thumb,thumbdown,hand-7-1530,test,./dataset/skeleton_final_v2/thumbdown/hand-7-1530.npy,./data/salux_refined_6cls/thumb_sources/thumbdown/fitted/hand-7-1530.npy
paper,paper,paper_7960,test,./dataset/skeleton_final_v2/paper/paper_7960.npy,./batch_paper/fitted/paper_7960.npy
ok,ok,ok_Set2_ (239),test,./dataset/skeleton_final_v2/ok/ok_Set2_ (239).npy,./batch_ok/fitted/ok_Set2_ (239).npy
rock,rock,rock-set2 (603),test,./dataset/skeleton_final_v2/rock/rock-set2 (603).npy,./batch_rock/fitted/rock-set2 (603).npy
ok,ok,ok_Set2_ (487),test,./dataset/skeleton_final_v2/ok/ok_Set2_ (487).npy,./batch_ok/fitted/ok_Set2_ (487).npy
ok,ok,ok_Set2_ (395),test,./dataset/skeleton_final_v2/ok/ok_Set2_ (395).npy,./batch_ok/fitted/ok_Set2_ (395).npy
rock,rock,rock-set2 (54),test,./dataset/skeleton_final_v2/rock/rock-set2 (54).npy,./batch_rock/fitted/rock-set2 (54).npy
the-finger,the-finger,the-finger_6059,test,./dataset/skeleton_final_v2/the-finger/the-finger_6059.npy,./batch_thefinger/fitted/the-finger_6059.npy
paper,paper,paper_6342,test,./dataset/skeleton_final_v2/paper/paper_6342.npy,./batch_paper/fitted/paper_6342.npy
the-finger,the-finger,the-finger-set2 (102),test,./dataset/skeleton_final_v2/the-finger/the-finger-set2 (102).npy,./batch_thefinger/fitted/the-finger-set2 (102).npy
scissors,scissors,scissors_5749,test,./dataset/skeleton_final_v2/scissors/scissors_5749.npy,./batch_scissors/fitted/scissors_5749.npy
thumb,thumbdown,hand-7-1590,test,./dataset/skeleton_final_v2/thumbdown/hand-7-1590.npy,./data/salux_refined_6cls/thumb_sources/thumbdown/fitted/hand-7-1590.npy
scissors,scissors,scissors_6958,test,./dataset/skeleton_final_v2/scissors/scissors_6958.npy,./batch_scissors/fitted/scissors_6958.npy
thumb,thumbup,thumbup (5),test,./dataset/skeleton_final_v2/thumbup/thumbup (5).npy,./data/salux_refined_6cls/thumb_sources/thumbup/fitted/thumbup (5).npy
thumb,thumbdown,thumbdown (173),test,./dataset/skeleton_final_v2/thumbdown/thumbdown (173).npy,./data/salux_refined_6cls/thumb_sources/thumbdown/fitted/thumbdown (173).npy
ok,ok,ok (228),test,./dataset/skeleton_final_v2/ok/ok (228).npy,./batch_ok/fitted/ok (228).npy
thumb,thumbup,thumbup_140,test,./dataset/skeleton_final_v2/thumbup/thumbup_140.npy,./data/salux_refined_6cls/thumb_sources/thumbup/fitted/thumbup_140.npy
ok,ok,ok (66),test,./dataset/skeleton_final_v2/ok/ok (66).npy,./batch_ok/fitted/ok (66).npy
paper,paper,paper_1832,test,./dataset/skeleton_final_v2/paper/paper_1832.npy,./batch_paper/fitted/paper_1832.npy
ok,ok,ok_Set2_ (65),test,./dataset/skeleton_final_v2/ok/ok_Set2_ (65).npy,./batch_ok/fitted/ok_Set2_ (65).npy
ok,ok,ok_1540,test,./dataset/skeleton_final_v2/ok/ok_1540.npy,./batch_ok/fitted/ok_1540.npy
scissors,scissors,scissors_6161,test,./dataset/skeleton_final_v2/scissors/scissors_6161.npy,./batch_scissors/fitted/scissors_6161.npy
thumb,thumbup,thumbup (301),test,./dataset/skeleton_final_v2/thumbup/thumbup (301).npy,./data/salux_refined_6cls/thumb_sources/thumbup/fitted/thumbup (301).npy
scissors,scissors,scissors_1115,test,./dataset/skeleton_final_v2/scissors/scissors_1115.npy,./batch_scissors/fitted/scissors_1115.npy
thumb,thumbdown,hand-12-1265,test,./dataset/skeleton_final_v2/thumbdown/hand-12-1265.npy,./data/salux_refined_6cls/thumb_sources/thumbdown/fitted/hand-12-1265.npy
scissors,scissors,scissors-set2 (399),test,./dataset/skeleton_final_v2/scissors/scissors-set2 (399).npy,./batch_scissors/fitted/scissors-set2 (399).npy
paper,paper,paper_2471,test,./dataset/skeleton_final_v2/paper/paper_2471.npy,./batch_paper/fitted/paper_2471.npy
ok,ok,ok (241),test,./dataset/skeleton_final_v2/ok/ok (241).npy,./batch_ok/fitted/ok (241).npy
thumb,thumbdown,thumbdown_3303,test,./dataset/skeleton_final_v2/thumbdown/thumbdown_3303.npy,./data/salux_refined_6cls/thumb_sources/thumbdown/fitted/thumbdown_3303.npy
paper,paper,paper (122),test,./dataset/skeleton_final_v2/paper/paper (122).npy,./batch_paper/fitted/paper (122).npy
rock,rock,rock-set2 (363),test,./dataset/skeleton_final_v2/rock/rock-set2 (363).npy,./batch_rock/fitted/rock-set2 (363).npy
thumb,thumbup,hand-10-2555,test,./dataset/skeleton_final_v2/thumbup/hand-10-2555.npy,./data/salux_refined_6cls/thumb_sources/thumbup/fitted/hand-10-2555.npy
thumb,thumbup,thumbup_6208,test,./dataset/skeleton_final_v2/thumbup/thumbup_6208.npy,./data/salux_refined_6cls/thumb_sources/thumbup/fitted/thumbup_6208.npy
paper,paper,paper-set2 (382),test,./dataset/skeleton_final_v2/paper/paper-set2 (382).npy,./batch_paper/fitted/paper-set2 (382).npy
paper,paper,paper-set2 (259),test,./dataset/skeleton_final_v2/paper/paper-set2 (259).npy,./batch_paper/fitted/paper-set2 (259).npy
ok,ok,ok_Set2_ (247),test,./dataset/skeleton_final_v2/ok/ok_Set2_ (247).npy,./batch_ok/fitted/ok_Set2_ (247).npy
thumb,thumbup,thumbup (322),test,./dataset/skeleton_final_v2/thumbup/thumbup (322).npy,./data/salux_refined_6cls/thumb_sources/thumbup/fitted/thumbup (322).npy
thumb,thumbup,thumbup_7194,test,./dataset/skeleton_final_v2/thumbup/thumbup_7194.npy,./data/salux_refined_6cls/thumb_sources/thumbup/fitted/thumbup_7194.npy
ok,ok,ok_5958,test,./dataset/skeleton_final_v2/ok/ok_5958.npy,./batch_ok/fitted/ok_5958.npy
the-finger,the-finger,the-finger-set2 (352),test,./dataset/skeleton_final_v2/the-finger/the-finger-set2 (352).npy,./batch_thefinger/fitted/the-finger-set2 (352).npy
ok,ok,ok_5530,test,./dataset/skeleton_final_v2/ok/ok_5530.npy,./batch_ok/fitted/ok_5530.npy
scissors,scissors,scissors-set2 (189),test,./dataset/skeleton_final_v2/scissors/scissors-set2 (189).npy,./batch_scissors/fitted/scissors-set2 (189).npy
ok,ok,ok_6402,test,./dataset/skeleton_final_v2/ok/ok_6402.npy,./batch_ok/fitted/ok_6402.npy
scissors,scissors,scissors-set2 (270),test,./dataset/skeleton_final_v2/scissors/scissors-set2 (270).npy,./batch_scissors/fitted/scissors-set2 (270).npy
ok,ok,ok_Set2_ (63),test,./dataset/skeleton_final_v2/ok/ok_Set2_ (63).npy,./batch_ok/fitted/ok_Set2_ (63).npy
ok,ok,ok_6191,test,./dataset/skeleton_final_v2/ok/ok_6191.npy,./batch_ok/fitted/ok_6191.npy
ok,ok,ok (32),test,./dataset/skeleton_final_v2/ok/ok (32).npy,./batch_ok/fitted/ok (32).npy
thumb,thumbdown,thumbdown (174),test,./dataset/skeleton_final_v2/thumbdown/thumbdown (174).npy,./data/salux_refined_6cls/thumb_sources/thumbdown/fitted/thumbdown (174).npy
rock,rock,rock_2,test,./dataset/skeleton_final_v2/rock/rock_2.npy,./batch_rock/fitted/rock_2.npy
scissors,scissors,scissors_3847,test,./dataset/skeleton_final_v2/scissors/scissors_3847.npy,./batch_scissors/fitted/scissors_3847.npy
rock,rock,rock-set2 (43),test,./dataset/skeleton_final_v2/rock/rock-set2 (43).npy,./batch_rock/fitted/rock-set2 (43).npy
thumb,thumbup,thumbup_1247,test,./dataset/skeleton_final_v2/thumbup/thumbup_1247.npy,./data/salux_refined_6cls/thumb_sources/thumbup/fitted/thumbup_1247.npy
scissors,scissors,scissors-set2 (325),test,./dataset/skeleton_final_v2/scissors/scissors-set2 (325).npy,./batch_scissors/fitted/scissors-set2 (325).npy
ok,ok,ok_Set2_ (454),test,./dataset/skeleton_final_v2/ok/ok_Set2_ (454).npy,./batch_ok/fitted/ok_Set2_ (454).npy
the-finger,the-finger,the-finger-set2 (133),test,./dataset/skeleton_final_v2/the-finger/the-finger-set2 (133).npy,./batch_thefinger/fitted/the-finger-set2 (133).npy
ok,ok,ok_5542,test,./dataset/skeleton_final_v2/ok/ok_5542.npy,./batch_ok/fitted/ok_5542.npy
paper,paper,paper_1051,test,./dataset/skeleton_final_v2/paper/paper_1051.npy,./batch_paper/fitted/paper_1051.npy
paper,paper,paper (117),test,./dataset/skeleton_final_v2/paper/paper (117).npy,./batch_paper/fitted/paper (117).npy
scissors,scissors,scissors-set2 (512),test,./dataset/skeleton_final_v2/scissors/scissors-set2 (512).npy,./batch_scissors/fitted/scissors-set2 (512).npy
ok,ok,ok_Set2_ (532),test,./dataset/skeleton_final_v2/ok/ok_Set2_ (532).npy,./batch_ok/fitted/ok_Set2_ (532).npy
ok,ok,ok_Set2_ (81),test,./dataset/skeleton_final_v2/ok/ok_Set2_ (81).npy,./batch_ok/fitted/ok_Set2_ (81).npy
thumb,thumbdown,thumbdown (35),test,./dataset/skeleton_final_v2/thumbdown/thumbdown (35).npy,./data/salux_refined_6cls/thumb_sources/thumbdown/fitted/thumbdown (35).npy
paper,paper,paper_5160,test,./dataset/skeleton_final_v2/paper/paper_5160.npy,./batch_paper/fitted/paper_5160.npy
thumb,thumbup,thumbup (227),test,./dataset/skeleton_final_v2/thumbup/thumbup (227).npy,./data/salux_refined_6cls/thumb_sources/thumbup/fitted/thumbup (227).npy
scissors,scissors,scissors-set2 (702),test,./dataset/skeleton_final_v2/scissors/scissors-set2 (702).npy,./batch_scissors/fitted/scissors-set2 (702).npy
rock,rock,rock-set2 (216),test,./dataset/skeleton_final_v2/rock/rock-set2 (216).npy,./batch_rock/fitted/rock-set2 (216).npy
paper,paper,paper_4600,test,./dataset/skeleton_final_v2/paper/paper_4600.npy,./batch_paper/fitted/paper_4600.npy
ok,ok,ok (2),test,./dataset/skeleton_final_v2/ok/ok (2).npy,./batch_ok/fitted/ok (2).npy
thumb,thumbdown,thumbdown_5583,test,./dataset/skeleton_final_v2/thumbdown/thumbdown_5583.npy,./data/salux_refined_6cls/thumb_sources/thumbdown/fitted/thumbdown_5583.npy
scissors,scissors,scissors (358),test,./dataset/skeleton_final_v2/scissors/scissors (358).npy,./batch_scissors/fitted/scissors (358).npy
scissors,scissors,scissors (374),test,./dataset/skeleton_final_v2/scissors/scissors (374).npy,./batch_scissors/fitted/scissors (374).npy
thumb,thumbdown,thumbdown_5819,test,./dataset/skeleton_final_v2/thumbdown/thumbdown_5819.npy,./data/salux_refined_6cls/thumb_sources/thumbdown/fitted/thumbdown_5819.npy
thumb,thumbdown,thumbdown (297),test,./dataset/skeleton_final_v2/thumbdown/thumbdown (297).npy,./data/salux_refined_6cls/thumb_sources/thumbdown/fitted/thumbdown (297).npy
ok,ok,ok_Set2_ (122),test,./dataset/skeleton_final_v2/ok/ok_Set2_ (122).npy,./batch_ok/fitted/ok_Set2_ (122).npy
thumb,thumbdown,hand-8-1890,test,./dataset/skeleton_final_v2/thumbdown/hand-8-1890.npy,./data/salux_refined_6cls/thumb_sources/thumbdown/fitted/hand-8-1890.npy
ok,ok,ok_Set2_ (14),test,./dataset/skeleton_final_v2/ok/ok_Set2_ (14).npy,./batch_ok/fitted/ok_Set2_ (14).npy
scissors,scissors,scissors (480),test,./dataset/skeleton_final_v2/scissors/scissors (480).npy,./batch_scissors/fitted/scissors (480).npy
scissors,scissors,scissors-set2 (294),test,./dataset/skeleton_final_v2/scissors/scissors-set2 (294).npy,./batch_scissors/fitted/scissors-set2 (294).npy
thumb,thumbdown,thumbdown (287),test,./dataset/skeleton_final_v2/thumbdown/thumbdown (287).npy,./data/salux_refined_6cls/thumb_sources/thumbdown/fitted/thumbdown (287).npy
thumb,thumbdown,hand-7-1660,test,./dataset/skeleton_final_v2/thumbdown/hand-7-1660.npy,./data/salux_refined_6cls/thumb_sources/thumbdown/fitted/hand-7-1660.npy
thumb,thumbup,thumbup (63),test,./dataset/skeleton_final_v2/thumbup/thumbup (63).npy,./data/salux_refined_6cls/thumb_sources/thumbup/fitted/thumbup (63).npy
thumb,thumbup,hand-10-2530,test,./dataset/skeleton_final_v2/thumbup/hand-10-2530.npy,./data/salux_refined_6cls/thumb_sources/thumbup/fitted/hand-10-2530.npy
scissors,scissors,scissors_6725,test,./dataset/skeleton_final_v2/scissors/scissors_6725.npy,./batch_scissors/fitted/scissors_6725.npy
rock,rock,rock_3583,test,./dataset/skeleton_final_v2/rock/rock_3583.npy,./batch_rock/fitted/rock_3583.npy
scissors,scissors,scissors-set2 (681),test,./dataset/skeleton_final_v2/scissors/scissors-set2 (681).npy,./batch_scissors/fitted/scissors-set2 (681).npy
thumb,thumbdown,thumbdown_7255,test,./dataset/skeleton_final_v2/thumbdown/thumbdown_7255.npy,./data/salux_refined_6cls/thumb_sources/thumbdown/fitted/thumbdown_7255.npy
scissors,scissors,scissors-set2 (7),test,./dataset/skeleton_final_v2/scissors/scissors-set2 (7).npy,./batch_scissors/fitted/scissors-set2 (7).npy
the-finger,the-finger,the-finger-set2 (342),test,./dataset/skeleton_final_v2/the-finger/the-finger-set2 (342).npy,./batch_thefinger/fitted/the-finger-set2 (342).npy
thumb,thumbdown,thumbdown (153),test,./dataset/skeleton_final_v2/thumbdown/thumbdown (153).npy,./data/salux_refined_6cls/thumb_sources/thumbdown/fitted/thumbdown (153).npy
paper,paper,paper_6533,test,./dataset/skeleton_final_v2/paper/paper_6533.npy,./batch_paper/fitted/paper_6533.npy
the-finger,the-finger,the-finger-set2 (201),test,./dataset/skeleton_final_v2/the-finger/the-finger-set2 (201).npy,./batch_thefinger/fitted/the-finger-set2 (201).npy
the-finger,the-finger,the-finger-set2 (354),test,./dataset/skeleton_final_v2/the-finger/the-finger-set2 (354).npy,./batch_thefinger/fitted/the-finger-set2 (354).npy
paper,paper,paper_1462,test,./dataset/skeleton_final_v2/paper/paper_1462.npy,./batch_paper/fitted/paper_1462.npy
scissors,scissors,scissors_5190,test,./dataset/skeleton_final_v2/scissors/scissors_5190.npy,./batch_scissors/fitted/scissors_5190.npy
the-finger,the-finger,the-finger-set2 (108),test,./dataset/skeleton_final_v2/the-finger/the-finger-set2 (108).npy,./batch_thefinger/fitted/the-finger-set2 (108).npy
ok,ok,ok_3981,test,./dataset/skeleton_final_v2/ok/ok_3981.npy,./batch_ok/fitted/ok_3981.npy
scissors,scissors,scissors (61),test,./dataset/skeleton_final_v2/scissors/scissors (61).npy,./batch_scissors/fitted/scissors (61).npy
the-finger,the-finger,the-finger-set2 (246),test,./dataset/skeleton_final_v2/the-finger/the-finger-set2 (246).npy,./batch_thefinger/fitted/the-finger-set2 (246).npy
the-finger,the-finger,the-finger-set2 (155),test,./dataset/skeleton_final_v2/the-finger/the-finger-set2 (155).npy,./batch_thefinger/fitted/the-finger-set2 (155).npy
ok,ok,ok_7000,test,./dataset/skeleton_final_v2/ok/ok_7000.npy,./batch_ok/fitted/ok_7000.npy
paper,paper,paper-set2 (158),test,./dataset/skeleton_final_v2/paper/paper-set2 (158).npy,./batch_paper/fitted/paper-set2 (158).npy
thumb,thumbdown,thumbdown (128),test,./dataset/skeleton_final_v2/thumbdown/thumbdown (128).npy,./data/salux_refined_6cls/thumb_sources/thumbdown/fitted/thumbdown (128).npy
scissors,scissors,scissors-set2 (249),test,./dataset/skeleton_final_v2/scissors/scissors-set2 (249).npy,./batch_scissors/fitted/scissors-set2 (249).npy
ok,ok,ok (160),test,./dataset/skeleton_final_v2/ok/ok (160).npy,./batch_ok/fitted/ok (160).npy
paper,paper,paper-set2 (437),test,./dataset/skeleton_final_v2/paper/paper-set2 (437).npy,./batch_paper/fitted/paper-set2 (437).npy
the-finger,the-finger,the-finger (1),test,./dataset/skeleton_final_v2/the-finger/the-finger (1).npy,./batch_thefinger/fitted/the-finger (1).npy
scissors,scissors,scissors-set2 (596),test,./dataset/skeleton_final_v2/scissors/scissors-set2 (596).npy,./batch_scissors/fitted/scissors-set2 (596).npy
ok,ok,ok (104),test,./dataset/skeleton_final_v2/ok/ok (104).npy,./batch_ok/fitted/ok (104).npy
scissors,scissors,scissors-set2 (392),test,./dataset/skeleton_final_v2/scissors/scissors-set2 (392).npy,./batch_scissors/fitted/scissors-set2 (392).npy
thumb,thumbdown,thumbdown_9384,test,./dataset/skeleton_final_v2/thumbdown/thumbdown_9384.npy,./data/salux_refined_6cls/thumb_sources/thumbdown/fitted/thumbdown_9384.npy
paper,paper,paper_3695,test,./dataset/skeleton_final_v2/paper/paper_3695.npy,./batch_paper/fitted/paper_3695.npy
paper,paper,paper-set2 (440),test,./dataset/skeleton_final_v2/paper/paper-set2 (440).npy,./batch_paper/fitted/paper-set2 (440).npy
the-finger,the-finger,the-finger_3507,test,./dataset/skeleton_final_v2/the-finger/the-finger_3507.npy,./batch_thefinger/fitted/the-finger_3507.npy
thumb,thumbup,thumbup (114),test,./dataset/skeleton_final_v2/thumbup/thumbup (114).npy,./data/salux_refined_6cls/thumb_sources/thumbup/fitted/thumbup (114).npy
paper,paper,paper_9150,test,./dataset/skeleton_final_v2/paper/paper_9150.npy,./batch_paper/fitted/paper_9150.npy
thumb,thumbdown,thumbdown_4444,test,./dataset/skeleton_final_v2/thumbdown/thumbdown_4444.npy,./data/salux_refined_6cls/thumb_sources/thumbdown/fitted/thumbdown_4444.npy
ok,ok,ok_Set2_ (347),test,./dataset/skeleton_final_v2/ok/ok_Set2_ (347).npy,./batch_ok/fitted/ok_Set2_ (347).npy
thumb,thumbdown,thumbdown_6846,test,./dataset/skeleton_final_v2/thumbdown/thumbdown_6846.npy,./data/salux_refined_6cls/thumb_sources/thumbdown/fitted/thumbdown_6846.npy
scissors,scissors,scissors-set2 (209),test,./dataset/skeleton_final_v2/scissors/scissors-set2 (209).npy,./batch_scissors/fitted/scissors-set2 (209).npy
scissors,scissors,scissors_434,test,./dataset/skeleton_final_v2/scissors/scissors_434.npy,./batch_scissors/fitted/scissors_434.npy
the-finger,the-finger,the-finger-set2 (364),test,./dataset/skeleton_final_v2/the-finger/the-finger-set2 (364).npy,./batch_thefinger/fitted/the-finger-set2 (364).npy
paper,paper,paper-set2 (20),test,./dataset/skeleton_final_v2/paper/paper-set2 (20).npy,./batch_paper/fitted/paper-set2 (20).npy
thumb,thumbdown,thumbdown_6845,test,./dataset/skeleton_final_v2/thumbdown/thumbdown_6845.npy,./data/salux_refined_6cls/thumb_sources/thumbdown/fitted/thumbdown_6845.npy
the-finger,the-finger,the-finger-set2 (229),test,./dataset/skeleton_final_v2/the-finger/the-finger-set2 (229).npy,./batch_thefinger/fitted/the-finger-set2 (229).npy
the-finger,the-finger,the-finger_3466,test,./dataset/skeleton_final_v2/the-finger/the-finger_3466.npy,./batch_thefinger/fitted/the-finger_3466.npy
scissors,scissors,scissors-set2 (311),test,./dataset/skeleton_final_v2/scissors/scissors-set2 (311).npy,./batch_scissors/fitted/scissors-set2 (311).npy
thumb,thumbdown,thumbdown_4387,test,./dataset/skeleton_final_v2/thumbdown/thumbdown_4387.npy,./data/salux_refined_6cls/thumb_sources/thumbdown/fitted/thumbdown_4387.npy
paper,paper,paper (29),test,./dataset/skeleton_final_v2/paper/paper (29).npy,./batch_paper/fitted/paper (29).npy
ok,ok,ok_Set2_ (397),test,./dataset/skeleton_final_v2/ok/ok_Set2_ (397).npy,./batch_ok/fitted/ok_Set2_ (397).npy
thumb,thumbup,thumbup_6791,test,./dataset/skeleton_final_v2/thumbup/thumbup_6791.npy,./data/salux_refined_6cls/thumb_sources/thumbup/fitted/thumbup_6791.npy
paper,paper,paper-set2 (394),test,./dataset/skeleton_final_v2/paper/paper-set2 (394).npy,./batch_paper/fitted/paper-set2 (394).npy
scissors,scissors,scissors_4615,test,./dataset/skeleton_final_v2/scissors/scissors_4615.npy,./batch_scissors/fitted/scissors_4615.npy
ok,ok,ok_Set2_ (241),test,./dataset/skeleton_final_v2/ok/ok_Set2_ (241).npy,./batch_ok/fitted/ok_Set2_ (241).npy
ok,ok,ok_Set2_ (413),test,./dataset/skeleton_final_v2/ok/ok_Set2_ (413).npy,./batch_ok/fitted/ok_Set2_ (413).npy
paper,paper,paper_382,test,./dataset/skeleton_final_v2/paper/paper_382.npy,./batch_paper/fitted/paper_382.npy
paper,paper,paper_7577,test,./dataset/skeleton_final_v2/paper/paper_7577.npy,./batch_paper/fitted/paper_7577.npy
paper,paper,paper-set2 (169),test,./dataset/skeleton_final_v2/paper/paper-set2 (169).npy,./batch_paper/fitted/paper-set2 (169).npy
ok,ok,ok_Set2_ (167),test,./dataset/skeleton_final_v2/ok/ok_Set2_ (167).npy,./batch_ok/fitted/ok_Set2_ (167).npy
scissors,scissors,scissors-set2 (739),test,./dataset/skeleton_final_v2/scissors/scissors-set2 (739).npy,./batch_scissors/fitted/scissors-set2 (739).npy
paper,paper,paper (210),test,./dataset/skeleton_final_v2/paper/paper (210).npy,./batch_paper/fitted/paper (210).npy
scissors,scissors,scissors_1885,test,./dataset/skeleton_final_v2/scissors/scissors_1885.npy,./batch_scissors/fitted/scissors_1885.npy
thumb,thumbup,thumbup (32),test,./dataset/skeleton_final_v2/thumbup/thumbup (32).npy,./data/salux_refined_6cls/thumb_sources/thumbup/fitted/thumbup (32).npy
scissors,scissors,scissors (8),test,./dataset/skeleton_final_v2/scissors/scissors (8).npy,./batch_scissors/fitted/scissors (8).npy
thumb,thumbup,thumbup (350),test,./dataset/skeleton_final_v2/thumbup/thumbup (350).npy,./data/salux_refined_6cls/thumb_sources/thumbup/fitted/thumbup (350).npy
thumb,thumbup,thumbup_6417,test,./dataset/skeleton_final_v2/thumbup/thumbup_6417.npy,./data/salux_refined_6cls/thumb_sources/thumbup/fitted/thumbup_6417.npy
paper,paper,paper-set2 (469),test,./dataset/skeleton_final_v2/paper/paper-set2 (469).npy,./batch_paper/fitted/paper-set2 (469).npy
the-finger,the-finger,the-finger_7264,test,./dataset/skeleton_final_v2/the-finger/the-finger_7264.npy,./batch_thefinger/fitted/the-finger_7264.npy
paper,paper,paper-set2 (450),test,./dataset/skeleton_final_v2/paper/paper-set2 (450).npy,./batch_paper/fitted/paper-set2 (450).npy
ok,ok,ok (123),test,./dataset/skeleton_final_v2/ok/ok (123).npy,./batch_ok/fitted/ok (123).npy
paper,paper,paper_3771,test,./dataset/skeleton_final_v2/paper/paper_3771.npy,./batch_paper/fitted/paper_3771.npy
paper,paper,paper-set2 (304),test,./dataset/skeleton_final_v2/paper/paper-set2 (304).npy,./batch_paper/fitted/paper-set2 (304).npy
ok,ok,ok (219),test,./dataset/skeleton_final_v2/ok/ok (219).npy,./batch_ok/fitted/ok (219).npy
ok,ok,ok_Set2_ (31),test,./dataset/skeleton_final_v2/ok/ok_Set2_ (31).npy,./batch_ok/fitted/ok_Set2_ (31).npy
scissors,scissors,scissors-set2 (33),test,./dataset/skeleton_final_v2/scissors/scissors-set2 (33).npy,./batch_scissors/fitted/scissors-set2 (33).npy
scissors,scissors,scissors (405),test,./dataset/skeleton_final_v2/scissors/scissors (405).npy,./batch_scissors/fitted/scissors (405).npy
paper,paper,paper (15),test,./dataset/skeleton_final_v2/paper/paper (15).npy,./batch_paper/fitted/paper (15).npy
paper,paper,paper (152),test,./dataset/skeleton_final_v2/paper/paper (152).npy,./batch_paper/fitted/paper (152).npy
scissors,scissors,scissors-set2 (396),test,./dataset/skeleton_final_v2/scissors/scissors-set2 (396).npy,./batch_scissors/fitted/scissors-set2 (396).npy
ok,ok,ok_3971,test,./dataset/skeleton_final_v2/ok/ok_3971.npy,./batch_ok/fitted/ok_3971.npy
thumb,thumbdown,thumbdown_2199,test,./dataset/skeleton_final_v2/thumbdown/thumbdown_2199.npy,./data/salux_refined_6cls/thumb_sources/thumbdown/fitted/thumbdown_2199.npy
thumb,thumbup,thumbup (110),test,./dataset/skeleton_final_v2/thumbup/thumbup (110).npy,./data/salux_refined_6cls/thumb_sources/thumbup/fitted/thumbup (110).npy
paper,paper,paper_6123,test,./dataset/skeleton_final_v2/paper/paper_6123.npy,./batch_paper/fitted/paper_6123.npy
scissors,scissors,scissors_7166,test,./dataset/skeleton_final_v2/scissors/scissors_7166.npy,./batch_scissors/fitted/scissors_7166.npy
paper,paper,paper (9),test,./dataset/skeleton_final_v2/paper/paper (9).npy,./batch_paper/fitted/paper (9).npy
thumb,thumbdown,thumbdown (67),test,./dataset/skeleton_final_v2/thumbdown/thumbdown (67).npy,./data/salux_refined_6cls/thumb_sources/thumbdown/fitted/thumbdown (67).npy
paper,paper,paper-set2 (421),test,./dataset/skeleton_final_v2/paper/paper-set2 (421).npy,./batch_paper/fitted/paper-set2 (421).npy
scissors,scissors,scissors-set2 (541),test,./dataset/skeleton_final_v2/scissors/scissors-set2 (541).npy,./batch_scissors/fitted/scissors-set2 (541).npy
thumb,thumbup,hand-10-240,test,./dataset/skeleton_final_v2/thumbup/hand-10-240.npy,./data/salux_refined_6cls/thumb_sources/thumbup/fitted/hand-10-240.npy
paper,paper,paper-set2 (255),test,./dataset/skeleton_final_v2/paper/paper-set2 (255).npy,./batch_paper/fitted/paper-set2 (255).npy
scissors,scissors,scissors-set2 (152),test,./dataset/skeleton_final_v2/scissors/scissors-set2 (152).npy,./batch_scissors/fitted/scissors-set2 (152).npy
thumb,thumbdown,thumbdown_7246,test,./dataset/skeleton_final_v2/thumbdown/thumbdown_7246.npy,./data/salux_refined_6cls/thumb_sources/thumbdown/fitted/thumbdown_7246.npy
scissors,scissors,scissors-set2 (711),test,./dataset/skeleton_final_v2/scissors/scissors-set2 (711).npy,./batch_scissors/fitted/scissors-set2 (711).npy
rock,rock,rock_6499,test,./dataset/skeleton_final_v2/rock/rock_6499.npy,./batch_rock/fitted/rock_6499.npy
paper,paper,paper_9164,test,./dataset/skeleton_final_v2/paper/paper_9164.npy,./batch_paper/fitted/paper_9164.npy
paper,paper,paper (88),test,./dataset/skeleton_final_v2/paper/paper (88).npy,./batch_paper/fitted/paper (88).npy
ok,ok,ok_7001,test,./dataset/skeleton_final_v2/ok/ok_7001.npy,./batch_ok/fitted/ok_7001.npy
thumb,thumbup,hand-9-1595,test,./dataset/skeleton_final_v2/thumbup/hand-9-1595.npy,./data/salux_refined_6cls/thumb_sources/thumbup/fitted/hand-9-1595.npy
thumb,thumbdown,thumbdown (29),test,./dataset/skeleton_final_v2/thumbdown/thumbdown (29).npy,./data/salux_refined_6cls/thumb_sources/thumbdown/fitted/thumbdown (29).npy
scissors,scissors,scissors (370),test,./dataset/skeleton_final_v2/scissors/scissors (370).npy,./batch_scissors/fitted/scissors (370).npy
rock,rock,rock_704,test,./dataset/skeleton_final_v2/rock/rock_704.npy,./batch_rock/fitted/rock_704.npy
ok,ok,ok (70),test,./dataset/skeleton_final_v2/ok/ok (70).npy,./batch_ok/fitted/ok (70).npy
ok,ok,ok_Set2_ (500),test,./dataset/skeleton_final_v2/ok/ok_Set2_ (500).npy,./batch_ok/fitted/ok_Set2_ (500).npy
ok,ok,ok_Set2_ (367),test,./dataset/skeleton_final_v2/ok/ok_Set2_ (367).npy,./batch_ok/fitted/ok_Set2_ (367).npy
ok,ok,ok_2862,test,./dataset/skeleton_final_v2/ok/ok_2862.npy,./batch_ok/fitted/ok_2862.npy
ok,ok,ok_Set2_ (262),test,./dataset/skeleton_final_v2/ok/ok_Set2_ (262).npy,./batch_ok/fitted/ok_Set2_ (262).npy
paper,paper,paper_7585,test,./dataset/skeleton_final_v2/paper/paper_7585.npy,./batch_paper/fitted/paper_7585.npy
the-finger,the-finger,the-finger_233,test,./dataset/skeleton_final_v2/the-finger/the-finger_233.npy,./batch_thefinger/fitted/the-finger_233.npy
thumb,thumbup,thumbup_6407,test,./dataset/skeleton_final_v2/thumbup/thumbup_6407.npy,./data/salux_refined_6cls/thumb_sources/thumbup/fitted/thumbup_6407.npy
the-finger,the-finger,the-finger-set2 (208),test,./dataset/skeleton_final_v2/the-finger/the-finger-set2 (208).npy,./batch_thefinger/fitted/the-finger-set2 (208).npy
ok,ok,ok_Set2_ (270),test,./dataset/skeleton_final_v2/ok/ok_Set2_ (270).npy,./batch_ok/fitted/ok_Set2_ (270).npy
paper,paper,paper-set2 (329),test,./dataset/skeleton_final_v2/paper/paper-set2 (329).npy,./batch_paper/fitted/paper-set2 (329).npy
ok,ok,ok_Set2_ (321),test,./dataset/skeleton_final_v2/ok/ok_Set2_ (321).npy,./batch_ok/fitted/ok_Set2_ (321).npy
thumb,thumbdown,thumbdown (132),test,./dataset/skeleton_final_v2/thumbdown/thumbdown (132).npy,./data/salux_refined_6cls/thumb_sources/thumbdown/fitted/thumbdown (132).npy
thumb,thumbdown,thumbdown_6827,test,./dataset/skeleton_final_v2/thumbdown/thumbdown_6827.npy,./data/salux_refined_6cls/thumb_sources/thumbdown/fitted/thumbdown_6827.npy
paper,paper,paper_4586,test,./dataset/skeleton_final_v2/paper/paper_4586.npy,./batch_paper/fitted/paper_4586.npy
paper,paper,paper (228),test,./dataset/skeleton_final_v2/paper/paper (228).npy,./batch_paper/fitted/paper (228).npy
thumb,thumbup,thumbup (386),test,./dataset/skeleton_final_v2/thumbup/thumbup (386).npy,./data/salux_refined_6cls/thumb_sources/thumbup/fitted/thumbup (386).npy
ok,ok,ok_Set2_ (164),test,./dataset/skeleton_final_v2/ok/ok_Set2_ (164).npy,./batch_ok/fitted/ok_Set2_ (164).npy
ok,ok,ok (254),test,./dataset/skeleton_final_v2/ok/ok (254).npy,./batch_ok/fitted/ok (254).npy
ok,ok,ok_Set2_ (324),test,./dataset/skeleton_final_v2/ok/ok_Set2_ (324).npy,./batch_ok/fitted/ok_Set2_ (324).npy
ok,ok,ok (138),test,./dataset/skeleton_final_v2/ok/ok (138).npy,./batch_ok/fitted/ok (138).npy
rock,rock,rock-set2 (52),test,./dataset/skeleton_final_v2/rock/rock-set2 (52).npy,./batch_rock/fitted/rock-set2 (52).npy
thumb,thumbup,hand-11-2240,test,./dataset/skeleton_final_v2/thumbup/hand-11-2240.npy,./data/salux_refined_6cls/thumb_sources/thumbup/fitted/hand-11-2240.npy
ok,ok,ok_2524,test,./dataset/skeleton_final_v2/ok/ok_2524.npy,./batch_ok/fitted/ok_2524.npy
ok,ok,ok_Set2_ (401),test,./dataset/skeleton_final_v2/ok/ok_Set2_ (401).npy,./batch_ok/fitted/ok_Set2_ (401).npy
ok,ok,ok_Set2_ (37),test,./dataset/skeleton_final_v2/ok/ok_Set2_ (37).npy,./batch_ok/fitted/ok_Set2_ (37).npy
thumb,thumbup,thumbup (264),test,./dataset/skeleton_final_v2/thumbup/thumbup (264).npy,./data/salux_refined_6cls/thumb_sources/thumbup/fitted/thumbup (264).npy
the-finger,the-finger,the-finger (145),test,./dataset/skeleton_final_v2/the-finger/the-finger (145).npy,./batch_thefinger/fitted/the-finger (145).npy
the-finger,the-finger,the-finger-set2 (95),test,./dataset/skeleton_final_v2/the-finger/the-finger-set2 (95).npy,./batch_thefinger/fitted/the-finger-set2 (95).npy
scissors,scissors,scissors (393),test,./dataset/skeleton_final_v2/scissors/scissors (393).npy,./batch_scissors/fitted/scissors (393).npy
thumb,thumbup,thumbup_7394,test,./dataset/skeleton_final_v2/thumbup/thumbup_7394.npy,./data/salux_refined_6cls/thumb_sources/thumbup/fitted/thumbup_7394.npy
thumb,thumbdown,hand-10-620,test,./dataset/skeleton_final_v2/thumbdown/hand-10-620.npy,./data/salux_refined_6cls/thumb_sources/thumbdown/fitted/hand-10-620.npy
ok,ok,ok_5778,test,./dataset/skeleton_final_v2/ok/ok_5778.npy,./batch_ok/fitted/ok_5778.npy
paper,paper,paper_6518,test,./dataset/skeleton_final_v2/paper/paper_6518.npy,./batch_paper/fitted/paper_6518.npy
the-finger,the-finger,the-finger_7267,test,./dataset/skeleton_final_v2/the-finger/the-finger_7267.npy,./batch_thefinger/fitted/the-finger_7267.npy
thumb,thumbup,thumbup (169),test,./dataset/skeleton_final_v2/thumbup/thumbup (169).npy,./data/salux_refined_6cls/thumb_sources/thumbup/fitted/thumbup (169).npy
thumb,thumbdown,hand-8-1925,test,./dataset/skeleton_final_v2/thumbdown/hand-8-1925.npy,./data/salux_refined_6cls/thumb_sources/thumbdown/fitted/hand-8-1925.npy
paper,paper,paper (249),test,./dataset/skeleton_final_v2/paper/paper (249).npy,./batch_paper/fitted/paper (249).npy
ok,ok,ok_6194,test,./dataset/skeleton_final_v2/ok/ok_6194.npy,./batch_ok/fitted/ok_6194.npy
thumb,thumbup,thumbup_2137,test,./dataset/skeleton_final_v2/thumbup/thumbup_2137.npy,./data/salux_refined_6cls/thumb_sources/thumbup/fitted/thumbup_2137.npy
scissors,scissors,scissors-set2 (598),test,./dataset/skeleton_final_v2/scissors/scissors-set2 (598).npy,./batch_scissors/fitted/scissors-set2 (598).npy
the-finger,the-finger,the-finger-set2 (1),test,./dataset/skeleton_final_v2/the-finger/the-finger-set2 (1).npy,./batch_thefinger/fitted/the-finger-set2 (1).npy
ok,ok,ok_Set2_ (415),test,./dataset/skeleton_final_v2/ok/ok_Set2_ (415).npy,./batch_ok/fitted/ok_Set2_ (415).npy
scissors,scissors,scissors-set2 (113),test,./dataset/skeleton_final_v2/scissors/scissors-set2 (113).npy,./batch_scissors/fitted/scissors-set2 (113).npy
scissors,scissors,scissors-set2 (722),test,./dataset/skeleton_final_v2/scissors/scissors-set2 (722).npy,./batch_scissors/fitted/scissors-set2 (722).npy
paper,paper,paper_5154,test,./dataset/skeleton_final_v2/paper/paper_5154.npy,./batch_paper/fitted/paper_5154.npy
ok,ok,ok_Set2_ (6),test,./dataset/skeleton_final_v2/ok/ok_Set2_ (6).npy,./batch_ok/fitted/ok_Set2_ (6).npy
rock,rock,rock-set2 (563),test,./dataset/skeleton_final_v2/rock/rock-set2 (563).npy,./batch_rock/fitted/rock-set2 (563).npy
scissors,scissors,scissors-set2 (116),test,./dataset/skeleton_final_v2/scissors/scissors-set2 (116).npy,./batch_scissors/fitted/scissors-set2 (116).npy
rock,rock,rock_678,test,./dataset/skeleton_final_v2/rock/rock_678.npy,./batch_rock/fitted/rock_678.npy
ok,ok,ok_6585,test,./dataset/skeleton_final_v2/ok/ok_6585.npy,./batch_ok/fitted/ok_6585.npy
paper,paper,paper (195),test,./dataset/skeleton_final_v2/paper/paper (195).npy,./batch_paper/fitted/paper (195).npy
ok,ok,ok_Set2_ (335),test,./dataset/skeleton_final_v2/ok/ok_Set2_ (335).npy,./batch_ok/fitted/ok_Set2_ (335).npy
rock,rock,rock-set2 (307),test,./dataset/skeleton_final_v2/rock/rock-set2 (307).npy,./batch_rock/fitted/rock-set2 (307).npy
thumb,thumbup,thumbup (262),test,./dataset/skeleton_final_v2/thumbup/thumbup (262).npy,./data/salux_refined_6cls/thumb_sources/thumbup/fitted/thumbup (262).npy
thumb,thumbdown,thumbdown (175),test,./dataset/skeleton_final_v2/thumbdown/thumbdown (175).npy,./data/salux_refined_6cls/thumb_sources/thumbdown/fitted/thumbdown (175).npy
the-finger,the-finger,the-finger_6297,test,./dataset/skeleton_final_v2/the-finger/the-finger_6297.npy,./batch_thefinger/fitted/the-finger_6297.npy
scissors,scissors,scissors-set2 (554),test,./dataset/skeleton_final_v2/scissors/scissors-set2 (554).npy,./batch_scissors/fitted/scissors-set2 (554).npy
scissors,scissors,scissors (186),test,./dataset/skeleton_final_v2/scissors/scissors (186).npy,./batch_scissors/fitted/scissors (186).npy
scissors,scissors,scissors-set2 (691),test,./dataset/skeleton_final_v2/scissors/scissors-set2 (691).npy,./batch_scissors/fitted/scissors-set2 (691).npy
thumb,thumbup,thumbup (309),test,./dataset/skeleton_final_v2/thumbup/thumbup (309).npy,./data/salux_refined_6cls/thumb_sources/thumbup/fitted/thumbup (309).npy
ok,ok,ok_Set2_ (434),test,./dataset/skeleton_final_v2/ok/ok_Set2_ (434).npy,./batch_ok/fitted/ok_Set2_ (434).npy
scissors,scissors,scissors_3905,test,./dataset/skeleton_final_v2/scissors/scissors_3905.npy,./batch_scissors/fitted/scissors_3905.npy
scissors,scissors,scissors (433),test,./dataset/skeleton_final_v2/scissors/scissors (433).npy,./batch_scissors/fitted/scissors (433).npy
the-finger,the-finger,the-finger (54),test,./dataset/skeleton_final_v2/the-finger/the-finger (54).npy,./batch_thefinger/fitted/the-finger (54).npy
thumb,thumbup,hand-10-2580,test,./dataset/skeleton_final_v2/thumbup/hand-10-2580.npy,./data/salux_refined_6cls/thumb_sources/thumbup/fitted/hand-10-2580.npy
paper,paper,paper_5450,test,./dataset/skeleton_final_v2/paper/paper_5450.npy,./batch_paper/fitted/paper_5450.npy
paper,paper,paper-set2 (316),test,./dataset/skeleton_final_v2/paper/paper-set2 (316).npy,./batch_paper/fitted/paper-set2 (316).npy
rock,rock,rock-set2 (564),test,./dataset/skeleton_final_v2/rock/rock-set2 (564).npy,./batch_rock/fitted/rock-set2 (564).npy
thumb,thumbup,thumbup (103),test,./dataset/skeleton_final_v2/thumbup/thumbup (103).npy,./data/salux_refined_6cls/thumb_sources/thumbup/fitted/thumbup (103).npy
thumb,thumbup,thumbup (365),test,./dataset/skeleton_final_v2/thumbup/thumbup (365).npy,./data/salux_refined_6cls/thumb_sources/thumbup/fitted/thumbup (365).npy
paper,paper,paper-set2 (414),test,./dataset/skeleton_final_v2/paper/paper-set2 (414).npy,./batch_paper/fitted/paper-set2 (414).npy
paper,paper,paper-set2 (356),test,./dataset/skeleton_final_v2/paper/paper-set2 (356).npy,./batch_paper/fitted/paper-set2 (356).npy
ok,ok,ok_Set2_ (573),test,./dataset/skeleton_final_v2/ok/ok_Set2_ (573).npy,./batch_ok/fitted/ok_Set2_ (573).npy
thumb,thumbdown,thumbdown (14),test,./dataset/skeleton_final_v2/thumbdown/thumbdown (14).npy,./data/salux_refined_6cls/thumb_sources/thumbdown/fitted/thumbdown (14).npy
paper,paper,paper_4602,test,./dataset/skeleton_final_v2/paper/paper_4602.npy,./batch_paper/fitted/paper_4602.npy
paper,paper,paper-set2 (416),test,./dataset/skeleton_final_v2/paper/paper-set2 (416).npy,./batch_paper/fitted/paper-set2 (416).npy
thumb,thumbdown,hand-7-1520,test,./dataset/skeleton_final_v2/thumbdown/hand-7-1520.npy,./data/salux_refined_6cls/thumb_sources/thumbdown/fitted/hand-7-1520.npy
thumb,thumbup,thumbup (87),test,./dataset/skeleton_final_v2/thumbup/thumbup (87).npy,./data/salux_refined_6cls/thumb_sources/thumbup/fitted/thumbup (87).npy
scissors,scissors,scissors-set2 (508),test,./dataset/skeleton_final_v2/scissors/scissors-set2 (508).npy,./batch_scissors/fitted/scissors-set2 (508).npy
thumb,thumbup,hand-7-1320,test,./dataset/skeleton_final_v2/thumbup/hand-7-1320.npy,./data/salux_refined_6cls/thumb_sources/thumbup/fitted/hand-7-1320.npy
ok,ok,ok_Set2_ (526),test,./dataset/skeleton_final_v2/ok/ok_Set2_ (526).npy,./batch_ok/fitted/ok_Set2_ (526).npy
ok,ok,ok_Set2_ (175),test,./dataset/skeleton_final_v2/ok/ok_Set2_ (175).npy,./batch_ok/fitted/ok_Set2_ (175).npy
paper,paper,paper-set2 (52),test,./dataset/skeleton_final_v2/paper/paper-set2 (52).npy,./batch_paper/fitted/paper-set2 (52).npy
rock,rock,rock (240),test,./dataset/skeleton_final_v2/rock/rock (240).npy,./batch_rock/fitted/rock (240).npy
the-finger,the-finger,the-finger_2254,test,./dataset/skeleton_final_v2/the-finger/the-finger_2254.npy,./batch_thefinger/fitted/the-finger_2254.npy
paper,paper,paper_7153,test,./dataset/skeleton_final_v2/paper/paper_7153.npy,./batch_paper/fitted/paper_7153.npy
scissors,scissors,scissors-set2 (92),test,./dataset/skeleton_final_v2/scissors/scissors-set2 (92).npy,./batch_scissors/fitted/scissors-set2 (92).npy
ok,ok,ok_1173,test,./dataset/skeleton_final_v2/ok/ok_1173.npy,./batch_ok/fitted/ok_1173.npy
the-finger,the-finger,the-finger-set2 (135),test,./dataset/skeleton_final_v2/the-finger/the-finger-set2 (135).npy,./batch_thefinger/fitted/the-finger-set2 (135).npy
the-finger,the-finger,the-finger-set2 (316),test,./dataset/skeleton_final_v2/the-finger/the-finger-set2 (316).npy,./batch_thefinger/fitted/the-finger-set2 (316).npy
scissors,scissors,scissors-set2 (441),test,./dataset/skeleton_final_v2/scissors/scissors-set2 (441).npy,./batch_scissors/fitted/scissors-set2 (441).npy
thumb,thumbdown,thumbdown (87),test,./dataset/skeleton_final_v2/thumbdown/thumbdown (87).npy,./data/salux_refined_6cls/thumb_sources/thumbdown/fitted/thumbdown (87).npy
paper,paper,paper_5458,test,./dataset/skeleton_final_v2/paper/paper_5458.npy,./batch_paper/fitted/paper_5458.npy
ok,ok,ok_6980,test,./dataset/skeleton_final_v2/ok/ok_6980.npy,./batch_ok/fitted/ok_6980.npy
scissors,scissors,scissors-set2 (171),test,./dataset/skeleton_final_v2/scissors/scissors-set2 (171).npy,./batch_scissors/fitted/scissors-set2 (171).npy
ok,ok,ok_8034,test,./dataset/skeleton_final_v2/ok/ok_8034.npy,./batch_ok/fitted/ok_8034.npy
thumb,thumbup,hand-7-1395,test,./dataset/skeleton_final_v2/thumbup/hand-7-1395.npy,./data/salux_refined_6cls/thumb_sources/thumbup/fitted/hand-7-1395.npy
thumb,thumbdown,thumbdown (73),test,./dataset/skeleton_final_v2/thumbdown/thumbdown (73).npy,./data/salux_refined_6cls/thumb_sources/thumbdown/fitted/thumbdown (73).npy
scissors,scissors,scissors-set2 (494),test,./dataset/skeleton_final_v2/scissors/scissors-set2 (494).npy,./batch_scissors/fitted/scissors-set2 (494).npy
paper,paper,paper-set2 (348),test,./dataset/skeleton_final_v2/paper/paper-set2 (348).npy,./batch_paper/fitted/paper-set2 (348).npy
scissors,scissors,scissors_8010,test,./dataset/skeleton_final_v2/scissors/scissors_8010.npy,./batch_scissors/fitted/scissors_8010.npy
ok,ok,ok_Set2_ (468),test,./dataset/skeleton_final_v2/ok/ok_Set2_ (468).npy,./batch_ok/fitted/ok_Set2_ (468).npy
paper,paper,paper_5156,test,./dataset/skeleton_final_v2/paper/paper_5156.npy,./batch_paper/fitted/paper_5156.npy
the-finger,the-finger,the-finger (13),test,./dataset/skeleton_final_v2/the-finger/the-finger (13).npy,./batch_thefinger/fitted/the-finger (13).npy
paper,paper,paper_3647,test,./dataset/skeleton_final_v2/paper/paper_3647.npy,./batch_paper/fitted/paper_3647.npy
ok,ok,ok (162),test,./dataset/skeleton_final_v2/ok/ok (162).npy,./batch_ok/fitted/ok (162).npy
paper,paper,paper-set2 (275),test,./dataset/skeleton_final_v2/paper/paper-set2 (275).npy,./batch_paper/fitted/paper-set2 (275).npy
scissors,scissors,scissors-set2 (665),test,./dataset/skeleton_final_v2/scissors/scissors-set2 (665).npy,./batch_scissors/fitted/scissors-set2 (665).npy
scissors,scissors,scissors-set2 (4),test,./dataset/skeleton_final_v2/scissors/scissors-set2 (4).npy,./batch_scissors/fitted/scissors-set2 (4).npy
thumb,thumbdown,thumbdown_176,test,./dataset/skeleton_final_v2/thumbdown/thumbdown_176.npy,./data/salux_refined_6cls/thumb_sources/thumbdown/fitted/thumbdown_176.npy
scissors,scissors,scissors-set2 (657),test,./dataset/skeleton_final_v2/scissors/scissors-set2 (657).npy,./batch_scissors/fitted/scissors-set2 (657).npy
scissors,scissors,scissors_6718,test,./dataset/skeleton_final_v2/scissors/scissors_6718.npy,./batch_scissors/fitted/scissors_6718.npy
ok,ok,ok_2526,test,./dataset/skeleton_final_v2/ok/ok_2526.npy,./batch_ok/fitted/ok_2526.npy
thumb,thumbdown,thumbdown (211),test,./dataset/skeleton_final_v2/thumbdown/thumbdown (211).npy,./data/salux_refined_6cls/thumb_sources/thumbdown/fitted/thumbdown (211).npy
thumb,thumbup,thumbup (192),test,./dataset/skeleton_final_v2/thumbup/thumbup (192).npy,./data/salux_refined_6cls/thumb_sources/thumbup/fitted/thumbup (192).npy
ok,ok,ok_Set2_ (36),test,./dataset/skeleton_final_v2/ok/ok_Set2_ (36).npy,./batch_ok/fitted/ok_Set2_ (36).npy
scissors,scissors,scissors (325),test,./dataset/skeleton_final_v2/scissors/scissors (325).npy,./batch_scissors/fitted/scissors (325).npy
ok,ok,ok_Set2_ (285),test,./dataset/skeleton_final_v2/ok/ok_Set2_ (285).npy,./batch_ok/fitted/ok_Set2_ (285).npy
thumb,thumbdown,hand-10-75,test,./dataset/skeleton_final_v2/thumbdown/hand-10-75.npy,./data/salux_refined_6cls/thumb_sources/thumbdown/fitted/hand-10-75.npy
the-finger,the-finger,the-finger-set2 (436),test,./dataset/skeleton_final_v2/the-finger/the-finger-set2 (436).npy,./batch_thefinger/fitted/the-finger-set2 (436).npy
thumb,thumbdown,thumbdown (4),test,./dataset/skeleton_final_v2/thumbdown/thumbdown (4).npy,./data/salux_refined_6cls/thumb_sources/thumbdown/fitted/thumbdown (4).npy
thumb,thumbup,thumbup (189),test,./dataset/skeleton_final_v2/thumbup/thumbup (189).npy,./data/salux_refined_6cls/thumb_sources/thumbup/fitted/thumbup (189).npy
rock,rock,rock (189),test,./dataset/skeleton_final_v2/rock/rock (189).npy,./batch_rock/fitted/rock (189).npy
ok,ok,ok_6403,test,./dataset/skeleton_final_v2/ok/ok_6403.npy,./batch_ok/fitted/ok_6403.npy
thumb,thumbup,thumbup (138),test,./dataset/skeleton_final_v2/thumbup/thumbup (138).npy,./data/salux_refined_6cls/thumb_sources/thumbup/fitted/thumbup (138).npy
paper,paper,paper_7621,test,./dataset/skeleton_final_v2/paper/paper_7621.npy,./batch_paper/fitted/paper_7621.npy
thumb,thumbup,thumbup_6415,test,./dataset/skeleton_final_v2/thumbup/thumbup_6415.npy,./data/salux_refined_6cls/thumb_sources/thumbup/fitted/thumbup_6415.npy
rock,rock,rock-set2 (220),test,./dataset/skeleton_final_v2/rock/rock-set2 (220).npy,./batch_rock/fitted/rock-set2 (220).npy
the-finger,the-finger,the-finger-set2 (383),test,./dataset/skeleton_final_v2/the-finger/the-finger-set2 (383).npy,./batch_thefinger/fitted/the-finger-set2 (383).npy
thumb,thumbup,hand-11-2190,test,./dataset/skeleton_final_v2/thumbup/hand-11-2190.npy,./data/salux_refined_6cls/thumb_sources/thumbup/fitted/hand-11-2190.npy
ok,ok,ok_5248,test,./dataset/skeleton_final_v2/ok/ok_5248.npy,./batch_ok/fitted/ok_5248.npy
scissors,scissors,scissors-set2 (605),test,./dataset/skeleton_final_v2/scissors/scissors-set2 (605).npy,./batch_scissors/fitted/scissors-set2 (605).npy
scissors,scissors,scissors-set2 (261),test,./dataset/skeleton_final_v2/scissors/scissors-set2 (261).npy,./batch_scissors/fitted/scissors-set2 (261).npy
thumb,thumbup,thumbup (199),test,./dataset/skeleton_final_v2/thumbup/thumbup (199).npy,./data/salux_refined_6cls/thumb_sources/thumbup/fitted/thumbup (199).npy
the-finger,the-finger,the-finger-set2 (297),test,./dataset/skeleton_final_v2/the-finger/the-finger-set2 (297).npy,./batch_thefinger/fitted/the-finger-set2 (297).npy
scissors,scissors,scissors_6720,test,./dataset/skeleton_final_v2/scissors/scissors_6720.npy,./batch_scissors/fitted/scissors_6720.npy
scissors,scissors,scissors-set2 (151),test,./dataset/skeleton_final_v2/scissors/scissors-set2 (151).npy,./batch_scissors/fitted/scissors-set2 (151).npy
ok,ok,ok_Set2_ (354),test,./dataset/skeleton_final_v2/ok/ok_Set2_ (354).npy,./batch_ok/fitted/ok_Set2_ (354).npy
paper,paper,paper (188),test,./dataset/skeleton_final_v2/paper/paper (188).npy,./batch_paper/fitted/paper (188).npy
scissors,scissors,scissors (327),test,./dataset/skeleton_final_v2/scissors/scissors (327).npy,./batch_scissors/fitted/scissors (327).npy
thumb,thumbup,thumbup_6001,test,./dataset/skeleton_final_v2/thumbup/thumbup_6001.npy,./data/salux_refined_6cls/thumb_sources/thumbup/fitted/thumbup_6001.npy
ok,ok,ok_5546,test,./dataset/skeleton_final_v2/ok/ok_5546.npy,./batch_ok/fitted/ok_5546.npy
scissors,scissors,scissors-set2 (19),test,./dataset/skeleton_final_v2/scissors/scissors-set2 (19).npy,./batch_scissors/fitted/scissors-set2 (19).npy
paper,paper,paper-set2 (266),test,./dataset/skeleton_final_v2/paper/paper-set2 (266).npy,./batch_paper/fitted/paper-set2 (266).npy
the-finger,the-finger,the-finger (119),test,./dataset/skeleton_final_v2/the-finger/the-finger (119).npy,./batch_thefinger/fitted/the-finger (119).npy
the-finger,the-finger,the-finger_6274,test,./dataset/skeleton_final_v2/the-finger/the-finger_6274.npy,./batch_thefinger/fitted/the-finger_6274.npy
thumb,thumbdown,thumbdown_855,test,./dataset/skeleton_final_v2/thumbdown/thumbdown_855.npy,./data/salux_refined_6cls/thumb_sources/thumbdown/fitted/thumbdown_855.npy
rock,rock,rock_8418,test,./dataset/skeleton_final_v2/rock/rock_8418.npy,./batch_rock/fitted/rock_8418.npy
ok,ok,ok_71,test,./dataset/skeleton_final_v2/ok/ok_71.npy,./batch_ok/fitted/ok_71.npy
thumb,thumbdown,thumbdown_3239,test,./dataset/skeleton_final_v2/thumbdown/thumbdown_3239.npy,./data/salux_refined_6cls/thumb_sources/thumbdown/fitted/thumbdown_3239.npy
scissors,scissors,scissors-set2 (620),test,./dataset/skeleton_final_v2/scissors/scissors-set2 (620).npy,./batch_scissors/fitted/scissors-set2 (620).npy
paper,paper,paper_1013,test,./dataset/skeleton_final_v2/paper/paper_1013.npy,./batch_paper/fitted/paper_1013.npy
thumb,thumbdown,hand-11-850,test,./dataset/skeleton_final_v2/thumbdown/hand-11-850.npy,./data/salux_refined_6cls/thumb_sources/thumbdown/fitted/hand-11-850.npy
paper,paper,paper (67),test,./dataset/skeleton_final_v2/paper/paper (67).npy,./batch_paper/fitted/paper (67).npy
scissors,scissors,scissors_6969,test,./dataset/skeleton_final_v2/scissors/scissors_6969.npy,./batch_scissors/fitted/scissors_6969.npy
thumb,thumbup,hand-9-1550,test,./dataset/skeleton_final_v2/thumbup/hand-9-1550.npy,./data/salux_refined_6cls/thumb_sources/thumbup/fitted/hand-9-1550.npy
paper,paper,paper_3687,test,./dataset/skeleton_final_v2/paper/paper_3687.npy,./batch_paper/fitted/paper_3687.npy
ok,ok,ok_Set2_ (323),test,./dataset/skeleton_final_v2/ok/ok_Set2_ (323).npy,./batch_ok/fitted/ok_Set2_ (323).npy
thumb,thumbdown,thumbdown (300),test,./dataset/skeleton_final_v2/thumbdown/thumbdown (300).npy,./data/salux_refined_6cls/thumb_sources/thumbdown/fitted/thumbdown (300).npy
thumb,thumbdown,thumbdown (269),test,./dataset/skeleton_final_v2/thumbdown/thumbdown (269).npy,./data/salux_refined_6cls/thumb_sources/thumbdown/fitted/thumbdown (269).npy
scissors,scissors,scissors_2609,test,./dataset/skeleton_final_v2/scissors/scissors_2609.npy,./batch_scissors/fitted/scissors_2609.npy
scissors,scissors,scissors_5753,test,./dataset/skeleton_final_v2/scissors/scissors_5753.npy,./batch_scissors/fitted/scissors_5753.npy
ok,ok,ok_Set2_ (26),test,./dataset/skeleton_final_v2/ok/ok_Set2_ (26).npy,./batch_ok/fitted/ok_Set2_ (26).npy
the-finger,the-finger,the-finger_7270,test,./dataset/skeleton_final_v2/the-finger/the-finger_7270.npy,./batch_thefinger/fitted/the-finger_7270.npy
thumb,thumbup,thumbup_1650,test,./dataset/skeleton_final_v2/thumbup/thumbup_1650.npy,./data/salux_refined_6cls/thumb_sources/thumbup/fitted/thumbup_1650.npy
paper,paper,paper_6709,test,./dataset/skeleton_final_v2/paper/paper_6709.npy,./batch_paper/fitted/paper_6709.npy
the-finger,the-finger,the-finger (59),test,./dataset/skeleton_final_v2/the-finger/the-finger (59).npy,./batch_thefinger/fitted/the-finger (59).npy
scissors,scissors,scissors-set2 (710),test,./dataset/skeleton_final_v2/scissors/scissors-set2 (710).npy,./batch_scissors/fitted/scissors-set2 (710).npy
thumb,thumbdown,thumbdown_6251,test,./dataset/skeleton_final_v2/thumbdown/thumbdown_6251.npy,./data/salux_refined_6cls/thumb_sources/thumbdown/fitted/thumbdown_6251.npy
paper,paper,paper-set2 (360),test,./dataset/skeleton_final_v2/paper/paper-set2 (360).npy,./batch_paper/fitted/paper-set2 (360).npy
the-finger,the-finger,the-finger_7273,test,./dataset/skeleton_final_v2/the-finger/the-finger_7273.npy,./batch_thefinger/fitted/the-finger_7273.npy
the-finger,the-finger,the-finger-set2 (71),test,./dataset/skeleton_final_v2/the-finger/the-finger-set2 (71).npy,./batch_thefinger/fitted/the-finger-set2 (71).npy
thumb,thumbup,thumbup (21),test,./dataset/skeleton_final_v2/thumbup/thumbup (21).npy,./data/salux_refined_6cls/thumb_sources/thumbup/fitted/thumbup (21).npy
rock,rock,rock_302,test,./dataset/skeleton_final_v2/rock/rock_302.npy,./batch_rock/fitted/rock_302.npy
paper,paper,paper_3693,test,./dataset/skeleton_final_v2/paper/paper_3693.npy,./batch_paper/fitted/paper_3693.npy
paper,paper,paper-set2 (391),test,./dataset/skeleton_final_v2/paper/paper-set2 (391).npy,./batch_paper/fitted/paper-set2 (391).npy
scissors,scissors,scissors (36),test,./dataset/skeleton_final_v2/scissors/scissors (36).npy,./batch_scissors/fitted/scissors (36).npy
thumb,thumbup,hand-9-1570,test,./dataset/skeleton_final_v2/thumbup/hand-9-1570.npy,./data/salux_refined_6cls/thumb_sources/thumbup/fitted/hand-9-1570.npy
ok,ok,ok_791,test,./dataset/skeleton_final_v2/ok/ok_791.npy,./batch_ok/fitted/ok_791.npy
paper,paper,paper-set2 (90),test,./dataset/skeleton_final_v2/paper/paper-set2 (90).npy,./batch_paper/fitted/paper-set2 (90).npy
paper,paper,paper-set2 (486),test,./dataset/skeleton_final_v2/paper/paper-set2 (486).npy,./batch_paper/fitted/paper-set2 (486).npy
rock,rock,rock (99),test,./dataset/skeleton_final_v2/rock/rock (99).npy,./batch_rock/fitted/rock (99).npy
thumb,thumbup,thumbup (180),test,./dataset/skeleton_final_v2/thumbup/thumbup (180).npy,./data/salux_refined_6cls/thumb_sources/thumbup/fitted/thumbup (180).npy
thumb,thumbdown,thumbdown (125),test,./dataset/skeleton_final_v2/thumbdown/thumbdown (125).npy,./data/salux_refined_6cls/thumb_sources/thumbdown/fitted/thumbdown (125).npy
thumb,thumbdown,thumbdown_6850,test,./dataset/skeleton_final_v2/thumbdown/thumbdown_6850.npy,./data/salux_refined_6cls/thumb_sources/thumbdown/fitted/thumbdown_6850.npy
scissors,scissors,scissors (24),test,./dataset/skeleton_final_v2/scissors/scissors (24).npy,./batch_scissors/fitted/scissors (24).npy
thumb,thumbdown,thumbdown (325),test,./dataset/skeleton_final_v2/thumbdown/thumbdown (325).npy,./data/salux_refined_6cls/thumb_sources/thumbdown/fitted/thumbdown (325).npy
the-finger,the-finger,the-finger-set2 (408),test,./dataset/skeleton_final_v2/the-finger/the-finger-set2 (408).npy,./batch_thefinger/fitted/the-finger-set2 (408).npy
thumb,thumbup,thumbup_6210,test,./dataset/skeleton_final_v2/thumbup/thumbup_6210.npy,./data/salux_refined_6cls/thumb_sources/thumbup/fitted/thumbup_6210.npy
ok,ok,ok_Set2_ (509),test,./dataset/skeleton_final_v2/ok/ok_Set2_ (509).npy,./batch_ok/fitted/ok_Set2_ (509).npy
scissors,scissors,scissors_8776,test,./dataset/skeleton_final_v2/scissors/scissors_8776.npy,./batch_scissors/fitted/scissors_8776.npy
thumb,thumbup,thumbup_8950,test,./dataset/skeleton_final_v2/thumbup/thumbup_8950.npy,./data/salux_refined_6cls/thumb_sources/thumbup/fitted/thumbup_8950.npy
paper,paper,paper-set2 (226),test,./dataset/skeleton_final_v2/paper/paper-set2 (226).npy,./batch_paper/fitted/paper-set2 (226).npy
thumb,thumbup,thumbup (260),test,./dataset/skeleton_final_v2/thumbup/thumbup (260).npy,./data/salux_refined_6cls/thumb_sources/thumbup/fitted/thumbup (260).npy
paper,paper,paper-set2 (7),test,./dataset/skeleton_final_v2/paper/paper-set2 (7).npy,./batch_paper/fitted/paper-set2 (7).npy
ok,ok,ok_2027,test,./dataset/skeleton_final_v2/ok/ok_2027.npy,./batch_ok/fitted/ok_2027.npy
thumb,thumbup,thumbup (340),test,./dataset/skeleton_final_v2/thumbup/thumbup (340).npy,./data/salux_refined_6cls/thumb_sources/thumbup/fitted/thumbup (340).npy
rock,rock,rock_8372,test,./dataset/skeleton_final_v2/rock/rock_8372.npy,./batch_rock/fitted/rock_8372.npy
the-finger,the-finger,the-finger-set2 (318),test,./dataset/skeleton_final_v2/the-finger/the-finger-set2 (318).npy,./batch_thefinger/fitted/the-finger-set2 (318).npy
ok,ok,ok_Set2_ (349),test,./dataset/skeleton_final_v2/ok/ok_Set2_ (349).npy,./batch_ok/fitted/ok_Set2_ (349).npy
ok,ok,ok_Set2_ (28),test,./dataset/skeleton_final_v2/ok/ok_Set2_ (28).npy,./batch_ok/fitted/ok_Set2_ (28).npy
scissors,scissors,scissors (387),test,./dataset/skeleton_final_v2/scissors/scissors (387).npy,./batch_scissors/fitted/scissors (387).npy
thumb,thumbup,thumbup_7049,test,./dataset/skeleton_final_v2/thumbup/thumbup_7049.npy,./data/salux_refined_6cls/thumb_sources/thumbup/fitted/thumbup_7049.npy
scissors,scissors,scissors-set2 (327),test,./dataset/skeleton_final_v2/scissors/scissors-set2 (327).npy,./batch_scissors/fitted/scissors-set2 (327).npy
scissors,scissors,scissors_6559,test,./dataset/skeleton_final_v2/scissors/scissors_6559.npy,./batch_scissors/fitted/scissors_6559.npy
the-finger,the-finger,the-finger (15),test,./dataset/skeleton_final_v2/the-finger/the-finger (15).npy,./batch_thefinger/fitted/the-finger (15).npy
the-finger,the-finger,the-finger_6471,test,./dataset/skeleton_final_v2/the-finger/the-finger_6471.npy,./batch_thefinger/fitted/the-finger_6471.npy
the-finger,the-finger,the-finger (71),test,./dataset/skeleton_final_v2/the-finger/the-finger (71).npy,./batch_thefinger/fitted/the-finger (71).npy
the-finger,the-finger,the-finger-set2 (249),test,./dataset/skeleton_final_v2/the-finger/the-finger-set2 (249).npy,./batch_thefinger/fitted/the-finger-set2 (249).npy
ok,ok,ok_Set2_ (8),test,./dataset/skeleton_final_v2/ok/ok_Set2_ (8).npy,./batch_ok/fitted/ok_Set2_ (8).npy
thumb,thumbup,thumbup (257),test,./dataset/skeleton_final_v2/thumbup/thumbup (257).npy,./data/salux_refined_6cls/thumb_sources/thumbup/fitted/thumbup (257).npy
scissors,scissors,scissors-set2 (156),test,./dataset/skeleton_final_v2/scissors/scissors-set2 (156).npy,./batch_scissors/fitted/scissors-set2 (156).npy
paper,paper,paper-set2 (452),test,./dataset/skeleton_final_v2/paper/paper-set2 (452).npy,./batch_paper/fitted/paper-set2 (452).npy
ok,ok,ok_Set2_ (554),test,./dataset/skeleton_final_v2/ok/ok_Set2_ (554).npy,./batch_ok/fitted/ok_Set2_ (554).npy
the-finger,the-finger,the-finger_7810,test,./dataset/skeleton_final_v2/the-finger/the-finger_7810.npy,./batch_thefinger/fitted/the-finger_7810.npy
the-finger,the-finger,the-finger-set2 (222),test,./dataset/skeleton_final_v2/the-finger/the-finger-set2 (222).npy,./batch_thefinger/fitted/the-finger-set2 (222).npy
paper,paper,paper (269),test,./dataset/skeleton_final_v2/paper/paper (269).npy,./batch_paper/fitted/paper (269).npy
the-finger,the-finger,the-finger-set2 (165),test,./dataset/skeleton_final_v2/the-finger/the-finger-set2 (165).npy,./batch_thefinger/fitted/the-finger-set2 (165).npy
thumb,thumbdown,thumbdown_7449,test,./dataset/skeleton_final_v2/thumbdown/thumbdown_7449.npy,./data/salux_refined_6cls/thumb_sources/thumbdown/fitted/thumbdown_7449.npy
thumb,thumbup,thumbup_2057,test,./dataset/skeleton_final_v2/thumbup/thumbup_2057.npy,./data/salux_refined_6cls/thumb_sources/thumbup/fitted/thumbup_2057.npy
scissors,scissors,scissors-set2 (636),test,./dataset/skeleton_final_v2/scissors/scissors-set2 (636).npy,./batch_scissors/fitted/scissors-set2 (636).npy
thumb,thumbup,thumbup (270),test,./dataset/skeleton_final_v2/thumbup/thumbup (270).npy,./data/salux_refined_6cls/thumb_sources/thumbup/fitted/thumbup (270).npy
the-finger,the-finger,the-finger_6877,test,./dataset/skeleton_final_v2/the-finger/the-finger_6877.npy,./batch_thefinger/fitted/the-finger_6877.npy
ok,ok,ok_Set2_ (236),test,./dataset/skeleton_final_v2/ok/ok_Set2_ (236).npy,./batch_ok/fitted/ok_Set2_ (236).npy
paper,paper,paper-set2 (484),test,./dataset/skeleton_final_v2/paper/paper-set2 (484).npy,./batch_paper/fitted/paper-set2 (484).npy
thumb,thumbdown,thumbdown_6039,test,./dataset/skeleton_final_v2/thumbdown/thumbdown_6039.npy,./data/salux_refined_6cls/thumb_sources/thumbdown/fitted/thumbdown_6039.npy
scissors,scissors,scissors_5175,test,./dataset/skeleton_final_v2/scissors/scissors_5175.npy,./batch_scissors/fitted/scissors_5175.npy
thumb,thumbdown,thumbdown (201),test,./dataset/skeleton_final_v2/thumbdown/thumbdown (201).npy,./data/salux_refined_6cls/thumb_sources/thumbdown/fitted/thumbdown (201).npy
thumb,thumbup,thumbup (434),test,./dataset/skeleton_final_v2/thumbup/thumbup (434).npy,./data/salux_refined_6cls/thumb_sources/thumbup/fitted/thumbup (434).npy
paper,paper,paper-set2 (87),test,./dataset/skeleton_final_v2/paper/paper-set2 (87).npy,./batch_paper/fitted/paper-set2 (87).npy
the-finger,the-finger,the-finger_3517,test,./dataset/skeleton_final_v2/the-finger/the-finger_3517.npy,./batch_thefinger/fitted/the-finger_3517.npy
scissors,scissors,scissors-set2 (687),test,./dataset/skeleton_final_v2/scissors/scissors-set2 (687).npy,./batch_scissors/fitted/scissors-set2 (687).npy
thumb,thumbup,thumbup (275),test,./dataset/skeleton_final_v2/thumbup/thumbup (275).npy,./data/salux_refined_6cls/thumb_sources/thumbup/fitted/thumbup (275).npy
thumb,thumbdown,hand-10-2675,test,./dataset/skeleton_final_v2/thumbdown/hand-10-2675.npy,./data/salux_refined_6cls/thumb_sources/thumbdown/fitted/hand-10-2675.npy
paper,paper,paper_1444,test,./dataset/skeleton_final_v2/paper/paper_1444.npy,./batch_paper/fitted/paper_1444.npy
thumb,thumbup,thumbup_6782,test,./dataset/skeleton_final_v2/thumbup/thumbup_6782.npy,./data/salux_refined_6cls/thumb_sources/thumbup/fitted/thumbup_6782.npy
scissors,scissors,scissors_8810,test,./dataset/skeleton_final_v2/scissors/scissors_8810.npy,./batch_scissors/fitted/scissors_8810.npy
scissors,scissors,scissors (289),test,./dataset/skeleton_final_v2/scissors/scissors (289).npy,./batch_scissors/fitted/scissors (289).npy
scissors,scissors,scissors-set2 (253),test,./dataset/skeleton_final_v2/scissors/scissors-set2 (253).npy,./batch_scissors/fitted/scissors-set2 (253).npy
rock,rock,rock-set2 (110),test,./dataset/skeleton_final_v2/rock/rock-set2 (110).npy,./batch_rock/fitted/rock-set2 (110).npy
paper,paper,paper (155),test,./dataset/skeleton_final_v2/paper/paper (155).npy,./batch_paper/fitted/paper (155).npy
thumb,thumbup,thumbup (440),test,./dataset/skeleton_final_v2/thumbup/thumbup (440).npy,./data/salux_refined_6cls/thumb_sources/thumbup/fitted/thumbup (440).npy
rock,rock,rock-set2 (576),test,./dataset/skeleton_final_v2/rock/rock-set2 (576).npy,./batch_rock/fitted/rock-set2 (576).npy
the-finger,the-finger,the-finger-set2 (389),test,./dataset/skeleton_final_v2/the-finger/the-finger-set2 (389).npy,./batch_thefinger/fitted/the-finger-set2 (389).npy
paper,paper,paper_3636,test,./dataset/skeleton_final_v2/paper/paper_3636.npy,./batch_paper/fitted/paper_3636.npy
paper,paper,paper (42),test,./dataset/skeleton_final_v2/paper/paper (42).npy,./batch_paper/fitted/paper (42).npy
scissors,scissors,scissors (31),test,./dataset/skeleton_final_v2/scissors/scissors (31).npy,./batch_scissors/fitted/scissors (31).npy
scissors,scissors,scissors-set2 (656),test,./dataset/skeleton_final_v2/scissors/scissors-set2 (656).npy,./batch_scissors/fitted/scissors-set2 (656).npy
scissors,scissors,scissors-set2 (391),test,./dataset/skeleton_final_v2/scissors/scissors-set2 (391).npy,./batch_scissors/fitted/scissors-set2 (391).npy
ok,ok,ok_Set2_ (83),test,./dataset/skeleton_final_v2/ok/ok_Set2_ (83).npy,./batch_ok/fitted/ok_Set2_ (83).npy
thumb,thumbup,hand-10-220,test,./dataset/skeleton_final_v2/thumbup/hand-10-220.npy,./data/salux_refined_6cls/thumb_sources/thumbup/fitted/hand-10-220.npy
thumb,thumbdown,thumbdown (150),test,./dataset/skeleton_final_v2/thumbdown/thumbdown (150).npy,./data/salux_refined_6cls/thumb_sources/thumbdown/fitted/thumbdown (150).npy
ok,ok,ok_5266,test,./dataset/skeleton_final_v2/ok/ok_5266.npy,./batch_ok/fitted/ok_5266.npy
thumb,thumbdown,thumbdown (227),test,./dataset/skeleton_final_v2/thumbdown/thumbdown (227).npy,./data/salux_refined_6cls/thumb_sources/thumbdown/fitted/thumbdown (227).npy
paper,paper,paper_1858,test,./dataset/skeleton_final_v2/paper/paper_1858.npy,./batch_paper/fitted/paper_1858.npy
thumb,thumbup,thumbup (338),test,./dataset/skeleton_final_v2/thumbup/thumbup (338).npy,./data/salux_refined_6cls/thumb_sources/thumbup/fitted/thumbup (338).npy
thumb,thumbdown,thumbdown (337),test,./dataset/skeleton_final_v2/thumbdown/thumbdown (337).npy,./data/salux_refined_6cls/thumb_sources/thumbdown/fitted/thumbdown (337).npy
the-finger,the-finger,the-finger-set2 (40),test,./dataset/skeleton_final_v2/the-finger/the-finger-set2 (40).npy,./batch_thefinger/fitted/the-finger-set2 (40).npy
ok,ok,ok_Set2_ (172),test,./dataset/skeleton_final_v2/ok/ok_Set2_ (172).npy,./batch_ok/fitted/ok_Set2_ (172).npy
scissors,scissors,scissors-set2 (689),test,./dataset/skeleton_final_v2/scissors/scissors-set2 (689).npy,./batch_scissors/fitted/scissors-set2 (689).npy
scissors,scissors,scissors-set2 (345),test,./dataset/skeleton_final_v2/scissors/scissors-set2 (345).npy,./batch_scissors/fitted/scissors-set2 (345).npy
rock,rock,rock-set2 (309),test,./dataset/skeleton_final_v2/rock/rock-set2 (309).npy,./batch_rock/fitted/rock-set2 (309).npy
rock,rock,rock (16),test,./dataset/skeleton_final_v2/rock/rock (16).npy,./batch_rock/fitted/rock (16).npy
scissors,scissors,scissors_7178,test,./dataset/skeleton_final_v2/scissors/scissors_7178.npy,./batch_scissors/fitted/scissors_7178.npy
the-finger,the-finger,the-finger-set2 (177),test,./dataset/skeleton_final_v2/the-finger/the-finger-set2 (177).npy,./batch_thefinger/fitted/the-finger-set2 (177).npy
thumb,thumbup,thumbup_7202,test,./dataset/skeleton_final_v2/thumbup/thumbup_7202.npy,./data/salux_refined_6cls/thumb_sources/thumbup/fitted/thumbup_7202.npy
the-finger,the-finger,the-finger (70),test,./dataset/skeleton_final_v2/the-finger/the-finger (70).npy,./batch_thefinger/fitted/the-finger (70).npy
scissors,scissors,scissors_7972,test,./dataset/skeleton_final_v2/scissors/scissors_7972.npy,./batch_scissors/fitted/scissors_7972.npy
paper,paper,paper_2467,test,./dataset/skeleton_final_v2/paper/paper_2467.npy,./batch_paper/fitted/paper_2467.npy
paper,paper,paper_3806,test,./dataset/skeleton_final_v2/paper/paper_3806.npy,./batch_paper/fitted/paper_3806.npy
ok,ok,ok_5780,test,./dataset/skeleton_final_v2/ok/ok_5780.npy,./batch_ok/fitted/ok_5780.npy
scissors,scissors,scissors-set2 (727),test,./dataset/skeleton_final_v2/scissors/scissors-set2 (727).npy,./batch_scissors/fitted/scissors-set2 (727).npy
rock,rock,rock-set2 (148),test,./dataset/skeleton_final_v2/rock/rock-set2 (148).npy,./batch_rock/fitted/rock-set2 (148).npy
rock,rock,rock (200),test,./dataset/skeleton_final_v2/rock/rock (200).npy,./batch_rock/fitted/rock (200).npy
thumb,thumbup,thumbup (410),test,./dataset/skeleton_final_v2/thumbup/thumbup (410).npy,./data/salux_refined_6cls/thumb_sources/thumbup/fitted/thumbup (410).npy
paper,paper,paper (35),test,./dataset/skeleton_final_v2/paper/paper (35).npy,./batch_paper/fitted/paper (35).npy
scissors,scissors,scissors-set2 (65),test,./dataset/skeleton_final_v2/scissors/scissors-set2 (65).npy,./batch_scissors/fitted/scissors-set2 (65).npy
thumb,thumbdown,hand-7-1655,test,./dataset/skeleton_final_v2/thumbdown/hand-7-1655.npy,./data/salux_refined_6cls/thumb_sources/thumbdown/fitted/hand-7-1655.npy
ok,ok,ok_5552,test,./dataset/skeleton_final_v2/ok/ok_5552.npy,./batch_ok/fitted/ok_5552.npy
the-finger,the-finger,the-finger-set2 (90),test,./dataset/skeleton_final_v2/the-finger/the-finger-set2 (90).npy,./batch_thefinger/fitted/the-finger-set2 (90).npy
scissors,scissors,scissors_3874,test,./dataset/skeleton_final_v2/scissors/scissors_3874.npy,./batch_scissors/fitted/scissors_3874.npy
rock,rock,rock-set2 (221),test,./dataset/skeleton_final_v2/rock/rock-set2 (221).npy,./batch_rock/fitted/rock-set2 (221).npy
scissors,scissors,scissors (465),test,./dataset/skeleton_final_v2/scissors/scissors (465).npy,./batch_scissors/fitted/scissors (465).npy
ok,ok,ok_2750,test,./dataset/skeleton_final_v2/ok/ok_2750.npy,./batch_ok/fitted/ok_2750.npy
paper,paper,paper_716,test,./dataset/skeleton_final_v2/paper/paper_716.npy,./batch_paper/fitted/paper_716.npy
the-finger,the-finger,the-finger-set2 (178),test,./dataset/skeleton_final_v2/the-finger/the-finger-set2 (178).npy,./batch_thefinger/fitted/the-finger-set2 (178).npy
scissors,scissors,scissors (375),test,./dataset/skeleton_final_v2/scissors/scissors (375).npy,./batch_scissors/fitted/scissors (375).npy
thumb,thumbdown,thumbdown (6),test,./dataset/skeleton_final_v2/thumbdown/thumbdown (6).npy,./data/salux_refined_6cls/thumb_sources/thumbdown/fitted/thumbdown (6).npy
thumb,thumbdown,thumbdown (167),test,./dataset/skeleton_final_v2/thumbdown/thumbdown (167).npy,./data/salux_refined_6cls/thumb_sources/thumbdown/fitted/thumbdown (167).npy
paper,paper,paper-set2 (284),test,./dataset/skeleton_final_v2/paper/paper-set2 (284).npy,./batch_paper/fitted/paper-set2 (284).npy
scissors,scissors,scissors-set2 (316),test,./dataset/skeleton_final_v2/scissors/scissors-set2 (316).npy,./batch_scissors/fitted/scissors-set2 (316).npy
the-finger,the-finger,the-finger_7846,test,./dataset/skeleton_final_v2/the-finger/the-finger_7846.npy,./batch_thefinger/fitted/the-finger_7846.npy
thumb,thumbup,thumbup (22),test,./dataset/skeleton_final_v2/thumbup/thumbup (22).npy,./data/salux_refined_6cls/thumb_sources/thumbup/fitted/thumbup (22).npy
thumb,thumbup,thumbup (208),test,./dataset/skeleton_final_v2/thumbup/thumbup (208).npy,./data/salux_refined_6cls/thumb_sources/thumbup/fitted/thumbup (208).npy
scissors,scissors,scissors-set2 (204),test,./dataset/skeleton_final_v2/scissors/scissors-set2 (204).npy,./batch_scissors/fitted/scissors-set2 (204).npy
thumb,thumbup,hand-10-440,test,./dataset/skeleton_final_v2/thumbup/hand-10-440.npy,./data/salux_refined_6cls/thumb_sources/thumbup/fitted/hand-10-440.npy
paper,paper,paper_6353,test,./dataset/skeleton_final_v2/paper/paper_6353.npy,./batch_paper/fitted/paper_6353.npy
thumb,thumbup,hand-7-1360,test,./dataset/skeleton_final_v2/thumbup/hand-7-1360.npy,./data/salux_refined_6cls/thumb_sources/thumbup/fitted/hand-7-1360.npy
scissors,scissors,scissors-set2 (323),test,./dataset/skeleton_final_v2/scissors/scissors-set2 (323).npy,./batch_scissors/fitted/scissors-set2 (323).npy
paper,paper,paper_8752,test,./dataset/skeleton_final_v2/paper/paper_8752.npy,./batch_paper/fitted/paper_8752.npy
thumb,thumbdown,thumbdown (25),test,./dataset/skeleton_final_v2/thumbdown/thumbdown (25).npy,./data/salux_refined_6cls/thumb_sources/thumbdown/fitted/thumbdown (25).npy
scissors,scissors,scissors (200),test,./dataset/skeleton_final_v2/scissors/scissors (200).npy,./batch_scissors/fitted/scissors (200).npy
paper,paper,paper_7944,test,./dataset/skeleton_final_v2/paper/paper_7944.npy,./batch_paper/fitted/paper_7944.npy
paper,paper,paper_7322,test,./dataset/skeleton_final_v2/paper/paper_7322.npy,./batch_paper/fitted/paper_7322.npy
thumb,thumbup,thumbup (107),test,./dataset/skeleton_final_v2/thumbup/thumbup (107).npy,./data/salux_refined_6cls/thumb_sources/thumbup/fitted/thumbup (107).npy
ok,ok,ok (250),test,./dataset/skeleton_final_v2/ok/ok (250).npy,./batch_ok/fitted/ok (250).npy
scissors,scissors,scissors_3841,test,./dataset/skeleton_final_v2/scissors/scissors_3841.npy,./batch_scissors/fitted/scissors_3841.npy
scissors,scissors,scissors-set2 (64),test,./dataset/skeleton_final_v2/scissors/scissors-set2 (64).npy,./batch_scissors/fitted/scissors-set2 (64).npy
the-finger,the-finger,the-finger_5366,test,./dataset/skeleton_final_v2/the-finger/the-finger_5366.npy,./batch_thefinger/fitted/the-finger_5366.npy
paper,paper,paper-set2 (370),test,./dataset/skeleton_final_v2/paper/paper-set2 (370).npy,./batch_paper/fitted/paper-set2 (370).npy
scissors,scissors,scissors (442),test,./dataset/skeleton_final_v2/scissors/scissors (442).npy,./batch_scissors/fitted/scissors (442).npy
thumb,thumbdown,thumbdown (234),test,./dataset/skeleton_final_v2/thumbdown/thumbdown (234).npy,./data/salux_refined_6cls/thumb_sources/thumbdown/fitted/thumbdown (234).npy
the-finger,the-finger,the-finger-set2 (423),test,./dataset/skeleton_final_v2/the-finger/the-finger-set2 (423).npy,./batch_thefinger/fitted/the-finger-set2 (423).npy
paper,paper,paper-set2 (204),test,./dataset/skeleton_final_v2/paper/paper-set2 (204).npy,./batch_paper/fitted/paper-set2 (204).npy
paper,paper,paper-set2 (170),test,./dataset/skeleton_final_v2/paper/paper-set2 (170).npy,./batch_paper/fitted/paper-set2 (170).npy
paper,paper,paper (74),test,./dataset/skeleton_final_v2/paper/paper (74).npy,./batch_paper/fitted/paper (74).npy
the-finger,the-finger,the-finger_7079,test,./dataset/skeleton_final_v2/the-finger/the-finger_7079.npy,./batch_thefinger/fitted/the-finger_7079.npy
scissors,scissors,scissors-set2 (524),test,./dataset/skeleton_final_v2/scissors/scissors-set2 (524).npy,./batch_scissors/fitted/scissors-set2 (524).npy
scissors,scissors,scissors (371),test,./dataset/skeleton_final_v2/scissors/scissors (371).npy,./batch_scissors/fitted/scissors (371).npy
scissors,scissors,scissors (133),test,./dataset/skeleton_final_v2/scissors/scissors (133).npy,./batch_scissors/fitted/scissors (133).npy
scissors,scissors,scissors (451),test,./dataset/skeleton_final_v2/scissors/scissors (451).npy,./batch_scissors/fitted/scissors (451).npy
ok,ok,ok_2774,test,./dataset/skeleton_final_v2/ok/ok_2774.npy,./batch_ok/fitted/ok_2774.npy
thumb,thumbup,thumbup_1704,test,./dataset/skeleton_final_v2/thumbup/thumbup_1704.npy,./data/salux_refined_6cls/thumb_sources/thumbup/fitted/thumbup_1704.npy
thumb,thumbup,thumbup (133),test,./dataset/skeleton_final_v2/thumbup/thumbup (133).npy,./data/salux_refined_6cls/thumb_sources/thumbup/fitted/thumbup (133).npy
scissors,scissors,scissors-set2 (302),test,./dataset/skeleton_final_v2/scissors/scissors-set2 (302).npy,./batch_scissors/fitted/scissors-set2 (302).npy
ok,ok,ok_Set2_ (552),test,./dataset/skeleton_final_v2/ok/ok_Set2_ (552).npy,./batch_ok/fitted/ok_Set2_ (552).npy
thumb,thumbup,thumbup (204),test,./dataset/skeleton_final_v2/thumbup/thumbup (204).npy,./data/salux_refined_6cls/thumb_sources/thumbup/fitted/thumbup (204).npy
thumb,thumbup,thumbup (57),test,./dataset/skeleton_final_v2/thumbup/thumbup (57).npy,./data/salux_refined_6cls/thumb_sources/thumbup/fitted/thumbup (57).npy
the-finger,the-finger,the-finger-set2 (262),test,./dataset/skeleton_final_v2/the-finger/the-finger-set2 (262).npy,./batch_thefinger/fitted/the-finger-set2 (262).npy
paper,paper,paper_6348,test,./dataset/skeleton_final_v2/paper/paper_6348.npy,./batch_paper/fitted/paper_6348.npy
ok,ok,ok_Set2_ (156),test,./dataset/skeleton_final_v2/ok/ok_Set2_ (156).npy,./batch_ok/fitted/ok_Set2_ (156).npy
the-finger,the-finger,the-finger_7258,test,./dataset/skeleton_final_v2/the-finger/the-finger_7258.npy,./batch_thefinger/fitted/the-finger_7258.npy
scissors,scissors,scissors-set2 (420),test,./dataset/skeleton_final_v2/scissors/scissors-set2 (420).npy,./batch_scissors/fitted/scissors-set2 (420).npy
thumb,thumbdown,hand-11-780,test,./dataset/skeleton_final_v2/thumbdown/hand-11-780.npy,./data/salux_refined_6cls/thumb_sources/thumbdown/fitted/hand-11-780.npy
the-finger,the-finger,the-finger-set2 (67),test,./dataset/skeleton_final_v2/the-finger/the-finger-set2 (67).npy,./batch_thefinger/fitted/the-finger-set2 (67).npy
scissors,scissors,scissors_6722,test,./dataset/skeleton_final_v2/scissors/scissors_6722.npy,./batch_scissors/fitted/scissors_6722.npy
ok,ok,ok_Set2_ (184),test,./dataset/skeleton_final_v2/ok/ok_Set2_ (184).npy,./batch_ok/fitted/ok_Set2_ (184).npy
the-finger,the-finger,the-finger_6071,test,./dataset/skeleton_final_v2/the-finger/the-finger_6071.npy,./batch_thefinger/fitted/the-finger_6071.npy
thumb,thumbdown,thumbdown_7796,test,./dataset/skeleton_final_v2/thumbdown/thumbdown_7796.npy,./data/salux_refined_6cls/thumb_sources/thumbdown/fitted/thumbdown_7796.npy
paper,paper,paper_1031,test,./dataset/skeleton_final_v2/paper/paper_1031.npy,./batch_paper/fitted/paper_1031.npy
paper,paper,paper_5902,test,./dataset/skeleton_final_v2/paper/paper_5902.npy,./batch_paper/fitted/paper_5902.npy
paper,paper,paper-set2 (198),test,./dataset/skeleton_final_v2/paper/paper-set2 (198).npy,./batch_paper/fitted/paper-set2 (198).npy
thumb,thumbup,thumbup (91),test,./dataset/skeleton_final_v2/thumbup/thumbup (91).npy,./data/salux_refined_6cls/thumb_sources/thumbup/fitted/thumbup (91).npy
ok,ok,ok_Set2_ (120),test,./dataset/skeleton_final_v2/ok/ok_Set2_ (120).npy,./batch_ok/fitted/ok_Set2_ (120).npy
thumb,thumbup,thumbup_4172,test,./dataset/skeleton_final_v2/thumbup/thumbup_4172.npy,./data/salux_refined_6cls/thumb_sources/thumbup/fitted/thumbup_4172.npy
the-finger,the-finger,the-finger-set2 (156),test,./dataset/skeleton_final_v2/the-finger/the-finger-set2 (156).npy,./batch_thefinger/fitted/the-finger-set2 (156).npy
paper,paper,paper-set2 (473),test,./dataset/skeleton_final_v2/paper/paper-set2 (473).npy,./batch_paper/fitted/paper-set2 (473).npy
thumb,thumbup,thumbup (224),test,./dataset/skeleton_final_v2/thumbup/thumbup (224).npy,./data/salux_refined_6cls/thumb_sources/thumbup/fitted/thumbup (224).npy
paper,paper,paper_7954,test,./dataset/skeleton_final_v2/paper/paper_7954.npy,./batch_paper/fitted/paper_7954.npy
scissors,scissors,scissors-set2 (61),test,./dataset/skeleton_final_v2/scissors/scissors-set2 (61).npy,./batch_scissors/fitted/scissors-set2 (61).npy
the-finger,the-finger,the-finger_6469,test,./dataset/skeleton_final_v2/the-finger/the-finger_6469.npy,./batch_thefinger/fitted/the-finger_6469.npy
scissors,scissors,scissors-set2 (224),test,./dataset/skeleton_final_v2/scissors/scissors-set2 (224).npy,./batch_scissors/fitted/scissors-set2 (224).npy
ok,ok,ok_7688,test,./dataset/skeleton_final_v2/ok/ok_7688.npy,./batch_ok/fitted/ok_7688.npy
scissors,scissors,scissors_5193,test,./dataset/skeleton_final_v2/scissors/scissors_5193.npy,./batch_scissors/fitted/scissors_5193.npy
thumb,thumbup,thumbup (463),test,./dataset/skeleton_final_v2/thumbup/thumbup (463).npy,./data/salux_refined_6cls/thumb_sources/thumbup/fitted/thumbup (463).npy
the-finger,the-finger,the-finger (143),test,./dataset/skeleton_final_v2/the-finger/the-finger (143).npy,./batch_thefinger/fitted/the-finger (143).npy
rock,rock,rock_3155,test,./dataset/skeleton_final_v2/rock/rock_3155.npy,./batch_rock/fitted/rock_3155.npy
the-finger,the-finger,the-finger_634,test,./dataset/skeleton_final_v2/the-finger/the-finger_634.npy,./batch_thefinger/fitted/the-finger_634.npy
ok,ok,ok_2652,test,./dataset/skeleton_final_v2/ok/ok_2652.npy,./batch_ok/fitted/ok_2652.npy
ok,ok,ok_Set2_ (121),test,./dataset/skeleton_final_v2/ok/ok_Set2_ (121).npy,./batch_ok/fitted/ok_Set2_ (121).npy
thumb,thumbdown,thumbdown_5599,test,./dataset/skeleton_final_v2/thumbdown/thumbdown_5599.npy,./data/salux_refined_6cls/thumb_sources/thumbdown/fitted/thumbdown_5599.npy
paper,paper,paper_5890,test,./dataset/skeleton_final_v2/paper/paper_5890.npy,./batch_paper/fitted/paper_5890.npy
paper,paper,paper_5465,test,./dataset/skeleton_final_v2/paper/paper_5465.npy,./batch_paper/fitted/paper_5465.npy
paper,paper,paper-set2 (187),test,./dataset/skeleton_final_v2/paper/paper-set2 (187).npy,./batch_paper/fitted/paper-set2 (187).npy
the-finger,the-finger,the-finger-set2 (420),test,./dataset/skeleton_final_v2/the-finger/the-finger-set2 (420).npy,./batch_thefinger/fitted/the-finger-set2 (420).npy
paper,paper,paper_6346,test,./dataset/skeleton_final_v2/paper/paper_6346.npy,./batch_paper/fitted/paper_6346.npy
scissors,scissors,scissors-set2 (618),test,./dataset/skeleton_final_v2/scissors/scissors-set2 (618).npy,./batch_scissors/fitted/scissors-set2 (618).npy
the-finger,the-finger,the-finger (85),test,./dataset/skeleton_final_v2/the-finger/the-finger (85).npy,./batch_thefinger/fitted/the-finger (85).npy
ok,ok,ok (24),test,./dataset/skeleton_final_v2/ok/ok (24).npy,./batch_ok/fitted/ok (24).npy
thumb,thumbdown,thumbdown_5654,test,./dataset/skeleton_final_v2/thumbdown/thumbdown_5654.npy,./data/salux_refined_6cls/thumb_sources/thumbdown/fitted/thumbdown_5654.npy
thumb,thumbdown,thumbdown_5327,test,./dataset/skeleton_final_v2/thumbdown/thumbdown_5327.npy,./data/salux_refined_6cls/thumb_sources/thumbdown/fitted/thumbdown_5327.npy
the-finger,the-finger,the-finger-set2 (330),test,./dataset/skeleton_final_v2/the-finger/the-finger-set2 (330).npy,./batch_thefinger/fitted/the-finger-set2 (330).npy
ok,ok,ok_6750,test,./dataset/skeleton_final_v2/ok/ok_6750.npy,./batch_ok/fitted/ok_6750.npy
paper,paper,paper_7143,test,./dataset/skeleton_final_v2/paper/paper_7143.npy,./batch_paper/fitted/paper_7143.npy
scissors,scissors,scissors-set2 (257),test,./dataset/skeleton_final_v2/scissors/scissors-set2 (257).npy,./batch_scissors/fitted/scissors-set2 (257).npy
paper,paper,paper-set2 (239),test,./dataset/skeleton_final_v2/paper/paper-set2 (239).npy,./batch_paper/fitted/paper-set2 (239).npy
scissors,scissors,scissors (188),test,./dataset/skeleton_final_v2/scissors/scissors (188).npy,./batch_scissors/fitted/scissors (188).npy
scissors,scissors,scissors-set2 (15),test,./dataset/skeleton_final_v2/scissors/scissors-set2 (15).npy,./batch_scissors/fitted/scissors-set2 (15).npy
scissors,scissors,scissors-set2 (207),test,./dataset/skeleton_final_v2/scissors/scissors-set2 (207).npy,./batch_scissors/fitted/scissors-set2 (207).npy
the-finger,the-finger,the-finger-set2 (387),test,./dataset/skeleton_final_v2/the-finger/the-finger-set2 (387).npy,./batch_thefinger/fitted/the-finger-set2 (387).npy
scissors,scissors,scissors_5484,test,./dataset/skeleton_final_v2/scissors/scissors_5484.npy,./batch_scissors/fitted/scissors_5484.npy
the-finger,the-finger,the-finger_6081,test,./dataset/skeleton_final_v2/the-finger/the-finger_6081.npy,./batch_thefinger/fitted/the-finger_6081.npy
scissors,scissors,scissors-set2 (371),test,./dataset/skeleton_final_v2/scissors/scissors-set2 (371).npy,./batch_scissors/fitted/scissors-set2 (371).npy
the-finger,the-finger,the-finger_1366,test,./dataset/skeleton_final_v2/the-finger/the-finger_1366.npy,./batch_thefinger/fitted/the-finger_1366.npy
ok,ok,ok_Set2_ (562),test,./dataset/skeleton_final_v2/ok/ok_Set2_ (562).npy,./batch_ok/fitted/ok_Set2_ (562).npy
scissors,scissors,scissors-set2 (744),test,./dataset/skeleton_final_v2/scissors/scissors-set2 (744).npy,./batch_scissors/fitted/scissors-set2 (744).npy
scissors,scissors,scissors-set2 (685),test,./dataset/skeleton_final_v2/scissors/scissors-set2 (685).npy,./batch_scissors/fitted/scissors-set2 (685).npy
rock,rock,rock-set2 (196),test,./dataset/skeleton_final_v2/rock/rock-set2 (196).npy,./batch_rock/fitted/rock-set2 (196).npy
scissors,scissors,scissors-set2 (59),test,./dataset/skeleton_final_v2/scissors/scissors-set2 (59).npy,./batch_scissors/fitted/scissors-set2 (59).npy
scissors,scissors,scissors-set2 (639),test,./dataset/skeleton_final_v2/scissors/scissors-set2 (639).npy,./batch_scissors/fitted/scissors-set2 (639).npy
scissors,scissors,scissors-set2 (105),test,./dataset/skeleton_final_v2/scissors/scissors-set2 (105).npy,./batch_scissors/fitted/scissors-set2 (105).npy
paper,paper,paper_6526,test,./dataset/skeleton_final_v2/paper/paper_6526.npy,./batch_paper/fitted/paper_6526.npy
paper,paper,paper (144),test,./dataset/skeleton_final_v2/paper/paper (144).npy,./batch_paper/fitted/paper (144).npy
thumb,thumbup,hand-10-460,test,./dataset/skeleton_final_v2/thumbup/hand-10-460.npy,./data/salux_refined_6cls/thumb_sources/thumbup/fitted/hand-10-460.npy
thumb,thumbdown,thumbdown_5607,test,./dataset/skeleton_final_v2/thumbdown/thumbdown_5607.npy,./data/salux_refined_6cls/thumb_sources/thumbdown/fitted/thumbdown_5607.npy
ok,ok,ok_Set2_ (433),test,./dataset/skeleton_final_v2/ok/ok_Set2_ (433).npy,./batch_ok/fitted/ok_Set2_ (433).npy
thumb,thumbup,thumbup_2093,test,./dataset/skeleton_final_v2/thumbup/thumbup_2093.npy,./data/salux_refined_6cls/thumb_sources/thumbup/fitted/thumbup_2093.npy
paper,paper,paper (169),test,./dataset/skeleton_final_v2/paper/paper (169).npy,./batch_paper/fitted/paper (169).npy
thumb,thumbdown,thumbdown (310),test,./dataset/skeleton_final_v2/thumbdown/thumbdown (310).npy,./data/salux_refined_6cls/thumb_sources/thumbdown/fitted/thumbdown (310).npy
scissors,scissors,scissors-set2 (164),test,./dataset/skeleton_final_v2/scissors/scissors-set2 (164).npy,./batch_scissors/fitted/scissors-set2 (164).npy
scissors,scissors,scissors (323),test,./dataset/skeleton_final_v2/scissors/scissors (323).npy,./batch_scissors/fitted/scissors (323).npy
scissors,scissors,scissors-set2 (159),test,./dataset/skeleton_final_v2/scissors/scissors-set2 (159).npy,./batch_scissors/fitted/scissors-set2 (159).npy
scissors,scissors,scissors-set2 (612),test,./dataset/skeleton_final_v2/scissors/scissors-set2 (612).npy,./batch_scissors/fitted/scissors-set2 (612).npy
the-finger,the-finger,the-finger-set2 (386),test,./dataset/skeleton_final_v2/the-finger/the-finger-set2 (386).npy,./batch_thefinger/fitted/the-finger-set2 (386).npy
paper,paper,paper (104),test,./dataset/skeleton_final_v2/paper/paper (104).npy,./batch_paper/fitted/paper (104).npy
the-finger,the-finger,the-finger-set2 (29),test,./dataset/skeleton_final_v2/the-finger/the-finger-set2 (29).npy,./batch_thefinger/fitted/the-finger-set2 (29).npy
paper,paper,paper-set2 (295),test,./dataset/skeleton_final_v2/paper/paper-set2 (295).npy,./batch_paper/fitted/paper-set2 (295).npy
thumb,thumbup,thumbup_7754,test,./dataset/skeleton_final_v2/thumbup/thumbup_7754.npy,./data/salux_refined_6cls/thumb_sources/thumbup/fitted/thumbup_7754.npy
thumb,thumbup,thumbup (366),test,./dataset/skeleton_final_v2/thumbup/thumbup (366).npy,./data/salux_refined_6cls/thumb_sources/thumbup/fitted/thumbup (366).npy
thumb,thumbdown,hand-11-875,test,./dataset/skeleton_final_v2/thumbdown/hand-11-875.npy,./data/salux_refined_6cls/thumb_sources/thumbdown/fitted/hand-11-875.npy
ok,ok,ok_Set2_ (489),test,./dataset/skeleton_final_v2/ok/ok_Set2_ (489).npy,./batch_ok/fitted/ok_Set2_ (489).npy
scissors,scissors,scissors-set2 (707),test,./dataset/skeleton_final_v2/scissors/scissors-set2 (707).npy,./batch_scissors/fitted/scissors-set2 (707).npy
scissors,scissors,scissors-set2 (359),test,./dataset/skeleton_final_v2/scissors/scissors-set2 (359).npy,./batch_scissors/fitted/scissors-set2 (359).npy
scissors,scissors,scissors (38),test,./dataset/skeleton_final_v2/scissors/scissors (38).npy,./batch_scissors/fitted/scissors (38).npy
paper,paper,paper-set2 (459),test,./dataset/skeleton_final_v2/paper/paper-set2 (459).npy,./batch_paper/fitted/paper-set2 (459).npy
thumb,thumbup,hand-10-470,test,./dataset/skeleton_final_v2/thumbup/hand-10-470.npy,./data/salux_refined_6cls/thumb_sources/thumbup/fitted/hand-10-470.npy
thumb,thumbdown,thumbdown_8572,test,./dataset/skeleton_final_v2/thumbdown/thumbdown_8572.npy,./data/salux_refined_6cls/thumb_sources/thumbdown/fitted/thumbdown_8572.npy
ok,ok,ok_Set2_ (521),test,./dataset/skeleton_final_v2/ok/ok_Set2_ (521).npy,./batch_ok/fitted/ok_Set2_ (521).npy
ok,ok,ok_Set2_ (427),test,./dataset/skeleton_final_v2/ok/ok_Set2_ (427).npy,./batch_ok/fitted/ok_Set2_ (427).npy
the-finger,the-finger,the-finger_7274,test,./dataset/skeleton_final_v2/the-finger/the-finger_7274.npy,./batch_thefinger/fitted/the-finger_7274.npy
paper,paper,paper_9132,test,./dataset/skeleton_final_v2/paper/paper_9132.npy,./batch_paper/fitted/paper_9132.npy
thumb,thumbup,thumbup_9338,test,./dataset/skeleton_final_v2/thumbup/thumbup_9338.npy,./data/salux_refined_6cls/thumb_sources/thumbup/fitted/thumbup_9338.npy
ok,ok,ok_Set2_ (144),test,./dataset/skeleton_final_v2/ok/ok_Set2_ (144).npy,./batch_ok/fitted/ok_Set2_ (144).npy
thumb,thumbup,thumbup_4170,test,./dataset/skeleton_final_v2/thumbup/thumbup_4170.npy,./data/salux_refined_6cls/thumb_sources/thumbup/fitted/thumbup_4170.npy
paper,paper,paper_6926,test,./dataset/skeleton_final_v2/paper/paper_6926.npy,./batch_paper/fitted/paper_6926.npy
scissors,scissors,scissors-set2 (533),test,./dataset/skeleton_final_v2/scissors/scissors-set2 (533).npy,./batch_scissors/fitted/scissors-set2 (533).npy
thumb,thumbup,thumbup_4184,test,./dataset/skeleton_final_v2/thumbup/thumbup_4184.npy,./data/salux_refined_6cls/thumb_sources/thumbup/fitted/thumbup_4184.npy
paper,paper,paper_6514,test,./dataset/skeleton_final_v2/paper/paper_6514.npy,./batch_paper/fitted/paper_6514.npy
thumb,thumbdown,thumbdown_845,test,./dataset/skeleton_final_v2/thumbdown/thumbdown_845.npy,./data/salux_refined_6cls/thumb_sources/thumbdown/fitted/thumbdown_845.npy
paper,paper,paper_7310,test,./dataset/skeleton_final_v2/paper/paper_7310.npy,./batch_paper/fitted/paper_7310.npy
thumb,thumbdown,thumbdown (16),test,./dataset/skeleton_final_v2/thumbdown/thumbdown (16).npy,./data/salux_refined_6cls/thumb_sources/thumbdown/fitted/thumbdown (16).npy
the-finger,the-finger,the-finger_3486,test,./dataset/skeleton_final_v2/the-finger/the-finger_3486.npy,./batch_thefinger/fitted/the-finger_3486.npy
the-finger,the-finger,the-finger-set2 (254),test,./dataset/skeleton_final_v2/the-finger/the-finger-set2 (254).npy,./batch_thefinger/fitted/the-finger-set2 (254).npy
paper,paper,paper_3660,test,./dataset/skeleton_final_v2/paper/paper_3660.npy,./batch_paper/fitted/paper_3660.npy
the-finger,the-finger,the-finger-set2 (413),test,./dataset/skeleton_final_v2/the-finger/the-finger-set2 (413).npy,./batch_thefinger/fitted/the-finger-set2 (413).npy
paper,paper,paper (203),test,./dataset/skeleton_final_v2/paper/paper (203).npy,./batch_paper/fitted/paper (203).npy
paper,paper,paper-set2 (489),test,./dataset/skeleton_final_v2/paper/paper-set2 (489).npy,./batch_paper/fitted/paper-set2 (489).npy
ok,ok,ok_Set2_ (436),test,./dataset/skeleton_final_v2/ok/ok_Set2_ (436).npy,./batch_ok/fitted/ok_Set2_ (436).npy
paper,paper,paper (294),test,./dataset/skeleton_final_v2/paper/paper (294).npy,./batch_paper/fitted/paper (294).npy
paper,paper,paper-set2 (474),test,./dataset/skeleton_final_v2/paper/paper-set2 (474).npy,./batch_paper/fitted/paper-set2 (474).npy
thumb,thumbup,thumbup (319),test,./dataset/skeleton_final_v2/thumbup/thumbup (319).npy,./data/salux_refined_6cls/thumb_sources/thumbup/fitted/thumbup (319).npy
ok,ok,ok (205),test,./dataset/skeleton_final_v2/ok/ok (205).npy,./batch_ok/fitted/ok (205).npy
scissors,scissors,scissors-set2 (313),test,./dataset/skeleton_final_v2/scissors/scissors-set2 (313).npy,./batch_scissors/fitted/scissors-set2 (313).npy
the-finger,the-finger,the-finger_6287,test,./dataset/skeleton_final_v2/the-finger/the-finger_6287.npy,./batch_thefinger/fitted/the-finger_6287.npy
the-finger,the-finger,the-finger-set2 (20),test,./dataset/skeleton_final_v2/the-finger/the-finger-set2 (20).npy,./batch_thefinger/fitted/the-finger-set2 (20).npy
scissors,scissors,scissors-set2 (737),test,./dataset/skeleton_final_v2/scissors/scissors-set2 (737).npy,./batch_scissors/fitted/scissors-set2 (737).npy
paper,paper,paper (53),test,./dataset/skeleton_final_v2/paper/paper (53).npy,./batch_paper/fitted/paper (53).npy
paper,paper,paper (68),test,./dataset/skeleton_final_v2/paper/paper (68).npy,./batch_paper/fitted/paper (68).npy
thumb,thumbup,hand-10-430,test,./dataset/skeleton_final_v2/thumbup/hand-10-430.npy,./data/salux_refined_6cls/thumb_sources/thumbup/fitted/hand-10-430.npy
ok,ok,ok_Set2_ (306),test,./dataset/skeleton_final_v2/ok/ok_Set2_ (306).npy,./batch_ok/fitted/ok_Set2_ (306).npy
paper,paper,paper-set2 (371),test,./dataset/skeleton_final_v2/paper/paper-set2 (371).npy,./batch_paper/fitted/paper-set2 (371).npy
thumb,thumbdown,thumbdown (130),test,./dataset/skeleton_final_v2/thumbdown/thumbdown (130).npy,./data/salux_refined_6cls/thumb_sources/thumbdown/fitted/thumbdown (130).npy
thumb,thumbup,hand-7-1425,test,./dataset/skeleton_final_v2/thumbup/hand-7-1425.npy,./data/salux_refined_6cls/thumb_sources/thumbup/fitted/hand-7-1425.npy
scissors,scissors,scissors_4627,test,./dataset/skeleton_final_v2/scissors/scissors_4627.npy,./batch_scissors/fitted/scissors_4627.npy
thumb,thumbup,thumbup (174),test,./dataset/skeleton_final_v2/thumbup/thumbup (174).npy,./data/salux_refined_6cls/thumb_sources/thumbup/fitted/thumbup (174).npy
paper,paper,paper (129),test,./dataset/skeleton_final_v2/paper/paper (129).npy,./batch_paper/fitted/paper (129).npy
thumb,thumbdown,thumbdown_3204,test,./dataset/skeleton_final_v2/thumbdown/thumbdown_3204.npy,./data/salux_refined_6cls/thumb_sources/thumbdown/fitted/thumbdown_3204.npy
thumb,thumbdown,hand-7-1700,test,./dataset/skeleton_final_v2/thumbdown/hand-7-1700.npy,./data/salux_refined_6cls/thumb_sources/thumbdown/fitted/hand-7-1700.npy
scissors,scissors,scissors-set2 (357),test,./dataset/skeleton_final_v2/scissors/scissors-set2 (357).npy,./batch_scissors/fitted/scissors-set2 (357).npy
rock,rock,rock (230),test,./dataset/skeleton_final_v2/rock/rock (230).npy,./batch_rock/fitted/rock (230).npy
scissors,scissors,scissors-set2 (683),test,./dataset/skeleton_final_v2/scissors/scissors-set2 (683).npy,./batch_scissors/fitted/scissors-set2 (683).npy
scissors,scissors,scissors_2795,test,./dataset/skeleton_final_v2/scissors/scissors_2795.npy,./batch_scissors/fitted/scissors_2795.npy
rock,rock,rock-set2 (353),test,./dataset/skeleton_final_v2/rock/rock-set2 (353).npy,./batch_rock/fitted/rock-set2 (353).npy
scissors,scissors,scissors (293),test,./dataset/skeleton_final_v2/scissors/scissors (293).npy,./batch_scissors/fitted/scissors (293).npy
paper,paper,paper_3650,test,./dataset/skeleton_final_v2/paper/paper_3650.npy,./batch_paper/fitted/paper_3650.npy
the-finger,the-finger,the-finger_616,test,./dataset/skeleton_final_v2/the-finger/the-finger_616.npy,./batch_thefinger/fitted/the-finger_616.npy
scissors,scissors,scissors-set2 (654),test,./dataset/skeleton_final_v2/scissors/scissors-set2 (654).npy,./batch_scissors/fitted/scissors-set2 (654).npy
thumb,thumbup,thumbup (166),test,./dataset/skeleton_final_v2/thumbup/thumbup (166).npy,./data/salux_refined_6cls/thumb_sources/thumbup/fitted/thumbup (166).npy
rock,rock,rock-set2 (425),test,./dataset/skeleton_final_v2/rock/rock-set2 (425).npy,./batch_rock/fitted/rock-set2 (425).npy
paper,paper,paper (274),test,./dataset/skeleton_final_v2/paper/paper (274).npy,./batch_paper/fitted/paper (274).npy
scissors,scissors,scissors_5735,test,./dataset/skeleton_final_v2/scissors/scissors_5735.npy,./batch_scissors/fitted/scissors_5735.npy
thumb,thumbup,thumbup (6),test,./dataset/skeleton_final_v2/thumbup/thumbup (6).npy,./data/salux_refined_6cls/thumb_sources/thumbup/fitted/thumbup (6).npy
the-finger,the-finger,the-finger (60),test,./dataset/skeleton_final_v2/the-finger/the-finger (60).npy,./batch_thefinger/fitted/the-finger (60).npy
thumb,thumbup,hand-9-1635,test,./dataset/skeleton_final_v2/thumbup/hand-9-1635.npy,./data/salux_refined_6cls/thumb_sources/thumbup/fitted/hand-9-1635.npy
the-finger,the-finger,the-finger-set2 (421),test,./dataset/skeleton_final_v2/the-finger/the-finger-set2 (421).npy,./batch_thefinger/fitted/the-finger-set2 (421).npy
rock,rock,rock_7906,test,./dataset/skeleton_final_v2/rock/rock_7906.npy,./batch_rock/fitted/rock_7906.npy
the-finger,the-finger,the-finger_6060,test,./dataset/skeleton_final_v2/the-finger/the-finger_6060.npy,./batch_thefinger/fitted/the-finger_6060.npy
thumb,thumbdown,thumbdown (105),test,./dataset/skeleton_final_v2/thumbdown/thumbdown (105).npy,./data/salux_refined_6cls/thumb_sources/thumbdown/fitted/thumbdown (105).npy
paper,paper,paper-set2 (16),test,./dataset/skeleton_final_v2/paper/paper-set2 (16).npy,./batch_paper/fitted/paper-set2 (16).npy
rock,rock,rock_20,test,./dataset/skeleton_final_v2/rock/rock_20.npy,./batch_rock/fitted/rock_20.npy
ok,ok,ok (252),test,./dataset/skeleton_final_v2/ok/ok (252).npy,./batch_ok/fitted/ok (252).npy
scissors,scissors,scissors_5229,test,./dataset/skeleton_final_v2/scissors/scissors_5229.npy,./batch_scissors/fitted/scissors_5229.npy
thumb,thumbdown,thumbdown_5818,test,./dataset/skeleton_final_v2/thumbdown/thumbdown_5818.npy,./data/salux_refined_6cls/thumb_sources/thumbdown/fitted/thumbdown_5818.npy
thumb,thumbdown,thumbdown_7794,test,./dataset/skeleton_final_v2/thumbdown/thumbdown_7794.npy,./data/salux_refined_6cls/thumb_sources/thumbdown/fitted/thumbdown_7794.npy
the-finger,the-finger,the-finger_1345,test,./dataset/skeleton_final_v2/the-finger/the-finger_1345.npy,./batch_thefinger/fitted/the-finger_1345.npy
paper,paper,paper-set2 (28),test,./dataset/skeleton_final_v2/paper/paper-set2 (28).npy,./batch_paper/fitted/paper-set2 (28).npy
scissors,scissors,scissors-set2 (437),test,./dataset/skeleton_final_v2/scissors/scissors-set2 (437).npy,./batch_scissors/fitted/scissors-set2 (437).npy
thumb,thumbdown,thumbdown_4349,test,./dataset/skeleton_final_v2/thumbdown/thumbdown_4349.npy,./data/salux_refined_6cls/thumb_sources/thumbdown/fitted/thumbdown_4349.npy
scissors,scissors,scissors-set2 (424),test,./dataset/skeleton_final_v2/scissors/scissors-set2 (424).npy,./batch_scissors/fitted/scissors-set2 (424).npy
ok,ok,ok (37),test,./dataset/skeleton_final_v2/ok/ok (37).npy,./batch_ok/fitted/ok (37).npy
thumb,thumbup,thumbup (51),test,./dataset/skeleton_final_v2/thumbup/thumbup (51).npy,./data/salux_refined_6cls/thumb_sources/thumbup/fitted/thumbup (51).npy
ok,ok,ok_Set2_ (333),test,./dataset/skeleton_final_v2/ok/ok_Set2_ (333).npy,./batch_ok/fitted/ok_Set2_ (333).npy
paper,paper,paper_6700,test,./dataset/skeleton_final_v2/paper/paper_6700.npy,./batch_paper/fitted/paper_6700.npy
the-finger,the-finger,the-finger_6074,test,./dataset/skeleton_final_v2/the-finger/the-finger_6074.npy,./batch_thefinger/fitted/the-finger_6074.npy
scissors,scissors,scissors (348),test,./dataset/skeleton_final_v2/scissors/scissors (348).npy,./batch_scissors/fitted/scissors (348).npy
thumb,thumbup,thumbup_3002,test,./dataset/skeleton_final_v2/thumbup/thumbup_3002.npy,./data/salux_refined_6cls/thumb_sources/thumbup/fitted/thumbup_3002.npy
ok,ok,ok_2959,test,./dataset/skeleton_final_v2/ok/ok_2959.npy,./batch_ok/fitted/ok_2959.npy
scissors,scissors,scissors-set2 (559),test,./dataset/skeleton_final_v2/scissors/scissors-set2 (559).npy,./batch_scissors/fitted/scissors-set2 (559).npy
thumb,thumbup,thumbup (441),test,./dataset/skeleton_final_v2/thumbup/thumbup (441).npy,./data/salux_refined_6cls/thumb_sources/thumbup/fitted/thumbup (441).npy
ok,ok,ok (45),test,./dataset/skeleton_final_v2/ok/ok (45).npy,./batch_ok/fitted/ok (45).npy
thumb,thumbup,thumbup (450),test,./dataset/skeleton_final_v2/thumbup/thumbup (450).npy,./data/salux_refined_6cls/thumb_sources/thumbup/fitted/thumbup (450).npy
thumb,thumbdown,thumbdown (305),test,./dataset/skeleton_final_v2/thumbdown/thumbdown (305).npy,./data/salux_refined_6cls/thumb_sources/thumbdown/fitted/thumbdown (305).npy
scissors,scissors,scissors-set2 (742),test,./dataset/skeleton_final_v2/scissors/scissors-set2 (742).npy,./batch_scissors/fitted/scissors-set2 (742).npy
the-finger,the-finger,the-finger (5),test,./dataset/skeleton_final_v2/the-finger/the-finger (5).npy,./batch_thefinger/fitted/the-finger (5).npy
scissors,scissors,scissors (294),test,./dataset/skeleton_final_v2/scissors/scissors (294).npy,./batch_scissors/fitted/scissors (294).npy
thumb,thumbdown,thumbdown_6815,test,./dataset/skeleton_final_v2/thumbdown/thumbdown_6815.npy,./data/salux_refined_6cls/thumb_sources/thumbdown/fitted/thumbdown_6815.npy
thumb,thumbdown,hand-7-1540,test,./dataset/skeleton_final_v2/thumbdown/hand-7-1540.npy,./data/salux_refined_6cls/thumb_sources/thumbdown/fitted/hand-7-1540.npy
rock,rock,rock-set2 (185),test,./dataset/skeleton_final_v2/rock/rock-set2 (185).npy,./batch_rock/fitted/rock-set2 (185).npy
paper,paper,paper-set2 (171),test,./dataset/skeleton_final_v2/paper/paper-set2 (171).npy,./batch_paper/fitted/paper-set2 (171).npy
thumb,thumbup,thumbup (82),test,./dataset/skeleton_final_v2/thumbup/thumbup (82).npy,./data/salux_refined_6cls/thumb_sources/thumbup/fitted/thumbup (82).npy
the-finger,the-finger,the-finger_8650,test,./dataset/skeleton_final_v2/the-finger/the-finger_8650.npy,./batch_thefinger/fitted/the-finger_8650.npy
the-finger,the-finger,the-finger_7091,test,./dataset/skeleton_final_v2/the-finger/the-finger_7091.npy,./batch_thefinger/fitted/the-finger_7091.npy
thumb,thumbup,thumbup (286),test,./dataset/skeleton_final_v2/thumbup/thumbup (286).npy,./data/salux_refined_6cls/thumb_sources/thumbup/fitted/thumbup (286).npy
the-finger,the-finger,the-finger_6301,test,./dataset/skeleton_final_v2/the-finger/the-finger_6301.npy,./batch_thefinger/fitted/the-finger_6301.npy
scissors,scissors,scissors (216),test,./dataset/skeleton_final_v2/scissors/scissors (216).npy,./batch_scissors/fitted/scissors (216).npy
ok,ok,ok_Set2_ (536),test,./dataset/skeleton_final_v2/ok/ok_Set2_ (536).npy,./batch_ok/fitted/ok_Set2_ (536).npy
paper,paper,paper_6696,test,./dataset/skeleton_final_v2/paper/paper_6696.npy,./batch_paper/fitted/paper_6696.npy
scissors,scissors,scissors (449),test,./dataset/skeleton_final_v2/scissors/scissors (449).npy,./batch_scissors/fitted/scissors (449).npy
ok,ok,ok_Set2_ (238),test,./dataset/skeleton_final_v2/ok/ok_Set2_ (238).npy,./batch_ok/fitted/ok_Set2_ (238).npy
thumb,thumbup,hand-9-1750,test,./dataset/skeleton_final_v2/thumbup/hand-9-1750.npy,./data/salux_refined_6cls/thumb_sources/thumbup/fitted/hand-9-1750.npy
the-finger,the-finger,the-finger (64),test,./dataset/skeleton_final_v2/the-finger/the-finger (64).npy,./batch_thefinger/fitted/the-finger (64).npy
paper,paper,paper_1035,test,./dataset/skeleton_final_v2/paper/paper_1035.npy,./batch_paper/fitted/paper_1035.npy
paper,paper,paper (31),test,./dataset/skeleton_final_v2/paper/paper (31).npy,./batch_paper/fitted/paper (31).npy
thumb,thumbup,thumbup (230),test,./dataset/skeleton_final_v2/thumbup/thumbup (230).npy,./data/salux_refined_6cls/thumb_sources/thumbup/fitted/thumbup (230).npy
rock,rock,rock-set2 (341),test,./dataset/skeleton_final_v2/rock/rock-set2 (341).npy,./batch_rock/fitted/rock-set2 (341).npy
thumb,thumbup,thumbup_9328,test,./dataset/skeleton_final_v2/thumbup/thumbup_9328.npy,./data/salux_refined_6cls/thumb_sources/thumbup/fitted/thumbup_9328.npy
thumb,thumbdown,hand-11-700,test,./dataset/skeleton_final_v2/thumbdown/hand-11-700.npy,./data/salux_refined_6cls/thumb_sources/thumbdown/fitted/hand-11-700.npy
rock,rock,rock-set2 (47),test,./dataset/skeleton_final_v2/rock/rock-set2 (47).npy,./batch_rock/fitted/rock-set2 (47).npy
thumb,thumbup,thumbup (377),test,./dataset/skeleton_final_v2/thumbup/thumbup (377).npy,./data/salux_refined_6cls/thumb_sources/thumbup/fitted/thumbup (377).npy
scissors,scissors,scissors-set2 (20),test,./dataset/skeleton_final_v2/scissors/scissors-set2 (20).npy,./batch_scissors/fitted/scissors-set2 (20).npy
scissors,scissors,scissors (336),test,./dataset/skeleton_final_v2/scissors/scissors (336).npy,./batch_scissors/fitted/scissors (336).npy
thumb,thumbdown,thumbdown (24),test,./dataset/skeleton_final_v2/thumbdown/thumbdown (24).npy,./data/salux_refined_6cls/thumb_sources/thumbdown/fitted/thumbdown (24).npy
thumb,thumbup,thumbup_4146,test,./dataset/skeleton_final_v2/thumbup/thumbup_4146.npy,./data/salux_refined_6cls/thumb_sources/thumbup/fitted/thumbup_4146.npy
paper,paper,paper_7611,test,./dataset/skeleton_final_v2/paper/paper_7611.npy,./batch_paper/fitted/paper_7611.npy
ok,ok,ok_4992,test,./dataset/skeleton_final_v2/ok/ok_4992.npy,./batch_ok/fitted/ok_4992.npy
paper,paper,paper_6712,test,./dataset/skeleton_final_v2/paper/paper_6712.npy,./batch_paper/fitted/paper_6712.npy
thumb,thumbup,thumbup (281),test,./dataset/skeleton_final_v2/thumbup/thumbup (281).npy,./data/salux_refined_6cls/thumb_sources/thumbup/fitted/thumbup (281).npy
scissors,scissors,scissors-set2 (643),test,./dataset/skeleton_final_v2/scissors/scissors-set2 (643).npy,./batch_scissors/fitted/scissors-set2 (643).npy
thumb,thumbup,thumbup_6780,test,./dataset/skeleton_final_v2/thumbup/thumbup_6780.npy,./data/salux_refined_6cls/thumb_sources/thumbup/fitted/thumbup_6780.npy
scissors,scissors,scissors_8782,test,./dataset/skeleton_final_v2/scissors/scissors_8782.npy,./batch_scissors/fitted/scissors_8782.npy
ok,ok,ok_Set2_ (40),test,./dataset/skeleton_final_v2/ok/ok_Set2_ (40).npy,./batch_ok/fitted/ok_Set2_ (40).npy
scissors,scissors,scissors-set2 (355),test,./dataset/skeleton_final_v2/scissors/scissors-set2 (355).npy,./batch_scissors/fitted/scissors-set2 (355).npy
scissors,scissors,scissors-set2 (354),test,./dataset/skeleton_final_v2/scissors/scissors-set2 (354).npy,./batch_scissors/fitted/scissors-set2 (354).npy
paper,paper,paper-set2 (116),test,./dataset/skeleton_final_v2/paper/paper-set2 (116).npy,./batch_paper/fitted/paper-set2 (116).npy
paper,paper,paper-set2 (147),test,./dataset/skeleton_final_v2/paper/paper-set2 (147).npy,./batch_paper/fitted/paper-set2 (147).npy
scissors,scissors,scissors-set2 (471),test,./dataset/skeleton_final_v2/scissors/scissors-set2 (471).npy,./batch_scissors/fitted/scissors-set2 (471).npy
scissors,scissors,scissors_8450,test,./dataset/skeleton_final_v2/scissors/scissors_8450.npy,./batch_scissors/fitted/scissors_8450.npy
thumb,thumbup,thumbup_2115,test,./dataset/skeleton_final_v2/thumbup/thumbup_2115.npy,./data/salux_refined_6cls/thumb_sources/thumbup/fitted/thumbup_2115.npy
ok,ok,ok_5260,test,./dataset/skeleton_final_v2/ok/ok_5260.npy,./batch_ok/fitted/ok_5260.npy
scissors,scissors,scissors_4671,test,./dataset/skeleton_final_v2/scissors/scissors_4671.npy,./batch_scissors/fitted/scissors_4671.npy
paper,paper,paper-set2 (230),test,./dataset/skeleton_final_v2/paper/paper-set2 (230).npy,./batch_paper/fitted/paper-set2 (230).npy
scissors,scissors,scissors-set2 (274),test,./dataset/skeleton_final_v2/scissors/scissors-set2 (274).npy,./batch_scissors/fitted/scissors-set2 (274).npy
thumb,thumbdown,thumbdown (303),test,./dataset/skeleton_final_v2/thumbdown/thumbdown (303).npy,./data/salux_refined_6cls/thumb_sources/thumbdown/fitted/thumbdown (303).npy
paper,paper,paper-set2 (252),test,./dataset/skeleton_final_v2/paper/paper-set2 (252).npy,./batch_paper/fitted/paper-set2 (252).npy
the-finger,the-finger,the-finger_9058,test,./dataset/skeleton_final_v2/the-finger/the-finger_9058.npy,./batch_thefinger/fitted/the-finger_9058.npy
thumb,thumbup,thumbup (346),test,./dataset/skeleton_final_v2/thumbup/thumbup (346).npy,./data/salux_refined_6cls/thumb_sources/thumbup/fitted/thumbup (346).npy
scissors,scissors,scissors_2721,test,./dataset/skeleton_final_v2/scissors/scissors_2721.npy,./batch_scissors/fitted/scissors_2721.npy
paper,paper,paper (280),test,./dataset/skeleton_final_v2/paper/paper (280).npy,./batch_paper/fitted/paper (280).npy
rock,rock,rock (265),test,./dataset/skeleton_final_v2/rock/rock (265).npy,./batch_rock/fitted/rock (265).npy
scissors,scissors,scissors_7186,test,./dataset/skeleton_final_v2/scissors/scissors_7186.npy,./batch_scissors/fitted/scissors_7186.npy
thumb,thumbdown,hand-12-1260,test,./dataset/skeleton_final_v2/thumbdown/hand-12-1260.npy,./data/salux_refined_6cls/thumb_sources/thumbdown/fitted/hand-12-1260.npy
scissors,scissors,scissors (210),test,./dataset/skeleton_final_v2/scissors/scissors (210).npy,./batch_scissors/fitted/scissors (210).npy
the-finger,the-finger,the-finger-set2 (217),test,./dataset/skeleton_final_v2/the-finger/the-finger-set2 (217).npy,./batch_thefinger/fitted/the-finger-set2 (217).npy
thumb,thumbdown,thumbdown_4442,test,./dataset/skeleton_final_v2/thumbdown/thumbdown_4442.npy,./data/salux_refined_6cls/thumb_sources/thumbdown/fitted/thumbdown_4442.npy
paper,paper,paper_6116,test,./dataset/skeleton_final_v2/paper/paper_6116.npy,./batch_paper/fitted/paper_6116.npy
scissors,scissors,scissors_2758,test,./dataset/skeleton_final_v2/scissors/scissors_2758.npy,./batch_scissors/fitted/scissors_2758.npy
ok,ok,ok_Set2_ (357),test,./dataset/skeleton_final_v2/ok/ok_Set2_ (357).npy,./batch_ok/fitted/ok_Set2_ (357).npy
ok,ok,ok_Set2_ (212),test,./dataset/skeleton_final_v2/ok/ok_Set2_ (212).npy,./batch_ok/fitted/ok_Set2_ (212).npy
thumb,thumbup,thumbup (310),test,./dataset/skeleton_final_v2/thumbup/thumbup (310).npy,./data/salux_refined_6cls/thumb_sources/thumbup/fitted/thumbup (310).npy
paper,paper,paper-set2 (297),test,./dataset/skeleton_final_v2/paper/paper-set2 (297).npy,./batch_paper/fitted/paper-set2 (297).npy
thumb,thumbdown,thumbdown_7457,test,./dataset/skeleton_final_v2/thumbdown/thumbdown_7457.npy,./data/salux_refined_6cls/thumb_sources/thumbdown/fitted/thumbdown_7457.npy
thumb,thumbup,hand-7-1285,test,./dataset/skeleton_final_v2/thumbup/hand-7-1285.npy,./data/salux_refined_6cls/thumb_sources/thumbup/fitted/hand-7-1285.npy
ok,ok,ok_Set2_ (17),test,./dataset/skeleton_final_v2/ok/ok_Set2_ (17).npy,./batch_ok/fitted/ok_Set2_ (17).npy
scissors,scissors,scissors_1121,test,./dataset/skeleton_final_v2/scissors/scissors_1121.npy,./batch_scissors/fitted/scissors_1121.npy
thumb,thumbup,thumbup (60),test,./dataset/skeleton_final_v2/thumbup/thumbup (60).npy,./data/salux_refined_6cls/thumb_sources/thumbup/fitted/thumbup (60).npy
ok,ok,ok_Set2_ (166),test,./dataset/skeleton_final_v2/ok/ok_Set2_ (166).npy,./batch_ok/fitted/ok_Set2_ (166).npy
thumb,thumbdown,hand-11-790,test,./dataset/skeleton_final_v2/thumbdown/hand-11-790.npy,./data/salux_refined_6cls/thumb_sources/thumbdown/fitted/hand-11-790.npy
ok,ok,ok_Set2_ (50),test,./dataset/skeleton_final_v2/ok/ok_Set2_ (50).npy,./batch_ok/fitted/ok_Set2_ (50).npy
the-finger,the-finger,the-finger_7495,test,./dataset/skeleton_final_v2/the-finger/the-finger_7495.npy,./batch_thefinger/fitted/the-finger_7495.npy
rock,rock,rock_688,test,./dataset/skeleton_final_v2/rock/rock_688.npy,./batch_rock/fitted/rock_688.npy
thumb,thumbup,thumbup_142,test,./dataset/skeleton_final_v2/thumbup/thumbup_142.npy,./data/salux_refined_6cls/thumb_sources/thumbup/fitted/thumbup_142.npy
thumb,thumbdown,hand-10-2630,test,./dataset/skeleton_final_v2/thumbdown/hand-10-2630.npy,./data/salux_refined_6cls/thumb_sources/thumbdown/fitted/hand-10-2630.npy
scissors,scissors,scissors-set2 (283),test,./dataset/skeleton_final_v2/scissors/scissors-set2 (283).npy,./batch_scissors/fitted/scissors-set2 (283).npy
the-finger,the-finger,the-finger-set2 (86),test,./dataset/skeleton_final_v2/the-finger/the-finger-set2 (86).npy,./batch_thefinger/fitted/the-finger-set2 (86).npy
thumb,thumbdown,thumbdown_7250,test,./dataset/skeleton_final_v2/thumbdown/thumbdown_7250.npy,./data/salux_refined_6cls/thumb_sources/thumbdown/fitted/thumbdown_7250.npy
ok,ok,ok_5293,test,./dataset/skeleton_final_v2/ok/ok_5293.npy,./batch_ok/fitted/ok_5293.npy
paper,paper,paper_8734,test,./dataset/skeleton_final_v2/paper/paper_8734.npy,./batch_paper/fitted/paper_8734.npy
thumb,thumbdown,hand-11-785,test,./dataset/skeleton_final_v2/thumbdown/hand-11-785.npy,./data/salux_refined_6cls/thumb_sources/thumbdown/fitted/hand-11-785.npy
rock,rock,rock (13),test,./dataset/skeleton_final_v2/rock/rock (13).npy,./batch_rock/fitted/rock (13).npy
