action,sample_id,split,image_path,skeleton_path
rock,rock-set2 (65),train,./data/raw/FullLabelled/rock/rock-set2 (65).jpg,./dataset/skeleton_final_v2/rock/rock-set2 (65).npy
ok,ok_Set2_ (242),train,./data/raw/FullLabelled/ok/ok_Set2_ (242).jpg,./dataset/skeleton_final_v2/ok/ok_Set2_ (242).npy
scissors,scissors-set2 (183),train,./data/raw/FullLabelled/scissors/scissors-set2 (183).jpg,./dataset/skeleton_final_v2/scissors/scissors-set2 (183).npy
ok,ok_Set2_ (568),train,./data/raw/FullLabelled/ok/ok_Set2_ (568).jpg,./dataset/skeleton_final_v2/ok/ok_Set2_ (568).npy
the-finger,the-finger-set2 (189),train,./data/raw/FullLabelled/the-finger/the-finger-set2 (189).jpg,./dataset/skeleton_final_v2/the-finger/the-finger-set2 (189).npy
ok,ok_4019,train,./data/raw/FullLabelled/ok/ok_4019.jpg,./dataset/skeleton_final_v2/ok/ok_4019.npy
the-finger,the-finger_2282,train,./data/raw/FullLabelled/the-finger/the-finger_2282.jpg,./dataset/skeleton_final_v2/the-finger/the-finger_2282.npy
scissors,scissors-set2 (150),train,./data/raw/FullLabelled/scissors/scissors-set2 (150).jpg,./dataset/skeleton_final_v2/scissors/scissors-set2 (150).npy
ok,ok_6184,train,./data/raw/FullLabelled/ok/ok_6184.jpg,./dataset/skeleton_final_v2/ok/ok_6184.npy
paper,paper-set2 (233),train,./data/raw/FullLabelled/paper/paper-set2 (233).jpg,./dataset/skeleton_final_v2/paper/paper-set2 (233).npy
ok,ok_4100,train,./data/raw/FullLabelled/ok/ok_4100.jpg,./dataset/skeleton_final_v2/ok/ok_4100.npy
the-finger,the-finger_1357,train,./data/raw/FullLabelled/the-finger/the-finger_1357.jpg,./dataset/skeleton_final_v2/the-finger/the-finger_1357.npy
ok,ok_Set2_ (406),train,./data/raw/FullLabelled/ok/ok_Set2_ (406).jpg,./dataset/skeleton_final_v2/ok/ok_Set2_ (406).npy
paper,paper_1854,train,./data/raw/FullLabelled/paper/paper_1854.jpg,./dataset/skeleton_final_v2/paper/paper_1854.npy
the-finger,the-finger (121),train,./data/raw/FullLabelled/the-finger/the-finger (121).jpg,./dataset/skeleton_final_v2/the-finger/the-finger (121).npy
scissors,scissors-set2 (320),train,./data/raw/FullLabelled/scissors/scissors-set2 (320).jpg,./dataset/skeleton_final_v2/scissors/scissors-set2 (320).npy
ok,ok_6992,train,./data/raw/FullLabelled/ok/ok_6992.jpg,./dataset/skeleton_final_v2/ok/ok_6992.npy
scissors,scissors (158),train,./data/raw/FullLabelled/scissors/scissors (158).jpg,./dataset/skeleton_final_v2/scissors/scissors (158).npy
scissors,scissors-set2 (573),train,./data/raw/FullLabelled/scissors/scissors-set2 (573).jpg,./dataset/skeleton_final_v2/scissors/scissors-set2 (573).npy
ok,ok_803,train,./data/raw/FullLabelled/ok/ok_803.jpg,./dataset/skeleton_final_v2/ok/ok_803.npy
ok,ok_7674,train,./data/raw/FullLabelled/ok/ok_7674.jpg,./dataset/skeleton_final_v2/ok/ok_7674.npy
the-finger,the-finger (150),train,./data/raw/FullLabelled/the-finger/the-finger (150).jpg,./dataset/skeleton_final_v2/the-finger/the-finger (150).npy
the-finger,the-finger_7260,train,./data/raw/FullLabelled/the-finger/the-finger_7260.jpg,./dataset/skeleton_final_v2/the-finger/the-finger_7260.npy
scissors,scissors-set2 (567),train,./data/raw/FullLabelled/scissors/scissors-set2 (567).jpg,./dataset/skeleton_final_v2/scissors/scissors-set2 (567).npy
ok,ok_Set2_ (273),train,./data/raw/FullLabelled/ok/ok_Set2_ (273).jpg,./dataset/skeleton_final_v2/ok/ok_Set2_ (273).npy
paper,paper_25,train,./data/raw/FullLabelled/paper/paper_25.jpg,./dataset/skeleton_final_v2/paper/paper_25.npy
paper,paper_4609,train,./data/raw/FullLabelled/paper/paper_4609.jpg,./dataset/skeleton_final_v2/paper/paper_4609.npy
paper,paper_2499,train,./data/raw/FullLabelled/paper/paper_2499.jpg,./dataset/skeleton_final_v2/paper/paper_2499.npy
paper,paper (44),train,./data/raw/FullLabelled/paper/paper (44).jpg,./dataset/skeleton_final_v2/paper/paper (44).npy
rock,rock (19),train,./data/raw/FullLabelled/rock/rock (19).jpg,./dataset/skeleton_final_v2/rock/rock (19).npy
ok,ok_1197,train,./data/raw/FullLabelled/ok/ok_1197.jpg,./dataset/skeleton_final_v2/ok/ok_1197.npy
scissors,scissors (74),train,./data/raw/FullLabelled/scissors/scissors (74).jpg,./dataset/skeleton_final_v2/scissors/scissors (74).npy
the-finger,the-finger-set2 (321),train,./data/raw/FullLabelled/the-finger/the-finger-set2 (321).jpg,./dataset/skeleton_final_v2/the-finger/the-finger-set2 (321).npy
scissors,scissors-set2 (587),train,./data/raw/FullLabelled/scissors/scissors-set2 (587).jpg,./dataset/skeleton_final_v2/scissors/scissors-set2 (587).npy
ok,ok_Set2_ (443),train,./data/raw/FullLabelled/ok/ok_Set2_ (443).jpg,./dataset/skeleton_final_v2/ok/ok_Set2_ (443).npy
paper,paper_7968,train,./data/raw/FullLabelled/paper/paper_7968.jpg,./dataset/skeleton_final_v2/paper/paper_7968.npy
scissors,scissors_6967,train,./data/raw/FullLabelled/scissors/scissors_6967.jpg,./dataset/skeleton_final_v2/scissors/scissors_6967.npy
scissors,scissors-set2 (426),train,./data/raw/FullLabelled/scissors/scissors-set2 (426).jpg,./dataset/skeleton_final_v2/scissors/scissors-set2 (426).npy
rock,rock (6),train,./data/raw/FullLabelled/rock/rock (6).jpg,./dataset/skeleton_final_v2/rock/rock (6).npy
paper,paper (261),train,./data/raw/FullLabelled/paper/paper (261).jpg,./dataset/skeleton_final_v2/paper/paper (261).npy
paper,paper-set2 (366),train,./data/raw/FullLabelled/paper/paper-set2 (366).jpg,./dataset/skeleton_final_v2/paper/paper-set2 (366).npy
the-finger,the-finger_7488,train,./data/raw/FullLabelled/the-finger/the-finger_7488.jpg,./dataset/skeleton_final_v2/the-finger/the-finger_7488.npy
paper,paper-set2 (398),train,./data/raw/FullLabelled/paper/paper-set2 (398).jpg,./dataset/skeleton_final_v2/paper/paper-set2 (398).npy
scissors,scissors-set2 (664),train,./data/raw/FullLabelled/scissors/scissors-set2 (664).jpg,./dataset/skeleton_final_v2/scissors/scissors-set2 (664).npy
ok,ok_7010,train,./data/raw/FullLabelled/ok/ok_7010.jpg,./dataset/skeleton_final_v2/ok/ok_7010.npy
the-finger,the-finger (39),train,./data/raw/FullLabelled/the-finger/the-finger (39).jpg,./dataset/skeleton_final_v2/the-finger/the-finger (39).npy
ok,ok_7685,train,./data/raw/FullLabelled/ok/ok_7685.jpg,./dataset/skeleton_final_v2/ok/ok_7685.npy
paper,paper-set2 (177),train,./data/raw/FullLabelled/paper/paper-set2 (177).jpg,./dataset/skeleton_final_v2/paper/paper-set2 (177).npy
rock,rock-set2 (284),train,./data/raw/FullLabelled/rock/rock-set2 (284).jpg,./dataset/skeleton_final_v2/rock/rock-set2 (284).npy
the-finger,the-finger-set2 (218),train,./data/raw/FullLabelled/the-finger/the-finger-set2 (218).jpg,./dataset/skeleton_final_v2/the-finger/the-finger-set2 (218).npy
the-finger,the-finger_6465,train,./data/raw/FullLabelled/the-finger/the-finger_6465.jpg,./dataset/skeleton_final_v2/the-finger/the-finger_6465.npy
rock,rock_6321,train,./data/raw/FullLabelled/rock/rock_6321.jpg,./dataset/skeleton_final_v2/rock/rock_6321.npy
paper,paper_4597,train,./data/raw/FullLabelled/paper/paper_4597.jpg,./dataset/skeleton_final_v2/paper/paper_4597.npy
paper,paper_6707,train,./data/raw/FullLabelled/paper/paper_6707.jpg,./dataset/skeleton_final_v2/paper/paper_6707.npy
ok,ok_72,train,./data/raw/FullLabelled/ok/ok_72.jpg,./dataset/skeleton_final_v2/ok/ok_72.npy
the-finger,the-finger (114),train,./data/raw/FullLabelled/the-finger/the-finger (114).jpg,./dataset/skeleton_final_v2/the-finger/the-finger (114).npy
scissors,scissors_53,train,./data/raw/FullLabelled/scissors/scissors_53.jpg,./dataset/skeleton_final_v2/scissors/scissors_53.npy
paper,paper-set2 (160),train,./data/raw/FullLabelled/paper/paper-set2 (160).jpg,./dataset/skeleton_final_v2/paper/paper-set2 (160).npy
scissors,scissors-set2 (134),train,./data/raw/FullLabelled/scissors/scissors-set2 (134).jpg,./dataset/skeleton_final_v2/scissors/scissors-set2 (134).npy
the-finger,the-finger-set2 (277),train,./data/raw/FullLabelled/the-finger/the-finger-set2 (277).jpg,./dataset/skeleton_final_v2/the-finger/the-finger-set2 (277).npy
the-finger,the-finger (126),train,./data/raw/FullLabelled/the-finger/the-finger (126).jpg,./dataset/skeleton_final_v2/the-finger/the-finger (126).npy
scissors,scissors (57),train,./data/raw/FullLabelled/scissors/scissors (57).jpg,./dataset/skeleton_final_v2/scissors/scissors (57).npy
ok,ok_Set2_ (359),train,./data/raw/FullLabelled/ok/ok_Set2_ (359).jpg,./dataset/skeleton_final_v2/ok/ok_Set2_ (359).npy
scissors,scissors_756,train,./data/raw/FullLabelled/scissors/scissors_756.jpg,./dataset/skeleton_final_v2/scissors/scissors_756.npy
ok,ok (119),train,./data/raw/FullLabelled/ok/ok (119).jpg,./dataset/skeleton_final_v2/ok/ok (119).npy
paper,paper-set2 (264),train,./data/raw/FullLabelled/paper/paper-set2 (264).jpg,./dataset/skeleton_final_v2/paper/paper-set2 (264).npy
the-finger,the-finger (7),train,./data/raw/FullLabelled/the-finger/the-finger (7).jpg,./dataset/skeleton_final_v2/the-finger/the-finger (7).npy
ok,ok (156),train,./data/raw/FullLabelled/ok/ok (156).jpg,./dataset/skeleton_final_v2/ok/ok (156).npy
scissors,scissors-set2 (115),train,./data/raw/FullLabelled/scissors/scissors-set2 (115).jpg,./dataset/skeleton_final_v2/scissors/scissors-set2 (115).npy
paper,paper_2566,train,./data/raw/FullLabelled/paper/paper_2566.jpg,./dataset/skeleton_final_v2/paper/paper_2566.npy
the-finger,the-finger_7496,train,./data/raw/FullLabelled/the-finger/the-finger_7496.jpg,./dataset/skeleton_final_v2/the-finger/the-finger_7496.npy
paper,paper-set2 (200),train,./data/raw/FullLabelled/paper/paper-set2 (200).jpg,./dataset/skeleton_final_v2/paper/paper-set2 (200).npy
rock,rock-set2 (605),train,./data/raw/FullLabelled/rock/rock-set2 (605).jpg,./dataset/skeleton_final_v2/rock/rock-set2 (605).npy
the-finger,the-finger-set2 (338),train,./data/raw/FullLabelled/the-finger/the-finger-set2 (338).jpg,./dataset/skeleton_final_v2/the-finger/the-finger-set2 (338).npy
scissors,scissors (268),train,./data/raw/FullLabelled/scissors/scissors (268).jpg,./dataset/skeleton_final_v2/scissors/scissors (268).npy
ok,ok (13),train,./data/raw/FullLabelled/ok/ok (13).jpg,./dataset/skeleton_final_v2/ok/ok (13).npy
ok,ok (34),train,./data/raw/FullLabelled/ok/ok (34).jpg,./dataset/skeleton_final_v2/ok/ok (34).npy
the-finger,the-finger_7479,train,./data/raw/FullLabelled/the-finger/the-finger_7479.jpg,./dataset/skeleton_final_v2/the-finger/the-finger_7479.npy
the-finger,the-finger-set2 (9),train,./data/raw/FullLabelled/the-finger/the-finger-set2 (9).jpg,./dataset/skeleton_final_v2/the-finger/the-finger-set2 (9).npy
scissors,scissors (328),train,./data/raw/FullLabelled/scissors/scissors (328).jpg,./dataset/skeleton_final_v2/scissors/scissors (328).npy
paper,paper-set2 (211),train,./data/raw/FullLabelled/paper/paper-set2 (211).jpg,./dataset/skeleton_final_v2/paper/paper-set2 (211).npy
paper,paper_2479,train,./data/raw/FullLabelled/paper/paper_2479.jpg,./dataset/skeleton_final_v2/paper/paper_2479.npy
paper,paper (258),train,./data/raw/FullLabelled/paper/paper (258).jpg,./dataset/skeleton_final_v2/paper/paper (258).npy
paper,paper_727,train,./data/raw/FullLabelled/paper/paper_727.jpg,./dataset/skeleton_final_v2/paper/paper_727.npy
the-finger,the-finger-set2 (105),train,./data/raw/FullLabelled/the-finger/the-finger-set2 (105).jpg,./dataset/skeleton_final_v2/the-finger/the-finger-set2 (105).npy
rock,rock-set2 (567),train,./data/raw/FullLabelled/rock/rock-set2 (567).jpg,./dataset/skeleton_final_v2/rock/rock-set2 (567).npy
the-finger,the-finger-set2 (193),train,./data/raw/FullLabelled/the-finger/the-finger-set2 (193).jpg,./dataset/skeleton_final_v2/the-finger/the-finger-set2 (193).npy
rock,rock (188),train,./data/raw/FullLabelled/rock/rock (188).jpg,./dataset/skeleton_final_v2/rock/rock (188).npy
rock,rock-set2 (170),train,./data/raw/FullLabelled/rock/rock-set2 (170).jpg,./dataset/skeleton_final_v2/rock/rock-set2 (170).npy
scissors,scissors_3880,train,./data/raw/FullLabelled/scissors/scissors_3880.jpg,./dataset/skeleton_final_v2/scissors/scissors_3880.npy
ok,ok_Set2_ (96),train,./data/raw/FullLabelled/ok/ok_Set2_ (96).jpg,./dataset/skeleton_final_v2/ok/ok_Set2_ (96).npy
scissors,scissors-set2 (623),train,./data/raw/FullLabelled/scissors/scissors-set2 (623).jpg,./dataset/skeleton_final_v2/scissors/scissors-set2 (623).npy
the-finger,the-finger_6075,train,./data/raw/FullLabelled/the-finger/the-finger_6075.jpg,./dataset/skeleton_final_v2/the-finger/the-finger_6075.npy
paper,paper-set2 (143),train,./data/raw/FullLabelled/paper/paper-set2 (143).jpg,./dataset/skeleton_final_v2/paper/paper-set2 (143).npy
the-finger,the-finger-set2 (418),train,./data/raw/FullLabelled/the-finger/the-finger-set2 (418).jpg,./dataset/skeleton_final_v2/the-finger/the-finger-set2 (418).npy
ok,ok_7676,train,./data/raw/FullLabelled/ok/ok_7676.jpg,./dataset/skeleton_final_v2/ok/ok_7676.npy
the-finger,the-finger (27),train,./data/raw/FullLabelled/the-finger/the-finger (27).jpg,./dataset/skeleton_final_v2/the-finger/the-finger (27).npy
paper,paper (183),train,./data/raw/FullLabelled/paper/paper (183).jpg,./dataset/skeleton_final_v2/paper/paper (183).npy
paper,paper_5475,train,./data/raw/FullLabelled/paper/paper_5475.jpg,./dataset/skeleton_final_v2/paper/paper_5475.npy
scissors,scissors (308),train,./data/raw/FullLabelled/scissors/scissors (308).jpg,./dataset/skeleton_final_v2/scissors/scissors (308).npy
scissors,scissors-set2 (611),train,./data/raw/FullLabelled/scissors/scissors-set2 (611).jpg,./dataset/skeleton_final_v2/scissors/scissors-set2 (611).npy
rock,rock-set2 (162),train,./data/raw/FullLabelled/rock/rock-set2 (162).jpg,./dataset/skeleton_final_v2/rock/rock-set2 (162).npy
ok,ok_Set2_ (533),train,./data/raw/FullLabelled/ok/ok_Set2_ (533).jpg,./dataset/skeleton_final_v2/ok/ok_Set2_ (533).npy
rock,rock-set2 (592),train,./data/raw/FullLabelled/rock/rock-set2 (592).jpg,./dataset/skeleton_final_v2/rock/rock-set2 (592).npy
ok,ok_2017,train,./data/raw/FullLabelled/ok/ok_2017.jpg,./dataset/skeleton_final_v2/ok/ok_2017.npy
rock,rock-set2 (481),train,./data/raw/FullLabelled/rock/rock-set2 (481).jpg,./dataset/skeleton_final_v2/rock/rock-set2 (481).npy
paper,paper_7308,train,./data/raw/FullLabelled/paper/paper_7308.jpg,./dataset/skeleton_final_v2/paper/paper_7308.npy
paper,paper-set2 (276),train,./data/raw/FullLabelled/paper/paper-set2 (276).jpg,./dataset/skeleton_final_v2/paper/paper-set2 (276).npy
the-finger,the-finger-set2 (153),train,./data/raw/FullLabelled/the-finger/the-finger-set2 (153).jpg,./dataset/skeleton_final_v2/the-finger/the-finger-set2 (153).npy
ok,ok (229),train,./data/raw/FullLabelled/ok/ok (229).jpg,./dataset/skeleton_final_v2/ok/ok (229).npy
paper,paper_719,train,./data/raw/FullLabelled/paper/paper_719.jpg,./dataset/skeleton_final_v2/paper/paper_719.npy
rock,rock-set2 (59),train,./data/raw/FullLabelled/rock/rock-set2 (59).jpg,./dataset/skeleton_final_v2/rock/rock-set2 (59).npy
ok,ok_Set2_ (322),train,./data/raw/FullLabelled/ok/ok_Set2_ (322).jpg,./dataset/skeleton_final_v2/ok/ok_Set2_ (322).npy
rock,rock_7513,train,./data/raw/FullLabelled/rock/rock_7513.jpg,./dataset/skeleton_final_v2/rock/rock_7513.npy
paper,paper (40),train,./data/raw/FullLabelled/paper/paper (40).jpg,./dataset/skeleton_final_v2/paper/paper (40).npy
ok,ok (126),train,./data/raw/FullLabelled/ok/ok (126).jpg,./dataset/skeleton_final_v2/ok/ok (126).npy
paper,paper-set2 (72),train,./data/raw/FullLabelled/paper/paper-set2 (72).jpg,./dataset/skeleton_final_v2/paper/paper-set2 (72).npy
paper,paper-set2 (156),train,./data/raw/FullLabelled/paper/paper-set2 (156).jpg,./dataset/skeleton_final_v2/paper/paper-set2 (156).npy
scissors,scissors (333),train,./data/raw/FullLabelled/scissors/scissors (333).jpg,./dataset/skeleton_final_v2/scissors/scissors (333).npy
scissors,scissors-set2 (480),train,./data/raw/FullLabelled/scissors/scissors-set2 (480).jpg,./dataset/skeleton_final_v2/scissors/scissors-set2 (480).npy
the-finger,the-finger-set2 (409),train,./data/raw/FullLabelled/the-finger/the-finger-set2 (409).jpg,./dataset/skeleton_final_v2/the-finger/the-finger-set2 (409).npy
the-finger,the-finger-set2 (403),train,./data/raw/FullLabelled/the-finger/the-finger-set2 (403).jpg,./dataset/skeleton_final_v2/the-finger/the-finger-set2 (403).npy
ok,ok_Set2_ (535),train,./data/raw/FullLabelled/ok/ok_Set2_ (535).jpg,./dataset/skeleton_final_v2/ok/ok_Set2_ (535).npy
ok,ok_6180,train,./data/raw/FullLabelled/ok/ok_6180.jpg,./dataset/skeleton_final_v2/ok/ok_6180.npy
scissors,scissors_6372,train,./data/raw/FullLabelled/scissors/scissors_6372.jpg,./dataset/skeleton_final_v2/scissors/scissors_6372.npy
rock,rock-set2 (202),train,./data/raw/FullLabelled/rock/rock-set2 (202).jpg,./dataset/skeleton_final_v2/rock/rock-set2 (202).npy
rock,rock-set2 (16),train,./data/raw/FullLabelled/rock/rock-set2 (16).jpg,./dataset/skeleton_final_v2/rock/rock-set2 (16).npy
the-finger,the-finger_5644,train,./data/raw/FullLabelled/the-finger/the-finger_5644.jpg,./dataset/skeleton_final_v2/the-finger/the-finger_5644.npy
the-finger,the-finger_3523,train,./data/raw/FullLabelled/the-finger/the-finger_3523.jpg,./dataset/skeleton_final_v2/the-finger/the-finger_3523.npy
paper,paper (114),train,./data/raw/FullLabelled/paper/paper (114).jpg,./dataset/skeleton_final_v2/paper/paper (114).npy
scissors,scissors_6166,train,./data/raw/FullLabelled/scissors/scissors_6166.jpg,./dataset/skeleton_final_v2/scissors/scissors_6166.npy
scissors,scissors-set2 (248),train,./data/raw/FullLabelled/scissors/scissors-set2 (248).jpg,./dataset/skeleton_final_v2/scissors/scissors-set2 (248).npy
ok,ok_Set2_ (513),train,./data/raw/FullLabelled/ok/ok_Set2_ (513).jpg,./dataset/skeleton_final_v2/ok/ok_Set2_ (513).npy
rock,rock-set2 (340),train,./data/raw/FullLabelled/rock/rock-set2 (340).jpg,./dataset/skeleton_final_v2/rock/rock-set2 (340).npy
scissors,scissors-set2 (730),train,./data/raw/FullLabelled/scissors/scissors-set2 (730).jpg,./dataset/skeleton_final_v2/scissors/scissors-set2 (730).npy
scissors,scissors-set2 (577),train,./data/raw/FullLabelled/scissors/scissors-set2 (577).jpg,./dataset/skeleton_final_v2/scissors/scissors-set2 (577).npy
scissors,scissors-set2 (333),train,./data/raw/FullLabelled/scissors/scissors-set2 (333).jpg,./dataset/skeleton_final_v2/scissors/scissors-set2 (333).npy
the-finger,the-finger_7072,train,./data/raw/FullLabelled/the-finger/the-finger_7072.jpg,./dataset/skeleton_final_v2/the-finger/the-finger_7072.npy
scissors,scissors-set2 (393),train,./data/raw/FullLabelled/scissors/scissors-set2 (393).jpg,./dataset/skeleton_final_v2/scissors/scissors-set2 (393).npy
ok,ok_2725,train,./data/raw/FullLabelled/ok/ok_2725.jpg,./dataset/skeleton_final_v2/ok/ok_2725.npy
scissors,scissors-set2 (317),train,./data/raw/FullLabelled/scissors/scissors-set2 (317).jpg,./dataset/skeleton_final_v2/scissors/scissors-set2 (317).npy
scissors,scissors (71),train,./data/raw/FullLabelled/scissors/scissors (71).jpg,./dataset/skeleton_final_v2/scissors/scissors (71).npy
ok,ok_Set2_ (446),train,./data/raw/FullLabelled/ok/ok_Set2_ (446).jpg,./dataset/skeleton_final_v2/ok/ok_Set2_ (446).npy
paper,paper-set2 (502),train,./data/raw/FullLabelled/paper/paper-set2 (502).jpg,./dataset/skeleton_final_v2/paper/paper-set2 (502).npy
paper,paper_2545,train,./data/raw/FullLabelled/paper/paper_2545.jpg,./dataset/skeleton_final_v2/paper/paper_2545.npy
paper,paper (237),train,./data/raw/FullLabelled/paper/paper (237).jpg,./dataset/skeleton_final_v2/paper/paper (237).npy
the-finger,the-finger (38),train,./data/raw/FullLabelled/the-finger/the-finger (38).jpg,./dataset/skeleton_final_v2/the-finger/the-finger (38).npy
the-finger,the-finger (155),train,./data/raw/FullLabelled/the-finger/the-finger (155).jpg,./dataset/skeleton_final_v2/the-finger/the-finger (155).npy
scissors,scissors (177),train,./data/raw/FullLabelled/scissors/scissors (177).jpg,./dataset/skeleton_final_v2/scissors/scissors (177).npy
the-finger,the-finger_5355,train,./data/raw/FullLabelled/the-finger/the-finger_5355.jpg,./dataset/skeleton_final_v2/the-finger/the-finger_5355.npy
rock,rock-set2 (435),train,./data/raw/FullLabelled/rock/rock-set2 (435).jpg,./dataset/skeleton_final_v2/rock/rock-set2 (435).npy
the-finger,the-finger-set2 (19),train,./data/raw/FullLabelled/the-finger/the-finger-set2 (19).jpg,./dataset/skeleton_final_v2/the-finger/the-finger-set2 (19).npy
paper,paper-set2 (443),train,./data/raw/FullLabelled/paper/paper-set2 (443).jpg,./dataset/skeleton_final_v2/paper/paper-set2 (443).npy
scissors,scissors-set2 (37),train,./data/raw/FullLabelled/scissors/scissors-set2 (37).jpg,./dataset/skeleton_final_v2/scissors/scissors-set2 (37).npy
scissors,scissors-set2 (273),train,./data/raw/FullLabelled/scissors/scissors-set2 (273).jpg,./dataset/skeleton_final_v2/scissors/scissors-set2 (273).npy
ok,ok_Set2_ (278),train,./data/raw/FullLabelled/ok/ok_Set2_ (278).jpg,./dataset/skeleton_final_v2/ok/ok_Set2_ (278).npy
paper,paper (259),train,./data/raw/FullLabelled/paper/paper (259).jpg,./dataset/skeleton_final_v2/paper/paper (259).npy
paper,paper_4568,train,./data/raw/FullLabelled/paper/paper_4568.jpg,./dataset/skeleton_final_v2/paper/paper_4568.npy
ok,ok_6577,train,./data/raw/FullLabelled/ok/ok_6577.jpg,./dataset/skeleton_final_v2/ok/ok_6577.npy
paper,paper-set2 (271),train,./data/raw/FullLabelled/paper/paper-set2 (271).jpg,./dataset/skeleton_final_v2/paper/paper-set2 (271).npy
ok,ok (147),train,./data/raw/FullLabelled/ok/ok (147).jpg,./dataset/skeleton_final_v2/ok/ok (147).npy
ok,ok_2960,train,./data/raw/FullLabelled/ok/ok_2960.jpg,./dataset/skeleton_final_v2/ok/ok_2960.npy
paper,paper_2550,train,./data/raw/FullLabelled/paper/paper_2550.jpg,./dataset/skeleton_final_v2/paper/paper_2550.npy
scissors,scissors_6953,train,./data/raw/FullLabelled/scissors/scissors_6953.jpg,./dataset/skeleton_final_v2/scissors/scissors_6953.npy
ok,ok (107),train,./data/raw/FullLabelled/ok/ok (107).jpg,./dataset/skeleton_final_v2/ok/ok (107).npy
ok,ok_Set2_ (346),train,./data/raw/FullLabelled/ok/ok_Set2_ (346).jpg,./dataset/skeleton_final_v2/ok/ok_Set2_ (346).npy
the-finger,the-finger_9438,train,./data/raw/FullLabelled/the-finger/the-finger_9438.jpg,./dataset/skeleton_final_v2/the-finger/the-finger_9438.npy
scissors,scissors-set2 (269),train,./data/raw/FullLabelled/scissors/scissors-set2 (269).jpg,./dataset/skeleton_final_v2/scissors/scissors-set2 (269).npy
ok,ok_Set2_ (438),train,./data/raw/FullLabelled/ok/ok_Set2_ (438).jpg,./dataset/skeleton_final_v2/ok/ok_Set2_ (438).npy
scissors,scissors-set2 (223),train,./data/raw/FullLabelled/scissors/scissors-set2 (223).jpg,./dataset/skeleton_final_v2/scissors/scissors-set2 (223).npy
scissors,scissors-set2 (52),train,./data/raw/FullLabelled/scissors/scissors-set2 (52).jpg,./dataset/skeleton_final_v2/scissors/scissors-set2 (52).npy
ok,ok_Set2_ (480),train,./data/raw/FullLabelled/ok/ok_Set2_ (480).jpg,./dataset/skeleton_final_v2/ok/ok_Set2_ (480).npy
ok,ok_Set2_ (254),train,./data/raw/FullLabelled/ok/ok_Set2_ (254).jpg,./dataset/skeleton_final_v2/ok/ok_Set2_ (254).npy
paper,paper_5442,train,./data/raw/FullLabelled/paper/paper_5442.jpg,./dataset/skeleton_final_v2/paper/paper_5442.npy
scissors,scissors_8456,train,./data/raw/FullLabelled/scissors/scissors_8456.jpg,./dataset/skeleton_final_v2/scissors/scissors_8456.npy
scissors,scissors-set2 (746),train,./data/raw/FullLabelled/scissors/scissors-set2 (746).jpg,./dataset/skeleton_final_v2/scissors/scissors-set2 (746).npy
paper,paper_5893,train,./data/raw/FullLabelled/paper/paper_5893.jpg,./dataset/skeleton_final_v2/paper/paper_5893.npy
scissors,scissors_5504,train,./data/raw/FullLabelled/scissors/scissors_5504.jpg,./dataset/skeleton_final_v2/scissors/scissors_5504.npy
scissors,scissors_6552,train,./data/raw/FullLabelled/scissors/scissors_6552.jpg,./dataset/skeleton_final_v2/scissors/scissors_6552.npy
the-finger,the-finger-set2 (89),train,./data/raw/FullLabelled/the-finger/the-finger-set2 (89).jpg,./dataset/skeleton_final_v2/the-finger/the-finger-set2 (89).npy
scissors,scissors-set2 (197),train,./data/raw/FullLabelled/scissors/scissors-set2 (197).jpg,./dataset/skeleton_final_v2/scissors/scissors-set2 (197).npy
paper,paper (101),train,./data/raw/FullLabelled/paper/paper (101).jpg,./dataset/skeleton_final_v2/paper/paper (101).npy
paper,paper-set2 (55),train,./data/raw/FullLabelled/paper/paper-set2 (55).jpg,./dataset/skeleton_final_v2/paper/paper-set2 (55).npy
paper,paper-set2 (262),train,./data/raw/FullLabelled/paper/paper-set2 (262).jpg,./dataset/skeleton_final_v2/paper/paper-set2 (262).npy
rock,rock-set2 (570),train,./data/raw/FullLabelled/rock/rock-set2 (570).jpg,./dataset/skeleton_final_v2/rock/rock-set2 (570).npy
paper,paper-set2 (456),train,./data/raw/FullLabelled/paper/paper-set2 (456).jpg,./dataset/skeleton_final_v2/paper/paper-set2 (456).npy
the-finger,the-finger-set2 (433),train,./data/raw/FullLabelled/the-finger/the-finger-set2 (433).jpg,./dataset/skeleton_final_v2/the-finger/the-finger-set2 (433).npy
ok,ok_Set2_ (34),train,./data/raw/FullLabelled/ok/ok_Set2_ (34).jpg,./dataset/skeleton_final_v2/ok/ok_Set2_ (34).npy
paper,paper_8426,train,./data/raw/FullLabelled/paper/paper_8426.jpg,./dataset/skeleton_final_v2/paper/paper_8426.npy
the-finger,the-finger-set2 (99),train,./data/raw/FullLabelled/the-finger/the-finger-set2 (99).jpg,./dataset/skeleton_final_v2/the-finger/the-finger-set2 (99).npy
paper,paper-set2 (369),train,./data/raw/FullLabelled/paper/paper-set2 (369).jpg,./dataset/skeleton_final_v2/paper/paper-set2 (369).npy
ok,ok_Set2_ (139),train,./data/raw/FullLabelled/ok/ok_Set2_ (139).jpg,./dataset/skeleton_final_v2/ok/ok_Set2_ (139).npy
ok,ok_Set2_ (488),train,./data/raw/FullLabelled/ok/ok_Set2_ (488).jpg,./dataset/skeleton_final_v2/ok/ok_Set2_ (488).npy
the-finger,the-finger-set2 (179),train,./data/raw/FullLabelled/the-finger/the-finger-set2 (179).jpg,./dataset/skeleton_final_v2/the-finger/the-finger-set2 (179).npy
ok,ok (196),train,./data/raw/FullLabelled/ok/ok (196).jpg,./dataset/skeleton_final_v2/ok/ok (196).npy
paper,paper-set2 (268),train,./data/raw/FullLabelled/paper/paper-set2 (268).jpg,./dataset/skeleton_final_v2/paper/paper-set2 (268).npy
rock,rock-set2 (521),train,./data/raw/FullLabelled/rock/rock-set2 (521).jpg,./dataset/skeleton_final_v2/rock/rock-set2 (521).npy
rock,rock-set2 (606),train,./data/raw/FullLabelled/rock/rock-set2 (606).jpg,./dataset/skeleton_final_v2/rock/rock-set2 (606).npy
scissors,scissors-set2 (540),train,./data/raw/FullLabelled/scissors/scissors-set2 (540).jpg,./dataset/skeleton_final_v2/scissors/scissors-set2 (540).npy
rock,rock-set2 (45),train,./data/raw/FullLabelled/rock/rock-set2 (45).jpg,./dataset/skeleton_final_v2/rock/rock-set2 (45).npy
ok,ok (149),train,./data/raw/FullLabelled/ok/ok (149).jpg,./dataset/skeleton_final_v2/ok/ok (149).npy
paper,paper (248),train,./data/raw/FullLabelled/paper/paper (248).jpg,./dataset/skeleton_final_v2/paper/paper (248).npy
ok,ok_5538,train,./data/raw/FullLabelled/ok/ok_5538.jpg,./dataset/skeleton_final_v2/ok/ok_5538.npy
paper,paper (149),train,./data/raw/FullLabelled/paper/paper (149).jpg,./dataset/skeleton_final_v2/paper/paper (149).npy
ok,ok_Set2_ (127),train,./data/raw/FullLabelled/ok/ok_Set2_ (127).jpg,./dataset/skeleton_final_v2/ok/ok_Set2_ (127).npy
paper,paper_7952,train,./data/raw/FullLabelled/paper/paper_7952.jpg,./dataset/skeleton_final_v2/paper/paper_7952.npy
paper,paper_3782,train,./data/raw/FullLabelled/paper/paper_3782.jpg,./dataset/skeleton_final_v2/paper/paper_3782.npy
the-finger,the-finger-set2 (442),train,./data/raw/FullLabelled/the-finger/the-finger-set2 (442).jpg,./dataset/skeleton_final_v2/the-finger/the-finger-set2 (442).npy
paper,paper_33,train,./data/raw/FullLabelled/paper/paper_33.jpg,./dataset/skeleton_final_v2/paper/paper_33.npy
ok,ok_Set2_ (140),train,./data/raw/FullLabelled/ok/ok_Set2_ (140).jpg,./dataset/skeleton_final_v2/ok/ok_Set2_ (140).npy
the-finger,the-finger-set2 (18),train,./data/raw/FullLabelled/the-finger/the-finger-set2 (18).jpg,./dataset/skeleton_final_v2/the-finger/the-finger-set2 (18).npy
the-finger,the-finger_5392,train,./data/raw/FullLabelled/the-finger/the-finger_5392.jpg,./dataset/skeleton_final_v2/the-finger/the-finger_5392.npy
ok,ok_Set2_ (375),train,./data/raw/FullLabelled/ok/ok_Set2_ (375).jpg,./dataset/skeleton_final_v2/ok/ok_Set2_ (375).npy
paper,paper-set2 (231),train,./data/raw/FullLabelled/paper/paper-set2 (231).jpg,./dataset/skeleton_final_v2/paper/paper-set2 (231).npy
the-finger,the-finger_5856,train,./data/raw/FullLabelled/the-finger/the-finger_5856.jpg,./dataset/skeleton_final_v2/the-finger/the-finger_5856.npy
rock,rock-set2 (145),train,./data/raw/FullLabelled/rock/rock-set2 (145).jpg,./dataset/skeleton_final_v2/rock/rock-set2 (145).npy
scissors,scissors_6561,train,./data/raw/FullLabelled/scissors/scissors_6561.jpg,./dataset/skeleton_final_v2/scissors/scissors_6561.npy
ok,ok_Set2_ (447),train,./data/raw/FullLabelled/ok/ok_Set2_ (447).jpg,./dataset/skeleton_final_v2/ok/ok_Set2_ (447).npy
scissors,scissors-set2 (10),train,./data/raw/FullLabelled/scissors/scissors-set2 (10).jpg,./dataset/skeleton_final_v2/scissors/scissors-set2 (10).npy
paper,paper (12),train,./data/raw/FullLabelled/paper/paper (12).jpg,./dataset/skeleton_final_v2/paper/paper (12).npy
scissors,scissors-set2 (551),train,./data/raw/FullLabelled/scissors/scissors-set2 (551).jpg,./dataset/skeleton_final_v2/scissors/scissors-set2 (551).npy
scissors,scissors_6541,train,./data/raw/FullLabelled/scissors/scissors_6541.jpg,./dataset/skeleton_final_v2/scissors/scissors_6541.npy
rock,rock_6890,train,./data/raw/FullLabelled/rock/rock_6890.jpg,./dataset/skeleton_final_v2/rock/rock_6890.npy
rock,rock (238),train,./data/raw/FullLabelled/rock/rock (238).jpg,./dataset/skeleton_final_v2/rock/rock (238).npy
scissors,scissors_4630,train,./data/raw/FullLabelled/scissors/scissors_4630.jpg,./dataset/skeleton_final_v2/scissors/scissors_4630.npy
scissors,scissors_6163,train,./data/raw/FullLabelled/scissors/scissors_6163.jpg,./dataset/skeleton_final_v2/scissors/scissors_6163.npy
ok,ok_8872,train,./data/raw/FullLabelled/ok/ok_8872.jpg,./dataset/skeleton_final_v2/ok/ok_8872.npy
scissors,scissors (138),train,./data/raw/FullLabelled/scissors/scissors (138).jpg,./dataset/skeleton_final_v2/scissors/scissors (138).npy
scissors,scissors (264),train,./data/raw/FullLabelled/scissors/scissors (264).jpg,./dataset/skeleton_final_v2/scissors/scissors (264).npy
the-finger,the-finger (37),train,./data/raw/FullLabelled/the-finger/the-finger (37).jpg,./dataset/skeleton_final_v2/the-finger/the-finger (37).npy
ok,ok (35),train,./data/raw/FullLabelled/ok/ok (35).jpg,./dataset/skeleton_final_v2/ok/ok (35).npy
paper,paper_741,train,./data/raw/FullLabelled/paper/paper_741.jpg,./dataset/skeleton_final_v2/paper/paper_741.npy
scissors,scissors_6744,train,./data/raw/FullLabelled/scissors/scissors_6744.jpg,./dataset/skeleton_final_v2/scissors/scissors_6744.npy
rock,rock-set2 (433),train,./data/raw/FullLabelled/rock/rock-set2 (433).jpg,./dataset/skeleton_final_v2/rock/rock-set2 (433).npy
the-finger,the-finger_1734,train,./data/raw/FullLabelled/the-finger/the-finger_1734.jpg,./dataset/skeleton_final_v2/the-finger/the-finger_1734.npy
scissors,scissors-set2 (136),train,./data/raw/FullLabelled/scissors/scissors-set2 (136).jpg,./dataset/skeleton_final_v2/scissors/scissors-set2 (136).npy
paper,paper_2568,train,./data/raw/FullLabelled/paper/paper_2568.jpg,./dataset/skeleton_final_v2/paper/paper_2568.npy
ok,ok_5961,train,./data/raw/FullLabelled/ok/ok_5961.jpg,./dataset/skeleton_final_v2/ok/ok_5961.npy
paper,paper_5169,train,./data/raw/FullLabelled/paper/paper_5169.jpg,./dataset/skeleton_final_v2/paper/paper_5169.npy
scissors,scissors (298),train,./data/raw/FullLabelled/scissors/scissors (298).jpg,./dataset/skeleton_final_v2/scissors/scissors (298).npy
ok,ok_Set2_ (69),train,./data/raw/FullLabelled/ok/ok_Set2_ (69).jpg,./dataset/skeleton_final_v2/ok/ok_Set2_ (69).npy
the-finger,the-finger-set2 (219),train,./data/raw/FullLabelled/the-finger/the-finger-set2 (219).jpg,./dataset/skeleton_final_v2/the-finger/the-finger-set2 (219).npy
rock,rock_5080,train,./data/raw/FullLabelled/rock/rock_5080.jpg,./dataset/skeleton_final_v2/rock/rock_5080.npy
paper,paper-set2 (281),train,./data/raw/FullLabelled/paper/paper-set2 (281).jpg,./dataset/skeleton_final_v2/paper/paper-set2 (281).npy
scissors,scissors (240),train,./data/raw/FullLabelled/scissors/scissors (240).jpg,./dataset/skeleton_final_v2/scissors/scissors (240).npy
ok,ok_7677,train,./data/raw/FullLabelled/ok/ok_7677.jpg,./dataset/skeleton_final_v2/ok/ok_7677.npy
rock,rock (197),train,./data/raw/FullLabelled/rock/rock (197).jpg,./dataset/skeleton_final_v2/rock/rock (197).npy
scissors,scissors-set2 (153),train,./data/raw/FullLabelled/scissors/scissors-set2 (153).jpg,./dataset/skeleton_final_v2/scissors/scissors-set2 (153).npy
scissors,scissors-set2 (733),train,./data/raw/FullLabelled/scissors/scissors-set2 (733).jpg,./dataset/skeleton_final_v2/scissors/scissors-set2 (733).npy
paper,paper-set2 (265),train,./data/raw/FullLabelled/paper/paper-set2 (265).jpg,./dataset/skeleton_final_v2/paper/paper-set2 (265).npy
ok,ok_Set2_ (39),train,./data/raw/FullLabelled/ok/ok_Set2_ (39).jpg,./dataset/skeleton_final_v2/ok/ok_Set2_ (39).npy
ok,ok_Set2_ (223),train,./data/raw/FullLabelled/ok/ok_Set2_ (223).jpg,./dataset/skeleton_final_v2/ok/ok_Set2_ (223).npy
paper,paper_722,train,./data/raw/FullLabelled/paper/paper_722.jpg,./dataset/skeleton_final_v2/paper/paper_722.npy
ok,ok_1207,train,./data/raw/FullLabelled/ok/ok_1207.jpg,./dataset/skeleton_final_v2/ok/ok_1207.npy
the-finger,the-finger_9440,train,./data/raw/FullLabelled/the-finger/the-finger_9440.jpg,./dataset/skeleton_final_v2/the-finger/the-finger_9440.npy
ok,ok_2892,train,./data/raw/FullLabelled/ok/ok_2892.jpg,./dataset/skeleton_final_v2/ok/ok_2892.npy
paper,paper_5906,train,./data/raw/FullLabelled/paper/paper_5906.jpg,./dataset/skeleton_final_v2/paper/paper_5906.npy
the-finger,the-finger_2308,train,./data/raw/FullLabelled/the-finger/the-finger_2308.jpg,./dataset/skeleton_final_v2/the-finger/the-finger_2308.npy
paper,paper_3827,train,./data/raw/FullLabelled/paper/paper_3827.jpg,./dataset/skeleton_final_v2/paper/paper_3827.npy
paper,paper (38),train,./data/raw/FullLabelled/paper/paper (38).jpg,./dataset/skeleton_final_v2/paper/paper (38).npy
paper,paper_1436,train,./data/raw/FullLabelled/paper/paper_1436.jpg,./dataset/skeleton_final_v2/paper/paper_1436.npy
scissors,scissors-set2 (286),train,./data/raw/FullLabelled/scissors/scissors-set2 (286).jpg,./dataset/skeleton_final_v2/scissors/scissors-set2 (286).npy
scissors,scissors-set2 (205),train,./data/raw/FullLabelled/scissors/scissors-set2 (205).jpg,./dataset/skeleton_final_v2/scissors/scissors-set2 (205).npy
the-finger,the-finger_3470,train,./data/raw/FullLabelled/the-finger/the-finger_3470.jpg,./dataset/skeleton_final_v2/the-finger/the-finger_3470.npy
scissors,scissors_6738,train,./data/raw/FullLabelled/scissors/scissors_6738.jpg,./dataset/skeleton_final_v2/scissors/scissors_6738.npy
ok,ok_9230,train,./data/raw/FullLabelled/ok/ok_9230.jpg,./dataset/skeleton_final_v2/ok/ok_9230.npy
ok,ok_Set2_ (211),train,./data/raw/FullLabelled/ok/ok_Set2_ (211).jpg,./dataset/skeleton_final_v2/ok/ok_Set2_ (211).npy
paper,paper-set2 (309),train,./data/raw/FullLabelled/paper/paper-set2 (309).jpg,./dataset/skeleton_final_v2/paper/paper-set2 (309).npy
scissors,scissors-set2 (653),train,./data/raw/FullLabelled/scissors/scissors-set2 (653).jpg,./dataset/skeleton_final_v2/scissors/scissors-set2 (653).npy
rock,rock-set2 (210),train,./data/raw/FullLabelled/rock/rock-set2 (210).jpg,./dataset/skeleton_final_v2/rock/rock-set2 (210).npy
scissors,scissors-set2 (479),train,./data/raw/FullLabelled/scissors/scissors-set2 (479).jpg,./dataset/skeleton_final_v2/scissors/scissors-set2 (479).npy
the-finger,the-finger_9062,train,./data/raw/FullLabelled/the-finger/the-finger_9062.jpg,./dataset/skeleton_final_v2/the-finger/the-finger_9062.npy
the-finger,the-finger_7822,train,./data/raw/FullLabelled/the-finger/the-finger_7822.jpg,./dataset/skeleton_final_v2/the-finger/the-finger_7822.npy
ok,ok_6170,train,./data/raw/FullLabelled/ok/ok_6170.jpg,./dataset/skeleton_final_v2/ok/ok_6170.npy
paper,paper-set2 (395),train,./data/raw/FullLabelled/paper/paper-set2 (395).jpg,./dataset/skeleton_final_v2/paper/paper-set2 (395).npy
ok,ok_1947,train,./data/raw/FullLabelled/ok/ok_1947.jpg,./dataset/skeleton_final_v2/ok/ok_1947.npy
paper,paper-set2 (27),train,./data/raw/FullLabelled/paper/paper-set2 (27).jpg,./dataset/skeleton_final_v2/paper/paper-set2 (27).npy
scissors,scissors-set2 (126),train,./data/raw/FullLabelled/scissors/scissors-set2 (126).jpg,./dataset/skeleton_final_v2/scissors/scissors-set2 (126).npy
the-finger,the-finger_6282,train,./data/raw/FullLabelled/the-finger/the-finger_6282.jpg,./dataset/skeleton_final_v2/the-finger/the-finger_6282.npy
scissors,scissors_765,train,./data/raw/FullLabelled/scissors/scissors_765.jpg,./dataset/skeleton_final_v2/scissors/scissors_765.npy
scissors,scissors (493),train,./data/raw/FullLabelled/scissors/scissors (493).jpg,./dataset/skeleton_final_v2/scissors/scissors (493).npy
scissors,scissors_6378,train,./data/raw/FullLabelled/scissors/scissors_6378.jpg,./dataset/skeleton_final_v2/scissors/scissors_6378.npy
ok,ok (261),train,./data/raw/FullLabelled/ok/ok (261).jpg,./dataset/skeleton_final_v2/ok/ok (261).npy
scissors,scissors_2595,train,./data/raw/FullLabelled/scissors/scissors_2595.jpg,./dataset/skeleton_final_v2/scissors/scissors_2595.npy
scissors,scissors-set2 (593),train,./data/raw/FullLabelled/scissors/scissors-set2 (593).jpg,./dataset/skeleton_final_v2/scissors/scissors-set2 (593).npy
scissors,scissors_7671,train,./data/raw/FullLabelled/scissors/scissors_7671.jpg,./dataset/skeleton_final_v2/scissors/scissors_7671.npy
scissors,scissors-set2 (85),train,./data/raw/FullLabelled/scissors/scissors-set2 (85).jpg,./dataset/skeleton_final_v2/scissors/scissors-set2 (85).npy
paper,paper-set2 (225),train,./data/raw/FullLabelled/paper/paper-set2 (225).jpg,./dataset/skeleton_final_v2/paper/paper-set2 (225).npy
paper,paper-set2 (88),train,./data/raw/FullLabelled/paper/paper-set2 (88).jpg,./dataset/skeleton_final_v2/paper/paper-set2 (88).npy
paper,paper-set2 (10),train,./data/raw/FullLabelled/paper/paper-set2 (10).jpg,./dataset/skeleton_final_v2/paper/paper-set2 (10).npy
scissors,scissors (372),train,./data/raw/FullLabelled/scissors/scissors (372).jpg,./dataset/skeleton_final_v2/scissors/scissors (372).npy
paper,paper_6914,train,./data/raw/FullLabelled/paper/paper_6914.jpg,./dataset/skeleton_final_v2/paper/paper_6914.npy
scissors,scissors-set2 (12),train,./data/raw/FullLabelled/scissors/scissors-set2 (12).jpg,./dataset/skeleton_final_v2/scissors/scissors-set2 (12).npy
the-finger,the-finger_2256,train,./data/raw/FullLabelled/the-finger/the-finger_2256.jpg,./dataset/skeleton_final_v2/the-finger/the-finger_2256.npy
ok,ok_Set2_ (3),train,./data/raw/FullLabelled/ok/ok_Set2_ (3).jpg,./dataset/skeleton_final_v2/ok/ok_Set2_ (3).npy
the-finger,the-finger-set2 (365),train,./data/raw/FullLabelled/the-finger/the-finger-set2 (365).jpg,./dataset/skeleton_final_v2/the-finger/the-finger-set2 (365).npy
ok,ok_Set2_ (280),train,./data/raw/FullLabelled/ok/ok_Set2_ (280).jpg,./dataset/skeleton_final_v2/ok/ok_Set2_ (280).npy
paper,paper-set2 (19),train,./data/raw/FullLabelled/paper/paper-set2 (19).jpg,./dataset/skeleton_final_v2/paper/paper-set2 (19).npy
scissors,scissors (469),train,./data/raw/FullLabelled/scissors/scissors (469).jpg,./dataset/skeleton_final_v2/scissors/scissors (469).npy
paper,paper-set2 (32),train,./data/raw/FullLabelled/paper/paper-set2 (32).jpg,./dataset/skeleton_final_v2/paper/paper-set2 (32).npy
paper,paper-set2 (375),train,./data/raw/FullLabelled/paper/paper-set2 (375).jpg,./dataset/skeleton_final_v2/paper/paper-set2 (375).npy
scissors,scissors (19),train,./data/raw/FullLabelled/scissors/scissors (19).jpg,./dataset/skeleton_final_v2/scissors/scissors (19).npy
scissors,scissors-set2 (432),train,./data/raw/FullLabelled/scissors/scissors-set2 (432).jpg,./dataset/skeleton_final_v2/scissors/scissors-set2 (432).npy
paper,paper_1822,train,./data/raw/FullLabelled/paper/paper_1822.jpg,./dataset/skeleton_final_v2/paper/paper_1822.npy
paper,paper-set2 (397),train,./data/raw/FullLabelled/paper/paper-set2 (397).jpg,./dataset/skeleton_final_v2/paper/paper-set2 (397).npy
scissors,scissors-set2 (300),train,./data/raw/FullLabelled/scissors/scissors-set2 (300).jpg,./dataset/skeleton_final_v2/scissors/scissors-set2 (300).npy
ok,ok (128),train,./data/raw/FullLabelled/ok/ok (128).jpg,./dataset/skeleton_final_v2/ok/ok (128).npy
paper,paper (76),train,./data/raw/FullLabelled/paper/paper (76).jpg,./dataset/skeleton_final_v2/paper/paper (76).npy
rock,rock_6682,train,./data/raw/FullLabelled/rock/rock_6682.jpg,./dataset/skeleton_final_v2/rock/rock_6682.npy
paper,paper_6339,train,./data/raw/FullLabelled/paper/paper_6339.jpg,./dataset/skeleton_final_v2/paper/paper_6339.npy
ok,ok_2747,train,./data/raw/FullLabelled/ok/ok_2747.jpg,./dataset/skeleton_final_v2/ok/ok_2747.npy
the-finger,the-finger_6271,train,./data/raw/FullLabelled/the-finger/the-finger_6271.jpg,./dataset/skeleton_final_v2/the-finger/the-finger_6271.npy
the-finger,the-finger_2244,train,./data/raw/FullLabelled/the-finger/the-finger_2244.jpg,./dataset/skeleton_final_v2/the-finger/the-finger_2244.npy
scissors,scissors (56),train,./data/raw/FullLabelled/scissors/scissors (56).jpg,./dataset/skeleton_final_v2/scissors/scissors (56).npy
rock,rock (3),train,./data/raw/FullLabelled/rock/rock (3).jpg,./dataset/skeleton_final_v2/rock/rock (3).npy
ok,ok_Set2_ (449),train,./data/raw/FullLabelled/ok/ok_Set2_ (449).jpg,./dataset/skeleton_final_v2/ok/ok_Set2_ (449).npy
ok,ok_Set2_ (385),train,./data/raw/FullLabelled/ok/ok_Set2_ (385).jpg,./dataset/skeleton_final_v2/ok/ok_Set2_ (385).npy
paper,paper_4603,train,./data/raw/FullLabelled/paper/paper_4603.jpg,./dataset/skeleton_final_v2/paper/paper_4603.npy
scissors,scissors_759,train,./data/raw/FullLabelled/scissors/scissors_759.jpg,./dataset/skeleton_final_v2/scissors/scissors_759.npy
paper,paper_714,train,./data/raw/FullLabelled/paper/paper_714.jpg,./dataset/skeleton_final_v2/paper/paper_714.npy
paper,paper-set2 (322),train,./data/raw/FullLabelled/paper/paper-set2 (322).jpg,./dataset/skeleton_final_v2/paper/paper-set2 (322).npy
the-finger,the-finger-set2 (394),train,./data/raw/FullLabelled/the-finger/the-finger-set2 (394).jpg,./dataset/skeleton_final_v2/the-finger/the-finger-set2 (394).npy
the-finger,the-finger-set2 (349),train,./data/raw/FullLabelled/the-finger/the-finger-set2 (349).jpg,./dataset/skeleton_final_v2/the-finger/the-finger-set2 (349).npy
ok,ok (248),train,./data/raw/FullLabelled/ok/ok (248).jpg,./dataset/skeleton_final_v2/ok/ok (248).npy
rock,rock-set2 (308),train,./data/raw/FullLabelled/rock/rock-set2 (308).jpg,./dataset/skeleton_final_v2/rock/rock-set2 (308).npy
ok,ok_Set2_ (330),train,./data/raw/FullLabelled/ok/ok_Set2_ (330).jpg,./dataset/skeleton_final_v2/ok/ok_Set2_ (330).npy
scissors,scissors-set2 (394),train,./data/raw/FullLabelled/scissors/scissors-set2 (394).jpg,./dataset/skeleton_final_v2/scissors/scissors-set2 (394).npy
paper,paper-set2 (112),train,./data/raw/FullLabelled/paper/paper-set2 (112).jpg,./dataset/skeleton_final_v2/paper/paper-set2 (112).npy
the-finger,the-finger (136),train,./data/raw/FullLabelled/the-finger/the-finger (136).jpg,./dataset/skeleton_final_v2/the-finger/the-finger (136).npy
scissors,scissors_6377,train,./data/raw/FullLabelled/scissors/scissors_6377.jpg,./dataset/skeleton_final_v2/scissors/scissors_6377.npy
scissors,scissors_6740,train,./data/raw/FullLabelled/scissors/scissors_6740.jpg,./dataset/skeleton_final_v2/scissors/scissors_6740.npy
scissors,scissors_1081,train,./data/raw/FullLabelled/scissors/scissors_1081.jpg,./dataset/skeleton_final_v2/scissors/scissors_1081.npy
scissors,scissors (117),train,./data/raw/FullLabelled/scissors/scissors (117).jpg,./dataset/skeleton_final_v2/scissors/scissors (117).npy
ok,ok_5772,train,./data/raw/FullLabelled/ok/ok_5772.jpg,./dataset/skeleton_final_v2/ok/ok_5772.npy
the-finger,the-finger_7478,train,./data/raw/FullLabelled/the-finger/the-finger_7478.jpg,./dataset/skeleton_final_v2/the-finger/the-finger_7478.npy
paper,paper-set2 (488),train,./data/raw/FullLabelled/paper/paper-set2 (488).jpg,./dataset/skeleton_final_v2/paper/paper-set2 (488).npy
the-finger,the-finger_2264,train,./data/raw/FullLabelled/the-finger/the-finger_2264.jpg,./dataset/skeleton_final_v2/the-finger/the-finger_2264.npy
the-finger,the-finger-set2 (419),train,./data/raw/FullLabelled/the-finger/the-finger-set2 (419).jpg,./dataset/skeleton_final_v2/the-finger/the-finger-set2 (419).npy
the-finger,the-finger_8288,train,./data/raw/FullLabelled/the-finger/the-finger_8288.jpg,./dataset/skeleton_final_v2/the-finger/the-finger_8288.npy
paper,paper_5453,train,./data/raw/FullLabelled/paper/paper_5453.jpg,./dataset/skeleton_final_v2/paper/paper_5453.npy
scissors,scissors-set2 (745),train,./data/raw/FullLabelled/scissors/scissors-set2 (745).jpg,./dataset/skeleton_final_v2/scissors/scissors-set2 (745).npy
scissors,scissors (497),train,./data/raw/FullLabelled/scissors/scissors (497).jpg,./dataset/skeleton_final_v2/scissors/scissors (497).npy
scissors,scissors_5740,train,./data/raw/FullLabelled/scissors/scissors_5740.jpg,./dataset/skeleton_final_v2/scissors/scissors_5740.npy
scissors,scissors-set2 (645),train,./data/raw/FullLabelled/scissors/scissors-set2 (645).jpg,./dataset/skeleton_final_v2/scissors/scissors-set2 (645).npy
ok,ok_2753,train,./data/raw/FullLabelled/ok/ok_2753.jpg,./dataset/skeleton_final_v2/ok/ok_2753.npy
paper,paper_9126,train,./data/raw/FullLabelled/paper/paper_9126.jpg,./dataset/skeleton_final_v2/paper/paper_9126.npy
the-finger,the-finger_7824,train,./data/raw/FullLabelled/the-finger/the-finger_7824.jpg,./dataset/skeleton_final_v2/the-finger/the-finger_7824.npy
paper,paper-set2 (261),train,./data/raw/FullLabelled/paper/paper-set2 (261).jpg,./dataset/skeleton_final_v2/paper/paper-set2 (261).npy
the-finger,the-finger-set2 (412),train,./data/raw/FullLabelled/the-finger/the-finger-set2 (412).jpg,./dataset/skeleton_final_v2/the-finger/the-finger-set2 (412).npy
ok,ok_4112,train,./data/raw/FullLabelled/ok/ok_4112.jpg,./dataset/skeleton_final_v2/ok/ok_4112.npy
the-finger,the-finger (19),train,./data/raw/FullLabelled/the-finger/the-finger (19).jpg,./dataset/skeleton_final_v2/the-finger/the-finger (19).npy
scissors,scissors-set2 (252),train,./data/raw/FullLabelled/scissors/scissors-set2 (252).jpg,./dataset/skeleton_final_v2/scissors/scissors-set2 (252).npy
scissors,scissors (105),train,./data/raw/FullLabelled/scissors/scissors (105).jpg,./dataset/skeleton_final_v2/scissors/scissors (105).npy
rock,rock (257),train,./data/raw/FullLabelled/rock/rock (257).jpg,./dataset/skeleton_final_v2/rock/rock (257).npy
scissors,scissors (164),train,./data/raw/FullLabelled/scissors/scissors (164).jpg,./dataset/skeleton_final_v2/scissors/scissors (164).npy
the-finger,the-finger-set2 (72),train,./data/raw/FullLabelled/the-finger/the-finger-set2 (72).jpg,./dataset/skeleton_final_v2/the-finger/the-finger-set2 (72).npy
scissors,scissors-set2 (389),train,./data/raw/FullLabelled/scissors/scissors-set2 (389).jpg,./dataset/skeleton_final_v2/scissors/scissors-set2 (389).npy
scissors,scissors (249),train,./data/raw/FullLabelled/scissors/scissors (249).jpg,./dataset/skeleton_final_v2/scissors/scissors (249).npy
paper,paper-set2 (91),train,./data/raw/FullLabelled/paper/paper-set2 (91).jpg,./dataset/skeleton_final_v2/paper/paper-set2 (91).npy
paper,paper-set2 (164),train,./data/raw/FullLabelled/paper/paper-set2 (164).jpg,./dataset/skeleton_final_v2/paper/paper-set2 (164).npy
paper,paper_7323,train,./data/raw/FullLabelled/paper/paper_7323.jpg,./dataset/skeleton_final_v2/paper/paper_7323.npy
paper,paper-set2 (411),train,./data/raw/FullLabelled/paper/paper-set2 (411).jpg,./dataset/skeleton_final_v2/paper/paper-set2 (411).npy
the-finger,the-finger-set2 (291),train,./data/raw/FullLabelled/the-finger/the-finger-set2 (291).jpg,./dataset/skeleton_final_v2/the-finger/the-finger-set2 (291).npy
the-finger,the-finger_3521,train,./data/raw/FullLabelled/the-finger/the-finger_3521.jpg,./dataset/skeleton_final_v2/the-finger/the-finger_3521.npy
paper,paper-set2 (466),train,./data/raw/FullLabelled/paper/paper-set2 (466).jpg,./dataset/skeleton_final_v2/paper/paper-set2 (466).npy
scissors,scissors_2778,train,./data/raw/FullLabelled/scissors/scissors_2778.jpg,./dataset/skeleton_final_v2/scissors/scissors_2778.npy
ok,ok_Set2_ (423),train,./data/raw/FullLabelled/ok/ok_Set2_ (423).jpg,./dataset/skeleton_final_v2/ok/ok_Set2_ (423).npy
ok,ok (215),train,./data/raw/FullLabelled/ok/ok (215).jpg,./dataset/skeleton_final_v2/ok/ok (215).npy
paper,paper_1470,train,./data/raw/FullLabelled/paper/paper_1470.jpg,./dataset/skeleton_final_v2/paper/paper_1470.npy
ok,ok (169),train,./data/raw/FullLabelled/ok/ok (169).jpg,./dataset/skeleton_final_v2/ok/ok (169).npy
scissors,scissors_6158,train,./data/raw/FullLabelled/scissors/scissors_6158.jpg,./dataset/skeleton_final_v2/scissors/scissors_6158.npy
paper,paper-set2 (99),train,./data/raw/FullLabelled/paper/paper-set2 (99).jpg,./dataset/skeleton_final_v2/paper/paper-set2 (99).npy
paper,paper (17),train,./data/raw/FullLabelled/paper/paper (17).jpg,./dataset/skeleton_final_v2/paper/paper (17).npy
scissors,scissors_6153,train,./data/raw/FullLabelled/scissors/scissors_6153.jpg,./dataset/skeleton_final_v2/scissors/scissors_6153.npy
ok,ok_1993,train,./data/raw/FullLabelled/ok/ok_1993.jpg,./dataset/skeleton_final_v2/ok/ok_1993.npy
scissors,scissors_6543,train,./data/raw/FullLabelled/scissors/scissors_6543.jpg,./dataset/skeleton_final_v2/scissors/scissors_6543.npy
scissors,scissors_6538,train,./data/raw/FullLabelled/scissors/scissors_6538.jpg,./dataset/skeleton_final_v2/scissors/scissors_6538.npy
rock,rock-set2 (361),train,./data/raw/FullLabelled/rock/rock-set2 (361).jpg,./dataset/skeleton_final_v2/rock/rock-set2 (361).npy
paper,paper_6924,train,./data/raw/FullLabelled/paper/paper_6924.jpg,./dataset/skeleton_final_v2/paper/paper_6924.npy
ok,ok_Set2_ (557),train,./data/raw/FullLabelled/ok/ok_Set2_ (557).jpg,./dataset/skeleton_final_v2/ok/ok_Set2_ (557).npy
the-finger,the-finger_5863,train,./data/raw/FullLabelled/the-finger/the-finger_5863.jpg,./dataset/skeleton_final_v2/the-finger/the-finger_5863.npy
scissors,scissors-set2 (603),train,./data/raw/FullLabelled/scissors/scissors-set2 (603).jpg,./dataset/skeleton_final_v2/scissors/scissors-set2 (603).npy
ok,ok (216),train,./data/raw/FullLabelled/ok/ok (216).jpg,./dataset/skeleton_final_v2/ok/ok (216).npy
scissors,scissors-set2 (550),train,./data/raw/FullLabelled/scissors/scissors-set2 (550).jpg,./dataset/skeleton_final_v2/scissors/scissors-set2 (550).npy
paper,paper (90),train,./data/raw/FullLabelled/paper/paper (90).jpg,./dataset/skeleton_final_v2/paper/paper (90).npy
ok,ok (5),train,./data/raw/FullLabelled/ok/ok (5).jpg,./dataset/skeleton_final_v2/ok/ok (5).npy
the-finger,the-finger-set2 (426),train,./data/raw/FullLabelled/the-finger/the-finger-set2 (426).jpg,./dataset/skeleton_final_v2/the-finger/the-finger-set2 (426).npy
ok,ok_1566,train,./data/raw/FullLabelled/ok/ok_1566.jpg,./dataset/skeleton_final_v2/ok/ok_1566.npy
paper,paper_6335,train,./data/raw/FullLabelled/paper/paper_6335.jpg,./dataset/skeleton_final_v2/paper/paper_6335.npy
scissors,scissors-set2 (548),train,./data/raw/FullLabelled/scissors/scissors-set2 (548).jpg,./dataset/skeleton_final_v2/scissors/scissors-set2 (548).npy
the-finger,the-finger_635,train,./data/raw/FullLabelled/the-finger/the-finger_635.jpg,./dataset/skeleton_final_v2/the-finger/the-finger_635.npy
paper,paper-set2 (277),train,./data/raw/FullLabelled/paper/paper-set2 (277).jpg,./dataset/skeleton_final_v2/paper/paper-set2 (277).npy
paper,paper-set2 (196),train,./data/raw/FullLabelled/paper/paper-set2 (196).jpg,./dataset/skeleton_final_v2/paper/paper-set2 (196).npy
paper,paper-set2 (191),train,./data/raw/FullLabelled/paper/paper-set2 (191).jpg,./dataset/skeleton_final_v2/paper/paper-set2 (191).npy
paper,paper-set2 (242),train,./data/raw/FullLabelled/paper/paper-set2 (242).jpg,./dataset/skeleton_final_v2/paper/paper-set2 (242).npy
scissors,scissors_6949,train,./data/raw/FullLabelled/scissors/scissors_6949.jpg,./dataset/skeleton_final_v2/scissors/scissors_6949.npy
scissors,scissors (434),train,./data/raw/FullLabelled/scissors/scissors (434).jpg,./dataset/skeleton_final_v2/scissors/scissors (434).npy
ok,ok_Set2_ (138),train,./data/raw/FullLabelled/ok/ok_Set2_ (138).jpg,./dataset/skeleton_final_v2/ok/ok_Set2_ (138).npy
scissors,scissors_5756,train,./data/raw/FullLabelled/scissors/scissors_5756.jpg,./dataset/skeleton_final_v2/scissors/scissors_5756.npy
the-finger,the-finger_8346,train,./data/raw/FullLabelled/the-finger/the-finger_8346.jpg,./dataset/skeleton_final_v2/the-finger/the-finger_8346.npy
the-finger,the-finger (65),train,./data/raw/FullLabelled/the-finger/the-finger (65).jpg,./dataset/skeleton_final_v2/the-finger/the-finger (65).npy
scissors,scissors_1488,train,./data/raw/FullLabelled/scissors/scissors_1488.jpg,./dataset/skeleton_final_v2/scissors/scissors_1488.npy
scissors,scissors_1486,train,./data/raw/FullLabelled/scissors/scissors_1486.jpg,./dataset/skeleton_final_v2/scissors/scissors_1486.npy
scissors,scissors-set2 (163),train,./data/raw/FullLabelled/scissors/scissors-set2 (163).jpg,./dataset/skeleton_final_v2/scissors/scissors-set2 (163).npy
scissors,scissors-set2 (169),train,./data/raw/FullLabelled/scissors/scissors-set2 (169).jpg,./dataset/skeleton_final_v2/scissors/scissors-set2 (169).npy
ok,ok_Set2_ (461),train,./data/raw/FullLabelled/ok/ok_Set2_ (461).jpg,./dataset/skeleton_final_v2/ok/ok_Set2_ (461).npy
the-finger,the-finger-set2 (381),train,./data/raw/FullLabelled/the-finger/the-finger-set2 (381).jpg,./dataset/skeleton_final_v2/the-finger/the-finger-set2 (381).npy
paper,paper-set2 (338),train,./data/raw/FullLabelled/paper/paper-set2 (338).jpg,./dataset/skeleton_final_v2/paper/paper-set2 (338).npy
the-finger,the-finger_9068,train,./data/raw/FullLabelled/the-finger/the-finger_9068.jpg,./dataset/skeleton_final_v2/the-finger/the-finger_9068.npy
ok,ok_88,train,./data/raw/FullLabelled/ok/ok_88.jpg,./dataset/skeleton_final_v2/ok/ok_88.npy
scissors,scissors-set2 (647),train,./data/raw/FullLabelled/scissors/scissors-set2 (647).jpg,./dataset/skeleton_final_v2/scissors/scissors-set2 (647).npy
ok,ok_Set2_ (378),train,./data/raw/FullLabelled/ok/ok_Set2_ (378).jpg,./dataset/skeleton_final_v2/ok/ok_Set2_ (378).npy
scissors,scissors-set2 (642),train,./data/raw/FullLabelled/scissors/scissors-set2 (642).jpg,./dataset/skeleton_final_v2/scissors/scissors-set2 (642).npy
paper,paper_3823,train,./data/raw/FullLabelled/paper/paper_3823.jpg,./dataset/skeleton_final_v2/paper/paper_3823.npy
scissors,scissors (108),train,./data/raw/FullLabelled/scissors/scissors (108).jpg,./dataset/skeleton_final_v2/scissors/scissors (108).npy
scissors,scissors-set2 (179),train,./data/raw/FullLabelled/scissors/scissors-set2 (179).jpg,./dataset/skeleton_final_v2/scissors/scissors-set2 (179).npy
scissors,scissors-set2 (201),train,./data/raw/FullLabelled/scissors/scissors-set2 (201).jpg,./dataset/skeleton_final_v2/scissors/scissors-set2 (201).npy
ok,ok_Set2_ (222),train,./data/raw/FullLabelled/ok/ok_Set2_ (222).jpg,./dataset/skeleton_final_v2/ok/ok_Set2_ (222).npy
scissors,scissors-set2 (505),train,./data/raw/FullLabelled/scissors/scissors-set2 (505).jpg,./dataset/skeleton_final_v2/scissors/scissors-set2 (505).npy
scissors,scissors-set2 (281),train,./data/raw/FullLabelled/scissors/scissors-set2 (281).jpg,./dataset/skeleton_final_v2/scissors/scissors-set2 (281).npy
rock,rock-set2 (15),train,./data/raw/FullLabelled/rock/rock-set2 (15).jpg,./dataset/skeleton_final_v2/rock/rock-set2 (15).npy
the-finger,the-finger_6475,train,./data/raw/FullLabelled/the-finger/the-finger_6475.jpg,./dataset/skeleton_final_v2/the-finger/the-finger_6475.npy
scissors,scissors-set2 (211),train,./data/raw/FullLabelled/scissors/scissors-set2 (211).jpg,./dataset/skeleton_final_v2/scissors/scissors-set2 (211).npy
ok,ok (40),train,./data/raw/FullLabelled/ok/ok (40).jpg,./dataset/skeleton_final_v2/ok/ok (40).npy
rock,rock_683,train,./data/raw/FullLabelled/rock/rock_683.jpg,./dataset/skeleton_final_v2/rock/rock_683.npy
scissors,scissors (345),train,./data/raw/FullLabelled/scissors/scissors (345).jpg,./dataset/skeleton_final_v2/scissors/scissors (345).npy
ok,ok_Set2_ (170),train,./data/raw/FullLabelled/ok/ok_Set2_ (170).jpg,./dataset/skeleton_final_v2/ok/ok_Set2_ (170).npy
scissors,scissors-set2 (353),train,./data/raw/FullLabelled/scissors/scissors-set2 (353).jpg,./dataset/skeleton_final_v2/scissors/scissors-set2 (353).npy
paper,paper-set2 (117),train,./data/raw/FullLabelled/paper/paper-set2 (117).jpg,./dataset/skeleton_final_v2/paper/paper-set2 (117).npy
the-finger,the-finger (21),train,./data/raw/FullLabelled/the-finger/the-finger (21).jpg,./dataset/skeleton_final_v2/the-finger/the-finger (21).npy
paper,paper_5715,train,./data/raw/FullLabelled/paper/paper_5715.jpg,./dataset/skeleton_final_v2/paper/paper_5715.npy
scissors,scissors-set2 (703),train,./data/raw/FullLabelled/scissors/scissors-set2 (703).jpg,./dataset/skeleton_final_v2/scissors/scissors-set2 (703).npy
scissors,scissors-set2 (741),train,./data/raw/FullLabelled/scissors/scissors-set2 (741).jpg,./dataset/skeleton_final_v2/scissors/scissors-set2 (741).npy
ok,ok_3957,train,./data/raw/FullLabelled/ok/ok_3957.jpg,./dataset/skeleton_final_v2/ok/ok_3957.npy
ok,ok_1129,train,./data/raw/FullLabelled/ok/ok_1129.jpg,./dataset/skeleton_final_v2/ok/ok_1129.npy
scissors,scissors-set2 (624),train,./data/raw/FullLabelled/scissors/scissors-set2 (624).jpg,./dataset/skeleton_final_v2/scissors/scissors-set2 (624).npy
rock,rock-set2 (313),train,./data/raw/FullLabelled/rock/rock-set2 (313).jpg,./dataset/skeleton_final_v2/rock/rock-set2 (313).npy
rock,rock_16,train,./data/raw/FullLabelled/rock/rock_16.jpg,./dataset/skeleton_final_v2/rock/rock_16.npy
rock,rock-set2 (352),train,./data/raw/FullLabelled/rock/rock-set2 (352).jpg,./dataset/skeleton_final_v2/rock/rock-set2 (352).npy
the-finger,the-finger_5647,train,./data/raw/FullLabelled/the-finger/the-finger_5647.jpg,./dataset/skeleton_final_v2/the-finger/the-finger_5647.npy
scissors,scissors-set2 (743),train,./data/raw/FullLabelled/scissors/scissors-set2 (743).jpg,./dataset/skeleton_final_v2/scissors/scissors-set2 (743).npy
scissors,scissors (11),train,./data/raw/FullLabelled/scissors/scissors (11).jpg,./dataset/skeleton_final_v2/scissors/scissors (11).npy
rock,rock-set2 (51),train,./data/raw/FullLabelled/rock/rock-set2 (51).jpg,./dataset/skeleton_final_v2/rock/rock-set2 (51).npy
paper,paper-set2 (185),train,./data/raw/FullLabelled/paper/paper-set2 (185).jpg,./dataset/skeleton_final_v2/paper/paper-set2 (185).npy
ok,ok_Set2_ (233),train,./data/raw/FullLabelled/ok/ok_Set2_ (233).jpg,./dataset/skeleton_final_v2/ok/ok_Set2_ (233).npy
ok,ok_7005,train,./data/raw/FullLabelled/ok/ok_7005.jpg,./dataset/skeleton_final_v2/ok/ok_7005.npy
paper,paper_8768,train,./data/raw/FullLabelled/paper/paper_8768.jpg,./dataset/skeleton_final_v2/paper/paper_8768.npy
paper,paper-set2 (125),train,./data/raw/FullLabelled/paper/paper-set2 (125).jpg,./dataset/skeleton_final_v2/paper/paper-set2 (125).npy
ok,ok (172),train,./data/raw/FullLabelled/ok/ok (172).jpg,./dataset/skeleton_final_v2/ok/ok (172).npy
the-finger,the-finger-set2 (315),train,./data/raw/FullLabelled/the-finger/the-finger-set2 (315).jpg,./dataset/skeleton_final_v2/the-finger/the-finger-set2 (315).npy
paper,paper_366,train,./data/raw/FullLabelled/paper/paper_366.jpg,./dataset/skeleton_final_v2/paper/paper_366.npy
paper,paper_6935,train,./data/raw/FullLabelled/paper/paper_6935.jpg,./dataset/skeleton_final_v2/paper/paper_6935.npy
paper,paper-set2 (244),train,./data/raw/FullLabelled/paper/paper-set2 (244).jpg,./dataset/skeleton_final_v2/paper/paper-set2 (244).npy
ok,ok_7695,train,./data/raw/FullLabelled/ok/ok_7695.jpg,./dataset/skeleton_final_v2/ok/ok_7695.npy
scissors,scissors (102),train,./data/raw/FullLabelled/scissors/scissors (102).jpg,./dataset/skeleton_final_v2/scissors/scissors (102).npy
scissors,scissors_7344,train,./data/raw/FullLabelled/scissors/scissors_7344.jpg,./dataset/skeleton_final_v2/scissors/scissors_7344.npy
ok,ok_798,train,./data/raw/FullLabelled/ok/ok_798.jpg,./dataset/skeleton_final_v2/ok/ok_798.npy
paper,paper_6520,train,./data/raw/FullLabelled/paper/paper_6520.jpg,./dataset/skeleton_final_v2/paper/paper_6520.npy
rock,rock (234),train,./data/raw/FullLabelled/rock/rock (234).jpg,./dataset/skeleton_final_v2/rock/rock (234).npy
ok,ok_8848,train,./data/raw/FullLabelled/ok/ok_8848.jpg,./dataset/skeleton_final_v2/ok/ok_8848.npy
rock,rock_338,train,./data/raw/FullLabelled/rock/rock_338.jpg,./dataset/skeleton_final_v2/rock/rock_338.npy
the-finger,the-finger (101),train,./data/raw/FullLabelled/the-finger/the-finger (101).jpg,./dataset/skeleton_final_v2/the-finger/the-finger (101).npy
scissors,scissors-set2 (304),train,./data/raw/FullLabelled/scissors/scissors-set2 (304).jpg,./dataset/skeleton_final_v2/scissors/scissors-set2 (304).npy
scissors,scissors_7187,train,./data/raw/FullLabelled/scissors/scissors_7187.jpg,./dataset/skeleton_final_v2/scissors/scissors_7187.npy
rock,rock_8366,train,./data/raw/FullLabelled/rock/rock_8366.jpg,./dataset/skeleton_final_v2/rock/rock_8366.npy
paper,paper (285),train,./data/raw/FullLabelled/paper/paper (285).jpg,./dataset/skeleton_final_v2/paper/paper (285).npy
ok,ok_4998,train,./data/raw/FullLabelled/ok/ok_4998.jpg,./dataset/skeleton_final_v2/ok/ok_4998.npy
scissors,scissors-set2 (714),train,./data/raw/FullLabelled/scissors/scissors-set2 (714).jpg,./dataset/skeleton_final_v2/scissors/scissors-set2 (714).npy
the-finger,the-finger_8274,train,./data/raw/FullLabelled/the-finger/the-finger_8274.jpg,./dataset/skeleton_final_v2/the-finger/the-finger_8274.npy
paper,paper (50),train,./data/raw/FullLabelled/paper/paper (50).jpg,./dataset/skeleton_final_v2/paper/paper (50).npy
scissors,scissors-set2 (342),train,./data/raw/FullLabelled/scissors/scissors-set2 (342).jpg,./dataset/skeleton_final_v2/scissors/scissors-set2 (342).npy
paper,paper-set2 (249),train,./data/raw/FullLabelled/paper/paper-set2 (249).jpg,./dataset/skeleton_final_v2/paper/paper-set2 (249).npy
scissors,scissors (303),train,./data/raw/FullLabelled/scissors/scissors (303).jpg,./dataset/skeleton_final_v2/scissors/scissors (303).npy
scissors,scissors_6152,train,./data/raw/FullLabelled/scissors/scissors_6152.jpg,./dataset/skeleton_final_v2/scissors/scissors_6152.npy
paper,paper (191),train,./data/raw/FullLabelled/paper/paper (191).jpg,./dataset/skeleton_final_v2/paper/paper (191).npy
rock,rock-set2 (276),train,./data/raw/FullLabelled/rock/rock-set2 (276).jpg,./dataset/skeleton_final_v2/rock/rock-set2 (276).npy
scissors,scissors_5481,train,./data/raw/FullLabelled/scissors/scissors_5481.jpg,./dataset/skeleton_final_v2/scissors/scissors_5481.npy
paper,paper_7317,train,./data/raw/FullLabelled/paper/paper_7317.jpg,./dataset/skeleton_final_v2/paper/paper_7317.npy
scissors,scissors-set2 (332),train,./data/raw/FullLabelled/scissors/scissors-set2 (332).jpg,./dataset/skeleton_final_v2/scissors/scissors-set2 (332).npy
paper,paper-set2 (98),train,./data/raw/FullLabelled/paper/paper-set2 (98).jpg,./dataset/skeleton_final_v2/paper/paper-set2 (98).npy
rock,rock-set2 (205),train,./data/raw/FullLabelled/rock/rock-set2 (205).jpg,./dataset/skeleton_final_v2/rock/rock-set2 (205).npy
paper,paper-set2 (381),train,./data/raw/FullLabelled/paper/paper-set2 (381).jpg,./dataset/skeleton_final_v2/paper/paper-set2 (381).npy
the-finger,the-finger_7259,train,./data/raw/FullLabelled/the-finger/the-finger_7259.jpg,./dataset/skeleton_final_v2/the-finger/the-finger_7259.npy
rock,rock_8402,train,./data/raw/FullLabelled/rock/rock_8402.jpg,./dataset/skeleton_final_v2/rock/rock_8402.npy
paper,paper-set2 (95),train,./data/raw/FullLabelled/paper/paper-set2 (95).jpg,./dataset/skeleton_final_v2/paper/paper-set2 (95).npy
rock,rock (27),train,./data/raw/FullLabelled/rock/rock (27).jpg,./dataset/skeleton_final_v2/rock/rock (27).npy
ok,ok_Set2_ (49),train,./data/raw/FullLabelled/ok/ok_Set2_ (49).jpg,./dataset/skeleton_final_v2/ok/ok_Set2_ (49).npy
scissors,scissors_7172,train,./data/raw/FullLabelled/scissors/scissors_7172.jpg,./dataset/skeleton_final_v2/scissors/scissors_7172.npy
scissors,scissors-set2 (22),train,./data/raw/FullLabelled/scissors/scissors-set2 (22).jpg,./dataset/skeleton_final_v2/scissors/scissors-set2 (22).npy
the-finger,the-finger_7828,train,./data/raw/FullLabelled/the-finger/the-finger_7828.jpg,./dataset/skeleton_final_v2/the-finger/the-finger_7828.npy
paper,paper_3800,train,./data/raw/FullLabelled/paper/paper_3800.jpg,./dataset/skeleton_final_v2/paper/paper_3800.npy
scissors,scissors (263),train,./data/raw/FullLabelled/scissors/scissors (263).jpg,./dataset/skeleton_final_v2/scissors/scissors (263).npy
paper,paper_5723,train,./data/raw/FullLabelled/paper/paper_5723.jpg,./dataset/skeleton_final_v2/paper/paper_5723.npy
paper,paper-set2 (8),train,./data/raw/FullLabelled/paper/paper-set2 (8).jpg,./dataset/skeleton_final_v2/paper/paper-set2 (8).npy
scissors,scissors_7649,train,./data/raw/FullLabelled/scissors/scissors_7649.jpg,./dataset/skeleton_final_v2/scissors/scissors_7649.npy
the-finger,the-finger_6865,train,./data/raw/FullLabelled/the-finger/the-finger_6865.jpg,./dataset/skeleton_final_v2/the-finger/the-finger_6865.npy
scissors,scissors-set2 (726),train,./data/raw/FullLabelled/scissors/scissors-set2 (726).jpg,./dataset/skeleton_final_v2/scissors/scissors-set2 (726).npy
scissors,scissors_8444,train,./data/raw/FullLabelled/scissors/scissors_8444.jpg,./dataset/skeleton_final_v2/scissors/scissors_8444.npy
paper,paper_6333,train,./data/raw/FullLabelled/paper/paper_6333.jpg,./dataset/skeleton_final_v2/paper/paper_6333.npy
scissors,scissors_420,train,./data/raw/FullLabelled/scissors/scissors_420.jpg,./dataset/skeleton_final_v2/scissors/scissors_420.npy
the-finger,the-finger_7489,train,./data/raw/FullLabelled/the-finger/the-finger_7489.jpg,./dataset/skeleton_final_v2/the-finger/the-finger_7489.npy
scissors,scissors-set2 (704),train,./data/raw/FullLabelled/scissors/scissors-set2 (704).jpg,./dataset/skeleton_final_v2/scissors/scissors-set2 (704).npy
ok,ok_Set2_ (118),train,./data/raw/FullLabelled/ok/ok_Set2_ (118).jpg,./dataset/skeleton_final_v2/ok/ok_Set2_ (118).npy
paper,paper (271),train,./data/raw/FullLabelled/paper/paper (271).jpg,./dataset/skeleton_final_v2/paper/paper (271).npy
scissors,scissors-set2 (90),train,./data/raw/FullLabelled/scissors/scissors-set2 (90).jpg,./dataset/skeleton_final_v2/scissors/scissors-set2 (90).npy
scissors,scissors_4635,train,./data/raw/FullLabelled/scissors/scissors_4635.jpg,./dataset/skeleton_final_v2/scissors/scissors_4635.npy
scissors,scissors (51),train,./data/raw/FullLabelled/scissors/scissors (51).jpg,./dataset/skeleton_final_v2/scissors/scissors (51).npy
scissors,scissors (378),train,./data/raw/FullLabelled/scissors/scissors (378).jpg,./dataset/skeleton_final_v2/scissors/scissors (378).npy
the-finger,the-finger-set2 (407),train,./data/raw/FullLabelled/the-finger/the-finger-set2 (407).jpg,./dataset/skeleton_final_v2/the-finger/the-finger-set2 (407).npy
ok,ok_Set2_ (476),train,./data/raw/FullLabelled/ok/ok_Set2_ (476).jpg,./dataset/skeleton_final_v2/ok/ok_Set2_ (476).npy
the-finger,the-finger-set2 (236),train,./data/raw/FullLabelled/the-finger/the-finger-set2 (236).jpg,./dataset/skeleton_final_v2/the-finger/the-finger-set2 (236).npy
ok,ok_Set2_ (240),train,./data/raw/FullLabelled/ok/ok_Set2_ (240).jpg,./dataset/skeleton_final_v2/ok/ok_Set2_ (240).npy
ok,ok_Set2_ (180),train,./data/raw/FullLabelled/ok/ok_Set2_ (180).jpg,./dataset/skeleton_final_v2/ok/ok_Set2_ (180).npy
ok,ok_7389,train,./data/raw/FullLabelled/ok/ok_7389.jpg,./dataset/skeleton_final_v2/ok/ok_7389.npy
ok,ok_Set2_ (551),train,./data/raw/FullLabelled/ok/ok_Set2_ (551).jpg,./dataset/skeleton_final_v2/ok/ok_Set2_ (551).npy
scissors,scissors_446,train,./data/raw/FullLabelled/scissors/scissors_446.jpg,./dataset/skeleton_final_v2/scissors/scissors_446.npy
scissors,scissors_7637,train,./data/raw/FullLabelled/scissors/scissors_7637.jpg,./dataset/skeleton_final_v2/scissors/scissors_7637.npy
ok,ok_1189,train,./data/raw/FullLabelled/ok/ok_1189.jpg,./dataset/skeleton_final_v2/ok/ok_1189.npy
the-finger,the-finger-set2 (357),train,./data/raw/FullLabelled/the-finger/the-finger-set2 (357).jpg,./dataset/skeleton_final_v2/the-finger/the-finger-set2 (357).npy
ok,ok_Set2_ (420),train,./data/raw/FullLabelled/ok/ok_Set2_ (420).jpg,./dataset/skeleton_final_v2/ok/ok_Set2_ (420).npy
the-finger,the-finger-set2 (362),train,./data/raw/FullLabelled/the-finger/the-finger-set2 (362).jpg,./dataset/skeleton_final_v2/the-finger/the-finger-set2 (362).npy
paper,paper (156),train,./data/raw/FullLabelled/paper/paper (156).jpg,./dataset/skeleton_final_v2/paper/paper (156).npy
ok,ok_5253,train,./data/raw/FullLabelled/ok/ok_5253.jpg,./dataset/skeleton_final_v2/ok/ok_5253.npy
the-finger,the-finger_594,train,./data/raw/FullLabelled/the-finger/the-finger_594.jpg,./dataset/skeleton_final_v2/the-finger/the-finger_594.npy
paper,paper-set2 (155),train,./data/raw/FullLabelled/paper/paper-set2 (155).jpg,./dataset/skeleton_final_v2/paper/paper-set2 (155).npy
paper,paper_2508,train,./data/raw/FullLabelled/paper/paper_2508.jpg,./dataset/skeleton_final_v2/paper/paper_2508.npy
scissors,scissors-set2 (486),train,./data/raw/FullLabelled/scissors/scissors-set2 (486).jpg,./dataset/skeleton_final_v2/scissors/scissors-set2 (486).npy
scissors,scissors_6159,train,./data/raw/FullLabelled/scissors/scissors_6159.jpg,./dataset/skeleton_final_v2/scissors/scissors_6159.npy
paper,paper-set2 (409),train,./data/raw/FullLabelled/paper/paper-set2 (409).jpg,./dataset/skeleton_final_v2/paper/paper-set2 (409).npy
ok,ok_Set2_ (292),train,./data/raw/FullLabelled/ok/ok_Set2_ (292).jpg,./dataset/skeleton_final_v2/ok/ok_Set2_ (292).npy
paper,paper-set2 (312),train,./data/raw/FullLabelled/paper/paper-set2 (312).jpg,./dataset/skeleton_final_v2/paper/paper-set2 (312).npy
scissors,scissors-set2 (522),train,./data/raw/FullLabelled/scissors/scissors-set2 (522).jpg,./dataset/skeleton_final_v2/scissors/scissors-set2 (522).npy
rock,rock-set2 (172),train,./data/raw/FullLabelled/rock/rock-set2 (172).jpg,./dataset/skeleton_final_v2/rock/rock-set2 (172).npy
paper,paper_6713,train,./data/raw/FullLabelled/paper/paper_6713.jpg,./dataset/skeleton_final_v2/paper/paper_6713.npy
ok,ok_Set2_ (386),train,./data/raw/FullLabelled/ok/ok_Set2_ (386).jpg,./dataset/skeleton_final_v2/ok/ok_Set2_ (386).npy
ok,ok_6986,train,./data/raw/FullLabelled/ok/ok_6986.jpg,./dataset/skeleton_final_v2/ok/ok_6986.npy
the-finger,the-finger-set2 (416),train,./data/raw/FullLabelled/the-finger/the-finger-set2 (416).jpg,./dataset/skeleton_final_v2/the-finger/the-finger-set2 (416).npy
scissors,scissors (411),train,./data/raw/FullLabelled/scissors/scissors (411).jpg,./dataset/skeleton_final_v2/scissors/scissors (411).npy
the-finger,the-finger-set2 (398),train,./data/raw/FullLabelled/the-finger/the-finger-set2 (398).jpg,./dataset/skeleton_final_v2/the-finger/the-finger-set2 (398).npy
the-finger,the-finger-set2 (17),train,./data/raw/FullLabelled/the-finger/the-finger-set2 (17).jpg,./dataset/skeleton_final_v2/the-finger/the-finger-set2 (17).npy
paper,paper-set2 (51),train,./data/raw/FullLabelled/paper/paper-set2 (51).jpg,./dataset/skeleton_final_v2/paper/paper-set2 (51).npy
the-finger,the-finger_8630,train,./data/raw/FullLabelled/the-finger/the-finger_8630.jpg,./dataset/skeleton_final_v2/the-finger/the-finger_8630.npy
rock,rock_681,train,./data/raw/FullLabelled/rock/rock_681.jpg,./dataset/skeleton_final_v2/rock/rock_681.npy
rock,rock_8374,train,./data/raw/FullLabelled/rock/rock_8374.jpg,./dataset/skeleton_final_v2/rock/rock_8374.npy
the-finger,the-finger-set2 (25),train,./data/raw/FullLabelled/the-finger/the-finger-set2 (25).jpg,./dataset/skeleton_final_v2/the-finger/the-finger-set2 (25).npy
ok,ok_Set2_ (376),train,./data/raw/FullLabelled/ok/ok_Set2_ (376).jpg,./dataset/skeleton_final_v2/ok/ok_Set2_ (376).npy
scissors,scissors_47,train,./data/raw/FullLabelled/scissors/scissors_47.jpg,./dataset/skeleton_final_v2/scissors/scissors_47.npy
ok,ok (203),train,./data/raw/FullLabelled/ok/ok (203).jpg,./dataset/skeleton_final_v2/ok/ok (203).npy
ok,ok (63),train,./data/raw/FullLabelled/ok/ok (63).jpg,./dataset/skeleton_final_v2/ok/ok (63).npy
paper,paper (168),train,./data/raw/FullLabelled/paper/paper (168).jpg,./dataset/skeleton_final_v2/paper/paper (168).npy
paper,paper (121),train,./data/raw/FullLabelled/paper/paper (121).jpg,./dataset/skeleton_final_v2/paper/paper (121).npy
paper,paper-set2 (379),train,./data/raw/FullLabelled/paper/paper-set2 (379).jpg,./dataset/skeleton_final_v2/paper/paper-set2 (379).npy
ok,ok_5255,train,./data/raw/FullLabelled/ok/ok_5255.jpg,./dataset/skeleton_final_v2/ok/ok_5255.npy
scissors,scissors-set2 (464),train,./data/raw/FullLabelled/scissors/scissors-set2 (464).jpg,./dataset/skeleton_final_v2/scissors/scissors-set2 (464).npy
paper,paper-set2 (203),train,./data/raw/FullLabelled/paper/paper-set2 (203).jpg,./dataset/skeleton_final_v2/paper/paper-set2 (203).npy
ok,ok_Set2_ (13),train,./data/raw/FullLabelled/ok/ok_Set2_ (13).jpg,./dataset/skeleton_final_v2/ok/ok_Set2_ (13).npy
paper,paper-set2 (167),train,./data/raw/FullLabelled/paper/paper-set2 (167).jpg,./dataset/skeleton_final_v2/paper/paper-set2 (167).npy
paper,paper_3726,train,./data/raw/FullLabelled/paper/paper_3726.jpg,./dataset/skeleton_final_v2/paper/paper_3726.npy
ok,ok_Set2_ (464),train,./data/raw/FullLabelled/ok/ok_Set2_ (464).jpg,./dataset/skeleton_final_v2/ok/ok_Set2_ (464).npy
scissors,scissors-set2 (184),train,./data/raw/FullLabelled/scissors/scissors-set2 (184).jpg,./dataset/skeleton_final_v2/scissors/scissors-set2 (184).npy
paper,paper_6524,train,./data/raw/FullLabelled/paper/paper_6524.jpg,./dataset/skeleton_final_v2/paper/paper_6524.npy
rock,rock-set2 (428),train,./data/raw/FullLabelled/rock/rock-set2 (428).jpg,./dataset/skeleton_final_v2/rock/rock-set2 (428).npy
rock,rock_6493,train,./data/raw/FullLabelled/rock/rock_6493.jpg,./dataset/skeleton_final_v2/rock/rock_6493.npy
ok,ok_2911,train,./data/raw/FullLabelled/ok/ok_2911.jpg,./dataset/skeleton_final_v2/ok/ok_2911.npy
ok,ok (159),train,./data/raw/FullLabelled/ok/ok (159).jpg,./dataset/skeleton_final_v2/ok/ok (159).npy
the-finger,the-finger_873,train,./data/raw/FullLabelled/the-finger/the-finger_873.jpg,./dataset/skeleton_final_v2/the-finger/the-finger_873.npy
the-finger,the-finger_8294,train,./data/raw/FullLabelled/the-finger/the-finger_8294.jpg,./dataset/skeleton_final_v2/the-finger/the-finger_8294.npy
scissors,scissors-set2 (483),train,./data/raw/FullLabelled/scissors/scissors-set2 (483).jpg,./dataset/skeleton_final_v2/scissors/scissors-set2 (483).npy
scissors,scissors-set2 (569),train,./data/raw/FullLabelled/scissors/scissors-set2 (569).jpg,./dataset/skeleton_final_v2/scissors/scissors-set2 (569).npy
scissors,scissors-set2 (276),train,./data/raw/FullLabelled/scissors/scissors-set2 (276).jpg,./dataset/skeleton_final_v2/scissors/scissors-set2 (276).npy
rock,rock_7539,train,./data/raw/FullLabelled/rock/rock_7539.jpg,./dataset/skeleton_final_v2/rock/rock_7539.npy
the-finger,the-finger-set2 (360),train,./data/raw/FullLabelled/the-finger/the-finger-set2 (360).jpg,./dataset/skeleton_final_v2/the-finger/the-finger-set2 (360).npy
scissors,scissors-set2 (515),train,./data/raw/FullLabelled/scissors/scissors-set2 (515).jpg,./dataset/skeleton_final_v2/scissors/scissors-set2 (515).npy
the-finger,the-finger_584,train,./data/raw/FullLabelled/the-finger/the-finger_584.jpg,./dataset/skeleton_final_v2/the-finger/the-finger_584.npy
paper,paper_6917,train,./data/raw/FullLabelled/paper/paper_6917.jpg,./dataset/skeleton_final_v2/paper/paper_6917.npy
ok,ok_7385,train,./data/raw/FullLabelled/ok/ok_7385.jpg,./dataset/skeleton_final_v2/ok/ok_7385.npy
scissors,scissors (140),train,./data/raw/FullLabelled/scissors/scissors (140).jpg,./dataset/skeleton_final_v2/scissors/scissors (140).npy
scissors,scissors-set2 (369),train,./data/raw/FullLabelled/scissors/scissors-set2 (369).jpg,./dataset/skeleton_final_v2/scissors/scissors-set2 (369).npy
the-finger,the-finger_241,train,./data/raw/FullLabelled/the-finger/the-finger_241.jpg,./dataset/skeleton_final_v2/the-finger/the-finger_241.npy
ok,ok_1590,train,./data/raw/FullLabelled/ok/ok_1590.jpg,./dataset/skeleton_final_v2/ok/ok_1590.npy
paper,paper_6112,train,./data/raw/FullLabelled/paper/paper_6112.jpg,./dataset/skeleton_final_v2/paper/paper_6112.npy
ok,ok_Set2_ (561),train,./data/raw/FullLabelled/ok/ok_Set2_ (561).jpg,./dataset/skeleton_final_v2/ok/ok_Set2_ (561).npy
paper,paper_8728,train,./data/raw/FullLabelled/paper/paper_8728.jpg,./dataset/skeleton_final_v2/paper/paper_8728.npy
ok,ok_806,train,./data/raw/FullLabelled/ok/ok_806.jpg,./dataset/skeleton_final_v2/ok/ok_806.npy
the-finger,the-finger-set2 (158),train,./data/raw/FullLabelled/the-finger/the-finger-set2 (158).jpg,./dataset/skeleton_final_v2/the-finger/the-finger-set2 (158).npy
paper,paper_7140,train,./data/raw/FullLabelled/paper/paper_7140.jpg,./dataset/skeleton_final_v2/paper/paper_7140.npy
ok,ok_6174,train,./data/raw/FullLabelled/ok/ok_6174.jpg,./dataset/skeleton_final_v2/ok/ok_6174.npy
paper,paper-set2 (108),train,./data/raw/FullLabelled/paper/paper-set2 (108).jpg,./dataset/skeleton_final_v2/paper/paper-set2 (108).npy
ok,ok_Set2_ (197),train,./data/raw/FullLabelled/ok/ok_Set2_ (197).jpg,./dataset/skeleton_final_v2/ok/ok_Set2_ (197).npy
ok,ok_805,train,./data/raw/FullLabelled/ok/ok_805.jpg,./dataset/skeleton_final_v2/ok/ok_805.npy
the-finger,the-finger (32),train,./data/raw/FullLabelled/the-finger/the-finger (32).jpg,./dataset/skeleton_final_v2/the-finger/the-finger (32).npy
the-finger,the-finger_6867,train,./data/raw/FullLabelled/the-finger/the-finger_6867.jpg,./dataset/skeleton_final_v2/the-finger/the-finger_6867.npy
ok,ok_Set2_ (555),train,./data/raw/FullLabelled/ok/ok_Set2_ (555).jpg,./dataset/skeleton_final_v2/ok/ok_Set2_ (555).npy
the-finger,the-finger_6290,train,./data/raw/FullLabelled/the-finger/the-finger_6290.jpg,./dataset/skeleton_final_v2/the-finger/the-finger_6290.npy
paper,paper-set2 (392),train,./data/raw/FullLabelled/paper/paper-set2 (392).jpg,./dataset/skeleton_final_v2/paper/paper-set2 (392).npy
ok,ok_Set2_ (582),train,./data/raw/FullLabelled/ok/ok_Set2_ (582).jpg,./dataset/skeleton_final_v2/ok/ok_Set2_ (582).npy
rock,rock-set2 (13),train,./data/raw/FullLabelled/rock/rock-set2 (13).jpg,./dataset/skeleton_final_v2/rock/rock-set2 (13).npy
the-finger,the-finger_3513,train,./data/raw/FullLabelled/the-finger/the-finger_3513.jpg,./dataset/skeleton_final_v2/the-finger/the-finger_3513.npy
paper,paper (128),train,./data/raw/FullLabelled/paper/paper (128).jpg,./dataset/skeleton_final_v2/paper/paper (128).npy
scissors,scissors_5745,train,./data/raw/FullLabelled/scissors/scissors_5745.jpg,./dataset/skeleton_final_v2/scissors/scissors_5745.npy
paper,paper_1003,train,./data/raw/FullLabelled/paper/paper_1003.jpg,./dataset/skeleton_final_v2/paper/paper_1003.npy
rock,rock-set2 (594),train,./data/raw/FullLabelled/rock/rock-set2 (594).jpg,./dataset/skeleton_final_v2/rock/rock-set2 (594).npy
scissors,scissors (6),train,./data/raw/FullLabelled/scissors/scissors (6).jpg,./dataset/skeleton_final_v2/scissors/scissors (6).npy
scissors,scissors (436),train,./data/raw/FullLabelled/scissors/scissors (436).jpg,./dataset/skeleton_final_v2/scissors/scissors (436).npy
scissors,scissors (92),train,./data/raw/FullLabelled/scissors/scissors (92).jpg,./dataset/skeleton_final_v2/scissors/scissors (92).npy
paper,paper-set2 (504),train,./data/raw/FullLabelled/paper/paper-set2 (504).jpg,./dataset/skeleton_final_v2/paper/paper-set2 (504).npy
scissors,scissors-set2 (84),train,./data/raw/FullLabelled/scissors/scissors-set2 (84).jpg,./dataset/skeleton_final_v2/scissors/scissors-set2 (84).npy
the-finger,the-finger-set2 (353),train,./data/raw/FullLabelled/the-finger/the-finger-set2 (353).jpg,./dataset/skeleton_final_v2/the-finger/the-finger-set2 (353).npy
paper,paper_3689,train,./data/raw/FullLabelled/paper/paper_3689.jpg,./dataset/skeleton_final_v2/paper/paper_3689.npy
rock,rock_280,train,./data/raw/FullLabelled/rock/rock_280.jpg,./dataset/skeleton_final_v2/rock/rock_280.npy
scissors,scissors-set2 (706),train,./data/raw/FullLabelled/scissors/scissors-set2 (706).jpg,./dataset/skeleton_final_v2/scissors/scissors-set2 (706).npy
scissors,scissors-set2 (301),train,./data/raw/FullLabelled/scissors/scissors-set2 (301).jpg,./dataset/skeleton_final_v2/scissors/scissors-set2 (301).npy
rock,rock-set2 (486),train,./data/raw/FullLabelled/rock/rock-set2 (486).jpg,./dataset/skeleton_final_v2/rock/rock-set2 (486).npy
scissors,scissors-set2 (632),train,./data/raw/FullLabelled/scissors/scissors-set2 (632).jpg,./dataset/skeleton_final_v2/scissors/scissors-set2 (632).npy
rock,rock-set2 (593),train,./data/raw/FullLabelled/rock/rock-set2 (593).jpg,./dataset/skeleton_final_v2/rock/rock-set2 (593).npy
ok,ok_1544,train,./data/raw/FullLabelled/ok/ok_1544.jpg,./dataset/skeleton_final_v2/ok/ok_1544.npy
paper,paper_3758,train,./data/raw/FullLabelled/paper/paper_3758.jpg,./dataset/skeleton_final_v2/paper/paper_3758.npy
paper,paper-set2 (33),train,./data/raw/FullLabelled/paper/paper-set2 (33).jpg,./dataset/skeleton_final_v2/paper/paper-set2 (33).npy
scissors,scissors-set2 (572),train,./data/raw/FullLabelled/scissors/scissors-set2 (572).jpg,./dataset/skeleton_final_v2/scissors/scissors-set2 (572).npy
the-finger,the-finger (25),train,./data/raw/FullLabelled/the-finger/the-finger (25).jpg,./dataset/skeleton_final_v2/the-finger/the-finger (25).npy
paper,paper-set2 (21),train,./data/raw/FullLabelled/paper/paper-set2 (21).jpg,./dataset/skeleton_final_v2/paper/paper-set2 (21).npy
the-finger,the-finger-set2 (237),train,./data/raw/FullLabelled/the-finger/the-finger-set2 (237).jpg,./dataset/skeleton_final_v2/the-finger/the-finger-set2 (237).npy
scissors,scissors_4666,train,./data/raw/FullLabelled/scissors/scissors_4666.jpg,./dataset/skeleton_final_v2/scissors/scissors_4666.npy
rock,rock-set2 (536),train,./data/raw/FullLabelled/rock/rock-set2 (536).jpg,./dataset/skeleton_final_v2/rock/rock-set2 (536).npy
rock,rock_18,train,./data/raw/FullLabelled/rock/rock_18.jpg,./dataset/skeleton_final_v2/rock/rock_18.npy
ok,ok_Set2_ (393),train,./data/raw/FullLabelled/ok/ok_Set2_ (393).jpg,./dataset/skeleton_final_v2/ok/ok_Set2_ (393).npy
ok,ok_Set2_ (142),train,./data/raw/FullLabelled/ok/ok_Set2_ (142).jpg,./dataset/skeleton_final_v2/ok/ok_Set2_ (142).npy
paper,paper-set2 (299),train,./data/raw/FullLabelled/paper/paper-set2 (299).jpg,./dataset/skeleton_final_v2/paper/paper-set2 (299).npy
scissors,scissors-set2 (604),train,./data/raw/FullLabelled/scissors/scissors-set2 (604).jpg,./dataset/skeleton_final_v2/scissors/scissors-set2 (604).npy
ok,ok (95),train,./data/raw/FullLabelled/ok/ok (95).jpg,./dataset/skeleton_final_v2/ok/ok (95).npy
the-finger,the-finger-set2 (443),train,./data/raw/FullLabelled/the-finger/the-finger-set2 (443).jpg,./dataset/skeleton_final_v2/the-finger/the-finger-set2 (443).npy
paper,paper (240),train,./data/raw/FullLabelled/paper/paper (240).jpg,./dataset/skeleton_final_v2/paper/paper (240).npy
the-finger,the-finger-set2 (256),train,./data/raw/FullLabelled/the-finger/the-finger-set2 (256).jpg,./dataset/skeleton_final_v2/the-finger/the-finger-set2 (256).npy
ok,ok_Set2_ (525),train,./data/raw/FullLabelled/ok/ok_Set2_ (525).jpg,./dataset/skeleton_final_v2/ok/ok_Set2_ (525).npy
scissors,scissors_5498,train,./data/raw/FullLabelled/scissors/scissors_5498.jpg,./dataset/skeleton_final_v2/scissors/scissors_5498.npy
paper,paper (219),train,./data/raw/FullLabelled/paper/paper (219).jpg,./dataset/skeleton_final_v2/paper/paper (219).npy
paper,paper (78),train,./data/raw/FullLabelled/paper/paper (78).jpg,./dataset/skeleton_final_v2/paper/paper (78).npy
paper,paper-set2 (354),train,./data/raw/FullLabelled/paper/paper-set2 (354).jpg,./dataset/skeleton_final_v2/paper/paper-set2 (354).npy
scissors,scissors (65),train,./data/raw/FullLabelled/scissors/scissors (65).jpg,./dataset/skeleton_final_v2/scissors/scissors (65).npy
the-finger,the-finger_1360,train,./data/raw/FullLabelled/the-finger/the-finger_1360.jpg,./dataset/skeleton_final_v2/the-finger/the-finger_1360.npy
paper,paper (239),train,./data/raw/FullLabelled/paper/paper (239).jpg,./dataset/skeleton_final_v2/paper/paper (239).npy
the-finger,the-finger (84),train,./data/raw/FullLabelled/the-finger/the-finger (84).jpg,./dataset/skeleton_final_v2/the-finger/the-finger (84).npy
ok,ok (243),train,./data/raw/FullLabelled/ok/ok (243).jpg,./dataset/skeleton_final_v2/ok/ok (243).npy
ok,ok_Set2_ (30),train,./data/raw/FullLabelled/ok/ok_Set2_ (30).jpg,./dataset/skeleton_final_v2/ok/ok_Set2_ (30).npy
paper,paper-set2 (232),train,./data/raw/FullLabelled/paper/paper-set2 (232).jpg,./dataset/skeleton_final_v2/paper/paper-set2 (232).npy
scissors,scissors (361),train,./data/raw/FullLabelled/scissors/scissors (361).jpg,./dataset/skeleton_final_v2/scissors/scissors (361).npy
ok,ok_1155,train,./data/raw/FullLabelled/ok/ok_1155.jpg,./dataset/skeleton_final_v2/ok/ok_1155.npy
ok,ok_6386,train,./data/raw/FullLabelled/ok/ok_6386.jpg,./dataset/skeleton_final_v2/ok/ok_6386.npy
paper,paper_6704,train,./data/raw/FullLabelled/paper/paper_6704.jpg,./dataset/skeleton_final_v2/paper/paper_6704.npy
scissors,scissors-set2 (630),train,./data/raw/FullLabelled/scissors/scissors-set2 (630).jpg,./dataset/skeleton_final_v2/scissors/scissors-set2 (630).npy
scissors,scissors (311),train,./data/raw/FullLabelled/scissors/scissors (311).jpg,./dataset/skeleton_final_v2/scissors/scissors (311).npy
paper,paper-set2 (150),train,./data/raw/FullLabelled/paper/paper-set2 (150).jpg,./dataset/skeleton_final_v2/paper/paper-set2 (150).npy
scissors,scissors (381),train,./data/raw/FullLabelled/scissors/scissors (381).jpg,./dataset/skeleton_final_v2/scissors/scissors (381).npy
paper,paper-set2 (485),train,./data/raw/FullLabelled/paper/paper-set2 (485).jpg,./dataset/skeleton_final_v2/paper/paper-set2 (485).npy
scissors,scissors (472),train,./data/raw/FullLabelled/scissors/scissors (472).jpg,./dataset/skeleton_final_v2/scissors/scissors (472).npy
paper,paper_5146,train,./data/raw/FullLabelled/paper/paper_5146.jpg,./dataset/skeleton_final_v2/paper/paper_5146.npy
scissors,scissors_4629,train,./data/raw/FullLabelled/scissors/scissors_4629.jpg,./dataset/skeleton_final_v2/scissors/scissors_4629.npy
scissors,scissors-set2 (267),train,./data/raw/FullLabelled/scissors/scissors-set2 (267).jpg,./dataset/skeleton_final_v2/scissors/scissors-set2 (267).npy
the-finger,the-finger_3527,train,./data/raw/FullLabelled/the-finger/the-finger_3527.jpg,./dataset/skeleton_final_v2/the-finger/the-finger_3527.npy
rock,rock-set2 (42),train,./data/raw/FullLabelled/rock/rock-set2 (42).jpg,./dataset/skeleton_final_v2/rock/rock-set2 (42).npy
scissors,scissors-set2 (514),train,./data/raw/FullLabelled/scissors/scissors-set2 (514).jpg,./dataset/skeleton_final_v2/scissors/scissors-set2 (514).npy
ok,ok_Set2_ (128),train,./data/raw/FullLabelled/ok/ok_Set2_ (128).jpg,./dataset/skeleton_final_v2/ok/ok_Set2_ (128).npy
scissors,scissors-set2 (556),train,./data/raw/FullLabelled/scissors/scissors-set2 (556).jpg,./dataset/skeleton_final_v2/scissors/scissors-set2 (556).npy
ok,ok_Set2_ (414),train,./data/raw/FullLabelled/ok/ok_Set2_ (414).jpg,./dataset/skeleton_final_v2/ok/ok_Set2_ (414).npy
ok,ok (199),train,./data/raw/FullLabelled/ok/ok (199).jpg,./dataset/skeleton_final_v2/ok/ok (199).npy
ok,ok_5781,train,./data/raw/FullLabelled/ok/ok_5781.jpg,./dataset/skeleton_final_v2/ok/ok_5781.npy
paper,paper_1844,train,./data/raw/FullLabelled/paper/paper_1844.jpg,./dataset/skeleton_final_v2/paper/paper_1844.npy
scissors,scissors (125),train,./data/raw/FullLabelled/scissors/scissors (125).jpg,./dataset/skeleton_final_v2/scissors/scissors (125).npy
ok,ok_4965,train,./data/raw/FullLabelled/ok/ok_4965.jpg,./dataset/skeleton_final_v2/ok/ok_4965.npy
paper,paper-set2 (128),train,./data/raw/FullLabelled/paper/paper-set2 (128).jpg,./dataset/skeleton_final_v2/paper/paper-set2 (128).npy
scissors,scissors (15),train,./data/raw/FullLabelled/scissors/scissors (15).jpg,./dataset/skeleton_final_v2/scissors/scissors (15).npy
ok,ok_Set2_ (511),train,./data/raw/FullLabelled/ok/ok_Set2_ (511).jpg,./dataset/skeleton_final_v2/ok/ok_Set2_ (511).npy
ok,ok_Set2_ (288),train,./data/raw/FullLabelled/ok/ok_Set2_ (288).jpg,./dataset/skeleton_final_v2/ok/ok_Set2_ (288).npy
scissors,scissors-set2 (699),train,./data/raw/FullLabelled/scissors/scissors-set2 (699).jpg,./dataset/skeleton_final_v2/scissors/scissors-set2 (699).npy
scissors,scissors-set2 (13),train,./data/raw/FullLabelled/scissors/scissors-set2 (13).jpg,./dataset/skeleton_final_v2/scissors/scissors-set2 (13).npy
ok,ok (200),train,./data/raw/FullLabelled/ok/ok (200).jpg,./dataset/skeleton_final_v2/ok/ok (200).npy
rock,rock-set2 (430),train,./data/raw/FullLabelled/rock/rock-set2 (430).jpg,./dataset/skeleton_final_v2/rock/rock-set2 (430).npy
the-finger,the-finger (132),train,./data/raw/FullLabelled/the-finger/the-finger (132).jpg,./dataset/skeleton_final_v2/the-finger/the-finger (132).npy
ok,ok_Set2_ (577),train,./data/raw/FullLabelled/ok/ok_Set2_ (577).jpg,./dataset/skeleton_final_v2/ok/ok_Set2_ (577).npy
paper,paper-set2 (18),train,./data/raw/FullLabelled/paper/paper-set2 (18).jpg,./dataset/skeleton_final_v2/paper/paper-set2 (18).npy
paper,paper_1450,train,./data/raw/FullLabelled/paper/paper_1450.jpg,./dataset/skeleton_final_v2/paper/paper_1450.npy
scissors,scissors_762,train,./data/raw/FullLabelled/scissors/scissors_762.jpg,./dataset/skeleton_final_v2/scissors/scissors_762.npy
scissors,scissors-set2 (380),train,./data/raw/FullLabelled/scissors/scissors-set2 (380).jpg,./dataset/skeleton_final_v2/scissors/scissors-set2 (380).npy
the-finger,the-finger_6061,train,./data/raw/FullLabelled/the-finger/the-finger_6061.jpg,./dataset/skeleton_final_v2/the-finger/the-finger_6061.npy
ok,ok_8536,train,./data/raw/FullLabelled/ok/ok_8536.jpg,./dataset/skeleton_final_v2/ok/ok_8536.npy
scissors,scissors_6966,train,./data/raw/FullLabelled/scissors/scissors_6966.jpg,./dataset/skeleton_final_v2/scissors/scissors_6966.npy
paper,paper_6521,train,./data/raw/FullLabelled/paper/paper_6521.jpg,./dataset/skeleton_final_v2/paper/paper_6521.npy
paper,paper-set2 (417),train,./data/raw/FullLabelled/paper/paper-set2 (417).jpg,./dataset/skeleton_final_v2/paper/paper-set2 (417).npy
ok,ok_Set2_ (428),train,./data/raw/FullLabelled/ok/ok_Set2_ (428).jpg,./dataset/skeleton_final_v2/ok/ok_Set2_ (428).npy
ok,ok_2939,train,./data/raw/FullLabelled/ok/ok_2939.jpg,./dataset/skeleton_final_v2/ok/ok_2939.npy
paper,paper-set2 (86),train,./data/raw/FullLabelled/paper/paper-set2 (86).jpg,./dataset/skeleton_final_v2/paper/paper-set2 (86).npy
the-finger,the-finger-set2 (13),train,./data/raw/FullLabelled/the-finger/the-finger-set2 (13).jpg,./dataset/skeleton_final_v2/the-finger/the-finger-set2 (13).npy
the-finger,the-finger-set2 (288),train,./data/raw/FullLabelled/the-finger/the-finger-set2 (288).jpg,./dataset/skeleton_final_v2/the-finger/the-finger-set2 (288).npy
ok,ok_Set2_ (302),train,./data/raw/FullLabelled/ok/ok_Set2_ (302).jpg,./dataset/skeleton_final_v2/ok/ok_Set2_ (302).npy
the-finger,the-finger-set2 (329),train,./data/raw/FullLabelled/the-finger/the-finger-set2 (329).jpg,./dataset/skeleton_final_v2/the-finger/the-finger-set2 (329).npy
scissors,scissors-set2 (449),train,./data/raw/FullLabelled/scissors/scissors-set2 (449).jpg,./dataset/skeleton_final_v2/scissors/scissors-set2 (449).npy
the-finger,the-finger_7484,train,./data/raw/FullLabelled/the-finger/the-finger_7484.jpg,./dataset/skeleton_final_v2/the-finger/the-finger_7484.npy
the-finger,the-finger-set2 (98),train,./data/raw/FullLabelled/the-finger/the-finger-set2 (98).jpg,./dataset/skeleton_final_v2/the-finger/the-finger-set2 (98).npy
ok,ok_Set2_ (486),train,./data/raw/FullLabelled/ok/ok_Set2_ (486).jpg,./dataset/skeleton_final_v2/ok/ok_Set2_ (486).npy
paper,paper-set2 (119),train,./data/raw/FullLabelled/paper/paper-set2 (119).jpg,./dataset/skeleton_final_v2/paper/paper-set2 (119).npy
ok,ok_Set2_ (512),train,./data/raw/FullLabelled/ok/ok_Set2_ (512).jpg,./dataset/skeleton_final_v2/ok/ok_Set2_ (512).npy
scissors,scissors_7356,train,./data/raw/FullLabelled/scissors/scissors_7356.jpg,./dataset/skeleton_final_v2/scissors/scissors_7356.npy
rock,rock (20),train,./data/raw/FullLabelled/rock/rock (20).jpg,./dataset/skeleton_final_v2/rock/rock (20).npy
the-finger,the-finger-set2 (96),train,./data/raw/FullLabelled/the-finger/the-finger-set2 (96).jpg,./dataset/skeleton_final_v2/the-finger/the-finger-set2 (96).npy
the-finger,the-finger (50),train,./data/raw/FullLabelled/the-finger/the-finger (50).jpg,./dataset/skeleton_final_v2/the-finger/the-finger (50).npy
scissors,scissors (218),train,./data/raw/FullLabelled/scissors/scissors (218).jpg,./dataset/skeleton_final_v2/scissors/scissors (218).npy
ok,ok_3972,train,./data/raw/FullLabelled/ok/ok_3972.jpg,./dataset/skeleton_final_v2/ok/ok_3972.npy
ok,ok_Set2_ (522),train,./data/raw/FullLabelled/ok/ok_Set2_ (522).jpg,./dataset/skeleton_final_v2/ok/ok_Set2_ (522).npy
scissors,scissors (418),train,./data/raw/FullLabelled/scissors/scissors (418).jpg,./dataset/skeleton_final_v2/scissors/scissors (418).npy
ok,ok_2926,train,./data/raw/FullLabelled/ok/ok_2926.jpg,./dataset/skeleton_final_v2/ok/ok_2926.npy
ok,ok_2482,train,./data/raw/FullLabelled/ok/ok_2482.jpg,./dataset/skeleton_final_v2/ok/ok_2482.npy
paper,paper-set2 (243),train,./data/raw/FullLabelled/paper/paper-set2 (243).jpg,./dataset/skeleton_final_v2/paper/paper-set2 (243).npy
rock,rock-set2 (199),train,./data/raw/FullLabelled/rock/rock-set2 (199).jpg,./dataset/skeleton_final_v2/rock/rock-set2 (199).npy
rock,rock-set2 (23),train,./data/raw/FullLabelled/rock/rock-set2 (23).jpg,./dataset/skeleton_final_v2/rock/rock-set2 (23).npy
paper,paper_721,train,./data/raw/FullLabelled/paper/paper_721.jpg,./dataset/skeleton_final_v2/paper/paper_721.npy
scissors,scissors-set2 (282),train,./data/raw/FullLabelled/scissors/scissors-set2 (282).jpg,./dataset/skeleton_final_v2/scissors/scissors-set2 (282).npy
paper,paper (164),train,./data/raw/FullLabelled/paper/paper (164).jpg,./dataset/skeleton_final_v2/paper/paper (164).npy
ok,ok (28),train,./data/raw/FullLabelled/ok/ok (28).jpg,./dataset/skeleton_final_v2/ok/ok (28).npy
scissors,scissors-set2 (176),train,./data/raw/FullLabelled/scissors/scissors-set2 (176).jpg,./dataset/skeleton_final_v2/scissors/scissors-set2 (176).npy
paper,paper_3767,train,./data/raw/FullLabelled/paper/paper_3767.jpg,./dataset/skeleton_final_v2/paper/paper_3767.npy
paper,paper-set2 (111),train,./data/raw/FullLabelled/paper/paper-set2 (111).jpg,./dataset/skeleton_final_v2/paper/paper-set2 (111).npy
paper,paper-set2 (263),train,./data/raw/FullLabelled/paper/paper-set2 (263).jpg,./dataset/skeleton_final_v2/paper/paper-set2 (263).npy
paper,paper_3635,train,./data/raw/FullLabelled/paper/paper_3635.jpg,./dataset/skeleton_final_v2/paper/paper_3635.npy
scissors,scissors-set2 (444),train,./data/raw/FullLabelled/scissors/scissors-set2 (444).jpg,./dataset/skeleton_final_v2/scissors/scissors-set2 (444).npy
paper,paper (21),train,./data/raw/FullLabelled/paper/paper (21).jpg,./dataset/skeleton_final_v2/paper/paper (21).npy
scissors,scissors_6374,train,./data/raw/FullLabelled/scissors/scissors_6374.jpg,./dataset/skeleton_final_v2/scissors/scissors_6374.npy
scissors,scissors-set2 (562),train,./data/raw/FullLabelled/scissors/scissors-set2 (562).jpg,./dataset/skeleton_final_v2/scissors/scissors-set2 (562).npy
scissors,scissors (421),train,./data/raw/FullLabelled/scissors/scissors (421).jpg,./dataset/skeleton_final_v2/scissors/scissors (421).npy
paper,paper-set2 (362),train,./data/raw/FullLabelled/paper/paper-set2 (362).jpg,./dataset/skeleton_final_v2/paper/paper-set2 (362).npy
ok,ok_Set2_ (234),train,./data/raw/FullLabelled/ok/ok_Set2_ (234).jpg,./dataset/skeleton_final_v2/ok/ok_Set2_ (234).npy
the-finger,the-finger-set2 (440),train,./data/raw/FullLabelled/the-finger/the-finger-set2 (440).jpg,./dataset/skeleton_final_v2/the-finger/the-finger-set2 (440).npy
the-finger,the-finger_5374,train,./data/raw/FullLabelled/the-finger/the-finger_5374.jpg,./dataset/skeleton_final_v2/the-finger/the-finger_5374.npy
paper,paper_7946,train,./data/raw/FullLabelled/paper/paper_7946.jpg,./dataset/skeleton_final_v2/paper/paper_7946.npy
paper,paper-set2 (15),train,./data/raw/FullLabelled/paper/paper-set2 (15).jpg,./dataset/skeleton_final_v2/paper/paper-set2 (15).npy
scissors,scissors-set2 (553),train,./data/raw/FullLabelled/scissors/scissors-set2 (553).jpg,./dataset/skeleton_final_v2/scissors/scissors-set2 (553).npy
ok,ok_Set2_ (524),train,./data/raw/FullLabelled/ok/ok_Set2_ (524).jpg,./dataset/skeleton_final_v2/ok/ok_Set2_ (524).npy
scissors,scissors_2670,train,./data/raw/FullLabelled/scissors/scissors_2670.jpg,./dataset/skeleton_final_v2/scissors/scissors_2670.npy
rock,rock_7908,train,./data/raw/FullLabelled/rock/rock_7908.jpg,./dataset/skeleton_final_v2/rock/rock_7908.npy
scissors,scissors-set2 (608),train,./data/raw/FullLabelled/scissors/scissors-set2 (608).jpg,./dataset/skeleton_final_v2/scissors/scissors-set2 (608).npy
paper,paper (189),train,./data/raw/FullLabelled/paper/paper (189).jpg,./dataset/skeleton_final_v2/paper/paper (189).npy
scissors,scissors (136),train,./data/raw/FullLabelled/scissors/scissors (136).jpg,./dataset/skeleton_final_v2/scissors/scissors (136).npy
scissors,scissors_7184,train,./data/raw/FullLabelled/scissors/scissors_7184.jpg,./dataset/skeleton_final_v2/scissors/scissors_7184.npy
scissors,scissors (441),train,./data/raw/FullLabelled/scissors/scissors (441).jpg,./dataset/skeleton_final_v2/scissors/scissors (441).npy
scissors,scissors-set2 (637),train,./data/raw/FullLabelled/scissors/scissors-set2 (637).jpg,./dataset/skeleton_final_v2/scissors/scissors-set2 (637).npy
ok,ok_Set2_ (237),train,./data/raw/FullLabelled/ok/ok_Set2_ (237).jpg,./dataset/skeleton_final_v2/ok/ok_Set2_ (237).npy
the-finger,the-finger_3458,train,./data/raw/FullLabelled/the-finger/the-finger_3458.jpg,./dataset/skeleton_final_v2/the-finger/the-finger_3458.npy
paper,paper-set2 (65),train,./data/raw/FullLabelled/paper/paper-set2 (65).jpg,./dataset/skeleton_final_v2/paper/paper-set2 (65).npy
scissors,scissors_6148,train,./data/raw/FullLabelled/scissors/scissors_6148.jpg,./dataset/skeleton_final_v2/scissors/scissors_6148.npy
the-finger,the-finger_654,train,./data/raw/FullLabelled/the-finger/the-finger_654.jpg,./dataset/skeleton_final_v2/the-finger/the-finger_654.npy
ok,ok_Set2_ (353),train,./data/raw/FullLabelled/ok/ok_Set2_ (353).jpg,./dataset/skeleton_final_v2/ok/ok_Set2_ (353).npy
ok,ok_6583,train,./data/raw/FullLabelled/ok/ok_6583.jpg,./dataset/skeleton_final_v2/ok/ok_6583.npy
paper,paper-set2 (251),train,./data/raw/FullLabelled/paper/paper-set2 (251).jpg,./dataset/skeleton_final_v2/paper/paper-set2 (251).npy
scissors,scissors_6743,train,./data/raw/FullLabelled/scissors/scissors_6743.jpg,./dataset/skeleton_final_v2/scissors/scissors_6743.npy
paper,paper-set2 (139),train,./data/raw/FullLabelled/paper/paper-set2 (139).jpg,./dataset/skeleton_final_v2/paper/paper-set2 (139).npy
paper,paper (186),train,./data/raw/FullLabelled/paper/paper (186).jpg,./dataset/skeleton_final_v2/paper/paper (186).npy
scissors,scissors-set2 (487),train,./data/raw/FullLabelled/scissors/scissors-set2 (487).jpg,./dataset/skeleton_final_v2/scissors/scissors-set2 (487).npy
ok,ok_Set2_ (130),train,./data/raw/FullLabelled/ok/ok_Set2_ (130).jpg,./dataset/skeleton_final_v2/ok/ok_Set2_ (130).npy
paper,paper-set2 (1),train,./data/raw/FullLabelled/paper/paper-set2 (1).jpg,./dataset/skeleton_final_v2/paper/paper-set2 (1).npy
scissors,scissors-set2 (649),train,./data/raw/FullLabelled/scissors/scissors-set2 (649).jpg,./dataset/skeleton_final_v2/scissors/scissors-set2 (649).npy
ok,ok_1201,train,./data/raw/FullLabelled/ok/ok_1201.jpg,./dataset/skeleton_final_v2/ok/ok_1201.npy
ok,ok (120),train,./data/raw/FullLabelled/ok/ok (120).jpg,./dataset/skeleton_final_v2/ok/ok (120).npy
paper,paper (8),train,./data/raw/FullLabelled/paper/paper (8).jpg,./dataset/skeleton_final_v2/paper/paper (8).npy
rock,rock (227),train,./data/raw/FullLabelled/rock/rock (227).jpg,./dataset/skeleton_final_v2/rock/rock (227).npy
scissors,scissors_6726,train,./data/raw/FullLabelled/scissors/scissors_6726.jpg,./dataset/skeleton_final_v2/scissors/scissors_6726.npy
scissors,scissors-set2 (564),train,./data/raw/FullLabelled/scissors/scissors-set2 (564).jpg,./dataset/skeleton_final_v2/scissors/scissors-set2 (564).npy
scissors,scissors_3925,train,./data/raw/FullLabelled/scissors/scissors_3925.jpg,./dataset/skeleton_final_v2/scissors/scissors_3925.npy
paper,paper-set2 (396),train,./data/raw/FullLabelled/paper/paper-set2 (396).jpg,./dataset/skeleton_final_v2/paper/paper-set2 (396).npy
ok,ok_Set2_ (364),train,./data/raw/FullLabelled/ok/ok_Set2_ (364).jpg,./dataset/skeleton_final_v2/ok/ok_Set2_ (364).npy
scissors,scissors (78),train,./data/raw/FullLabelled/scissors/scissors (78).jpg,./dataset/skeleton_final_v2/scissors/scissors (78).npy
the-finger,the-finger (6),train,./data/raw/FullLabelled/the-finger/the-finger (6).jpg,./dataset/skeleton_final_v2/the-finger/the-finger (6).npy
paper,paper-set2 (205),train,./data/raw/FullLabelled/paper/paper-set2 (205).jpg,./dataset/skeleton_final_v2/paper/paper-set2 (205).npy
scissors,scissors-set2 (423),train,./data/raw/FullLabelled/scissors/scissors-set2 (423).jpg,./dataset/skeleton_final_v2/scissors/scissors-set2 (423).npy
the-finger,the-finger-set2 (31),train,./data/raw/FullLabelled/the-finger/the-finger-set2 (31).jpg,./dataset/skeleton_final_v2/the-finger/the-finger-set2 (31).npy
scissors,scissors (143),train,./data/raw/FullLabelled/scissors/scissors (143).jpg,./dataset/skeleton_final_v2/scissors/scissors (143).npy
ok,ok (9),train,./data/raw/FullLabelled/ok/ok (9).jpg,./dataset/skeleton_final_v2/ok/ok (9).npy
ok,ok_4973,train,./data/raw/FullLabelled/ok/ok_4973.jpg,./dataset/skeleton_final_v2/ok/ok_4973.npy
paper,paper (4),train,./data/raw/FullLabelled/paper/paper (4).jpg,./dataset/skeleton_final_v2/paper/paper (4).npy
paper,paper_8758,train,./data/raw/FullLabelled/paper/paper_8758.jpg,./dataset/skeleton_final_v2/paper/paper_8758.npy
scissors,scissors-set2 (472),train,./data/raw/FullLabelled/scissors/scissors-set2 (472).jpg,./dataset/skeleton_final_v2/scissors/scissors-set2 (472).npy
ok,ok (36),train,./data/raw/FullLabelled/ok/ok (36).jpg,./dataset/skeleton_final_v2/ok/ok (36).npy
scissors,scissors-set2 (591),train,./data/raw/FullLabelled/scissors/scissors-set2 (591).jpg,./dataset/skeleton_final_v2/scissors/scissors-set2 (591).npy
scissors,scissors_5754,train,./data/raw/FullLabelled/scissors/scissors_5754.jpg,./dataset/skeleton_final_v2/scissors/scissors_5754.npy
paper,paper-set2 (479),train,./data/raw/FullLabelled/paper/paper-set2 (479).jpg,./dataset/skeleton_final_v2/paper/paper-set2 (479).npy
paper,paper-set2 (455),train,./data/raw/FullLabelled/paper/paper-set2 (455).jpg,./dataset/skeleton_final_v2/paper/paper-set2 (455).npy
paper,paper-set2 (134),train,./data/raw/FullLabelled/paper/paper-set2 (134).jpg,./dataset/skeleton_final_v2/paper/paper-set2 (134).npy
scissors,scissors_2773,train,./data/raw/FullLabelled/scissors/scissors_2773.jpg,./dataset/skeleton_final_v2/scissors/scissors_2773.npy
paper,paper-set2 (461),train,./data/raw/FullLabelled/paper/paper-set2 (461).jpg,./dataset/skeleton_final_v2/paper/paper-set2 (461).npy
paper,paper (23),train,./data/raw/FullLabelled/paper/paper (23).jpg,./dataset/skeleton_final_v2/paper/paper (23).npy
the-finger,the-finger_6869,train,./data/raw/FullLabelled/the-finger/the-finger_6869.jpg,./dataset/skeleton_final_v2/the-finger/the-finger_6869.npy
the-finger,the-finger_6858,train,./data/raw/FullLabelled/the-finger/the-finger_6858.jpg,./dataset/skeleton_final_v2/the-finger/the-finger_6858.npy
the-finger,the-finger-set2 (149),train,./data/raw/FullLabelled/the-finger/the-finger-set2 (149).jpg,./dataset/skeleton_final_v2/the-finger/the-finger-set2 (149).npy
ok,ok (89),train,./data/raw/FullLabelled/ok/ok (89).jpg,./dataset/skeleton_final_v2/ok/ok (89).npy
scissors,scissors (167),train,./data/raw/FullLabelled/scissors/scissors (167).jpg,./dataset/skeleton_final_v2/scissors/scissors (167).npy
ok,ok_5954,train,./data/raw/FullLabelled/ok/ok_5954.jpg,./dataset/skeleton_final_v2/ok/ok_5954.npy
ok,ok_5257,train,./data/raw/FullLabelled/ok/ok_5257.jpg,./dataset/skeleton_final_v2/ok/ok_5257.npy
scissors,scissors-set2 (580),train,./data/raw/FullLabelled/scissors/scissors-set2 (580).jpg,./dataset/skeleton_final_v2/scissors/scissors-set2 (580).npy
paper,paper_2511,train,./data/raw/FullLabelled/paper/paper_2511.jpg,./dataset/skeleton_final_v2/paper/paper_2511.npy
the-finger,the-finger-set2 (136),train,./data/raw/FullLabelled/the-finger/the-finger-set2 (136).jpg,./dataset/skeleton_final_v2/the-finger/the-finger-set2 (136).npy
rock,rock-set2 (181),train,./data/raw/FullLabelled/rock/rock-set2 (181).jpg,./dataset/skeleton_final_v2/rock/rock-set2 (181).npy
paper,paper-set2 (330),train,./data/raw/FullLabelled/paper/paper-set2 (330).jpg,./dataset/skeleton_final_v2/paper/paper-set2 (330).npy
the-finger,the-finger_7850,train,./data/raw/FullLabelled/the-finger/the-finger_7850.jpg,./dataset/skeleton_final_v2/the-finger/the-finger_7850.npy
ok,ok_Set2_ (430),train,./data/raw/FullLabelled/ok/ok_Set2_ (430).jpg,./dataset/skeleton_final_v2/ok/ok_Set2_ (430).npy
scissors,scissors-set2 (307),train,./data/raw/FullLabelled/scissors/scissors-set2 (307).jpg,./dataset/skeleton_final_v2/scissors/scissors-set2 (307).npy
the-finger,the-finger-set2 (367),train,./data/raw/FullLabelled/the-finger/the-finger-set2 (367).jpg,./dataset/skeleton_final_v2/the-finger/the-finger-set2 (367).npy
paper,paper-set2 (124),train,./data/raw/FullLabelled/paper/paper-set2 (124).jpg,./dataset/skeleton_final_v2/paper/paper-set2 (124).npy
paper,paper-set2 (254),train,./data/raw/FullLabelled/paper/paper-set2 (254).jpg,./dataset/skeleton_final_v2/paper/paper-set2 (254).npy
the-finger,the-finger_3476,train,./data/raw/FullLabelled/the-finger/the-finger_3476.jpg,./dataset/skeleton_final_v2/the-finger/the-finger_3476.npy
scissors,scissors-set2 (158),train,./data/raw/FullLabelled/scissors/scissors-set2 (158).jpg,./dataset/skeleton_final_v2/scissors/scissors-set2 (158).npy
rock,rock-set2 (442),train,./data/raw/FullLabelled/rock/rock-set2 (442).jpg,./dataset/skeleton_final_v2/rock/rock-set2 (442).npy
ok,ok_Set2_ (177),train,./data/raw/FullLabelled/ok/ok_Set2_ (177).jpg,./dataset/skeleton_final_v2/ok/ok_Set2_ (177).npy
ok,ok_Set2_ (1),train,./data/raw/FullLabelled/ok/ok_Set2_ (1).jpg,./dataset/skeleton_final_v2/ok/ok_Set2_ (1).npy
ok,ok_7020,train,./data/raw/FullLabelled/ok/ok_7020.jpg,./dataset/skeleton_final_v2/ok/ok_7020.npy
the-finger,the-finger_7830,train,./data/raw/FullLabelled/the-finger/the-finger_7830.jpg,./dataset/skeleton_final_v2/the-finger/the-finger_7830.npy
paper,paper_8764,train,./data/raw/FullLabelled/paper/paper_8764.jpg,./dataset/skeleton_final_v2/paper/paper_8764.npy
scissors,scissors (394),train,./data/raw/FullLabelled/scissors/scissors (394).jpg,./dataset/skeleton_final_v2/scissors/scissors (394).npy
scissors,scissors (443),train,./data/raw/FullLabelled/scissors/scissors (443).jpg,./dataset/skeleton_final_v2/scissors/scissors (443).npy
paper,paper (286),train,./data/raw/FullLabelled/paper/paper (286).jpg,./dataset/skeleton_final_v2/paper/paper (286).npy
the-finger,the-finger (2),train,./data/raw/FullLabelled/the-finger/the-finger (2).jpg,./dataset/skeleton_final_v2/the-finger/the-finger (2).npy
paper,paper_7136,train,./data/raw/FullLabelled/paper/paper_7136.jpg,./dataset/skeleton_final_v2/paper/paper_7136.npy
scissors,scissors_7352,train,./data/raw/FullLabelled/scissors/scissors_7352.jpg,./dataset/skeleton_final_v2/scissors/scissors_7352.npy
the-finger,the-finger-set2 (439),train,./data/raw/FullLabelled/the-finger/the-finger-set2 (439).jpg,./dataset/skeleton_final_v2/the-finger/the-finger-set2 (439).npy
paper,paper_5892,train,./data/raw/FullLabelled/paper/paper_5892.jpg,./dataset/skeleton_final_v2/paper/paper_5892.npy
rock,rock_6100,train,./data/raw/FullLabelled/rock/rock_6100.jpg,./dataset/skeleton_final_v2/rock/rock_6100.npy
the-finger,the-finger-set2 (283),train,./data/raw/FullLabelled/the-finger/the-finger-set2 (283).jpg,./dataset/skeleton_final_v2/the-finger/the-finger-set2 (283).npy
ok,ok_2893,train,./data/raw/FullLabelled/ok/ok_2893.jpg,./dataset/skeleton_final_v2/ok/ok_2893.npy
ok,ok (79),train,./data/raw/FullLabelled/ok/ok (79).jpg,./dataset/skeleton_final_v2/ok/ok (79).npy
scissors,scissors-set2 (538),train,./data/raw/FullLabelled/scissors/scissors-set2 (538).jpg,./dataset/skeleton_final_v2/scissors/scissors-set2 (538).npy
ok,ok_Set2_ (538),train,./data/raw/FullLabelled/ok/ok_Set2_ (538).jpg,./dataset/skeleton_final_v2/ok/ok_Set2_ (538).npy
ok,ok_Set2_ (362),train,./data/raw/FullLabelled/ok/ok_Set2_ (362).jpg,./dataset/skeleton_final_v2/ok/ok_Set2_ (362).npy
scissors,scissors_6547,train,./data/raw/FullLabelled/scissors/scissors_6547.jpg,./dataset/skeleton_final_v2/scissors/scissors_6547.npy
paper,paper-set2 (465),train,./data/raw/FullLabelled/paper/paper-set2 (465).jpg,./dataset/skeleton_final_v2/paper/paper-set2 (465).npy
scissors,scissors_7643,train,./data/raw/FullLabelled/scissors/scissors_7643.jpg,./dataset/skeleton_final_v2/scissors/scissors_7643.npy
ok,ok_Set2_ (351),train,./data/raw/FullLabelled/ok/ok_Set2_ (351).jpg,./dataset/skeleton_final_v2/ok/ok_Set2_ (351).npy
paper,paper-set2 (332),train,./data/raw/FullLabelled/paper/paper-set2 (332).jpg,./dataset/skeleton_final_v2/paper/paper-set2 (332).npy
ok,ok_7683,train,./data/raw/FullLabelled/ok/ok_7683.jpg,./dataset/skeleton_final_v2/ok/ok_7683.npy
the-finger,the-finger_221,train,./data/raw/FullLabelled/the-finger/the-finger_221.jpg,./dataset/skeleton_final_v2/the-finger/the-finger_221.npy
scissors,scissors-set2 (534),train,./data/raw/FullLabelled/scissors/scissors-set2 (534).jpg,./dataset/skeleton_final_v2/scissors/scissors-set2 (534).npy
scissors,scissors-set2 (76),train,./data/raw/FullLabelled/scissors/scissors-set2 (76).jpg,./dataset/skeleton_final_v2/scissors/scissors-set2 (76).npy
scissors,scissors-set2 (459),train,./data/raw/FullLabelled/scissors/scissors-set2 (459).jpg,./dataset/skeleton_final_v2/scissors/scissors-set2 (459).npy
the-finger,the-finger-set2 (157),train,./data/raw/FullLabelled/the-finger/the-finger-set2 (157).jpg,./dataset/skeleton_final_v2/the-finger/the-finger-set2 (157).npy
scissors,scissors-set2 (295),train,./data/raw/FullLabelled/scissors/scissors-set2 (295).jpg,./dataset/skeleton_final_v2/scissors/scissors-set2 (295).npy
the-finger,the-finger-set2 (428),train,./data/raw/FullLabelled/the-finger/the-finger-set2 (428).jpg,./dataset/skeleton_final_v2/the-finger/the-finger-set2 (428).npy
scissors,scissors-set2 (708),train,./data/raw/FullLabelled/scissors/scissors-set2 (708).jpg,./dataset/skeleton_final_v2/scissors/scissors-set2 (708).npy
paper,paper-set2 (163),train,./data/raw/FullLabelled/paper/paper-set2 (163).jpg,./dataset/skeleton_final_v2/paper/paper-set2 (163).npy
rock,rock-set2 (175),train,./data/raw/FullLabelled/rock/rock-set2 (175).jpg,./dataset/skeleton_final_v2/rock/rock-set2 (175).npy
the-finger,the-finger-set2 (404),train,./data/raw/FullLabelled/the-finger/the-finger-set2 (404).jpg,./dataset/skeleton_final_v2/the-finger/the-finger-set2 (404).npy
scissors,scissors-set2 (124),train,./data/raw/FullLabelled/scissors/scissors-set2 (124).jpg,./dataset/skeleton_final_v2/scissors/scissors-set2 (124).npy
scissors,scissors-set2 (346),train,./data/raw/FullLabelled/scissors/scissors-set2 (346).jpg,./dataset/skeleton_final_v2/scissors/scissors-set2 (346).npy
scissors,scissors-set2 (137),train,./data/raw/FullLabelled/scissors/scissors-set2 (137).jpg,./dataset/skeleton_final_v2/scissors/scissors-set2 (137).npy
scissors,scissors-set2 (491),train,./data/raw/FullLabelled/scissors/scissors-set2 (491).jpg,./dataset/skeleton_final_v2/scissors/scissors-set2 (491).npy
scissors,scissors_8794,train,./data/raw/FullLabelled/scissors/scissors_8794.jpg,./dataset/skeleton_final_v2/scissors/scissors_8794.npy
scissors,scissors (341),train,./data/raw/FullLabelled/scissors/scissors (341).jpg,./dataset/skeleton_final_v2/scissors/scissors (341).npy
scissors,scissors_8820,train,./data/raw/FullLabelled/scissors/scissors_8820.jpg,./dataset/skeleton_final_v2/scissors/scissors_8820.npy
rock,rock_8400,train,./data/raw/FullLabelled/rock/rock_8400.jpg,./dataset/skeleton_final_v2/rock/rock_8400.npy
ok,ok_6172,train,./data/raw/FullLabelled/ok/ok_6172.jpg,./dataset/skeleton_final_v2/ok/ok_6172.npy
the-finger,the-finger-set2 (395),train,./data/raw/FullLabelled/the-finger/the-finger-set2 (395).jpg,./dataset/skeleton_final_v2/the-finger/the-finger-set2 (395).npy
scissors,scissors (305),train,./data/raw/FullLabelled/scissors/scissors (305).jpg,./dataset/skeleton_final_v2/scissors/scissors (305).npy
the-finger,the-finger (73),train,./data/raw/FullLabelled/the-finger/the-finger (73).jpg,./dataset/skeleton_final_v2/the-finger/the-finger (73).npy
paper,paper-set2 (218),train,./data/raw/FullLabelled/paper/paper-set2 (218).jpg,./dataset/skeleton_final_v2/paper/paper-set2 (218).npy
scissors,scissors_6150,train,./data/raw/FullLabelled/scissors/scissors_6150.jpg,./dataset/skeleton_final_v2/scissors/scissors_6150.npy
paper,paper-set2 (273),train,./data/raw/FullLabelled/paper/paper-set2 (273).jpg,./dataset/skeleton_final_v2/paper/paper-set2 (273).npy
paper,paper-set2 (337),train,./data/raw/FullLabelled/paper/paper-set2 (337).jpg,./dataset/skeleton_final_v2/paper/paper-set2 (337).npy
ok,ok_1127,train,./data/raw/FullLabelled/ok/ok_1127.jpg,./dataset/skeleton_final_v2/ok/ok_1127.npy
scissors,scissors-set2 (177),train,./data/raw/FullLabelled/scissors/scissors-set2 (177).jpg,./dataset/skeleton_final_v2/scissors/scissors-set2 (177).npy
the-finger,the-finger_9066,train,./data/raw/FullLabelled/the-finger/the-finger_9066.jpg,./dataset/skeleton_final_v2/the-finger/the-finger_9066.npy
ok,ok (127),train,./data/raw/FullLabelled/ok/ok (127).jpg,./dataset/skeleton_final_v2/ok/ok (127).npy
scissors,scissors-set2 (738),train,./data/raw/FullLabelled/scissors/scissors-set2 (738).jpg,./dataset/skeleton_final_v2/scissors/scissors-set2 (738).npy
the-finger,the-finger-set2 (281),train,./data/raw/FullLabelled/the-finger/the-finger-set2 (281).jpg,./dataset/skeleton_final_v2/the-finger/the-finger-set2 (281).npy
ok,ok_2659,train,./data/raw/FullLabelled/ok/ok_2659.jpg,./dataset/skeleton_final_v2/ok/ok_2659.npy
ok,ok (57),train,./data/raw/FullLabelled/ok/ok (57).jpg,./dataset/skeleton_final_v2/ok/ok (57).npy
ok,ok (117),train,./data/raw/FullLabelled/ok/ok (117).jpg,./dataset/skeleton_final_v2/ok/ok (117).npy
ok,ok_Set2_ (544),train,./data/raw/FullLabelled/ok/ok_Set2_ (544).jpg,./dataset/skeleton_final_v2/ok/ok_Set2_ (544).npy
rock,rock-set2 (84),train,./data/raw/FullLabelled/rock/rock-set2 (84).jpg,./dataset/skeleton_final_v2/rock/rock-set2 (84).npy
scissors,scissors_6557,train,./data/raw/FullLabelled/scissors/scissors_6557.jpg,./dataset/skeleton_final_v2/scissors/scissors_6557.npy
the-finger,the-finger-set2 (334),train,./data/raw/FullLabelled/the-finger/the-finger-set2 (334).jpg,./dataset/skeleton_final_v2/the-finger/the-finger-set2 (334).npy
scissors,scissors_2632,train,./data/raw/FullLabelled/scissors/scissors_2632.jpg,./dataset/skeleton_final_v2/scissors/scissors_2632.npy
the-finger,the-finger-set2 (422),train,./data/raw/FullLabelled/the-finger/the-finger-set2 (422).jpg,./dataset/skeleton_final_v2/the-finger/the-finger-set2 (422).npy
paper,paper_7150,train,./data/raw/FullLabelled/paper/paper_7150.jpg,./dataset/skeleton_final_v2/paper/paper_7150.npy
the-finger,the-finger-set2 (344),train,./data/raw/FullLabelled/the-finger/the-finger-set2 (344).jpg,./dataset/skeleton_final_v2/the-finger/the-finger-set2 (344).npy
ok,ok_6574,train,./data/raw/FullLabelled/ok/ok_6574.jpg,./dataset/skeleton_final_v2/ok/ok_6574.npy
paper,paper (161),train,./data/raw/FullLabelled/paper/paper (161).jpg,./dataset/skeleton_final_v2/paper/paper (161).npy
scissors,scissors-set2 (166),train,./data/raw/FullLabelled/scissors/scissors-set2 (166).jpg,./dataset/skeleton_final_v2/scissors/scissors-set2 (166).npy
scissors,scissors (455),train,./data/raw/FullLabelled/scissors/scissors (455).jpg,./dataset/skeleton_final_v2/scissors/scissors (455).npy
the-finger,the-finger_6078,train,./data/raw/FullLabelled/the-finger/the-finger_6078.jpg,./dataset/skeleton_final_v2/the-finger/the-finger_6078.npy
scissors,scissors-set2 (498),train,./data/raw/FullLabelled/scissors/scissors-set2 (498).jpg,./dataset/skeleton_final_v2/scissors/scissors-set2 (498).npy
scissors,scissors-set2 (382),train,./data/raw/FullLabelled/scissors/scissors-set2 (382).jpg,./dataset/skeleton_final_v2/scissors/scissors-set2 (382).npy
the-finger,the-finger_6864,train,./data/raw/FullLabelled/the-finger/the-finger_6864.jpg,./dataset/skeleton_final_v2/the-finger/the-finger_6864.npy
ok,ok (38),train,./data/raw/FullLabelled/ok/ok (38).jpg,./dataset/skeleton_final_v2/ok/ok (38).npy
ok,ok_2629,train,./data/raw/FullLabelled/ok/ok_2629.jpg,./dataset/skeleton_final_v2/ok/ok_2629.npy
scissors,scissors-set2 (111),train,./data/raw/FullLabelled/scissors/scissors-set2 (111).jpg,./dataset/skeleton_final_v2/scissors/scissors-set2 (111).npy
the-finger,the-finger-set2 (139),train,./data/raw/FullLabelled/the-finger/the-finger-set2 (139).jpg,./dataset/skeleton_final_v2/the-finger/the-finger-set2 (139).npy
ok,ok_Set2_ (35),train,./data/raw/FullLabelled/ok/ok_Set2_ (35).jpg,./dataset/skeleton_final_v2/ok/ok_Set2_ (35).npy
ok,ok_2777,train,./data/raw/FullLabelled/ok/ok_2777.jpg,./dataset/skeleton_final_v2/ok/ok_2777.npy
ok,ok (242),train,./data/raw/FullLabelled/ok/ok (242).jpg,./dataset/skeleton_final_v2/ok/ok (242).npy
scissors,scissors (454),train,./data/raw/FullLabelled/scissors/scissors (454).jpg,./dataset/skeleton_final_v2/scissors/scissors (454).npy
the-finger,the-finger_7096,train,./data/raw/FullLabelled/the-finger/the-finger_7096.jpg,./dataset/skeleton_final_v2/the-finger/the-finger_7096.npy
ok,ok (213),train,./data/raw/FullLabelled/ok/ok (213).jpg,./dataset/skeleton_final_v2/ok/ok (213).npy
paper,paper-set2 (41),train,./data/raw/FullLabelled/paper/paper-set2 (41).jpg,./dataset/skeleton_final_v2/paper/paper-set2 (41).npy
the-finger,the-finger-set2 (324),train,./data/raw/FullLabelled/the-finger/the-finger-set2 (324).jpg,./dataset/skeleton_final_v2/the-finger/the-finger-set2 (324).npy
ok,ok_Set2_ (566),train,./data/raw/FullLabelled/ok/ok_Set2_ (566).jpg,./dataset/skeleton_final_v2/ok/ok_Set2_ (566).npy
scissors,scissors-set2 (497),train,./data/raw/FullLabelled/scissors/scissors-set2 (497).jpg,./dataset/skeleton_final_v2/scissors/scissors-set2 (497).npy
the-finger,the-finger_7090,train,./data/raw/FullLabelled/the-finger/the-finger_7090.jpg,./dataset/skeleton_final_v2/the-finger/the-finger_7090.npy
rock,rock_332,train,./data/raw/FullLabelled/rock/rock_332.jpg,./dataset/skeleton_final_v2/rock/rock_332.npy
ok,ok_5290,train,./data/raw/FullLabelled/ok/ok_5290.jpg,./dataset/skeleton_final_v2/ok/ok_5290.npy
ok,ok (157),train,./data/raw/FullLabelled/ok/ok (157).jpg,./dataset/skeleton_final_v2/ok/ok (157).npy
scissors,scissors (347),train,./data/raw/FullLabelled/scissors/scissors (347).jpg,./dataset/skeleton_final_v2/scissors/scissors (347).npy
scissors,scissors_3919,train,./data/raw/FullLabelled/scissors/scissors_3919.jpg,./dataset/skeleton_final_v2/scissors/scissors_3919.npy
paper,paper-set2 (475),train,./data/raw/FullLabelled/paper/paper-set2 (475).jpg,./dataset/skeleton_final_v2/paper/paper-set2 (475).npy
scissors,scissors-set2 (583),train,./data/raw/FullLabelled/scissors/scissors-set2 (583).jpg,./dataset/skeleton_final_v2/scissors/scissors-set2 (583).npy
the-finger,the-finger-set2 (284),train,./data/raw/FullLabelled/the-finger/the-finger-set2 (284).jpg,./dataset/skeleton_final_v2/the-finger/the-finger-set2 (284).npy
rock,rock (218),train,./data/raw/FullLabelled/rock/rock (218).jpg,./dataset/skeleton_final_v2/rock/rock (218).npy
paper,paper-set2 (428),train,./data/raw/FullLabelled/paper/paper-set2 (428).jpg,./dataset/skeleton_final_v2/paper/paper-set2 (428).npy
ok,ok_Set2_ (45),train,./data/raw/FullLabelled/ok/ok_Set2_ (45).jpg,./dataset/skeleton_final_v2/ok/ok_Set2_ (45).npy
the-finger,the-finger_6481,train,./data/raw/FullLabelled/the-finger/the-finger_6481.jpg,./dataset/skeleton_final_v2/the-finger/the-finger_6481.npy
paper,paper-set2 (57),train,./data/raw/FullLabelled/paper/paper-set2 (57).jpg,./dataset/skeleton_final_v2/paper/paper-set2 (57).npy
paper,paper (18),train,./data/raw/FullLabelled/paper/paper (18).jpg,./dataset/skeleton_final_v2/paper/paper (18).npy
rock,rock-set2 (1),train,./data/raw/FullLabelled/rock/rock-set2 (1).jpg,./dataset/skeleton_final_v2/rock/rock-set2 (1).npy
scissors,scissors-set2 (93),train,./data/raw/FullLabelled/scissors/scissors-set2 (93).jpg,./dataset/skeleton_final_v2/scissors/scissors-set2 (93).npy
paper,paper_2533,train,./data/raw/FullLabelled/paper/paper_2533.jpg,./dataset/skeleton_final_v2/paper/paper_2533.npy
rock,rock-set2 (219),train,./data/raw/FullLabelled/rock/rock-set2 (219).jpg,./dataset/skeleton_final_v2/rock/rock-set2 (219).npy
rock,rock (264),train,./data/raw/FullLabelled/rock/rock (264).jpg,./dataset/skeleton_final_v2/rock/rock (264).npy
paper,paper_358,train,./data/raw/FullLabelled/paper/paper_358.jpg,./dataset/skeleton_final_v2/paper/paper_358.npy
scissors,scissors (141),train,./data/raw/FullLabelled/scissors/scissors (141).jpg,./dataset/skeleton_final_v2/scissors/scissors (141).npy
ok,ok (148),train,./data/raw/FullLabelled/ok/ok (148).jpg,./dataset/skeleton_final_v2/ok/ok (148).npy
rock,rock_6497,train,./data/raw/FullLabelled/rock/rock_6497.jpg,./dataset/skeleton_final_v2/rock/rock_6497.npy
the-finger,the-finger_223,train,./data/raw/FullLabelled/the-finger/the-finger_223.jpg,./dataset/skeleton_final_v2/the-finger/the-finger_223.npy
scissors,scissors-set2 (266),train,./data/raw/FullLabelled/scissors/scissors-set2 (266).jpg,./dataset/skeleton_final_v2/scissors/scissors-set2 (266).npy
scissors,scissors-set2 (597),train,./data/raw/FullLabelled/scissors/scissors-set2 (597).jpg,./dataset/skeleton_final_v2/scissors/scissors-set2 (597).npy
ok,ok_Set2_ (25),train,./data/raw/FullLabelled/ok/ok_Set2_ (25).jpg,./dataset/skeleton_final_v2/ok/ok_Set2_ (25).npy
scissors,scissors_6369,train,./data/raw/FullLabelled/scissors/scissors_6369.jpg,./dataset/skeleton_final_v2/scissors/scissors_6369.npy
ok,ok_Set2_ (326),train,./data/raw/FullLabelled/ok/ok_Set2_ (326).jpg,./dataset/skeleton_final_v2/ok/ok_Set2_ (326).npy
ok,ok_Set2_ (47),train,./data/raw/FullLabelled/ok/ok_Set2_ (47).jpg,./dataset/skeleton_final_v2/ok/ok_Set2_ (47).npy
ok,ok_5942,train,./data/raw/FullLabelled/ok/ok_5942.jpg,./dataset/skeleton_final_v2/ok/ok_5942.npy
scissors,scissors (199),train,./data/raw/FullLabelled/scissors/scissors (199).jpg,./dataset/skeleton_final_v2/scissors/scissors (199).npy
scissors,scissors-set2 (513),train,./data/raw/FullLabelled/scissors/scissors-set2 (513).jpg,./dataset/skeleton_final_v2/scissors/scissors-set2 (513).npy
paper,paper-set2 (183),train,./data/raw/FullLabelled/paper/paper-set2 (183).jpg,./dataset/skeleton_final_v2/paper/paper-set2 (183).npy
paper,paper (27),train,./data/raw/FullLabelled/paper/paper (27).jpg,./dataset/skeleton_final_v2/paper/paper (27).npy
ok,ok (86),train,./data/raw/FullLabelled/ok/ok (86).jpg,./dataset/skeleton_final_v2/ok/ok (86).npy
the-finger,the-finger_5356,train,./data/raw/FullLabelled/the-finger/the-finger_5356.jpg,./dataset/skeleton_final_v2/the-finger/the-finger_5356.npy
scissors,scissors-set2 (75),train,./data/raw/FullLabelled/scissors/scissors-set2 (75).jpg,./dataset/skeleton_final_v2/scissors/scissors-set2 (75).npy
scissors,scissors_7332,train,./data/raw/FullLabelled/scissors/scissors_7332.jpg,./dataset/skeleton_final_v2/scissors/scissors_7332.npy
ok,ok_7365,train,./data/raw/FullLabelled/ok/ok_7365.jpg,./dataset/skeleton_final_v2/ok/ok_7365.npy
ok,ok_4110,train,./data/raw/FullLabelled/ok/ok_4110.jpg,./dataset/skeleton_final_v2/ok/ok_4110.npy
ok,ok_Set2_ (583),train,./data/raw/FullLabelled/ok/ok_Set2_ (583).jpg,./dataset/skeleton_final_v2/ok/ok_Set2_ (583).npy
ok,ok_6578,train,./data/raw/FullLabelled/ok/ok_6578.jpg,./dataset/skeleton_final_v2/ok/ok_6578.npy
the-finger,the-finger_9466,train,./data/raw/FullLabelled/the-finger/the-finger_9466.jpg,./dataset/skeleton_final_v2/the-finger/the-finger_9466.npy
ok,ok_Set2_ (463),train,./data/raw/FullLabelled/ok/ok_Set2_ (463).jpg,./dataset/skeleton_final_v2/ok/ok_Set2_ (463).npy
the-finger,the-finger_7477,train,./data/raw/FullLabelled/the-finger/the-finger_7477.jpg,./dataset/skeleton_final_v2/the-finger/the-finger_7477.npy
the-finger,the-finger_7099,train,./data/raw/FullLabelled/the-finger/the-finger_7099.jpg,./dataset/skeleton_final_v2/the-finger/the-finger_7099.npy
scissors,scissors-set2 (190),train,./data/raw/FullLabelled/scissors/scissors-set2 (190).jpg,./dataset/skeleton_final_v2/scissors/scissors-set2 (190).npy
the-finger,the-finger_6278,train,./data/raw/FullLabelled/the-finger/the-finger_6278.jpg,./dataset/skeleton_final_v2/the-finger/the-finger_6278.npy
the-finger,the-finger_7098,train,./data/raw/FullLabelled/the-finger/the-finger_7098.jpg,./dataset/skeleton_final_v2/the-finger/the-finger_7098.npy
ok,ok (39),train,./data/raw/FullLabelled/ok/ok (39).jpg,./dataset/skeleton_final_v2/ok/ok (39).npy
ok,ok_Set2_ (227),train,./data/raw/FullLabelled/ok/ok_Set2_ (227).jpg,./dataset/skeleton_final_v2/ok/ok_Set2_ (227).npy
paper,paper_3756,train,./data/raw/FullLabelled/paper/paper_3756.jpg,./dataset/skeleton_final_v2/paper/paper_3756.npy
paper,paper-set2 (237),train,./data/raw/FullLabelled/paper/paper-set2 (237).jpg,./dataset/skeleton_final_v2/paper/paper-set2 (237).npy
the-finger,the-finger_1359,train,./data/raw/FullLabelled/the-finger/the-finger_1359.jpg,./dataset/skeleton_final_v2/the-finger/the-finger_1359.npy
the-finger,the-finger_7480,train,./data/raw/FullLabelled/the-finger/the-finger_7480.jpg,./dataset/skeleton_final_v2/the-finger/the-finger_7480.npy
scissors,scissors-set2 (731),train,./data/raw/FullLabelled/scissors/scissors-set2 (731).jpg,./dataset/skeleton_final_v2/scissors/scissors-set2 (731).npy
paper,paper-set2 (386),train,./data/raw/FullLabelled/paper/paper-set2 (386).jpg,./dataset/skeleton_final_v2/paper/paper-set2 (386).npy
paper,paper-set2 (63),train,./data/raw/FullLabelled/paper/paper-set2 (63).jpg,./dataset/skeleton_final_v2/paper/paper-set2 (63).npy
scissors,scissors_2780,train,./data/raw/FullLabelled/scissors/scissors_2780.jpg,./dataset/skeleton_final_v2/scissors/scissors_2780.npy
ok,ok_2951,train,./data/raw/FullLabelled/ok/ok_2951.jpg,./dataset/skeleton_final_v2/ok/ok_2951.npy
scissors,scissors-set2 (291),train,./data/raw/FullLabelled/scissors/scissors-set2 (291).jpg,./dataset/skeleton_final_v2/scissors/scissors-set2 (291).npy
ok,ok_Set2_ (19),train,./data/raw/FullLabelled/ok/ok_Set2_ (19).jpg,./dataset/skeleton_final_v2/ok/ok_Set2_ (19).npy
scissors,scissors (364),train,./data/raw/FullLabelled/scissors/scissors (364).jpg,./dataset/skeleton_final_v2/scissors/scissors (364).npy
paper,paper-set2 (145),train,./data/raw/FullLabelled/paper/paper-set2 (145).jpg,./dataset/skeleton_final_v2/paper/paper-set2 (145).npy
rock,rock (11),train,./data/raw/FullLabelled/rock/rock (11).jpg,./dataset/skeleton_final_v2/rock/rock (11).npy
scissors,scissors_5487,train,./data/raw/FullLabelled/scissors/scissors_5487.jpg,./dataset/skeleton_final_v2/scissors/scissors_5487.npy
ok,ok_Set2_ (424),train,./data/raw/FullLabelled/ok/ok_Set2_ (424).jpg,./dataset/skeleton_final_v2/ok/ok_Set2_ (424).npy
paper,paper_725,train,./data/raw/FullLabelled/paper/paper_725.jpg,./dataset/skeleton_final_v2/paper/paper_725.npy
scissors,scissors_1496,train,./data/raw/FullLabelled/scissors/scissors_1496.jpg,./dataset/skeleton_final_v2/scissors/scissors_1496.npy
scissors,scissors (37),train,./data/raw/FullLabelled/scissors/scissors (37).jpg,./dataset/skeleton_final_v2/scissors/scissors (37).npy
paper,paper_31,train,./data/raw/FullLabelled/paper/paper_31.jpg,./dataset/skeleton_final_v2/paper/paper_31.npy
scissors,scissors_6956,train,./data/raw/FullLabelled/scissors/scissors_6956.jpg,./dataset/skeleton_final_v2/scissors/scissors_6956.npy
paper,paper_2562,train,./data/raw/FullLabelled/paper/paper_2562.jpg,./dataset/skeleton_final_v2/paper/paper_2562.npy
ok,ok (180),train,./data/raw/FullLabelled/ok/ok (180).jpg,./dataset/skeleton_final_v2/ok/ok (180).npy
scissors,scissors_5923,train,./data/raw/FullLabelled/scissors/scissors_5923.jpg,./dataset/skeleton_final_v2/scissors/scissors_5923.npy
scissors,scissors (223),train,./data/raw/FullLabelled/scissors/scissors (223).jpg,./dataset/skeleton_final_v2/scissors/scissors (223).npy
scissors,scissors (4),train,./data/raw/FullLabelled/scissors/scissors (4).jpg,./dataset/skeleton_final_v2/scissors/scissors (4).npy
ok,ok (145),train,./data/raw/FullLabelled/ok/ok (145).jpg,./dataset/skeleton_final_v2/ok/ok (145).npy
ok,ok_Set2_ (481),train,./data/raw/FullLabelled/ok/ok_Set2_ (481).jpg,./dataset/skeleton_final_v2/ok/ok_Set2_ (481).npy
ok,ok_Set2_ (41),train,./data/raw/FullLabelled/ok/ok_Set2_ (41).jpg,./dataset/skeleton_final_v2/ok/ok_Set2_ (41).npy
rock,rock-set2 (355),train,./data/raw/FullLabelled/rock/rock-set2 (355).jpg,./dataset/skeleton_final_v2/rock/rock-set2 (355).npy
paper,paper (247),train,./data/raw/FullLabelled/paper/paper (247).jpg,./dataset/skeleton_final_v2/paper/paper (247).npy
the-finger,the-finger_3462,train,./data/raw/FullLabelled/the-finger/the-finger_3462.jpg,./dataset/skeleton_final_v2/the-finger/the-finger_3462.npy
scissors,scissors-set2 (610),train,./data/raw/FullLabelled/scissors/scissors-set2 (610).jpg,./dataset/skeleton_final_v2/scissors/scissors-set2 (610).npy
the-finger,the-finger-set2 (146),train,./data/raw/FullLabelled/the-finger/the-finger-set2 (146).jpg,./dataset/skeleton_final_v2/the-finger/the-finger-set2 (146).npy
the-finger,the-finger_6289,train,./data/raw/FullLabelled/the-finger/the-finger_6289.jpg,./dataset/skeleton_final_v2/the-finger/the-finger_6289.npy
paper,paper-set2 (429),train,./data/raw/FullLabelled/paper/paper-set2 (429).jpg,./dataset/skeleton_final_v2/paper/paper-set2 (429).npy
scissors,scissors-set2 (306),train,./data/raw/FullLabelled/scissors/scissors-set2 (306).jpg,./dataset/skeleton_final_v2/scissors/scissors-set2 (306).npy
ok,ok (186),train,./data/raw/FullLabelled/ok/ok (186).jpg,./dataset/skeleton_final_v2/ok/ok (186).npy
ok,ok_4106,train,./data/raw/FullLabelled/ok/ok_4106.jpg,./dataset/skeleton_final_v2/ok/ok_4106.npy
ok,ok_Set2_ (529),train,./data/raw/FullLabelled/ok/ok_Set2_ (529).jpg,./dataset/skeleton_final_v2/ok/ok_Set2_ (529).npy
scissors,scissors-set2 (418),train,./data/raw/FullLabelled/scissors/scissors-set2 (418).jpg,./dataset/skeleton_final_v2/scissors/scissors-set2 (418).npy
paper,paper_5138,train,./data/raw/FullLabelled/paper/paper_5138.jpg,./dataset/skeleton_final_v2/paper/paper_5138.npy
scissors,scissors-set2 (112),train,./data/raw/FullLabelled/scissors/scissors-set2 (112).jpg,./dataset/skeleton_final_v2/scissors/scissors-set2 (112).npy
ok,ok_Set2_ (220),train,./data/raw/FullLabelled/ok/ok_Set2_ (220).jpg,./dataset/skeleton_final_v2/ok/ok_Set2_ (220).npy
the-finger,the-finger-set2 (276),train,./data/raw/FullLabelled/the-finger/the-finger-set2 (276).jpg,./dataset/skeleton_final_v2/the-finger/the-finger-set2 (276).npy
scissors,scissors_6367,train,./data/raw/FullLabelled/scissors/scissors_6367.jpg,./dataset/skeleton_final_v2/scissors/scissors_6367.npy
scissors,scissors (112),train,./data/raw/FullLabelled/scissors/scissors (112).jpg,./dataset/skeleton_final_v2/scissors/scissors (112).npy
ok,ok_73,train,./data/raw/FullLabelled/ok/ok_73.jpg,./dataset/skeleton_final_v2/ok/ok_73.npy
scissors,scissors (278),train,./data/raw/FullLabelled/scissors/scissors (278).jpg,./dataset/skeleton_final_v2/scissors/scissors (278).npy
scissors,scissors_5502,train,./data/raw/FullLabelled/scissors/scissors_5502.jpg,./dataset/skeleton_final_v2/scissors/scissors_5502.npy
paper,paper-set2 (331),train,./data/raw/FullLabelled/paper/paper-set2 (331).jpg,./dataset/skeleton_final_v2/paper/paper-set2 (331).npy
paper,paper (137),train,./data/raw/FullLabelled/paper/paper (137).jpg,./dataset/skeleton_final_v2/paper/paper (137).npy
ok,ok_Set2_ (29),train,./data/raw/FullLabelled/ok/ok_Set2_ (29).jpg,./dataset/skeleton_final_v2/ok/ok_Set2_ (29).npy
paper,paper-set2 (267),train,./data/raw/FullLabelled/paper/paper-set2 (267).jpg,./dataset/skeleton_final_v2/paper/paper-set2 (267).npy
scissors,scissors-set2 (677),train,./data/raw/FullLabelled/scissors/scissors-set2 (677).jpg,./dataset/skeleton_final_v2/scissors/scissors-set2 (677).npy
ok,ok_Set2_ (363),train,./data/raw/FullLabelled/ok/ok_Set2_ (363).jpg,./dataset/skeleton_final_v2/ok/ok_Set2_ (363).npy
the-finger,the-finger (122),train,./data/raw/FullLabelled/the-finger/the-finger (122).jpg,./dataset/skeleton_final_v2/the-finger/the-finger (122).npy
the-finger,the-finger_5847,train,./data/raw/FullLabelled/the-finger/the-finger_5847.jpg,./dataset/skeleton_final_v2/the-finger/the-finger_5847.npy
ok,ok (83),train,./data/raw/FullLabelled/ok/ok (83).jpg,./dataset/skeleton_final_v2/ok/ok (83).npy
the-finger,the-finger-set2 (311),train,./data/raw/FullLabelled/the-finger/the-finger-set2 (311).jpg,./dataset/skeleton_final_v2/the-finger/the-finger-set2 (311).npy
paper,paper (109),train,./data/raw/FullLabelled/paper/paper (109).jpg,./dataset/skeleton_final_v2/paper/paper (109).npy
ok,ok_Set2_ (12),train,./data/raw/FullLabelled/ok/ok_Set2_ (12).jpg,./dataset/skeleton_final_v2/ok/ok_Set2_ (12).npy
the-finger,the-finger_3478,train,./data/raw/FullLabelled/the-finger/the-finger_3478.jpg,./dataset/skeleton_final_v2/the-finger/the-finger_3478.npy
scissors,scissors (88),train,./data/raw/FullLabelled/scissors/scissors (88).jpg,./dataset/skeleton_final_v2/scissors/scissors (88).npy
rock,rock_3609,train,./data/raw/FullLabelled/rock/rock_3609.jpg,./dataset/skeleton_final_v2/rock/rock_3609.npy
ok,ok_Set2_ (578),train,./data/raw/FullLabelled/ok/ok_Set2_ (578).jpg,./dataset/skeleton_final_v2/ok/ok_Set2_ (578).npy
ok,ok_9242,train,./data/raw/FullLabelled/ok/ok_9242.jpg,./dataset/skeleton_final_v2/ok/ok_9242.npy
paper,paper (64),train,./data/raw/FullLabelled/paper/paper (64).jpg,./dataset/skeleton_final_v2/paper/paper (64).npy
rock,rock_6674,train,./data/raw/FullLabelled/rock/rock_6674.jpg,./dataset/skeleton_final_v2/rock/rock_6674.npy
rock,rock-set2 (356),train,./data/raw/FullLabelled/rock/rock-set2 (356).jpg,./dataset/skeleton_final_v2/rock/rock-set2 (356).npy
scissors,scissors_2776,train,./data/raw/FullLabelled/scissors/scissors_2776.jpg,./dataset/skeleton_final_v2/scissors/scissors_2776.npy
ok,ok_2953,train,./data/raw/FullLabelled/ok/ok_2953.jpg,./dataset/skeleton_final_v2/ok/ok_2953.npy
ok,ok_5953,train,./data/raw/FullLabelled/ok/ok_5953.jpg,./dataset/skeleton_final_v2/ok/ok_5953.npy
scissors,scissors_2638,train,./data/raw/FullLabelled/scissors/scissors_2638.jpg,./dataset/skeleton_final_v2/scissors/scissors_2638.npy
the-finger,the-finger (74),train,./data/raw/FullLabelled/the-finger/the-finger (74).jpg,./dataset/skeleton_final_v2/the-finger/the-finger (74).npy
scissors,scissors-set2 (709),train,./data/raw/FullLabelled/scissors/scissors-set2 (709).jpg,./dataset/skeleton_final_v2/scissors/scissors-set2 (709).npy
scissors,scissors (332),train,./data/raw/FullLabelled/scissors/scissors (332).jpg,./dataset/skeleton_final_v2/scissors/scissors (332).npy
paper,paper-set2 (71),train,./data/raw/FullLabelled/paper/paper-set2 (71).jpg,./dataset/skeleton_final_v2/paper/paper-set2 (71).npy
paper,paper-set2 (359),train,./data/raw/FullLabelled/paper/paper-set2 (359).jpg,./dataset/skeleton_final_v2/paper/paper-set2 (359).npy
the-finger,the-finger-set2 (369),train,./data/raw/FullLabelled/the-finger/the-finger-set2 (369).jpg,./dataset/skeleton_final_v2/the-finger/the-finger-set2 (369).npy
paper,paper_35,train,./data/raw/FullLabelled/paper/paper_35.jpg,./dataset/skeleton_final_v2/paper/paper_35.npy
scissors,scissors-set2 (445),train,./data/raw/FullLabelled/scissors/scissors-set2 (445).jpg,./dataset/skeleton_final_v2/scissors/scissors-set2 (445).npy
the-finger,the-finger-set2 (106),train,./data/raw/FullLabelled/the-finger/the-finger-set2 (106).jpg,./dataset/skeleton_final_v2/the-finger/the-finger-set2 (106).npy
the-finger,the-finger-set2 (30),train,./data/raw/FullLabelled/the-finger/the-finger-set2 (30).jpg,./dataset/skeleton_final_v2/the-finger/the-finger-set2 (30).npy
ok,ok_Set2_ (556),train,./data/raw/FullLabelled/ok/ok_Set2_ (556).jpg,./dataset/skeleton_final_v2/ok/ok_Set2_ (556).npy
ok,ok_Set2_ (268),train,./data/raw/FullLabelled/ok/ok_Set2_ (268).jpg,./dataset/skeleton_final_v2/ok/ok_Set2_ (268).npy
scissors,scissors_5235,train,./data/raw/FullLabelled/scissors/scissors_5235.jpg,./dataset/skeleton_final_v2/scissors/scissors_5235.npy
paper,paper-set2 (426),train,./data/raw/FullLabelled/paper/paper-set2 (426).jpg,./dataset/skeleton_final_v2/paper/paper-set2 (426).npy
scissors,scissors-set2 (489),train,./data/raw/FullLabelled/scissors/scissors-set2 (489).jpg,./dataset/skeleton_final_v2/scissors/scissors-set2 (489).npy
scissors,scissors (80),train,./data/raw/FullLabelled/scissors/scissors (80).jpg,./dataset/skeleton_final_v2/scissors/scissors (80).npy
scissors,scissors-set2 (292),train,./data/raw/FullLabelled/scissors/scissors-set2 (292).jpg,./dataset/skeleton_final_v2/scissors/scissors-set2 (292).npy
paper,paper_6124,train,./data/raw/FullLabelled/paper/paper_6124.jpg,./dataset/skeleton_final_v2/paper/paper_6124.npy
scissors,scissors-set2 (621),train,./data/raw/FullLabelled/scissors/scissors-set2 (621).jpg,./dataset/skeleton_final_v2/scissors/scissors-set2 (621).npy
paper,paper-set2 (197),train,./data/raw/FullLabelled/paper/paper-set2 (197).jpg,./dataset/skeleton_final_v2/paper/paper-set2 (197).npy
scissors,scissors_7976,train,./data/raw/FullLabelled/scissors/scissors_7976.jpg,./dataset/skeleton_final_v2/scissors/scissors_7976.npy
paper,paper_3697,train,./data/raw/FullLabelled/paper/paper_3697.jpg,./dataset/skeleton_final_v2/paper/paper_3697.npy
paper,paper_1464,train,./data/raw/FullLabelled/paper/paper_1464.jpg,./dataset/skeleton_final_v2/paper/paper_1464.npy
ok,ok_Set2_ (9),train,./data/raw/FullLabelled/ok/ok_Set2_ (9).jpg,./dataset/skeleton_final_v2/ok/ok_Set2_ (9).npy
scissors,scissors-set2 (485),train,./data/raw/FullLabelled/scissors/scissors-set2 (485).jpg,./dataset/skeleton_final_v2/scissors/scissors-set2 (485).npy
paper,paper-set2 (70),train,./data/raw/FullLabelled/paper/paper-set2 (70).jpg,./dataset/skeleton_final_v2/paper/paper-set2 (70).npy
paper,paper (85),train,./data/raw/FullLabelled/paper/paper (85).jpg,./dataset/skeleton_final_v2/paper/paper (85).npy
scissors,scissors_5930,train,./data/raw/FullLabelled/scissors/scissors_5930.jpg,./dataset/skeleton_final_v2/scissors/scissors_5930.npy
paper,paper-set2 (499),train,./data/raw/FullLabelled/paper/paper-set2 (499).jpg,./dataset/skeleton_final_v2/paper/paper-set2 (499).npy
scissors,scissors (9),train,./data/raw/FullLabelled/scissors/scissors (9).jpg,./dataset/skeleton_final_v2/scissors/scissors (9).npy
paper,paper_1442,train,./data/raw/FullLabelled/paper/paper_1442.jpg,./dataset/skeleton_final_v2/paper/paper_1442.npy
paper,paper_5904,train,./data/raw/FullLabelled/paper/paper_5904.jpg,./dataset/skeleton_final_v2/paper/paper_5904.npy
ok,ok (171),train,./data/raw/FullLabelled/ok/ok (171).jpg,./dataset/skeleton_final_v2/ok/ok (171).npy
the-finger,the-finger-set2 (441),train,./data/raw/FullLabelled/the-finger/the-finger-set2 (441).jpg,./dataset/skeleton_final_v2/the-finger/the-finger-set2 (441).npy
paper,paper-set2 (288),train,./data/raw/FullLabelled/paper/paper-set2 (288).jpg,./dataset/skeleton_final_v2/paper/paper-set2 (288).npy
ok,ok_7002,train,./data/raw/FullLabelled/ok/ok_7002.jpg,./dataset/skeleton_final_v2/ok/ok_7002.npy
paper,paper (28),train,./data/raw/FullLabelled/paper/paper (28).jpg,./dataset/skeleton_final_v2/paper/paper (28).npy
ok,ok_3953,train,./data/raw/FullLabelled/ok/ok_3953.jpg,./dataset/skeleton_final_v2/ok/ok_3953.npy
ok,ok_6588,train,./data/raw/FullLabelled/ok/ok_6588.jpg,./dataset/skeleton_final_v2/ok/ok_6588.npy
paper,paper (87),train,./data/raw/FullLabelled/paper/paper (87).jpg,./dataset/skeleton_final_v2/paper/paper (87).npy
paper,paper_2469,train,./data/raw/FullLabelled/paper/paper_2469.jpg,./dataset/skeleton_final_v2/paper/paper_2469.npy
ok,ok_6171,train,./data/raw/FullLabelled/ok/ok_6171.jpg,./dataset/skeleton_final_v2/ok/ok_6171.npy
scissors,scissors-set2 (506),train,./data/raw/FullLabelled/scissors/scissors-set2 (506).jpg,./dataset/skeleton_final_v2/scissors/scissors-set2 (506).npy
rock,rock_3628,train,./data/raw/FullLabelled/rock/rock_3628.jpg,./dataset/skeleton_final_v2/rock/rock_3628.npy
ok,ok_Set2_ (499),train,./data/raw/FullLabelled/ok/ok_Set2_ (499).jpg,./dataset/skeleton_final_v2/ok/ok_Set2_ (499).npy
paper,paper-set2 (133),train,./data/raw/FullLabelled/paper/paper-set2 (133).jpg,./dataset/skeleton_final_v2/paper/paper-set2 (133).npy
paper,paper (10),train,./data/raw/FullLabelled/paper/paper (10).jpg,./dataset/skeleton_final_v2/paper/paper (10).npy
the-finger,the-finger_3482,train,./data/raw/FullLabelled/the-finger/the-finger_3482.jpg,./dataset/skeleton_final_v2/the-finger/the-finger_3482.npy
rock,rock (145),train,./data/raw/FullLabelled/rock/rock (145).jpg,./dataset/skeleton_final_v2/rock/rock (145).npy
ok,ok (198),train,./data/raw/FullLabelled/ok/ok (198).jpg,./dataset/skeleton_final_v2/ok/ok (198).npy
the-finger,the-finger_6288,train,./data/raw/FullLabelled/the-finger/the-finger_6288.jpg,./dataset/skeleton_final_v2/the-finger/the-finger_6288.npy
rock,rock_9120,train,./data/raw/FullLabelled/rock/rock_9120.jpg,./dataset/skeleton_final_v2/rock/rock_9120.npy
ok,ok (81),train,./data/raw/FullLabelled/ok/ok (81).jpg,./dataset/skeleton_final_v2/ok/ok (81).npy
ok,ok (190),train,./data/raw/FullLabelled/ok/ok (190).jpg,./dataset/skeleton_final_v2/ok/ok (190).npy
scissors,scissors-set2 (451),train,./data/raw/FullLabelled/scissors/scissors-set2 (451).jpg,./dataset/skeleton_final_v2/scissors/scissors-set2 (451).npy
scissors,scissors_5751,train,./data/raw/FullLabelled/scissors/scissors_5751.jpg,./dataset/skeleton_final_v2/scissors/scissors_5751.npy
paper,paper-set2 (274),train,./data/raw/FullLabelled/paper/paper-set2 (274).jpg,./dataset/skeleton_final_v2/paper/paper-set2 (274).npy
paper,paper-set2 (378),train,./data/raw/FullLabelled/paper/paper-set2 (378).jpg,./dataset/skeleton_final_v2/paper/paper-set2 (378).npy
the-finger,the-finger-set2 (278),train,./data/raw/FullLabelled/the-finger/the-finger-set2 (278).jpg,./dataset/skeleton_final_v2/the-finger/the-finger-set2 (278).npy
the-finger,the-finger_3456,train,./data/raw/FullLabelled/the-finger/the-finger_3456.jpg,./dataset/skeleton_final_v2/the-finger/the-finger_3456.npy
scissors,scissors-set2 (91),train,./data/raw/FullLabelled/scissors/scissors-set2 (91).jpg,./dataset/skeleton_final_v2/scissors/scissors-set2 (91).npy
scissors,scissors-set2 (509),train,./data/raw/FullLabelled/scissors/scissors-set2 (509).jpg,./dataset/skeleton_final_v2/scissors/scissors-set2 (509).npy
ok,ok_Set2_ (203),train,./data/raw/FullLabelled/ok/ok_Set2_ (203).jpg,./dataset/skeleton_final_v2/ok/ok_Set2_ (203).npy
the-finger,the-finger-set2 (320),train,./data/raw/FullLabelled/the-finger/the-finger-set2 (320).jpg,./dataset/skeleton_final_v2/the-finger/the-finger-set2 (320).npy
ok,ok_Set2_ (440),train,./data/raw/FullLabelled/ok/ok_Set2_ (440).jpg,./dataset/skeleton_final_v2/ok/ok_Set2_ (440).npy
scissors,scissors-set2 (694),train,./data/raw/FullLabelled/scissors/scissors-set2 (694).jpg,./dataset/skeleton_final_v2/scissors/scissors-set2 (694).npy
scissors,scissors (213),train,./data/raw/FullLabelled/scissors/scissors (213).jpg,./dataset/skeleton_final_v2/scissors/scissors (213).npy
ok,ok_2742,train,./data/raw/FullLabelled/ok/ok_2742.jpg,./dataset/skeleton_final_v2/ok/ok_2742.npy
ok,ok_2682,train,./data/raw/FullLabelled/ok/ok_2682.jpg,./dataset/skeleton_final_v2/ok/ok_2682.npy
paper,paper-set2 (285),train,./data/raw/FullLabelled/paper/paper-set2 (285).jpg,./dataset/skeleton_final_v2/paper/paper-set2 (285).npy
scissors,scissors (397),train,./data/raw/FullLabelled/scissors/scissors (397).jpg,./dataset/skeleton_final_v2/scissors/scissors (397).npy
the-finger,the-finger (140),train,./data/raw/FullLabelled/the-finger/the-finger (140).jpg,./dataset/skeleton_final_v2/the-finger/the-finger (140).npy
ok,ok_74,train,./data/raw/FullLabelled/ok/ok_74.jpg,./dataset/skeleton_final_v2/ok/ok_74.npy
paper,paper-set2 (293),train,./data/raw/FullLabelled/paper/paper-set2 (293).jpg,./dataset/skeleton_final_v2/paper/paper-set2 (293).npy
scissors,scissors-set2 (410),train,./data/raw/FullLabelled/scissors/scissors-set2 (410).jpg,./dataset/skeleton_final_v2/scissors/scissors-set2 (410).npy
ok,ok_Set2_ (470),train,./data/raw/FullLabelled/ok/ok_Set2_ (470).jpg,./dataset/skeleton_final_v2/ok/ok_Set2_ (470).npy
ok,ok_Set2_ (444),train,./data/raw/FullLabelled/ok/ok_Set2_ (444).jpg,./dataset/skeleton_final_v2/ok/ok_Set2_ (444).npy
the-finger,the-finger (158),train,./data/raw/FullLabelled/the-finger/the-finger (158).jpg,./dataset/skeleton_final_v2/the-finger/the-finger (158).npy
ok,ok (151),train,./data/raw/FullLabelled/ok/ok (151).jpg,./dataset/skeleton_final_v2/ok/ok (151).npy
paper,paper_5142,train,./data/raw/FullLabelled/paper/paper_5142.jpg,./dataset/skeleton_final_v2/paper/paper_5142.npy
ok,ok_Set2_ (398),train,./data/raw/FullLabelled/ok/ok_Set2_ (398).jpg,./dataset/skeleton_final_v2/ok/ok_Set2_ (398).npy
the-finger,the-finger-set2 (391),train,./data/raw/FullLabelled/the-finger/the-finger-set2 (391).jpg,./dataset/skeleton_final_v2/the-finger/the-finger-set2 (391).npy
scissors,scissors_1875,train,./data/raw/FullLabelled/scissors/scissors_1875.jpg,./dataset/skeleton_final_v2/scissors/scissors_1875.npy
scissors,scissors-set2 (488),train,./data/raw/FullLabelled/scissors/scissors-set2 (488).jpg,./dataset/skeleton_final_v2/scissors/scissors-set2 (488).npy
the-finger,the-finger_234,train,./data/raw/FullLabelled/the-finger/the-finger_234.jpg,./dataset/skeleton_final_v2/the-finger/the-finger_234.npy
the-finger,the-finger (133),train,./data/raw/FullLabelled/the-finger/the-finger (133).jpg,./dataset/skeleton_final_v2/the-finger/the-finger (133).npy
paper,paper_6337,train,./data/raw/FullLabelled/paper/paper_6337.jpg,./dataset/skeleton_final_v2/paper/paper_6337.npy
scissors,scissors_6944,train,./data/raw/FullLabelled/scissors/scissors_6944.jpg,./dataset/skeleton_final_v2/scissors/scissors_6944.npy
ok,ok_9234,train,./data/raw/FullLabelled/ok/ok_9234.jpg,./dataset/skeleton_final_v2/ok/ok_9234.npy
scissors,scissors (111),train,./data/raw/FullLabelled/scissors/scissors (111).jpg,./dataset/skeleton_final_v2/scissors/scissors (111).npy
the-finger,the-finger (42),train,./data/raw/FullLabelled/the-finger/the-finger (42).jpg,./dataset/skeleton_final_v2/the-finger/the-finger (42).npy
scissors,scissors_428,train,./data/raw/FullLabelled/scissors/scissors_428.jpg,./dataset/skeleton_final_v2/scissors/scissors_428.npy
the-finger,the-finger-set2 (243),train,./data/raw/FullLabelled/the-finger/the-finger-set2 (243).jpg,./dataset/skeleton_final_v2/the-finger/the-finger-set2 (243).npy
the-finger,the-finger_3492,train,./data/raw/FullLabelled/the-finger/the-finger_3492.jpg,./dataset/skeleton_final_v2/the-finger/the-finger_3492.npy
ok,ok (182),train,./data/raw/FullLabelled/ok/ok (182).jpg,./dataset/skeleton_final_v2/ok/ok (182).npy
scissors,scissors-set2 (475),train,./data/raw/FullLabelled/scissors/scissors-set2 (475).jpg,./dataset/skeleton_final_v2/scissors/scissors-set2 (475).npy
scissors,scissors-set2 (161),train,./data/raw/FullLabelled/scissors/scissors-set2 (161).jpg,./dataset/skeleton_final_v2/scissors/scissors-set2 (161).npy
the-finger,the-finger-set2 (162),train,./data/raw/FullLabelled/the-finger/the-finger-set2 (162).jpg,./dataset/skeleton_final_v2/the-finger/the-finger-set2 (162).npy
ok,ok_Set2_ (16),train,./data/raw/FullLabelled/ok/ok_Set2_ (16).jpg,./dataset/skeleton_final_v2/ok/ok_Set2_ (16).npy
paper,paper-set2 (300),train,./data/raw/FullLabelled/paper/paper-set2 (300).jpg,./dataset/skeleton_final_v2/paper/paper-set2 (300).npy
the-finger,the-finger-set2 (272),train,./data/raw/FullLabelled/the-finger/the-finger-set2 (272).jpg,./dataset/skeleton_final_v2/the-finger/the-finger-set2 (272).npy
rock,rock-set2 (2),train,./data/raw/FullLabelled/rock/rock-set2 (2).jpg,./dataset/skeleton_final_v2/rock/rock-set2 (2).npy
scissors,scissors_5759,train,./data/raw/FullLabelled/scissors/scissors_5759.jpg,./dataset/skeleton_final_v2/scissors/scissors_5759.npy
scissors,scissors_1915,train,./data/raw/FullLabelled/scissors/scissors_1915.jpg,./dataset/skeleton_final_v2/scissors/scissors_1915.npy
ok,ok_Set2_ (293),train,./data/raw/FullLabelled/ok/ok_Set2_ (293).jpg,./dataset/skeleton_final_v2/ok/ok_Set2_ (293).npy
ok,ok_1582,train,./data/raw/FullLabelled/ok/ok_1582.jpg,./dataset/skeleton_final_v2/ok/ok_1582.npy
rock,rock-set2 (596),train,./data/raw/FullLabelled/rock/rock-set2 (596).jpg,./dataset/skeleton_final_v2/rock/rock-set2 (596).npy
scissors,scissors_426,train,./data/raw/FullLabelled/scissors/scissors_426.jpg,./dataset/skeleton_final_v2/scissors/scissors_426.npy
scissors,scissors-set2 (118),train,./data/raw/FullLabelled/scissors/scissors-set2 (118).jpg,./dataset/skeleton_final_v2/scissors/scissors-set2 (118).npy
scissors,scissors-set2 (9),train,./data/raw/FullLabelled/scissors/scissors-set2 (9).jpg,./dataset/skeleton_final_v2/scissors/scissors-set2 (9).npy
scissors,scissors-set2 (265),train,./data/raw/FullLabelled/scissors/scissors-set2 (265).jpg,./dataset/skeleton_final_v2/scissors/scissors-set2 (265).npy
scissors,scissors_5217,train,./data/raw/FullLabelled/scissors/scissors_5217.jpg,./dataset/skeleton_final_v2/scissors/scissors_5217.npy
the-finger,the-finger_8278,train,./data/raw/FullLabelled/the-finger/the-finger_8278.jpg,./dataset/skeleton_final_v2/the-finger/the-finger_8278.npy
scissors,scissors (58),train,./data/raw/FullLabelled/scissors/scissors (58).jpg,./dataset/skeleton_final_v2/scissors/scissors (58).npy
the-finger,the-finger (106),train,./data/raw/FullLabelled/the-finger/the-finger (106).jpg,./dataset/skeleton_final_v2/the-finger/the-finger (106).npy
ok,ok_Set2_ (209),train,./data/raw/FullLabelled/ok/ok_Set2_ (209).jpg,./dataset/skeleton_final_v2/ok/ok_Set2_ (209).npy
ok,ok_7681,train,./data/raw/FullLabelled/ok/ok_7681.jpg,./dataset/skeleton_final_v2/ok/ok_7681.npy
scissors,scissors-set2 (496),train,./data/raw/FullLabelled/scissors/scissors-set2 (496).jpg,./dataset/skeleton_final_v2/scissors/scissors-set2 (496).npy
paper,paper_7599,train,./data/raw/FullLabelled/paper/paper_7599.jpg,./dataset/skeleton_final_v2/paper/paper_7599.npy
paper,paper_8772,train,./data/raw/FullLabelled/paper/paper_8772.jpg,./dataset/skeleton_final_v2/paper/paper_8772.npy
the-finger,the-finger-set2 (399),train,./data/raw/FullLabelled/the-finger/the-finger-set2 (399).jpg,./dataset/skeleton_final_v2/the-finger/the-finger-set2 (399).npy
ok,ok_2799,train,./data/raw/FullLabelled/ok/ok_2799.jpg,./dataset/skeleton_final_v2/ok/ok_2799.npy
scissors,scissors-set2 (262),train,./data/raw/FullLabelled/scissors/scissors-set2 (262).jpg,./dataset/skeleton_final_v2/scissors/scissors-set2 (262).npy
ok,ok_2021,train,./data/raw/FullLabelled/ok/ok_2021.jpg,./dataset/skeleton_final_v2/ok/ok_2021.npy
scissors,scissors_1873,train,./data/raw/FullLabelled/scissors/scissors_1873.jpg,./dataset/skeleton_final_v2/scissors/scissors_1873.npy
the-finger,the-finger_1361,train,./data/raw/FullLabelled/the-finger/the-finger_1361.jpg,./dataset/skeleton_final_v2/the-finger/the-finger_1361.npy
ok,ok_4868,train,./data/raw/FullLabelled/ok/ok_4868.jpg,./dataset/skeleton_final_v2/ok/ok_4868.npy
paper,paper-set2 (432),train,./data/raw/FullLabelled/paper/paper-set2 (432).jpg,./dataset/skeleton_final_v2/paper/paper-set2 (432).npy
rock,rock-set2 (53),train,./data/raw/FullLabelled/rock/rock-set2 (53).jpg,./dataset/skeleton_final_v2/rock/rock-set2 (53).npy
scissors,scissors-set2 (122),train,./data/raw/FullLabelled/scissors/scissors-set2 (122).jpg,./dataset/skeleton_final_v2/scissors/scissors-set2 (122).npy
paper,paper-set2 (420),train,./data/raw/FullLabelled/paper/paper-set2 (420).jpg,./dataset/skeleton_final_v2/paper/paper-set2 (420).npy
scissors,scissors-set2 (293),train,./data/raw/FullLabelled/scissors/scissors-set2 (293).jpg,./dataset/skeleton_final_v2/scissors/scissors-set2 (293).npy
the-finger,the-finger (36),train,./data/raw/FullLabelled/the-finger/the-finger (36).jpg,./dataset/skeleton_final_v2/the-finger/the-finger (36).npy
ok,ok_2865,train,./data/raw/FullLabelled/ok/ok_2865.jpg,./dataset/skeleton_final_v2/ok/ok_2865.npy
ok,ok_5946,train,./data/raw/FullLabelled/ok/ok_5946.jpg,./dataset/skeleton_final_v2/ok/ok_5946.npy
scissors,scissors (231),train,./data/raw/FullLabelled/scissors/scissors (231).jpg,./dataset/skeleton_final_v2/scissors/scissors (231).npy
scissors,scissors-set2 (17),train,./data/raw/FullLabelled/scissors/scissors-set2 (17).jpg,./dataset/skeleton_final_v2/scissors/scissors-set2 (17).npy
scissors,scissors-set2 (356),train,./data/raw/FullLabelled/scissors/scissors-set2 (356).jpg,./dataset/skeleton_final_v2/scissors/scissors-set2 (356).npy
the-finger,the-finger (40),train,./data/raw/FullLabelled/the-finger/the-finger (40).jpg,./dataset/skeleton_final_v2/the-finger/the-finger (40).npy
paper,paper-set2 (37),train,./data/raw/FullLabelled/paper/paper-set2 (37).jpg,./dataset/skeleton_final_v2/paper/paper-set2 (37).npy
paper,paper-set2 (3),train,./data/raw/FullLabelled/paper/paper-set2 (3).jpg,./dataset/skeleton_final_v2/paper/paper-set2 (3).npy
paper,paper-set2 (159),train,./data/raw/FullLabelled/paper/paper-set2 (159).jpg,./dataset/skeleton_final_v2/paper/paper-set2 (159).npy
scissors,scissors-set2 (467),train,./data/raw/FullLabelled/scissors/scissors-set2 (467).jpg,./dataset/skeleton_final_v2/scissors/scissors-set2 (467).npy
rock,rock-set2 (524),train,./data/raw/FullLabelled/rock/rock-set2 (524).jpg,./dataset/skeleton_final_v2/rock/rock-set2 (524).npy
scissors,scissors_48,train,./data/raw/FullLabelled/scissors/scissors_48.jpg,./dataset/skeleton_final_v2/scissors/scissors_48.npy
rock,rock-set2 (217),train,./data/raw/FullLabelled/rock/rock-set2 (217).jpg,./dataset/skeleton_final_v2/rock/rock-set2 (217).npy
paper,paper_29,train,./data/raw/FullLabelled/paper/paper_29.jpg,./dataset/skeleton_final_v2/paper/paper_29.npy
scissors,scissors-set2 (721),train,./data/raw/FullLabelled/scissors/scissors-set2 (721).jpg,./dataset/skeleton_final_v2/scissors/scissors-set2 (721).npy
scissors,scissors-set2 (531),train,./data/raw/FullLabelled/scissors/scissors-set2 (531).jpg,./dataset/skeleton_final_v2/scissors/scissors-set2 (531).npy
paper,paper_8756,train,./data/raw/FullLabelled/paper/paper_8756.jpg,./dataset/skeleton_final_v2/paper/paper_8756.npy
ok,ok_Set2_ (435),train,./data/raw/FullLabelled/ok/ok_Set2_ (435).jpg,./dataset/skeleton_final_v2/ok/ok_Set2_ (435).npy
paper,paper (127),train,./data/raw/FullLabelled/paper/paper (127).jpg,./dataset/skeleton_final_v2/paper/paper (127).npy
the-finger,the-finger_6659,train,./data/raw/FullLabelled/the-finger/the-finger_6659.jpg,./dataset/skeleton_final_v2/the-finger/the-finger_6659.npy
scissors,scissors (103),train,./data/raw/FullLabelled/scissors/scissors (103).jpg,./dataset/skeleton_final_v2/scissors/scissors (103).npy
scissors,scissors-set2 (672),train,./data/raw/FullLabelled/scissors/scissors-set2 (672).jpg,./dataset/skeleton_final_v2/scissors/scissors-set2 (672).npy
paper,paper_6127,train,./data/raw/FullLabelled/paper/paper_6127.jpg,./dataset/skeleton_final_v2/paper/paper_6127.npy
ok,ok_6581,train,./data/raw/FullLabelled/ok/ok_6581.jpg,./dataset/skeleton_final_v2/ok/ok_6581.npy
scissors,scissors-set2 (617),train,./data/raw/FullLabelled/scissors/scissors-set2 (617).jpg,./dataset/skeleton_final_v2/scissors/scissors-set2 (617).npy
ok,ok_Set2_ (391),train,./data/raw/FullLabelled/ok/ok_Set2_ (391).jpg,./dataset/skeleton_final_v2/ok/ok_Set2_ (391).npy
ok,ok_Set2_ (534),train,./data/raw/FullLabelled/ok/ok_Set2_ (534).jpg,./dataset/skeleton_final_v2/ok/ok_Set2_ (534).npy
ok,ok (168),train,./data/raw/FullLabelled/ok/ok (168).jpg,./dataset/skeleton_final_v2/ok/ok (168).npy
rock,rock-set2 (533),train,./data/raw/FullLabelled/rock/rock-set2 (533).jpg,./dataset/skeleton_final_v2/rock/rock-set2 (533).npy
paper,paper_22,train,./data/raw/FullLabelled/paper/paper_22.jpg,./dataset/skeleton_final_v2/paper/paper_22.npy
ok,ok_Set2_ (484),train,./data/raw/FullLabelled/ok/ok_Set2_ (484).jpg,./dataset/skeleton_final_v2/ok/ok_Set2_ (484).npy
scissors,scissors-set2 (648),train,./data/raw/FullLabelled/scissors/scissors-set2 (648).jpg,./dataset/skeleton_final_v2/scissors/scissors-set2 (648).npy
paper,paper_5478,train,./data/raw/FullLabelled/paper/paper_5478.jpg,./dataset/skeleton_final_v2/paper/paper_5478.npy
rock,rock-set2 (447),train,./data/raw/FullLabelled/rock/rock-set2 (447).jpg,./dataset/skeleton_final_v2/rock/rock-set2 (447).npy
ok,ok_1568,train,./data/raw/FullLabelled/ok/ok_1568.jpg,./dataset/skeleton_final_v2/ok/ok_1568.npy
scissors,scissors-set2 (661),train,./data/raw/FullLabelled/scissors/scissors-set2 (661).jpg,./dataset/skeleton_final_v2/scissors/scissors-set2 (661).npy
the-finger,the-finger_7814,train,./data/raw/FullLabelled/the-finger/the-finger_7814.jpg,./dataset/skeleton_final_v2/the-finger/the-finger_7814.npy
rock,rock-set2 (63),train,./data/raw/FullLabelled/rock/rock-set2 (63).jpg,./dataset/skeleton_final_v2/rock/rock-set2 (63).npy
the-finger,the-finger_3516,train,./data/raw/FullLabelled/the-finger/the-finger_3516.jpg,./dataset/skeleton_final_v2/the-finger/the-finger_3516.npy
ok,ok_5948,train,./data/raw/FullLabelled/ok/ok_5948.jpg,./dataset/skeleton_final_v2/ok/ok_5948.npy
scissors,scissors_6373,train,./data/raw/FullLabelled/scissors/scissors_6373.jpg,./dataset/skeleton_final_v2/scissors/scissors_6373.npy
paper,paper-set2 (166),train,./data/raw/FullLabelled/paper/paper-set2 (166).jpg,./dataset/skeleton_final_v2/paper/paper-set2 (166).npy
scissors,scissors_6357,train,./data/raw/FullLabelled/scissors/scissors_6357.jpg,./dataset/skeleton_final_v2/scissors/scissors_6357.npy
the-finger,the-finger_7268,train,./data/raw/FullLabelled/the-finger/the-finger_7268.jpg,./dataset/skeleton_final_v2/the-finger/the-finger_7268.npy
scissors,scissors (414),train,./data/raw/FullLabelled/scissors/scissors (414).jpg,./dataset/skeleton_final_v2/scissors/scissors (414).npy
ok,ok_Set2_ (419),train,./data/raw/FullLabelled/ok/ok_Set2_ (419).jpg,./dataset/skeleton_final_v2/ok/ok_Set2_ (419).npy
scissors,scissors (284),train,./data/raw/FullLabelled/scissors/scissors (284).jpg,./dataset/skeleton_final_v2/scissors/scissors (284).npy
paper,paper_3815,train,./data/raw/FullLabelled/paper/paper_3815.jpg,./dataset/skeleton_final_v2/paper/paper_3815.npy
ok,ok_7387,train,./data/raw/FullLabelled/ok/ok_7387.jpg,./dataset/skeleton_final_v2/ok/ok_7387.npy
scissors,scissors (322),train,./data/raw/FullLabelled/scissors/scissors (322).jpg,./dataset/skeleton_final_v2/scissors/scissors (322).npy
paper,paper-set2 (248),train,./data/raw/FullLabelled/paper/paper-set2 (248).jpg,./dataset/skeleton_final_v2/paper/paper-set2 (248).npy
rock,rock-set2 (359),train,./data/raw/FullLabelled/rock/rock-set2 (359).jpg,./dataset/skeleton_final_v2/rock/rock-set2 (359).npy
scissors,scissors-set2 (720),train,./data/raw/FullLabelled/scissors/scissors-set2 (720).jpg,./dataset/skeleton_final_v2/scissors/scissors-set2 (720).npy
paper,paper_6929,train,./data/raw/FullLabelled/paper/paper_6929.jpg,./dataset/skeleton_final_v2/paper/paper_6929.npy
the-finger,the-finger_8300,train,./data/raw/FullLabelled/the-finger/the-finger_8300.jpg,./dataset/skeleton_final_v2/the-finger/the-finger_8300.npy
scissors,scissors-set2 (600),train,./data/raw/FullLabelled/scissors/scissors-set2 (600).jpg,./dataset/skeleton_final_v2/scissors/scissors-set2 (600).npy
paper,paper_2449,train,./data/raw/FullLabelled/paper/paper_2449.jpg,./dataset/skeleton_final_v2/paper/paper_2449.npy
the-finger,the-finger_1365,train,./data/raw/FullLabelled/the-finger/the-finger_1365.jpg,./dataset/skeleton_final_v2/the-finger/the-finger_1365.npy
ok,ok_1175,train,./data/raw/FullLabelled/ok/ok_1175.jpg,./dataset/skeleton_final_v2/ok/ok_1175.npy
paper,paper_7329,train,./data/raw/FullLabelled/paper/paper_7329.jpg,./dataset/skeleton_final_v2/paper/paper_7329.npy
scissors,scissors (135),train,./data/raw/FullLabelled/scissors/scissors (135).jpg,./dataset/skeleton_final_v2/scissors/scissors (135).npy
rock,rock-set2 (571),train,./data/raw/FullLabelled/rock/rock-set2 (571).jpg,./dataset/skeleton_final_v2/rock/rock-set2 (571).npy
paper,paper_5728,train,./data/raw/FullLabelled/paper/paper_5728.jpg,./dataset/skeleton_final_v2/paper/paper_5728.npy
paper,paper-set2 (238),train,./data/raw/FullLabelled/paper/paper-set2 (238).jpg,./dataset/skeleton_final_v2/paper/paper-set2 (238).npy
paper,paper_4582,train,./data/raw/FullLabelled/paper/paper_4582.jpg,./dataset/skeleton_final_v2/paper/paper_4582.npy
the-finger,the-finger_7083,train,./data/raw/FullLabelled/the-finger/the-finger_7083.jpg,./dataset/skeleton_final_v2/the-finger/the-finger_7083.npy
rock,rock-set2 (281),train,./data/raw/FullLabelled/rock/rock-set2 (281).jpg,./dataset/skeleton_final_v2/rock/rock-set2 (281).npy
paper,paper_7589,train,./data/raw/FullLabelled/paper/paper_7589.jpg,./dataset/skeleton_final_v2/paper/paper_7589.npy
ok,ok_2887,train,./data/raw/FullLabelled/ok/ok_2887.jpg,./dataset/skeleton_final_v2/ok/ok_2887.npy
scissors,scissors (100),train,./data/raw/FullLabelled/scissors/scissors (100).jpg,./dataset/skeleton_final_v2/scissors/scissors (100).npy
scissors,scissors-set2 (24),train,./data/raw/FullLabelled/scissors/scissors-set2 (24).jpg,./dataset/skeleton_final_v2/scissors/scissors-set2 (24).npy
scissors,scissors (295),train,./data/raw/FullLabelled/scissors/scissors (295).jpg,./dataset/skeleton_final_v2/scissors/scissors (295).npy
ok,ok_2005,train,./data/raw/FullLabelled/ok/ok_2005.jpg,./dataset/skeleton_final_v2/ok/ok_2005.npy
the-finger,the-finger-set2 (296),train,./data/raw/FullLabelled/the-finger/the-finger-set2 (296).jpg,./dataset/skeleton_final_v2/the-finger/the-finger-set2 (296).npy
paper,paper_3739,train,./data/raw/FullLabelled/paper/paper_3739.jpg,./dataset/skeleton_final_v2/paper/paper_3739.npy
ok,ok (113),train,./data/raw/FullLabelled/ok/ok (113).jpg,./dataset/skeleton_final_v2/ok/ok (113).npy
paper,paper_4585,train,./data/raw/FullLabelled/paper/paper_4585.jpg,./dataset/skeleton_final_v2/paper/paper_4585.npy
scissors,scissors_6358,train,./data/raw/FullLabelled/scissors/scissors_6358.jpg,./dataset/skeleton_final_v2/scissors/scissors_6358.npy
the-finger,the-finger (76),train,./data/raw/FullLabelled/the-finger/the-finger (76).jpg,./dataset/skeleton_final_v2/the-finger/the-finger (76).npy
paper,paper_7139,train,./data/raw/FullLabelled/paper/paper_7139.jpg,./dataset/skeleton_final_v2/paper/paper_7139.npy
scissors,scissors_4638,train,./data/raw/FullLabelled/scissors/scissors_4638.jpg,./dataset/skeleton_final_v2/scissors/scissors_4638.npy
the-finger,the-finger_5859,train,./data/raw/FullLabelled/the-finger/the-finger_5859.jpg,./dataset/skeleton_final_v2/the-finger/the-finger_5859.npy
ok,ok_6187,train,./data/raw/FullLabelled/ok/ok_6187.jpg,./dataset/skeleton_final_v2/ok/ok_6187.npy
scissors,scissors-set2 (222),train,./data/raw/FullLabelled/scissors/scissors-set2 (222).jpg,./dataset/skeleton_final_v2/scissors/scissors-set2 (222).npy
scissors,scissors-set2 (162),train,./data/raw/FullLabelled/scissors/scissors-set2 (162).jpg,./dataset/skeleton_final_v2/scissors/scissors-set2 (162).npy
scissors,scissors_4641,train,./data/raw/FullLabelled/scissors/scissors_4641.jpg,./dataset/skeleton_final_v2/scissors/scissors_4641.npy
paper,paper (254),train,./data/raw/FullLabelled/paper/paper (254).jpg,./dataset/skeleton_final_v2/paper/paper (254).npy
scissors,scissors-set2 (570),train,./data/raw/FullLabelled/scissors/scissors-set2 (570).jpg,./dataset/skeleton_final_v2/scissors/scissors-set2 (570).npy
the-finger,the-finger_8298,train,./data/raw/FullLabelled/the-finger/the-finger_8298.jpg,./dataset/skeleton_final_v2/the-finger/the-finger_8298.npy
the-finger,the-finger_6647,train,./data/raw/FullLabelled/the-finger/the-finger_6647.jpg,./dataset/skeleton_final_v2/the-finger/the-finger_6647.npy
the-finger,the-finger-set2 (380),train,./data/raw/FullLabelled/the-finger/the-finger-set2 (380).jpg,./dataset/skeleton_final_v2/the-finger/the-finger-set2 (380).npy
scissors,scissors (235),train,./data/raw/FullLabelled/scissors/scissors (235).jpg,./dataset/skeleton_final_v2/scissors/scissors (235).npy
paper,paper_5907,train,./data/raw/FullLabelled/paper/paper_5907.jpg,./dataset/skeleton_final_v2/paper/paper_5907.npy
scissors,scissors_6560,train,./data/raw/FullLabelled/scissors/scissors_6560.jpg,./dataset/skeleton_final_v2/scissors/scissors_6560.npy
the-finger,the-finger (47),train,./data/raw/FullLabelled/the-finger/the-finger (47).jpg,./dataset/skeleton_final_v2/the-finger/the-finger (47).npy
ok,ok_Set2_ (219),train,./data/raw/FullLabelled/ok/ok_Set2_ (219).jpg,./dataset/skeleton_final_v2/ok/ok_Set2_ (219).npy
scissors,scissors (26),train,./data/raw/FullLabelled/scissors/scissors (26).jpg,./dataset/skeleton_final_v2/scissors/scissors (26).npy
paper,paper_6936,train,./data/raw/FullLabelled/paper/paper_6936.jpg,./dataset/skeleton_final_v2/paper/paper_6936.npy
scissors,scissors (406),train,./data/raw/FullLabelled/scissors/scissors (406).jpg,./dataset/skeleton_final_v2/scissors/scissors (406).npy
scissors,scissors_3895,train,./data/raw/FullLabelled/scissors/scissors_3895.jpg,./dataset/skeleton_final_v2/scissors/scissors_3895.npy
rock,rock_696,train,./data/raw/FullLabelled/rock/rock_696.jpg,./dataset/skeleton_final_v2/rock/rock_696.npy
scissors,scissors-set2 (170),train,./data/raw/FullLabelled/scissors/scissors-set2 (170).jpg,./dataset/skeleton_final_v2/scissors/scissors-set2 (170).npy
scissors,scissors-set2 (723),train,./data/raw/FullLabelled/scissors/scissors-set2 (723).jpg,./dataset/skeleton_final_v2/scissors/scissors-set2 (723).npy
paper,paper (55),train,./data/raw/FullLabelled/paper/paper (55).jpg,./dataset/skeleton_final_v2/paper/paper (55).npy
scissors,scissors (292),train,./data/raw/FullLabelled/scissors/scissors (292).jpg,./dataset/skeleton_final_v2/scissors/scissors (292).npy
scissors,scissors_1512,train,./data/raw/FullLabelled/scissors/scissors_1512.jpg,./dataset/skeleton_final_v2/scissors/scissors_1512.npy
ok,ok (21),train,./data/raw/FullLabelled/ok/ok (21).jpg,./dataset/skeleton_final_v2/ok/ok (21).npy
the-finger,the-finger-set2 (314),train,./data/raw/FullLabelled/the-finger/the-finger-set2 (314).jpg,./dataset/skeleton_final_v2/the-finger/the-finger-set2 (314).npy
ok,ok_7702,train,./data/raw/FullLabelled/ok/ok_7702.jpg,./dataset/skeleton_final_v2/ok/ok_7702.npy
scissors,scissors-set2 (684),train,./data/raw/FullLabelled/scissors/scissors-set2 (684).jpg,./dataset/skeleton_final_v2/scissors/scissors-set2 (684).npy
paper,paper-set2 (334),train,./data/raw/FullLabelled/paper/paper-set2 (334).jpg,./dataset/skeleton_final_v2/paper/paper-set2 (334).npy
paper,paper-set2 (113),train,./data/raw/FullLabelled/paper/paper-set2 (113).jpg,./dataset/skeleton_final_v2/paper/paper-set2 (113).npy
ok,ok_2897,train,./data/raw/FullLabelled/ok/ok_2897.jpg,./dataset/skeleton_final_v2/ok/ok_2897.npy
rock,rock-set2 (153),train,./data/raw/FullLabelled/rock/rock-set2 (153).jpg,./dataset/skeleton_final_v2/rock/rock-set2 (153).npy
rock,rock-set2 (482),train,./data/raw/FullLabelled/rock/rock-set2 (482).jpg,./dataset/skeleton_final_v2/rock/rock-set2 (482).npy
scissors,scissors_2703,train,./data/raw/FullLabelled/scissors/scissors_2703.jpg,./dataset/skeleton_final_v2/scissors/scissors_2703.npy
the-finger,the-finger_7482,train,./data/raw/FullLabelled/the-finger/the-finger_7482.jpg,./dataset/skeleton_final_v2/the-finger/the-finger_7482.npy
the-finger,the-finger_6077,train,./data/raw/FullLabelled/the-finger/the-finger_6077.jpg,./dataset/skeleton_final_v2/the-finger/the-finger_6077.npy
rock,rock (5),train,./data/raw/FullLabelled/rock/rock (5).jpg,./dataset/skeleton_final_v2/rock/rock (5).npy
ok,ok (94),train,./data/raw/FullLabelled/ok/ok (94).jpg,./dataset/skeleton_final_v2/ok/ok (94).npy
paper,paper_8766,train,./data/raw/FullLabelled/paper/paper_8766.jpg,./dataset/skeleton_final_v2/paper/paper_8766.npy
paper,paper-set2 (441),train,./data/raw/FullLabelled/paper/paper-set2 (441).jpg,./dataset/skeleton_final_v2/paper/paper-set2 (441).npy
paper,paper_1446,train,./data/raw/FullLabelled/paper/paper_1446.jpg,./dataset/skeleton_final_v2/paper/paper_1446.npy
paper,paper (95),train,./data/raw/FullLabelled/paper/paper (95).jpg,./dataset/skeleton_final_v2/paper/paper (95).npy
scissors,scissors-set2 (526),train,./data/raw/FullLabelled/scissors/scissors-set2 (526).jpg,./dataset/skeleton_final_v2/scissors/scissors-set2 (526).npy
paper,paper-set2 (306),train,./data/raw/FullLabelled/paper/paper-set2 (306).jpg,./dataset/skeleton_final_v2/paper/paper-set2 (306).npy
scissors,scissors (487),train,./data/raw/FullLabelled/scissors/scissors (487).jpg,./dataset/skeleton_final_v2/scissors/scissors (487).npy
ok,ok_3987,train,./data/raw/FullLabelled/ok/ok_3987.jpg,./dataset/skeleton_final_v2/ok/ok_3987.npy
ok,ok_Set2_ (259),train,./data/raw/FullLabelled/ok/ok_Set2_ (259).jpg,./dataset/skeleton_final_v2/ok/ok_Set2_ (259).npy
scissors,scissors_6941,train,./data/raw/FullLabelled/scissors/scissors_6941.jpg,./dataset/skeleton_final_v2/scissors/scissors_6941.npy
ok,ok (193),train,./data/raw/FullLabelled/ok/ok (193).jpg,./dataset/skeleton_final_v2/ok/ok (193).npy
the-finger,the-finger_639,train,./data/raw/FullLabelled/the-finger/the-finger_639.jpg,./dataset/skeleton_final_v2/the-finger/the-finger_639.npy
scissors,scissors (423),train,./data/raw/FullLabelled/scissors/scissors (423).jpg,./dataset/skeleton_final_v2/scissors/scissors (423).npy
scissors,scissors-set2 (547),train,./data/raw/FullLabelled/scissors/scissors-set2 (547).jpg,./dataset/skeleton_final_v2/scissors/scissors-set2 (547).npy
the-finger,the-finger-set2 (94),train,./data/raw/FullLabelled/the-finger/the-finger-set2 (94).jpg,./dataset/skeleton_final_v2/the-finger/the-finger-set2 (94).npy
the-finger,the-finger-set2 (317),train,./data/raw/FullLabelled/the-finger/the-finger-set2 (317).jpg,./dataset/skeleton_final_v2/the-finger/the-finger-set2 (317).npy
scissors,scissors (32),train,./data/raw/FullLabelled/scissors/scissors (32).jpg,./dataset/skeleton_final_v2/scissors/scissors (32).npy
scissors,scissors_4661,train,./data/raw/FullLabelled/scissors/scissors_4661.jpg,./dataset/skeleton_final_v2/scissors/scissors_4661.npy
ok,ok_5289,train,./data/raw/FullLabelled/ok/ok_5289.jpg,./dataset/skeleton_final_v2/ok/ok_5289.npy
paper,paper_4583,train,./data/raw/FullLabelled/paper/paper_4583.jpg,./dataset/skeleton_final_v2/paper/paper_4583.npy
paper,paper-set2 (404),train,./data/raw/FullLabelled/paper/paper-set2 (404).jpg,./dataset/skeleton_final_v2/paper/paper-set2 (404).npy
the-finger,the-finger_6064,train,./data/raw/FullLabelled/the-finger/the-finger_6064.jpg,./dataset/skeleton_final_v2/the-finger/the-finger_6064.npy
the-finger,the-finger-set2 (251),train,./data/raw/FullLabelled/the-finger/the-finger-set2 (251).jpg,./dataset/skeleton_final_v2/the-finger/the-finger-set2 (251).npy
scissors,scissors-set2 (350),train,./data/raw/FullLabelled/scissors/scissors-set2 (350).jpg,./dataset/skeleton_final_v2/scissors/scissors-set2 (350).npy
paper,paper_4561,train,./data/raw/FullLabelled/paper/paper_4561.jpg,./dataset/skeleton_final_v2/paper/paper_4561.npy
scissors,scissors-set2 (256),train,./data/raw/FullLabelled/scissors/scissors-set2 (256).jpg,./dataset/skeleton_final_v2/scissors/scissors-set2 (256).npy
scissors,scissors (383),train,./data/raw/FullLabelled/scissors/scissors (383).jpg,./dataset/skeleton_final_v2/scissors/scissors (383).npy
scissors,scissors-set2 (558),train,./data/raw/FullLabelled/scissors/scissors-set2 (558).jpg,./dataset/skeleton_final_v2/scissors/scissors-set2 (558).npy
ok,ok (78),train,./data/raw/FullLabelled/ok/ok (78).jpg,./dataset/skeleton_final_v2/ok/ok (78).npy
paper,paper_713,train,./data/raw/FullLabelled/paper/paper_713.jpg,./dataset/skeleton_final_v2/paper/paper_713.npy
ok,ok_Set2_ (15),train,./data/raw/FullLabelled/ok/ok_Set2_ (15).jpg,./dataset/skeleton_final_v2/ok/ok_Set2_ (15).npy
scissors,scissors (474),train,./data/raw/FullLabelled/scissors/scissors (474).jpg,./dataset/skeleton_final_v2/scissors/scissors (474).npy
ok,ok (167),train,./data/raw/FullLabelled/ok/ok (167).jpg,./dataset/skeleton_final_v2/ok/ok (167).npy
ok,ok_Set2_ (567),train,./data/raw/FullLabelled/ok/ok_Set2_ (567).jpg,./dataset/skeleton_final_v2/ok/ok_Set2_ (567).npy
paper,paper_4598,train,./data/raw/FullLabelled/paper/paper_4598.jpg,./dataset/skeleton_final_v2/paper/paper_4598.npy
ok,ok (227),train,./data/raw/FullLabelled/ok/ok (227).jpg,./dataset/skeleton_final_v2/ok/ok (227).npy
the-finger,the-finger-set2 (12),train,./data/raw/FullLabelled/the-finger/the-finger-set2 (12).jpg,./dataset/skeleton_final_v2/the-finger/the-finger-set2 (12).npy
paper,paper-set2 (282),train,./data/raw/FullLabelled/paper/paper-set2 (282).jpg,./dataset/skeleton_final_v2/paper/paper-set2 (282).npy
the-finger,the-finger-set2 (216),train,./data/raw/FullLabelled/the-finger/the-finger-set2 (216).jpg,./dataset/skeleton_final_v2/the-finger/the-finger-set2 (216).npy
ok,ok_Set2_ (60),train,./data/raw/FullLabelled/ok/ok_Set2_ (60).jpg,./dataset/skeleton_final_v2/ok/ok_Set2_ (60).npy
the-finger,the-finger-set2 (299),train,./data/raw/FullLabelled/the-finger/the-finger-set2 (299).jpg,./dataset/skeleton_final_v2/the-finger/the-finger-set2 (299).npy
the-finger,the-finger_9072,train,./data/raw/FullLabelled/the-finger/the-finger_9072.jpg,./dataset/skeleton_final_v2/the-finger/the-finger_9072.npy
ok,ok (177),train,./data/raw/FullLabelled/ok/ok (177).jpg,./dataset/skeleton_final_v2/ok/ok (177).npy
scissors,scissors-set2 (561),train,./data/raw/FullLabelled/scissors/scissors-set2 (561).jpg,./dataset/skeleton_final_v2/scissors/scissors-set2 (561).npy
paper,paper-set2 (96),train,./data/raw/FullLabelled/paper/paper-set2 (96).jpg,./dataset/skeleton_final_v2/paper/paper-set2 (96).npy
the-finger,the-finger_9432,train,./data/raw/FullLabelled/the-finger/the-finger_9432.jpg,./dataset/skeleton_final_v2/the-finger/the-finger_9432.npy
the-finger,the-finger (95),train,./data/raw/FullLabelled/the-finger/the-finger (95).jpg,./dataset/skeleton_final_v2/the-finger/the-finger (95).npy
the-finger,the-finger-set2 (188),train,./data/raw/FullLabelled/the-finger/the-finger-set2 (188).jpg,./dataset/skeleton_final_v2/the-finger/the-finger-set2 (188).npy
scissors,scissors-set2 (107),train,./data/raw/FullLabelled/scissors/scissors-set2 (107).jpg,./dataset/skeleton_final_v2/scissors/scissors-set2 (107).npy
paper,paper (51),train,./data/raw/FullLabelled/paper/paper (51).jpg,./dataset/skeleton_final_v2/paper/paper (51).npy
paper,paper_2461,train,./data/raw/FullLabelled/paper/paper_2461.jpg,./dataset/skeleton_final_v2/paper/paper_2461.npy
the-finger,the-finger_8304,train,./data/raw/FullLabelled/the-finger/the-finger_8304.jpg,./dataset/skeleton_final_v2/the-finger/the-finger_8304.npy
scissors,scissors_6545,train,./data/raw/FullLabelled/scissors/scissors_6545.jpg,./dataset/skeleton_final_v2/scissors/scissors_6545.npy
ok,ok (125),train,./data/raw/FullLabelled/ok/ok (125).jpg,./dataset/skeleton_final_v2/ok/ok (125).npy
ok,ok_Set2_ (479),train,./data/raw/FullLabelled/ok/ok_Set2_ (479).jpg,./dataset/skeleton_final_v2/ok/ok_Set2_ (479).npy
scissors,scissors_7183,train,./data/raw/FullLabelled/scissors/scissors_7183.jpg,./dataset/skeleton_final_v2/scissors/scissors_7183.npy
ok,ok_6399,train,./data/raw/FullLabelled/ok/ok_6399.jpg,./dataset/skeleton_final_v2/ok/ok_6399.npy
the-finger,the-finger-set2 (425),train,./data/raw/FullLabelled/the-finger/the-finger-set2 (425).jpg,./dataset/skeleton_final_v2/the-finger/the-finger-set2 (425).npy
ok,ok_6568,train,./data/raw/FullLabelled/ok/ok_6568.jpg,./dataset/skeleton_final_v2/ok/ok_6568.npy
scissors,scissors (478),train,./data/raw/FullLabelled/scissors/scissors (478).jpg,./dataset/skeleton_final_v2/scissors/scissors (478).npy
scissors,scissors_7169,train,./data/raw/FullLabelled/scissors/scissors_7169.jpg,./dataset/skeleton_final_v2/scissors/scissors_7169.npy
ok,ok_793,train,./data/raw/FullLabelled/ok/ok_793.jpg,./dataset/skeleton_final_v2/ok/ok_793.npy
ok,ok (206),train,./data/raw/FullLabelled/ok/ok (206).jpg,./dataset/skeleton_final_v2/ok/ok (206).npy
scissors,scissors-set2 (500),train,./data/raw/FullLabelled/scissors/scissors-set2 (500).jpg,./dataset/skeleton_final_v2/scissors/scissors-set2 (500).npy
paper,paper_1468,train,./data/raw/FullLabelled/paper/paper_1468.jpg,./dataset/skeleton_final_v2/paper/paper_1468.npy
ok,ok_Set2_ (24),train,./data/raw/FullLabelled/ok/ok_Set2_ (24).jpg,./dataset/skeleton_final_v2/ok/ok_Set2_ (24).npy
ok,ok_6181,train,./data/raw/FullLabelled/ok/ok_6181.jpg,./dataset/skeleton_final_v2/ok/ok_6181.npy
scissors,scissors_6141,train,./data/raw/FullLabelled/scissors/scissors_6141.jpg,./dataset/skeleton_final_v2/scissors/scissors_6141.npy
paper,paper-set2 (340),train,./data/raw/FullLabelled/paper/paper-set2 (340).jpg,./dataset/skeleton_final_v2/paper/paper-set2 (340).npy
paper,paper-set2 (235),train,./data/raw/FullLabelled/paper/paper-set2 (235).jpg,./dataset/skeleton_final_v2/paper/paper-set2 (235).npy
scissors,scissors (142),train,./data/raw/FullLabelled/scissors/scissors (142).jpg,./dataset/skeleton_final_v2/scissors/scissors (142).npy
scissors,scissors_7661,train,./data/raw/FullLabelled/scissors/scissors_7661.jpg,./dataset/skeleton_final_v2/scissors/scissors_7661.npy
paper,paper-set2 (301),train,./data/raw/FullLabelled/paper/paper-set2 (301).jpg,./dataset/skeleton_final_v2/paper/paper-set2 (301).npy
scissors,scissors-set2 (23),train,./data/raw/FullLabelled/scissors/scissors-set2 (23).jpg,./dataset/skeleton_final_v2/scissors/scissors-set2 (23).npy
paper,paper_7152,train,./data/raw/FullLabelled/paper/paper_7152.jpg,./dataset/skeleton_final_v2/paper/paper_7152.npy
paper,paper_3744,train,./data/raw/FullLabelled/paper/paper_3744.jpg,./dataset/skeleton_final_v2/paper/paper_3744.npy
paper,paper (187),train,./data/raw/FullLabelled/paper/paper (187).jpg,./dataset/skeleton_final_v2/paper/paper (187).npy
ok,ok_Set2_ (243),train,./data/raw/FullLabelled/ok/ok_Set2_ (243).jpg,./dataset/skeleton_final_v2/ok/ok_Set2_ (243).npy
scissors,scissors_767,train,./data/raw/FullLabelled/scissors/scissors_767.jpg,./dataset/skeleton_final_v2/scissors/scissors_767.npy
scissors,scissors (3),train,./data/raw/FullLabelled/scissors/scissors (3).jpg,./dataset/skeleton_final_v2/scissors/scissors (3).npy
the-finger,the-finger_1349,train,./data/raw/FullLabelled/the-finger/the-finger_1349.jpg,./dataset/skeleton_final_v2/the-finger/the-finger_1349.npy
ok,ok_4017,train,./data/raw/FullLabelled/ok/ok_4017.jpg,./dataset/skeleton_final_v2/ok/ok_4017.npy
rock,rock_312,train,./data/raw/FullLabelled/rock/rock_312.jpg,./dataset/skeleton_final_v2/rock/rock_312.npy
the-finger,the-finger_2312,train,./data/raw/FullLabelled/the-finger/the-finger_2312.jpg,./dataset/skeleton_final_v2/the-finger/the-finger_2312.npy
scissors,scissors (481),train,./data/raw/FullLabelled/scissors/scissors (481).jpg,./dataset/skeleton_final_v2/scissors/scissors (481).npy
paper,paper-set2 (505),train,./data/raw/FullLabelled/paper/paper-set2 (505).jpg,./dataset/skeleton_final_v2/paper/paper-set2 (505).npy
ok,ok_4015,train,./data/raw/FullLabelled/ok/ok_4015.jpg,./dataset/skeleton_final_v2/ok/ok_4015.npy
the-finger,the-finger-set2 (63),train,./data/raw/FullLabelled/the-finger/the-finger-set2 (63).jpg,./dataset/skeleton_final_v2/the-finger/the-finger-set2 (63).npy
paper,paper (150),train,./data/raw/FullLabelled/paper/paper (150).jpg,./dataset/skeleton_final_v2/paper/paper (150).npy
scissors,scissors_5748,train,./data/raw/FullLabelled/scissors/scissors_5748.jpg,./dataset/skeleton_final_v2/scissors/scissors_5748.npy
the-finger,the-finger-set2 (204),train,./data/raw/FullLabelled/the-finger/the-finger-set2 (204).jpg,./dataset/skeleton_final_v2/the-finger/the-finger-set2 (204).npy
rock,rock_7300,train,./data/raw/FullLabelled/rock/rock_7300.jpg,./dataset/skeleton_final_v2/rock/rock_7300.npy
paper,paper-set2 (472),train,./data/raw/FullLabelled/paper/paper-set2 (472).jpg,./dataset/skeleton_final_v2/paper/paper-set2 (472).npy
scissors,scissors_5483,train,./data/raw/FullLabelled/scissors/scissors_5483.jpg,./dataset/skeleton_final_v2/scissors/scissors_5483.npy
paper,paper_1432,train,./data/raw/FullLabelled/paper/paper_1432.jpg,./dataset/skeleton_final_v2/paper/paper_1432.npy
rock,rock-set2 (150),train,./data/raw/FullLabelled/rock/rock-set2 (150).jpg,./dataset/skeleton_final_v2/rock/rock-set2 (150).npy
the-finger,the-finger-set2 (405),train,./data/raw/FullLabelled/the-finger/the-finger-set2 (405).jpg,./dataset/skeleton_final_v2/the-finger/the-finger-set2 (405).npy
paper,paper (138),train,./data/raw/FullLabelled/paper/paper (138).jpg,./dataset/skeleton_final_v2/paper/paper (138).npy
paper,paper_378,train,./data/raw/FullLabelled/paper/paper_378.jpg,./dataset/skeleton_final_v2/paper/paper_378.npy
scissors,scissors_778,train,./data/raw/FullLabelled/scissors/scissors_778.jpg,./dataset/skeleton_final_v2/scissors/scissors_778.npy
paper,paper-set2 (189),train,./data/raw/FullLabelled/paper/paper-set2 (189).jpg,./dataset/skeleton_final_v2/paper/paper-set2 (189).npy
scissors,scissors_2653,train,./data/raw/FullLabelled/scissors/scissors_2653.jpg,./dataset/skeleton_final_v2/scissors/scissors_2653.npy
the-finger,the-finger (162),train,./data/raw/FullLabelled/the-finger/the-finger (162).jpg,./dataset/skeleton_final_v2/the-finger/the-finger (162).npy
paper,paper-set2 (92),train,./data/raw/FullLabelled/paper/paper-set2 (92).jpg,./dataset/skeleton_final_v2/paper/paper-set2 (92).npy
paper,paper_7154,train,./data/raw/FullLabelled/paper/paper_7154.jpg,./dataset/skeleton_final_v2/paper/paper_7154.npy
scissors,scissors-set2 (310),train,./data/raw/FullLabelled/scissors/scissors-set2 (310).jpg,./dataset/skeleton_final_v2/scissors/scissors-set2 (310).npy
ok,ok_Set2_ (579),train,./data/raw/FullLabelled/ok/ok_Set2_ (579).jpg,./dataset/skeleton_final_v2/ok/ok_Set2_ (579).npy
scissors,scissors-set2 (585),train,./data/raw/FullLabelled/scissors/scissors-set2 (585).jpg,./dataset/skeleton_final_v2/scissors/scissors-set2 (585).npy
ok,ok (20),train,./data/raw/FullLabelled/ok/ok (20).jpg,./dataset/skeleton_final_v2/ok/ok (20).npy
ok,ok_4013,train,./data/raw/FullLabelled/ok/ok_4013.jpg,./dataset/skeleton_final_v2/ok/ok_4013.npy
paper,paper-set2 (302),train,./data/raw/FullLabelled/paper/paper-set2 (302).jpg,./dataset/skeleton_final_v2/paper/paper-set2 (302).npy
paper,paper-set2 (144),train,./data/raw/FullLabelled/paper/paper-set2 (144).jpg,./dataset/skeleton_final_v2/paper/paper-set2 (144).npy
scissors,scissors (494),train,./data/raw/FullLabelled/scissors/scissors (494).jpg,./dataset/skeleton_final_v2/scissors/scissors (494).npy
ok,ok_Set2_ (485),train,./data/raw/FullLabelled/ok/ok_Set2_ (485).jpg,./dataset/skeleton_final_v2/ok/ok_Set2_ (485).npy
the-finger,the-finger_6276,train,./data/raw/FullLabelled/the-finger/the-finger_6276.jpg,./dataset/skeleton_final_v2/the-finger/the-finger_6276.npy
paper,paper_1824,train,./data/raw/FullLabelled/paper/paper_1824.jpg,./dataset/skeleton_final_v2/paper/paper_1824.npy
paper,paper-set2 (408),train,./data/raw/FullLabelled/paper/paper-set2 (408).jpg,./dataset/skeleton_final_v2/paper/paper-set2 (408).npy
the-finger,the-finger_6270,train,./data/raw/FullLabelled/the-finger/the-finger_6270.jpg,./dataset/skeleton_final_v2/the-finger/the-finger_6270.npy
scissors,scissors (425),train,./data/raw/FullLabelled/scissors/scissors (425).jpg,./dataset/skeleton_final_v2/scissors/scissors (425).npy
scissors,scissors-set2 (659),train,./data/raw/FullLabelled/scissors/scissors-set2 (659).jpg,./dataset/skeleton_final_v2/scissors/scissors-set2 (659).npy
ok,ok_Set2_ (305),train,./data/raw/FullLabelled/ok/ok_Set2_ (305).jpg,./dataset/skeleton_final_v2/ok/ok_Set2_ (305).npy
rock,rock-set2 (601),train,./data/raw/FullLabelled/rock/rock-set2 (601).jpg,./dataset/skeleton_final_v2/rock/rock-set2 (601).npy
the-finger,the-finger-set2 (414),train,./data/raw/FullLabelled/the-finger/the-finger-set2 (414).jpg,./dataset/skeleton_final_v2/the-finger/the-finger-set2 (414).npy
scissors,scissors_6948,train,./data/raw/FullLabelled/scissors/scissors_6948.jpg,./dataset/skeleton_final_v2/scissors/scissors_6948.npy
paper,paper-set2 (49),train,./data/raw/FullLabelled/paper/paper-set2 (49).jpg,./dataset/skeleton_final_v2/paper/paper-set2 (49).npy
ok,ok_Set2_ (546),train,./data/raw/FullLabelled/ok/ok_Set2_ (546).jpg,./dataset/skeleton_final_v2/ok/ok_Set2_ (546).npy
scissors,scissors_452,train,./data/raw/FullLabelled/scissors/scissors_452.jpg,./dataset/skeleton_final_v2/scissors/scissors_452.npy
paper,paper_5713,train,./data/raw/FullLabelled/paper/paper_5713.jpg,./dataset/skeleton_final_v2/paper/paper_5713.npy
scissors,scissors-set2 (673),train,./data/raw/FullLabelled/scissors/scissors-set2 (673).jpg,./dataset/skeleton_final_v2/scissors/scissors-set2 (673).npy
paper,paper-set2 (220),train,./data/raw/FullLabelled/paper/paper-set2 (220).jpg,./dataset/skeleton_final_v2/paper/paper-set2 (220).npy
paper,paper_729,train,./data/raw/FullLabelled/paper/paper_729.jpg,./dataset/skeleton_final_v2/paper/paper_729.npy
scissors,scissors (98),train,./data/raw/FullLabelled/scissors/scissors (98).jpg,./dataset/skeleton_final_v2/scissors/scissors (98).npy
the-finger,the-finger_6866,train,./data/raw/FullLabelled/the-finger/the-finger_6866.jpg,./dataset/skeleton_final_v2/the-finger/the-finger_6866.npy
rock,rock-set2 (523),train,./data/raw/FullLabelled/rock/rock-set2 (523).jpg,./dataset/skeleton_final_v2/rock/rock-set2 (523).npy
rock,rock-set2 (14),train,./data/raw/FullLabelled/rock/rock-set2 (14).jpg,./dataset/skeleton_final_v2/rock/rock-set2 (14).npy
paper,paper_2456,train,./data/raw/FullLabelled/paper/paper_2456.jpg,./dataset/skeleton_final_v2/paper/paper_2456.npy
scissors,scissors-set2 (29),train,./data/raw/FullLabelled/scissors/scissors-set2 (29).jpg,./dataset/skeleton_final_v2/scissors/scissors-set2 (29).npy
the-finger,the-finger_9054,train,./data/raw/FullLabelled/the-finger/the-finger_9054.jpg,./dataset/skeleton_final_v2/the-finger/the-finger_9054.npy
the-finger,the-finger-set2 (130),train,./data/raw/FullLabelled/the-finger/the-finger-set2 (130).jpg,./dataset/skeleton_final_v2/the-finger/the-finger-set2 (130).npy
scissors,scissors-set2 (174),train,./data/raw/FullLabelled/scissors/scissors-set2 (174).jpg,./dataset/skeleton_final_v2/scissors/scissors-set2 (174).npy
paper,paper-set2 (372),train,./data/raw/FullLabelled/paper/paper-set2 (372).jpg,./dataset/skeleton_final_v2/paper/paper-set2 (372).npy
the-finger,the-finger_1724,train,./data/raw/FullLabelled/the-finger/the-finger_1724.jpg,./dataset/skeleton_final_v2/the-finger/the-finger_1724.npy
ok,ok_Set2_ (67),train,./data/raw/FullLabelled/ok/ok_Set2_ (67).jpg,./dataset/skeleton_final_v2/ok/ok_Set2_ (67).npy
rock,rock-set2 (364),train,./data/raw/FullLabelled/rock/rock-set2 (364).jpg,./dataset/skeleton_final_v2/rock/rock-set2 (364).npy
paper,paper-set2 (303),train,./data/raw/FullLabelled/paper/paper-set2 (303).jpg,./dataset/skeleton_final_v2/paper/paper-set2 (303).npy
scissors,scissors-set2 (225),train,./data/raw/FullLabelled/scissors/scissors-set2 (225).jpg,./dataset/skeleton_final_v2/scissors/scissors-set2 (225).npy
paper,paper_6925,train,./data/raw/FullLabelled/paper/paper_6925.jpg,./dataset/skeleton_final_v2/paper/paper_6925.npy
scissors,scissors (483),train,./data/raw/FullLabelled/scissors/scissors (483).jpg,./dataset/skeleton_final_v2/scissors/scissors (483).npy
ok,ok (181),train,./data/raw/FullLabelled/ok/ok (181).jpg,./dataset/skeleton_final_v2/ok/ok (181).npy
scissors,scissors_3915,train,./data/raw/FullLabelled/scissors/scissors_3915.jpg,./dataset/skeleton_final_v2/scissors/scissors_3915.npy
scissors,scissors_5211,train,./data/raw/FullLabelled/scissors/scissors_5211.jpg,./dataset/skeleton_final_v2/scissors/scissors_5211.npy
rock,rock-set2 (351),train,./data/raw/FullLabelled/rock/rock-set2 (351).jpg,./dataset/skeleton_final_v2/rock/rock-set2 (351).npy
paper,paper_7593,train,./data/raw/FullLabelled/paper/paper_7593.jpg,./dataset/skeleton_final_v2/paper/paper_7593.npy
paper,paper-set2 (122),train,./data/raw/FullLabelled/paper/paper-set2 (122).jpg,./dataset/skeleton_final_v2/paper/paper-set2 (122).npy
scissors,scissors_2743,train,./data/raw/FullLabelled/scissors/scissors_2743.jpg,./dataset/skeleton_final_v2/scissors/scissors_2743.npy
scissors,scissors-set2 (139),train,./data/raw/FullLabelled/scissors/scissors-set2 (139).jpg,./dataset/skeleton_final_v2/scissors/scissors-set2 (139).npy
scissors,scissors-set2 (517),train,./data/raw/FullLabelled/scissors/scissors-set2 (517).jpg,./dataset/skeleton_final_v2/scissors/scissors-set2 (517).npy
ok,ok_Set2_ (394),train,./data/raw/FullLabelled/ok/ok_Set2_ (394).jpg,./dataset/skeleton_final_v2/ok/ok_Set2_ (394).npy
paper,paper_3794,train,./data/raw/FullLabelled/paper/paper_3794.jpg,./dataset/skeleton_final_v2/paper/paper_3794.npy
scissors,scissors_3877,train,./data/raw/FullLabelled/scissors/scissors_3877.jpg,./dataset/skeleton_final_v2/scissors/scissors_3877.npy
ok,ok_6572,train,./data/raw/FullLabelled/ok/ok_6572.jpg,./dataset/skeleton_final_v2/ok/ok_6572.npy
ok,ok_5782,train,./data/raw/FullLabelled/ok/ok_5782.jpg,./dataset/skeleton_final_v2/ok/ok_5782.npy
paper,paper_7157,train,./data/raw/FullLabelled/paper/paper_7157.jpg,./dataset/skeleton_final_v2/paper/paper_7157.npy
the-finger,the-finger (152),train,./data/raw/FullLabelled/the-finger/the-finger (152).jpg,./dataset/skeleton_final_v2/the-finger/the-finger (152).npy
ok,ok (143),train,./data/raw/FullLabelled/ok/ok (143).jpg,./dataset/skeleton_final_v2/ok/ok (143).npy
paper,paper-set2 (154),train,./data/raw/FullLabelled/paper/paper-set2 (154).jpg,./dataset/skeleton_final_v2/paper/paper-set2 (154).npy
ok,ok_5520,train,./data/raw/FullLabelled/ok/ok_5520.jpg,./dataset/skeleton_final_v2/ok/ok_5520.npy
paper,paper-set2 (135),train,./data/raw/FullLabelled/paper/paper-set2 (135).jpg,./dataset/skeleton_final_v2/paper/paper-set2 (135).npy
ok,ok_4009,train,./data/raw/FullLabelled/ok/ok_4009.jpg,./dataset/skeleton_final_v2/ok/ok_4009.npy
scissors,scissors (300),train,./data/raw/FullLabelled/scissors/scissors (300).jpg,./dataset/skeleton_final_v2/scissors/scissors (300).npy
paper,paper-set2 (30),train,./data/raw/FullLabelled/paper/paper-set2 (30).jpg,./dataset/skeleton_final_v2/paper/paper-set2 (30).npy
scissors,scissors_6380,train,./data/raw/FullLabelled/scissors/scissors_6380.jpg,./dataset/skeleton_final_v2/scissors/scissors_6380.npy
the-finger,the-finger_9456,train,./data/raw/FullLabelled/the-finger/the-finger_9456.jpg,./dataset/skeleton_final_v2/the-finger/the-finger_9456.npy
rock,rock (106),train,./data/raw/FullLabelled/rock/rock (106).jpg,./dataset/skeleton_final_v2/rock/rock (106).npy
rock,rock (101),train,./data/raw/FullLabelled/rock/rock (101).jpg,./dataset/skeleton_final_v2/rock/rock (101).npy
paper,paper_6716,train,./data/raw/FullLabelled/paper/paper_6716.jpg,./dataset/skeleton_final_v2/paper/paper_6716.npy
scissors,scissors (16),train,./data/raw/FullLabelled/scissors/scissors (16).jpg,./dataset/skeleton_final_v2/scissors/scissors (16).npy
ok,ok_Set2_ (445),train,./data/raw/FullLabelled/ok/ok_Set2_ (445).jpg,./dataset/skeleton_final_v2/ok/ok_Set2_ (445).npy
scissors,scissors-set2 (578),train,./data/raw/FullLabelled/scissors/scissors-set2 (578).jpg,./dataset/skeleton_final_v2/scissors/scissors-set2 (578).npy
ok,ok_Set2_ (173),train,./data/raw/FullLabelled/ok/ok_Set2_ (173).jpg,./dataset/skeleton_final_v2/ok/ok_Set2_ (173).npy
the-finger,the-finger-set2 (287),train,./data/raw/FullLabelled/the-finger/the-finger-set2 (287).jpg,./dataset/skeleton_final_v2/the-finger/the-finger-set2 (287).npy
scissors,scissors (175),train,./data/raw/FullLabelled/scissors/scissors (175).jpg,./dataset/skeleton_final_v2/scissors/scissors (175).npy
ok,ok_2952,train,./data/raw/FullLabelled/ok/ok_2952.jpg,./dataset/skeleton_final_v2/ok/ok_2952.npy
the-finger,the-finger-set2 (11),train,./data/raw/FullLabelled/the-finger/the-finger-set2 (11).jpg,./dataset/skeleton_final_v2/the-finger/the-finger-set2 (11).npy
ok,ok_2874,train,./data/raw/FullLabelled/ok/ok_2874.jpg,./dataset/skeleton_final_v2/ok/ok_2874.npy
the-finger,the-finger-set2 (292),train,./data/raw/FullLabelled/the-finger/the-finger-set2 (292).jpg,./dataset/skeleton_final_v2/the-finger/the-finger-set2 (292).npy
ok,ok_Set2_ (258),train,./data/raw/FullLabelled/ok/ok_Set2_ (258).jpg,./dataset/skeleton_final_v2/ok/ok_Set2_ (258).npy
paper,paper-set2 (4),train,./data/raw/FullLabelled/paper/paper-set2 (4).jpg,./dataset/skeleton_final_v2/paper/paper-set2 (4).npy
the-finger,the-finger_8284,train,./data/raw/FullLabelled/the-finger/the-finger_8284.jpg,./dataset/skeleton_final_v2/the-finger/the-finger_8284.npy
scissors,scissors_3939,train,./data/raw/FullLabelled/scissors/scissors_3939.jpg,./dataset/skeleton_final_v2/scissors/scissors_3939.npy
scissors,scissors (342),train,./data/raw/FullLabelled/scissors/scissors (342).jpg,./dataset/skeleton_final_v2/scissors/scissors (342).npy
scissors,scissors-set2 (340),train,./data/raw/FullLabelled/scissors/scissors-set2 (340).jpg,./dataset/skeleton_final_v2/scissors/scissors-set2 (340).npy
the-finger,the-finger_7279,train,./data/raw/FullLabelled/the-finger/the-finger_7279.jpg,./dataset/skeleton_final_v2/the-finger/the-finger_7279.npy
ok,ok_Set2_ (492),train,./data/raw/FullLabelled/ok/ok_Set2_ (492).jpg,./dataset/skeleton_final_v2/ok/ok_Set2_ (492).npy
scissors,scissors-set2 (11),train,./data/raw/FullLabelled/scissors/scissors-set2 (11).jpg,./dataset/skeleton_final_v2/scissors/scissors-set2 (11).npy
scissors,scissors-set2 (275),train,./data/raw/FullLabelled/scissors/scissors-set2 (275).jpg,./dataset/skeleton_final_v2/scissors/scissors-set2 (275).npy
ok,ok_Set2_ (231),train,./data/raw/FullLabelled/ok/ok_Set2_ (231).jpg,./dataset/skeleton_final_v2/ok/ok_Set2_ (231).npy
ok,ok (100),train,./data/raw/FullLabelled/ok/ok (100).jpg,./dataset/skeleton_final_v2/ok/ok (100).npy
scissors,scissors-set2 (264),train,./data/raw/FullLabelled/scissors/scissors-set2 (264).jpg,./dataset/skeleton_final_v2/scissors/scissors-set2 (264).npy
ok,ok_5556,train,./data/raw/FullLabelled/ok/ok_5556.jpg,./dataset/skeleton_final_v2/ok/ok_5556.npy
scissors,scissors-set2 (63),train,./data/raw/FullLabelled/scissors/scissors-set2 (63).jpg,./dataset/skeleton_final_v2/scissors/scissors-set2 (63).npy
paper,paper-set2 (97),train,./data/raw/FullLabelled/paper/paper-set2 (97).jpg,./dataset/skeleton_final_v2/paper/paper-set2 (97).npy
the-finger,the-finger (20),train,./data/raw/FullLabelled/the-finger/the-finger (20).jpg,./dataset/skeleton_final_v2/the-finger/the-finger (20).npy
ok,ok_2879,train,./data/raw/FullLabelled/ok/ok_2879.jpg,./dataset/skeleton_final_v2/ok/ok_2879.npy
scissors,scissors-set2 (627),train,./data/raw/FullLabelled/scissors/scissors-set2 (627).jpg,./dataset/skeleton_final_v2/scissors/scissors-set2 (627).npy
paper,paper-set2 (410),train,./data/raw/FullLabelled/paper/paper-set2 (410).jpg,./dataset/skeleton_final_v2/paper/paper-set2 (410).npy
rock,rock (23),train,./data/raw/FullLabelled/rock/rock (23).jpg,./dataset/skeleton_final_v2/rock/rock (23).npy
ok,ok (249),train,./data/raw/FullLabelled/ok/ok (249).jpg,./dataset/skeleton_final_v2/ok/ok (249).npy
ok,ok_Set2_ (517),train,./data/raw/FullLabelled/ok/ok_Set2_ (517).jpg,./dataset/skeleton_final_v2/ok/ok_Set2_ (517).npy
ok,ok_Set2_ (405),train,./data/raw/FullLabelled/ok/ok_Set2_ (405).jpg,./dataset/skeleton_final_v2/ok/ok_Set2_ (405).npy
ok,ok_2957,train,./data/raw/FullLabelled/ok/ok_2957.jpg,./dataset/skeleton_final_v2/ok/ok_2957.npy
ok,ok_Set2_ (365),train,./data/raw/FullLabelled/ok/ok_Set2_ (365).jpg,./dataset/skeleton_final_v2/ok/ok_Set2_ (365).npy
rock,rock (245),train,./data/raw/FullLabelled/rock/rock (245).jpg,./dataset/skeleton_final_v2/rock/rock (245).npy
the-finger,the-finger_3510,train,./data/raw/FullLabelled/the-finger/the-finger_3510.jpg,./dataset/skeleton_final_v2/the-finger/the-finger_3510.npy
scissors,scissors (409),train,./data/raw/FullLabelled/scissors/scissors (409).jpg,./dataset/skeleton_final_v2/scissors/scissors (409).npy
scissors,scissors-set2 (194),train,./data/raw/FullLabelled/scissors/scissors-set2 (194).jpg,./dataset/skeleton_final_v2/scissors/scissors-set2 (194).npy
the-finger,the-finger-set2 (339),train,./data/raw/FullLabelled/the-finger/the-finger-set2 (339).jpg,./dataset/skeleton_final_v2/the-finger/the-finger-set2 (339).npy
ok,ok_Set2_ (2),train,./data/raw/FullLabelled/ok/ok_Set2_ (2).jpg,./dataset/skeleton_final_v2/ok/ok_Set2_ (2).npy
paper,paper_3732,train,./data/raw/FullLabelled/paper/paper_3732.jpg,./dataset/skeleton_final_v2/paper/paper_3732.npy
the-finger,the-finger_7086,train,./data/raw/FullLabelled/the-finger/the-finger_7086.jpg,./dataset/skeleton_final_v2/the-finger/the-finger_7086.npy
paper,paper (71),train,./data/raw/FullLabelled/paper/paper (71).jpg,./dataset/skeleton_final_v2/paper/paper (71).npy
ok,ok_Set2_ (527),train,./data/raw/FullLabelled/ok/ok_Set2_ (527).jpg,./dataset/skeleton_final_v2/ok/ok_Set2_ (527).npy
paper,paper_392,train,./data/raw/FullLabelled/paper/paper_392.jpg,./dataset/skeleton_final_v2/paper/paper_392.npy
paper,paper_1033,train,./data/raw/FullLabelled/paper/paper_1033.jpg,./dataset/skeleton_final_v2/paper/paper_1033.npy
rock,rock (190),train,./data/raw/FullLabelled/rock/rock (190).jpg,./dataset/skeleton_final_v2/rock/rock (190).npy
ok,ok_Set2_ (274),train,./data/raw/FullLabelled/ok/ok_Set2_ (274).jpg,./dataset/skeleton_final_v2/ok/ok_Set2_ (274).npy
paper,paper-set2 (208),train,./data/raw/FullLabelled/paper/paper-set2 (208).jpg,./dataset/skeleton_final_v2/paper/paper-set2 (208).npy
the-finger,the-finger_7092,train,./data/raw/FullLabelled/the-finger/the-finger_7092.jpg,./dataset/skeleton_final_v2/the-finger/the-finger_7092.npy
scissors,scissors-set2 (528),train,./data/raw/FullLabelled/scissors/scissors-set2 (528).jpg,./dataset/skeleton_final_v2/scissors/scissors-set2 (528).npy
the-finger,the-finger_5849,train,./data/raw/FullLabelled/the-finger/the-finger_5849.jpg,./dataset/skeleton_final_v2/the-finger/the-finger_5849.npy
ok,ok_Set2_ (295),train,./data/raw/FullLabelled/ok/ok_Set2_ (295).jpg,./dataset/skeleton_final_v2/ok/ok_Set2_ (295).npy
paper,paper-set2 (498),train,./data/raw/FullLabelled/paper/paper-set2 (498).jpg,./dataset/skeleton_final_v2/paper/paper-set2 (498).npy
paper,paper_3808,train,./data/raw/FullLabelled/paper/paper_3808.jpg,./dataset/skeleton_final_v2/paper/paper_3808.npy
ok,ok_2850,train,./data/raw/FullLabelled/ok/ok_2850.jpg,./dataset/skeleton_final_v2/ok/ok_2850.npy
paper,paper_3813,train,./data/raw/FullLabelled/paper/paper_3813.jpg,./dataset/skeleton_final_v2/paper/paper_3813.npy
scissors,scissors-set2 (192),train,./data/raw/FullLabelled/scissors/scissors-set2 (192).jpg,./dataset/skeleton_final_v2/scissors/scissors-set2 (192).npy
ok,ok_9262,train,./data/raw/FullLabelled/ok/ok_9262.jpg,./dataset/skeleton_final_v2/ok/ok_9262.npy
ok,ok_7690,train,./data/raw/FullLabelled/ok/ok_7690.jpg,./dataset/skeleton_final_v2/ok/ok_7690.npy
scissors,scissors_454,train,./data/raw/FullLabelled/scissors/scissors_454.jpg,./dataset/skeleton_final_v2/scissors/scissors_454.npy
rock,rock-set2 (514),train,./data/raw/FullLabelled/rock/rock-set2 (514).jpg,./dataset/skeleton_final_v2/rock/rock-set2 (514).npy
paper,paper-set2 (384),train,./data/raw/FullLabelled/paper/paper-set2 (384).jpg,./dataset/skeleton_final_v2/paper/paper-set2 (384).npy
paper,paper_384,train,./data/raw/FullLabelled/paper/paper_384.jpg,./dataset/skeleton_final_v2/paper/paper_384.npy
scissors,scissors-set2 (501),train,./data/raw/FullLabelled/scissors/scissors-set2 (501).jpg,./dataset/skeleton_final_v2/scissors/scissors-set2 (501).npy
scissors,scissors_6724,train,./data/raw/FullLabelled/scissors/scissors_6724.jpg,./dataset/skeleton_final_v2/scissors/scissors_6724.npy
ok,ok_6995,train,./data/raw/FullLabelled/ok/ok_6995.jpg,./dataset/skeleton_final_v2/ok/ok_6995.npy
scissors,scissors_777,train,./data/raw/FullLabelled/scissors/scissors_777.jpg,./dataset/skeleton_final_v2/scissors/scissors_777.npy
rock,rock_3148,train,./data/raw/FullLabelled/rock/rock_3148.jpg,./dataset/skeleton_final_v2/rock/rock_3148.npy
scissors,scissors (127),train,./data/raw/FullLabelled/scissors/scissors (127).jpg,./dataset/skeleton_final_v2/scissors/scissors (127).npy
paper,paper_6922,train,./data/raw/FullLabelled/paper/paper_6922.jpg,./dataset/skeleton_final_v2/paper/paper_6922.npy
scissors,scissors_2789,train,./data/raw/FullLabelled/scissors/scissors_2789.jpg,./dataset/skeleton_final_v2/scissors/scissors_2789.npy
paper,paper_1454,train,./data/raw/FullLabelled/paper/paper_1454.jpg,./dataset/skeleton_final_v2/paper/paper_1454.npy
ok,ok (99),train,./data/raw/FullLabelled/ok/ok (99).jpg,./dataset/skeleton_final_v2/ok/ok (99).npy
the-finger,the-finger-set2 (306),train,./data/raw/FullLabelled/the-finger/the-finger-set2 (306).jpg,./dataset/skeleton_final_v2/the-finger/the-finger-set2 (306).npy
scissors,scissors-set2 (652),train,./data/raw/FullLabelled/scissors/scissors-set2 (652).jpg,./dataset/skeleton_final_v2/scissors/scissors-set2 (652).npy
scissors,scissors_5488,train,./data/raw/FullLabelled/scissors/scissors_5488.jpg,./dataset/skeleton_final_v2/scissors/scissors_5488.npy
scissors,scissors-set2 (5),train,./data/raw/FullLabelled/scissors/scissors-set2 (5).jpg,./dataset/skeleton_final_v2/scissors/scissors-set2 (5).npy
scissors,scissors (356),train,./data/raw/FullLabelled/scissors/scissors (356).jpg,./dataset/skeleton_final_v2/scissors/scissors (356).npy
paper,paper-set2 (346),train,./data/raw/FullLabelled/paper/paper-set2 (346).jpg,./dataset/skeleton_final_v2/paper/paper-set2 (346).npy
scissors,scissors_1490,train,./data/raw/FullLabelled/scissors/scissors_1490.jpg,./dataset/skeleton_final_v2/scissors/scissors_1490.npy
paper,paper_3639,train,./data/raw/FullLabelled/paper/paper_3639.jpg,./dataset/skeleton_final_v2/paper/paper_3639.npy
scissors,scissors (230),train,./data/raw/FullLabelled/scissors/scissors (230).jpg,./dataset/skeleton_final_v2/scissors/scissors (230).npy
scissors,scissors_2685,train,./data/raw/FullLabelled/scissors/scissors_2685.jpg,./dataset/skeleton_final_v2/scissors/scissors_2685.npy
scissors,scissors (114),train,./data/raw/FullLabelled/scissors/scissors (114).jpg,./dataset/skeleton_final_v2/scissors/scissors (114).npy
ok,ok (98),train,./data/raw/FullLabelled/ok/ok (98).jpg,./dataset/skeleton_final_v2/ok/ok (98).npy
paper,paper-set2 (224),train,./data/raw/FullLabelled/paper/paper-set2 (224).jpg,./dataset/skeleton_final_v2/paper/paper-set2 (224).npy
rock,rock_7507,train,./data/raw/FullLabelled/rock/rock_7507.jpg,./dataset/skeleton_final_v2/rock/rock_7507.npy
ok,ok_Set2_ (325),train,./data/raw/FullLabelled/ok/ok_Set2_ (325).jpg,./dataset/skeleton_final_v2/ok/ok_Set2_ (325).npy
scissors,scissors_2635,train,./data/raw/FullLabelled/scissors/scissors_2635.jpg,./dataset/skeleton_final_v2/scissors/scissors_2635.npy
scissors,scissors-set2 (560),train,./data/raw/FullLabelled/scissors/scissors-set2 (560).jpg,./dataset/skeleton_final_v2/scissors/scissors-set2 (560).npy
scissors,scissors (116),train,./data/raw/FullLabelled/scissors/scissors (116).jpg,./dataset/skeleton_final_v2/scissors/scissors (116).npy
paper,paper-set2 (407),train,./data/raw/FullLabelled/paper/paper-set2 (407).jpg,./dataset/skeleton_final_v2/paper/paper-set2 (407).npy
scissors,scissors (350),train,./data/raw/FullLabelled/scissors/scissors (350).jpg,./dataset/skeleton_final_v2/scissors/scissors (350).npy
ok,ok_Set2_ (328),train,./data/raw/FullLabelled/ok/ok_Set2_ (328).jpg,./dataset/skeleton_final_v2/ok/ok_Set2_ (328).npy
ok,ok_Set2_ (303),train,./data/raw/FullLabelled/ok/ok_Set2_ (303).jpg,./dataset/skeleton_final_v2/ok/ok_Set2_ (303).npy
the-finger,the-finger-set2 (247),train,./data/raw/FullLabelled/the-finger/the-finger-set2 (247).jpg,./dataset/skeleton_final_v2/the-finger/the-finger-set2 (247).npy
rock,rock-set2 (56),train,./data/raw/FullLabelled/rock/rock-set2 (56).jpg,./dataset/skeleton_final_v2/rock/rock-set2 (56).npy
ok,ok_Set2_ (585),train,./data/raw/FullLabelled/ok/ok_Set2_ (585).jpg,./dataset/skeleton_final_v2/ok/ok_Set2_ (585).npy
the-finger,the-finger-set2 (74),train,./data/raw/FullLabelled/the-finger/the-finger-set2 (74).jpg,./dataset/skeleton_final_v2/the-finger/the-finger-set2 (74).npy
rock,rock (256),train,./data/raw/FullLabelled/rock/rock (256).jpg,./dataset/skeleton_final_v2/rock/rock (256).npy
scissors,scissors (458),train,./data/raw/FullLabelled/scissors/scissors (458).jpg,./dataset/skeleton_final_v2/scissors/scissors (458).npy
paper,paper (93),train,./data/raw/FullLabelled/paper/paper (93).jpg,./dataset/skeleton_final_v2/paper/paper (93).npy
the-finger,the-finger-set2 (131),train,./data/raw/FullLabelled/the-finger/the-finger-set2 (131).jpg,./dataset/skeleton_final_v2/the-finger/the-finger-set2 (131).npy
paper,paper-set2 (289),train,./data/raw/FullLabelled/paper/paper-set2 (289).jpg,./dataset/skeleton_final_v2/paper/paper-set2 (289).npy
ok,ok_Set2_ (584),train,./data/raw/FullLabelled/ok/ok_Set2_ (584).jpg,./dataset/skeleton_final_v2/ok/ok_Set2_ (584).npy
scissors,scissors_8496,train,./data/raw/FullLabelled/scissors/scissors_8496.jpg,./dataset/skeleton_final_v2/scissors/scissors_8496.npy
the-finger,the-finger-set2 (375),train,./data/raw/FullLabelled/the-finger/the-finger-set2 (375).jpg,./dataset/skeleton_final_v2/the-finger/the-finger-set2 (375).npy
scissors,scissors-set2 (82),train,./data/raw/FullLabelled/scissors/scissors-set2 (82).jpg,./dataset/skeleton_final_v2/scissors/scissors-set2 (82).npy
scissors,scissors_1516,train,./data/raw/FullLabelled/scissors/scissors_1516.jpg,./dataset/skeleton_final_v2/scissors/scissors_1516.npy
ok,ok_2692,train,./data/raw/FullLabelled/ok/ok_2692.jpg,./dataset/skeleton_final_v2/ok/ok_2692.npy
paper,paper-set2 (250),train,./data/raw/FullLabelled/paper/paper-set2 (250).jpg,./dataset/skeleton_final_v2/paper/paper-set2 (250).npy
the-finger,the-finger (105),train,./data/raw/FullLabelled/the-finger/the-finger (105).jpg,./dataset/skeleton_final_v2/the-finger/the-finger (105).npy
ok,ok_Set2_ (581),train,./data/raw/FullLabelled/ok/ok_Set2_ (581).jpg,./dataset/skeleton_final_v2/ok/ok_Set2_ (581).npy
paper,paper-set2 (418),train,./data/raw/FullLabelled/paper/paper-set2 (418).jpg,./dataset/skeleton_final_v2/paper/paper-set2 (418).npy
the-finger,the-finger_3498,train,./data/raw/FullLabelled/the-finger/the-finger_3498.jpg,./dataset/skeleton_final_v2/the-finger/the-finger_3498.npy
scissors,scissors-set2 (655),train,./data/raw/FullLabelled/scissors/scissors-set2 (655).jpg,./dataset/skeleton_final_v2/scissors/scissors-set2 (655).npy
scissors,scissors (274),train,./data/raw/FullLabelled/scissors/scissors (274).jpg,./dataset/skeleton_final_v2/scissors/scissors (274).npy
the-finger,the-finger-set2 (411),train,./data/raw/FullLabelled/the-finger/the-finger-set2 (411).jpg,./dataset/skeleton_final_v2/the-finger/the-finger-set2 (411).npy
paper,paper_7597,train,./data/raw/FullLabelled/paper/paper_7597.jpg,./dataset/skeleton_final_v2/paper/paper_7597.npy
ok,ok_2001,train,./data/raw/FullLabelled/ok/ok_2001.jpg,./dataset/skeleton_final_v2/ok/ok_2001.npy
ok,ok (202),train,./data/raw/FullLabelled/ok/ok (202).jpg,./dataset/skeleton_final_v2/ok/ok (202).npy
paper,paper_2490,train,./data/raw/FullLabelled/paper/paper_2490.jpg,./dataset/skeleton_final_v2/paper/paper_2490.npy
rock,rock (4),train,./data/raw/FullLabelled/rock/rock (4).jpg,./dataset/skeleton_final_v2/rock/rock (4).npy
scissors,scissors (66),train,./data/raw/FullLabelled/scissors/scissors (66).jpg,./dataset/skeleton_final_v2/scissors/scissors (66).npy
scissors,scissors-set2 (290),train,./data/raw/FullLabelled/scissors/scissors-set2 (290).jpg,./dataset/skeleton_final_v2/scissors/scissors-set2 (290).npy
paper,paper_1452,train,./data/raw/FullLabelled/paper/paper_1452.jpg,./dataset/skeleton_final_v2/paper/paper_1452.npy
paper,paper (153),train,./data/raw/FullLabelled/paper/paper (153).jpg,./dataset/skeleton_final_v2/paper/paper (153).npy
the-finger,the-finger (141),train,./data/raw/FullLabelled/the-finger/the-finger (141).jpg,./dataset/skeleton_final_v2/the-finger/the-finger (141).npy
scissors,scissors_5205,train,./data/raw/FullLabelled/scissors/scissors_5205.jpg,./dataset/skeleton_final_v2/scissors/scissors_5205.npy
the-finger,the-finger (120),train,./data/raw/FullLabelled/the-finger/the-finger (120).jpg,./dataset/skeleton_final_v2/the-finger/the-finger (120).npy
scissors,scissors-set2 (403),train,./data/raw/FullLabelled/scissors/scissors-set2 (403).jpg,./dataset/skeleton_final_v2/scissors/scissors-set2 (403).npy
ok,ok_Set2_ (580),train,./data/raw/FullLabelled/ok/ok_Set2_ (580).jpg,./dataset/skeleton_final_v2/ok/ok_Set2_ (580).npy
the-finger,the-finger_7076,train,./data/raw/FullLabelled/the-finger/the-finger_7076.jpg,./dataset/skeleton_final_v2/the-finger/the-finger_7076.npy
ok,ok_5779,train,./data/raw/FullLabelled/ok/ok_5779.jpg,./dataset/skeleton_final_v2/ok/ok_5779.npy
the-finger,the-finger_2278,train,./data/raw/FullLabelled/the-finger/the-finger_2278.jpg,./dataset/skeleton_final_v2/the-finger/the-finger_2278.npy
paper,paper-set2 (446),train,./data/raw/FullLabelled/paper/paper-set2 (446).jpg,./dataset/skeleton_final_v2/paper/paper-set2 (446).npy
rock,rock-set2 (291),train,./data/raw/FullLabelled/rock/rock-set2 (291).jpg,./dataset/skeleton_final_v2/rock/rock-set2 (291).npy
paper,paper_6706,train,./data/raw/FullLabelled/paper/paper_6706.jpg,./dataset/skeleton_final_v2/paper/paper_6706.npy
the-finger,the-finger-set2 (327),train,./data/raw/FullLabelled/the-finger/the-finger-set2 (327).jpg,./dataset/skeleton_final_v2/the-finger/the-finger-set2 (327).npy
scissors,scissors (247),train,./data/raw/FullLabelled/scissors/scissors (247).jpg,./dataset/skeleton_final_v2/scissors/scissors (247).npy
ok,ok_5940,train,./data/raw/FullLabelled/ok/ok_5940.jpg,./dataset/skeleton_final_v2/ok/ok_5940.npy
ok,ok_5947,train,./data/raw/FullLabelled/ok/ok_5947.jpg,./dataset/skeleton_final_v2/ok/ok_5947.npy
scissors,scissors_2770,train,./data/raw/FullLabelled/scissors/scissors_2770.jpg,./dataset/skeleton_final_v2/scissors/scissors_2770.npy
ok,ok_7022,train,./data/raw/FullLabelled/ok/ok_7022.jpg,./dataset/skeleton_final_v2/ok/ok_7022.npy
scissors,scissors-set2 (460),train,./data/raw/FullLabelled/scissors/scissors-set2 (460).jpg,./dataset/skeleton_final_v2/scissors/scissors-set2 (460).npy
scissors,scissors_7629,train,./data/raw/FullLabelled/scissors/scissors_7629.jpg,./dataset/skeleton_final_v2/scissors/scissors_7629.npy
scissors,scissors (484),train,./data/raw/FullLabelled/scissors/scissors (484).jpg,./dataset/skeleton_final_v2/scissors/scissors (484).npy
paper,paper-set2 (345),train,./data/raw/FullLabelled/paper/paper-set2 (345).jpg,./dataset/skeleton_final_v2/paper/paper-set2 (345).npy
scissors,scissors-set2 (287),train,./data/raw/FullLabelled/scissors/scissors-set2 (287).jpg,./dataset/skeleton_final_v2/scissors/scissors-set2 (287).npy
scissors,scissors_416,train,./data/raw/FullLabelled/scissors/scissors_416.jpg,./dataset/skeleton_final_v2/scissors/scissors_416.npy
the-finger,the-finger_6856,train,./data/raw/FullLabelled/the-finger/the-finger_6856.jpg,./dataset/skeleton_final_v2/the-finger/the-finger_6856.npy
ok,ok (110),train,./data/raw/FullLabelled/ok/ok (110).jpg,./dataset/skeleton_final_v2/ok/ok (110).npy
scissors,scissors_8796,train,./data/raw/FullLabelled/scissors/scissors_8796.jpg,./dataset/skeleton_final_v2/scissors/scissors_8796.npy
ok,ok_1165,train,./data/raw/FullLabelled/ok/ok_1165.jpg,./dataset/skeleton_final_v2/ok/ok_1165.npy
ok,ok_4048,train,./data/raw/FullLabelled/ok/ok_4048.jpg,./dataset/skeleton_final_v2/ok/ok_4048.npy
the-finger,the-finger-set2 (295),train,./data/raw/FullLabelled/the-finger/the-finger-set2 (295).jpg,./dataset/skeleton_final_v2/the-finger/the-finger-set2 (295).npy
rock,rock (259),train,./data/raw/FullLabelled/rock/rock (259).jpg,./dataset/skeleton_final_v2/rock/rock (259).npy
the-finger,the-finger_2318,train,./data/raw/FullLabelled/the-finger/the-finger_2318.jpg,./dataset/skeleton_final_v2/the-finger/the-finger_2318.npy
ok,ok_Set2_ (64),train,./data/raw/FullLabelled/ok/ok_Set2_ (64).jpg,./dataset/skeleton_final_v2/ok/ok_Set2_ (64).npy
paper,paper_3740,train,./data/raw/FullLabelled/paper/paper_3740.jpg,./dataset/skeleton_final_v2/paper/paper_3740.npy
ok,ok_Set2_ (342),train,./data/raw/FullLabelled/ok/ok_Set2_ (342).jpg,./dataset/skeleton_final_v2/ok/ok_Set2_ (342).npy
paper,paper_7587,train,./data/raw/FullLabelled/paper/paper_7587.jpg,./dataset/skeleton_final_v2/paper/paper_7587.npy
scissors,scissors-set2 (131),train,./data/raw/FullLabelled/scissors/scissors-set2 (131).jpg,./dataset/skeleton_final_v2/scissors/scissors-set2 (131).npy
rock,rock-set2 (44),train,./data/raw/FullLabelled/rock/rock-set2 (44).jpg,./dataset/skeleton_final_v2/rock/rock-set2 (44).npy
paper,paper-set2 (56),train,./data/raw/FullLabelled/paper/paper-set2 (56).jpg,./dataset/skeleton_final_v2/paper/paper-set2 (56).npy
paper,paper_5900,train,./data/raw/FullLabelled/paper/paper_5900.jpg,./dataset/skeleton_final_v2/paper/paper_5900.npy
scissors,scissors_6554,train,./data/raw/FullLabelled/scissors/scissors_6554.jpg,./dataset/skeleton_final_v2/scissors/scissors_6554.npy
paper,paper_5473,train,./data/raw/FullLabelled/paper/paper_5473.jpg,./dataset/skeleton_final_v2/paper/paper_5473.npy
paper,paper_6913,train,./data/raw/FullLabelled/paper/paper_6913.jpg,./dataset/skeleton_final_v2/paper/paper_6913.npy
scissors,scissors_6155,train,./data/raw/FullLabelled/scissors/scissors_6155.jpg,./dataset/skeleton_final_v2/scissors/scissors_6155.npy
the-finger,the-finger_238,train,./data/raw/FullLabelled/the-finger/the-finger_238.jpg,./dataset/skeleton_final_v2/the-finger/the-finger_238.npy
ok,ok_Set2_ (576),train,./data/raw/FullLabelled/ok/ok_Set2_ (576).jpg,./dataset/skeleton_final_v2/ok/ok_Set2_ (576).npy
ok,ok (124),train,./data/raw/FullLabelled/ok/ok (124).jpg,./dataset/skeleton_final_v2/ok/ok (124).npy
rock,rock (87),train,./data/raw/FullLabelled/rock/rock (87).jpg,./dataset/skeleton_final_v2/rock/rock (87).npy
the-finger,the-finger (148),train,./data/raw/FullLabelled/the-finger/the-finger (148).jpg,./dataset/skeleton_final_v2/the-finger/the-finger (148).npy
the-finger,the-finger-set2 (15),train,./data/raw/FullLabelled/the-finger/the-finger-set2 (15).jpg,./dataset/skeleton_final_v2/the-finger/the-finger-set2 (15).npy
scissors,scissors-set2 (198),train,./data/raw/FullLabelled/scissors/scissors-set2 (198).jpg,./dataset/skeleton_final_v2/scissors/scissors-set2 (198).npy
scissors,scissors_757,train,./data/raw/FullLabelled/scissors/scissors_757.jpg,./dataset/skeleton_final_v2/scissors/scissors_757.npy
scissors,scissors_2738,train,./data/raw/FullLabelled/scissors/scissors_2738.jpg,./dataset/skeleton_final_v2/scissors/scissors_2738.npy
ok,ok_Set2_ (309),train,./data/raw/FullLabelled/ok/ok_Set2_ (309).jpg,./dataset/skeleton_final_v2/ok/ok_Set2_ (309).npy
scissors,scissors-set2 (236),train,./data/raw/FullLabelled/scissors/scissors-set2 (236).jpg,./dataset/skeleton_final_v2/scissors/scissors-set2 (236).npy
rock,rock-set2 (432),train,./data/raw/FullLabelled/rock/rock-set2 (432).jpg,./dataset/skeleton_final_v2/rock/rock-set2 (432).npy
paper,paper_6351,train,./data/raw/FullLabelled/paper/paper_6351.jpg,./dataset/skeleton_final_v2/paper/paper_6351.npy
paper,paper-set2 (325),train,./data/raw/FullLabelled/paper/paper-set2 (325).jpg,./dataset/skeleton_final_v2/paper/paper-set2 (325).npy
scissors,scissors-set2 (575),train,./data/raw/FullLabelled/scissors/scissors-set2 (575).jpg,./dataset/skeleton_final_v2/scissors/scissors-set2 (575).npy
the-finger,the-finger-set2 (152),train,./data/raw/FullLabelled/the-finger/the-finger-set2 (152).jpg,./dataset/skeleton_final_v2/the-finger/the-finger-set2 (152).npy
paper,paper_2462,train,./data/raw/FullLabelled/paper/paper_2462.jpg,./dataset/skeleton_final_v2/paper/paper_2462.npy
rock,rock_7504,train,./data/raw/FullLabelled/rock/rock_7504.jpg,./dataset/skeleton_final_v2/rock/rock_7504.npy
rock,rock_9118,train,./data/raw/FullLabelled/rock/rock_9118.jpg,./dataset/skeleton_final_v2/rock/rock_9118.npy
paper,paper-set2 (132),train,./data/raw/FullLabelled/paper/paper-set2 (132).jpg,./dataset/skeleton_final_v2/paper/paper-set2 (132).npy
ok,ok_Set2_ (459),train,./data/raw/FullLabelled/ok/ok_Set2_ (459).jpg,./dataset/skeleton_final_v2/ok/ok_Set2_ (459).npy
ok,ok_Set2_ (7),train,./data/raw/FullLabelled/ok/ok_Set2_ (7).jpg,./dataset/skeleton_final_v2/ok/ok_Set2_ (7).npy
ok,ok_Set2_ (143),train,./data/raw/FullLabelled/ok/ok_Set2_ (143).jpg,./dataset/skeleton_final_v2/ok/ok_Set2_ (143).npy
rock,rock-set2 (339),train,./data/raw/FullLabelled/rock/rock-set2 (339).jpg,./dataset/skeleton_final_v2/rock/rock-set2 (339).npy
scissors,scissors-set2 (377),train,./data/raw/FullLabelled/scissors/scissors-set2 (377).jpg,./dataset/skeleton_final_v2/scissors/scissors-set2 (377).npy
scissors,scissors_6957,train,./data/raw/FullLabelled/scissors/scissors_6957.jpg,./dataset/skeleton_final_v2/scissors/scissors_6957.npy
ok,ok_80,train,./data/raw/FullLabelled/ok/ok_80.jpg,./dataset/skeleton_final_v2/ok/ok_80.npy
scissors,scissors-set2 (615),train,./data/raw/FullLabelled/scissors/scissors-set2 (615).jpg,./dataset/skeleton_final_v2/scissors/scissors-set2 (615).npy
scissors,scissors-set2 (187),train,./data/raw/FullLabelled/scissors/scissors-set2 (187).jpg,./dataset/skeleton_final_v2/scissors/scissors-set2 (187).npy
scissors,scissors-set2 (2),train,./data/raw/FullLabelled/scissors/scissors-set2 (2).jpg,./dataset/skeleton_final_v2/scissors/scissors-set2 (2).npy
ok,ok_2896,train,./data/raw/FullLabelled/ok/ok_2896.jpg,./dataset/skeleton_final_v2/ok/ok_2896.npy
paper,paper-set2 (54),train,./data/raw/FullLabelled/paper/paper-set2 (54).jpg,./dataset/skeleton_final_v2/paper/paper-set2 (54).npy
the-finger,the-finger_5853,train,./data/raw/FullLabelled/the-finger/the-finger_5853.jpg,./dataset/skeleton_final_v2/the-finger/the-finger_5853.npy
ok,ok_Set2_ (520),train,./data/raw/FullLabelled/ok/ok_Set2_ (520).jpg,./dataset/skeleton_final_v2/ok/ok_Set2_ (520).npy
ok,ok_Set2_ (574),train,./data/raw/FullLabelled/ok/ok_Set2_ (574).jpg,./dataset/skeleton_final_v2/ok/ok_Set2_ (574).npy
ok,ok_7004,train,./data/raw/FullLabelled/ok/ok_7004.jpg,./dataset/skeleton_final_v2/ok/ok_7004.npy
ok,ok_Set2_ (426),train,./data/raw/FullLabelled/ok/ok_Set2_ (426).jpg,./dataset/skeleton_final_v2/ok/ok_Set2_ (426).npy
the-finger,the-finger-set2 (358),train,./data/raw/FullLabelled/the-finger/the-finger-set2 (358).jpg,./dataset/skeleton_final_v2/the-finger/the-finger-set2 (358).npy
the-finger,the-finger-set2 (210),train,./data/raw/FullLabelled/the-finger/the-finger-set2 (210).jpg,./dataset/skeleton_final_v2/the-finger/the-finger-set2 (210).npy
paper,paper-set2 (149),train,./data/raw/FullLabelled/paper/paper-set2 (149).jpg,./dataset/skeleton_final_v2/paper/paper-set2 (149).npy
ok,ok_Set2_ (382),train,./data/raw/FullLabelled/ok/ok_Set2_ (382).jpg,./dataset/skeleton_final_v2/ok/ok_Set2_ (382).npy
paper,paper-set2 (319),train,./data/raw/FullLabelled/paper/paper-set2 (319).jpg,./dataset/skeleton_final_v2/paper/paper-set2 (319).npy
rock,rock-set2 (586),train,./data/raw/FullLabelled/rock/rock-set2 (586).jpg,./dataset/skeleton_final_v2/rock/rock-set2 (586).npy
the-finger,the-finger (16),train,./data/raw/FullLabelled/the-finger/the-finger (16).jpg,./dataset/skeleton_final_v2/the-finger/the-finger (16).npy
paper,paper-set2 (296),train,./data/raw/FullLabelled/paper/paper-set2 (296).jpg,./dataset/skeleton_final_v2/paper/paper-set2 (296).npy
ok,ok_6387,train,./data/raw/FullLabelled/ok/ok_6387.jpg,./dataset/skeleton_final_v2/ok/ok_6387.npy
paper,paper (256),train,./data/raw/FullLabelled/paper/paper (256).jpg,./dataset/skeleton_final_v2/paper/paper (256).npy
ok,ok_Set2_ (407),train,./data/raw/FullLabelled/ok/ok_Set2_ (407).jpg,./dataset/skeleton_final_v2/ok/ok_Set2_ (407).npy
scissors,scissors-set2 (318),train,./data/raw/FullLabelled/scissors/scissors-set2 (318).jpg,./dataset/skeleton_final_v2/scissors/scissors-set2 (318).npy
the-finger,the-finger (138),train,./data/raw/FullLabelled/the-finger/the-finger (138).jpg,./dataset/skeleton_final_v2/the-finger/the-finger (138).npy
ok,ok_2958,train,./data/raw/FullLabelled/ok/ok_2958.jpg,./dataset/skeleton_final_v2/ok/ok_2958.npy
ok,ok_9236,train,./data/raw/FullLabelled/ok/ok_9236.jpg,./dataset/skeleton_final_v2/ok/ok_9236.npy
paper,paper-set2 (352),train,./data/raw/FullLabelled/paper/paper-set2 (352).jpg,./dataset/skeleton_final_v2/paper/paper-set2 (352).npy
scissors,scissors (499),train,./data/raw/FullLabelled/scissors/scissors (499).jpg,./dataset/skeleton_final_v2/scissors/scissors (499).npy
ok,ok_Set2_ (282),train,./data/raw/FullLabelled/ok/ok_Set2_ (282).jpg,./dataset/skeleton_final_v2/ok/ok_Set2_ (282).npy
ok,ok_Set2_ (284),train,./data/raw/FullLabelled/ok/ok_Set2_ (284).jpg,./dataset/skeleton_final_v2/ok/ok_Set2_ (284).npy
paper,paper-set2 (390),train,./data/raw/FullLabelled/paper/paper-set2 (390).jpg,./dataset/skeleton_final_v2/paper/paper-set2 (390).npy
paper,paper_3634,train,./data/raw/FullLabelled/paper/paper_3634.jpg,./dataset/skeleton_final_v2/paper/paper_3634.npy
scissors,scissors_3883,train,./data/raw/FullLabelled/scissors/scissors_3883.jpg,./dataset/skeleton_final_v2/scissors/scissors_3883.npy
ok,ok_2848,train,./data/raw/FullLabelled/ok/ok_2848.jpg,./dataset/skeleton_final_v2/ok/ok_2848.npy
ok,ok_2833,train,./data/raw/FullLabelled/ok/ok_2833.jpg,./dataset/skeleton_final_v2/ok/ok_2833.npy
paper,paper-set2 (178),train,./data/raw/FullLabelled/paper/paper-set2 (178).jpg,./dataset/skeleton_final_v2/paper/paper-set2 (178).npy
scissors,scissors-set2 (328),train,./data/raw/FullLabelled/scissors/scissors-set2 (328).jpg,./dataset/skeleton_final_v2/scissors/scissors-set2 (328).npy
scissors,scissors-set2 (697),train,./data/raw/FullLabelled/scissors/scissors-set2 (697).jpg,./dataset/skeleton_final_v2/scissors/scissors-set2 (697).npy
ok,ok_Set2_ (358),train,./data/raw/FullLabelled/ok/ok_Set2_ (358).jpg,./dataset/skeleton_final_v2/ok/ok_Set2_ (358).npy
rock,rock (2),train,./data/raw/FullLabelled/rock/rock (2).jpg,./dataset/skeleton_final_v2/rock/rock (2).npy
the-finger,the-finger-set2 (307),train,./data/raw/FullLabelled/the-finger/the-finger-set2 (307).jpg,./dataset/skeleton_final_v2/the-finger/the-finger-set2 (307).npy
ok,ok_2947,train,./data/raw/FullLabelled/ok/ok_2947.jpg,./dataset/skeleton_final_v2/ok/ok_2947.npy
rock,rock_685,train,./data/raw/FullLabelled/rock/rock_685.jpg,./dataset/skeleton_final_v2/rock/rock_685.npy
scissors,scissors-set2 (305),train,./data/raw/FullLabelled/scissors/scissors-set2 (305).jpg,./dataset/skeleton_final_v2/scissors/scissors-set2 (305).npy
scissors,scissors (237),train,./data/raw/FullLabelled/scissors/scissors (237).jpg,./dataset/skeleton_final_v2/scissors/scissors (237).npy
scissors,scissors-set2 (415),train,./data/raw/FullLabelled/scissors/scissors-set2 (415).jpg,./dataset/skeleton_final_v2/scissors/scissors-set2 (415).npy
the-finger,the-finger-set2 (35),train,./data/raw/FullLabelled/the-finger/the-finger-set2 (35).jpg,./dataset/skeleton_final_v2/the-finger/the-finger-set2 (35).npy
paper,paper_4599,train,./data/raw/FullLabelled/paper/paper_4599.jpg,./dataset/skeleton_final_v2/paper/paper_4599.npy
scissors,scissors_1113,train,./data/raw/FullLabelled/scissors/scissors_1113.jpg,./dataset/skeleton_final_v2/scissors/scissors_1113.npy
ok,ok (222),train,./data/raw/FullLabelled/ok/ok (222).jpg,./dataset/skeleton_final_v2/ok/ok (222).npy
paper,paper_3762,train,./data/raw/FullLabelled/paper/paper_3762.jpg,./dataset/skeleton_final_v2/paper/paper_3762.npy
ok,ok_Set2_ (374),train,./data/raw/FullLabelled/ok/ok_Set2_ (374).jpg,./dataset/skeleton_final_v2/ok/ok_Set2_ (374).npy
paper,paper-set2 (451),train,./data/raw/FullLabelled/paper/paper-set2 (451).jpg,./dataset/skeleton_final_v2/paper/paper-set2 (451).npy
ok,ok_Set2_ (501),train,./data/raw/FullLabelled/ok/ok_Set2_ (501).jpg,./dataset/skeleton_final_v2/ok/ok_Set2_ (501).npy
paper,paper_7924,train,./data/raw/FullLabelled/paper/paper_7924.jpg,./dataset/skeleton_final_v2/paper/paper_7924.npy
paper,paper_749,train,./data/raw/FullLabelled/paper/paper_749.jpg,./dataset/skeleton_final_v2/paper/paper_749.npy
paper,paper-set2 (448),train,./data/raw/FullLabelled/paper/paper-set2 (448).jpg,./dataset/skeleton_final_v2/paper/paper-set2 (448).npy
the-finger,the-finger_6459,train,./data/raw/FullLabelled/the-finger/the-finger_6459.jpg,./dataset/skeleton_final_v2/the-finger/the-finger_6459.npy
paper,paper-set2 (342),train,./data/raw/FullLabelled/paper/paper-set2 (342).jpg,./dataset/skeleton_final_v2/paper/paper-set2 (342).npy
paper,paper-set2 (222),train,./data/raw/FullLabelled/paper/paper-set2 (222).jpg,./dataset/skeleton_final_v2/paper/paper-set2 (222).npy
scissors,scissors (128),train,./data/raw/FullLabelled/scissors/scissors (128).jpg,./dataset/skeleton_final_v2/scissors/scissors (128).npy
paper,paper_3798,train,./data/raw/FullLabelled/paper/paper_3798.jpg,./dataset/skeleton_final_v2/paper/paper_3798.npy
paper,paper (251),train,./data/raw/FullLabelled/paper/paper (251).jpg,./dataset/skeleton_final_v2/paper/paper (251).npy
the-finger,the-finger-set2 (397),train,./data/raw/FullLabelled/the-finger/the-finger-set2 (397).jpg,./dataset/skeleton_final_v2/the-finger/the-finger-set2 (397).npy
scissors,scissors-set2 (521),train,./data/raw/FullLabelled/scissors/scissors-set2 (521).jpg,./dataset/skeleton_final_v2/scissors/scissors-set2 (521).npy
scissors,scissors-set2 (481),train,./data/raw/FullLabelled/scissors/scissors-set2 (481).jpg,./dataset/skeleton_final_v2/scissors/scissors-set2 (481).npy
scissors,scissors-set2 (247),train,./data/raw/FullLabelled/scissors/scissors-set2 (247).jpg,./dataset/skeleton_final_v2/scissors/scissors-set2 (247).npy
the-finger,the-finger_640,train,./data/raw/FullLabelled/the-finger/the-finger_640.jpg,./dataset/skeleton_final_v2/the-finger/the-finger_640.npy
the-finger,the-finger-set2 (231),train,./data/raw/FullLabelled/the-finger/the-finger-set2 (231).jpg,./dataset/skeleton_final_v2/the-finger/the-finger-set2 (231).npy
paper,paper-set2 (467),train,./data/raw/FullLabelled/paper/paper-set2 (467).jpg,./dataset/skeleton_final_v2/paper/paper-set2 (467).npy
ok,ok_Set2_ (44),train,./data/raw/FullLabelled/ok/ok_Set2_ (44).jpg,./dataset/skeleton_final_v2/ok/ok_Set2_ (44).npy
scissors,scissors-set2 (230),train,./data/raw/FullLabelled/scissors/scissors-set2 (230).jpg,./dataset/skeleton_final_v2/scissors/scissors-set2 (230).npy
scissors,scissors (169),train,./data/raw/FullLabelled/scissors/scissors (169).jpg,./dataset/skeleton_final_v2/scissors/scissors (169).npy
paper,paper-set2 (180),train,./data/raw/FullLabelled/paper/paper-set2 (180).jpg,./dataset/skeleton_final_v2/paper/paper-set2 (180).npy
paper,paper-set2 (373),train,./data/raw/FullLabelled/paper/paper-set2 (373).jpg,./dataset/skeleton_final_v2/paper/paper-set2 (373).npy
ok,ok_1999,train,./data/raw/FullLabelled/ok/ok_1999.jpg,./dataset/skeleton_final_v2/ok/ok_1999.npy
the-finger,the-finger-set2 (88),train,./data/raw/FullLabelled/the-finger/the-finger-set2 (88).jpg,./dataset/skeleton_final_v2/the-finger/the-finger-set2 (88).npy
ok,ok_Set2_ (300),train,./data/raw/FullLabelled/ok/ok_Set2_ (300).jpg,./dataset/skeleton_final_v2/ok/ok_Set2_ (300).npy
ok,ok_Set2_ (276),train,./data/raw/FullLabelled/ok/ok_Set2_ (276).jpg,./dataset/skeleton_final_v2/ok/ok_Set2_ (276).npy
ok,ok_Set2_ (416),train,./data/raw/FullLabelled/ok/ok_Set2_ (416).jpg,./dataset/skeleton_final_v2/ok/ok_Set2_ (416).npy
scissors,scissors-set2 (268),train,./data/raw/FullLabelled/scissors/scissors-set2 (268).jpg,./dataset/skeleton_final_v2/scissors/scissors-set2 (268).npy
ok,ok_2891,train,./data/raw/FullLabelled/ok/ok_2891.jpg,./dataset/skeleton_final_v2/ok/ok_2891.npy
paper,paper_6135,train,./data/raw/FullLabelled/paper/paper_6135.jpg,./dataset/skeleton_final_v2/paper/paper_6135.npy
ok,ok_7011,train,./data/raw/FullLabelled/ok/ok_7011.jpg,./dataset/skeleton_final_v2/ok/ok_7011.npy
scissors,scissors-set2 (339),train,./data/raw/FullLabelled/scissors/scissors-set2 (339).jpg,./dataset/skeleton_final_v2/scissors/scissors-set2 (339).npy
paper,paper_7942,train,./data/raw/FullLabelled/paper/paper_7942.jpg,./dataset/skeleton_final_v2/paper/paper_7942.npy
paper,paper-set2 (503),train,./data/raw/FullLabelled/paper/paper-set2 (503).jpg,./dataset/skeleton_final_v2/paper/paper-set2 (503).npy
the-finger,the-finger-set2 (214),train,./data/raw/FullLabelled/the-finger/the-finger-set2 (214).jpg,./dataset/skeleton_final_v2/the-finger/the-finger-set2 (214).npy
the-finger,the-finger_6466,train,./data/raw/FullLabelled/the-finger/the-finger_6466.jpg,./dataset/skeleton_final_v2/the-finger/the-finger_6466.npy
rock,rock_7105,train,./data/raw/FullLabelled/rock/rock_7105.jpg,./dataset/skeleton_final_v2/rock/rock_7105.npy
paper,paper_1026,train,./data/raw/FullLabelled/paper/paper_1026.jpg,./dataset/skeleton_final_v2/paper/paper_1026.npy
rock,rock-set2 (180),train,./data/raw/FullLabelled/rock/rock-set2 (180).jpg,./dataset/skeleton_final_v2/rock/rock-set2 (180).npy
scissors,scissors-set2 (26),train,./data/raw/FullLabelled/scissors/scissors-set2 (26).jpg,./dataset/skeleton_final_v2/scissors/scissors-set2 (26).npy
the-finger,the-finger_5848,train,./data/raw/FullLabelled/the-finger/the-finger_5848.jpg,./dataset/skeleton_final_v2/the-finger/the-finger_5848.npy
rock,rock-set2 (149),train,./data/raw/FullLabelled/rock/rock-set2 (149).jpg,./dataset/skeleton_final_v2/rock/rock-set2 (149).npy
rock,rock_8398,train,./data/raw/FullLabelled/rock/rock_8398.jpg,./dataset/skeleton_final_v2/rock/rock_8398.npy
ok,ok_2935,train,./data/raw/FullLabelled/ok/ok_2935.jpg,./dataset/skeleton_final_v2/ok/ok_2935.npy
ok,ok (189),train,./data/raw/FullLabelled/ok/ok (189).jpg,./dataset/skeleton_final_v2/ok/ok (189).npy
paper,paper_3791,train,./data/raw/FullLabelled/paper/paper_3791.jpg,./dataset/skeleton_final_v2/paper/paper_3791.npy
paper,paper-set2 (481),train,./data/raw/FullLabelled/paper/paper-set2 (481).jpg,./dataset/skeleton_final_v2/paper/paper-set2 (481).npy
rock,rock_6888,train,./data/raw/FullLabelled/rock/rock_6888.jpg,./dataset/skeleton_final_v2/rock/rock_6888.npy
paper,paper_3654,train,./data/raw/FullLabelled/paper/paper_3654.jpg,./dataset/skeleton_final_v2/paper/paper_3654.npy
ok,ok_75,train,./data/raw/FullLabelled/ok/ok_75.jpg,./dataset/skeleton_final_v2/ok/ok_75.npy
rock,rock-set2 (303),train,./data/raw/FullLabelled/rock/rock-set2 (303).jpg,./dataset/skeleton_final_v2/rock/rock-set2 (303).npy
scissors,scissors_2581,train,./data/raw/FullLabelled/scissors/scissors_2581.jpg,./dataset/skeleton_final_v2/scissors/scissors_2581.npy
paper,paper_6705,train,./data/raw/FullLabelled/paper/paper_6705.jpg,./dataset/skeleton_final_v2/paper/paper_6705.npy
ok,ok_Set2_ (171),train,./data/raw/FullLabelled/ok/ok_Set2_ (171).jpg,./dataset/skeleton_final_v2/ok/ok_Set2_ (171).npy
scissors,scissors (242),train,./data/raw/FullLabelled/scissors/scissors (242).jpg,./dataset/skeleton_final_v2/scissors/scissors (242).npy
paper,paper_6915,train,./data/raw/FullLabelled/paper/paper_6915.jpg,./dataset/skeleton_final_v2/paper/paper_6915.npy
paper,paper_6340,train,./data/raw/FullLabelled/paper/paper_6340.jpg,./dataset/skeleton_final_v2/paper/paper_6340.npy
paper,paper-set2 (425),train,./data/raw/FullLabelled/paper/paper-set2 (425).jpg,./dataset/skeleton_final_v2/paper/paper-set2 (425).npy
scissors,scissors (286),train,./data/raw/FullLabelled/scissors/scissors (286).jpg,./dataset/skeleton_final_v2/scissors/scissors (286).npy
scissors,scissors_6723,train,./data/raw/FullLabelled/scissors/scissors_6723.jpg,./dataset/skeleton_final_v2/scissors/scissors_6723.npy
scissors,scissors (95),train,./data/raw/FullLabelled/scissors/scissors (95).jpg,./dataset/skeleton_final_v2/scissors/scissors (95).npy
scissors,scissors-set2 (406),train,./data/raw/FullLabelled/scissors/scissors-set2 (406).jpg,./dataset/skeleton_final_v2/scissors/scissors-set2 (406).npy
paper,paper-set2 (335),train,./data/raw/FullLabelled/paper/paper-set2 (335).jpg,./dataset/skeleton_final_v2/paper/paper-set2 (335).npy
paper,paper (6),train,./data/raw/FullLabelled/paper/paper (6).jpg,./dataset/skeleton_final_v2/paper/paper (6).npy
rock,rock (95),train,./data/raw/FullLabelled/rock/rock (95).jpg,./dataset/skeleton_final_v2/rock/rock (95).npy
scissors,scissors-set2 (383),train,./data/raw/FullLabelled/scissors/scissors-set2 (383).jpg,./dataset/skeleton_final_v2/scissors/scissors-set2 (383).npy
ok,ok_Set2_ (244),train,./data/raw/FullLabelled/ok/ok_Set2_ (244).jpg,./dataset/skeleton_final_v2/ok/ok_Set2_ (244).npy
paper,paper_3640,train,./data/raw/FullLabelled/paper/paper_3640.jpg,./dataset/skeleton_final_v2/paper/paper_3640.npy
scissors,scissors (261),train,./data/raw/FullLabelled/scissors/scissors (261).jpg,./dataset/skeleton_final_v2/scissors/scissors (261).npy
paper,paper (33),train,./data/raw/FullLabelled/paper/paper (33).jpg,./dataset/skeleton_final_v2/paper/paper (33).npy
paper,paper_3746,train,./data/raw/FullLabelled/paper/paper_3746.jpg,./dataset/skeleton_final_v2/paper/paper_3746.npy
scissors,scissors-set2 (716),train,./data/raw/FullLabelled/scissors/scissors-set2 (716).jpg,./dataset/skeleton_final_v2/scissors/scissors-set2 (716).npy
rock,rock (209),train,./data/raw/FullLabelled/rock/rock (209).jpg,./dataset/skeleton_final_v2/rock/rock (209).npy
paper,paper (79),train,./data/raw/FullLabelled/paper/paper (79).jpg,./dataset/skeleton_final_v2/paper/paper (79).npy
scissors,scissors-set2 (348),train,./data/raw/FullLabelled/scissors/scissors-set2 (348).jpg,./dataset/skeleton_final_v2/scissors/scissors-set2 (348).npy
paper,paper_2453,train,./data/raw/FullLabelled/paper/paper_2453.jpg,./dataset/skeleton_final_v2/paper/paper_2453.npy
the-finger,the-finger-set2 (286),train,./data/raw/FullLabelled/the-finger/the-finger-set2 (286).jpg,./dataset/skeleton_final_v2/the-finger/the-finger-set2 (286).npy
scissors,scissors-set2 (698),train,./data/raw/FullLabelled/scissors/scissors-set2 (698).jpg,./dataset/skeleton_final_v2/scissors/scissors-set2 (698).npy
paper,paper-set2 (209),train,./data/raw/FullLabelled/paper/paper-set2 (209).jpg,./dataset/skeleton_final_v2/paper/paper-set2 (209).npy
scissors,scissors_2749,train,./data/raw/FullLabelled/scissors/scissors_2749.jpg,./dataset/skeleton_final_v2/scissors/scissors_2749.npy
the-finger,the-finger_600,train,./data/raw/FullLabelled/the-finger/the-finger_600.jpg,./dataset/skeleton_final_v2/the-finger/the-finger_600.npy
ok,ok_Set2_ (155),train,./data/raw/FullLabelled/ok/ok_Set2_ (155).jpg,./dataset/skeleton_final_v2/ok/ok_Set2_ (155).npy
scissors,scissors-set2 (363),train,./data/raw/FullLabelled/scissors/scissors-set2 (363).jpg,./dataset/skeleton_final_v2/scissors/scissors-set2 (363).npy
scissors,scissors (276),train,./data/raw/FullLabelled/scissors/scissors (276).jpg,./dataset/skeleton_final_v2/scissors/scissors (276).npy
ok,ok_89,train,./data/raw/FullLabelled/ok/ok_89.jpg,./dataset/skeleton_final_v2/ok/ok_89.npy
the-finger,the-finger_6285,train,./data/raw/FullLabelled/the-finger/the-finger_6285.jpg,./dataset/skeleton_final_v2/the-finger/the-finger_6285.npy
scissors,scissors_6363,train,./data/raw/FullLabelled/scissors/scissors_6363.jpg,./dataset/skeleton_final_v2/scissors/scissors_6363.npy
scissors,scissors (447),train,./data/raw/FullLabelled/scissors/scissors (447).jpg,./dataset/skeleton_final_v2/scissors/scissors (447).npy
scissors,scissors (271),train,./data/raw/FullLabelled/scissors/scissors (271).jpg,./dataset/skeleton_final_v2/scissors/scissors (271).npy
scissors,scissors_6563,train,./data/raw/FullLabelled/scissors/scissors_6563.jpg,./dataset/skeleton_final_v2/scissors/scissors_6563.npy
ok,ok_Set2_ (505),train,./data/raw/FullLabelled/ok/ok_Set2_ (505).jpg,./dataset/skeleton_final_v2/ok/ok_Set2_ (505).npy
scissors,scissors-set2 (21),train,./data/raw/FullLabelled/scissors/scissors-set2 (21).jpg,./dataset/skeleton_final_v2/scissors/scissors-set2 (21).npy
the-finger,the-finger-set2 (343),train,./data/raw/FullLabelled/the-finger/the-finger-set2 (343).jpg,./dataset/skeleton_final_v2/the-finger/the-finger-set2 (343).npy
scissors,scissors-set2 (132),train,./data/raw/FullLabelled/scissors/scissors-set2 (132).jpg,./dataset/skeleton_final_v2/scissors/scissors-set2 (132).npy
ok,ok_Set2_ (457),train,./data/raw/FullLabelled/ok/ok_Set2_ (457).jpg,./dataset/skeleton_final_v2/ok/ok_Set2_ (457).npy
ok,ok_Set2_ (502),train,./data/raw/FullLabelled/ok/ok_Set2_ (502).jpg,./dataset/skeleton_final_v2/ok/ok_Set2_ (502).npy
scissors,scissors_2615,train,./data/raw/FullLabelled/scissors/scissors_2615.jpg,./dataset/skeleton_final_v2/scissors/scissors_2615.npy
ok,ok_Set2_ (174),train,./data/raw/FullLabelled/ok/ok_Set2_ (174).jpg,./dataset/skeleton_final_v2/ok/ok_Set2_ (174).npy
paper,paper-set2 (506),train,./data/raw/FullLabelled/paper/paper-set2 (506).jpg,./dataset/skeleton_final_v2/paper/paper-set2 (506).npy
paper,paper-set2 (460),train,./data/raw/FullLabelled/paper/paper-set2 (460).jpg,./dataset/skeleton_final_v2/paper/paper-set2 (460).npy
paper,paper-set2 (66),train,./data/raw/FullLabelled/paper/paper-set2 (66).jpg,./dataset/skeleton_final_v2/paper/paper-set2 (66).npy
scissors,scissors_7333,train,./data/raw/FullLabelled/scissors/scissors_7333.jpg,./dataset/skeleton_final_v2/scissors/scissors_7333.npy
ok,ok_2491,train,./data/raw/FullLabelled/ok/ok_2491.jpg,./dataset/skeleton_final_v2/ok/ok_2491.npy
paper,paper_2487,train,./data/raw/FullLabelled/paper/paper_2487.jpg,./dataset/skeleton_final_v2/paper/paper_2487.npy
paper,paper_5462,train,./data/raw/FullLabelled/paper/paper_5462.jpg,./dataset/skeleton_final_v2/paper/paper_5462.npy
scissors,scissors-set2 (284),train,./data/raw/FullLabelled/scissors/scissors-set2 (284).jpg,./dataset/skeleton_final_v2/scissors/scissors-set2 (284).npy
the-finger,the-finger-set2 (351),train,./data/raw/FullLabelled/the-finger/the-finger-set2 (351).jpg,./dataset/skeleton_final_v2/the-finger/the-finger-set2 (351).npy
paper,paper_41,train,./data/raw/FullLabelled/paper/paper_41.jpg,./dataset/skeleton_final_v2/paper/paper_41.npy
scissors,scissors (206),train,./data/raw/FullLabelled/scissors/scissors (206).jpg,./dataset/skeleton_final_v2/scissors/scissors (206).npy
paper,paper_1856,train,./data/raw/FullLabelled/paper/paper_1856.jpg,./dataset/skeleton_final_v2/paper/paper_1856.npy
paper,paper_7575,train,./data/raw/FullLabelled/paper/paper_7575.jpg,./dataset/skeleton_final_v2/paper/paper_7575.npy
ok,ok_Set2_ (95),train,./data/raw/FullLabelled/ok/ok_Set2_ (95).jpg,./dataset/skeleton_final_v2/ok/ok_Set2_ (95).npy
paper,paper (235),train,./data/raw/FullLabelled/paper/paper (235).jpg,./dataset/skeleton_final_v2/paper/paper (235).npy
scissors,scissors_9188,train,./data/raw/FullLabelled/scissors/scissors_9188.jpg,./dataset/skeleton_final_v2/scissors/scissors_9188.npy
paper,paper (126),train,./data/raw/FullLabelled/paper/paper (126).jpg,./dataset/skeleton_final_v2/paper/paper (126).npy
the-finger,the-finger-set2 (176),train,./data/raw/FullLabelled/the-finger/the-finger-set2 (176).jpg,./dataset/skeleton_final_v2/the-finger/the-finger-set2 (176).npy
ok,ok_9256,train,./data/raw/FullLabelled/ok/ok_9256.jpg,./dataset/skeleton_final_v2/ok/ok_9256.npy
paper,paper-set2 (311),train,./data/raw/FullLabelled/paper/paper-set2 (311).jpg,./dataset/skeleton_final_v2/paper/paper-set2 (311).npy
the-finger,the-finger-set2 (151),train,./data/raw/FullLabelled/the-finger/the-finger-set2 (151).jpg,./dataset/skeleton_final_v2/the-finger/the-finger-set2 (151).npy
scissors,scissors-set2 (586),train,./data/raw/FullLabelled/scissors/scissors-set2 (586).jpg,./dataset/skeleton_final_v2/scissors/scissors-set2 (586).npy
paper,paper_2484,train,./data/raw/FullLabelled/paper/paper_2484.jpg,./dataset/skeleton_final_v2/paper/paper_2484.npy
ok,ok_Set2_ (253),train,./data/raw/FullLabelled/ok/ok_Set2_ (253).jpg,./dataset/skeleton_final_v2/ok/ok_Set2_ (253).npy
scissors,scissors (417),train,./data/raw/FullLabelled/scissors/scissors (417).jpg,./dataset/skeleton_final_v2/scissors/scissors (417).npy
scissors,scissors (14),train,./data/raw/FullLabelled/scissors/scissors (14).jpg,./dataset/skeleton_final_v2/scissors/scissors (14).npy
paper,paper-set2 (228),train,./data/raw/FullLabelled/paper/paper-set2 (228).jpg,./dataset/skeleton_final_v2/paper/paper-set2 (228).npy
scissors,scissors-set2 (519),train,./data/raw/FullLabelled/scissors/scissors-set2 (519).jpg,./dataset/skeleton_final_v2/scissors/scissors-set2 (519).npy
ok,ok_1929,train,./data/raw/FullLabelled/ok/ok_1929.jpg,./dataset/skeleton_final_v2/ok/ok_1929.npy
ok,ok_5959,train,./data/raw/FullLabelled/ok/ok_5959.jpg,./dataset/skeleton_final_v2/ok/ok_5959.npy
ok,ok_Set2_ (466),train,./data/raw/FullLabelled/ok/ok_Set2_ (466).jpg,./dataset/skeleton_final_v2/ok/ok_Set2_ (466).npy
the-finger,the-finger-set2 (347),train,./data/raw/FullLabelled/the-finger/the-finger-set2 (347).jpg,./dataset/skeleton_final_v2/the-finger/the-finger-set2 (347).npy
paper,paper-set2 (236),train,./data/raw/FullLabelled/paper/paper-set2 (236).jpg,./dataset/skeleton_final_v2/paper/paper-set2 (236).npy
ok,ok_Set2_ (216),train,./data/raw/FullLabelled/ok/ok_Set2_ (216).jpg,./dataset/skeleton_final_v2/ok/ok_Set2_ (216).npy
scissors,scissors_6943,train,./data/raw/FullLabelled/scissors/scissors_6943.jpg,./dataset/skeleton_final_v2/scissors/scissors_6943.npy
scissors,scissors (104),train,./data/raw/FullLabelled/scissors/scissors (104).jpg,./dataset/skeleton_final_v2/scissors/scissors (104).npy
paper,paper (233),train,./data/raw/FullLabelled/paper/paper (233).jpg,./dataset/skeleton_final_v2/paper/paper (233).npy
scissors,scissors (76),train,./data/raw/FullLabelled/scissors/scissors (76).jpg,./dataset/skeleton_final_v2/scissors/scissors (76).npy
the-finger,the-finger-set2 (406),train,./data/raw/FullLabelled/the-finger/the-finger-set2 (406).jpg,./dataset/skeleton_final_v2/the-finger/the-finger-set2 (406).npy
paper,paper-set2 (115),train,./data/raw/FullLabelled/paper/paper-set2 (115).jpg,./dataset/skeleton_final_v2/paper/paper-set2 (115).npy
paper,paper-set2 (290),train,./data/raw/FullLabelled/paper/paper-set2 (290).jpg,./dataset/skeleton_final_v2/paper/paper-set2 (290).npy
scissors,scissors_1524,train,./data/raw/FullLabelled/scissors/scissors_1524.jpg,./dataset/skeleton_final_v2/scissors/scissors_1524.npy
ok,ok_5945,train,./data/raw/FullLabelled/ok/ok_5945.jpg,./dataset/skeleton_final_v2/ok/ok_5945.npy
scissors,scissors (275),train,./data/raw/FullLabelled/scissors/scissors (275).jpg,./dataset/skeleton_final_v2/scissors/scissors (275).npy
paper,paper-set2 (377),train,./data/raw/FullLabelled/paper/paper-set2 (377).jpg,./dataset/skeleton_final_v2/paper/paper-set2 (377).npy
ok,ok_4991,train,./data/raw/FullLabelled/ok/ok_4991.jpg,./dataset/skeleton_final_v2/ok/ok_4991.npy
paper,paper_8732,train,./data/raw/FullLabelled/paper/paper_8732.jpg,./dataset/skeleton_final_v2/paper/paper_8732.npy
paper,paper-set2 (344),train,./data/raw/FullLabelled/paper/paper-set2 (344).jpg,./dataset/skeleton_final_v2/paper/paper-set2 (344).npy
ok,ok_Set2_ (418),train,./data/raw/FullLabelled/ok/ok_Set2_ (418).jpg,./dataset/skeleton_final_v2/ok/ok_Set2_ (418).npy
paper,paper_3723,train,./data/raw/FullLabelled/paper/paper_3723.jpg,./dataset/skeleton_final_v2/paper/paper_3723.npy
paper,paper_6694,train,./data/raw/FullLabelled/paper/paper_6694.jpg,./dataset/skeleton_final_v2/paper/paper_6694.npy
scissors,scissors (248),train,./data/raw/FullLabelled/scissors/scissors (248).jpg,./dataset/skeleton_final_v2/scissors/scissors (248).npy
ok,ok_8046,train,./data/raw/FullLabelled/ok/ok_8046.jpg,./dataset/skeleton_final_v2/ok/ok_8046.npy
rock,rock-set2 (157),train,./data/raw/FullLabelled/rock/rock-set2 (157).jpg,./dataset/skeleton_final_v2/rock/rock-set2 (157).npy
scissors,scissors (44),train,./data/raw/FullLabelled/scissors/scissors (44).jpg,./dataset/skeleton_final_v2/scissors/scissors (44).npy
ok,ok (194),train,./data/raw/FullLabelled/ok/ok (194).jpg,./dataset/skeleton_final_v2/ok/ok (194).npy
paper,paper_6693,train,./data/raw/FullLabelled/paper/paper_6693.jpg,./dataset/skeleton_final_v2/paper/paper_6693.npy
paper,paper-set2 (229),train,./data/raw/FullLabelled/paper/paper-set2 (229).jpg,./dataset/skeleton_final_v2/paper/paper-set2 (229).npy
paper,paper_3826,train,./data/raw/FullLabelled/paper/paper_3826.jpg,./dataset/skeleton_final_v2/paper/paper_3826.npy
paper,paper_1059,train,./data/raw/FullLabelled/paper/paper_1059.jpg,./dataset/skeleton_final_v2/paper/paper_1059.npy
rock,rock-set2 (49),train,./data/raw/FullLabelled/rock/rock-set2 (49).jpg,./dataset/skeleton_final_v2/rock/rock-set2 (49).npy
ok,ok_1580,train,./data/raw/FullLabelled/ok/ok_1580.jpg,./dataset/skeleton_final_v2/ok/ok_1580.npy
scissors,scissors-set2 (456),train,./data/raw/FullLabelled/scissors/scissors-set2 (456).jpg,./dataset/skeleton_final_v2/scissors/scissors-set2 (456).npy
ok,ok_9264,train,./data/raw/FullLabelled/ok/ok_9264.jpg,./dataset/skeleton_final_v2/ok/ok_9264.npy
scissors,scissors_5223,train,./data/raw/FullLabelled/scissors/scissors_5223.jpg,./dataset/skeleton_final_v2/scissors/scissors_5223.npy
ok,ok_Set2_ (545),train,./data/raw/FullLabelled/ok/ok_Set2_ (545).jpg,./dataset/skeleton_final_v2/ok/ok_Set2_ (545).npy
the-finger,the-finger-set2 (325),train,./data/raw/FullLabelled/the-finger/the-finger-set2 (325).jpg,./dataset/skeleton_final_v2/the-finger/the-finger-set2 (325).npy
the-finger,the-finger_6870,train,./data/raw/FullLabelled/the-finger/the-finger_6870.jpg,./dataset/skeleton_final_v2/the-finger/the-finger_6870.npy
scissors,scissors-set2 (178),train,./data/raw/FullLabelled/scissors/scissors-set2 (178).jpg,./dataset/skeleton_final_v2/scissors/scissors-set2 (178).npy
rock,rock-set2 (566),train,./data/raw/FullLabelled/rock/rock-set2 (566).jpg,./dataset/skeleton_final_v2/rock/rock-set2 (566).npy
paper,paper (166),train,./data/raw/FullLabelled/paper/paper (166).jpg,./dataset/skeleton_final_v2/paper/paper (166).npy
ok,ok_Set2_ (460),train,./data/raw/FullLabelled/ok/ok_Set2_ (460).jpg,./dataset/skeleton_final_v2/ok/ok_Set2_ (460).npy
ok,ok_Set2_ (379),train,./data/raw/FullLabelled/ok/ok_Set2_ (379).jpg,./dataset/skeleton_final_v2/ok/ok_Set2_ (379).npy
scissors,scissors_4656,train,./data/raw/FullLabelled/scissors/scissors_4656.jpg,./dataset/skeleton_final_v2/scissors/scissors_4656.npy
ok,ok_4046,train,./data/raw/FullLabelled/ok/ok_4046.jpg,./dataset/skeleton_final_v2/ok/ok_4046.npy
the-finger,the-finger_3452,train,./data/raw/FullLabelled/the-finger/the-finger_3452.jpg,./dataset/skeleton_final_v2/the-finger/the-finger_3452.npy
paper,paper-set2 (127),train,./data/raw/FullLabelled/paper/paper-set2 (127).jpg,./dataset/skeleton_final_v2/paper/paper-set2 (127).npy
scissors,scissors_6741,train,./data/raw/FullLabelled/scissors/scissors_6741.jpg,./dataset/skeleton_final_v2/scissors/scissors_6741.npy
the-finger,the-finger-set2 (16),train,./data/raw/FullLabelled/the-finger/the-finger-set2 (16).jpg,./dataset/skeleton_final_v2/the-finger/the-finger-set2 (16).npy
paper,paper (242),train,./data/raw/FullLabelled/paper/paper (242).jpg,./dataset/skeleton_final_v2/paper/paper (242).npy
scissors,scissors (408),train,./data/raw/FullLabelled/scissors/scissors (408).jpg,./dataset/skeleton_final_v2/scissors/scissors (408).npy
paper,paper-set2 (50),train,./data/raw/FullLabelled/paper/paper-set2 (50).jpg,./dataset/skeleton_final_v2/paper/paper-set2 (50).npy
scissors,scissors (412),train,./data/raw/FullLabelled/scissors/scissors (412).jpg,./dataset/skeleton_final_v2/scissors/scissors (412).npy
scissors,scissors_4632,train,./data/raw/FullLabelled/scissors/scissors_4632.jpg,./dataset/skeleton_final_v2/scissors/scissors_4632.npy
paper,paper_7595,train,./data/raw/FullLabelled/paper/paper_7595.jpg,./dataset/skeleton_final_v2/paper/paper_7595.npy
scissors,scissors_6739,train,./data/raw/FullLabelled/scissors/scissors_6739.jpg,./dataset/skeleton_final_v2/scissors/scissors_6739.npy
scissors,scissors_7625,train,./data/raw/FullLabelled/scissors/scissors_7625.jpg,./dataset/skeleton_final_v2/scissors/scissors_7625.npy
scissors,scissors (486),train,./data/raw/FullLabelled/scissors/scissors (486).jpg,./dataset/skeleton_final_v2/scissors/scissors (486).npy
ok,ok_6988,train,./data/raw/FullLabelled/ok/ok_6988.jpg,./dataset/skeleton_final_v2/ok/ok_6988.npy
rock,rock (262),train,./data/raw/FullLabelled/rock/rock (262).jpg,./dataset/skeleton_final_v2/rock/rock (262).npy
scissors,scissors-set2 (692),train,./data/raw/FullLabelled/scissors/scissors-set2 (692).jpg,./dataset/skeleton_final_v2/scissors/scissors-set2 (692).npy
scissors,scissors_3909,train,./data/raw/FullLabelled/scissors/scissors_3909.jpg,./dataset/skeleton_final_v2/scissors/scissors_3909.npy
scissors,scissors_4633,train,./data/raw/FullLabelled/scissors/scissors_4633.jpg,./dataset/skeleton_final_v2/scissors/scissors_4633.npy
scissors,scissors-set2 (331),train,./data/raw/FullLabelled/scissors/scissors-set2 (331).jpg,./dataset/skeleton_final_v2/scissors/scissors-set2 (331).npy
rock,rock (90),train,./data/raw/FullLabelled/rock/rock (90).jpg,./dataset/skeleton_final_v2/rock/rock (90).npy
paper,paper_7325,train,./data/raw/FullLabelled/paper/paper_7325.jpg,./dataset/skeleton_final_v2/paper/paper_7325.npy
scissors,scissors-set2 (417),train,./data/raw/FullLabelled/scissors/scissors-set2 (417).jpg,./dataset/skeleton_final_v2/scissors/scissors-set2 (417).npy
scissors,scissors_63,train,./data/raw/FullLabelled/scissors/scissors_63.jpg,./dataset/skeleton_final_v2/scissors/scissors_63.npy
paper,paper (243),train,./data/raw/FullLabelled/paper/paper (243).jpg,./dataset/skeleton_final_v2/paper/paper (243).npy
scissors,scissors-set2 (326),train,./data/raw/FullLabelled/scissors/scissors-set2 (326).jpg,./dataset/skeleton_final_v2/scissors/scissors-set2 (326).npy
paper,paper-set2 (210),train,./data/raw/FullLabelled/paper/paper-set2 (210).jpg,./dataset/skeleton_final_v2/paper/paper-set2 (210).npy
scissors,scissors_5479,train,./data/raw/FullLabelled/scissors/scissors_5479.jpg,./dataset/skeleton_final_v2/scissors/scissors_5479.npy
the-finger,the-finger-set2 (69),train,./data/raw/FullLabelled/the-finger/the-finger-set2 (69).jpg,./dataset/skeleton_final_v2/the-finger/the-finger-set2 (69).npy
paper,paper_7601,train,./data/raw/FullLabelled/paper/paper_7601.jpg,./dataset/skeleton_final_v2/paper/paper_7601.npy
paper,paper-set2 (207),train,./data/raw/FullLabelled/paper/paper-set2 (207).jpg,./dataset/skeleton_final_v2/paper/paper-set2 (207).npy
scissors,scissors-set2 (28),train,./data/raw/FullLabelled/scissors/scissors-set2 (28).jpg,./dataset/skeleton_final_v2/scissors/scissors-set2 (28).npy
the-finger,the-finger_7094,train,./data/raw/FullLabelled/the-finger/the-finger_7094.jpg,./dataset/skeleton_final_v2/the-finger/the-finger_7094.npy
the-finger,the-finger_2288,train,./data/raw/FullLabelled/the-finger/the-finger_2288.jpg,./dataset/skeleton_final_v2/the-finger/the-finger_2288.npy
paper,paper-set2 (76),train,./data/raw/FullLabelled/paper/paper-set2 (76).jpg,./dataset/skeleton_final_v2/paper/paper-set2 (76).npy
ok,ok (31),train,./data/raw/FullLabelled/ok/ok (31).jpg,./dataset/skeleton_final_v2/ok/ok (31).npy
rock,rock-set2 (11),train,./data/raw/FullLabelled/rock/rock-set2 (11).jpg,./dataset/skeleton_final_v2/rock/rock-set2 (11).npy
paper,paper_3669,train,./data/raw/FullLabelled/paper/paper_3669.jpg,./dataset/skeleton_final_v2/paper/paper_3669.npy
scissors,scissors-set2 (667),train,./data/raw/FullLabelled/scissors/scissors-set2 (667).jpg,./dataset/skeleton_final_v2/scissors/scissors-set2 (667).npy
scissors,scissors-set2 (633),train,./data/raw/FullLabelled/scissors/scissors-set2 (633).jpg,./dataset/skeleton_final_v2/scissors/scissors-set2 (633).npy
paper,paper_5120,train,./data/raw/FullLabelled/paper/paper_5120.jpg,./dataset/skeleton_final_v2/paper/paper_5120.npy
scissors,scissors_4623,train,./data/raw/FullLabelled/scissors/scissors_4623.jpg,./dataset/skeleton_final_v2/scissors/scissors_4623.npy
paper,paper-set2 (102),train,./data/raw/FullLabelled/paper/paper-set2 (102).jpg,./dataset/skeleton_final_v2/paper/paper-set2 (102).npy
paper,paper-set2 (383),train,./data/raw/FullLabelled/paper/paper-set2 (383).jpg,./dataset/skeleton_final_v2/paper/paper-set2 (383).npy
ok,ok_2941,train,./data/raw/FullLabelled/ok/ok_2941.jpg,./dataset/skeleton_final_v2/ok/ok_2941.npy
ok,ok_797,train,./data/raw/FullLabelled/ok/ok_797.jpg,./dataset/skeleton_final_v2/ok/ok_797.npy
rock,rock-set2 (10),train,./data/raw/FullLabelled/rock/rock-set2 (10).jpg,./dataset/skeleton_final_v2/rock/rock-set2 (10).npy
ok,ok_Set2_ (11),train,./data/raw/FullLabelled/ok/ok_Set2_ (11).jpg,./dataset/skeleton_final_v2/ok/ok_Set2_ (11).npy
paper,paper-set2 (84),train,./data/raw/FullLabelled/paper/paper-set2 (84).jpg,./dataset/skeleton_final_v2/paper/paper-set2 (84).npy
paper,paper (275),train,./data/raw/FullLabelled/paper/paper (275).jpg,./dataset/skeleton_final_v2/paper/paper (275).npy
paper,paper (54),train,./data/raw/FullLabelled/paper/paper (54).jpg,./dataset/skeleton_final_v2/paper/paper (54).npy
paper,paper-set2 (136),train,./data/raw/FullLabelled/paper/paper-set2 (136).jpg,./dataset/skeleton_final_v2/paper/paper-set2 (136).npy
scissors,scissors-set2 (539),train,./data/raw/FullLabelled/scissors/scissors-set2 (539).jpg,./dataset/skeleton_final_v2/scissors/scissors-set2 (539).npy
scissors,scissors-set2 (117),train,./data/raw/FullLabelled/scissors/scissors-set2 (117).jpg,./dataset/skeleton_final_v2/scissors/scissors-set2 (117).npy
ok,ok_2812,train,./data/raw/FullLabelled/ok/ok_2812.jpg,./dataset/skeleton_final_v2/ok/ok_2812.npy
paper,paper-set2 (93),train,./data/raw/FullLabelled/paper/paper-set2 (93).jpg,./dataset/skeleton_final_v2/paper/paper-set2 (93).npy
paper,paper (102),train,./data/raw/FullLabelled/paper/paper (102).jpg,./dataset/skeleton_final_v2/paper/paper (102).npy
scissors,scissors (86),train,./data/raw/FullLabelled/scissors/scissors (86).jpg,./dataset/skeleton_final_v2/scissors/scissors (86).npy
rock,rock (231),train,./data/raw/FullLabelled/rock/rock (231).jpg,./dataset/skeleton_final_v2/rock/rock (231).npy
scissors,scissors_6734,train,./data/raw/FullLabelled/scissors/scissors_6734.jpg,./dataset/skeleton_final_v2/scissors/scissors_6734.npy
scissors,scissors_8814,train,./data/raw/FullLabelled/scissors/scissors_8814.jpg,./dataset/skeleton_final_v2/scissors/scissors_8814.npy
paper,paper-set2 (202),train,./data/raw/FullLabelled/paper/paper-set2 (202).jpg,./dataset/skeleton_final_v2/paper/paper-set2 (202).npy
rock,rock_6494,train,./data/raw/FullLabelled/rock/rock_6494.jpg,./dataset/skeleton_final_v2/rock/rock_6494.npy
the-finger,the-finger-set2 (73),train,./data/raw/FullLabelled/the-finger/the-finger-set2 (73).jpg,./dataset/skeleton_final_v2/the-finger/the-finger-set2 (73).npy
scissors,scissors-set2 (492),train,./data/raw/FullLabelled/scissors/scissors-set2 (492).jpg,./dataset/skeleton_final_v2/scissors/scissors-set2 (492).npy
scissors,scissors_3911,train,./data/raw/FullLabelled/scissors/scissors_3911.jpg,./dataset/skeleton_final_v2/scissors/scissors_3911.npy
scissors,scissors-set2 (566),train,./data/raw/FullLabelled/scissors/scissors-set2 (566).jpg,./dataset/skeleton_final_v2/scissors/scissors-set2 (566).npy
ok,ok (65),train,./data/raw/FullLabelled/ok/ok (65).jpg,./dataset/skeleton_final_v2/ok/ok (65).npy
the-finger,the-finger-set2 (273),train,./data/raw/FullLabelled/the-finger/the-finger-set2 (273).jpg,./dataset/skeleton_final_v2/the-finger/the-finger-set2 (273).npy
paper,paper (197),train,./data/raw/FullLabelled/paper/paper (197).jpg,./dataset/skeleton_final_v2/paper/paper (197).npy
the-finger,the-finger_7084,train,./data/raw/FullLabelled/the-finger/the-finger_7084.jpg,./dataset/skeleton_final_v2/the-finger/the-finger_7084.npy
ok,ok_802,train,./data/raw/FullLabelled/ok/ok_802.jpg,./dataset/skeleton_final_v2/ok/ok_802.npy
ok,ok_9248,train,./data/raw/FullLabelled/ok/ok_9248.jpg,./dataset/skeleton_final_v2/ok/ok_9248.npy
paper,paper_6345,train,./data/raw/FullLabelled/paper/paper_6345.jpg,./dataset/skeleton_final_v2/paper/paper_6345.npy
the-finger,the-finger_7088,train,./data/raw/FullLabelled/the-finger/the-finger_7088.jpg,./dataset/skeleton_final_v2/the-finger/the-finger_7088.npy
the-finger,the-finger (10),train,./data/raw/FullLabelled/the-finger/the-finger (10).jpg,./dataset/skeleton_final_v2/the-finger/the-finger (10).npy
ok,ok_7015,train,./data/raw/FullLabelled/ok/ok_7015.jpg,./dataset/skeleton_final_v2/ok/ok_7015.npy
paper,paper_7312,train,./data/raw/FullLabelled/paper/paper_7312.jpg,./dataset/skeleton_final_v2/paper/paper_7312.npy
paper,paper-set2 (298),train,./data/raw/FullLabelled/paper/paper-set2 (298).jpg,./dataset/skeleton_final_v2/paper/paper-set2 (298).npy
scissors,scissors-set2 (202),train,./data/raw/FullLabelled/scissors/scissors-set2 (202).jpg,./dataset/skeleton_final_v2/scissors/scissors-set2 (202).npy
rock,rock-set2 (64),train,./data/raw/FullLabelled/rock/rock-set2 (64).jpg,./dataset/skeleton_final_v2/rock/rock-set2 (64).npy
paper,paper_5447,train,./data/raw/FullLabelled/paper/paper_5447.jpg,./dataset/skeleton_final_v2/paper/paper_5447.npy
ok,ok_Set2_ (336),train,./data/raw/FullLabelled/ok/ok_Set2_ (336).jpg,./dataset/skeleton_final_v2/ok/ok_Set2_ (336).npy
paper,paper_717,train,./data/raw/FullLabelled/paper/paper_717.jpg,./dataset/skeleton_final_v2/paper/paper_717.npy
scissors,scissors (166),train,./data/raw/FullLabelled/scissors/scissors (166).jpg,./dataset/skeleton_final_v2/scissors/scissors (166).npy
paper,paper (198),train,./data/raw/FullLabelled/paper/paper (198).jpg,./dataset/skeleton_final_v2/paper/paper (198).npy
rock,rock-set2 (296),train,./data/raw/FullLabelled/rock/rock-set2 (296).jpg,./dataset/skeleton_final_v2/rock/rock-set2 (296).npy
ok,ok_Set2_ (186),train,./data/raw/FullLabelled/ok/ok_Set2_ (186).jpg,./dataset/skeleton_final_v2/ok/ok_Set2_ (186).npy
ok,ok_5769,train,./data/raw/FullLabelled/ok/ok_5769.jpg,./dataset/skeleton_final_v2/ok/ok_5769.npy
the-finger,the-finger-set2 (388),train,./data/raw/FullLabelled/the-finger/the-finger-set2 (388).jpg,./dataset/skeleton_final_v2/the-finger/the-finger-set2 (388).npy
the-finger,the-finger-set2 (382),train,./data/raw/FullLabelled/the-finger/the-finger-set2 (382).jpg,./dataset/skeleton_final_v2/the-finger/the-finger-set2 (382).npy
ok,ok_2003,train,./data/raw/FullLabelled/ok/ok_2003.jpg,./dataset/skeleton_final_v2/ok/ok_2003.npy
ok,ok_5251,train,./data/raw/FullLabelled/ok/ok_5251.jpg,./dataset/skeleton_final_v2/ok/ok_5251.npy
scissors,scissors-set2 (523),train,./data/raw/FullLabelled/scissors/scissors-set2 (523).jpg,./dataset/skeleton_final_v2/scissors/scissors-set2 (523).npy
scissors,scissors_1869,train,./data/raw/FullLabelled/scissors/scissors_1869.jpg,./dataset/skeleton_final_v2/scissors/scissors_1869.npy
rock,rock_694,train,./data/raw/FullLabelled/rock/rock_694.jpg,./dataset/skeleton_final_v2/rock/rock_694.npy
paper,paper_6117,train,./data/raw/FullLabelled/paper/paper_6117.jpg,./dataset/skeleton_final_v2/paper/paper_6117.npy
scissors,scissors_7336,train,./data/raw/FullLabelled/scissors/scissors_7336.jpg,./dataset/skeleton_final_v2/scissors/scissors_7336.npy
scissors,scissors_6540,train,./data/raw/FullLabelled/scissors/scissors_6540.jpg,./dataset/skeleton_final_v2/scissors/scissors_6540.npy
paper,paper (147),train,./data/raw/FullLabelled/paper/paper (147).jpg,./dataset/skeleton_final_v2/paper/paper (147).npy
scissors,scissors_5485,train,./data/raw/FullLabelled/scissors/scissors_5485.jpg,./dataset/skeleton_final_v2/scissors/scissors_5485.npy
ok,ok_2938,train,./data/raw/FullLabelled/ok/ok_2938.jpg,./dataset/skeleton_final_v2/ok/ok_2938.npy
paper,paper_5889,train,./data/raw/FullLabelled/paper/paper_5889.jpg,./dataset/skeleton_final_v2/paper/paper_5889.npy
scissors,scissors (222),train,./data/raw/FullLabelled/scissors/scissors (222).jpg,./dataset/skeleton_final_v2/scissors/scissors (222).npy
scissors,scissors-set2 (208),train,./data/raw/FullLabelled/scissors/scissors-set2 (208).jpg,./dataset/skeleton_final_v2/scissors/scissors-set2 (208).npy
paper,paper_6698,train,./data/raw/FullLabelled/paper/paper_6698.jpg,./dataset/skeleton_final_v2/paper/paper_6698.npy
scissors,scissors_6548,train,./data/raw/FullLabelled/scissors/scissors_6548.jpg,./dataset/skeleton_final_v2/scissors/scissors_6548.npy
the-finger,the-finger_3460,train,./data/raw/FullLabelled/the-finger/the-finger_3460.jpg,./dataset/skeleton_final_v2/the-finger/the-finger_3460.npy
the-finger,the-finger (161),train,./data/raw/FullLabelled/the-finger/the-finger (161).jpg,./dataset/skeleton_final_v2/the-finger/the-finger (161).npy
ok,ok (226),train,./data/raw/FullLabelled/ok/ok (226).jpg,./dataset/skeleton_final_v2/ok/ok (226).npy
paper,paper-set2 (413),train,./data/raw/FullLabelled/paper/paper-set2 (413).jpg,./dataset/skeleton_final_v2/paper/paper-set2 (413).npy
paper,paper-set2 (457),train,./data/raw/FullLabelled/paper/paper-set2 (457).jpg,./dataset/skeleton_final_v2/paper/paper-set2 (457).npy
rock,rock_679,train,./data/raw/FullLabelled/rock/rock_679.jpg,./dataset/skeleton_final_v2/rock/rock_679.npy
ok,ok_Set2_ (141),train,./data/raw/FullLabelled/ok/ok_Set2_ (141).jpg,./dataset/skeleton_final_v2/ok/ok_Set2_ (141).npy
paper,paper-set2 (173),train,./data/raw/FullLabelled/paper/paper-set2 (173).jpg,./dataset/skeleton_final_v2/paper/paper-set2 (173).npy
the-finger,the-finger-set2 (298),train,./data/raw/FullLabelled/the-finger/the-finger-set2 (298).jpg,./dataset/skeleton_final_v2/the-finger/the-finger-set2 (298).npy
scissors,scissors-set2 (78),train,./data/raw/FullLabelled/scissors/scissors-set2 (78).jpg,./dataset/skeleton_final_v2/scissors/scissors-set2 (78).npy
ok,ok (256),train,./data/raw/FullLabelled/ok/ok (256).jpg,./dataset/skeleton_final_v2/ok/ok (256).npy
ok,ok (238),train,./data/raw/FullLabelled/ok/ok (238).jpg,./dataset/skeleton_final_v2/ok/ok (238).npy
paper,paper (131),train,./data/raw/FullLabelled/paper/paper (131).jpg,./dataset/skeleton_final_v2/paper/paper (131).npy
ok,ok_Set2_ (213),train,./data/raw/FullLabelled/ok/ok_Set2_ (213).jpg,./dataset/skeleton_final_v2/ok/ok_Set2_ (213).npy
paper,paper-set2 (286),train,./data/raw/FullLabelled/paper/paper-set2 (286).jpg,./dataset/skeleton_final_v2/paper/paper-set2 (286).npy
paper,paper (157),train,./data/raw/FullLabelled/paper/paper (157).jpg,./dataset/skeleton_final_v2/paper/paper (157).npy
the-finger,the-finger_596,train,./data/raw/FullLabelled/the-finger/the-finger_596.jpg,./dataset/skeleton_final_v2/the-finger/the-finger_596.npy
ok,ok_5522,train,./data/raw/FullLabelled/ok/ok_5522.jpg,./dataset/skeleton_final_v2/ok/ok_5522.npy
the-finger,the-finger_1738,train,./data/raw/FullLabelled/the-finger/the-finger_1738.jpg,./dataset/skeleton_final_v2/the-finger/the-finger_1738.npy
paper,paper-set2 (447),train,./data/raw/FullLabelled/paper/paper-set2 (447).jpg,./dataset/skeleton_final_v2/paper/paper-set2 (447).npy
paper,paper_5470,train,./data/raw/FullLabelled/paper/paper_5470.jpg,./dataset/skeleton_final_v2/paper/paper_5470.npy
scissors,scissors (236),train,./data/raw/FullLabelled/scissors/scissors (236).jpg,./dataset/skeleton_final_v2/scissors/scissors (236).npy
scissors,scissors-set2 (376),train,./data/raw/FullLabelled/scissors/scissors-set2 (376).jpg,./dataset/skeleton_final_v2/scissors/scissors-set2 (376).npy
rock,rock_699,train,./data/raw/FullLabelled/rock/rock_699.jpg,./dataset/skeleton_final_v2/rock/rock_699.npy
scissors,scissors-set2 (119),train,./data/raw/FullLabelled/scissors/scissors-set2 (119).jpg,./dataset/skeleton_final_v2/scissors/scissors-set2 (119).npy
ok,ok_Set2_ (458),train,./data/raw/FullLabelled/ok/ok_Set2_ (458).jpg,./dataset/skeleton_final_v2/ok/ok_Set2_ (458).npy
scissors,scissors (47),train,./data/raw/FullLabelled/scissors/scissors (47).jpg,./dataset/skeleton_final_v2/scissors/scissors (47).npy
paper,paper (199),train,./data/raw/FullLabelled/paper/paper (199).jpg,./dataset/skeleton_final_v2/paper/paper (199).npy
the-finger,the-finger (49),train,./data/raw/FullLabelled/the-finger/the-finger (49).jpg,./dataset/skeleton_final_v2/the-finger/the-finger (49).npy
ok,ok_Set2_ (472),train,./data/raw/FullLabelled/ok/ok_Set2_ (472).jpg,./dataset/skeleton_final_v2/ok/ok_Set2_ (472).npy
paper,paper_3748,train,./data/raw/FullLabelled/paper/paper_3748.jpg,./dataset/skeleton_final_v2/paper/paper_3748.npy
ok,ok_Set2_ (249),train,./data/raw/FullLabelled/ok/ok_Set2_ (249).jpg,./dataset/skeleton_final_v2/ok/ok_Set2_ (249).npy
scissors,scissors (407),train,./data/raw/FullLabelled/scissors/scissors (407).jpg,./dataset/skeleton_final_v2/scissors/scissors (407).npy
scissors,scissors (89),train,./data/raw/FullLabelled/scissors/scissors (89).jpg,./dataset/skeleton_final_v2/scissors/scissors (89).npy
paper,paper-set2 (292),train,./data/raw/FullLabelled/paper/paper-set2 (292).jpg,./dataset/skeleton_final_v2/paper/paper-set2 (292).npy
rock,rock-set2 (581),train,./data/raw/FullLabelled/rock/rock-set2 (581).jpg,./dataset/skeleton_final_v2/rock/rock-set2 (581).npy
ok,ok_Set2_ (46),train,./data/raw/FullLabelled/ok/ok_Set2_ (46).jpg,./dataset/skeleton_final_v2/ok/ok_Set2_ (46).npy
paper,paper_3809,train,./data/raw/FullLabelled/paper/paper_3809.jpg,./dataset/skeleton_final_v2/paper/paper_3809.npy
the-finger,the-finger_6291,train,./data/raw/FullLabelled/the-finger/the-finger_6291.jpg,./dataset/skeleton_final_v2/the-finger/the-finger_6291.npy
ok,ok (92),train,./data/raw/FullLabelled/ok/ok (92).jpg,./dataset/skeleton_final_v2/ok/ok (92).npy
scissors,scissors (181),train,./data/raw/FullLabelled/scissors/scissors (181).jpg,./dataset/skeleton_final_v2/scissors/scissors (181).npy
scissors,scissors-set2 (314),train,./data/raw/FullLabelled/scissors/scissors-set2 (314).jpg,./dataset/skeleton_final_v2/scissors/scissors-set2 (314).npy
paper,paper_3643,train,./data/raw/FullLabelled/paper/paper_3643.jpg,./dataset/skeleton_final_v2/paper/paper_3643.npy
the-finger,the-finger-set2 (280),train,./data/raw/FullLabelled/the-finger/the-finger-set2 (280).jpg,./dataset/skeleton_final_v2/the-finger/the-finger-set2 (280).npy
the-finger,the-finger_6464,train,./data/raw/FullLabelled/the-finger/the-finger_6464.jpg,./dataset/skeleton_final_v2/the-finger/the-finger_6464.npy
ok,ok_790,train,./data/raw/FullLabelled/ok/ok_790.jpg,./dataset/skeleton_final_v2/ok/ok_790.npy
ok,ok_Set2_ (250),train,./data/raw/FullLabelled/ok/ok_Set2_ (250).jpg,./dataset/skeleton_final_v2/ok/ok_Set2_ (250).npy
paper,paper-set2 (82),train,./data/raw/FullLabelled/paper/paper-set2 (82).jpg,./dataset/skeleton_final_v2/paper/paper-set2 (82).npy
paper,paper_1820,train,./data/raw/FullLabelled/paper/paper_1820.jpg,./dataset/skeleton_final_v2/paper/paper_1820.npy
paper,paper (98),train,./data/raw/FullLabelled/paper/paper (98).jpg,./dataset/skeleton_final_v2/paper/paper (98).npy
the-finger,the-finger-set2 (285),train,./data/raw/FullLabelled/the-finger/the-finger-set2 (285).jpg,./dataset/skeleton_final_v2/the-finger/the-finger-set2 (285).npy
paper,paper_718,train,./data/raw/FullLabelled/paper/paper_718.jpg,./dataset/skeleton_final_v2/paper/paper_718.npy
the-finger,the-finger_6461,train,./data/raw/FullLabelled/the-finger/the-finger_6461.jpg,./dataset/skeleton_final_v2/the-finger/the-finger_6461.npy
paper,paper-set2 (195),train,./data/raw/FullLabelled/paper/paper-set2 (195).jpg,./dataset/skeleton_final_v2/paper/paper-set2 (195).npy
the-finger,the-finger_895,train,./data/raw/FullLabelled/the-finger/the-finger_895.jpg,./dataset/skeleton_final_v2/the-finger/the-finger_895.npy
scissors,scissors-set2 (288),train,./data/raw/FullLabelled/scissors/scissors-set2 (288).jpg,./dataset/skeleton_final_v2/scissors/scissors-set2 (288).npy
scissors,scissors_1119,train,./data/raw/FullLabelled/scissors/scissors_1119.jpg,./dataset/skeleton_final_v2/scissors/scissors_1119.npy
paper,paper (92),train,./data/raw/FullLabelled/paper/paper (92).jpg,./dataset/skeleton_final_v2/paper/paper (92).npy
paper,paper_4577,train,./data/raw/FullLabelled/paper/paper_4577.jpg,./dataset/skeleton_final_v2/paper/paper_4577.npy
paper,paper_5128,train,./data/raw/FullLabelled/paper/paper_5128.jpg,./dataset/skeleton_final_v2/paper/paper_5128.npy
rock,rock_14,train,./data/raw/FullLabelled/rock/rock_14.jpg,./dataset/skeleton_final_v2/rock/rock_14.npy
paper,paper_1037,train,./data/raw/FullLabelled/paper/paper_1037.jpg,./dataset/skeleton_final_v2/paper/paper_1037.npy
scissors,scissors_7355,train,./data/raw/FullLabelled/scissors/scissors_7355.jpg,./dataset/skeleton_final_v2/scissors/scissors_7355.npy
rock,rock-set2 (17),train,./data/raw/FullLabelled/rock/rock-set2 (17).jpg,./dataset/skeleton_final_v2/rock/rock-set2 (17).npy
ok,ok_7689,train,./data/raw/FullLabelled/ok/ok_7689.jpg,./dataset/skeleton_final_v2/ok/ok_7689.npy
the-finger,the-finger-set2 (337),train,./data/raw/FullLabelled/the-finger/the-finger-set2 (337).jpg,./dataset/skeleton_final_v2/the-finger/the-finger-set2 (337).npy
paper,paper-set2 (493),train,./data/raw/FullLabelled/paper/paper-set2 (493).jpg,./dataset/skeleton_final_v2/paper/paper-set2 (493).npy
scissors,scissors-set2 (32),train,./data/raw/FullLabelled/scissors/scissors-set2 (32).jpg,./dataset/skeleton_final_v2/scissors/scissors-set2 (32).npy
the-finger,the-finger_6072,train,./data/raw/FullLabelled/the-finger/the-finger_6072.jpg,./dataset/skeleton_final_v2/the-finger/the-finger_6072.npy
scissors,scissors-set2 (206),train,./data/raw/FullLabelled/scissors/scissors-set2 (206).jpg,./dataset/skeleton_final_v2/scissors/scissors-set2 (206).npy
paper,paper-set2 (25),train,./data/raw/FullLabelled/paper/paper-set2 (25).jpg,./dataset/skeleton_final_v2/paper/paper-set2 (25).npy
paper,paper_8750,train,./data/raw/FullLabelled/paper/paper_8750.jpg,./dataset/skeleton_final_v2/paper/paper_8750.npy
paper,paper-set2 (427),train,./data/raw/FullLabelled/paper/paper-set2 (427).jpg,./dataset/skeleton_final_v2/paper/paper-set2 (427).npy
ok,ok_Set2_ (116),train,./data/raw/FullLabelled/ok/ok_Set2_ (116).jpg,./dataset/skeleton_final_v2/ok/ok_Set2_ (116).npy
paper,paper (270),train,./data/raw/FullLabelled/paper/paper (270).jpg,./dataset/skeleton_final_v2/paper/paper (270).npy
paper,paper_732,train,./data/raw/FullLabelled/paper/paper_732.jpg,./dataset/skeleton_final_v2/paper/paper_732.npy
paper,paper_3779,train,./data/raw/FullLabelled/paper/paper_3779.jpg,./dataset/skeleton_final_v2/paper/paper_3779.npy
paper,paper (230),train,./data/raw/FullLabelled/paper/paper (230).jpg,./dataset/skeleton_final_v2/paper/paper (230).npy
paper,paper-set2 (176),train,./data/raw/FullLabelled/paper/paper-set2 (176).jpg,./dataset/skeleton_final_v2/paper/paper-set2 (176).npy
scissors,scissors_4644,train,./data/raw/FullLabelled/scissors/scissors_4644.jpg,./dataset/skeleton_final_v2/scissors/scissors_4644.npy
scissors,scissors-set2 (594),train,./data/raw/FullLabelled/scissors/scissors-set2 (594).jpg,./dataset/skeleton_final_v2/scissors/scissors-set2 (594).npy
paper,paper-set2 (77),train,./data/raw/FullLabelled/paper/paper-set2 (77).jpg,./dataset/skeleton_final_v2/paper/paper-set2 (77).npy
paper,paper_4579,train,./data/raw/FullLabelled/paper/paper_4579.jpg,./dataset/skeleton_final_v2/paper/paper_4579.npy
scissors,scissors (246),train,./data/raw/FullLabelled/scissors/scissors (246).jpg,./dataset/skeleton_final_v2/scissors/scissors (246).npy
ok,ok_Set2_ (431),train,./data/raw/FullLabelled/ok/ok_Set2_ (431).jpg,./dataset/skeleton_final_v2/ok/ok_Set2_ (431).npy
scissors,scissors-set2 (574),train,./data/raw/FullLabelled/scissors/scissors-set2 (574).jpg,./dataset/skeleton_final_v2/scissors/scissors-set2 (574).npy
the-finger,the-finger-set2 (269),train,./data/raw/FullLabelled/the-finger/the-finger-set2 (269).jpg,./dataset/skeleton_final_v2/the-finger/the-finger-set2 (269).npy
paper,paper-set2 (406),train,./data/raw/FullLabelled/paper/paper-set2 (406).jpg,./dataset/skeleton_final_v2/paper/paper-set2 (406).npy
the-finger,the-finger-set2 (100),train,./data/raw/FullLabelled/the-finger/the-finger-set2 (100).jpg,./dataset/skeleton_final_v2/the-finger/the-finger-set2 (100).npy
ok,ok_5951,train,./data/raw/FullLabelled/ok/ok_5951.jpg,./dataset/skeleton_final_v2/ok/ok_5951.npy
scissors,scissors-set2 (335),train,./data/raw/FullLabelled/scissors/scissors-set2 (335).jpg,./dataset/skeleton_final_v2/scissors/scissors-set2 (335).npy
paper,paper-set2 (400),train,./data/raw/FullLabelled/paper/paper-set2 (400).jpg,./dataset/skeleton_final_v2/paper/paper-set2 (400).npy
scissors,scissors-set2 (563),train,./data/raw/FullLabelled/scissors/scissors-set2 (563).jpg,./dataset/skeleton_final_v2/scissors/scissors-set2 (563).npy
scissors,scissors_5220,train,./data/raw/FullLabelled/scissors/scissors_5220.jpg,./dataset/skeleton_final_v2/scissors/scissors_5220.npy
scissors,scissors_49,train,./data/raw/FullLabelled/scissors/scissors_49.jpg,./dataset/skeleton_final_v2/scissors/scissors_49.npy
ok,ok_4989,train,./data/raw/FullLabelled/ok/ok_4989.jpg,./dataset/skeleton_final_v2/ok/ok_4989.npy
paper,paper_9142,train,./data/raw/FullLabelled/paper/paper_9142.jpg,./dataset/skeleton_final_v2/paper/paper_9142.npy
paper,paper-set2 (120),train,./data/raw/FullLabelled/paper/paper-set2 (120).jpg,./dataset/skeleton_final_v2/paper/paper-set2 (120).npy
paper,paper_7591,train,./data/raw/FullLabelled/paper/paper_7591.jpg,./dataset/skeleton_final_v2/paper/paper_7591.npy
paper,paper (172),train,./data/raw/FullLabelled/paper/paper (172).jpg,./dataset/skeleton_final_v2/paper/paper (172).npy
ok,ok_6994,train,./data/raw/FullLabelled/ok/ok_6994.jpg,./dataset/skeleton_final_v2/ok/ok_6994.npy
paper,paper_7324,train,./data/raw/FullLabelled/paper/paper_7324.jpg,./dataset/skeleton_final_v2/paper/paper_7324.npy
paper,paper-set2 (445),train,./data/raw/FullLabelled/paper/paper-set2 (445).jpg,./dataset/skeleton_final_v2/paper/paper-set2 (445).npy
the-finger,the-finger_604,train,./data/raw/FullLabelled/the-finger/the-finger_604.jpg,./dataset/skeleton_final_v2/the-finger/the-finger_604.npy
scissors,scissors_2718,train,./data/raw/FullLabelled/scissors/scissors_2718.jpg,./dataset/skeleton_final_v2/scissors/scissors_2718.npy
ok,ok_7009,train,./data/raw/FullLabelled/ok/ok_7009.jpg,./dataset/skeleton_final_v2/ok/ok_7009.npy
scissors,scissors-set2 (629),train,./data/raw/FullLabelled/scissors/scissors-set2 (629).jpg,./dataset/skeleton_final_v2/scissors/scissors-set2 (629).npy
ok,ok_Set2_ (514),train,./data/raw/FullLabelled/ok/ok_Set2_ (514).jpg,./dataset/skeleton_final_v2/ok/ok_Set2_ (514).npy
paper,paper_5469,train,./data/raw/FullLabelled/paper/paper_5469.jpg,./dataset/skeleton_final_v2/paper/paper_5469.npy
paper,paper_5152,train,./data/raw/FullLabelled/paper/paper_5152.jpg,./dataset/skeleton_final_v2/paper/paper_5152.npy
paper,paper-set2 (146),train,./data/raw/FullLabelled/paper/paper-set2 (146).jpg,./dataset/skeleton_final_v2/paper/paper-set2 (146).npy
rock,rock (92),train,./data/raw/FullLabelled/rock/rock (92).jpg,./dataset/skeleton_final_v2/rock/rock (92).npy
paper,paper-set2 (199),train,./data/raw/FullLabelled/paper/paper-set2 (199).jpg,./dataset/skeleton_final_v2/paper/paper-set2 (199).npy
the-finger,the-finger_6457,train,./data/raw/FullLabelled/the-finger/the-finger_6457.jpg,./dataset/skeleton_final_v2/the-finger/the-finger_6457.npy
rock,rock (98),train,./data/raw/FullLabelled/rock/rock (98).jpg,./dataset/skeleton_final_v2/rock/rock (98).npy
paper,paper-set2 (258),train,./data/raw/FullLabelled/paper/paper-set2 (258).jpg,./dataset/skeleton_final_v2/paper/paper-set2 (258).npy
scissors,scissors_2647,train,./data/raw/FullLabelled/scissors/scissors_2647.jpg,./dataset/skeleton_final_v2/scissors/scissors_2647.npy
the-finger,the-finger_7836,train,./data/raw/FullLabelled/the-finger/the-finger_7836.jpg,./dataset/skeleton_final_v2/the-finger/the-finger_7836.npy
scissors,scissors (285),train,./data/raw/FullLabelled/scissors/scissors (285).jpg,./dataset/skeleton_final_v2/scissors/scissors (285).npy
scissors,scissors_5920,train,./data/raw/FullLabelled/scissors/scissors_5920.jpg,./dataset/skeleton_final_v2/scissors/scissors_5920.npy
rock,rock-set2 (48),train,./data/raw/FullLabelled/rock/rock-set2 (48).jpg,./dataset/skeleton_final_v2/rock/rock-set2 (48).npy
the-finger,the-finger (79),train,./data/raw/FullLabelled/the-finger/the-finger (79).jpg,./dataset/skeleton_final_v2/the-finger/the-finger (79).npy
the-finger,the-finger_5841,train,./data/raw/FullLabelled/the-finger/the-finger_5841.jpg,./dataset/skeleton_final_v2/the-finger/the-finger_5841.npy
scissors,scissors_5494,train,./data/raw/FullLabelled/scissors/scissors_5494.jpg,./dataset/skeleton_final_v2/scissors/scissors_5494.npy
ok,ok_Set2_ (442),train,./data/raw/FullLabelled/ok/ok_Set2_ (442).jpg,./dataset/skeleton_final_v2/ok/ok_Set2_ (442).npy
the-finger,the-finger-set2 (203),train,./data/raw/FullLabelled/the-finger/the-finger-set2 (203).jpg,./dataset/skeleton_final_v2/the-finger/the-finger-set2 (203).npy
scissors,scissors_2655,train,./data/raw/FullLabelled/scissors/scissors_2655.jpg,./dataset/skeleton_final_v2/scissors/scissors_2655.npy
scissors,scissors-set2 (77),train,./data/raw/FullLabelled/scissors/scissors-set2 (77).jpg,./dataset/skeleton_final_v2/scissors/scissors-set2 (77).npy
scissors,scissors_6556,train,./data/raw/FullLabelled/scissors/scissors_6556.jpg,./dataset/skeleton_final_v2/scissors/scissors_6556.npy
paper,paper-set2 (162),train,./data/raw/FullLabelled/paper/paper-set2 (162).jpg,./dataset/skeleton_final_v2/paper/paper-set2 (162).npy
scissors,scissors-set2 (27),train,./data/raw/FullLabelled/scissors/scissors-set2 (27).jpg,./dataset/skeleton_final_v2/scissors/scissors-set2 (27).npy
ok,ok_Set2_ (70),train,./data/raw/FullLabelled/ok/ok_Set2_ (70).jpg,./dataset/skeleton_final_v2/ok/ok_Set2_ (70).npy
rock,rock-set2 (55),train,./data/raw/FullLabelled/rock/rock-set2 (55).jpg,./dataset/skeleton_final_v2/rock/rock-set2 (55).npy
scissors,scissors (214),train,./data/raw/FullLabelled/scissors/scissors (214).jpg,./dataset/skeleton_final_v2/scissors/scissors (214).npy
ok,ok_781,train,./data/raw/FullLabelled/ok/ok_781.jpg,./dataset/skeleton_final_v2/ok/ok_781.npy
rock,rock-set2 (347),train,./data/raw/FullLabelled/rock/rock-set2 (347).jpg,./dataset/skeleton_final_v2/rock/rock-set2 (347).npy
ok,ok_Set2_ (422),train,./data/raw/FullLabelled/ok/ok_Set2_ (422).jpg,./dataset/skeleton_final_v2/ok/ok_Set2_ (422).npy
rock,rock-set2 (218),train,./data/raw/FullLabelled/rock/rock-set2 (218).jpg,./dataset/skeleton_final_v2/rock/rock-set2 (218).npy
scissors,scissors-set2 (246),train,./data/raw/FullLabelled/scissors/scissors-set2 (246).jpg,./dataset/skeleton_final_v2/scissors/scissors-set2 (246).npy
rock,rock-set2 (434),train,./data/raw/FullLabelled/rock/rock-set2 (434).jpg,./dataset/skeleton_final_v2/rock/rock-set2 (434).npy
scissors,scissors (232),train,./data/raw/FullLabelled/scissors/scissors (232).jpg,./dataset/skeleton_final_v2/scissors/scissors (232).npy
scissors,scissors (60),train,./data/raw/FullLabelled/scissors/scissors (60).jpg,./dataset/skeleton_final_v2/scissors/scissors (60).npy
ok,ok_Set2_ (540),train,./data/raw/FullLabelled/ok/ok_Set2_ (540).jpg,./dataset/skeleton_final_v2/ok/ok_Set2_ (540).npy
paper,paper-set2 (206),train,./data/raw/FullLabelled/paper/paper-set2 (206).jpg,./dataset/skeleton_final_v2/paper/paper-set2 (206).npy
rock,rock-set2 (168),train,./data/raw/FullLabelled/rock/rock-set2 (168).jpg,./dataset/skeleton_final_v2/rock/rock-set2 (168).npy
paper,paper_708,train,./data/raw/FullLabelled/paper/paper_708.jpg,./dataset/skeleton_final_v2/paper/paper_708.npy
paper,paper-set2 (140),train,./data/raw/FullLabelled/paper/paper-set2 (140).jpg,./dataset/skeleton_final_v2/paper/paper-set2 (140).npy
ok,ok_Set2_ (475),train,./data/raw/FullLabelled/ok/ok_Set2_ (475).jpg,./dataset/skeleton_final_v2/ok/ok_Set2_ (475).npy
ok,ok_2497,train,./data/raw/FullLabelled/ok/ok_2497.jpg,./dataset/skeleton_final_v2/ok/ok_2497.npy
scissors,scissors-set2 (622),train,./data/raw/FullLabelled/scissors/scissors-set2 (622).jpg,./dataset/skeleton_final_v2/scissors/scissors-set2 (622).npy
ok,ok_1983,train,./data/raw/FullLabelled/ok/ok_1983.jpg,./dataset/skeleton_final_v2/ok/ok_1983.npy
ok,ok (17),train,./data/raw/FullLabelled/ok/ok (17).jpg,./dataset/skeleton_final_v2/ok/ok (17).npy
scissors,scissors (252),train,./data/raw/FullLabelled/scissors/scissors (252).jpg,./dataset/skeleton_final_v2/scissors/scissors (252).npy
ok,ok (247),train,./data/raw/FullLabelled/ok/ok (247).jpg,./dataset/skeleton_final_v2/ok/ok (247).npy
scissors,scissors-set2 (446),train,./data/raw/FullLabelled/scissors/scissors-set2 (446).jpg,./dataset/skeleton_final_v2/scissors/scissors-set2 (446).npy
the-finger,the-finger-set2 (187),train,./data/raw/FullLabelled/the-finger/the-finger-set2 (187).jpg,./dataset/skeleton_final_v2/the-finger/the-finger-set2 (187).npy
scissors,scissors_410,train,./data/raw/FullLabelled/scissors/scissors_410.jpg,./dataset/skeleton_final_v2/scissors/scissors_410.npy
the-finger,the-finger-set2 (238),train,./data/raw/FullLabelled/the-finger/the-finger-set2 (238).jpg,./dataset/skeleton_final_v2/the-finger/the-finger-set2 (238).npy
ok,ok_2656,train,./data/raw/FullLabelled/ok/ok_2656.jpg,./dataset/skeleton_final_v2/ok/ok_2656.npy
scissors,scissors-set2 (42),train,./data/raw/FullLabelled/scissors/scissors-set2 (42).jpg,./dataset/skeleton_final_v2/scissors/scissors-set2 (42).npy
the-finger,the-finger-set2 (270),train,./data/raw/FullLabelled/the-finger/the-finger-set2 (270).jpg,./dataset/skeleton_final_v2/the-finger/the-finger-set2 (270).npy
paper,paper-set2 (462),train,./data/raw/FullLabelled/paper/paper-set2 (462).jpg,./dataset/skeleton_final_v2/paper/paper-set2 (462).npy
paper,paper_5140,train,./data/raw/FullLabelled/paper/paper_5140.jpg,./dataset/skeleton_final_v2/paper/paper_5140.npy
paper,paper-set2 (470),train,./data/raw/FullLabelled/paper/paper-set2 (470).jpg,./dataset/skeleton_final_v2/paper/paper-set2 (470).npy
the-finger,the-finger_5846,train,./data/raw/FullLabelled/the-finger/the-finger_5846.jpg,./dataset/skeleton_final_v2/the-finger/the-finger_5846.npy
paper,paper_7940,train,./data/raw/FullLabelled/paper/paper_7940.jpg,./dataset/skeleton_final_v2/paper/paper_7940.npy
rock,rock (232),train,./data/raw/FullLabelled/rock/rock (232).jpg,./dataset/skeleton_final_v2/rock/rock (232).npy
paper,paper_6702,train,./data/raw/FullLabelled/paper/paper_6702.jpg,./dataset/skeleton_final_v2/paper/paper_6702.npy
the-finger,the-finger-set2 (14),train,./data/raw/FullLabelled/the-finger/the-finger-set2 (14).jpg,./dataset/skeleton_final_v2/the-finger/the-finger-set2 (14).npy
paper,paper-set2 (40),train,./data/raw/FullLabelled/paper/paper-set2 (40).jpg,./dataset/skeleton_final_v2/paper/paper-set2 (40).npy
scissors,scissors (243),train,./data/raw/FullLabelled/scissors/scissors (243).jpg,./dataset/skeleton_final_v2/scissors/scissors (243).npy
ok,ok_Set2_ (94),train,./data/raw/FullLabelled/ok/ok_Set2_ (94).jpg,./dataset/skeleton_final_v2/ok/ok_Set2_ (94).npy
scissors,scissors-set2 (226),train,./data/raw/FullLabelled/scissors/scissors-set2 (226).jpg,./dataset/skeleton_final_v2/scissors/scissors-set2 (226).npy
paper,paper-set2 (138),train,./data/raw/FullLabelled/paper/paper-set2 (138).jpg,./dataset/skeleton_final_v2/paper/paper-set2 (138).npy
the-finger,the-finger-set2 (350),train,./data/raw/FullLabelled/the-finger/the-finger-set2 (350).jpg,./dataset/skeleton_final_v2/the-finger/the-finger-set2 (350).npy
ok,ok (62),train,./data/raw/FullLabelled/ok/ok (62).jpg,./dataset/skeleton_final_v2/ok/ok (62).npy
scissors,scissors-set2 (40),train,./data/raw/FullLabelled/scissors/scissors-set2 (40).jpg,./dataset/skeleton_final_v2/scissors/scissors-set2 (40).npy
ok,ok_7019,train,./data/raw/FullLabelled/ok/ok_7019.jpg,./dataset/skeleton_final_v2/ok/ok_7019.npy
paper,paper_7311,train,./data/raw/FullLabelled/paper/paper_7311.jpg,./dataset/skeleton_final_v2/paper/paper_7311.npy
scissors,scissors_6952,train,./data/raw/FullLabelled/scissors/scissors_6952.jpg,./dataset/skeleton_final_v2/scissors/scissors_6952.npy
scissors,scissors-set2 (212),train,./data/raw/FullLabelled/scissors/scissors-set2 (212).jpg,./dataset/skeleton_final_v2/scissors/scissors-set2 (212).npy
ok,ok_4084,train,./data/raw/FullLabelled/ok/ok_4084.jpg,./dataset/skeleton_final_v2/ok/ok_4084.npy
the-finger,the-finger_8652,train,./data/raw/FullLabelled/the-finger/the-finger_8652.jpg,./dataset/skeleton_final_v2/the-finger/the-finger_8652.npy
scissors,scissors-set2 (565),train,./data/raw/FullLabelled/scissors/scissors-set2 (565).jpg,./dataset/skeleton_final_v2/scissors/scissors-set2 (565).npy
scissors,scissors-set2 (365),train,./data/raw/FullLabelled/scissors/scissors-set2 (365).jpg,./dataset/skeleton_final_v2/scissors/scissors-set2 (365).npy
scissors,scissors-set2 (341),train,./data/raw/FullLabelled/scissors/scissors-set2 (341).jpg,./dataset/skeleton_final_v2/scissors/scissors-set2 (341).npy
scissors,scissors_9190,train,./data/raw/FullLabelled/scissors/scissors_9190.jpg,./dataset/skeleton_final_v2/scissors/scissors_9190.npy
paper,paper_3642,train,./data/raw/FullLabelled/paper/paper_3642.jpg,./dataset/skeleton_final_v2/paper/paper_3642.npy
paper,paper_6131,train,./data/raw/FullLabelled/paper/paper_6131.jpg,./dataset/skeleton_final_v2/paper/paper_6131.npy
ok,ok_1931,train,./data/raw/FullLabelled/ok/ok_1931.jpg,./dataset/skeleton_final_v2/ok/ok_1931.npy
scissors,scissors-set2 (106),train,./data/raw/FullLabelled/scissors/scissors-set2 (106).jpg,./dataset/skeleton_final_v2/scissors/scissors-set2 (106).npy
paper,paper_5172,train,./data/raw/FullLabelled/paper/paper_5172.jpg,./dataset/skeleton_final_v2/paper/paper_5172.npy
ok,ok_6173,train,./data/raw/FullLabelled/ok/ok_6173.jpg,./dataset/skeleton_final_v2/ok/ok_6173.npy
paper,paper-set2 (405),train,./data/raw/FullLabelled/paper/paper-set2 (405).jpg,./dataset/skeleton_final_v2/paper/paper-set2 (405).npy
paper,paper-set2 (336),train,./data/raw/FullLabelled/paper/paper-set2 (336).jpg,./dataset/skeleton_final_v2/paper/paper-set2 (336).npy
rock,rock-set2 (526),train,./data/raw/FullLabelled/rock/rock-set2 (526).jpg,./dataset/skeleton_final_v2/rock/rock-set2 (526).npy
scissors,scissors (172),train,./data/raw/FullLabelled/scissors/scissors (172).jpg,./dataset/skeleton_final_v2/scissors/scissors (172).npy
scissors,scissors_6728,train,./data/raw/FullLabelled/scissors/scissors_6728.jpg,./dataset/skeleton_final_v2/scissors/scissors_6728.npy
ok,ok_Set2_ (569),train,./data/raw/FullLabelled/ok/ok_Set2_ (569).jpg,./dataset/skeleton_final_v2/ok/ok_Set2_ (569).npy
paper,paper-set2 (483),train,./data/raw/FullLabelled/paper/paper-set2 (483).jpg,./dataset/skeleton_final_v2/paper/paper-set2 (483).npy
the-finger,the-finger_2284,train,./data/raw/FullLabelled/the-finger/the-finger_2284.jpg,./dataset/skeleton_final_v2/the-finger/the-finger_2284.npy
the-finger,the-finger-set2 (164),train,./data/raw/FullLabelled/the-finger/the-finger-set2 (164).jpg,./dataset/skeleton_final_v2/the-finger/the-finger-set2 (164).npy
ok,ok_2876,train,./data/raw/FullLabelled/ok/ok_2876.jpg,./dataset/skeleton_final_v2/ok/ok_2876.npy
the-finger,the-finger-set2 (180),train,./data/raw/FullLabelled/the-finger/the-finger-set2 (180).jpg,./dataset/skeleton_final_v2/the-finger/the-finger-set2 (180).npy
rock,rock-set2 (58),train,./data/raw/FullLabelled/rock/rock-set2 (58).jpg,./dataset/skeleton_final_v2/rock/rock-set2 (58).npy
the-finger,the-finger_7840,train,./data/raw/FullLabelled/the-finger/the-finger_7840.jpg,./dataset/skeleton_final_v2/the-finger/the-finger_7840.npy
scissors,scissors-set2 (482),train,./data/raw/FullLabelled/scissors/scissors-set2 (482).jpg,./dataset/skeleton_final_v2/scissors/scissors-set2 (482).npy
ok,ok_5291,train,./data/raw/FullLabelled/ok/ok_5291.jpg,./dataset/skeleton_final_v2/ok/ok_5291.npy
ok,ok_Set2_ (337),train,./data/raw/FullLabelled/ok/ok_Set2_ (337).jpg,./dataset/skeleton_final_v2/ok/ok_Set2_ (337).npy
ok,ok (82),train,./data/raw/FullLabelled/ok/ok (82).jpg,./dataset/skeleton_final_v2/ok/ok (82).npy
paper,paper_6937,train,./data/raw/FullLabelled/paper/paper_6937.jpg,./dataset/skeleton_final_v2/paper/paper_6937.npy
paper,paper_3681,train,./data/raw/FullLabelled/paper/paper_3681.jpg,./dataset/skeleton_final_v2/paper/paper_3681.npy
rock,rock-set2 (6),train,./data/raw/FullLabelled/rock/rock-set2 (6).jpg,./dataset/skeleton_final_v2/rock/rock-set2 (6).npy
paper,paper_5134,train,./data/raw/FullLabelled/paper/paper_5134.jpg,./dataset/skeleton_final_v2/paper/paper_5134.npy
scissors,scissors (152),train,./data/raw/FullLabelled/scissors/scissors (152).jpg,./dataset/skeleton_final_v2/scissors/scissors (152).npy
scissors,scissors-set2 (210),train,./data/raw/FullLabelled/scissors/scissors-set2 (210).jpg,./dataset/skeleton_final_v2/scissors/scissors-set2 (210).npy
paper,paper-set2 (151),train,./data/raw/FullLabelled/paper/paper-set2 (151).jpg,./dataset/skeleton_final_v2/paper/paper-set2 (151).npy
ok,ok_2882,train,./data/raw/FullLabelled/ok/ok_2882.jpg,./dataset/skeleton_final_v2/ok/ok_2882.npy
ok,ok (29),train,./data/raw/FullLabelled/ok/ok (29).jpg,./dataset/skeleton_final_v2/ok/ok (29).npy
the-finger,the-finger-set2 (300),train,./data/raw/FullLabelled/the-finger/the-finger-set2 (300).jpg,./dataset/skeleton_final_v2/the-finger/the-finger-set2 (300).npy
ok,ok_1961,train,./data/raw/FullLabelled/ok/ok_1961.jpg,./dataset/skeleton_final_v2/ok/ok_1961.npy
scissors,scissors (304),train,./data/raw/FullLabelled/scissors/scissors (304).jpg,./dataset/skeleton_final_v2/scissors/scissors (304).npy
paper,paper (84),train,./data/raw/FullLabelled/paper/paper (84).jpg,./dataset/skeleton_final_v2/paper/paper (84).npy
the-finger,the-finger_9050,train,./data/raw/FullLabelled/the-finger/the-finger_9050.jpg,./dataset/skeleton_final_v2/the-finger/the-finger_9050.npy
ok,ok (185),train,./data/raw/FullLabelled/ok/ok (185).jpg,./dataset/skeleton_final_v2/ok/ok (185).npy
scissors,scissors-set2 (140),train,./data/raw/FullLabelled/scissors/scissors-set2 (140).jpg,./dataset/skeleton_final_v2/scissors/scissors-set2 (140).npy
the-finger,the-finger-set2 (374),train,./data/raw/FullLabelled/the-finger/the-finger-set2 (374).jpg,./dataset/skeleton_final_v2/the-finger/the-finger-set2 (374).npy
scissors,scissors-set2 (678),train,./data/raw/FullLabelled/scissors/scissors-set2 (678).jpg,./dataset/skeleton_final_v2/scissors/scissors-set2 (678).npy
ok,ok_Set2_ (448),train,./data/raw/FullLabelled/ok/ok_Set2_ (448).jpg,./dataset/skeleton_final_v2/ok/ok_Set2_ (448).npy
ok,ok_5775,train,./data/raw/FullLabelled/ok/ok_5775.jpg,./dataset/skeleton_final_v2/ok/ok_5775.npy
paper,paper (267),train,./data/raw/FullLabelled/paper/paper (267).jpg,./dataset/skeleton_final_v2/paper/paper (267).npy
scissors,scissors_5747,train,./data/raw/FullLabelled/scissors/scissors_5747.jpg,./dataset/skeleton_final_v2/scissors/scissors_5747.npy
scissors,scissors_6946,train,./data/raw/FullLabelled/scissors/scissors_6946.jpg,./dataset/skeleton_final_v2/scissors/scissors_6946.npy
scissors,scissors-set2 (640),train,./data/raw/FullLabelled/scissors/scissors-set2 (640).jpg,./dataset/skeleton_final_v2/scissors/scissors-set2 (640).npy
paper,paper_8748,train,./data/raw/FullLabelled/paper/paper_8748.jpg,./dataset/skeleton_final_v2/paper/paper_8748.npy
ok,ok (236),train,./data/raw/FullLabelled/ok/ok (236).jpg,./dataset/skeleton_final_v2/ok/ok (236).npy
paper,paper (75),train,./data/raw/FullLabelled/paper/paper (75).jpg,./dataset/skeleton_final_v2/paper/paper (75).npy
ok,ok (258),train,./data/raw/FullLabelled/ok/ok (258).jpg,./dataset/skeleton_final_v2/ok/ok (258).npy
the-finger,the-finger-set2 (213),train,./data/raw/FullLabelled/the-finger/the-finger-set2 (213).jpg,./dataset/skeleton_final_v2/the-finger/the-finger-set2 (213).npy
the-finger,the-finger-set2 (64),train,./data/raw/FullLabelled/the-finger/the-finger-set2 (64).jpg,./dataset/skeleton_final_v2/the-finger/the-finger-set2 (64).npy
ok,ok_Set2_ (390),train,./data/raw/FullLabelled/ok/ok_Set2_ (390).jpg,./dataset/skeleton_final_v2/ok/ok_Set2_ (390).npy
scissors,scissors_2622,train,./data/raw/FullLabelled/scissors/scissors_2622.jpg,./dataset/skeleton_final_v2/scissors/scissors_2622.npy
paper,paper_736,train,./data/raw/FullLabelled/paper/paper_736.jpg,./dataset/skeleton_final_v2/paper/paper_736.npy
rock,rock-set2 (525),train,./data/raw/FullLabelled/rock/rock-set2 (525).jpg,./dataset/skeleton_final_v2/rock/rock-set2 (525).npy
the-finger,the-finger-set2 (434),train,./data/raw/FullLabelled/the-finger/the-finger-set2 (434).jpg,./dataset/skeleton_final_v2/the-finger/the-finger-set2 (434).npy
paper,paper-set2 (430),train,./data/raw/FullLabelled/paper/paper-set2 (430).jpg,./dataset/skeleton_final_v2/paper/paper-set2 (430).npy
scissors,scissors-set2 (390),train,./data/raw/FullLabelled/scissors/scissors-set2 (390).jpg,./dataset/skeleton_final_v2/scissors/scissors-set2 (390).npy
ok,ok_Set2_ (558),train,./data/raw/FullLabelled/ok/ok_Set2_ (558).jpg,./dataset/skeleton_final_v2/ok/ok_Set2_ (558).npy
scissors,scissors-set2 (732),train,./data/raw/FullLabelled/scissors/scissors-set2 (732).jpg,./dataset/skeleton_final_v2/scissors/scissors-set2 (732).npy
scissors,scissors-set2 (385),train,./data/raw/FullLabelled/scissors/scissors-set2 (385).jpg,./dataset/skeleton_final_v2/scissors/scissors-set2 (385).npy
paper,paper_9168,train,./data/raw/FullLabelled/paper/paper_9168.jpg,./dataset/skeleton_final_v2/paper/paper_9168.npy
ok,ok_Set2_ (370),train,./data/raw/FullLabelled/ok/ok_Set2_ (370).jpg,./dataset/skeleton_final_v2/ok/ok_Set2_ (370).npy
paper,paper (148),train,./data/raw/FullLabelled/paper/paper (148).jpg,./dataset/skeleton_final_v2/paper/paper (148).npy
scissors,scissors-set2 (240),train,./data/raw/FullLabelled/scissors/scissors-set2 (240).jpg,./dataset/skeleton_final_v2/scissors/scissors-set2 (240).npy
scissors,scissors (20),train,./data/raw/FullLabelled/scissors/scissors (20).jpg,./dataset/skeleton_final_v2/scissors/scissors (20).npy
scissors,scissors (489),train,./data/raw/FullLabelled/scissors/scissors (489).jpg,./dataset/skeleton_final_v2/scissors/scissors (489).npy
scissors,scissors-set2 (436),train,./data/raw/FullLabelled/scissors/scissors-set2 (436).jpg,./dataset/skeleton_final_v2/scissors/scissors-set2 (436).npy
ok,ok (259),train,./data/raw/FullLabelled/ok/ok (259).jpg,./dataset/skeleton_final_v2/ok/ok (259).npy
scissors,scissors (119),train,./data/raw/FullLabelled/scissors/scissors (119).jpg,./dataset/skeleton_final_v2/scissors/scissors (119).npy
paper,paper_999,train,./data/raw/FullLabelled/paper/paper_999.jpg,./dataset/skeleton_final_v2/paper/paper_999.npy
scissors,scissors (429),train,./data/raw/FullLabelled/scissors/scissors (429).jpg,./dataset/skeleton_final_v2/scissors/scissors (429).npy
paper,paper (105),train,./data/raw/FullLabelled/paper/paper (105).jpg,./dataset/skeleton_final_v2/paper/paper (105).npy
scissors,scissors-set2 (662),train,./data/raw/FullLabelled/scissors/scissors-set2 (662).jpg,./dataset/skeleton_final_v2/scissors/scissors-set2 (662).npy
rock,rock-set2 (9),train,./data/raw/FullLabelled/rock/rock-set2 (9).jpg,./dataset/skeleton_final_v2/rock/rock-set2 (9).npy
ok,ok_Set2_ (334),train,./data/raw/FullLabelled/ok/ok_Set2_ (334).jpg,./dataset/skeleton_final_v2/ok/ok_Set2_ (334).npy
paper,paper_26,train,./data/raw/FullLabelled/paper/paper_26.jpg,./dataset/skeleton_final_v2/paper/paper_26.npy
paper,paper_3645,train,./data/raw/FullLabelled/paper/paper_3645.jpg,./dataset/skeleton_final_v2/paper/paper_3645.npy
ok,ok_Set2_ (528),train,./data/raw/FullLabelled/ok/ok_Set2_ (528).jpg,./dataset/skeleton_final_v2/ok/ok_Set2_ (528).npy
paper,paper (204),train,./data/raw/FullLabelled/paper/paper (204).jpg,./dataset/skeleton_final_v2/paper/paper (204).npy
paper,paper_7164,train,./data/raw/FullLabelled/paper/paper_7164.jpg,./dataset/skeleton_final_v2/paper/paper_7164.npy
paper,paper_5899,train,./data/raw/FullLabelled/paper/paper_5899.jpg,./dataset/skeleton_final_v2/paper/paper_5899.npy
ok,ok_Set2_ (329),train,./data/raw/FullLabelled/ok/ok_Set2_ (329).jpg,./dataset/skeleton_final_v2/ok/ok_Set2_ (329).npy
scissors,scissors-set2 (133),train,./data/raw/FullLabelled/scissors/scissors-set2 (133).jpg,./dataset/skeleton_final_v2/scissors/scissors-set2 (133).npy
paper,paper_5727,train,./data/raw/FullLabelled/paper/paper_5727.jpg,./dataset/skeleton_final_v2/paper/paper_5727.npy
ok,ok_2838,train,./data/raw/FullLabelled/ok/ok_2838.jpg,./dataset/skeleton_final_v2/ok/ok_2838.npy
paper,paper_6920,train,./data/raw/FullLabelled/paper/paper_6920.jpg,./dataset/skeleton_final_v2/paper/paper_6920.npy
ok,ok (12),train,./data/raw/FullLabelled/ok/ok (12).jpg,./dataset/skeleton_final_v2/ok/ok (12).npy
ok,ok_2922,train,./data/raw/FullLabelled/ok/ok_2922.jpg,./dataset/skeleton_final_v2/ok/ok_2922.npy
paper,paper_5897,train,./data/raw/FullLabelled/paper/paper_5897.jpg,./dataset/skeleton_final_v2/paper/paper_5897.npy
paper,paper-set2 (256),train,./data/raw/FullLabelled/paper/paper-set2 (256).jpg,./dataset/skeleton_final_v2/paper/paper-set2 (256).npy
ok,ok_8864,train,./data/raw/FullLabelled/ok/ok_8864.jpg,./dataset/skeleton_final_v2/ok/ok_8864.npy
the-finger,the-finger_7826,train,./data/raw/FullLabelled/the-finger/the-finger_7826.jpg,./dataset/skeleton_final_v2/the-finger/the-finger_7826.npy
scissors,scissors-set2 (73),train,./data/raw/FullLabelled/scissors/scissors-set2 (73).jpg,./dataset/skeleton_final_v2/scissors/scissors-set2 (73).npy
the-finger,the-finger_8654,train,./data/raw/FullLabelled/the-finger/the-finger_8654.jpg,./dataset/skeleton_final_v2/the-finger/the-finger_8654.npy
paper,paper_748,train,./data/raw/FullLabelled/paper/paper_748.jpg,./dataset/skeleton_final_v2/paper/paper_748.npy
the-finger,the-finger (108),train,./data/raw/FullLabelled/the-finger/the-finger (108).jpg,./dataset/skeleton_final_v2/the-finger/the-finger (108).npy
the-finger,the-finger (130),train,./data/raw/FullLabelled/the-finger/the-finger (130).jpg,./dataset/skeleton_final_v2/the-finger/the-finger (130).npy
rock,rock_7902,train,./data/raw/FullLabelled/rock/rock_7902.jpg,./dataset/skeleton_final_v2/rock/rock_7902.npy
scissors,scissors_2700,train,./data/raw/FullLabelled/scissors/scissors_2700.jpg,./dataset/skeleton_final_v2/scissors/scissors_2700.npy
the-finger,the-finger_7262,train,./data/raw/FullLabelled/the-finger/the-finger_7262.jpg,./dataset/skeleton_final_v2/the-finger/the-finger_7262.npy
paper,paper (91),train,./data/raw/FullLabelled/paper/paper (91).jpg,./dataset/skeleton_final_v2/paper/paper (91).npy
ok,ok_2934,train,./data/raw/FullLabelled/ok/ok_2934.jpg,./dataset/skeleton_final_v2/ok/ok_2934.npy
paper,paper_372,train,./data/raw/FullLabelled/paper/paper_372.jpg,./dataset/skeleton_final_v2/paper/paper_372.npy
rock,rock_3556,train,./data/raw/FullLabelled/rock/rock_3556.jpg,./dataset/skeleton_final_v2/rock/rock_3556.npy
ok,ok_Set2_ (402),train,./data/raw/FullLabelled/ok/ok_Set2_ (402).jpg,./dataset/skeleton_final_v2/ok/ok_Set2_ (402).npy
paper,paper (181),train,./data/raw/FullLabelled/paper/paper (181).jpg,./dataset/skeleton_final_v2/paper/paper (181).npy
rock,rock-set2 (554),train,./data/raw/FullLabelled/rock/rock-set2 (554).jpg,./dataset/skeleton_final_v2/rock/rock-set2 (554).npy
scissors,scissors-set2 (725),train,./data/raw/FullLabelled/scissors/scissors-set2 (725).jpg,./dataset/skeleton_final_v2/scissors/scissors-set2 (725).npy
rock,rock-set2 (154),train,./data/raw/FullLabelled/rock/rock-set2 (154).jpg,./dataset/skeleton_final_v2/rock/rock-set2 (154).npy
paper,paper_7159,train,./data/raw/FullLabelled/paper/paper_7159.jpg,./dataset/skeleton_final_v2/paper/paper_7159.npy
scissors,scissors-set2 (395),train,./data/raw/FullLabelled/scissors/scissors-set2 (395).jpg,./dataset/skeleton_final_v2/scissors/scissors-set2 (395).npy
paper,paper-set2 (269),train,./data/raw/FullLabelled/paper/paper-set2 (269).jpg,./dataset/skeleton_final_v2/paper/paper-set2 (269).npy
paper,paper_5166,train,./data/raw/FullLabelled/paper/paper_5166.jpg,./dataset/skeleton_final_v2/paper/paper_5166.npy
paper,paper-set2 (152),train,./data/raw/FullLabelled/paper/paper-set2 (152).jpg,./dataset/skeleton_final_v2/paper/paper-set2 (152).npy
ok,ok_Set2_ (565),train,./data/raw/FullLabelled/ok/ok_Set2_ (565).jpg,./dataset/skeleton_final_v2/ok/ok_Set2_ (565).npy
scissors,scissors-set2 (120),train,./data/raw/FullLabelled/scissors/scissors-set2 (120).jpg,./dataset/skeleton_final_v2/scissors/scissors-set2 (120).npy
scissors,scissors (491),train,./data/raw/FullLabelled/scissors/scissors (491).jpg,./dataset/skeleton_final_v2/scissors/scissors (491).npy
scissors,scissors-set2 (592),train,./data/raw/FullLabelled/scissors/scissors-set2 (592).jpg,./dataset/skeleton_final_v2/scissors/scissors-set2 (592).npy
rock,rock (258),train,./data/raw/FullLabelled/rock/rock (258).jpg,./dataset/skeleton_final_v2/rock/rock (258).npy
paper,paper-set2 (193),train,./data/raw/FullLabelled/paper/paper-set2 (193).jpg,./dataset/skeleton_final_v2/paper/paper-set2 (193).npy
scissors,scissors-set2 (713),train,./data/raw/FullLabelled/scissors/scissors-set2 (713).jpg,./dataset/skeleton_final_v2/scissors/scissors-set2 (713).npy
paper,paper_9154,train,./data/raw/FullLabelled/paper/paper_9154.jpg,./dataset/skeleton_final_v2/paper/paper_9154.npy
paper,paper_1850,train,./data/raw/FullLabelled/paper/paper_1850.jpg,./dataset/skeleton_final_v2/paper/paper_1850.npy
ok,ok_8870,train,./data/raw/FullLabelled/ok/ok_8870.jpg,./dataset/skeleton_final_v2/ok/ok_8870.npy
rock,rock (260),train,./data/raw/FullLabelled/rock/rock (260).jpg,./dataset/skeleton_final_v2/rock/rock (260).npy
rock,rock (146),train,./data/raw/FullLabelled/rock/rock (146).jpg,./dataset/skeleton_final_v2/rock/rock (146).npy
scissors,scissors-set2 (454),train,./data/raw/FullLabelled/scissors/scissors-set2 (454).jpg,./dataset/skeleton_final_v2/scissors/scissors-set2 (454).npy
scissors,scissors_5490,train,./data/raw/FullLabelled/scissors/scissors_5490.jpg,./dataset/skeleton_final_v2/scissors/scissors_5490.npy
rock,rock-set2 (57),train,./data/raw/FullLabelled/rock/rock-set2 (57).jpg,./dataset/skeleton_final_v2/rock/rock-set2 (57).npy
rock,rock-set2 (595),train,./data/raw/FullLabelled/rock/rock-set2 (595).jpg,./dataset/skeleton_final_v2/rock/rock-set2 (595).npy
ok,ok_6586,train,./data/raw/FullLabelled/ok/ok_6586.jpg,./dataset/skeleton_final_v2/ok/ok_6586.npy
scissors,scissors (159),train,./data/raw/FullLabelled/scissors/scissors (159).jpg,./dataset/skeleton_final_v2/scissors/scissors (159).npy
scissors,scissors_8788,train,./data/raw/FullLabelled/scissors/scissors_8788.jpg,./dataset/skeleton_final_v2/scissors/scissors_8788.npy
scissors,scissors (69),train,./data/raw/FullLabelled/scissors/scissors (69).jpg,./dataset/skeleton_final_v2/scissors/scissors (69).npy
the-finger,the-finger_5845,train,./data/raw/FullLabelled/the-finger/the-finger_5845.jpg,./dataset/skeleton_final_v2/the-finger/the-finger_5845.npy
paper,paper_6530,train,./data/raw/FullLabelled/paper/paper_6530.jpg,./dataset/skeleton_final_v2/paper/paper_6530.npy
paper,paper-set2 (399),train,./data/raw/FullLabelled/paper/paper-set2 (399).jpg,./dataset/skeleton_final_v2/paper/paper-set2 (399).npy
rock,rock-set2 (161),train,./data/raw/FullLabelled/rock/rock-set2 (161).jpg,./dataset/skeleton_final_v2/rock/rock-set2 (161).npy
the-finger,the-finger-set2 (24),train,./data/raw/FullLabelled/the-finger/the-finger-set2 (24).jpg,./dataset/skeleton_final_v2/the-finger/the-finger-set2 (24).npy
scissors,scissors_2767,train,./data/raw/FullLabelled/scissors/scissors_2767.jpg,./dataset/skeleton_final_v2/scissors/scissors_2767.npy
ok,ok (239),train,./data/raw/FullLabelled/ok/ok (239).jpg,./dataset/skeleton_final_v2/ok/ok (239).npy
rock,rock_8690,train,./data/raw/FullLabelled/rock/rock_8690.jpg,./dataset/skeleton_final_v2/rock/rock_8690.npy
scissors,scissors_2688,train,./data/raw/FullLabelled/scissors/scissors_2688.jpg,./dataset/skeleton_final_v2/scissors/scissors_2688.npy
scissors,scissors-set2 (641),train,./data/raw/FullLabelled/scissors/scissors-set2 (641).jpg,./dataset/skeleton_final_v2/scissors/scissors-set2 (641).npy
paper,paper (163),train,./data/raw/FullLabelled/paper/paper (163).jpg,./dataset/skeleton_final_v2/paper/paper (163).npy
the-finger,the-finger-set2 (159),train,./data/raw/FullLabelled/the-finger/the-finger-set2 (159).jpg,./dataset/skeleton_final_v2/the-finger/the-finger-set2 (159).npy
ok,ok_6979,train,./data/raw/FullLabelled/ok/ok_6979.jpg,./dataset/skeleton_final_v2/ok/ok_6979.npy
scissors,scissors-set2 (545),train,./data/raw/FullLabelled/scissors/scissors-set2 (545).jpg,./dataset/skeleton_final_v2/scissors/scissors-set2 (545).npy
scissors,scissors-set2 (231),train,./data/raw/FullLabelled/scissors/scissors-set2 (231).jpg,./dataset/skeleton_final_v2/scissors/scissors-set2 (231).npy
scissors,scissors_7341,train,./data/raw/FullLabelled/scissors/scissors_7341.jpg,./dataset/skeleton_final_v2/scissors/scissors_7341.npy
paper,paper (7),train,./data/raw/FullLabelled/paper/paper (7).jpg,./dataset/skeleton_final_v2/paper/paper (7).npy
scissors,scissors-set2 (463),train,./data/raw/FullLabelled/scissors/scissors-set2 (463).jpg,./dataset/skeleton_final_v2/scissors/scissors-set2 (463).npy
the-finger,the-finger-set2 (431),train,./data/raw/FullLabelled/the-finger/the-finger-set2 (431).jpg,./dataset/skeleton_final_v2/the-finger/the-finger-set2 (431).npy
scissors,scissors (338),train,./data/raw/FullLabelled/scissors/scissors (338).jpg,./dataset/skeleton_final_v2/scissors/scissors (338).npy
the-finger,the-finger-set2 (206),train,./data/raw/FullLabelled/the-finger/the-finger-set2 (206).jpg,./dataset/skeleton_final_v2/the-finger/the-finger-set2 (206).npy
ok,ok_2485,train,./data/raw/FullLabelled/ok/ok_2485.jpg,./dataset/skeleton_final_v2/ok/ok_2485.npy
paper,paper_1434,train,./data/raw/FullLabelled/paper/paper_1434.jpg,./dataset/skeleton_final_v2/paper/paper_1434.npy
paper,paper-set2 (221),train,./data/raw/FullLabelled/paper/paper-set2 (221).jpg,./dataset/skeleton_final_v2/paper/paper-set2 (221).npy
paper,paper_3788,train,./data/raw/FullLabelled/paper/paper_3788.jpg,./dataset/skeleton_final_v2/paper/paper_3788.npy
scissors,scissors (291),train,./data/raw/FullLabelled/scissors/scissors (291).jpg,./dataset/skeleton_final_v2/scissors/scissors (291).npy
paper,paper_6352,train,./data/raw/FullLabelled/paper/paper_6352.jpg,./dataset/skeleton_final_v2/paper/paper_6352.npy
rock,rock_701,train,./data/raw/FullLabelled/rock/rock_701.jpg,./dataset/skeleton_final_v2/rock/rock_701.npy
ok,ok_9252,train,./data/raw/FullLabelled/ok/ok_9252.jpg,./dataset/skeleton_final_v2/ok/ok_9252.npy
rock,rock (235),train,./data/raw/FullLabelled/rock/rock (235).jpg,./dataset/skeleton_final_v2/rock/rock (235).npy
scissors,scissors-set2 (590),train,./data/raw/FullLabelled/scissors/scissors-set2 (590).jpg,./dataset/skeleton_final_v2/scissors/scissors-set2 (590).npy
rock,rock-set2 (599),train,./data/raw/FullLabelled/rock/rock-set2 (599).jpg,./dataset/skeleton_final_v2/rock/rock-set2 (599).npy
scissors,scissors-set2 (25),train,./data/raw/FullLabelled/scissors/scissors-set2 (25).jpg,./dataset/skeleton_final_v2/scissors/scissors-set2 (25).npy
paper,paper (212),train,./data/raw/FullLabelled/paper/paper (212).jpg,./dataset/skeleton_final_v2/paper/paper (212).npy
paper,paper-set2 (26),train,./data/raw/FullLabelled/paper/paper-set2 (26).jpg,./dataset/skeleton_final_v2/paper/paper-set2 (26).npy
scissors,scissors-set2 (379),train,./data/raw/FullLabelled/scissors/scissors-set2 (379).jpg,./dataset/skeleton_final_v2/scissors/scissors-set2 (379).npy
scissors,scissors_2661,train,./data/raw/FullLabelled/scissors/scissors_2661.jpg,./dataset/skeleton_final_v2/scissors/scissors_2661.npy
scissors,scissors (97),train,./data/raw/FullLabelled/scissors/scissors (97).jpg,./dataset/skeleton_final_v2/scissors/scissors (97).npy
paper,paper_380,train,./data/raw/FullLabelled/paper/paper_380.jpg,./dataset/skeleton_final_v2/paper/paper_380.npy
scissors,scissors_2784,train,./data/raw/FullLabelled/scissors/scissors_2784.jpg,./dataset/skeleton_final_v2/scissors/scissors_2784.npy
paper,paper-set2 (241),train,./data/raw/FullLabelled/paper/paper-set2 (241).jpg,./dataset/skeleton_final_v2/paper/paper-set2 (241).npy
paper,paper (81),train,./data/raw/FullLabelled/paper/paper (81).jpg,./dataset/skeleton_final_v2/paper/paper (81).npy
the-finger,the-finger_7485,train,./data/raw/FullLabelled/the-finger/the-finger_7485.jpg,./dataset/skeleton_final_v2/the-finger/the-finger_7485.npy
scissors,scissors (21),train,./data/raw/FullLabelled/scissors/scissors (21).jpg,./dataset/skeleton_final_v2/scissors/scissors (21).npy
scissors,scissors-set2 (409),train,./data/raw/FullLabelled/scissors/scissors-set2 (409).jpg,./dataset/skeleton_final_v2/scissors/scissors-set2 (409).npy
paper,paper_2505,train,./data/raw/FullLabelled/paper/paper_2505.jpg,./dataset/skeleton_final_v2/paper/paper_2505.npy
paper,paper_9152,train,./data/raw/FullLabelled/paper/paper_9152.jpg,./dataset/skeleton_final_v2/paper/paper_9152.npy
paper,paper_3807,train,./data/raw/FullLabelled/paper/paper_3807.jpg,./dataset/skeleton_final_v2/paper/paper_3807.npy
paper,paper (209),train,./data/raw/FullLabelled/paper/paper (209).jpg,./dataset/skeleton_final_v2/paper/paper (209).npy
the-finger,the-finger-set2 (42),train,./data/raw/FullLabelled/the-finger/the-finger-set2 (42).jpg,./dataset/skeleton_final_v2/the-finger/the-finger-set2 (42).npy
ok,ok_2851,train,./data/raw/FullLabelled/ok/ok_2851.jpg,./dataset/skeleton_final_v2/ok/ok_2851.npy
scissors,scissors_3931,train,./data/raw/FullLabelled/scissors/scissors_3931.jpg,./dataset/skeleton_final_v2/scissors/scissors_3931.npy
ok,ok_1203,train,./data/raw/FullLabelled/ok/ok_1203.jpg,./dataset/skeleton_final_v2/ok/ok_1203.npy
ok,ok_Set2_ (467),train,./data/raw/FullLabelled/ok/ok_Set2_ (467).jpg,./dataset/skeleton_final_v2/ok/ok_Set2_ (467).npy
scissors,scissors (193),train,./data/raw/FullLabelled/scissors/scissors (193).jpg,./dataset/skeleton_final_v2/scissors/scissors (193).npy
paper,paper-set2 (351),train,./data/raw/FullLabelled/paper/paper-set2 (351).jpg,./dataset/skeleton_final_v2/paper/paper-set2 (351).npy
ok,ok_Set2_ (129),train,./data/raw/FullLabelled/ok/ok_Set2_ (129).jpg,./dataset/skeleton_final_v2/ok/ok_Set2_ (129).npy
scissors,scissors_438,train,./data/raw/FullLabelled/scissors/scissors_438.jpg,./dataset/skeleton_final_v2/scissors/scissors_438.npy
paper,paper (106),train,./data/raw/FullLabelled/paper/paper (106).jpg,./dataset/skeleton_final_v2/paper/paper (106).npy
ok,ok_Set2_ (471),train,./data/raw/FullLabelled/ok/ok_Set2_ (471).jpg,./dataset/skeleton_final_v2/ok/ok_Set2_ (471).npy
scissors,scissors-set2 (490),train,./data/raw/FullLabelled/scissors/scissors-set2 (490).jpg,./dataset/skeleton_final_v2/scissors/scissors-set2 (490).npy
paper,paper-set2 (422),train,./data/raw/FullLabelled/paper/paper-set2 (422).jpg,./dataset/skeleton_final_v2/paper/paper-set2 (422).npy
scissors,scissors-set2 (43),train,./data/raw/FullLabelled/scissors/scissors-set2 (43).jpg,./dataset/skeleton_final_v2/scissors/scissors-set2 (43).npy
scissors,scissors-set2 (669),train,./data/raw/FullLabelled/scissors/scissors-set2 (669).jpg,./dataset/skeleton_final_v2/scissors/scissors-set2 (669).npy
ok,ok_6982,train,./data/raw/FullLabelled/ok/ok_6982.jpg,./dataset/skeleton_final_v2/ok/ok_6982.npy
paper,paper-set2 (219),train,./data/raw/FullLabelled/paper/paper-set2 (219).jpg,./dataset/skeleton_final_v2/paper/paper-set2 (219).npy
rock,rock-set2 (141),train,./data/raw/FullLabelled/rock/rock-set2 (141).jpg,./dataset/skeleton_final_v2/rock/rock-set2 (141).npy
ok,ok_Set2_ (570),train,./data/raw/FullLabelled/ok/ok_Set2_ (570).jpg,./dataset/skeleton_final_v2/ok/ok_Set2_ (570).npy
the-finger,the-finger-set2 (302),train,./data/raw/FullLabelled/the-finger/the-finger-set2 (302).jpg,./dataset/skeleton_final_v2/the-finger/the-finger-set2 (302).npy
the-finger,the-finger_9446,train,./data/raw/FullLabelled/the-finger/the-finger_9446.jpg,./dataset/skeleton_final_v2/the-finger/the-finger_9446.npy
scissors,scissors-set2 (458),train,./data/raw/FullLabelled/scissors/scissors-set2 (458).jpg,./dataset/skeleton_final_v2/scissors/scissors-set2 (458).npy
the-finger,the-finger_6876,train,./data/raw/FullLabelled/the-finger/the-finger_6876.jpg,./dataset/skeleton_final_v2/the-finger/the-finger_6876.npy
the-finger,the-finger-set2 (221),train,./data/raw/FullLabelled/the-finger/the-finger-set2 (221).jpg,./dataset/skeleton_final_v2/the-finger/the-finger-set2 (221).npy
paper,paper_3644,train,./data/raw/FullLabelled/paper/paper_3644.jpg,./dataset/skeleton_final_v2/paper/paper_3644.npy
ok,ok_5760,train,./data/raw/FullLabelled/ok/ok_5760.jpg,./dataset/skeleton_final_v2/ok/ok_5760.npy
ok,ok_Set2_ (331),train,./data/raw/FullLabelled/ok/ok_Set2_ (331).jpg,./dataset/skeleton_final_v2/ok/ok_Set2_ (331).npy
the-finger,the-finger-set2 (373),train,./data/raw/FullLabelled/the-finger/the-finger-set2 (373).jpg,./dataset/skeleton_final_v2/the-finger/the-finger-set2 (373).npy
the-finger,the-finger_7852,train,./data/raw/FullLabelled/the-finger/the-finger_7852.jpg,./dataset/skeleton_final_v2/the-finger/the-finger_7852.npy
scissors,scissors (145),train,./data/raw/FullLabelled/scissors/scissors (145).jpg,./dataset/skeleton_final_v2/scissors/scissors (145).npy
scissors,scissors-set2 (728),train,./data/raw/FullLabelled/scissors/scissors-set2 (728).jpg,./dataset/skeleton_final_v2/scissors/scissors-set2 (728).npy
paper,paper-set2 (314),train,./data/raw/FullLabelled/paper/paper-set2 (314).jpg,./dataset/skeleton_final_v2/paper/paper-set2 (314).npy
ok,ok_Set2_ (20),train,./data/raw/FullLabelled/ok/ok_Set2_ (20).jpg,./dataset/skeleton_final_v2/ok/ok_Set2_ (20).npy
ok,ok_2965,train,./data/raw/FullLabelled/ok/ok_2965.jpg,./dataset/skeleton_final_v2/ok/ok_2965.npy
paper,paper_5122,train,./data/raw/FullLabelled/paper/paper_5122.jpg,./dataset/skeleton_final_v2/paper/paper_5122.npy
scissors,scissors-set2 (272),train,./data/raw/FullLabelled/scissors/scissors-set2 (272).jpg,./dataset/skeleton_final_v2/scissors/scissors-set2 (272).npy
ok,ok (103),train,./data/raw/FullLabelled/ok/ok (103).jpg,./dataset/skeleton_final_v2/ok/ok (103).npy
ok,ok_Set2_ (251),train,./data/raw/FullLabelled/ok/ok_Set2_ (251).jpg,./dataset/skeleton_final_v2/ok/ok_Set2_ (251).npy
scissors,scissors-set2 (181),train,./data/raw/FullLabelled/scissors/scissors-set2 (181).jpg,./dataset/skeleton_final_v2/scissors/scissors-set2 (181).npy
ok,ok_6175,train,./data/raw/FullLabelled/ok/ok_6175.jpg,./dataset/skeleton_final_v2/ok/ok_6175.npy
ok,ok_Set2_ (452),train,./data/raw/FullLabelled/ok/ok_Set2_ (452).jpg,./dataset/skeleton_final_v2/ok/ok_Set2_ (452).npy
paper,paper-set2 (148),train,./data/raw/FullLabelled/paper/paper-set2 (148).jpg,./dataset/skeleton_final_v2/paper/paper-set2 (148).npy
paper,paper_6928,train,./data/raw/FullLabelled/paper/paper_6928.jpg,./dataset/skeleton_final_v2/paper/paper_6928.npy
paper,paper-set2 (305),train,./data/raw/FullLabelled/paper/paper-set2 (305).jpg,./dataset/skeleton_final_v2/paper/paper-set2 (305).npy
ok,ok_4917,train,./data/raw/FullLabelled/ok/ok_4917.jpg,./dataset/skeleton_final_v2/ok/ok_4917.npy
the-finger,the-finger_9426,train,./data/raw/FullLabelled/the-finger/the-finger_9426.jpg,./dataset/skeleton_final_v2/the-finger/the-finger_9426.npy
paper,paper-set2 (45),train,./data/raw/FullLabelled/paper/paper-set2 (45).jpg,./dataset/skeleton_final_v2/paper/paper-set2 (45).npy
rock,rock-set2 (173),train,./data/raw/FullLabelled/rock/rock-set2 (173).jpg,./dataset/skeleton_final_v2/rock/rock-set2 (173).npy
ok,ok_Set2_ (149),train,./data/raw/FullLabelled/ok/ok_Set2_ (149).jpg,./dataset/skeleton_final_v2/ok/ok_Set2_ (149).npy
paper,paper_7617,train,./data/raw/FullLabelled/paper/paper_7617.jpg,./dataset/skeleton_final_v2/paper/paper_7617.npy
paper,paper_5891,train,./data/raw/FullLabelled/paper/paper_5891.jpg,./dataset/skeleton_final_v2/paper/paper_5891.npy
scissors,scissors (390),train,./data/raw/FullLabelled/scissors/scissors (390).jpg,./dataset/skeleton_final_v2/scissors/scissors (390).npy
scissors,scissors-set2 (679),train,./data/raw/FullLabelled/scissors/scissors-set2 (679).jpg,./dataset/skeleton_final_v2/scissors/scissors-set2 (679).npy
paper,paper (231),train,./data/raw/FullLabelled/paper/paper (231).jpg,./dataset/skeleton_final_v2/paper/paper (231).npy
ok,ok_Set2_ (119),train,./data/raw/FullLabelled/ok/ok_Set2_ (119).jpg,./dataset/skeleton_final_v2/ok/ok_Set2_ (119).npy
paper,paper (260),train,./data/raw/FullLabelled/paper/paper (260).jpg,./dataset/skeleton_final_v2/paper/paper (260).npy
the-finger,the-finger-set2 (220),train,./data/raw/FullLabelled/the-finger/the-finger-set2 (220).jpg,./dataset/skeleton_final_v2/the-finger/the-finger-set2 (220).npy
scissors,scissors-set2 (6),train,./data/raw/FullLabelled/scissors/scissors-set2 (6).jpg,./dataset/skeleton_final_v2/scissors/scissors-set2 (6).npy
ok,ok (11),train,./data/raw/FullLabelled/ok/ok (11).jpg,./dataset/skeleton_final_v2/ok/ok (11).npy
ok,ok_Set2_ (478),train,./data/raw/FullLabelled/ok/ok_Set2_ (478).jpg,./dataset/skeleton_final_v2/ok/ok_Set2_ (478).npy
scissors,scissors-set2 (625),train,./data/raw/FullLabelled/scissors/scissors-set2 (625).jpg,./dataset/skeleton_final_v2/scissors/scissors-set2 (625).npy
ok,ok_Set2_ (75),train,./data/raw/FullLabelled/ok/ok_Set2_ (75).jpg,./dataset/skeleton_final_v2/ok/ok_Set2_ (75).npy
the-finger,the-finger-set2 (313),train,./data/raw/FullLabelled/the-finger/the-finger-set2 (313).jpg,./dataset/skeleton_final_v2/the-finger/the-finger-set2 (313).npy
the-finger,the-finger (123),train,./data/raw/FullLabelled/the-finger/the-finger (123).jpg,./dataset/skeleton_final_v2/the-finger/the-finger (123).npy
ok,ok_7003,train,./data/raw/FullLabelled/ok/ok_7003.jpg,./dataset/skeleton_final_v2/ok/ok_7003.npy
rock,rock_19,train,./data/raw/FullLabelled/rock/rock_19.jpg,./dataset/skeleton_final_v2/rock/rock_19.npy
the-finger,the-finger_1722,train,./data/raw/FullLabelled/the-finger/the-finger_1722.jpg,./dataset/skeleton_final_v2/the-finger/the-finger_1722.npy
ok,ok_Set2_ (124),train,./data/raw/FullLabelled/ok/ok_Set2_ (124).jpg,./dataset/skeleton_final_v2/ok/ok_Set2_ (124).npy
scissors,scissors-set2 (715),train,./data/raw/FullLabelled/scissors/scissors-set2 (715).jpg,./dataset/skeleton_final_v2/scissors/scissors-set2 (715).npy
paper,paper (120),train,./data/raw/FullLabelled/paper/paper (120).jpg,./dataset/skeleton_final_v2/paper/paper (120).npy
the-finger,the-finger (98),train,./data/raw/FullLabelled/the-finger/the-finger (98).jpg,./dataset/skeleton_final_v2/the-finger/the-finger (98).npy
ok,ok_7686,train,./data/raw/FullLabelled/ok/ok_7686.jpg,./dataset/skeleton_final_v2/ok/ok_7686.npy
rock,rock-set2 (176),train,./data/raw/FullLabelled/rock/rock-set2 (176).jpg,./dataset/skeleton_final_v2/rock/rock-set2 (176).npy
scissors,scissors-set2 (510),train,./data/raw/FullLabelled/scissors/scissors-set2 (510).jpg,./dataset/skeleton_final_v2/scissors/scissors-set2 (510).npy
ok,ok (131),train,./data/raw/FullLabelled/ok/ok (131).jpg,./dataset/skeleton_final_v2/ok/ok (131).npy
scissors,scissors (77),train,./data/raw/FullLabelled/scissors/scissors (77).jpg,./dataset/skeleton_final_v2/scissors/scissors (77).npy
ok,ok_Set2_ (18),train,./data/raw/FullLabelled/ok/ok_Set2_ (18).jpg,./dataset/skeleton_final_v2/ok/ok_Set2_ (18).npy
paper,paper-set2 (142),train,./data/raw/FullLabelled/paper/paper-set2 (142).jpg,./dataset/skeleton_final_v2/paper/paper-set2 (142).npy
ok,ok_6397,train,./data/raw/FullLabelled/ok/ok_6397.jpg,./dataset/skeleton_final_v2/ok/ok_6397.npy
paper,paper_4589,train,./data/raw/FullLabelled/paper/paper_4589.jpg,./dataset/skeleton_final_v2/paper/paper_4589.npy
scissors,scissors-set2 (14),train,./data/raw/FullLabelled/scissors/scissors-set2 (14).jpg,./dataset/skeleton_final_v2/scissors/scissors-set2 (14).npy
paper,paper_5734,train,./data/raw/FullLabelled/paper/paper_5734.jpg,./dataset/skeleton_final_v2/paper/paper_5734.npy
paper,paper_6338,train,./data/raw/FullLabelled/paper/paper_6338.jpg,./dataset/skeleton_final_v2/paper/paper_6338.npy
paper,paper (214),train,./data/raw/FullLabelled/paper/paper (214).jpg,./dataset/skeleton_final_v2/paper/paper (214).npy
scissors,scissors (287),train,./data/raw/FullLabelled/scissors/scissors (287).jpg,./dataset/skeleton_final_v2/scissors/scissors (287).npy
ok,ok_4059,train,./data/raw/FullLabelled/ok/ok_4059.jpg,./dataset/skeleton_final_v2/ok/ok_4059.npy
ok,ok_5536,train,./data/raw/FullLabelled/ok/ok_5536.jpg,./dataset/skeleton_final_v2/ok/ok_5536.npy
the-finger,the-finger (63),train,./data/raw/FullLabelled/the-finger/the-finger (63).jpg,./dataset/skeleton_final_v2/the-finger/the-finger (63).npy
the-finger,the-finger_6277,train,./data/raw/FullLabelled/the-finger/the-finger_6277.jpg,./dataset/skeleton_final_v2/the-finger/the-finger_6277.npy
scissors,scissors-set2 (668),train,./data/raw/FullLabelled/scissors/scissors-set2 (668).jpg,./dataset/skeleton_final_v2/scissors/scissors-set2 (668).npy
the-finger,the-finger-set2 (319),train,./data/raw/FullLabelled/the-finger/the-finger-set2 (319).jpg,./dataset/skeleton_final_v2/the-finger/the-finger-set2 (319).npy
the-finger,the-finger-set2 (340),train,./data/raw/FullLabelled/the-finger/the-finger-set2 (340).jpg,./dataset/skeleton_final_v2/the-finger/the-finger-set2 (340).npy
scissors,scissors-set2 (504),train,./data/raw/FullLabelled/scissors/scissors-set2 (504).jpg,./dataset/skeleton_final_v2/scissors/scissors-set2 (504).npy
rock,rock-set2 (328),train,./data/raw/FullLabelled/rock/rock-set2 (328).jpg,./dataset/skeleton_final_v2/rock/rock-set2 (328).npy
scissors,scissors-set2 (527),train,./data/raw/FullLabelled/scissors/scissors-set2 (527).jpg,./dataset/skeleton_final_v2/scissors/scissors-set2 (527).npy
paper,paper-set2 (165),train,./data/raw/FullLabelled/paper/paper-set2 (165).jpg,./dataset/skeleton_final_v2/paper/paper-set2 (165).npy
ok,ok_Set2_ (51),train,./data/raw/FullLabelled/ok/ok_Set2_ (51).jpg,./dataset/skeleton_final_v2/ok/ok_Set2_ (51).npy
the-finger,the-finger_2339,train,./data/raw/FullLabelled/the-finger/the-finger_2339.jpg,./dataset/skeleton_final_v2/the-finger/the-finger_2339.npy
the-finger,the-finger_5842,train,./data/raw/FullLabelled/the-finger/the-finger_5842.jpg,./dataset/skeleton_final_v2/the-finger/the-finger_5842.npy
scissors,scissors_2641,train,./data/raw/FullLabelled/scissors/scissors_2641.jpg,./dataset/skeleton_final_v2/scissors/scissors_2641.npy
ok,ok_Set2_ (66),train,./data/raw/FullLabelled/ok/ok_Set2_ (66).jpg,./dataset/skeleton_final_v2/ok/ok_Set2_ (66).npy
scissors,scissors-set2 (121),train,./data/raw/FullLabelled/scissors/scissors-set2 (121).jpg,./dataset/skeleton_final_v2/scissors/scissors-set2 (121).npy
the-finger,the-finger-set2 (308),train,./data/raw/FullLabelled/the-finger/the-finger-set2 (308).jpg,./dataset/skeleton_final_v2/the-finger/the-finger-set2 (308).npy
scissors,scissors-set2 (309),train,./data/raw/FullLabelled/scissors/scissors-set2 (309).jpg,./dataset/skeleton_final_v2/scissors/scissors-set2 (309).npy
ok,ok_2954,train,./data/raw/FullLabelled/ok/ok_2954.jpg,./dataset/skeleton_final_v2/ok/ok_2954.npy
ok,ok_2631,train,./data/raw/FullLabelled/ok/ok_2631.jpg,./dataset/skeleton_final_v2/ok/ok_2631.npy
paper,paper-set2 (492),train,./data/raw/FullLabelled/paper/paper-set2 (492).jpg,./dataset/skeleton_final_v2/paper/paper-set2 (492).npy
scissors,scissors-set2 (601),train,./data/raw/FullLabelled/scissors/scissors-set2 (601).jpg,./dataset/skeleton_final_v2/scissors/scissors-set2 (601).npy
the-finger,the-finger_6065,train,./data/raw/FullLabelled/the-finger/the-finger_6065.jpg,./dataset/skeleton_final_v2/the-finger/the-finger_6065.npy
ok,ok_Set2_ (404),train,./data/raw/FullLabelled/ok/ok_Set2_ (404).jpg,./dataset/skeleton_final_v2/ok/ok_Set2_ (404).npy
the-finger,the-finger_3489,train,./data/raw/FullLabelled/the-finger/the-finger_3489.jpg,./dataset/skeleton_final_v2/the-finger/the-finger_3489.npy
ok,ok_Set2_ (515),train,./data/raw/FullLabelled/ok/ok_Set2_ (515).jpg,./dataset/skeleton_final_v2/ok/ok_Set2_ (515).npy
ok,ok_2899,train,./data/raw/FullLabelled/ok/ok_2899.jpg,./dataset/skeleton_final_v2/ok/ok_2899.npy
scissors,scissors-set2 (109),train,./data/raw/FullLabelled/scissors/scissors-set2 (109).jpg,./dataset/skeleton_final_v2/scissors/scissors-set2 (109).npy
ok,ok_2946,train,./data/raw/FullLabelled/ok/ok_2946.jpg,./dataset/skeleton_final_v2/ok/ok_2946.npy
the-finger,the-finger-set2 (438),train,./data/raw/FullLabelled/the-finger/the-finger-set2 (438).jpg,./dataset/skeleton_final_v2/the-finger/the-finger-set2 (438).npy
scissors,scissors_2644,train,./data/raw/FullLabelled/scissors/scissors_2644.jpg,./dataset/skeleton_final_v2/scissors/scissors_2644.npy
scissors,scissors-set2 (520),train,./data/raw/FullLabelled/scissors/scissors-set2 (520).jpg,./dataset/skeleton_final_v2/scissors/scissors-set2 (520).npy
scissors,scissors-set2 (734),train,./data/raw/FullLabelled/scissors/scissors-set2 (734).jpg,./dataset/skeleton_final_v2/scissors/scissors-set2 (734).npy
ok,ok_Set2_ (400),train,./data/raw/FullLabelled/ok/ok_Set2_ (400).jpg,./dataset/skeleton_final_v2/ok/ok_Set2_ (400).npy
rock,rock_6323,train,./data/raw/FullLabelled/rock/rock_6323.jpg,./dataset/skeleton_final_v2/rock/rock_6323.npy
scissors,scissors (301),train,./data/raw/FullLabelled/scissors/scissors (301).jpg,./dataset/skeleton_final_v2/scissors/scissors (301).npy
ok,ok_6587,train,./data/raw/FullLabelled/ok/ok_6587.jpg,./dataset/skeleton_final_v2/ok/ok_6587.npy
paper,paper_2542,train,./data/raw/FullLabelled/paper/paper_2542.jpg,./dataset/skeleton_final_v2/paper/paper_2542.npy
scissors,scissors-set2 (289),train,./data/raw/FullLabelled/scissors/scissors-set2 (289).jpg,./dataset/skeleton_final_v2/scissors/scissors-set2 (289).npy
the-finger,the-finger_8352,train,./data/raw/FullLabelled/the-finger/the-finger_8352.jpg,./dataset/skeleton_final_v2/the-finger/the-finger_8352.npy
paper,paper (45),train,./data/raw/FullLabelled/paper/paper (45).jpg,./dataset/skeleton_final_v2/paper/paper (45).npy
scissors,scissors-set2 (254),train,./data/raw/FullLabelled/scissors/scissors-set2 (254).jpg,./dataset/skeleton_final_v2/scissors/scissors-set2 (254).npy
scissors,scissors-set2 (358),train,./data/raw/FullLabelled/scissors/scissors-set2 (358).jpg,./dataset/skeleton_final_v2/scissors/scissors-set2 (358).npy
the-finger,the-finger_2346,train,./data/raw/FullLabelled/the-finger/the-finger_2346.jpg,./dataset/skeleton_final_v2/the-finger/the-finger_2346.npy
paper,paper_8736,train,./data/raw/FullLabelled/paper/paper_8736.jpg,./dataset/skeleton_final_v2/paper/paper_8736.npy
scissors,scissors (279),train,./data/raw/FullLabelled/scissors/scissors (279).jpg,./dataset/skeleton_final_v2/scissors/scissors (279).npy
scissors,scissors_4648,train,./data/raw/FullLabelled/scissors/scissors_4648.jpg,./dataset/skeleton_final_v2/scissors/scissors_4648.npy
scissors,scissors_7165,train,./data/raw/FullLabelled/scissors/scissors_7165.jpg,./dataset/skeleton_final_v2/scissors/scissors_7165.npy
ok,ok_1534,train,./data/raw/FullLabelled/ok/ok_1534.jpg,./dataset/skeleton_final_v2/ok/ok_1534.npy
scissors,scissors (428),train,./data/raw/FullLabelled/scissors/scissors (428).jpg,./dataset/skeleton_final_v2/scissors/scissors (428).npy
the-finger,the-finger-set2 (107),train,./data/raw/FullLabelled/the-finger/the-finger-set2 (107).jpg,./dataset/skeleton_final_v2/the-finger/the-finger-set2 (107).npy
the-finger,the-finger-set2 (366),train,./data/raw/FullLabelled/the-finger/the-finger-set2 (366).jpg,./dataset/skeleton_final_v2/the-finger/the-finger-set2 (366).npy
scissors,scissors-set2 (16),train,./data/raw/FullLabelled/scissors/scissors-set2 (16).jpg,./dataset/skeleton_final_v2/scissors/scissors-set2 (16).npy
paper,paper (125),train,./data/raw/FullLabelled/paper/paper (125).jpg,./dataset/skeleton_final_v2/paper/paper (125).npy
ok,ok_Set2_ (117),train,./data/raw/FullLabelled/ok/ok_Set2_ (117).jpg,./dataset/skeleton_final_v2/ok/ok_Set2_ (117).npy
ok,ok_8044,train,./data/raw/FullLabelled/ok/ok_8044.jpg,./dataset/skeleton_final_v2/ok/ok_8044.npy
scissors,scissors (107),train,./data/raw/FullLabelled/scissors/scissors (107).jpg,./dataset/skeleton_final_v2/scissors/scissors (107).npy
the-finger,the-finger-set2 (401),train,./data/raw/FullLabelled/the-finger/the-finger-set2 (401).jpg,./dataset/skeleton_final_v2/the-finger/the-finger-set2 (401).npy
ok,ok_2905,train,./data/raw/FullLabelled/ok/ok_2905.jpg,./dataset/skeleton_final_v2/ok/ok_2905.npy
scissors,scissors-set2 (303),train,./data/raw/FullLabelled/scissors/scissors-set2 (303).jpg,./dataset/skeleton_final_v2/scissors/scissors-set2 (303).npy
ok,ok_Set2_ (453),train,./data/raw/FullLabelled/ok/ok_Set2_ (453).jpg,./dataset/skeleton_final_v2/ok/ok_Set2_ (453).npy
scissors,scissors (187),train,./data/raw/FullLabelled/scissors/scissors (187).jpg,./dataset/skeleton_final_v2/scissors/scissors (187).npy
paper,paper-set2 (53),train,./data/raw/FullLabelled/paper/paper-set2 (53).jpg,./dataset/skeleton_final_v2/paper/paper-set2 (53).npy
ok,ok_2744,train,./data/raw/FullLabelled/ok/ok_2744.jpg,./dataset/skeleton_final_v2/ok/ok_2744.npy
scissors,scissors-set2 (671),train,./data/raw/FullLabelled/scissors/scissors-set2 (671).jpg,./dataset/skeleton_final_v2/scissors/scissors-set2 (671).npy
scissors,scissors-set2 (60),train,./data/raw/FullLabelled/scissors/scissors-set2 (60).jpg,./dataset/skeleton_final_v2/scissors/scissors-set2 (60).npy
the-finger,the-finger (55),train,./data/raw/FullLabelled/the-finger/the-finger (55).jpg,./dataset/skeleton_final_v2/the-finger/the-finger (55).npy
ok,ok_Set2_ (160),train,./data/raw/FullLabelled/ok/ok_Set2_ (160).jpg,./dataset/skeleton_final_v2/ok/ok_Set2_ (160).npy
paper,paper-set2 (291),train,./data/raw/FullLabelled/paper/paper-set2 (291).jpg,./dataset/skeleton_final_v2/paper/paper-set2 (291).npy
paper,paper_5725,train,./data/raw/FullLabelled/paper/paper_5725.jpg,./dataset/skeleton_final_v2/paper/paper_5725.npy
scissors,scissors-set2 (502),train,./data/raw/FullLabelled/scissors/scissors-set2 (502).jpg,./dataset/skeleton_final_v2/scissors/scissors-set2 (502).npy
paper,paper (223),train,./data/raw/FullLabelled/paper/paper (223).jpg,./dataset/skeleton_final_v2/paper/paper (223).npy
scissors,scissors-set2 (251),train,./data/raw/FullLabelled/scissors/scissors-set2 (251).jpg,./dataset/skeleton_final_v2/scissors/scissors-set2 (251).npy
scissors,scissors (464),train,./data/raw/FullLabelled/scissors/scissors (464).jpg,./dataset/skeleton_final_v2/scissors/scissors (464).npy
the-finger,the-finger_5857,train,./data/raw/FullLabelled/the-finger/the-finger_5857.jpg,./dataset/skeleton_final_v2/the-finger/the-finger_5857.npy
scissors,scissors_3903,train,./data/raw/FullLabelled/scissors/scissors_3903.jpg,./dataset/skeleton_final_v2/scissors/scissors_3903.npy
scissors,scissors-set2 (72),train,./data/raw/FullLabelled/scissors/scissors-set2 (72).jpg,./dataset/skeleton_final_v2/scissors/scissors-set2 (72).npy
scissors,scissors (399),train,./data/raw/FullLabelled/scissors/scissors (399).jpg,./dataset/skeleton_final_v2/scissors/scissors (399).npy
paper,paper_5158,train,./data/raw/FullLabelled/paper/paper_5158.jpg,./dataset/skeleton_final_v2/paper/paper_5158.npy
scissors,scissors-set2 (675),train,./data/raw/FullLabelled/scissors/scissors-set2 (675).jpg,./dataset/skeleton_final_v2/scissors/scissors-set2 (675).npy
scissors,scissors-set2 (473),train,./data/raw/FullLabelled/scissors/scissors-set2 (473).jpg,./dataset/skeleton_final_v2/scissors/scissors-set2 (473).npy
scissors,scissors-set2 (324),train,./data/raw/FullLabelled/scissors/scissors-set2 (324).jpg,./dataset/skeleton_final_v2/scissors/scissors-set2 (324).npy
ok,ok_Set2_ (494),train,./data/raw/FullLabelled/ok/ok_Set2_ (494).jpg,./dataset/skeleton_final_v2/ok/ok_Set2_ (494).npy
paper,paper_3812,train,./data/raw/FullLabelled/paper/paper_3812.jpg,./dataset/skeleton_final_v2/paper/paper_3812.npy
scissors,scissors_7657,train,./data/raw/FullLabelled/scissors/scissors_7657.jpg,./dataset/skeleton_final_v2/scissors/scissors_7657.npy
scissors,scissors-set2 (658),train,./data/raw/FullLabelled/scissors/scissors-set2 (658).jpg,./dataset/skeleton_final_v2/scissors/scissors-set2 (658).npy
ok,ok_4104,train,./data/raw/FullLabelled/ok/ok_4104.jpg,./dataset/skeleton_final_v2/ok/ok_4104.npy
ok,ok_2686,train,./data/raw/FullLabelled/ok/ok_2686.jpg,./dataset/skeleton_final_v2/ok/ok_2686.npy
paper,paper-set2 (401),train,./data/raw/FullLabelled/paper/paper-set2 (401).jpg,./dataset/skeleton_final_v2/paper/paper-set2 (401).npy
scissors,scissors (452),train,./data/raw/FullLabelled/scissors/scissors (452).jpg,./dataset/skeleton_final_v2/scissors/scissors (452).npy
ok,ok_Set2_ (48),train,./data/raw/FullLabelled/ok/ok_Set2_ (48).jpg,./dataset/skeleton_final_v2/ok/ok_Set2_ (48).npy
rock,rock (250),train,./data/raw/FullLabelled/rock/rock (250).jpg,./dataset/skeleton_final_v2/rock/rock (250).npy
scissors,scissors (99),train,./data/raw/FullLabelled/scissors/scissors (99).jpg,./dataset/skeleton_final_v2/scissors/scissors (99).npy
paper,paper-set2 (423),train,./data/raw/FullLabelled/paper/paper-set2 (423).jpg,./dataset/skeleton_final_v2/paper/paper-set2 (423).npy
ok,ok_2944,train,./data/raw/FullLabelled/ok/ok_2944.jpg,./dataset/skeleton_final_v2/ok/ok_2944.npy
scissors,scissors_5486,train,./data/raw/FullLabelled/scissors/scissors_5486.jpg,./dataset/skeleton_final_v2/scissors/scissors_5486.npy
scissors,scissors (215),train,./data/raw/FullLabelled/scissors/scissors (215).jpg,./dataset/skeleton_final_v2/scissors/scissors (215).npy
paper,paper-set2 (29),train,./data/raw/FullLabelled/paper/paper-set2 (29).jpg,./dataset/skeleton_final_v2/paper/paper-set2 (29).npy
the-finger,the-finger-set2 (345),train,./data/raw/FullLabelled/the-finger/the-finger-set2 (345).jpg,./dataset/skeleton_final_v2/the-finger/the-finger-set2 (345).npy
the-finger,the-finger-set2 (66),train,./data/raw/FullLabelled/the-finger/the-finger-set2 (66).jpg,./dataset/skeleton_final_v2/the-finger/the-finger-set2 (66).npy
rock,rock-set2 (151),train,./data/raw/FullLabelled/rock/rock-set2 (151).jpg,./dataset/skeleton_final_v2/rock/rock-set2 (151).npy
paper,paper_7619,train,./data/raw/FullLabelled/paper/paper_7619.jpg,./dataset/skeleton_final_v2/paper/paper_7619.npy
scissors,scissors-set2 (280),train,./data/raw/FullLabelled/scissors/scissors-set2 (280).jpg,./dataset/skeleton_final_v2/scissors/scissors-set2 (280).npy
rock,rock-set2 (277),train,./data/raw/FullLabelled/rock/rock-set2 (277).jpg,./dataset/skeleton_final_v2/rock/rock-set2 (277).npy
scissors,scissors_6721,train,./data/raw/FullLabelled/scissors/scissors_6721.jpg,./dataset/skeleton_final_v2/scissors/scissors_6721.npy
scissors,scissors (415),train,./data/raw/FullLabelled/scissors/scissors (415).jpg,./dataset/skeleton_final_v2/scissors/scissors (415).npy
paper,paper_2575,train,./data/raw/FullLabelled/paper/paper_2575.jpg,./dataset/skeleton_final_v2/paper/paper_2575.npy
ok,ok_Set2_ (508),train,./data/raw/FullLabelled/ok/ok_Set2_ (508).jpg,./dataset/skeleton_final_v2/ok/ok_Set2_ (508).npy
paper,paper-set2 (313),train,./data/raw/FullLabelled/paper/paper-set2 (313).jpg,./dataset/skeleton_final_v2/paper/paper-set2 (313).npy
scissors,scissors-set2 (532),train,./data/raw/FullLabelled/scissors/scissors-set2 (532).jpg,./dataset/skeleton_final_v2/scissors/scissors-set2 (532).npy
scissors,scissors-set2 (557),train,./data/raw/FullLabelled/scissors/scissors-set2 (557).jpg,./dataset/skeleton_final_v2/scissors/scissors-set2 (557).npy
paper,paper_7148,train,./data/raw/FullLabelled/paper/paper_7148.jpg,./dataset/skeleton_final_v2/paper/paper_7148.npy
scissors,scissors_2603,train,./data/raw/FullLabelled/scissors/scissors_2603.jpg,./dataset/skeleton_final_v2/scissors/scissors_2603.npy
scissors,scissors-set2 (599),train,./data/raw/FullLabelled/scissors/scissors-set2 (599).jpg,./dataset/skeleton_final_v2/scissors/scissors-set2 (599).npy
scissors,scissors_4645,train,./data/raw/FullLabelled/scissors/scissors_4645.jpg,./dataset/skeleton_final_v2/scissors/scissors_4645.npy
scissors,scissors (189),train,./data/raw/FullLabelled/scissors/scissors (189).jpg,./dataset/skeleton_final_v2/scissors/scissors (189).npy
scissors,scissors (257),train,./data/raw/FullLabelled/scissors/scissors (257).jpg,./dataset/skeleton_final_v2/scissors/scissors (257).npy
paper,paper_6536,train,./data/raw/FullLabelled/paper/paper_6536.jpg,./dataset/skeleton_final_v2/paper/paper_6536.npy
paper,paper_6692,train,./data/raw/FullLabelled/paper/paper_6692.jpg,./dataset/skeleton_final_v2/paper/paper_6692.npy
paper,paper-set2 (321),train,./data/raw/FullLabelled/paper/paper-set2 (321).jpg,./dataset/skeleton_final_v2/paper/paper-set2 (321).npy
the-finger,the-finger_9024,train,./data/raw/FullLabelled/the-finger/the-finger_9024.jpg,./dataset/skeleton_final_v2/the-finger/the-finger_9024.npy
scissors,scissors-set2 (644),train,./data/raw/FullLabelled/scissors/scissors-set2 (644).jpg,./dataset/skeleton_final_v2/scissors/scissors-set2 (644).npy
scissors,scissors_7655,train,./data/raw/FullLabelled/scissors/scissors_7655.jpg,./dataset/skeleton_final_v2/scissors/scissors_7655.npy
paper,paper-set2 (42),train,./data/raw/FullLabelled/paper/paper-set2 (42).jpg,./dataset/skeleton_final_v2/paper/paper-set2 (42).npy
scissors,scissors-set2 (87),train,./data/raw/FullLabelled/scissors/scissors-set2 (87).jpg,./dataset/skeleton_final_v2/scissors/scissors-set2 (87).npy
scissors,scissors (355),train,./data/raw/FullLabelled/scissors/scissors (355).jpg,./dataset/skeleton_final_v2/scissors/scissors (355).npy
scissors,scissors_1480,train,./data/raw/FullLabelled/scissors/scissors_1480.jpg,./dataset/skeleton_final_v2/scissors/scissors_1480.npy
the-finger,the-finger-set2 (192),train,./data/raw/FullLabelled/the-finger/the-finger-set2 (192).jpg,./dataset/skeleton_final_v2/the-finger/the-finger-set2 (192).npy
ok,ok_Set2_ (344),train,./data/raw/FullLabelled/ok/ok_Set2_ (344).jpg,./dataset/skeleton_final_v2/ok/ok_Set2_ (344).npy
scissors,scissors (500),train,./data/raw/FullLabelled/scissors/scissors (500).jpg,./dataset/skeleton_final_v2/scissors/scissors (500).npy
ok,ok_Set2_ (290),train,./data/raw/FullLabelled/ok/ok_Set2_ (290).jpg,./dataset/skeleton_final_v2/ok/ok_Set2_ (290).npy
paper,paper_38,train,./data/raw/FullLabelled/paper/paper_38.jpg,./dataset/skeleton_final_v2/paper/paper_38.npy
ok,ok_7012,train,./data/raw/FullLabelled/ok/ok_7012.jpg,./dataset/skeleton_final_v2/ok/ok_7012.npy
ok,ok_Set2_ (150),train,./data/raw/FullLabelled/ok/ok_Set2_ (150).jpg,./dataset/skeleton_final_v2/ok/ok_Set2_ (150).npy
scissors,scissors-set2 (613),train,./data/raw/FullLabelled/scissors/scissors-set2 (613).jpg,./dataset/skeleton_final_v2/scissors/scissors-set2 (613).npy
the-finger,the-finger-set2 (70),train,./data/raw/FullLabelled/the-finger/the-finger-set2 (70).jpg,./dataset/skeleton_final_v2/the-finger/the-finger-set2 (70).npy
scissors,scissors_3947,train,./data/raw/FullLabelled/scissors/scissors_3947.jpg,./dataset/skeleton_final_v2/scissors/scissors_3947.npy
paper,paper_2564,train,./data/raw/FullLabelled/paper/paper_2564.jpg,./dataset/skeleton_final_v2/paper/paper_2564.npy
paper,paper-set2 (38),train,./data/raw/FullLabelled/paper/paper-set2 (38).jpg,./dataset/skeleton_final_v2/paper/paper-set2 (38).npy
paper,paper_6527,train,./data/raw/FullLabelled/paper/paper_6527.jpg,./dataset/skeleton_final_v2/paper/paper_6527.npy
the-finger,the-finger-set2 (331),train,./data/raw/FullLabelled/the-finger/the-finger-set2 (331).jpg,./dataset/skeleton_final_v2/the-finger/the-finger-set2 (331).npy
ok,ok_5949,train,./data/raw/FullLabelled/ok/ok_5949.jpg,./dataset/skeleton_final_v2/ok/ok_5949.npy
scissors,scissors-set2 (108),train,./data/raw/FullLabelled/scissors/scissors-set2 (108).jpg,./dataset/skeleton_final_v2/scissors/scissors-set2 (108).npy
scissors,scissors-set2 (175),train,./data/raw/FullLabelled/scissors/scissors-set2 (175).jpg,./dataset/skeleton_final_v2/scissors/scissors-set2 (175).npy
paper,paper (167),train,./data/raw/FullLabelled/paper/paper (167).jpg,./dataset/skeleton_final_v2/paper/paper (167).npy
rock,rock-set2 (545),train,./data/raw/FullLabelled/rock/rock-set2 (545).jpg,./dataset/skeleton_final_v2/rock/rock-set2 (545).npy
ok,ok_6579,train,./data/raw/FullLabelled/ok/ok_6579.jpg,./dataset/skeleton_final_v2/ok/ok_6579.npy
scissors,scissors (431),train,./data/raw/FullLabelled/scissors/scissors (431).jpg,./dataset/skeleton_final_v2/scissors/scissors (431).npy
ok,ok_5761,train,./data/raw/FullLabelled/ok/ok_5761.jpg,./dataset/skeleton_final_v2/ok/ok_5761.npy
ok,ok_Set2_ (360),train,./data/raw/FullLabelled/ok/ok_Set2_ (360).jpg,./dataset/skeleton_final_v2/ok/ok_Set2_ (360).npy
paper,paper_6537,train,./data/raw/FullLabelled/paper/paper_6537.jpg,./dataset/skeleton_final_v2/paper/paper_6537.npy
scissors,scissors-set2 (260),train,./data/raw/FullLabelled/scissors/scissors-set2 (260).jpg,./dataset/skeleton_final_v2/scissors/scissors-set2 (260).npy
paper,paper (134),train,./data/raw/FullLabelled/paper/paper (134).jpg,./dataset/skeleton_final_v2/paper/paper (134).npy
paper,paper-set2 (355),train,./data/raw/FullLabelled/paper/paper-set2 (355).jpg,./dataset/skeleton_final_v2/paper/paper-set2 (355).npy
scissors,scissors (25),train,./data/raw/FullLabelled/scissors/scissors (25).jpg,./dataset/skeleton_final_v2/scissors/scissors (25).npy
paper,paper (141),train,./data/raw/FullLabelled/paper/paper (141).jpg,./dataset/skeleton_final_v2/paper/paper (141).npy
paper,paper (272),train,./data/raw/FullLabelled/paper/paper (272).jpg,./dataset/skeleton_final_v2/paper/paper (272).npy
ok,ok_Set2_ (271),train,./data/raw/FullLabelled/ok/ok_Set2_ (271).jpg,./dataset/skeleton_final_v2/ok/ok_Set2_ (271).npy
the-finger,the-finger (146),train,./data/raw/FullLabelled/the-finger/the-finger (146).jpg,./dataset/skeleton_final_v2/the-finger/the-finger (146).npy
scissors,scissors (18),train,./data/raw/FullLabelled/scissors/scissors (18).jpg,./dataset/skeleton_final_v2/scissors/scissors (18).npy
scissors,scissors (339),train,./data/raw/FullLabelled/scissors/scissors (339).jpg,./dataset/skeleton_final_v2/scissors/scissors (339).npy
ok,ok_2794,train,./data/raw/FullLabelled/ok/ok_2794.jpg,./dataset/skeleton_final_v2/ok/ok_2794.npy
paper,paper_9144,train,./data/raw/FullLabelled/paper/paper_9144.jpg,./dataset/skeleton_final_v2/paper/paper_9144.npy
rock,rock_1768,train,./data/raw/FullLabelled/rock/rock_1768.jpg,./dataset/skeleton_final_v2/rock/rock_1768.npy
rock,rock_695,train,./data/raw/FullLabelled/rock/rock_695.jpg,./dataset/skeleton_final_v2/rock/rock_695.npy
scissors,scissors_5496,train,./data/raw/FullLabelled/scissors/scissors_5496.jpg,./dataset/skeleton_final_v2/scissors/scissors_5496.npy
paper,paper_4573,train,./data/raw/FullLabelled/paper/paper_4573.jpg,./dataset/skeleton_final_v2/paper/paper_4573.npy
paper,paper-set2 (374),train,./data/raw/FullLabelled/paper/paper-set2 (374).jpg,./dataset/skeleton_final_v2/paper/paper-set2 (374).npy
paper,paper_5716,train,./data/raw/FullLabelled/paper/paper_5716.jpg,./dataset/skeleton_final_v2/paper/paper_5716.npy
ok,ok_Set2_ (563),train,./data/raw/FullLabelled/ok/ok_Set2_ (563).jpg,./dataset/skeleton_final_v2/ok/ok_Set2_ (563).npy
scissors,scissors-set2 (321),train,./data/raw/FullLabelled/scissors/scissors-set2 (321).jpg,./dataset/skeleton_final_v2/scissors/scissors-set2 (321).npy
the-finger,the-finger_2262,train,./data/raw/FullLabelled/the-finger/the-finger_2262.jpg,./dataset/skeleton_final_v2/the-finger/the-finger_2262.npy
the-finger,the-finger_8272,train,./data/raw/FullLabelled/the-finger/the-finger_8272.jpg,./dataset/skeleton_final_v2/the-finger/the-finger_8272.npy
ok,ok_2626,train,./data/raw/FullLabelled/ok/ok_2626.jpg,./dataset/skeleton_final_v2/ok/ok_2626.npy
paper,paper-set2 (89),train,./data/raw/FullLabelled/paper/paper-set2 (89).jpg,./dataset/skeleton_final_v2/paper/paper-set2 (89).npy
scissors,scissors_2676,train,./data/raw/FullLabelled/scissors/scissors_2676.jpg,./dataset/skeleton_final_v2/scissors/scissors_2676.npy
ok,ok_6976,train,./data/raw/FullLabelled/ok/ok_6976.jpg,./dataset/skeleton_final_v2/ok/ok_6976.npy
paper,paper_356,train,./data/raw/FullLabelled/paper/paper_356.jpg,./dataset/skeleton_final_v2/paper/paper_356.npy
paper,paper_5718,train,./data/raw/FullLabelled/paper/paper_5718.jpg,./dataset/skeleton_final_v2/paper/paper_5718.npy
scissors,scissors_5491,train,./data/raw/FullLabelled/scissors/scissors_5491.jpg,./dataset/skeleton_final_v2/scissors/scissors_5491.npy
scissors,scissors (337),train,./data/raw/FullLabelled/scissors/scissors (337).jpg,./dataset/skeleton_final_v2/scissors/scissors (337).npy
ok,ok (67),train,./data/raw/FullLabelled/ok/ok (67).jpg,./dataset/skeleton_final_v2/ok/ok (67).npy
scissors,scissors_2587,train,./data/raw/FullLabelled/scissors/scissors_2587.jpg,./dataset/skeleton_final_v2/scissors/scissors_2587.npy
paper,paper_4580,train,./data/raw/FullLabelled/paper/paper_4580.jpg,./dataset/skeleton_final_v2/paper/paper_4580.npy
ok,ok (218),train,./data/raw/FullLabelled/ok/ok (218).jpg,./dataset/skeleton_final_v2/ok/ok (218).npy
paper,paper-set2 (315),train,./data/raw/FullLabelled/paper/paper-set2 (315).jpg,./dataset/skeleton_final_v2/paper/paper-set2 (315).npy
scissors,scissors-set2 (71),train,./data/raw/FullLabelled/scissors/scissors-set2 (71).jpg,./dataset/skeleton_final_v2/scissors/scissors-set2 (71).npy
the-finger,the-finger-set2 (396),train,./data/raw/FullLabelled/the-finger/the-finger-set2 (396).jpg,./dataset/skeleton_final_v2/the-finger/the-finger-set2 (396).npy
the-finger,the-finger-set2 (303),train,./data/raw/FullLabelled/the-finger/the-finger-set2 (303).jpg,./dataset/skeleton_final_v2/the-finger/the-finger-set2 (303).npy
the-finger,the-finger_6295,train,./data/raw/FullLabelled/the-finger/the-finger_6295.jpg,./dataset/skeleton_final_v2/the-finger/the-finger_6295.npy
paper,paper-set2 (507),train,./data/raw/FullLabelled/paper/paper-set2 (507).jpg,./dataset/skeleton_final_v2/paper/paper-set2 (507).npy
paper,paper_8746,train,./data/raw/FullLabelled/paper/paper_8746.jpg,./dataset/skeleton_final_v2/paper/paper_8746.npy
paper,paper-set2 (278),train,./data/raw/FullLabelled/paper/paper-set2 (278).jpg,./dataset/skeleton_final_v2/paper/paper-set2 (278).npy
ok,ok_Set2_ (23),train,./data/raw/FullLabelled/ok/ok_Set2_ (23).jpg,./dataset/skeleton_final_v2/ok/ok_Set2_ (23).npy
ok,ok_Set2_ (194),train,./data/raw/FullLabelled/ok/ok_Set2_ (194).jpg,./dataset/skeleton_final_v2/ok/ok_Set2_ (194).npy
the-finger,the-finger (23),train,./data/raw/FullLabelled/the-finger/the-finger (23).jpg,./dataset/skeleton_final_v2/the-finger/the-finger (23).npy
scissors,scissors_5746,train,./data/raw/FullLabelled/scissors/scissors_5746.jpg,./dataset/skeleton_final_v2/scissors/scissors_5746.npy
ok,ok (51),train,./data/raw/FullLabelled/ok/ok (51).jpg,./dataset/skeleton_final_v2/ok/ok (51).npy
rock,rock (131),train,./data/raw/FullLabelled/rock/rock (131).jpg,./dataset/skeleton_final_v2/rock/rock (131).npy
ok,ok_9228,train,./data/raw/FullLabelled/ok/ok_9228.jpg,./dataset/skeleton_final_v2/ok/ok_9228.npy
scissors,scissors (54),train,./data/raw/FullLabelled/scissors/scissors (54).jpg,./dataset/skeleton_final_v2/scissors/scissors (54).npy
scissors,scissors-set2 (34),train,./data/raw/FullLabelled/scissors/scissors-set2 (34).jpg,./dataset/skeleton_final_v2/scissors/scissors-set2 (34).npy
paper,paper-set2 (83),train,./data/raw/FullLabelled/paper/paper-set2 (83).jpg,./dataset/skeleton_final_v2/paper/paper-set2 (83).npy
ok,ok (134),train,./data/raw/FullLabelled/ok/ok (134).jpg,./dataset/skeleton_final_v2/ok/ok (134).npy
paper,paper (57),train,./data/raw/FullLabelled/paper/paper (57).jpg,./dataset/skeleton_final_v2/paper/paper (57).npy
ok,ok_Set2_ (560),train,./data/raw/FullLabelled/ok/ok_Set2_ (560).jpg,./dataset/skeleton_final_v2/ok/ok_Set2_ (560).npy
the-finger,the-finger-set2 (310),train,./data/raw/FullLabelled/the-finger/the-finger-set2 (310).jpg,./dataset/skeleton_final_v2/the-finger/the-finger-set2 (310).npy
ok,ok_1997,train,./data/raw/FullLabelled/ok/ok_1997.jpg,./dataset/skeleton_final_v2/ok/ok_1997.npy
ok,ok_Set2_ (372),train,./data/raw/FullLabelled/ok/ok_Set2_ (372).jpg,./dataset/skeleton_final_v2/ok/ok_Set2_ (372).npy
ok,ok_Set2_ (217),train,./data/raw/FullLabelled/ok/ok_Set2_ (217).jpg,./dataset/skeleton_final_v2/ok/ok_Set2_ (217).npy
scissors,scissors-set2 (1),train,./data/raw/FullLabelled/scissors/scissors-set2 (1).jpg,./dataset/skeleton_final_v2/scissors/scissors-set2 (1).npy
ok,ok_6973,train,./data/raw/FullLabelled/ok/ok_6973.jpg,./dataset/skeleton_final_v2/ok/ok_6973.npy
the-finger,the-finger-set2 (376),train,./data/raw/FullLabelled/the-finger/the-finger-set2 (376).jpg,./dataset/skeleton_final_v2/the-finger/the-finger-set2 (376).npy
scissors,scissors-set2 (552),train,./data/raw/FullLabelled/scissors/scissors-set2 (552).jpg,./dataset/skeleton_final_v2/scissors/scissors-set2 (552).npy
the-finger,the-finger-set2 (134),train,./data/raw/FullLabelled/the-finger/the-finger-set2 (134).jpg,./dataset/skeleton_final_v2/the-finger/the-finger-set2 (134).npy
ok,ok_4028,train,./data/raw/FullLabelled/ok/ok_4028.jpg,./dataset/skeleton_final_v2/ok/ok_4028.npy
scissors,scissors-set2 (435),train,./data/raw/FullLabelled/scissors/scissors-set2 (435).jpg,./dataset/skeleton_final_v2/scissors/scissors-set2 (435).npy
paper,paper_388,train,./data/raw/FullLabelled/paper/paper_388.jpg,./dataset/skeleton_final_v2/paper/paper_388.npy
scissors,scissors (353),train,./data/raw/FullLabelled/scissors/scissors (353).jpg,./dataset/skeleton_final_v2/scissors/scissors (353).npy
scissors,scissors_6558,train,./data/raw/FullLabelled/scissors/scissors_6558.jpg,./dataset/skeleton_final_v2/scissors/scissors_6558.npy
scissors,scissors (273),train,./data/raw/FullLabelled/scissors/scissors (273).jpg,./dataset/skeleton_final_v2/scissors/scissors (273).npy
scissors,scissors-set2 (128),train,./data/raw/FullLabelled/scissors/scissors-set2 (128).jpg,./dataset/skeleton_final_v2/scissors/scissors-set2 (128).npy
scissors,scissors_9220,train,./data/raw/FullLabelled/scissors/scissors_9220.jpg,./dataset/skeleton_final_v2/scissors/scissors_9220.npy
paper,paper_4594,train,./data/raw/FullLabelled/paper/paper_4594.jpg,./dataset/skeleton_final_v2/paper/paper_4594.npy
ok,ok_Set2_ (215),train,./data/raw/FullLabelled/ok/ok_Set2_ (215).jpg,./dataset/skeleton_final_v2/ok/ok_Set2_ (215).npy
rock,rock-set2 (155),train,./data/raw/FullLabelled/rock/rock-set2 (155).jpg,./dataset/skeleton_final_v2/rock/rock-set2 (155).npy
scissors,scissors (419),train,./data/raw/FullLabelled/scissors/scissors (419).jpg,./dataset/skeleton_final_v2/scissors/scissors (419).npy
paper,paper-set2 (333),train,./data/raw/FullLabelled/paper/paper-set2 (333).jpg,./dataset/skeleton_final_v2/paper/paper-set2 (333).npy
rock,rock-set2 (242),train,./data/raw/FullLabelled/rock/rock-set2 (242).jpg,./dataset/skeleton_final_v2/rock/rock-set2 (242).npy
paper,paper_2557,train,./data/raw/FullLabelled/paper/paper_2557.jpg,./dataset/skeleton_final_v2/paper/paper_2557.npy
scissors,scissors_764,train,./data/raw/FullLabelled/scissors/scissors_764.jpg,./dataset/skeleton_final_v2/scissors/scissors_764.npy
scissors,scissors_8792,train,./data/raw/FullLabelled/scissors/scissors_8792.jpg,./dataset/skeleton_final_v2/scissors/scissors_8792.npy
ok,ok_Set2_ (257),train,./data/raw/FullLabelled/ok/ok_Set2_ (257).jpg,./dataset/skeleton_final_v2/ok/ok_Set2_ (257).npy
paper,paper_9138,train,./data/raw/FullLabelled/paper/paper_9138.jpg,./dataset/skeleton_final_v2/paper/paper_9138.npy
ok,ok_1937,train,./data/raw/FullLabelled/ok/ok_1937.jpg,./dataset/skeleton_final_v2/ok/ok_1937.npy
the-finger,the-finger-set2 (41),train,./data/raw/FullLabelled/the-finger/the-finger-set2 (41).jpg,./dataset/skeleton_final_v2/the-finger/the-finger-set2 (41).npy
scissors,scissors (130),train,./data/raw/FullLabelled/scissors/scissors (130).jpg,./dataset/skeleton_final_v2/scissors/scissors (130).npy
scissors,scissors_2658,train,./data/raw/FullLabelled/scissors/scissors_2658.jpg,./dataset/skeleton_final_v2/scissors/scissors_2658.npy
scissors,scissors-set2 (36),train,./data/raw/FullLabelled/scissors/scissors-set2 (36).jpg,./dataset/skeleton_final_v2/scissors/scissors-set2 (36).npy
the-finger,the-finger_6868,train,./data/raw/FullLabelled/the-finger/the-finger_6868.jpg,./dataset/skeleton_final_v2/the-finger/the-finger_6868.npy
scissors,scissors-set2 (67),train,./data/raw/FullLabelled/scissors/scissors-set2 (67).jpg,./dataset/skeleton_final_v2/scissors/scissors-set2 (67).npy
scissors,scissors (234),train,./data/raw/FullLabelled/scissors/scissors (234).jpg,./dataset/skeleton_final_v2/scissors/scissors (234).npy
paper,paper_6934,train,./data/raw/FullLabelled/paper/paper_6934.jpg,./dataset/skeleton_final_v2/paper/paper_6934.npy
scissors,scissors-set2 (368),train,./data/raw/FullLabelled/scissors/scissors-set2 (368).jpg,./dataset/skeleton_final_v2/scissors/scissors-set2 (368).npy
paper,paper-set2 (415),train,./data/raw/FullLabelled/paper/paper-set2 (415).jpg,./dataset/skeleton_final_v2/paper/paper-set2 (415).npy
scissors,scissors-set2 (609),train,./data/raw/FullLabelled/scissors/scissors-set2 (609).jpg,./dataset/skeleton_final_v2/scissors/scissors-set2 (609).npy
ok,ok_1933,train,./data/raw/FullLabelled/ok/ok_1933.jpg,./dataset/skeleton_final_v2/ok/ok_1933.npy
scissors,scissors (59),train,./data/raw/FullLabelled/scissors/scissors (59).jpg,./dataset/skeleton_final_v2/scissors/scissors (59).npy
paper,paper (145),train,./data/raw/FullLabelled/paper/paper (145).jpg,./dataset/skeleton_final_v2/paper/paper (145).npy
paper,paper (284),train,./data/raw/FullLabelled/paper/paper (284).jpg,./dataset/skeleton_final_v2/paper/paper (284).npy
the-finger,the-finger_6656,train,./data/raw/FullLabelled/the-finger/the-finger_6656.jpg,./dataset/skeleton_final_v2/the-finger/the-finger_6656.npy
scissors,scissors-set2 (191),train,./data/raw/FullLabelled/scissors/scissors-set2 (191).jpg,./dataset/skeleton_final_v2/scissors/scissors-set2 (191).npy
scissors,scissors_2650,train,./data/raw/FullLabelled/scissors/scissors_2650.jpg,./dataset/skeleton_final_v2/scissors/scissors_2650.npy
scissors,scissors-set2 (466),train,./data/raw/FullLabelled/scissors/scissors-set2 (466).jpg,./dataset/skeleton_final_v2/scissors/scissors-set2 (466).npy
scissors,scissors_3868,train,./data/raw/FullLabelled/scissors/scissors_3868.jpg,./dataset/skeleton_final_v2/scissors/scissors_3868.npy
scissors,scissors_2597,train,./data/raw/FullLabelled/scissors/scissors_2597.jpg,./dataset/skeleton_final_v2/scissors/scissors_2597.npy
scissors,scissors (260),train,./data/raw/FullLabelled/scissors/scissors (260).jpg,./dataset/skeleton_final_v2/scissors/scissors (260).npy
paper,paper_9166,train,./data/raw/FullLabelled/paper/paper_9166.jpg,./dataset/skeleton_final_v2/paper/paper_9166.npy
paper,paper_3715,train,./data/raw/FullLabelled/paper/paper_3715.jpg,./dataset/skeleton_final_v2/paper/paper_3715.npy
paper,paper-set2 (495),train,./data/raw/FullLabelled/paper/paper-set2 (495).jpg,./dataset/skeleton_final_v2/paper/paper-set2 (495).npy
paper,paper_1029,train,./data/raw/FullLabelled/paper/paper_1029.jpg,./dataset/skeleton_final_v2/paper/paper_1029.npy
rock,rock-set2 (342),train,./data/raw/FullLabelled/rock/rock-set2 (342).jpg,./dataset/skeleton_final_v2/rock/rock-set2 (342).npy
paper,paper-set2 (435),train,./data/raw/FullLabelled/paper/paper-set2 (435).jpg,./dataset/skeleton_final_v2/paper/paper-set2 (435).npy
the-finger,the-finger-set2 (326),train,./data/raw/FullLabelled/the-finger/the-finger-set2 (326).jpg,./dataset/skeleton_final_v2/the-finger/the-finger-set2 (326).npy
rock,rock-set2 (19),train,./data/raw/FullLabelled/rock/rock-set2 (19).jpg,./dataset/skeleton_final_v2/rock/rock-set2 (19).npy
paper,paper_5731,train,./data/raw/FullLabelled/paper/paper_5731.jpg,./dataset/skeleton_final_v2/paper/paper_5731.npy
paper,paper (194),train,./data/raw/FullLabelled/paper/paper (194).jpg,./dataset/skeleton_final_v2/paper/paper (194).npy
scissors,scissors (359),train,./data/raw/FullLabelled/scissors/scissors (359).jpg,./dataset/skeleton_final_v2/scissors/scissors (359).npy
ok,ok (144),train,./data/raw/FullLabelled/ok/ok (144).jpg,./dataset/skeleton_final_v2/ok/ok (144).npy
scissors,scissors-set2 (193),train,./data/raw/FullLabelled/scissors/scissors-set2 (193).jpg,./dataset/skeleton_final_v2/scissors/scissors-set2 (193).npy
the-finger,the-finger-set2 (335),train,./data/raw/FullLabelled/the-finger/the-finger-set2 (335).jpg,./dataset/skeleton_final_v2/the-finger/the-finger-set2 (335).npy
scissors,scissors_5489,train,./data/raw/FullLabelled/scissors/scissors_5489.jpg,./dataset/skeleton_final_v2/scissors/scissors_5489.npy
paper,paper-set2 (320),train,./data/raw/FullLabelled/paper/paper-set2 (320).jpg,./dataset/skeleton_final_v2/paper/paper-set2 (320).npy
the-finger,the-finger_9052,train,./data/raw/FullLabelled/the-finger/the-finger_9052.jpg,./dataset/skeleton_final_v2/the-finger/the-finger_9052.npy
ok,ok_Set2_ (539),train,./data/raw/FullLabelled/ok/ok_Set2_ (539).jpg,./dataset/skeleton_final_v2/ok/ok_Set2_ (539).npy
paper,paper_4595,train,./data/raw/FullLabelled/paper/paper_4595.jpg,./dataset/skeleton_final_v2/paper/paper_4595.npy
paper,paper (25),train,./data/raw/FullLabelled/paper/paper (25).jpg,./dataset/skeleton_final_v2/paper/paper (25).npy
scissors,scissors-set2 (244),train,./data/raw/FullLabelled/scissors/scissors-set2 (244).jpg,./dataset/skeleton_final_v2/scissors/scissors-set2 (244).npy
scissors,scissors-set2 (182),train,./data/raw/FullLabelled/scissors/scissors-set2 (182).jpg,./dataset/skeleton_final_v2/scissors/scissors-set2 (182).npy
paper,paper-set2 (181),train,./data/raw/FullLabelled/paper/paper-set2 (181).jpg,./dataset/skeleton_final_v2/paper/paper-set2 (181).npy
scissors,scissors-set2 (544),train,./data/raw/FullLabelled/scissors/scissors-set2 (544).jpg,./dataset/skeleton_final_v2/scissors/scissors-set2 (544).npy
scissors,scissors-set2 (114),train,./data/raw/FullLabelled/scissors/scissors-set2 (114).jpg,./dataset/skeleton_final_v2/scissors/scissors-set2 (114).npy
scissors,scissors-set2 (200),train,./data/raw/FullLabelled/scissors/scissors-set2 (200).jpg,./dataset/skeleton_final_v2/scissors/scissors-set2 (200).npy
paper,paper_743,train,./data/raw/FullLabelled/paper/paper_743.jpg,./dataset/skeleton_final_v2/paper/paper_743.npy
the-finger,the-finger-set2 (346),train,./data/raw/FullLabelled/the-finger/the-finger-set2 (346).jpg,./dataset/skeleton_final_v2/the-finger/the-finger-set2 (346).npy
the-finger,the-finger (96),train,./data/raw/FullLabelled/the-finger/the-finger (96).jpg,./dataset/skeleton_final_v2/the-finger/the-finger (96).npy
rock,rock-set2 (431),train,./data/raw/FullLabelled/rock/rock-set2 (431).jpg,./dataset/skeleton_final_v2/rock/rock-set2 (431).npy
ok,ok_Set2_ (383),train,./data/raw/FullLabelled/ok/ok_Set2_ (383).jpg,./dataset/skeleton_final_v2/ok/ok_Set2_ (383).npy
scissors,scissors_754,train,./data/raw/FullLabelled/scissors/scissors_754.jpg,./dataset/skeleton_final_v2/scissors/scissors_754.npy
rock,rock_7876,train,./data/raw/FullLabelled/rock/rock_7876.jpg,./dataset/skeleton_final_v2/rock/rock_7876.npy
scissors,scissors (22),train,./data/raw/FullLabelled/scissors/scissors (22).jpg,./dataset/skeleton_final_v2/scissors/scissors (22).npy
scissors,scissors_4664,train,./data/raw/FullLabelled/scissors/scissors_4664.jpg,./dataset/skeleton_final_v2/scissors/scissors_4664.npy
the-finger,the-finger (43),train,./data/raw/FullLabelled/the-finger/the-finger (43).jpg,./dataset/skeleton_final_v2/the-finger/the-finger (43).npy
scissors,scissors (113),train,./data/raw/FullLabelled/scissors/scissors (113).jpg,./dataset/skeleton_final_v2/scissors/scissors (113).npy
paper,paper_7603,train,./data/raw/FullLabelled/paper/paper_7603.jpg,./dataset/skeleton_final_v2/paper/paper_7603.npy
ok,ok_4961,train,./data/raw/FullLabelled/ok/ok_4961.jpg,./dataset/skeleton_final_v2/ok/ok_4961.npy
ok,ok_Set2_ (230),train,./data/raw/FullLabelled/ok/ok_Set2_ (230).jpg,./dataset/skeleton_final_v2/ok/ok_Set2_ (230).npy
paper,paper-set2 (100),train,./data/raw/FullLabelled/paper/paper-set2 (100).jpg,./dataset/skeleton_final_v2/paper/paper-set2 (100).npy
ok,ok_Set2_ (341),train,./data/raw/FullLabelled/ok/ok_Set2_ (341).jpg,./dataset/skeleton_final_v2/ok/ok_Set2_ (341).npy
paper,paper_5163,train,./data/raw/FullLabelled/paper/paper_5163.jpg,./dataset/skeleton_final_v2/paper/paper_5163.npy
paper,paper-set2 (201),train,./data/raw/FullLabelled/paper/paper-set2 (201).jpg,./dataset/skeleton_final_v2/paper/paper-set2 (201).npy
ok,ok_1193,train,./data/raw/FullLabelled/ok/ok_1193.jpg,./dataset/skeleton_final_v2/ok/ok_1193.npy
scissors,scissors_5181,train,./data/raw/FullLabelled/scissors/scissors_5181.jpg,./dataset/skeleton_final_v2/scissors/scissors_5181.npy
the-finger,the-finger_236,train,./data/raw/FullLabelled/the-finger/the-finger_236.jpg,./dataset/skeleton_final_v2/the-finger/the-finger_236.npy
scissors,scissors-set2 (351),train,./data/raw/FullLabelled/scissors/scissors-set2 (351).jpg,./dataset/skeleton_final_v2/scissors/scissors-set2 (351).npy
ok,ok_Set2_ (82),train,./data/raw/FullLabelled/ok/ok_Set2_ (82).jpg,./dataset/skeleton_final_v2/ok/ok_Set2_ (82).npy
rock,rock-set2 (5),train,./data/raw/FullLabelled/rock/rock-set2 (5).jpg,./dataset/skeleton_final_v2/rock/rock-set2 (5).npy
scissors,scissors-set2 (366),train,./data/raw/FullLabelled/scissors/scissors-set2 (366).jpg,./dataset/skeleton_final_v2/scissors/scissors-set2 (366).npy
scissors,scissors (132),train,./data/raw/FullLabelled/scissors/scissors (132).jpg,./dataset/skeleton_final_v2/scissors/scissors (132).npy
scissors,scissors-set2 (195),train,./data/raw/FullLabelled/scissors/scissors-set2 (195).jpg,./dataset/skeleton_final_v2/scissors/scissors-set2 (195).npy
scissors,scissors (241),train,./data/raw/FullLabelled/scissors/scissors (241).jpg,./dataset/skeleton_final_v2/scissors/scissors (241).npy
ok,ok_Set2_ (135),train,./data/raw/FullLabelled/ok/ok_Set2_ (135).jpg,./dataset/skeleton_final_v2/ok/ok_Set2_ (135).npy
scissors,scissors_5500,train,./data/raw/FullLabelled/scissors/scissors_5500.jpg,./dataset/skeleton_final_v2/scissors/scissors_5500.npy
scissors,scissors (29),train,./data/raw/FullLabelled/scissors/scissors (29).jpg,./dataset/skeleton_final_v2/scissors/scissors (29).npy
paper,paper_8760,train,./data/raw/FullLabelled/paper/paper_8760.jpg,./dataset/skeleton_final_v2/paper/paper_8760.npy
scissors,scissors-set2 (462),train,./data/raw/FullLabelled/scissors/scissors-set2 (462).jpg,./dataset/skeleton_final_v2/scissors/scissors-set2 (462).npy
ok,ok_Set2_ (547),train,./data/raw/FullLabelled/ok/ok_Set2_ (547).jpg,./dataset/skeleton_final_v2/ok/ok_Set2_ (547).npy
paper,paper-set2 (434),train,./data/raw/FullLabelled/paper/paper-set2 (434).jpg,./dataset/skeleton_final_v2/paper/paper-set2 (434).npy
paper,paper-set2 (24),train,./data/raw/FullLabelled/paper/paper-set2 (24).jpg,./dataset/skeleton_final_v2/paper/paper-set2 (24).npy
ok,ok_1967,train,./data/raw/FullLabelled/ok/ok_1967.jpg,./dataset/skeleton_final_v2/ok/ok_1967.npy
the-finger,the-finger-set2 (212),train,./data/raw/FullLabelled/the-finger/the-finger-set2 (212).jpg,./dataset/skeleton_final_v2/the-finger/the-finger-set2 (212).npy
paper,paper (273),train,./data/raw/FullLabelled/paper/paper (273).jpg,./dataset/skeleton_final_v2/paper/paper (273).npy
scissors,scissors (251),train,./data/raw/FullLabelled/scissors/scissors (251).jpg,./dataset/skeleton_final_v2/scissors/scissors (251).npy
ok,ok_5524,train,./data/raw/FullLabelled/ok/ok_5524.jpg,./dataset/skeleton_final_v2/ok/ok_5524.npy
ok,ok_Set2_ (332),train,./data/raw/FullLabelled/ok/ok_Set2_ (332).jpg,./dataset/skeleton_final_v2/ok/ok_Set2_ (332).npy
ok,ok_Set2_ (277),train,./data/raw/FullLabelled/ok/ok_Set2_ (277).jpg,./dataset/skeleton_final_v2/ok/ok_Set2_ (277).npy
the-finger,the-finger_235,train,./data/raw/FullLabelled/the-finger/the-finger_235.jpg,./dataset/skeleton_final_v2/the-finger/the-finger_235.npy
ok,ok_2662,train,./data/raw/FullLabelled/ok/ok_2662.jpg,./dataset/skeleton_final_v2/ok/ok_2662.npy
paper,paper (196),train,./data/raw/FullLabelled/paper/paper (196).jpg,./dataset/skeleton_final_v2/paper/paper (196).npy
scissors,scissors-set2 (516),train,./data/raw/FullLabelled/scissors/scissors-set2 (516).jpg,./dataset/skeleton_final_v2/scissors/scissors-set2 (516).npy
the-finger,the-finger-set2 (304),train,./data/raw/FullLabelled/the-finger/the-finger-set2 (304).jpg,./dataset/skeleton_final_v2/the-finger/the-finger-set2 (304).npy
ok,ok_5762,train,./data/raw/FullLabelled/ok/ok_5762.jpg,./dataset/skeleton_final_v2/ok/ok_5762.npy
scissors,scissors-set2 (234),train,./data/raw/FullLabelled/scissors/scissors-set2 (234).jpg,./dataset/skeleton_final_v2/scissors/scissors-set2 (234).npy
ok,ok_Set2_ (61),train,./data/raw/FullLabelled/ok/ok_Set2_ (61).jpg,./dataset/skeleton_final_v2/ok/ok_Set2_ (61).npy
the-finger,the-finger-set2 (430),train,./data/raw/FullLabelled/the-finger/the-finger-set2 (430).jpg,./dataset/skeleton_final_v2/the-finger/the-finger-set2 (430).npy
ok,ok_Set2_ (518),train,./data/raw/FullLabelled/ok/ok_Set2_ (518).jpg,./dataset/skeleton_final_v2/ok/ok_Set2_ (518).npy
scissors,scissors-set2 (155),train,./data/raw/FullLabelled/scissors/scissors-set2 (155).jpg,./dataset/skeleton_final_v2/scissors/scissors-set2 (155).npy
scissors,scissors_7173,train,./data/raw/FullLabelled/scissors/scissors_7173.jpg,./dataset/skeleton_final_v2/scissors/scissors_7173.npy
paper,paper-set2 (327),train,./data/raw/FullLabelled/paper/paper-set2 (327).jpg,./dataset/skeleton_final_v2/paper/paper-set2 (327).npy
scissors,scissors_7188,train,./data/raw/FullLabelled/scissors/scissors_7188.jpg,./dataset/skeleton_final_v2/scissors/scissors_7188.npy
paper,paper (170),train,./data/raw/FullLabelled/paper/paper (170).jpg,./dataset/skeleton_final_v2/paper/paper (170).npy
scissors,scissors-set2 (635),train,./data/raw/FullLabelled/scissors/scissors-set2 (635).jpg,./dataset/skeleton_final_v2/scissors/scissors-set2 (635).npy
paper,paper-set2 (129),train,./data/raw/FullLabelled/paper/paper-set2 (129).jpg,./dataset/skeleton_final_v2/paper/paper-set2 (129).npy
ok,ok_1530,train,./data/raw/FullLabelled/ok/ok_1530.jpg,./dataset/skeleton_final_v2/ok/ok_1530.npy
paper,paper-set2 (11),train,./data/raw/FullLabelled/paper/paper-set2 (11).jpg,./dataset/skeleton_final_v2/paper/paper-set2 (11).npy
scissors,scissors_3927,train,./data/raw/FullLabelled/scissors/scissors_3927.jpg,./dataset/skeleton_final_v2/scissors/scissors_3927.npy
paper,paper (83),train,./data/raw/FullLabelled/paper/paper (83).jpg,./dataset/skeleton_final_v2/paper/paper (83).npy
paper,paper_6701,train,./data/raw/FullLabelled/paper/paper_6701.jpg,./dataset/skeleton_final_v2/paper/paper_6701.npy
scissors,scissors-set2 (243),train,./data/raw/FullLabelled/scissors/scissors-set2 (243).jpg,./dataset/skeleton_final_v2/scissors/scissors-set2 (243).npy
scissors,scissors_5931,train,./data/raw/FullLabelled/scissors/scissors_5931.jpg,./dataset/skeleton_final_v2/scissors/scissors_5931.npy
paper,paper_1438,train,./data/raw/FullLabelled/paper/paper_1438.jpg,./dataset/skeleton_final_v2/paper/paper_1438.npy
scissors,scissors_6955,train,./data/raw/FullLabelled/scissors/scissors_6955.jpg,./dataset/skeleton_final_v2/scissors/scissors_6955.npy
scissors,scissors_6167,train,./data/raw/FullLabelled/scissors/scissors_6167.jpg,./dataset/skeleton_final_v2/scissors/scissors_6167.npy
paper,paper_42,train,./data/raw/FullLabelled/paper/paper_42.jpg,./dataset/skeleton_final_v2/paper/paper_42.npy
ok,ok (233),train,./data/raw/FullLabelled/ok/ok (233).jpg,./dataset/skeleton_final_v2/ok/ok (233).npy
ok,ok (23),train,./data/raw/FullLabelled/ok/ok (23).jpg,./dataset/skeleton_final_v2/ok/ok (23).npy
paper,paper-set2 (419),train,./data/raw/FullLabelled/paper/paper-set2 (419).jpg,./dataset/skeleton_final_v2/paper/paper-set2 (419).npy
ok,ok_Set2_ (312),train,./data/raw/FullLabelled/ok/ok_Set2_ (312).jpg,./dataset/skeleton_final_v2/ok/ok_Set2_ (312).npy
ok,ok_Set2_ (225),train,./data/raw/FullLabelled/ok/ok_Set2_ (225).jpg,./dataset/skeleton_final_v2/ok/ok_Set2_ (225).npy
the-finger,the-finger (153),train,./data/raw/FullLabelled/the-finger/the-finger (153).jpg,./dataset/skeleton_final_v2/the-finger/the-finger (153).npy
ok,ok_8904,train,./data/raw/FullLabelled/ok/ok_8904.jpg,./dataset/skeleton_final_v2/ok/ok_8904.npy
scissors,scissors (266),train,./data/raw/FullLabelled/scissors/scissors (266).jpg,./dataset/skeleton_final_v2/scissors/scissors (266).npy
rock,rock-set2 (50),train,./data/raw/FullLabelled/rock/rock-set2 (50).jpg,./dataset/skeleton_final_v2/rock/rock-set2 (50).npy
paper,paper_37,train,./data/raw/FullLabelled/paper/paper_37.jpg,./dataset/skeleton_final_v2/paper/paper_37.npy
rock,rock-set2 (213),train,./data/raw/FullLabelled/rock/rock-set2 (213).jpg,./dataset/skeleton_final_v2/rock/rock-set2 (213).npy
scissors,scissors (296),train,./data/raw/FullLabelled/scissors/scissors (296).jpg,./dataset/skeleton_final_v2/scissors/scissors (296).npy
paper,paper_737,train,./data/raw/FullLabelled/paper/paper_737.jpg,./dataset/skeleton_final_v2/paper/paper_737.npy
rock,rock (91),train,./data/raw/FullLabelled/rock/rock (91).jpg,./dataset/skeleton_final_v2/rock/rock (91).npy
scissors,scissors_5514,train,./data/raw/FullLabelled/scissors/scissors_5514.jpg,./dataset/skeleton_final_v2/scissors/scissors_5514.npy
ok,ok_7693,train,./data/raw/FullLabelled/ok/ok_7693.jpg,./dataset/skeleton_final_v2/ok/ok_7693.npy
ok,ok_Set2_ (392),train,./data/raw/FullLabelled/ok/ok_Set2_ (392).jpg,./dataset/skeleton_final_v2/ok/ok_Set2_ (392).npy
scissors,scissors_440,train,./data/raw/FullLabelled/scissors/scissors_440.jpg,./dataset/skeleton_final_v2/scissors/scissors_440.npy
paper,paper (19),train,./data/raw/FullLabelled/paper/paper (19).jpg,./dataset/skeleton_final_v2/paper/paper (19).npy
paper,paper_731,train,./data/raw/FullLabelled/paper/paper_731.jpg,./dataset/skeleton_final_v2/paper/paper_731.npy
ok,ok (96),train,./data/raw/FullLabelled/ok/ok (96).jpg,./dataset/skeleton_final_v2/ok/ok (96).npy
ok,ok (220),train,./data/raw/FullLabelled/ok/ok (220).jpg,./dataset/skeleton_final_v2/ok/ok (220).npy
ok,ok_1536,train,./data/raw/FullLabelled/ok/ok_1536.jpg,./dataset/skeleton_final_v2/ok/ok_1536.npy
paper,paper-set2 (439),train,./data/raw/FullLabelled/paper/paper-set2 (439).jpg,./dataset/skeleton_final_v2/paper/paper-set2 (439).npy
scissors,scissors_6151,train,./data/raw/FullLabelled/scissors/scissors_6151.jpg,./dataset/skeleton_final_v2/scissors/scissors_6151.npy
paper,paper_744,train,./data/raw/FullLabelled/paper/paper_744.jpg,./dataset/skeleton_final_v2/paper/paper_744.npy
scissors,scissors (329),train,./data/raw/FullLabelled/scissors/scissors (329).jpg,./dataset/skeleton_final_v2/scissors/scissors (329).npy
ok,ok_8922,train,./data/raw/FullLabelled/ok/ok_8922.jpg,./dataset/skeleton_final_v2/ok/ok_8922.npy
scissors,scissors-set2 (584),train,./data/raw/FullLabelled/scissors/scissors-set2 (584).jpg,./dataset/skeleton_final_v2/scissors/scissors-set2 (584).npy
the-finger,the-finger-set2 (348),train,./data/raw/FullLabelled/the-finger/the-finger-set2 (348).jpg,./dataset/skeleton_final_v2/the-finger/the-finger-set2 (348).npy
paper,paper_6332,train,./data/raw/FullLabelled/paper/paper_6332.jpg,./dataset/skeleton_final_v2/paper/paper_6332.npy
scissors,scissors (467),train,./data/raw/FullLabelled/scissors/scissors (467).jpg,./dataset/skeleton_final_v2/scissors/scissors (467).npy
ok,ok_Set2_ (437),train,./data/raw/FullLabelled/ok/ok_Set2_ (437).jpg,./dataset/skeleton_final_v2/ok/ok_Set2_ (437).npy
scissors,scissors (422),train,./data/raw/FullLabelled/scissors/scissors (422).jpg,./dataset/skeleton_final_v2/scissors/scissors (422).npy
paper,paper-set2 (272),train,./data/raw/FullLabelled/paper/paper-set2 (272).jpg,./dataset/skeleton_final_v2/paper/paper-set2 (272).npy
scissors,scissors-set2 (616),train,./data/raw/FullLabelled/scissors/scissors-set2 (616).jpg,./dataset/skeleton_final_v2/scissors/scissors-set2 (616).npy
rock,rock-set2 (348),train,./data/raw/FullLabelled/rock/rock-set2 (348).jpg,./dataset/skeleton_final_v2/rock/rock-set2 (348).npy
the-finger,the-finger_244,train,./data/raw/FullLabelled/the-finger/the-finger_244.jpg,./dataset/skeleton_final_v2/the-finger/the-finger_244.npy
rock,rock_693,train,./data/raw/FullLabelled/rock/rock_693.jpg,./dataset/skeleton_final_v2/rock/rock_693.npy
scissors,scissors-set2 (384),train,./data/raw/FullLabelled/scissors/scissors-set2 (384).jpg,./dataset/skeleton_final_v2/scissors/scissors-set2 (384).npy
ok,ok_79,train,./data/raw/FullLabelled/ok/ok_79.jpg,./dataset/skeleton_final_v2/ok/ok_79.npy
paper,paper_5909,train,./data/raw/FullLabelled/paper/paper_5909.jpg,./dataset/skeleton_final_v2/paper/paper_5909.npy
ok,ok (132),train,./data/raw/FullLabelled/ok/ok (132).jpg,./dataset/skeleton_final_v2/ok/ok (132).npy
paper,paper-set2 (46),train,./data/raw/FullLabelled/paper/paper-set2 (46).jpg,./dataset/skeleton_final_v2/paper/paper-set2 (46).npy
ok,ok (170),train,./data/raw/FullLabelled/ok/ok (170).jpg,./dataset/skeleton_final_v2/ok/ok (170).npy
the-finger,the-finger_3474,train,./data/raw/FullLabelled/the-finger/the-finger_3474.jpg,./dataset/skeleton_final_v2/the-finger/the-finger_3474.npy
paper,paper_1840,train,./data/raw/FullLabelled/paper/paper_1840.jpg,./dataset/skeleton_final_v2/paper/paper_1840.npy
scissors,scissors-set2 (220),train,./data/raw/FullLabelled/scissors/scissors-set2 (220).jpg,./dataset/skeleton_final_v2/scissors/scissors-set2 (220).npy
paper,paper-set2 (60),train,./data/raw/FullLabelled/paper/paper-set2 (60).jpg,./dataset/skeleton_final_v2/paper/paper-set2 (60).npy
scissors,scissors-set2 (80),train,./data/raw/FullLabelled/scissors/scissors-set2 (80).jpg,./dataset/skeleton_final_v2/scissors/scissors-set2 (80).npy
paper,paper-set2 (350),train,./data/raw/FullLabelled/paper/paper-set2 (350).jpg,./dataset/skeleton_final_v2/paper/paper-set2 (350).npy
paper,paper (58),train,./data/raw/FullLabelled/paper/paper (58).jpg,./dataset/skeleton_final_v2/paper/paper (58).npy
paper,paper_6699,train,./data/raw/FullLabelled/paper/paper_6699.jpg,./dataset/skeleton_final_v2/paper/paper_6699.npy
scissors,scissors-set2 (259),train,./data/raw/FullLabelled/scissors/scissors-set2 (259).jpg,./dataset/skeleton_final_v2/scissors/scissors-set2 (259).npy
ok,ok_Set2_ (352),train,./data/raw/FullLabelled/ok/ok_Set2_ (352).jpg,./dataset/skeleton_final_v2/ok/ok_Set2_ (352).npy
ok,ok_Set2_ (317),train,./data/raw/FullLabelled/ok/ok_Set2_ (317).jpg,./dataset/skeleton_final_v2/ok/ok_Set2_ (317).npy
paper,paper-set2 (444),train,./data/raw/FullLabelled/paper/paper-set2 (444).jpg,./dataset/skeleton_final_v2/paper/paper-set2 (444).npy
ok,ok_5939,train,./data/raw/FullLabelled/ok/ok_5939.jpg,./dataset/skeleton_final_v2/ok/ok_5939.npy
the-finger,the-finger_6292,train,./data/raw/FullLabelled/the-finger/the-finger_6292.jpg,./dataset/skeleton_final_v2/the-finger/the-finger_6292.npy
paper,paper-set2 (287),train,./data/raw/FullLabelled/paper/paper-set2 (287).jpg,./dataset/skeleton_final_v2/paper/paper-set2 (287).npy
ok,ok_5783,train,./data/raw/FullLabelled/ok/ok_5783.jpg,./dataset/skeleton_final_v2/ok/ok_5783.npy
scissors,scissors (445),train,./data/raw/FullLabelled/scissors/scissors (445).jpg,./dataset/skeleton_final_v2/scissors/scissors (445).npy
rock,rock-set2 (362),train,./data/raw/FullLabelled/rock/rock-set2 (362).jpg,./dataset/skeleton_final_v2/rock/rock-set2 (362).npy
ok,ok_8830,train,./data/raw/FullLabelled/ok/ok_8830.jpg,./dataset/skeleton_final_v2/ok/ok_8830.npy
paper,paper-set2 (476),train,./data/raw/FullLabelled/paper/paper-set2 (476).jpg,./dataset/skeleton_final_v2/paper/paper-set2 (476).npy
scissors,scissors_1484,train,./data/raw/FullLabelled/scissors/scissors_1484.jpg,./dataset/skeleton_final_v2/scissors/scissors_1484.npy
the-finger,the-finger-set2 (3),train,./data/raw/FullLabelled/the-finger/the-finger-set2 (3).jpg,./dataset/skeleton_final_v2/the-finger/the-finger-set2 (3).npy
ok,ok_Set2_ (350),train,./data/raw/FullLabelled/ok/ok_Set2_ (350).jpg,./dataset/skeleton_final_v2/ok/ok_Set2_ (350).npy
the-finger,the-finger_7080,train,./data/raw/FullLabelled/the-finger/the-finger_7080.jpg,./dataset/skeleton_final_v2/the-finger/the-finger_7080.npy
paper,paper-set2 (214),train,./data/raw/FullLabelled/paper/paper-set2 (214).jpg,./dataset/skeleton_final_v2/paper/paper-set2 (214).npy
paper,paper-set2 (121),train,./data/raw/FullLabelled/paper/paper-set2 (121).jpg,./dataset/skeleton_final_v2/paper/paper-set2 (121).npy
scissors,scissors_5245,train,./data/raw/FullLabelled/scissors/scissors_5245.jpg,./dataset/skeleton_final_v2/scissors/scissors_5245.npy
ok,ok_6571,train,./data/raw/FullLabelled/ok/ok_6571.jpg,./dataset/skeleton_final_v2/ok/ok_6571.npy
scissors,scissors (318),train,./data/raw/FullLabelled/scissors/scissors (318).jpg,./dataset/skeleton_final_v2/scissors/scissors (318).npy
ok,ok_2945,train,./data/raw/FullLabelled/ok/ok_2945.jpg,./dataset/skeleton_final_v2/ok/ok_2945.npy
ok,ok_Set2_ (575),train,./data/raw/FullLabelled/ok/ok_Set2_ (575).jpg,./dataset/skeleton_final_v2/ok/ok_Set2_ (575).npy
ok,ok_Set2_ (134),train,./data/raw/FullLabelled/ok/ok_Set2_ (134).jpg,./dataset/skeleton_final_v2/ok/ok_Set2_ (134).npy
ok,ok (197),train,./data/raw/FullLabelled/ok/ok (197).jpg,./dataset/skeleton_final_v2/ok/ok (197).npy
scissors,scissors (228),train,./data/raw/FullLabelled/scissors/scissors (228).jpg,./dataset/skeleton_final_v2/scissors/scissors (228).npy
the-finger,the-finger-set2 (282),train,./data/raw/FullLabelled/the-finger/the-finger-set2 (282).jpg,./dataset/skeleton_final_v2/the-finger/the-finger-set2 (282).npy
the-finger,the-finger-set2 (174),train,./data/raw/FullLabelled/the-finger/the-finger-set2 (174).jpg,./dataset/skeleton_final_v2/the-finger/the-finger-set2 (174).npy
scissors,scissors (330),train,./data/raw/FullLabelled/scissors/scissors (330).jpg,./dataset/skeleton_final_v2/scissors/scissors (330).npy
ok,ok_4870,train,./data/raw/FullLabelled/ok/ok_4870.jpg,./dataset/skeleton_final_v2/ok/ok_4870.npy
scissors,scissors (2),train,./data/raw/FullLabelled/scissors/scissors (2).jpg,./dataset/skeleton_final_v2/scissors/scissors (2).npy
scissors,scissors_2601,train,./data/raw/FullLabelled/scissors/scissors_2601.jpg,./dataset/skeleton_final_v2/scissors/scissors_2601.npy
scissors,scissors (444),train,./data/raw/FullLabelled/scissors/scissors (444).jpg,./dataset/skeleton_final_v2/scissors/scissors (444).npy
ok,ok (102),train,./data/raw/FullLabelled/ok/ok (102).jpg,./dataset/skeleton_final_v2/ok/ok (102).npy
the-finger,the-finger-set2 (363),train,./data/raw/FullLabelled/the-finger/the-finger-set2 (363).jpg,./dataset/skeleton_final_v2/the-finger/the-finger-set2 (363).npy
the-finger,the-finger-set2 (293),train,./data/raw/FullLabelled/the-finger/the-finger-set2 (293).jpg,./dataset/skeleton_final_v2/the-finger/the-finger-set2 (293).npy
the-finger,the-finger-set2 (410),train,./data/raw/FullLabelled/the-finger/the-finger-set2 (410).jpg,./dataset/skeleton_final_v2/the-finger/the-finger-set2 (410).npy
scissors,scissors-set2 (430),train,./data/raw/FullLabelled/scissors/scissors-set2 (430).jpg,./dataset/skeleton_final_v2/scissors/scissors-set2 (430).npy
scissors,scissors-set2 (411),train,./data/raw/FullLabelled/scissors/scissors-set2 (411).jpg,./dataset/skeleton_final_v2/scissors/scissors-set2 (411).npy
paper,paper_4576,train,./data/raw/FullLabelled/paper/paper_4576.jpg,./dataset/skeleton_final_v2/paper/paper_4576.npy
paper,paper (96),train,./data/raw/FullLabelled/paper/paper (96).jpg,./dataset/skeleton_final_v2/paper/paper (96).npy
ok,ok_2640,train,./data/raw/FullLabelled/ok/ok_2640.jpg,./dataset/skeleton_final_v2/ok/ok_2640.npy
the-finger,the-finger_656,train,./data/raw/FullLabelled/the-finger/the-finger_656.jpg,./dataset/skeleton_final_v2/the-finger/the-finger_656.npy
rock,rock-set2 (207),train,./data/raw/FullLabelled/rock/rock-set2 (207).jpg,./dataset/skeleton_final_v2/rock/rock-set2 (207).npy
scissors,scissors-set2 (186),train,./data/raw/FullLabelled/scissors/scissors-set2 (186).jpg,./dataset/skeleton_final_v2/scissors/scissors-set2 (186).npy
ok,ok_Set2_ (482),train,./data/raw/FullLabelled/ok/ok_Set2_ (482).jpg,./dataset/skeleton_final_v2/ok/ok_Set2_ (482).npy
the-finger,the-finger (66),train,./data/raw/FullLabelled/the-finger/the-finger (66).jpg,./dataset/skeleton_final_v2/the-finger/the-finger (66).npy
paper,paper-set2 (118),train,./data/raw/FullLabelled/paper/paper-set2 (118).jpg,./dataset/skeleton_final_v2/paper/paper-set2 (118).npy
the-finger,the-finger_6296,train,./data/raw/FullLabelled/the-finger/the-finger_6296.jpg,./dataset/skeleton_final_v2/the-finger/the-finger_6296.npy
the-finger,the-finger-set2 (274),train,./data/raw/FullLabelled/the-finger/the-finger-set2 (274).jpg,./dataset/skeleton_final_v2/the-finger/the-finger-set2 (274).npy
ok,ok_2880,train,./data/raw/FullLabelled/ok/ok_2880.jpg,./dataset/skeleton_final_v2/ok/ok_2880.npy
the-finger,the-finger-set2 (341),train,./data/raw/FullLabelled/the-finger/the-finger-set2 (341).jpg,./dataset/skeleton_final_v2/the-finger/the-finger-set2 (341).npy
the-finger,the-finger_9070,train,./data/raw/FullLabelled/the-finger/the-finger_9070.jpg,./dataset/skeleton_final_v2/the-finger/the-finger_9070.npy
paper,paper-set2 (234),train,./data/raw/FullLabelled/paper/paper-set2 (234).jpg,./dataset/skeleton_final_v2/paper/paper-set2 (234).npy
the-finger,the-finger_2268,train,./data/raw/FullLabelled/the-finger/the-finger_2268.jpg,./dataset/skeleton_final_v2/the-finger/the-finger_2268.npy
paper,paper-set2 (491),train,./data/raw/FullLabelled/paper/paper-set2 (491).jpg,./dataset/skeleton_final_v2/paper/paper-set2 (491).npy
scissors,scissors-set2 (619),train,./data/raw/FullLabelled/scissors/scissors-set2 (619).jpg,./dataset/skeleton_final_v2/scissors/scissors-set2 (619).npy
the-finger,the-finger (147),train,./data/raw/FullLabelled/the-finger/the-finger (147).jpg,./dataset/skeleton_final_v2/the-finger/the-finger (147).npy
scissors,scissors_8784,train,./data/raw/FullLabelled/scissors/scissors_8784.jpg,./dataset/skeleton_final_v2/scissors/scissors_8784.npy
ok,ok_2844,train,./data/raw/FullLabelled/ok/ok_2844.jpg,./dataset/skeleton_final_v2/ok/ok_2844.npy
scissors,scissors_1109,train,./data/raw/FullLabelled/scissors/scissors_1109.jpg,./dataset/skeleton_final_v2/scissors/scissors_1109.npy
paper,paper (66),train,./data/raw/FullLabelled/paper/paper (66).jpg,./dataset/skeleton_final_v2/paper/paper (66).npy
scissors,scissors-set2 (428),train,./data/raw/FullLabelled/scissors/scissors-set2 (428).jpg,./dataset/skeleton_final_v2/scissors/scissors-set2 (428).npy
paper,paper (13),train,./data/raw/FullLabelled/paper/paper (13).jpg,./dataset/skeleton_final_v2/paper/paper (13).npy
paper,paper-set2 (240),train,./data/raw/FullLabelled/paper/paper-set2 (240).jpg,./dataset/skeleton_final_v2/paper/paper-set2 (240).npy
the-finger,the-finger-set2 (140),train,./data/raw/FullLabelled/the-finger/the-finger-set2 (140).jpg,./dataset/skeleton_final_v2/the-finger/the-finger-set2 (140).npy
paper,paper (241),train,./data/raw/FullLabelled/paper/paper (241).jpg,./dataset/skeleton_final_v2/paper/paper (241).npy
scissors,scissors (410),train,./data/raw/FullLabelled/scissors/scissors (410).jpg,./dataset/skeleton_final_v2/scissors/scissors (410).npy
ok,ok (150),train,./data/raw/FullLabelled/ok/ok (150).jpg,./dataset/skeleton_final_v2/ok/ok (150).npy
paper,paper-set2 (279),train,./data/raw/FullLabelled/paper/paper-set2 (279).jpg,./dataset/skeleton_final_v2/paper/paper-set2 (279).npy
scissors,scissors (224),train,./data/raw/FullLabelled/scissors/scissors (224).jpg,./dataset/skeleton_final_v2/scissors/scissors (224).npy
scissors,scissors_6960,train,./data/raw/FullLabelled/scissors/scissors_6960.jpg,./dataset/skeleton_final_v2/scissors/scissors_6960.npy
paper,paper-set2 (358),train,./data/raw/FullLabelled/paper/paper-set2 (358).jpg,./dataset/skeleton_final_v2/paper/paper-set2 (358).npy
paper,paper_4596,train,./data/raw/FullLabelled/paper/paper_4596.jpg,./dataset/skeleton_final_v2/paper/paper_4596.npy
scissors,scissors_5922,train,./data/raw/FullLabelled/scissors/scissors_5922.jpg,./dataset/skeleton_final_v2/scissors/scissors_5922.npy
ok,ok_90,train,./data/raw/FullLabelled/ok/ok_90.jpg,./dataset/skeleton_final_v2/ok/ok_90.npy
paper,paper (185),train,./data/raw/FullLabelled/paper/paper (185).jpg,./dataset/skeleton_final_v2/paper/paper (185).npy
scissors,scissors_4660,train,./data/raw/FullLabelled/scissors/scissors_4660.jpg,./dataset/skeleton_final_v2/scissors/scissors_4660.npy
ok,ok_5771,train,./data/raw/FullLabelled/ok/ok_5771.jpg,./dataset/skeleton_final_v2/ok/ok_5771.npy
paper,paper-set2 (101),train,./data/raw/FullLabelled/paper/paper-set2 (101).jpg,./dataset/skeleton_final_v2/paper/paper-set2 (101).npy
paper,paper_3752,train,./data/raw/FullLabelled/paper/paper_3752.jpg,./dataset/skeleton_final_v2/paper/paper_3752.npy
the-finger,the-finger_6470,train,./data/raw/FullLabelled/the-finger/the-finger_6470.jpg,./dataset/skeleton_final_v2/the-finger/the-finger_6470.npy
ok,ok_Set2_ (263),train,./data/raw/FullLabelled/ok/ok_Set2_ (263).jpg,./dataset/skeleton_final_v2/ok/ok_Set2_ (263).npy
the-finger,the-finger (46),train,./data/raw/FullLabelled/the-finger/the-finger (46).jpg,./dataset/skeleton_final_v2/the-finger/the-finger (46).npy
the-finger,the-finger (149),train,./data/raw/FullLabelled/the-finger/the-finger (149).jpg,./dataset/skeleton_final_v2/the-finger/the-finger (149).npy
scissors,scissors_8012,train,./data/raw/FullLabelled/scissors/scissors_8012.jpg,./dataset/skeleton_final_v2/scissors/scissors_8012.npy
scissors,scissors-set2 (670),train,./data/raw/FullLabelled/scissors/scissors-set2 (670).jpg,./dataset/skeleton_final_v2/scissors/scissors-set2 (670).npy
the-finger,the-finger-set2 (23),train,./data/raw/FullLabelled/the-finger/the-finger-set2 (23).jpg,./dataset/skeleton_final_v2/the-finger/the-finger-set2 (23).npy
ok,ok_6188,train,./data/raw/FullLabelled/ok/ok_6188.jpg,./dataset/skeleton_final_v2/ok/ok_6188.npy
ok,ok (56),train,./data/raw/FullLabelled/ok/ok (56).jpg,./dataset/skeleton_final_v2/ok/ok (56).npy
paper,paper-set2 (44),train,./data/raw/FullLabelled/paper/paper-set2 (44).jpg,./dataset/skeleton_final_v2/paper/paper-set2 (44).npy
scissors,scissors_5240,train,./data/raw/FullLabelled/scissors/scissors_5240.jpg,./dataset/skeleton_final_v2/scissors/scissors_5240.npy
ok,ok (234),train,./data/raw/FullLabelled/ok/ok (234).jpg,./dataset/skeleton_final_v2/ok/ok (234).npy
ok,ok_9250,train,./data/raw/FullLabelled/ok/ok_9250.jpg,./dataset/skeleton_final_v2/ok/ok_9250.npy
rock,rock-set2 (12),train,./data/raw/FullLabelled/rock/rock-set2 (12).jpg,./dataset/skeleton_final_v2/rock/rock-set2 (12).npy
the-finger,the-finger (159),train,./data/raw/FullLabelled/the-finger/the-finger (159).jpg,./dataset/skeleton_final_v2/the-finger/the-finger (159).npy
paper,paper_9136,train,./data/raw/FullLabelled/paper/paper_9136.jpg,./dataset/skeleton_final_v2/paper/paper_9136.npy
the-finger,the-finger_7498,train,./data/raw/FullLabelled/the-finger/the-finger_7498.jpg,./dataset/skeleton_final_v2/the-finger/the-finger_7498.npy
ok,ok_2902,train,./data/raw/FullLabelled/ok/ok_2902.jpg,./dataset/skeleton_final_v2/ok/ok_2902.npy
paper,paper (177),train,./data/raw/FullLabelled/paper/paper (177).jpg,./dataset/skeleton_final_v2/paper/paper (177).npy
ok,ok (111),train,./data/raw/FullLabelled/ok/ok (111).jpg,./dataset/skeleton_final_v2/ok/ok (111).npy
ok,ok_Set2_ (412),train,./data/raw/FullLabelled/ok/ok_Set2_ (412).jpg,./dataset/skeleton_final_v2/ok/ok_Set2_ (412).npy
paper,paper (217),train,./data/raw/FullLabelled/paper/paper (217).jpg,./dataset/skeleton_final_v2/paper/paper (217).npy
ok,ok_Set2_ (387),train,./data/raw/FullLabelled/ok/ok_Set2_ (387).jpg,./dataset/skeleton_final_v2/ok/ok_Set2_ (387).npy
paper,paper_1852,train,./data/raw/FullLabelled/paper/paper_1852.jpg,./dataset/skeleton_final_v2/paper/paper_1852.npy
paper,paper-set2 (174),train,./data/raw/FullLabelled/paper/paper-set2 (174).jpg,./dataset/skeleton_final_v2/paper/paper-set2 (174).npy
the-finger,the-finger_636,train,./data/raw/FullLabelled/the-finger/the-finger_636.jpg,./dataset/skeleton_final_v2/the-finger/the-finger_636.npy
scissors,scissors-set2 (568),train,./data/raw/FullLabelled/scissors/scissors-set2 (568).jpg,./dataset/skeleton_final_v2/scissors/scissors-set2 (568).npy
paper,paper-set2 (310),train,./data/raw/FullLabelled/paper/paper-set2 (310).jpg,./dataset/skeleton_final_v2/paper/paper-set2 (310).npy
paper,paper_6355,train,./data/raw/FullLabelled/paper/paper_6355.jpg,./dataset/skeleton_final_v2/paper/paper_6355.npy
scissors,scissors (366),train,./data/raw/FullLabelled/scissors/scissors (366).jpg,./dataset/skeleton_final_v2/scissors/scissors (366).npy
ok,ok_6176,train,./data/raw/FullLabelled/ok/ok_6176.jpg,./dataset/skeleton_final_v2/ok/ok_6176.npy
ok,ok_6179,train,./data/raw/FullLabelled/ok/ok_6179.jpg,./dataset/skeleton_final_v2/ok/ok_6179.npy
ok,ok_Set2_ (469),train,./data/raw/FullLabelled/ok/ok_Set2_ (469).jpg,./dataset/skeleton_final_v2/ok/ok_Set2_ (469).npy
rock,rock-set2 (331),train,./data/raw/FullLabelled/rock/rock-set2 (331).jpg,./dataset/skeleton_final_v2/rock/rock-set2 (331).npy
scissors,scissors (459),train,./data/raw/FullLabelled/scissors/scissors (459).jpg,./dataset/skeleton_final_v2/scissors/scissors (459).npy
scissors,scissors-set2 (237),train,./data/raw/FullLabelled/scissors/scissors-set2 (237).jpg,./dataset/skeleton_final_v2/scissors/scissors-set2 (237).npy
scissors,scissors_2613,train,./data/raw/FullLabelled/scissors/scissors_2613.jpg,./dataset/skeleton_final_v2/scissors/scissors_2613.npy
rock,rock_6680,train,./data/raw/FullLabelled/rock/rock_6680.jpg,./dataset/skeleton_final_v2/rock/rock_6680.npy
paper,paper-set2 (283),train,./data/raw/FullLabelled/paper/paper-set2 (283).jpg,./dataset/skeleton_final_v2/paper/paper-set2 (283).npy
the-finger,the-finger_222,train,./data/raw/FullLabelled/the-finger/the-finger_222.jpg,./dataset/skeleton_final_v2/the-finger/the-finger_222.npy
paper,paper-set2 (109),train,./data/raw/FullLabelled/paper/paper-set2 (109).jpg,./dataset/skeleton_final_v2/paper/paper-set2 (109).npy
ok,ok_2739,train,./data/raw/FullLabelled/ok/ok_2739.jpg,./dataset/skeleton_final_v2/ok/ok_2739.npy
paper,paper_7922,train,./data/raw/FullLabelled/paper/paper_7922.jpg,./dataset/skeleton_final_v2/paper/paper_7922.npy
ok,ok (76),train,./data/raw/FullLabelled/ok/ok (76).jpg,./dataset/skeleton_final_v2/ok/ok (76).npy
paper,paper (70),train,./data/raw/FullLabelled/paper/paper (70).jpg,./dataset/skeleton_final_v2/paper/paper (70).npy
scissors,scissors-set2 (185),train,./data/raw/FullLabelled/scissors/scissors-set2 (185).jpg,./dataset/skeleton_final_v2/scissors/scissors-set2 (185).npy
ok,ok_Set2_ (519),train,./data/raw/FullLabelled/ok/ok_Set2_ (519).jpg,./dataset/skeleton_final_v2/ok/ok_Set2_ (519).npy
paper,paper_27,train,./data/raw/FullLabelled/paper/paper_27.jpg,./dataset/skeleton_final_v2/paper/paper_27.npy
scissors,scissors (33),train,./data/raw/FullLabelled/scissors/scissors (33).jpg,./dataset/skeleton_final_v2/scissors/scissors (33).npy
scissors,scissors-set2 (154),train,./data/raw/FullLabelled/scissors/scissors-set2 (154).jpg,./dataset/skeleton_final_v2/scissors/scissors-set2 (154).npy
paper,paper-set2 (308),train,./data/raw/FullLabelled/paper/paper-set2 (308).jpg,./dataset/skeleton_final_v2/paper/paper-set2 (308).npy
scissors,scissors_4617,train,./data/raw/FullLabelled/scissors/scissors_4617.jpg,./dataset/skeleton_final_v2/scissors/scissors_4617.npy
ok,ok_1612,train,./data/raw/FullLabelled/ok/ok_1612.jpg,./dataset/skeleton_final_v2/ok/ok_1612.npy
ok,ok_Set2_ (232),train,./data/raw/FullLabelled/ok/ok_Set2_ (232).jpg,./dataset/skeleton_final_v2/ok/ok_Set2_ (232).npy
scissors,scissors_4663,train,./data/raw/FullLabelled/scissors/scissors_4663.jpg,./dataset/skeleton_final_v2/scissors/scissors_4663.npy
the-finger,the-finger-set2 (333),train,./data/raw/FullLabelled/the-finger/the-finger-set2 (333).jpg,./dataset/skeleton_final_v2/the-finger/the-finger-set2 (333).npy
scissors,scissors-set2 (123),train,./data/raw/FullLabelled/scissors/scissors-set2 (123).jpg,./dataset/skeleton_final_v2/scissors/scissors-set2 (123).npy
rock,rock_668,train,./data/raw/FullLabelled/rock/rock_668.jpg,./dataset/skeleton_final_v2/rock/rock_668.npy
paper,paper-set2 (141),train,./data/raw/FullLabelled/paper/paper-set2 (141).jpg,./dataset/skeleton_final_v2/paper/paper-set2 (141).npy
ok,ok_2847,train,./data/raw/FullLabelled/ok/ok_2847.jpg,./dataset/skeleton_final_v2/ok/ok_2847.npy
paper,paper_7321,train,./data/raw/FullLabelled/paper/paper_7321.jpg,./dataset/skeleton_final_v2/paper/paper_7321.npy
scissors,scissors_1889,train,./data/raw/FullLabelled/scissors/scissors_1889.jpg,./dataset/skeleton_final_v2/scissors/scissors_1889.npy
scissors,scissors_7349,train,./data/raw/FullLabelled/scissors/scissors_7349.jpg,./dataset/skeleton_final_v2/scissors/scissors_7349.npy
paper,paper-set2 (385),train,./data/raw/FullLabelled/paper/paper-set2 (385).jpg,./dataset/skeleton_final_v2/paper/paper-set2 (385).npy
paper,paper_4606,train,./data/raw/FullLabelled/paper/paper_4606.jpg,./dataset/skeleton_final_v2/paper/paper_4606.npy
paper,paper_8744,train,./data/raw/FullLabelled/paper/paper_8744.jpg,./dataset/skeleton_final_v2/paper/paper_8744.npy
the-finger,the-finger (51),train,./data/raw/FullLabelled/the-finger/the-finger (51).jpg,./dataset/skeleton_final_v2/the-finger/the-finger (51).npy
scissors,scissors_5752,train,./data/raw/FullLabelled/scissors/scissors_5752.jpg,./dataset/skeleton_final_v2/scissors/scissors_5752.npy
scissors,scissors_4620,train,./data/raw/FullLabelled/scissors/scissors_4620.jpg,./dataset/skeleton_final_v2/scissors/scissors_4620.npy
ok,ok_Set2_ (58),train,./data/raw/FullLabelled/ok/ok_Set2_ (58).jpg,./dataset/skeleton_final_v2/ok/ok_Set2_ (58).npy
the-finger,the-finger_7101,train,./data/raw/FullLabelled/the-finger/the-finger_7101.jpg,./dataset/skeleton_final_v2/the-finger/the-finger_7101.npy
rock,rock-set2 (535),train,./data/raw/FullLabelled/rock/rock-set2 (535).jpg,./dataset/skeleton_final_v2/rock/rock-set2 (535).npy
paper,paper (276),train,./data/raw/FullLabelled/paper/paper (276).jpg,./dataset/skeleton_final_v2/paper/paper (276).npy
ok,ok_2885,train,./data/raw/FullLabelled/ok/ok_2885.jpg,./dataset/skeleton_final_v2/ok/ok_2885.npy
the-finger,the-finger_6467,train,./data/raw/FullLabelled/the-finger/the-finger_6467.jpg,./dataset/skeleton_final_v2/the-finger/the-finger_6467.npy
paper,paper_6918,train,./data/raw/FullLabelled/paper/paper_6918.jpg,./dataset/skeleton_final_v2/paper/paper_6918.npy
the-finger,the-finger_217,train,./data/raw/FullLabelled/the-finger/the-finger_217.jpg,./dataset/skeleton_final_v2/the-finger/the-finger_217.npy
the-finger,the-finger-set2 (402),train,./data/raw/FullLabelled/the-finger/the-finger-set2 (402).jpg,./dataset/skeleton_final_v2/the-finger/the-finger-set2 (402).npy
scissors,scissors-set2 (337),train,./data/raw/FullLabelled/scissors/scissors-set2 (337).jpg,./dataset/skeleton_final_v2/scissors/scissors-set2 (337).npy
ok,ok_1548,train,./data/raw/FullLabelled/ok/ok_1548.jpg,./dataset/skeleton_final_v2/ok/ok_1548.npy
ok,ok_5558,train,./data/raw/FullLabelled/ok/ok_5558.jpg,./dataset/skeleton_final_v2/ok/ok_5558.npy
the-finger,the-finger_1352,train,./data/raw/FullLabelled/the-finger/the-finger_1352.jpg,./dataset/skeleton_final_v2/the-finger/the-finger_1352.npy
the-finger,the-finger_6063,train,./data/raw/FullLabelled/the-finger/the-finger_6063.jpg,./dataset/skeleton_final_v2/the-finger/the-finger_6063.npy
the-finger,the-finger_5843,train,./data/raw/FullLabelled/the-finger/the-finger_5843.jpg,./dataset/skeleton_final_v2/the-finger/the-finger_5843.npy
scissors,scissors_760,train,./data/raw/FullLabelled/scissors/scissors_760.jpg,./dataset/skeleton_final_v2/scissors/scissors_760.npy
paper,paper-set2 (81),train,./data/raw/FullLabelled/paper/paper-set2 (81).jpg,./dataset/skeleton_final_v2/paper/paper-set2 (81).npy
the-finger,the-finger_7275,train,./data/raw/FullLabelled/the-finger/the-finger_7275.jpg,./dataset/skeleton_final_v2/the-finger/the-finger_7275.npy
the-finger,the-finger-set2 (417),train,./data/raw/FullLabelled/the-finger/the-finger-set2 (417).jpg,./dataset/skeleton_final_v2/the-finger/the-finger-set2 (417).npy
the-finger,the-finger-set2 (209),train,./data/raw/FullLabelled/the-finger/the-finger-set2 (209).jpg,./dataset/skeleton_final_v2/the-finger/the-finger-set2 (209).npy
paper,paper (11),train,./data/raw/FullLabelled/paper/paper (11).jpg,./dataset/skeleton_final_v2/paper/paper (11).npy
the-finger,the-finger-set2 (429),train,./data/raw/FullLabelled/the-finger/the-finger-set2 (429).jpg,./dataset/skeleton_final_v2/the-finger/the-finger-set2 (429).npy
scissors,scissors_7335,train,./data/raw/FullLabelled/scissors/scissors_7335.jpg,./dataset/skeleton_final_v2/scissors/scissors_7335.npy
paper,paper_1864,train,./data/raw/FullLabelled/paper/paper_1864.jpg,./dataset/skeleton_final_v2/paper/paper_1864.npy
ok,ok (16),train,./data/raw/FullLabelled/ok/ok (16).jpg,./dataset/skeleton_final_v2/ok/ok (16).npy
scissors,scissors (380),train,./data/raw/FullLabelled/scissors/scissors (380).jpg,./dataset/skeleton_final_v2/scissors/scissors (380).npy
scissors,scissors-set2 (352),train,./data/raw/FullLabelled/scissors/scissors-set2 (352).jpg,./dataset/skeleton_final_v2/scissors/scissors-set2 (352).npy
the-finger,the-finger_7256,train,./data/raw/FullLabelled/the-finger/the-finger_7256.jpg,./dataset/skeleton_final_v2/the-finger/the-finger_7256.npy
paper,paper-set2 (365),train,./data/raw/FullLabelled/paper/paper-set2 (365).jpg,./dataset/skeleton_final_v2/paper/paper-set2 (365).npy
paper,paper-set2 (107),train,./data/raw/FullLabelled/paper/paper-set2 (107).jpg,./dataset/skeleton_final_v2/paper/paper-set2 (107).npy
the-finger,the-finger-set2 (378),train,./data/raw/FullLabelled/the-finger/the-finger-set2 (378).jpg,./dataset/skeleton_final_v2/the-finger/the-finger-set2 (378).npy
the-finger,the-finger (118),train,./data/raw/FullLabelled/the-finger/the-finger (118).jpg,./dataset/skeleton_final_v2/the-finger/the-finger (118).npy
paper,paper_6517,train,./data/raw/FullLabelled/paper/paper_6517.jpg,./dataset/skeleton_final_v2/paper/paper_6517.npy
the-finger,the-finger (24),train,./data/raw/FullLabelled/the-finger/the-finger (24).jpg,./dataset/skeleton_final_v2/the-finger/the-finger (24).npy
the-finger,the-finger-set2 (207),train,./data/raw/FullLabelled/the-finger/the-finger-set2 (207).jpg,./dataset/skeleton_final_v2/the-finger/the-finger-set2 (207).npy
ok,ok_Set2_ (294),train,./data/raw/FullLabelled/ok/ok_Set2_ (294).jpg,./dataset/skeleton_final_v2/ok/ok_Set2_ (294).npy
ok,ok (90),train,./data/raw/FullLabelled/ok/ok (90).jpg,./dataset/skeleton_final_v2/ok/ok (90).npy
ok,ok_2888,train,./data/raw/FullLabelled/ok/ok_2888.jpg,./dataset/skeleton_final_v2/ok/ok_2888.npy
ok,ok_6183,train,./data/raw/FullLabelled/ok/ok_6183.jpg,./dataset/skeleton_final_v2/ok/ok_6183.npy
ok,ok_4969,train,./data/raw/FullLabelled/ok/ok_4969.jpg,./dataset/skeleton_final_v2/ok/ok_4969.npy
paper,paper-set2 (157),train,./data/raw/FullLabelled/paper/paper-set2 (157).jpg,./dataset/skeleton_final_v2/paper/paper-set2 (157).npy
scissors,scissors_6544,train,./data/raw/FullLabelled/scissors/scissors_6544.jpg,./dataset/skeleton_final_v2/scissors/scissors_6544.npy
scissors,scissors-set2 (79),train,./data/raw/FullLabelled/scissors/scissors-set2 (79).jpg,./dataset/skeleton_final_v2/scissors/scissors-set2 (79).npy
ok,ok (224),train,./data/raw/FullLabelled/ok/ok (224).jpg,./dataset/skeleton_final_v2/ok/ok (224).npy
ok,ok_Set2_ (473),train,./data/raw/FullLabelled/ok/ok_Set2_ (473).jpg,./dataset/skeleton_final_v2/ok/ok_Set2_ (473).npy
scissors,scissors-set2 (537),train,./data/raw/FullLabelled/scissors/scissors-set2 (537).jpg,./dataset/skeleton_final_v2/scissors/scissors-set2 (537).npy
ok,ok_Set2_ (207),train,./data/raw/FullLabelled/ok/ok_Set2_ (207).jpg,./dataset/skeleton_final_v2/ok/ok_Set2_ (207).npy
scissors,scissors-set2 (386),train,./data/raw/FullLabelled/scissors/scissors-set2 (386).jpg,./dataset/skeleton_final_v2/scissors/scissors-set2 (386).npy
ok,ok_2015,train,./data/raw/FullLabelled/ok/ok_2015.jpg,./dataset/skeleton_final_v2/ok/ok_2015.npy
ok,ok_Set2_ (299),train,./data/raw/FullLabelled/ok/ok_Set2_ (299).jpg,./dataset/skeleton_final_v2/ok/ok_Set2_ (299).npy
ok,ok_1969,train,./data/raw/FullLabelled/ok/ok_1969.jpg,./dataset/skeleton_final_v2/ok/ok_1969.npy
the-finger,the-finger-set2 (205),train,./data/raw/FullLabelled/the-finger/the-finger-set2 (205).jpg,./dataset/skeleton_final_v2/the-finger/the-finger-set2 (205).npy
ok,ok_Set2_ (133),train,./data/raw/FullLabelled/ok/ok_Set2_ (133).jpg,./dataset/skeleton_final_v2/ok/ok_Set2_ (133).npy
paper,paper-set2 (468),train,./data/raw/FullLabelled/paper/paper-set2 (468).jpg,./dataset/skeleton_final_v2/paper/paper-set2 (468).npy
ok,ok_6394,train,./data/raw/FullLabelled/ok/ok_6394.jpg,./dataset/skeleton_final_v2/ok/ok_6394.npy
scissors,scissors (403),train,./data/raw/FullLabelled/scissors/scissors (403).jpg,./dataset/skeleton_final_v2/scissors/scissors (403).npy
paper,paper_6126,train,./data/raw/FullLabelled/paper/paper_6126.jpg,./dataset/skeleton_final_v2/paper/paper_6126.npy
scissors,scissors-set2 (518),train,./data/raw/FullLabelled/scissors/scissors-set2 (518).jpg,./dataset/skeleton_final_v2/scissors/scissors-set2 (518).npy
ok,ok (73),train,./data/raw/FullLabelled/ok/ok (73).jpg,./dataset/skeleton_final_v2/ok/ok (73).npy
scissors,scissors (185),train,./data/raw/FullLabelled/scissors/scissors (185).jpg,./dataset/skeleton_final_v2/scissors/scissors (185).npy
paper,paper-set2 (14),train,./data/raw/FullLabelled/paper/paper-set2 (14).jpg,./dataset/skeleton_final_v2/paper/paper-set2 (14).npy
scissors,scissors (250),train,./data/raw/FullLabelled/scissors/scissors (250).jpg,./dataset/skeleton_final_v2/scissors/scissors (250).npy
scissors,scissors_9216,train,./data/raw/FullLabelled/scissors/scissors_9216.jpg,./dataset/skeleton_final_v2/scissors/scissors_9216.npy
ok,ok_Set2_ (388),train,./data/raw/FullLabelled/ok/ok_Set2_ (388).jpg,./dataset/skeleton_final_v2/ok/ok_Set2_ (388).npy
paper,paper-set2 (227),train,./data/raw/FullLabelled/paper/paper-set2 (227).jpg,./dataset/skeleton_final_v2/paper/paper-set2 (227).npy
ok,ok (251),train,./data/raw/FullLabelled/ok/ok (251).jpg,./dataset/skeleton_final_v2/ok/ok (251).npy
rock,rock-set2 (565),train,./data/raw/FullLabelled/rock/rock-set2 (565).jpg,./dataset/skeleton_final_v2/rock/rock-set2 (565).npy
ok,ok_8048,train,./data/raw/FullLabelled/ok/ok_8048.jpg,./dataset/skeleton_final_v2/ok/ok_8048.npy
paper,paper_7141,train,./data/raw/FullLabelled/paper/paper_7141.jpg,./dataset/skeleton_final_v2/paper/paper_7141.npy
scissors,scissors-set2 (439),train,./data/raw/FullLabelled/scissors/scissors-set2 (439).jpg,./dataset/skeleton_final_v2/scissors/scissors-set2 (439).npy
paper,paper_6115,train,./data/raw/FullLabelled/paper/paper_6115.jpg,./dataset/skeleton_final_v2/paper/paper_6115.npy
the-finger,the-finger_243,train,./data/raw/FullLabelled/the-finger/the-finger_243.jpg,./dataset/skeleton_final_v2/the-finger/the-finger_243.npy
scissors,scissors-set2 (407),train,./data/raw/FullLabelled/scissors/scissors-set2 (407).jpg,./dataset/skeleton_final_v2/scissors/scissors-set2 (407).npy
ok,ok_7698,train,./data/raw/FullLabelled/ok/ok_7698.jpg,./dataset/skeleton_final_v2/ok/ok_7698.npy
paper,paper-set2 (388),train,./data/raw/FullLabelled/paper/paper-set2 (388).jpg,./dataset/skeleton_final_v2/paper/paper-set2 (388).npy
scissors,scissors-set2 (180),train,./data/raw/FullLabelled/scissors/scissors-set2 (180).jpg,./dataset/skeleton_final_v2/scissors/scissors-set2 (180).npy
paper,paper_728,train,./data/raw/FullLabelled/paper/paper_728.jpg,./dataset/skeleton_final_v2/paper/paper_728.npy
ok,ok_6990,train,./data/raw/FullLabelled/ok/ok_6990.jpg,./dataset/skeleton_final_v2/ok/ok_6990.npy
scissors,scissors-set2 (329),train,./data/raw/FullLabelled/scissors/scissors-set2 (329).jpg,./dataset/skeleton_final_v2/scissors/scissors-set2 (329).npy
paper,paper (227),train,./data/raw/FullLabelled/paper/paper (227).jpg,./dataset/skeleton_final_v2/paper/paper (227).npy
paper,paper-set2 (458),train,./data/raw/FullLabelled/paper/paper-set2 (458).jpg,./dataset/skeleton_final_v2/paper/paper-set2 (458).npy
scissors,scissors_6156,train,./data/raw/FullLabelled/scissors/scissors_6156.jpg,./dataset/skeleton_final_v2/scissors/scissors_6156.npy
paper,paper-set2 (307),train,./data/raw/FullLabelled/paper/paper-set2 (307).jpg,./dataset/skeleton_final_v2/paper/paper-set2 (307).npy
ok,ok_Set2_ (208),train,./data/raw/FullLabelled/ok/ok_Set2_ (208).jpg,./dataset/skeleton_final_v2/ok/ok_Set2_ (208).npy
scissors,scissors_5758,train,./data/raw/FullLabelled/scissors/scissors_5758.jpg,./dataset/skeleton_final_v2/scissors/scissors_5758.npy
rock,rock-set2 (211),train,./data/raw/FullLabelled/rock/rock-set2 (211).jpg,./dataset/skeleton_final_v2/rock/rock-set2 (211).npy
scissors,scissors (335),train,./data/raw/FullLabelled/scissors/scissors (335).jpg,./dataset/skeleton_final_v2/scissors/scissors (335).npy
the-finger,the-finger_6857,train,./data/raw/FullLabelled/the-finger/the-finger_6857.jpg,./dataset/skeleton_final_v2/the-finger/the-finger_6857.npy
scissors,scissors-set2 (296),train,./data/raw/FullLabelled/scissors/scissors-set2 (296).jpg,./dataset/skeleton_final_v2/scissors/scissors-set2 (296).npy
paper,paper-set2 (216),train,./data/raw/FullLabelled/paper/paper-set2 (216).jpg,./dataset/skeleton_final_v2/paper/paper-set2 (216).npy
ok,ok_Set2_ (152),train,./data/raw/FullLabelled/ok/ok_Set2_ (152).jpg,./dataset/skeleton_final_v2/ok/ok_Set2_ (152).npy
the-finger,the-finger-set2 (290),train,./data/raw/FullLabelled/the-finger/the-finger-set2 (290).jpg,./dataset/skeleton_final_v2/the-finger/the-finger-set2 (290).npy
ok,ok_2704,train,./data/raw/FullLabelled/ok/ok_2704.jpg,./dataset/skeleton_final_v2/ok/ok_2704.npy
ok,ok_3974,train,./data/raw/FullLabelled/ok/ok_3974.jpg,./dataset/skeleton_final_v2/ok/ok_3974.npy
scissors,scissors_6366,train,./data/raw/FullLabelled/scissors/scissors_6366.jpg,./dataset/skeleton_final_v2/scissors/scissors_6366.npy
the-finger,the-finger_7832,train,./data/raw/FullLabelled/the-finger/the-finger_7832.jpg,./dataset/skeleton_final_v2/the-finger/the-finger_7832.npy
the-finger,the-finger-set2 (370),train,./data/raw/FullLabelled/the-finger/the-finger-set2 (370).jpg,./dataset/skeleton_final_v2/the-finger/the-finger-set2 (370).npy
paper,paper-set2 (357),train,./data/raw/FullLabelled/paper/paper-set2 (357).jpg,./dataset/skeleton_final_v2/paper/paper-set2 (357).npy
the-finger,the-finger (87),train,./data/raw/FullLabelled/the-finger/the-finger (87).jpg,./dataset/skeleton_final_v2/the-finger/the-finger (87).npy
paper,paper_2438,train,./data/raw/FullLabelled/paper/paper_2438.jpg,./dataset/skeleton_final_v2/paper/paper_2438.npy
paper,paper_6714,train,./data/raw/FullLabelled/paper/paper_6714.jpg,./dataset/skeleton_final_v2/paper/paper_6714.npy
the-finger,the-finger_6300,train,./data/raw/FullLabelled/the-finger/the-finger_6300.jpg,./dataset/skeleton_final_v2/the-finger/the-finger_6300.npy
paper,paper-set2 (67),train,./data/raw/FullLabelled/paper/paper-set2 (67).jpg,./dataset/skeleton_final_v2/paper/paper-set2 (67).npy
scissors,scissors-set2 (375),train,./data/raw/FullLabelled/scissors/scissors-set2 (375).jpg,./dataset/skeleton_final_v2/scissors/scissors-set2 (375).npy
the-finger,the-finger-set2 (400),train,./data/raw/FullLabelled/the-finger/the-finger-set2 (400).jpg,./dataset/skeleton_final_v2/the-finger/the-finger-set2 (400).npy
the-finger,the-finger (78),train,./data/raw/FullLabelled/the-finger/the-finger (78).jpg,./dataset/skeleton_final_v2/the-finger/the-finger (78).npy
scissors,scissors-set2 (470),train,./data/raw/FullLabelled/scissors/scissors-set2 (470).jpg,./dataset/skeleton_final_v2/scissors/scissors-set2 (470).npy
ok,ok (25),train,./data/raw/FullLabelled/ok/ok (25).jpg,./dataset/skeleton_final_v2/ok/ok (25).npy
the-finger,the-finger_232,train,./data/raw/FullLabelled/the-finger/the-finger_232.jpg,./dataset/skeleton_final_v2/the-finger/the-finger_232.npy
ok,ok_2765,train,./data/raw/FullLabelled/ok/ok_2765.jpg,./dataset/skeleton_final_v2/ok/ok_2765.npy
the-finger,the-finger_881,train,./data/raw/FullLabelled/the-finger/the-finger_881.jpg,./dataset/skeleton_final_v2/the-finger/the-finger_881.npy
ok,ok_Set2_ (343),train,./data/raw/FullLabelled/ok/ok_Set2_ (343).jpg,./dataset/skeleton_final_v2/ok/ok_Set2_ (343).npy
rock,rock-set2 (8),train,./data/raw/FullLabelled/rock/rock-set2 (8).jpg,./dataset/skeleton_final_v2/rock/rock-set2 (8).npy
the-finger,the-finger_2248,train,./data/raw/FullLabelled/the-finger/the-finger_2248.jpg,./dataset/skeleton_final_v2/the-finger/the-finger_2248.npy
paper,paper-set2 (494),train,./data/raw/FullLabelled/paper/paper-set2 (494).jpg,./dataset/skeleton_final_v2/paper/paper-set2 (494).npy
paper,paper-set2 (487),train,./data/raw/FullLabelled/paper/paper-set2 (487).jpg,./dataset/skeleton_final_v2/paper/paper-set2 (487).npy
paper,paper-set2 (12),train,./data/raw/FullLabelled/paper/paper-set2 (12).jpg,./dataset/skeleton_final_v2/paper/paper-set2 (12).npy
ok,ok (7),train,./data/raw/FullLabelled/ok/ok (7).jpg,./dataset/skeleton_final_v2/ok/ok (7).npy
ok,ok_7704,train,./data/raw/FullLabelled/ok/ok_7704.jpg,./dataset/skeleton_final_v2/ok/ok_7704.npy
scissors,scissors (67),train,./data/raw/FullLabelled/scissors/scissors (67).jpg,./dataset/skeleton_final_v2/scissors/scissors (67).npy
paper,paper (65),train,./data/raw/FullLabelled/paper/paper (65).jpg,./dataset/skeleton_final_v2/paper/paper (65).npy
scissors,scissors-set2 (650),train,./data/raw/FullLabelled/scissors/scissors-set2 (650).jpg,./dataset/skeleton_final_v2/scissors/scissors-set2 (650).npy
rock,rock-set2 (169),train,./data/raw/FullLabelled/rock/rock-set2 (169).jpg,./dataset/skeleton_final_v2/rock/rock-set2 (169).npy
the-finger,the-finger_6661,train,./data/raw/FullLabelled/the-finger/the-finger_6661.jpg,./dataset/skeleton_final_v2/the-finger/the-finger_6661.npy
ok,ok_6584,train,./data/raw/FullLabelled/ok/ok_6584.jpg,./dataset/skeleton_final_v2/ok/ok_6584.npy
the-finger,the-finger_6286,train,./data/raw/FullLabelled/the-finger/the-finger_6286.jpg,./dataset/skeleton_final_v2/the-finger/the-finger_6286.npy
ok,ok_Set2_ (291),train,./data/raw/FullLabelled/ok/ok_Set2_ (291).jpg,./dataset/skeleton_final_v2/ok/ok_Set2_ (291).npy
scissors,scissors-set2 (127),train,./data/raw/FullLabelled/scissors/scissors-set2 (127).jpg,./dataset/skeleton_final_v2/scissors/scissors-set2 (127).npy
ok,ok_Set2_ (384),train,./data/raw/FullLabelled/ok/ok_Set2_ (384).jpg,./dataset/skeleton_final_v2/ok/ok_Set2_ (384).npy
paper,paper_2554,train,./data/raw/FullLabelled/paper/paper_2554.jpg,./dataset/skeleton_final_v2/paper/paper_2554.npy
scissors,scissors-set2 (203),train,./data/raw/FullLabelled/scissors/scissors-set2 (203).jpg,./dataset/skeleton_final_v2/scissors/scissors-set2 (203).npy
the-finger,the-finger_8350,train,./data/raw/FullLabelled/the-finger/the-finger_8350.jpg,./dataset/skeleton_final_v2/the-finger/the-finger_8350.npy
ok,ok (209),train,./data/raw/FullLabelled/ok/ok (209).jpg,./dataset/skeleton_final_v2/ok/ok (209).npy
paper,paper_5894,train,./data/raw/FullLabelled/paper/paper_5894.jpg,./dataset/skeleton_final_v2/paper/paper_5894.npy
paper,paper_1007,train,./data/raw/FullLabelled/paper/paper_1007.jpg,./dataset/skeleton_final_v2/paper/paper_1007.npy
paper,paper_4605,train,./data/raw/FullLabelled/paper/paper_4605.jpg,./dataset/skeleton_final_v2/paper/paper_4605.npy
paper,paper-set2 (217),train,./data/raw/FullLabelled/paper/paper-set2 (217).jpg,./dataset/skeleton_final_v2/paper/paper-set2 (217).npy
scissors,scissors (52),train,./data/raw/FullLabelled/scissors/scissors (52).jpg,./dataset/skeleton_final_v2/scissors/scissors (52).npy
rock,rock-set2 (288),train,./data/raw/FullLabelled/rock/rock-set2 (288).jpg,./dataset/skeleton_final_v2/rock/rock-set2 (288).npy
scissors,scissors-set2 (525),train,./data/raw/FullLabelled/scissors/scissors-set2 (525).jpg,./dataset/skeleton_final_v2/scissors/scissors-set2 (525).npy
scissors,scissors_9218,train,./data/raw/FullLabelled/scissors/scissors_9218.jpg,./dataset/skeleton_final_v2/scissors/scissors_9218.npy
scissors,scissors-set2 (421),train,./data/raw/FullLabelled/scissors/scissors-set2 (421).jpg,./dataset/skeleton_final_v2/scissors/scissors-set2 (421).npy
the-finger,the-finger-set2 (275),train,./data/raw/FullLabelled/the-finger/the-finger-set2 (275).jpg,./dataset/skeleton_final_v2/the-finger/the-finger-set2 (275).npy
rock,rock_15,train,./data/raw/FullLabelled/rock/rock_15.jpg,./dataset/skeleton_final_v2/rock/rock_15.npy
ok,ok_6186,train,./data/raw/FullLabelled/ok/ok_6186.jpg,./dataset/skeleton_final_v2/ok/ok_6186.npy
paper,paper-set2 (323),train,./data/raw/FullLabelled/paper/paper-set2 (323).jpg,./dataset/skeleton_final_v2/paper/paper-set2 (323).npy
ok,ok_6752,train,./data/raw/FullLabelled/ok/ok_6752.jpg,./dataset/skeleton_final_v2/ok/ok_6752.npy
paper,paper-set2 (260),train,./data/raw/FullLabelled/paper/paper-set2 (260).jpg,./dataset/skeleton_final_v2/paper/paper-set2 (260).npy
scissors,scissors (270),train,./data/raw/FullLabelled/scissors/scissors (270).jpg,./dataset/skeleton_final_v2/scissors/scissors (270).npy
ok,ok_2857,train,./data/raw/FullLabelled/ok/ok_2857.jpg,./dataset/skeleton_final_v2/ok/ok_2857.npy
the-finger,the-finger_5855,train,./data/raw/FullLabelled/the-finger/the-finger_5855.jpg,./dataset/skeleton_final_v2/the-finger/the-finger_5855.npy
ok,ok_Set2_ (493),train,./data/raw/FullLabelled/ok/ok_Set2_ (493).jpg,./dataset/skeleton_final_v2/ok/ok_Set2_ (493).npy
ok,ok_Set2_ (269),train,./data/raw/FullLabelled/ok/ok_Set2_ (269).jpg,./dataset/skeleton_final_v2/ok/ok_Set2_ (269).npy
the-finger,the-finger_7490,train,./data/raw/FullLabelled/the-finger/the-finger_7490.jpg,./dataset/skeleton_final_v2/the-finger/the-finger_7490.npy
scissors,scissors_3850,train,./data/raw/FullLabelled/scissors/scissors_3850.jpg,./dataset/skeleton_final_v2/scissors/scissors_3850.npy
the-finger,the-finger_606,train,./data/raw/FullLabelled/the-finger/the-finger_606.jpg,./dataset/skeleton_final_v2/the-finger/the-finger_606.npy
the-finger,the-finger-set2 (332),train,./data/raw/FullLabelled/the-finger/the-finger-set2 (332).jpg,./dataset/skeleton_final_v2/the-finger/the-finger-set2 (332).npy
the-finger,the-finger_8662,train,./data/raw/FullLabelled/the-finger/the-finger_8662.jpg,./dataset/skeleton_final_v2/the-finger/the-finger_8662.npy
the-finger,the-finger-set2 (22),train,./data/raw/FullLabelled/the-finger/the-finger-set2 (22).jpg,./dataset/skeleton_final_v2/the-finger/the-finger-set2 (22).npy
scissors,scissors_7342,train,./data/raw/FullLabelled/scissors/scissors_7342.jpg,./dataset/skeleton_final_v2/scissors/scissors_7342.npy
ok,ok_Set2_ (531),train,./data/raw/FullLabelled/ok/ok_Set2_ (531).jpg,./dataset/skeleton_final_v2/ok/ok_Set2_ (531).npy
scissors,scissors-set2 (718),train,./data/raw/FullLabelled/scissors/scissors-set2 (718).jpg,./dataset/skeleton_final_v2/scissors/scissors-set2 (718).npy
paper,paper-set2 (126),train,./data/raw/FullLabelled/paper/paper-set2 (126).jpg,./dataset/skeleton_final_v2/paper/paper-set2 (126).npy
paper,paper (297),train,./data/raw/FullLabelled/paper/paper (297).jpg,./dataset/skeleton_final_v2/paper/paper (297).npy
scissors,scissors-set2 (299),train,./data/raw/FullLabelled/scissors/scissors-set2 (299).jpg,./dataset/skeleton_final_v2/scissors/scissors-set2 (299).npy
paper,paper (262),train,./data/raw/FullLabelled/paper/paper (262).jpg,./dataset/skeleton_final_v2/paper/paper (262).npy
ok,ok (42),train,./data/raw/FullLabelled/ok/ok (42).jpg,./dataset/skeleton_final_v2/ok/ok (42).npy
ok,ok (153),train,./data/raw/FullLabelled/ok/ok (153).jpg,./dataset/skeleton_final_v2/ok/ok (153).npy
the-finger,the-finger_1728,train,./data/raw/FullLabelled/the-finger/the-finger_1728.jpg,./dataset/skeleton_final_v2/the-finger/the-finger_1728.npy
paper,paper (49),train,./data/raw/FullLabelled/paper/paper (49).jpg,./dataset/skeleton_final_v2/paper/paper (49).npy
the-finger,the-finger_883,train,./data/raw/FullLabelled/the-finger/the-finger_883.jpg,./dataset/skeleton_final_v2/the-finger/the-finger_883.npy
the-finger,the-finger-set2 (245),train,./data/raw/FullLabelled/the-finger/the-finger-set2 (245).jpg,./dataset/skeleton_final_v2/the-finger/the-finger-set2 (245).npy
rock,rock_7516,train,./data/raw/FullLabelled/rock/rock_7516.jpg,./dataset/skeleton_final_v2/rock/rock_7516.npy
ok,ok_Set2_ (356),train,./data/raw/FullLabelled/ok/ok_Set2_ (356).jpg,./dataset/skeleton_final_v2/ok/ok_Set2_ (356).npy
paper,paper_3819,train,./data/raw/FullLabelled/paper/paper_3819.jpg,./dataset/skeleton_final_v2/paper/paper_3819.npy
the-finger,the-finger_6862,train,./data/raw/FullLabelled/the-finger/the-finger_6862.jpg,./dataset/skeleton_final_v2/the-finger/the-finger_6862.npy
scissors,scissors-set2 (529),train,./data/raw/FullLabelled/scissors/scissors-set2 (529).jpg,./dataset/skeleton_final_v2/scissors/scissors-set2 (529).npy
paper,paper_5148,train,./data/raw/FullLabelled/paper/paper_5148.jpg,./dataset/skeleton_final_v2/paper/paper_5148.npy
ok,ok_Set2_ (252),train,./data/raw/FullLabelled/ok/ok_Set2_ (252).jpg,./dataset/skeleton_final_v2/ok/ok_Set2_ (252).npy
the-finger,the-finger_886,train,./data/raw/FullLabelled/the-finger/the-finger_886.jpg,./dataset/skeleton_final_v2/the-finger/the-finger_886.npy
ok,ok_5955,train,./data/raw/FullLabelled/ok/ok_5955.jpg,./dataset/skeleton_final_v2/ok/ok_5955.npy
ok,ok_Set2_ (411),train,./data/raw/FullLabelled/ok/ok_Set2_ (411).jpg,./dataset/skeleton_final_v2/ok/ok_Set2_ (411).npy
the-finger,the-finger (92),train,./data/raw/FullLabelled/the-finger/the-finger (92).jpg,./dataset/skeleton_final_v2/the-finger/the-finger (92).npy
scissors,scissors-set2 (86),train,./data/raw/FullLabelled/scissors/scissors-set2 (86).jpg,./dataset/skeleton_final_v2/scissors/scissors-set2 (86).npy
paper,paper (281),train,./data/raw/FullLabelled/paper/paper (281).jpg,./dataset/skeleton_final_v2/paper/paper (281).npy
ok,ok_5516,train,./data/raw/FullLabelled/ok/ok_5516.jpg,./dataset/skeleton_final_v2/ok/ok_5516.npy
scissors,scissors-set2 (400),train,./data/raw/FullLabelled/scissors/scissors-set2 (400).jpg,./dataset/skeleton_final_v2/scissors/scissors-set2 (400).npy
ok,ok_Set2_ (450),train,./data/raw/FullLabelled/ok/ok_Set2_ (450).jpg,./dataset/skeleton_final_v2/ok/ok_Set2_ (450).npy
scissors,scissors_3935,train,./data/raw/FullLabelled/scissors/scissors_3935.jpg,./dataset/skeleton_final_v2/scissors/scissors_3935.npy
paper,paper_6921,train,./data/raw/FullLabelled/paper/paper_6921.jpg,./dataset/skeleton_final_v2/paper/paper_6921.npy
ok,ok (164),train,./data/raw/FullLabelled/ok/ok (164).jpg,./dataset/skeleton_final_v2/ok/ok (164).npy
paper,paper-set2 (161),train,./data/raw/FullLabelled/paper/paper-set2 (161).jpg,./dataset/skeleton_final_v2/paper/paper-set2 (161).npy
scissors,scissors-set2 (412),train,./data/raw/FullLabelled/scissors/scissors-set2 (412).jpg,./dataset/skeleton_final_v2/scissors/scissors-set2 (412).npy
paper,paper_3765,train,./data/raw/FullLabelled/paper/paper_3765.jpg,./dataset/skeleton_final_v2/paper/paper_3765.npy
rock,rock-set2 (467),train,./data/raw/FullLabelled/rock/rock-set2 (467).jpg,./dataset/skeleton_final_v2/rock/rock-set2 (467).npy
the-finger,the-finger_7834,train,./data/raw/FullLabelled/the-finger/the-finger_7834.jpg,./dataset/skeleton_final_v2/the-finger/the-finger_7834.npy
paper,paper (201),train,./data/raw/FullLabelled/paper/paper (201).jpg,./dataset/skeleton_final_v2/paper/paper (201).npy
scissors,scissors (84),train,./data/raw/FullLabelled/scissors/scissors (84).jpg,./dataset/skeleton_final_v2/scissors/scissors (84).npy
the-finger,the-finger-set2 (93),train,./data/raw/FullLabelled/the-finger/the-finger-set2 (93).jpg,./dataset/skeleton_final_v2/the-finger/the-finger-set2 (93).npy
paper,paper-set2 (47),train,./data/raw/FullLabelled/paper/paper-set2 (47).jpg,./dataset/skeleton_final_v2/paper/paper-set2 (47).npy
scissors,scissors (64),train,./data/raw/FullLabelled/scissors/scissors (64).jpg,./dataset/skeleton_final_v2/scissors/scissors (64).npy
paper,paper (215),train,./data/raw/FullLabelled/paper/paper (215).jpg,./dataset/skeleton_final_v2/paper/paper (215).npy
the-finger,the-finger-set2 (138),train,./data/raw/FullLabelled/the-finger/the-finger-set2 (138).jpg,./dataset/skeleton_final_v2/the-finger/the-finger-set2 (138).npy
scissors,scissors_755,train,./data/raw/FullLabelled/scissors/scissors_755.jpg,./dataset/skeleton_final_v2/scissors/scissors_755.npy
ok,ok (105),train,./data/raw/FullLabelled/ok/ok (105).jpg,./dataset/skeleton_final_v2/ok/ok (105).npy
the-finger,the-finger_8348,train,./data/raw/FullLabelled/the-finger/the-finger_8348.jpg,./dataset/skeleton_final_v2/the-finger/the-finger_8348.npy
the-finger,the-finger_7476,train,./data/raw/FullLabelled/the-finger/the-finger_7476.jpg,./dataset/skeleton_final_v2/the-finger/the-finger_7476.npy
scissors,scissors-set2 (535),train,./data/raw/FullLabelled/scissors/scissors-set2 (535).jpg,./dataset/skeleton_final_v2/scissors/scissors-set2 (535).npy
scissors,scissors (490),train,./data/raw/FullLabelled/scissors/scissors (490).jpg,./dataset/skeleton_final_v2/scissors/scissors (490).npy
paper,paper-set2 (464),train,./data/raw/FullLabelled/paper/paper-set2 (464).jpg,./dataset/skeleton_final_v2/paper/paper-set2 (464).npy
scissors,scissors-set2 (88),train,./data/raw/FullLabelled/scissors/scissors-set2 (88).jpg,./dataset/skeleton_final_v2/scissors/scissors-set2 (88).npy
scissors,scissors-set2 (628),train,./data/raw/FullLabelled/scissors/scissors-set2 (628).jpg,./dataset/skeleton_final_v2/scissors/scissors-set2 (628).npy
ok,ok_6975,train,./data/raw/FullLabelled/ok/ok_6975.jpg,./dataset/skeleton_final_v2/ok/ok_6975.npy
paper,paper-set2 (328),train,./data/raw/FullLabelled/paper/paper-set2 (328).jpg,./dataset/skeleton_final_v2/paper/paper-set2 (328).npy
scissors,scissors (173),train,./data/raw/FullLabelled/scissors/scissors (173).jpg,./dataset/skeleton_final_v2/scissors/scissors (173).npy
ok,ok_Set2_ (361),train,./data/raw/FullLabelled/ok/ok_Set2_ (361).jpg,./dataset/skeleton_final_v2/ok/ok_Set2_ (361).npy
ok,ok_6401,train,./data/raw/FullLabelled/ok/ok_6401.jpg,./dataset/skeleton_final_v2/ok/ok_6401.npy
scissors,scissors (492),train,./data/raw/FullLabelled/scissors/scissors (492).jpg,./dataset/skeleton_final_v2/scissors/scissors (492).npy
ok,ok (118),train,./data/raw/FullLabelled/ok/ok (118).jpg,./dataset/skeleton_final_v2/ok/ok (118).npy
scissors,scissors_7176,train,./data/raw/FullLabelled/scissors/scissors_7176.jpg,./dataset/skeleton_final_v2/scissors/scissors_7176.npy
ok,ok_Set2_ (256),train,./data/raw/FullLabelled/ok/ok_Set2_ (256).jpg,./dataset/skeleton_final_v2/ok/ok_Set2_ (256).npy
the-finger,the-finger-set2 (21),train,./data/raw/FullLabelled/the-finger/the-finger-set2 (21).jpg,./dataset/skeleton_final_v2/the-finger/the-finger-set2 (21).npy
scissors,scissors_7189,train,./data/raw/FullLabelled/scissors/scissors_7189.jpg,./dataset/skeleton_final_v2/scissors/scissors_7189.npy
the-finger,the-finger-set2 (322),train,./data/raw/FullLabelled/the-finger/the-finger-set2 (322).jpg,./dataset/skeleton_final_v2/the-finger/the-finger-set2 (322).npy
the-finger,the-finger-set2 (323),train,./data/raw/FullLabelled/the-finger/the-finger-set2 (323).jpg,./dataset/skeleton_final_v2/the-finger/the-finger-set2 (323).npy
scissors,scissors (182),train,./data/raw/FullLabelled/scissors/scissors (182).jpg,./dataset/skeleton_final_v2/scissors/scissors (182).npy
rock,rock-set2 (600),train,./data/raw/FullLabelled/rock/rock-set2 (600).jpg,./dataset/skeleton_final_v2/rock/rock-set2 (600).npy
paper,paper-set2 (482),train,./data/raw/FullLabelled/paper/paper-set2 (482).jpg,./dataset/skeleton_final_v2/paper/paper-set2 (482).npy
ok,ok (195),train,./data/raw/FullLabelled/ok/ok (195).jpg,./dataset/skeleton_final_v2/ok/ok (195).npy
scissors,scissors-set2 (495),train,./data/raw/FullLabelled/scissors/scissors-set2 (495).jpg,./dataset/skeleton_final_v2/scissors/scissors-set2 (495).npy
the-finger,the-finger (139),train,./data/raw/FullLabelled/the-finger/the-finger (139).jpg,./dataset/skeleton_final_v2/the-finger/the-finger (139).npy
scissors,scissors-set2 (419),train,./data/raw/FullLabelled/scissors/scissors-set2 (419).jpg,./dataset/skeleton_final_v2/scissors/scissors-set2 (419).npy
scissors,scissors-set2 (347),train,./data/raw/FullLabelled/scissors/scissors-set2 (347).jpg,./dataset/skeleton_final_v2/scissors/scissors-set2 (347).npy
scissors,scissors_6964,train,./data/raw/FullLabelled/scissors/scissors_6964.jpg,./dataset/skeleton_final_v2/scissors/scissors_6964.npy
scissors,scissors-set2 (499),train,./data/raw/FullLabelled/scissors/scissors-set2 (499).jpg,./dataset/skeleton_final_v2/scissors/scissors-set2 (499).npy
ok,ok_Set2_ (537),train,./data/raw/FullLabelled/ok/ok_Set2_ (537).jpg,./dataset/skeleton_final_v2/ok/ok_Set2_ (537).npy
scissors,scissors-set2 (279),train,./data/raw/FullLabelled/scissors/scissors-set2 (279).jpg,./dataset/skeleton_final_v2/scissors/scissors-set2 (279).npy
scissors,scissors-set2 (360),train,./data/raw/FullLabelled/scissors/scissors-set2 (360).jpg,./dataset/skeleton_final_v2/scissors/scissors-set2 (360).npy
the-finger,the-finger-set2 (104),train,./data/raw/FullLabelled/the-finger/the-finger-set2 (104).jpg,./dataset/skeleton_final_v2/the-finger/the-finger-set2 (104).npy
paper,paper (36),train,./data/raw/FullLabelled/paper/paper (36).jpg,./dataset/skeleton_final_v2/paper/paper (36).npy
paper,paper (234),train,./data/raw/FullLabelled/paper/paper (234).jpg,./dataset/skeleton_final_v2/paper/paper (234).npy
paper,paper-set2 (363),train,./data/raw/FullLabelled/paper/paper-set2 (363).jpg,./dataset/skeleton_final_v2/paper/paper-set2 (363).npy
the-finger,the-finger-set2 (198),train,./data/raw/FullLabelled/the-finger/the-finger-set2 (198).jpg,./dataset/skeleton_final_v2/the-finger/the-finger-set2 (198).npy
ok,ok_Set2_ (248),train,./data/raw/FullLabelled/ok/ok_Set2_ (248).jpg,./dataset/skeleton_final_v2/ok/ok_Set2_ (248).npy
ok,ok_5776,train,./data/raw/FullLabelled/ok/ok_5776.jpg,./dataset/skeleton_final_v2/ok/ok_5776.npy
scissors,scissors_2607,train,./data/raw/FullLabelled/scissors/scissors_2607.jpg,./dataset/skeleton_final_v2/scissors/scissors_2607.npy
ok,ok_Set2_ (516),train,./data/raw/FullLabelled/ok/ok_Set2_ (516).jpg,./dataset/skeleton_final_v2/ok/ok_Set2_ (516).npy
ok,ok_Set2_ (27),train,./data/raw/FullLabelled/ok/ok_Set2_ (27).jpg,./dataset/skeleton_final_v2/ok/ok_Set2_ (27).npy
paper,paper-set2 (48),train,./data/raw/FullLabelled/paper/paper-set2 (48).jpg,./dataset/skeleton_final_v2/paper/paper-set2 (48).npy
the-finger,the-finger_5365,train,./data/raw/FullLabelled/the-finger/the-finger_5365.jpg,./dataset/skeleton_final_v2/the-finger/the-finger_5365.npy
paper,paper_5911,train,./data/raw/FullLabelled/paper/paper_5911.jpg,./dataset/skeleton_final_v2/paper/paper_5911.npy
paper,paper_1860,train,./data/raw/FullLabelled/paper/paper_1860.jpg,./dataset/skeleton_final_v2/paper/paper_1860.npy
the-finger,the-finger_7085,train,./data/raw/FullLabelled/the-finger/the-finger_7085.jpg,./dataset/skeleton_final_v2/the-finger/the-finger_7085.npy
scissors,scissors (362),train,./data/raw/FullLabelled/scissors/scissors (362).jpg,./dataset/skeleton_final_v2/scissors/scissors (362).npy
ok,ok_Set2_ (43),train,./data/raw/FullLabelled/ok/ok_Set2_ (43).jpg,./dataset/skeleton_final_v2/ok/ok_Set2_ (43).npy
ok,ok_6383,train,./data/raw/FullLabelled/ok/ok_6383.jpg,./dataset/skeleton_final_v2/ok/ok_6383.npy
the-finger,the-finger-set2 (271),train,./data/raw/FullLabelled/the-finger/the-finger-set2 (271).jpg,./dataset/skeleton_final_v2/the-finger/the-finger-set2 (271).npy
scissors,scissors-set2 (461),train,./data/raw/FullLabelled/scissors/scissors-set2 (461).jpg,./dataset/skeleton_final_v2/scissors/scissors-set2 (461).npy
scissors,scissors_6959,train,./data/raw/FullLabelled/scissors/scissors_6959.jpg,./dataset/skeleton_final_v2/scissors/scissors_6959.npy
paper,paper-set2 (168),train,./data/raw/FullLabelled/paper/paper-set2 (168).jpg,./dataset/skeleton_final_v2/paper/paper-set2 (168).npy
ok,ok_Set2_ (52),train,./data/raw/FullLabelled/ok/ok_Set2_ (52).jpg,./dataset/skeleton_final_v2/ok/ok_Set2_ (52).npy
scissors,scissors_4636,train,./data/raw/FullLabelled/scissors/scissors_4636.jpg,./dataset/skeleton_final_v2/scissors/scissors_4636.npy
paper,paper-set2 (436),train,./data/raw/FullLabelled/paper/paper-set2 (436).jpg,./dataset/skeleton_final_v2/paper/paper-set2 (436).npy
ok,ok_5943,train,./data/raw/FullLabelled/ok/ok_5943.jpg,./dataset/skeleton_final_v2/ok/ok_5943.npy
scissors,scissors_6745,train,./data/raw/FullLabelled/scissors/scissors_6745.jpg,./dataset/skeleton_final_v2/scissors/scissors_6745.npy
ok,ok_Set2_ (226),train,./data/raw/FullLabelled/ok/ok_Set2_ (226).jpg,./dataset/skeleton_final_v2/ok/ok_Set2_ (226).npy
scissors,scissors_2617,train,./data/raw/FullLabelled/scissors/scissors_2617.jpg,./dataset/skeleton_final_v2/scissors/scissors_2617.npy
paper,paper_2481,train,./data/raw/FullLabelled/paper/paper_2481.jpg,./dataset/skeleton_final_v2/paper/paper_2481.npy
scissors,scissors (151),train,./data/raw/FullLabelled/scissors/scissors (151).jpg,./dataset/skeleton_final_v2/scissors/scissors (151).npy
ok,ok_2684,train,./data/raw/FullLabelled/ok/ok_2684.jpg,./dataset/skeleton_final_v2/ok/ok_2684.npy
ok,ok_Set2_ (33),train,./data/raw/FullLabelled/ok/ok_Set2_ (33).jpg,./dataset/skeleton_final_v2/ok/ok_Set2_ (33).npy
the-finger,the-finger (104),train,./data/raw/FullLabelled/the-finger/the-finger (104).jpg,./dataset/skeleton_final_v2/the-finger/the-finger (104).npy
paper,paper_7328,train,./data/raw/FullLabelled/paper/paper_7328.jpg,./dataset/skeleton_final_v2/paper/paper_7328.npy
ok,ok_Set2_ (287),train,./data/raw/FullLabelled/ok/ok_Set2_ (287).jpg,./dataset/skeleton_final_v2/ok/ok_Set2_ (287).npy
ok,ok_Set2_ (465),train,./data/raw/FullLabelled/ok/ok_Set2_ (465).jpg,./dataset/skeleton_final_v2/ok/ok_Set2_ (465).npy
paper,paper-set2 (257),train,./data/raw/FullLabelled/paper/paper-set2 (257).jpg,./dataset/skeleton_final_v2/paper/paper-set2 (257).npy
paper,paper-set2 (294),train,./data/raw/FullLabelled/paper/paper-set2 (294).jpg,./dataset/skeleton_final_v2/paper/paper-set2 (294).npy
ok,ok_Set2_ (498),train,./data/raw/FullLabelled/ok/ok_Set2_ (498).jpg,./dataset/skeleton_final_v2/ok/ok_Set2_ (498).npy
scissors,scissors_775,train,./data/raw/FullLabelled/scissors/scissors_775.jpg,./dataset/skeleton_final_v2/scissors/scissors_775.npy
scissors,scissors-set2 (555),train,./data/raw/FullLabelled/scissors/scissors-set2 (555).jpg,./dataset/skeleton_final_v2/scissors/scissors-set2 (555).npy
scissors,scissors-set2 (438),train,./data/raw/FullLabelled/scissors/scissors-set2 (438).jpg,./dataset/skeleton_final_v2/scissors/scissors-set2 (438).npy
the-finger,the-finger_8276,train,./data/raw/FullLabelled/the-finger/the-finger_8276.jpg,./dataset/skeleton_final_v2/the-finger/the-finger_8276.npy
paper,paper_6695,train,./data/raw/FullLabelled/paper/paper_6695.jpg,./dataset/skeleton_final_v2/paper/paper_6695.npy
scissors,scissors-set2 (250),train,./data/raw/FullLabelled/scissors/scissors-set2 (250).jpg,./dataset/skeleton_final_v2/scissors/scissors-set2 (250).npy
paper,paper (48),train,./data/raw/FullLabelled/paper/paper (48).jpg,./dataset/skeleton_final_v2/paper/paper (48).npy
paper,paper-set2 (501),train,./data/raw/FullLabelled/paper/paper-set2 (501).jpg,./dataset/skeleton_final_v2/paper/paper-set2 (501).npy
paper,paper-set2 (39),train,./data/raw/FullLabelled/paper/paper-set2 (39).jpg,./dataset/skeleton_final_v2/paper/paper-set2 (39).npy
scissors,scissors-set2 (427),train,./data/raw/FullLabelled/scissors/scissors-set2 (427).jpg,./dataset/skeleton_final_v2/scissors/scissors-set2 (427).npy
paper,paper-set2 (5),train,./data/raw/FullLabelled/paper/paper-set2 (5).jpg,./dataset/skeleton_final_v2/paper/paper-set2 (5).npy
ok,ok_6985,train,./data/raw/FullLabelled/ok/ok_6985.jpg,./dataset/skeleton_final_v2/ok/ok_6985.npy
scissors,scissors (183),train,./data/raw/FullLabelled/scissors/scissors (183).jpg,./dataset/skeleton_final_v2/scissors/scissors (183).npy
scissors,scissors-set2 (277),train,./data/raw/FullLabelled/scissors/scissors-set2 (277).jpg,./dataset/skeleton_final_v2/scissors/scissors-set2 (277).npy
scissors,scissors-set2 (719),train,./data/raw/FullLabelled/scissors/scissors-set2 (719).jpg,./dataset/skeleton_final_v2/scissors/scissors-set2 (719).npy
scissors,scissors-set2 (110),train,./data/raw/FullLabelled/scissors/scissors-set2 (110).jpg,./dataset/skeleton_final_v2/scissors/scissors-set2 (110).npy
paper,paper_7613,train,./data/raw/FullLabelled/paper/paper_7613.jpg,./dataset/skeleton_final_v2/paper/paper_7613.npy
scissors,scissors (101),train,./data/raw/FullLabelled/scissors/scissors (101).jpg,./dataset/skeleton_final_v2/scissors/scissors (101).npy
the-finger,the-finger_6477,train,./data/raw/FullLabelled/the-finger/the-finger_6477.jpg,./dataset/skeleton_final_v2/the-finger/the-finger_6477.npy
ok,ok (183),train,./data/raw/FullLabelled/ok/ok (183).jpg,./dataset/skeleton_final_v2/ok/ok (183).npy
paper,paper_6129,train,./data/raw/FullLabelled/paper/paper_6129.jpg,./dataset/skeleton_final_v2/paper/paper_6129.npy
ok,ok_1592,train,./data/raw/FullLabelled/ok/ok_1592.jpg,./dataset/skeleton_final_v2/ok/ok_1592.npy
paper,paper_3796,train,./data/raw/FullLabelled/paper/paper_3796.jpg,./dataset/skeleton_final_v2/paper/paper_3796.npy
ok,ok_1588,train,./data/raw/FullLabelled/ok/ok_1588.jpg,./dataset/skeleton_final_v2/ok/ok_1588.npy
scissors,scissors-set2 (581),train,./data/raw/FullLabelled/scissors/scissors-set2 (581).jpg,./dataset/skeleton_final_v2/scissors/scissors-set2 (581).npy
the-finger,the-finger (100),train,./data/raw/FullLabelled/the-finger/the-finger (100).jpg,./dataset/skeleton_final_v2/the-finger/the-finger (100).npy
the-finger,the-finger_6293,train,./data/raw/FullLabelled/the-finger/the-finger_6293.jpg,./dataset/skeleton_final_v2/the-finger/the-finger_6293.npy
scissors,scissors-set2 (536),train,./data/raw/FullLabelled/scissors/scissors-set2 (536).jpg,./dataset/skeleton_final_v2/scissors/scissors-set2 (536).npy
scissors,scissors-set2 (651),train,./data/raw/FullLabelled/scissors/scissors-set2 (651).jpg,./dataset/skeleton_final_v2/scissors/scissors-set2 (651).npy
scissors,scissors_2706,train,./data/raw/FullLabelled/scissors/scissors_2706.jpg,./dataset/skeleton_final_v2/scissors/scissors_2706.npy
scissors,scissors (344),train,./data/raw/FullLabelled/scissors/scissors (344).jpg,./dataset/skeleton_final_v2/scissors/scissors (344).npy
scissors,scissors-set2 (680),train,./data/raw/FullLabelled/scissors/scissors-set2 (680).jpg,./dataset/skeleton_final_v2/scissors/scissors-set2 (680).npy
the-finger,the-finger-set2 (26),train,./data/raw/FullLabelled/the-finger/the-finger-set2 (26).jpg,./dataset/skeleton_final_v2/the-finger/the-finger-set2 (26).npy
rock,rock (111),train,./data/raw/FullLabelled/rock/rock (111).jpg,./dataset/skeleton_final_v2/rock/rock (111).npy
scissors,scissors (75),train,./data/raw/FullLabelled/scissors/scissors (75).jpg,./dataset/skeleton_final_v2/scissors/scissors (75).npy
ok,ok_Set2_ (572),train,./data/raw/FullLabelled/ok/ok_Set2_ (572).jpg,./dataset/skeleton_final_v2/ok/ok_Set2_ (572).npy
ok,ok_Set2_ (126),train,./data/raw/FullLabelled/ok/ok_Set2_ (126).jpg,./dataset/skeleton_final_v2/ok/ok_Set2_ (126).npy
ok,ok_Set2_ (421),train,./data/raw/FullLabelled/ok/ok_Set2_ (421).jpg,./dataset/skeleton_final_v2/ok/ok_Set2_ (421).npy
scissors,scissors_7631,train,./data/raw/FullLabelled/scissors/scissors_7631.jpg,./dataset/skeleton_final_v2/scissors/scissors_7631.npy
scissors,scissors-set2 (298),train,./data/raw/FullLabelled/scissors/scissors-set2 (298).jpg,./dataset/skeleton_final_v2/scissors/scissors-set2 (298).npy
paper,paper-set2 (477),train,./data/raw/FullLabelled/paper/paper-set2 (477).jpg,./dataset/skeleton_final_v2/paper/paper-set2 (477).npy
scissors,scissors (115),train,./data/raw/FullLabelled/scissors/scissors (115).jpg,./dataset/skeleton_final_v2/scissors/scissors (115).npy
ok,ok (106),train,./data/raw/FullLabelled/ok/ok (106).jpg,./dataset/skeleton_final_v2/ok/ok (106).npy
the-finger,the-finger_7812,train,./data/raw/FullLabelled/the-finger/the-finger_7812.jpg,./dataset/skeleton_final_v2/the-finger/the-finger_7812.npy
paper,paper_3637,train,./data/raw/FullLabelled/paper/paper_3637.jpg,./dataset/skeleton_final_v2/paper/paper_3637.npy
ok,ok_1587,train,./data/raw/FullLabelled/ok/ok_1587.jpg,./dataset/skeleton_final_v2/ok/ok_1587.npy
ok,ok (130),train,./data/raw/FullLabelled/ok/ok (130).jpg,./dataset/skeleton_final_v2/ok/ok (130).npy
ok,ok (225),train,./data/raw/FullLabelled/ok/ok (225).jpg,./dataset/skeleton_final_v2/ok/ok (225).npy
ok,ok_2719,train,./data/raw/FullLabelled/ok/ok_2719.jpg,./dataset/skeleton_final_v2/ok/ok_2719.npy
the-finger,the-finger-set2 (259),train,./data/raw/FullLabelled/the-finger/the-finger-set2 (259).jpg,./dataset/skeleton_final_v2/the-finger/the-finger-set2 (259).npy
scissors,scissors_761,train,./data/raw/FullLabelled/scissors/scissors_761.jpg,./dataset/skeleton_final_v2/scissors/scissors_761.npy
paper,paper_3720,train,./data/raw/FullLabelled/paper/paper_3720.jpg,./dataset/skeleton_final_v2/paper/paper_3720.npy
the-finger,the-finger_8656,train,./data/raw/FullLabelled/the-finger/the-finger_8656.jpg,./dataset/skeleton_final_v2/the-finger/the-finger_8656.npy
scissors,scissors_436,train,./data/raw/FullLabelled/scissors/scissors_436.jpg,./dataset/skeleton_final_v2/scissors/scissors_436.npy
paper,paper-set2 (442),train,./data/raw/FullLabelled/paper/paper-set2 (442).jpg,./dataset/skeleton_final_v2/paper/paper-set2 (442).npy
scissors,scissors-set2 (571),train,./data/raw/FullLabelled/scissors/scissors-set2 (571).jpg,./dataset/skeleton_final_v2/scissors/scissors-set2 (571).npy
scissors,scissors-set2 (503),train,./data/raw/FullLabelled/scissors/scissors-set2 (503).jpg,./dataset/skeleton_final_v2/scissors/scissors-set2 (503).npy
scissors,scissors (49),train,./data/raw/FullLabelled/scissors/scissors (49).jpg,./dataset/skeleton_final_v2/scissors/scissors (49).npy
scissors,scissors-set2 (397),val,./data/raw/FullLabelled/scissors/scissors-set2 (397).jpg,./dataset/skeleton_final_v2/scissors/scissors-set2 (397).npy
ok,ok_Set2_ (228),val,./data/raw/FullLabelled/ok/ok_Set2_ (228).jpg,./dataset/skeleton_final_v2/ok/ok_Set2_ (228).npy
ok,ok_9244,val,./data/raw/FullLabelled/ok/ok_9244.jpg,./dataset/skeleton_final_v2/ok/ok_9244.npy
scissors,scissors_4611,val,./data/raw/FullLabelled/scissors/scissors_4611.jpg,./dataset/skeleton_final_v2/scissors/scissors_4611.npy
paper,paper-set2 (246),val,./data/raw/FullLabelled/paper/paper-set2 (246).jpg,./dataset/skeleton_final_v2/paper/paper-set2 (246).npy
the-finger,the-finger (44),val,./data/raw/FullLabelled/the-finger/the-finger (44).jpg,./dataset/skeleton_final_v2/the-finger/the-finger (44).npy
paper,paper-set2 (106),val,./data/raw/FullLabelled/paper/paper-set2 (106).jpg,./dataset/skeleton_final_v2/paper/paper-set2 (106).npy
paper,paper-set2 (496),val,./data/raw/FullLabelled/paper/paper-set2 (496).jpg,./dataset/skeleton_final_v2/paper/paper-set2 (496).npy
ok,ok_Set2_ (348),val,./data/raw/FullLabelled/ok/ok_Set2_ (348).jpg,./dataset/skeleton_final_v2/ok/ok_Set2_ (348).npy
paper,paper-set2 (368),val,./data/raw/FullLabelled/paper/paper-set2 (368).jpg,./dataset/skeleton_final_v2/paper/paper-set2 (368).npy
scissors,scissors-set2 (549),val,./data/raw/FullLabelled/scissors/scissors-set2 (549).jpg,./dataset/skeleton_final_v2/scissors/scissors-set2 (549).npy
ok,ok (8),val,./data/raw/FullLabelled/ok/ok (8).jpg,./dataset/skeleton_final_v2/ok/ok (8).npy
rock,rock_8700,val,./data/raw/FullLabelled/rock/rock_8700.jpg,./dataset/skeleton_final_v2/rock/rock_8700.npy
scissors,scissors-set2 (740),val,./data/raw/FullLabelled/scissors/scissors-set2 (740).jpg,./dataset/skeleton_final_v2/scissors/scissors-set2 (740).npy
paper,paper_9128,val,./data/raw/FullLabelled/paper/paper_9128.jpg,./dataset/skeleton_final_v2/paper/paper_9128.npy
paper,paper-set2 (175),val,./data/raw/FullLabelled/paper/paper-set2 (175).jpg,./dataset/skeleton_final_v2/paper/paper-set2 (175).npy
paper,paper_6349,val,./data/raw/FullLabelled/paper/paper_6349.jpg,./dataset/skeleton_final_v2/paper/paper_6349.npy
the-finger,the-finger_3450,val,./data/raw/FullLabelled/the-finger/the-finger_3450.jpg,./dataset/skeleton_final_v2/the-finger/the-finger_3450.npy
paper,paper-set2 (31),val,./data/raw/FullLabelled/paper/paper-set2 (31).jpg,./dataset/skeleton_final_v2/paper/paper-set2 (31).npy
the-finger,the-finger-set2 (257),val,./data/raw/FullLabelled/the-finger/the-finger-set2 (257).jpg,./dataset/skeleton_final_v2/the-finger/the-finger-set2 (257).npy
scissors,scissors-set2 (582),val,./data/raw/FullLabelled/scissors/scissors-set2 (582).jpg,./dataset/skeleton_final_v2/scissors/scissors-set2 (582).npy
scissors,scissors_6147,val,./data/raw/FullLabelled/scissors/scissors_6147.jpg,./dataset/skeleton_final_v2/scissors/scissors_6147.npy
the-finger,the-finger_6879,val,./data/raw/FullLabelled/the-finger/the-finger_6879.jpg,./dataset/skeleton_final_v2/the-finger/the-finger_6879.npy
scissors,scissors_1887,val,./data/raw/FullLabelled/scissors/scissors_1887.jpg,./dataset/skeleton_final_v2/scissors/scissors_1887.npy
ok,ok_Set2_ (553),val,./data/raw/FullLabelled/ok/ok_Set2_ (553).jpg,./dataset/skeleton_final_v2/ok/ok_Set2_ (553).npy
paper,paper_6130,val,./data/raw/FullLabelled/paper/paper_6130.jpg,./dataset/skeleton_final_v2/paper/paper_6130.npy
paper,paper_7151,val,./data/raw/FullLabelled/paper/paper_7151.jpg,./dataset/skeleton_final_v2/paper/paper_7151.npy
paper,paper-set2 (62),val,./data/raw/FullLabelled/paper/paper-set2 (62).jpg,./dataset/skeleton_final_v2/paper/paper-set2 (62).npy
rock,rock_6887,val,./data/raw/FullLabelled/rock/rock_6887.jpg,./dataset/skeleton_final_v2/rock/rock_6887.npy
ok,ok_Set2_ (483),val,./data/raw/FullLabelled/ok/ok_Set2_ (483).jpg,./dataset/skeleton_final_v2/ok/ok_Set2_ (483).npy
scissors,scissors_5757,val,./data/raw/FullLabelled/scissors/scissors_5757.jpg,./dataset/skeleton_final_v2/scissors/scissors_5757.npy
rock,rock-set2 (167),val,./data/raw/FullLabelled/rock/rock-set2 (167).jpg,./dataset/skeleton_final_v2/rock/rock-set2 (167).npy
scissors,scissors (466),val,./data/raw/FullLabelled/scissors/scissors (466).jpg,./dataset/skeleton_final_v2/scissors/scissors (466).npy
ok,ok (75),val,./data/raw/FullLabelled/ok/ok (75).jpg,./dataset/skeleton_final_v2/ok/ok (75).npy
the-finger,the-finger (131),val,./data/raw/FullLabelled/the-finger/the-finger (131).jpg,./dataset/skeleton_final_v2/the-finger/the-finger (131).npy
rock,rock-set2 (568),val,./data/raw/FullLabelled/rock/rock-set2 (568).jpg,./dataset/skeleton_final_v2/rock/rock-set2 (568).npy
scissors,scissors (360),val,./data/raw/FullLabelled/scissors/scissors (360).jpg,./dataset/skeleton_final_v2/scissors/scissors (360).npy
the-finger,the-finger-set2 (424),val,./data/raw/FullLabelled/the-finger/the-finger-set2 (424).jpg,./dataset/skeleton_final_v2/the-finger/the-finger-set2 (424).npy
ok,ok_Set2_ (286),val,./data/raw/FullLabelled/ok/ok_Set2_ (286).jpg,./dataset/skeleton_final_v2/ok/ok_Set2_ (286).npy
ok,ok_91,val,./data/raw/FullLabelled/ok/ok_91.jpg,./dataset/skeleton_final_v2/ok/ok_91.npy
scissors,scissors_7181,val,./data/raw/FullLabelled/scissors/scissors_7181.jpg,./dataset/skeleton_final_v2/scissors/scissors_7181.npy
paper,paper_739,val,./data/raw/FullLabelled/paper/paper_739.jpg,./dataset/skeleton_final_v2/paper/paper_739.npy
scissors,scissors (485),val,./data/raw/FullLabelled/scissors/scissors (485).jpg,./dataset/skeleton_final_v2/scissors/scissors (485).npy
scissors,scissors_6169,val,./data/raw/FullLabelled/scissors/scissors_6169.jpg,./dataset/skeleton_final_v2/scissors/scissors_6169.npy
paper,paper_3657,val,./data/raw/FullLabelled/paper/paper_3657.jpg,./dataset/skeleton_final_v2/paper/paper_3657.npy
scissors,scissors-set2 (607),val,./data/raw/FullLabelled/scissors/scissors-set2 (607).jpg,./dataset/skeleton_final_v2/scissors/scissors-set2 (607).npy
rock,rock-set2 (171),val,./data/raw/FullLabelled/rock/rock-set2 (171).jpg,./dataset/skeleton_final_v2/rock/rock-set2 (171).npy
scissors,scissors-set2 (404),val,./data/raw/FullLabelled/scissors/scissors-set2 (404).jpg,./dataset/skeleton_final_v2/scissors/scissors-set2 (404).npy
paper,paper_5130,val,./data/raw/FullLabelled/paper/paper_5130.jpg,./dataset/skeleton_final_v2/paper/paper_5130.npy
scissors,scissors-set2 (387),val,./data/raw/FullLabelled/scissors/scissors-set2 (387).jpg,./dataset/skeleton_final_v2/scissors/scissors-set2 (387).npy
scissors,scissors (471),val,./data/raw/FullLabelled/scissors/scissors (471).jpg,./dataset/skeleton_final_v2/scissors/scissors (471).npy
paper,paper-set2 (64),val,./data/raw/FullLabelled/paper/paper-set2 (64).jpg,./dataset/skeleton_final_v2/paper/paper-set2 (64).npy
scissors,scissors-set2 (239),val,./data/raw/FullLabelled/scissors/scissors-set2 (239).jpg,./dataset/skeleton_final_v2/scissors/scissors-set2 (239).npy
paper,paper-set2 (245),val,./data/raw/FullLabelled/paper/paper-set2 (245).jpg,./dataset/skeleton_final_v2/paper/paper-set2 (245).npy
the-finger,the-finger_6878,val,./data/raw/FullLabelled/the-finger/the-finger_6878.jpg,./dataset/skeleton_final_v2/the-finger/the-finger_6878.npy
paper,paper-set2 (471),val,./data/raw/FullLabelled/paper/paper-set2 (471).jpg,./dataset/skeleton_final_v2/paper/paper-set2 (471).npy
paper,paper_9140,val,./data/raw/FullLabelled/paper/paper_9140.jpg,./dataset/skeleton_final_v2/paper/paper_9140.npy
ok,ok_2013,val,./data/raw/FullLabelled/ok/ok_2013.jpg,./dataset/skeleton_final_v2/ok/ok_2013.npy
ok,ok_787,val,./data/raw/FullLabelled/ok/ok_787.jpg,./dataset/skeleton_final_v2/ok/ok_787.npy
ok,ok_5277,val,./data/raw/FullLabelled/ok/ok_5277.jpg,./dataset/skeleton_final_v2/ok/ok_5277.npy
scissors,scissors-set2 (646),val,./data/raw/FullLabelled/scissors/scissors-set2 (646).jpg,./dataset/skeleton_final_v2/scissors/scissors-set2 (646).npy
ok,ok_Set2_ (496),val,./data/raw/FullLabelled/ok/ok_Set2_ (496).jpg,./dataset/skeleton_final_v2/ok/ok_Set2_ (496).npy
the-finger,the-finger-set2 (202),val,./data/raw/FullLabelled/the-finger/the-finger-set2 (202).jpg,./dataset/skeleton_final_v2/the-finger/the-finger-set2 (202).npy
paper,paper (165),val,./data/raw/FullLabelled/paper/paper (165).jpg,./dataset/skeleton_final_v2/paper/paper (165).npy
scissors,scissors-set2 (312),val,./data/raw/FullLabelled/scissors/scissors-set2 (312).jpg,./dataset/skeleton_final_v2/scissors/scissors-set2 (312).npy
the-finger,the-finger_7838,val,./data/raw/FullLabelled/the-finger/the-finger_7838.jpg,./dataset/skeleton_final_v2/the-finger/the-finger_7838.npy
paper,paper_6336,val,./data/raw/FullLabelled/paper/paper_6336.jpg,./dataset/skeleton_final_v2/paper/paper_6336.npy
scissors,scissors (312),val,./data/raw/FullLabelled/scissors/scissors (312).jpg,./dataset/skeleton_final_v2/scissors/scissors (312).npy
scissors,scissors_8808,val,./data/raw/FullLabelled/scissors/scissors_8808.jpg,./dataset/skeleton_final_v2/scissors/scissors_8808.npy
the-finger,the-finger-set2 (294),val,./data/raw/FullLabelled/the-finger/the-finger-set2 (294).jpg,./dataset/skeleton_final_v2/the-finger/the-finger-set2 (294).npy
the-finger,the-finger-set2 (103),val,./data/raw/FullLabelled/the-finger/the-finger-set2 (103).jpg,./dataset/skeleton_final_v2/the-finger/the-finger-set2 (103).npy
the-finger,the-finger (82),val,./data/raw/FullLabelled/the-finger/the-finger (82).jpg,./dataset/skeleton_final_v2/the-finger/the-finger (82).npy
scissors,scissors-set2 (543),val,./data/raw/FullLabelled/scissors/scissors-set2 (543).jpg,./dataset/skeleton_final_v2/scissors/scissors-set2 (543).npy
ok,ok_804,val,./data/raw/FullLabelled/ok/ok_804.jpg,./dataset/skeleton_final_v2/ok/ok_804.npy
scissors,scissors_1073,val,./data/raw/FullLabelled/scissors/scissors_1073.jpg,./dataset/skeleton_final_v2/scissors/scissors_1073.npy
paper,paper_1830,val,./data/raw/FullLabelled/paper/paper_1830.jpg,./dataset/skeleton_final_v2/paper/paper_1830.npy
the-finger,the-finger-set2 (393),val,./data/raw/FullLabelled/the-finger/the-finger-set2 (393).jpg,./dataset/skeleton_final_v2/the-finger/the-finger-set2 (393).npy
scissors,scissors-set2 (221),val,./data/raw/FullLabelled/scissors/scissors-set2 (221).jpg,./dataset/skeleton_final_v2/scissors/scissors-set2 (221).npy
scissors,scissors-set2 (686),val,./data/raw/FullLabelled/scissors/scissors-set2 (686).jpg,./dataset/skeleton_final_v2/scissors/scissors-set2 (686).npy
scissors,scissors-set2 (285),val,./data/raw/FullLabelled/scissors/scissors-set2 (285).jpg,./dataset/skeleton_final_v2/scissors/scissors-set2 (285).npy
scissors,scissors-set2 (235),val,./data/raw/FullLabelled/scissors/scissors-set2 (235).jpg,./dataset/skeleton_final_v2/scissors/scissors-set2 (235).npy
ok,ok_Set2_ (543),val,./data/raw/FullLabelled/ok/ok_Set2_ (543).jpg,./dataset/skeleton_final_v2/ok/ok_Set2_ (543).npy
paper,paper (39),val,./data/raw/FullLabelled/paper/paper (39).jpg,./dataset/skeleton_final_v2/paper/paper (39).npy
the-finger,the-finger-set2 (215),val,./data/raw/FullLabelled/the-finger/the-finger-set2 (215).jpg,./dataset/skeleton_final_v2/the-finger/the-finger-set2 (215).npy
the-finger,the-finger_3525,val,./data/raw/FullLabelled/the-finger/the-finger_3525.jpg,./dataset/skeleton_final_v2/the-finger/the-finger_3525.npy
ok,ok_Set2_ (548),val,./data/raw/FullLabelled/ok/ok_Set2_ (548).jpg,./dataset/skeleton_final_v2/ok/ok_Set2_ (548).npy
the-finger,the-finger_7494,val,./data/raw/FullLabelled/the-finger/the-finger_7494.jpg,./dataset/skeleton_final_v2/the-finger/the-finger_7494.npy
ok,ok_6189,val,./data/raw/FullLabelled/ok/ok_6189.jpg,./dataset/skeleton_final_v2/ok/ok_6189.npy
scissors,scissors-set2 (700),val,./data/raw/FullLabelled/scissors/scissors-set2 (700).jpg,./dataset/skeleton_final_v2/scissors/scissors-set2 (700).npy
the-finger,the-finger-set2 (359),val,./data/raw/FullLabelled/the-finger/the-finger-set2 (359).jpg,./dataset/skeleton_final_v2/the-finger/the-finger-set2 (359).npy
paper,paper-set2 (215),val,./data/raw/FullLabelled/paper/paper-set2 (215).jpg,./dataset/skeleton_final_v2/paper/paper-set2 (215).npy
paper,paper_7162,val,./data/raw/FullLabelled/paper/paper_7162.jpg,./dataset/skeleton_final_v2/paper/paper_7162.npy
scissors,scissors-set2 (736),val,./data/raw/FullLabelled/scissors/scissors-set2 (736).jpg,./dataset/skeleton_final_v2/scissors/scissors-set2 (736).npy
scissors,scissors (146),val,./data/raw/FullLabelled/scissors/scissors (146).jpg,./dataset/skeleton_final_v2/scissors/scissors (146).npy
ok,ok_2674,val,./data/raw/FullLabelled/ok/ok_2674.jpg,./dataset/skeleton_final_v2/ok/ok_2674.npy
scissors,scissors (456),val,./data/raw/FullLabelled/scissors/scissors (456).jpg,./dataset/skeleton_final_v2/scissors/scissors (456).npy
rock,rock-set2 (360),val,./data/raw/FullLabelled/rock/rock-set2 (360).jpg,./dataset/skeleton_final_v2/rock/rock-set2 (360).npy
paper,paper-set2 (78),val,./data/raw/FullLabelled/paper/paper-set2 (78).jpg,./dataset/skeleton_final_v2/paper/paper-set2 (78).npy
scissors,scissors_7647,val,./data/raw/FullLabelled/scissors/scissors_7647.jpg,./dataset/skeleton_final_v2/scissors/scissors_7647.npy
paper,paper_5729,val,./data/raw/FullLabelled/paper/paper_5729.jpg,./dataset/skeleton_final_v2/paper/paper_5729.npy
paper,paper_376,val,./data/raw/FullLabelled/paper/paper_376.jpg,./dataset/skeleton_final_v2/paper/paper_376.npy
ok,ok_2949,val,./data/raw/FullLabelled/ok/ok_2949.jpg,./dataset/skeleton_final_v2/ok/ok_2949.npy
ok,ok_2845,val,./data/raw/FullLabelled/ok/ok_2845.jpg,./dataset/skeleton_final_v2/ok/ok_2845.npy
paper,paper (46),val,./data/raw/FullLabelled/paper/paper (46).jpg,./dataset/skeleton_final_v2/paper/paper (46).npy
ok,ok_Set2_ (275),val,./data/raw/FullLabelled/ok/ok_Set2_ (275).jpg,./dataset/skeleton_final_v2/ok/ok_Set2_ (275).npy
ok,ok_6182,val,./data/raw/FullLabelled/ok/ok_6182.jpg,./dataset/skeleton_final_v2/ok/ok_6182.npy
ok,ok_2869,val,./data/raw/FullLabelled/ok/ok_2869.jpg,./dataset/skeleton_final_v2/ok/ok_2869.npy
ok,ok_Set2_ (571),val,./data/raw/FullLabelled/ok/ok_Set2_ (571).jpg,./dataset/skeleton_final_v2/ok/ok_Set2_ (571).npy
paper,paper_735,val,./data/raw/FullLabelled/paper/paper_735.jpg,./dataset/skeleton_final_v2/paper/paper_735.npy
paper,paper_5898,val,./data/raw/FullLabelled/paper/paper_5898.jpg,./dataset/skeleton_final_v2/paper/paper_5898.npy
paper,paper_2536,val,./data/raw/FullLabelled/paper/paper_2536.jpg,./dataset/skeleton_final_v2/paper/paper_2536.npy
paper,paper_2527,val,./data/raw/FullLabelled/paper/paper_2527.jpg,./dataset/skeleton_final_v2/paper/paper_2527.npy
the-finger,the-finger_8356,val,./data/raw/FullLabelled/the-finger/the-finger_8356.jpg,./dataset/skeleton_final_v2/the-finger/the-finger_8356.npy
ok,ok (140),val,./data/raw/FullLabelled/ok/ok (140).jpg,./dataset/skeleton_final_v2/ok/ok (140).npy
the-finger,the-finger-set2 (301),val,./data/raw/FullLabelled/the-finger/the-finger-set2 (301).jpg,./dataset/skeleton_final_v2/the-finger/the-finger-set2 (301).npy
scissors,scissors-set2 (682),val,./data/raw/FullLabelled/scissors/scissors-set2 (682).jpg,./dataset/skeleton_final_v2/scissors/scissors-set2 (682).npy
ok,ok_Set2_ (185),val,./data/raw/FullLabelled/ok/ok_Set2_ (185).jpg,./dataset/skeleton_final_v2/ok/ok_Set2_ (185).npy
paper,paper-set2 (438),val,./data/raw/FullLabelled/paper/paper-set2 (438).jpg,./dataset/skeleton_final_v2/paper/paper-set2 (438).npy
paper,paper-set2 (393),val,./data/raw/FullLabelled/paper/paper-set2 (393).jpg,./dataset/skeleton_final_v2/paper/paper-set2 (393).npy
paper,paper-set2 (353),val,./data/raw/FullLabelled/paper/paper-set2 (353).jpg,./dataset/skeleton_final_v2/paper/paper-set2 (353).npy
rock,rock-set2 (160),val,./data/raw/FullLabelled/rock/rock-set2 (160).jpg,./dataset/skeleton_final_v2/rock/rock-set2 (160).npy
paper,paper_30,val,./data/raw/FullLabelled/paper/paper_30.jpg,./dataset/skeleton_final_v2/paper/paper_30.npy
paper,paper_9160,val,./data/raw/FullLabelled/paper/paper_9160.jpg,./dataset/skeleton_final_v2/paper/paper_9160.npy
rock,rock-set2 (152),val,./data/raw/FullLabelled/rock/rock-set2 (152).jpg,./dataset/skeleton_final_v2/rock/rock-set2 (152).npy
the-finger,the-finger-set2 (232),val,./data/raw/FullLabelled/the-finger/the-finger-set2 (232).jpg,./dataset/skeleton_final_v2/the-finger/the-finger-set2 (232).npy
ok,ok_Set2_ (136),val,./data/raw/FullLabelled/ok/ok_Set2_ (136).jpg,./dataset/skeleton_final_v2/ok/ok_Set2_ (136).npy
paper,paper (3),val,./data/raw/FullLabelled/paper/paper (3).jpg,./dataset/skeleton_final_v2/paper/paper (3).npy
ok,ok_Set2_ (72),val,./data/raw/FullLabelled/ok/ok_Set2_ (72).jpg,./dataset/skeleton_final_v2/ok/ok_Set2_ (72).npy
scissors,scissors-set2 (125),val,./data/raw/FullLabelled/scissors/scissors-set2 (125).jpg,./dataset/skeleton_final_v2/scissors/scissors-set2 (125).npy
the-finger,the-finger_5861,val,./data/raw/FullLabelled/the-finger/the-finger_5861.jpg,./dataset/skeleton_final_v2/the-finger/the-finger_5861.npy
paper,paper (192),val,./data/raw/FullLabelled/paper/paper (192).jpg,./dataset/skeleton_final_v2/paper/paper (192).npy
ok,ok_Set2_ (541),val,./data/raw/FullLabelled/ok/ok_Set2_ (541).jpg,./dataset/skeleton_final_v2/ok/ok_Set2_ (541).npy
paper,paper_6354,val,./data/raw/FullLabelled/paper/paper_6354.jpg,./dataset/skeleton_final_v2/paper/paper_6354.npy
scissors,scissors (326),val,./data/raw/FullLabelled/scissors/scissors (326).jpg,./dataset/skeleton_final_v2/scissors/scissors (326).npy
ok,ok (155),val,./data/raw/FullLabelled/ok/ok (155).jpg,./dataset/skeleton_final_v2/ok/ok (155).npy
paper,paper_746,val,./data/raw/FullLabelled/paper/paper_746.jpg,./dataset/skeleton_final_v2/paper/paper_746.npy
the-finger,the-finger (83),val,./data/raw/FullLabelled/the-finger/the-finger (83).jpg,./dataset/skeleton_final_v2/the-finger/the-finger (83).npy
the-finger,the-finger_6298,val,./data/raw/FullLabelled/the-finger/the-finger_6298.jpg,./dataset/skeleton_final_v2/the-finger/the-finger_6298.npy
rock,rock-set2 (598),val,./data/raw/FullLabelled/rock/rock-set2 (598).jpg,./dataset/skeleton_final_v2/rock/rock-set2 (598).npy
scissors,scissors_3899,val,./data/raw/FullLabelled/scissors/scissors_3899.jpg,./dataset/skeleton_final_v2/scissors/scissors_3899.npy
scissors,scissors_5743,val,./data/raw/FullLabelled/scissors/scissors_5743.jpg,./dataset/skeleton_final_v2/scissors/scissors_5743.npy
scissors,scissors_7353,val,./data/raw/FullLabelled/scissors/scissors_7353.jpg,./dataset/skeleton_final_v2/scissors/scissors_7353.npy
paper,paper-set2 (22),val,./data/raw/FullLabelled/paper/paper-set2 (22).jpg,./dataset/skeleton_final_v2/paper/paper-set2 (22).npy
scissors,scissors-set2 (258),val,./data/raw/FullLabelled/scissors/scissors-set2 (258).jpg,./dataset/skeleton_final_v2/scissors/scissors-set2 (258).npy
scissors,scissors (400),val,./data/raw/FullLabelled/scissors/scissors (400).jpg,./dataset/skeleton_final_v2/scissors/scissors (400).npy
scissors,scissors-set2 (433),val,./data/raw/FullLabelled/scissors/scissors-set2 (433).jpg,./dataset/skeleton_final_v2/scissors/scissors-set2 (433).npy
scissors,scissors-set2 (468),val,./data/raw/FullLabelled/scissors/scissors-set2 (468).jpg,./dataset/skeleton_final_v2/scissors/scissors-set2 (468).npy
scissors,scissors-set2 (530),val,./data/raw/FullLabelled/scissors/scissors-set2 (530).jpg,./dataset/skeleton_final_v2/scissors/scissors-set2 (530).npy
paper,paper_1005,val,./data/raw/FullLabelled/paper/paper_1005.jpg,./dataset/skeleton_final_v2/paper/paper_1005.npy
the-finger,the-finger-set2 (336),val,./data/raw/FullLabelled/the-finger/the-finger-set2 (336).jpg,./dataset/skeleton_final_v2/the-finger/the-finger-set2 (336).npy
scissors,scissors_6361,val,./data/raw/FullLabelled/scissors/scissors_6361.jpg,./dataset/skeleton_final_v2/scissors/scissors_6361.npy
rock,rock-set2 (147),val,./data/raw/FullLabelled/rock/rock-set2 (147).jpg,./dataset/skeleton_final_v2/rock/rock-set2 (147).npy
paper,paper_7607,val,./data/raw/FullLabelled/paper/paper_7607.jpg,./dataset/skeleton_final_v2/paper/paper_7607.npy
ok,ok_Set2_ (74),val,./data/raw/FullLabelled/ok/ok_Set2_ (74).jpg,./dataset/skeleton_final_v2/ok/ok_Set2_ (74).npy
scissors,scissors_8786,val,./data/raw/FullLabelled/scissors/scissors_8786.jpg,./dataset/skeleton_final_v2/scissors/scissors_8786.npy
paper,paper_370,val,./data/raw/FullLabelled/paper/paper_370.jpg,./dataset/skeleton_final_v2/paper/paper_370.npy
scissors,scissors_2746,val,./data/raw/FullLabelled/scissors/scissors_2746.jpg,./dataset/skeleton_final_v2/scissors/scissors_2746.npy
ok,ok_Set2_ (42),val,./data/raw/FullLabelled/ok/ok_Set2_ (42).jpg,./dataset/skeleton_final_v2/ok/ok_Set2_ (42).npy
ok,ok_Set2_ (10),val,./data/raw/FullLabelled/ok/ok_Set2_ (10).jpg,./dataset/skeleton_final_v2/ok/ok_Set2_ (10).npy
rock,rock-set2 (338),val,./data/raw/FullLabelled/rock/rock-set2 (338).jpg,./dataset/skeleton_final_v2/rock/rock-set2 (338).npy
the-finger,the-finger_5364,val,./data/raw/FullLabelled/the-finger/the-finger_5364.jpg,./dataset/skeleton_final_v2/the-finger/the-finger_5364.npy
scissors,scissors (368),val,./data/raw/FullLabelled/scissors/scissors (368).jpg,./dataset/skeleton_final_v2/scissors/scissors (368).npy
scissors,scissors_6965,val,./data/raw/FullLabelled/scissors/scissors_6965.jpg,./dataset/skeleton_final_v2/scissors/scissors_6965.npy
the-finger,the-finger-set2 (355),val,./data/raw/FullLabelled/the-finger/the-finger-set2 (355).jpg,./dataset/skeleton_final_v2/the-finger/the-finger-set2 (355).npy
paper,paper_1046,val,./data/raw/FullLabelled/paper/paper_1046.jpg,./dataset/skeleton_final_v2/paper/paper_1046.npy
scissors,scissors_7982,val,./data/raw/FullLabelled/scissors/scissors_7982.jpg,./dataset/skeleton_final_v2/scissors/scissors_7982.npy
ok,ok_Set2_ (260),val,./data/raw/FullLabelled/ok/ok_Set2_ (260).jpg,./dataset/skeleton_final_v2/ok/ok_Set2_ (260).npy
the-finger,the-finger-set2 (435),val,./data/raw/FullLabelled/the-finger/the-finger-set2 (435).jpg,./dataset/skeleton_final_v2/the-finger/the-finger-set2 (435).npy
scissors,scissors_753,val,./data/raw/FullLabelled/scissors/scissors_753.jpg,./dataset/skeleton_final_v2/scissors/scissors_753.npy
ok,ok_Set2_ (338),val,./data/raw/FullLabelled/ok/ok_Set2_ (338).jpg,./dataset/skeleton_final_v2/ok/ok_Set2_ (338).npy
rock,rock-set2 (427),val,./data/raw/FullLabelled/rock/rock-set2 (427).jpg,./dataset/skeleton_final_v2/rock/rock-set2 (427).npy
paper,paper_7609,val,./data/raw/FullLabelled/paper/paper_7609.jpg,./dataset/skeleton_final_v2/paper/paper_7609.npy
paper,paper-set2 (433),val,./data/raw/FullLabelled/paper/paper-set2 (433).jpg,./dataset/skeleton_final_v2/paper/paper-set2 (433).npy
ok,ok_Set2_ (429),val,./data/raw/FullLabelled/ok/ok_Set2_ (429).jpg,./dataset/skeleton_final_v2/ok/ok_Set2_ (429).npy
ok,ok_Set2_ (214),val,./data/raw/FullLabelled/ok/ok_Set2_ (214).jpg,./dataset/skeleton_final_v2/ok/ok_Set2_ (214).npy
scissors,scissors-set2 (434),val,./data/raw/FullLabelled/scissors/scissors-set2 (434).jpg,./dataset/skeleton_final_v2/scissors/scissors-set2 (434).npy
scissors,scissors_7175,val,./data/raw/FullLabelled/scissors/scissors_7175.jpg,./dataset/skeleton_final_v2/scissors/scissors_7175.npy
scissors,scissors (416),val,./data/raw/FullLabelled/scissors/scissors (416).jpg,./dataset/skeleton_final_v2/scissors/scissors (416).npy
the-finger,the-finger-set2 (97),val,./data/raw/FullLabelled/the-finger/the-finger-set2 (97).jpg,./dataset/skeleton_final_v2/the-finger/the-finger-set2 (97).npy
paper,paper-set2 (376),val,./data/raw/FullLabelled/paper/paper-set2 (376).jpg,./dataset/skeleton_final_v2/paper/paper-set2 (376).npy
paper,paper-set2 (6),val,./data/raw/FullLabelled/paper/paper-set2 (6).jpg,./dataset/skeleton_final_v2/paper/paper-set2 (6).npy
ok,ok_Set2_ (523),val,./data/raw/FullLabelled/ok/ok_Set2_ (523).jpg,./dataset/skeleton_final_v2/ok/ok_Set2_ (523).npy
scissors,scissors-set2 (663),val,./data/raw/FullLabelled/scissors/scissors-set2 (663).jpg,./dataset/skeleton_final_v2/scissors/scissors-set2 (663).npy
scissors,scissors-set2 (676),val,./data/raw/FullLabelled/scissors/scissors-set2 (676).jpg,./dataset/skeleton_final_v2/scissors/scissors-set2 (676).npy
ok,ok_Set2_ (229),val,./data/raw/FullLabelled/ok/ok_Set2_ (229).jpg,./dataset/skeleton_final_v2/ok/ok_Set2_ (229).npy
scissors,scissors_3901,val,./data/raw/FullLabelled/scissors/scissors_3901.jpg,./dataset/skeleton_final_v2/scissors/scissors_3901.npy
the-finger,the-finger-set2 (65),val,./data/raw/FullLabelled/the-finger/the-finger-set2 (65).jpg,./dataset/skeleton_final_v2/the-finger/the-finger-set2 (65).npy
the-finger,the-finger-set2 (377),val,./data/raw/FullLabelled/the-finger/the-finger-set2 (377).jpg,./dataset/skeleton_final_v2/the-finger/the-finger-set2 (377).npy
the-finger,the-finger (28),val,./data/raw/FullLabelled/the-finger/the-finger (28).jpg,./dataset/skeleton_final_v2/the-finger/the-finger (28).npy
ok,ok_Set2_ (408),val,./data/raw/FullLabelled/ok/ok_Set2_ (408).jpg,./dataset/skeleton_final_v2/ok/ok_Set2_ (408).npy
paper,paper-set2 (110),val,./data/raw/FullLabelled/paper/paper-set2 (110).jpg,./dataset/skeleton_final_v2/paper/paper-set2 (110).npy
scissors,scissors_4652,val,./data/raw/FullLabelled/scissors/scissors_4652.jpg,./dataset/skeleton_final_v2/scissors/scissors_4652.npy
ok,ok_2509,val,./data/raw/FullLabelled/ok/ok_2509.jpg,./dataset/skeleton_final_v2/ok/ok_2509.npy
scissors,scissors_7167,val,./data/raw/FullLabelled/scissors/scissors_7167.jpg,./dataset/skeleton_final_v2/scissors/scissors_7167.npy
scissors,scissors_3856,val,./data/raw/FullLabelled/scissors/scissors_3856.jpg,./dataset/skeleton_final_v2/scissors/scissors_3856.npy
scissors,scissors (55),val,./data/raw/FullLabelled/scissors/scissors (55).jpg,./dataset/skeleton_final_v2/scissors/scissors (55).npy
scissors,scissors (34),val,./data/raw/FullLabelled/scissors/scissors (34).jpg,./dataset/skeleton_final_v2/scissors/scissors (34).npy
scissors,scissors (41),val,./data/raw/FullLabelled/scissors/scissors (41).jpg,./dataset/skeleton_final_v2/scissors/scissors (41).npy
ok,ok_5001,val,./data/raw/FullLabelled/ok/ok_5001.jpg,./dataset/skeleton_final_v2/ok/ok_5001.npy
paper,paper (178),val,./data/raw/FullLabelled/paper/paper (178).jpg,./dataset/skeleton_final_v2/paper/paper (178).npy
the-finger,the-finger_602,val,./data/raw/FullLabelled/the-finger/the-finger_602.jpg,./dataset/skeleton_final_v2/the-finger/the-finger_602.npy
rock,rock-set2 (420),val,./data/raw/FullLabelled/rock/rock-set2 (420).jpg,./dataset/skeleton_final_v2/rock/rock-set2 (420).npy
scissors,scissors (149),val,./data/raw/FullLabelled/scissors/scissors (149).jpg,./dataset/skeleton_final_v2/scissors/scissors (149).npy
scissors,scissors-set2 (263),val,./data/raw/FullLabelled/scissors/scissors-set2 (263).jpg,./dataset/skeleton_final_v2/scissors/scissors-set2 (263).npy
the-finger,the-finger_3526,val,./data/raw/FullLabelled/the-finger/the-finger_3526.jpg,./dataset/skeleton_final_v2/the-finger/the-finger_3526.npy
ok,ok_Set2_ (196),val,./data/raw/FullLabelled/ok/ok_Set2_ (196).jpg,./dataset/skeleton_final_v2/ok/ok_Set2_ (196).npy
ok,ok_6751,val,./data/raw/FullLabelled/ok/ok_6751.jpg,./dataset/skeleton_final_v2/ok/ok_6751.npy
paper,paper (73),val,./data/raw/FullLabelled/paper/paper (73).jpg,./dataset/skeleton_final_v2/paper/paper (73).npy
paper,paper-set2 (9),val,./data/raw/FullLabelled/paper/paper-set2 (9).jpg,./dataset/skeleton_final_v2/paper/paper-set2 (9).npy
paper,paper (264),val,./data/raw/FullLabelled/paper/paper (264).jpg,./dataset/skeleton_final_v2/paper/paper (264).npy
ok,ok (59),val,./data/raw/FullLabelled/ok/ok (59).jpg,./dataset/skeleton_final_v2/ok/ok (59).npy
ok,ok_Set2_ (462),val,./data/raw/FullLabelled/ok/ok_Set2_ (462).jpg,./dataset/skeleton_final_v2/ok/ok_Set2_ (462).npy
the-finger,the-finger-set2 (39),val,./data/raw/FullLabelled/the-finger/the-finger-set2 (39).jpg,./dataset/skeleton_final_v2/the-finger/the-finger-set2 (39).npy
paper,paper-set2 (431),val,./data/raw/FullLabelled/paper/paper-set2 (431).jpg,./dataset/skeleton_final_v2/paper/paper-set2 (431).npy
scissors,scissors-set2 (330),val,./data/raw/FullLabelled/scissors/scissors-set2 (330).jpg,./dataset/skeleton_final_v2/scissors/scissors-set2 (330).npy
scissors,scissors_398,val,./data/raw/FullLabelled/scissors/scissors_398.jpg,./dataset/skeleton_final_v2/scissors/scissors_398.npy
rock,rock-set2 (574),val,./data/raw/FullLabelled/rock/rock-set2 (574).jpg,./dataset/skeleton_final_v2/rock/rock-set2 (574).npy
scissors,scissors-set2 (388),val,./data/raw/FullLabelled/scissors/scissors-set2 (388).jpg,./dataset/skeleton_final_v2/scissors/scissors-set2 (388).npy
paper,paper_5726,val,./data/raw/FullLabelled/paper/paper_5726.jpg,./dataset/skeleton_final_v2/paper/paper_5726.npy
ok,ok_1921,val,./data/raw/FullLabelled/ok/ok_1921.jpg,./dataset/skeleton_final_v2/ok/ok_1921.npy
paper,paper_1041,val,./data/raw/FullLabelled/paper/paper_1041.jpg,./dataset/skeleton_final_v2/paper/paper_1041.npy
ok,ok_Set2_ (403),val,./data/raw/FullLabelled/ok/ok_Set2_ (403).jpg,./dataset/skeleton_final_v2/ok/ok_Set2_ (403).npy
scissors,scissors-set2 (372),val,./data/raw/FullLabelled/scissors/scissors-set2 (372).jpg,./dataset/skeleton_final_v2/scissors/scissors-set2 (372).npy
rock,rock_12,val,./data/raw/FullLabelled/rock/rock_12.jpg,./dataset/skeleton_final_v2/rock/rock_12.npy
scissors,scissors_6154,val,./data/raw/FullLabelled/scissors/scissors_6154.jpg,./dataset/skeleton_final_v2/scissors/scissors_6154.npy
paper,paper-set2 (213),val,./data/raw/FullLabelled/paper/paper-set2 (213).jpg,./dataset/skeleton_final_v2/paper/paper-set2 (213).npy
paper,paper (140),val,./data/raw/FullLabelled/paper/paper (140).jpg,./dataset/skeleton_final_v2/paper/paper (140).npy
ok,ok_Set2_ (301),val,./data/raw/FullLabelled/ok/ok_Set2_ (301).jpg,./dataset/skeleton_final_v2/ok/ok_Set2_ (301).npy
scissors,scissors-set2 (469),val,./data/raw/FullLabelled/scissors/scissors-set2 (469).jpg,./dataset/skeleton_final_v2/scissors/scissors-set2 (469).npy
rock,rock-set2 (424),val,./data/raw/FullLabelled/rock/rock-set2 (424).jpg,./dataset/skeleton_final_v2/rock/rock-set2 (424).npy
ok,ok_Set2_ (157),val,./data/raw/FullLabelled/ok/ok_Set2_ (157).jpg,./dataset/skeleton_final_v2/ok/ok_Set2_ (157).npy
scissors,scissors_4626,val,./data/raw/FullLabelled/scissors/scissors_4626.jpg,./dataset/skeleton_final_v2/scissors/scissors_4626.npy
paper,paper_6532,val,./data/raw/FullLabelled/paper/paper_6532.jpg,./dataset/skeleton_final_v2/paper/paper_6532.npy
the-finger,the-finger_3484,val,./data/raw/FullLabelled/the-finger/the-finger_3484.jpg,./dataset/skeleton_final_v2/the-finger/the-finger_3484.npy
paper,paper-set2 (223),val,./data/raw/FullLabelled/paper/paper-set2 (223).jpg,./dataset/skeleton_final_v2/paper/paper-set2 (223).npy
ok,ok (116),val,./data/raw/FullLabelled/ok/ok (116).jpg,./dataset/skeleton_final_v2/ok/ok (116).npy
ok,ok_794,val,./data/raw/FullLabelled/ok/ok_794.jpg,./dataset/skeleton_final_v2/ok/ok_794.npy
paper,paper-set2 (361),val,./data/raw/FullLabelled/paper/paper-set2 (361).jpg,./dataset/skeleton_final_v2/paper/paper-set2 (361).npy
scissors,scissors-set2 (362),val,./data/raw/FullLabelled/scissors/scissors-set2 (362).jpg,./dataset/skeleton_final_v2/scissors/scissors-set2 (362).npy
the-finger,the-finger_242,val,./data/raw/FullLabelled/the-finger/the-finger_242.jpg,./dataset/skeleton_final_v2/the-finger/the-finger_242.npy
scissors,scissors-set2 (452),val,./data/raw/FullLabelled/scissors/scissors-set2 (452).jpg,./dataset/skeleton_final_v2/scissors/scissors-set2 (452).npy
paper,paper_7934,val,./data/raw/FullLabelled/paper/paper_7934.jpg,./dataset/skeleton_final_v2/paper/paper_7934.npy
scissors,scissors-set2 (408),val,./data/raw/FullLabelled/scissors/scissors-set2 (408).jpg,./dataset/skeleton_final_v2/scissors/scissors-set2 (408).npy
paper,paper-set2 (247),val,./data/raw/FullLabelled/paper/paper-set2 (247).jpg,./dataset/skeleton_final_v2/paper/paper-set2 (247).npy
ok,ok_Set2_ (289),val,./data/raw/FullLabelled/ok/ok_Set2_ (289).jpg,./dataset/skeleton_final_v2/ok/ok_Set2_ (289).npy
scissors,scissors-set2 (95),val,./data/raw/FullLabelled/scissors/scissors-set2 (95).jpg,./dataset/skeleton_final_v2/scissors/scissors-set2 (95).npy
scissors,scissors_9210,val,./data/raw/FullLabelled/scissors/scissors_9210.jpg,./dataset/skeleton_final_v2/scissors/scissors_9210.npy
paper,paper_7137,val,./data/raw/FullLabelled/paper/paper_7137.jpg,./dataset/skeleton_final_v2/paper/paper_7137.npy
ok,ok_Set2_ (308),val,./data/raw/FullLabelled/ok/ok_Set2_ (308).jpg,./dataset/skeleton_final_v2/ok/ok_Set2_ (308).npy
the-finger,the-finger_5680,val,./data/raw/FullLabelled/the-finger/the-finger_5680.jpg,./dataset/skeleton_final_v2/the-finger/the-finger_5680.npy
the-finger,the-finger-set2 (385),val,./data/raw/FullLabelled/the-finger/the-finger-set2 (385).jpg,./dataset/skeleton_final_v2/the-finger/the-finger-set2 (385).npy
the-finger,the-finger-set2 (432),val,./data/raw/FullLabelled/the-finger/the-finger-set2 (432).jpg,./dataset/skeleton_final_v2/the-finger/the-finger-set2 (432).npy
paper,paper (30),val,./data/raw/FullLabelled/paper/paper (30).jpg,./dataset/skeleton_final_v2/paper/paper (30).npy
paper,paper (24),val,./data/raw/FullLabelled/paper/paper (24).jpg,./dataset/skeleton_final_v2/paper/paper (24).npy
ok,ok_6974,val,./data/raw/FullLabelled/ok/ok_6974.jpg,./dataset/skeleton_final_v2/ok/ok_6974.npy
scissors,scissors-set2 (398),val,./data/raw/FullLabelled/scissors/scissors-set2 (398).jpg,./dataset/skeleton_final_v2/scissors/scissors-set2 (398).npy
scissors,scissors-set2 (690),val,./data/raw/FullLabelled/scissors/scissors-set2 (690).jpg,./dataset/skeleton_final_v2/scissors/scissors-set2 (690).npy
scissors,scissors (479),val,./data/raw/FullLabelled/scissors/scissors (479).jpg,./dataset/skeleton_final_v2/scissors/scissors (479).npy
paper,paper_2523,val,./data/raw/FullLabelled/paper/paper_2523.jpg,./dataset/skeleton_final_v2/paper/paper_2523.npy
scissors,scissors (461),val,./data/raw/FullLabelled/scissors/scissors (461).jpg,./dataset/skeleton_final_v2/scissors/scissors (461).npy
paper,paper-set2 (36),val,./data/raw/FullLabelled/paper/paper-set2 (36).jpg,./dataset/skeleton_final_v2/paper/paper-set2 (36).npy
the-finger,the-finger_2252,val,./data/raw/FullLabelled/the-finger/the-finger_2252.jpg,./dataset/skeleton_final_v2/the-finger/the-finger_2252.npy
ok,ok_Set2_ (73),val,./data/raw/FullLabelled/ok/ok_Set2_ (73).jpg,./dataset/skeleton_final_v2/ok/ok_Set2_ (73).npy
paper,paper_7138,val,./data/raw/FullLabelled/paper/paper_7138.jpg,./dataset/skeleton_final_v2/paper/paper_7138.npy
scissors,scissors-set2 (8),val,./data/raw/FullLabelled/scissors/scissors-set2 (8).jpg,./dataset/skeleton_final_v2/scissors/scissors-set2 (8).npy
rock,rock_6317,val,./data/raw/FullLabelled/rock/rock_6317.jpg,./dataset/skeleton_final_v2/rock/rock_6317.npy
ok,ok_Set2_ (369),val,./data/raw/FullLabelled/ok/ok_Set2_ (369).jpg,./dataset/skeleton_final_v2/ok/ok_Set2_ (369).npy
paper,paper_2475,val,./data/raw/FullLabelled/paper/paper_2475.jpg,./dataset/skeleton_final_v2/paper/paper_2475.npy
rock,rock-set2 (67),val,./data/raw/FullLabelled/rock/rock-set2 (67).jpg,./dataset/skeleton_final_v2/rock/rock-set2 (67).npy
ok,ok_4981,val,./data/raw/FullLabelled/ok/ok_4981.jpg,./dataset/skeleton_final_v2/ok/ok_4981.npy
ok,ok_1550,val,./data/raw/FullLabelled/ok/ok_1550.jpg,./dataset/skeleton_final_v2/ok/ok_1550.npy
scissors,scissors-set2 (717),val,./data/raw/FullLabelled/scissors/scissors-set2 (717).jpg,./dataset/skeleton_final_v2/scissors/scissors-set2 (717).npy
the-finger,the-finger-set2 (223),val,./data/raw/FullLabelled/the-finger/the-finger-set2 (223).jpg,./dataset/skeleton_final_v2/the-finger/the-finger-set2 (223).npy
scissors,scissors_3907,val,./data/raw/FullLabelled/scissors/scissors_3907.jpg,./dataset/skeleton_final_v2/scissors/scissors_3907.npy
rock,rock-set2 (35),val,./data/raw/FullLabelled/rock/rock-set2 (35).jpg,./dataset/skeleton_final_v2/rock/rock-set2 (35).npy
paper,paper_733,val,./data/raw/FullLabelled/paper/paper_733.jpg,./dataset/skeleton_final_v2/paper/paper_733.npy
ok,ok (85),val,./data/raw/FullLabelled/ok/ok (85).jpg,./dataset/skeleton_final_v2/ok/ok (85).npy
paper,paper_3672,val,./data/raw/FullLabelled/paper/paper_3672.jpg,./dataset/skeleton_final_v2/paper/paper_3672.npy
ok,ok_5263,val,./data/raw/FullLabelled/ok/ok_5263.jpg,./dataset/skeleton_final_v2/ok/ok_5263.npy
paper,paper-set2 (326),val,./data/raw/FullLabelled/paper/paper-set2 (326).jpg,./dataset/skeleton_final_v2/paper/paper-set2 (326).npy
rock,rock-set2 (349),val,./data/raw/FullLabelled/rock/rock-set2 (349).jpg,./dataset/skeleton_final_v2/rock/rock-set2 (349).npy
scissors,scissors-set2 (173),val,./data/raw/FullLabelled/scissors/scissors-set2 (173).jpg,./dataset/skeleton_final_v2/scissors/scissors-set2 (173).npy
scissors,scissors_1891,val,./data/raw/FullLabelled/scissors/scissors_1891.jpg,./dataset/skeleton_final_v2/scissors/scissors_1891.npy
ok,ok_Set2_ (389),val,./data/raw/FullLabelled/ok/ok_Set2_ (389).jpg,./dataset/skeleton_final_v2/ok/ok_Set2_ (389).npy
scissors,scissors (150),val,./data/raw/FullLabelled/scissors/scissors (150).jpg,./dataset/skeleton_final_v2/scissors/scissors (150).npy
scissors,scissors-set2 (138),val,./data/raw/FullLabelled/scissors/scissors-set2 (138).jpg,./dataset/skeleton_final_v2/scissors/scissors-set2 (138).npy
ok,ok_2007,val,./data/raw/FullLabelled/ok/ok_2007.jpg,./dataset/skeleton_final_v2/ok/ok_2007.npy
scissors,scissors_56,val,./data/raw/FullLabelled/scissors/scissors_56.jpg,./dataset/skeleton_final_v2/scissors/scissors_56.npy
scissors,scissors (176),val,./data/raw/FullLabelled/scissors/scissors (176).jpg,./dataset/skeleton_final_v2/scissors/scissors (176).npy
paper,paper-set2 (34),val,./data/raw/FullLabelled/paper/paper-set2 (34).jpg,./dataset/skeleton_final_v2/paper/paper-set2 (34).npy
scissors,scissors-set2 (588),val,./data/raw/FullLabelled/scissors/scissors-set2 (588).jpg,./dataset/skeleton_final_v2/scissors/scissors-set2 (588).npy
ok,ok_Set2_ (410),val,./data/raw/FullLabelled/ok/ok_Set2_ (410).jpg,./dataset/skeleton_final_v2/ok/ok_Set2_ (410).npy
the-finger,the-finger_6069,val,./data/raw/FullLabelled/the-finger/the-finger_6069.jpg,./dataset/skeleton_final_v2/the-finger/the-finger_6069.npy
scissors,scissors_5237,val,./data/raw/FullLabelled/scissors/scissors_5237.jpg,./dataset/skeleton_final_v2/scissors/scissors_5237.npy
the-finger,the-finger_5368,val,./data/raw/FullLabelled/the-finger/the-finger_5368.jpg,./dataset/skeleton_final_v2/the-finger/the-finger_5368.npy
paper,paper_6939,val,./data/raw/FullLabelled/paper/paper_6939.jpg,./dataset/skeleton_final_v2/paper/paper_6939.npy
paper,paper_2493,val,./data/raw/FullLabelled/paper/paper_2493.jpg,./dataset/skeleton_final_v2/paper/paper_2493.npy
paper,paper_6529,val,./data/raw/FullLabelled/paper/paper_6529.jpg,./dataset/skeleton_final_v2/paper/paper_6529.npy
paper,paper (16),val,./data/raw/FullLabelled/paper/paper (16).jpg,./dataset/skeleton_final_v2/paper/paper (16).npy
paper,paper_3638,val,./data/raw/FullLabelled/paper/paper_3638.jpg,./dataset/skeleton_final_v2/paper/paper_3638.npy
scissors,scissors-set2 (271),val,./data/raw/FullLabelled/scissors/scissors-set2 (271).jpg,./dataset/skeleton_final_v2/scissors/scissors-set2 (271).npy
scissors,scissors-set2 (546),val,./data/raw/FullLabelled/scissors/scissors-set2 (546).jpg,./dataset/skeleton_final_v2/scissors/scissors-set2 (546).npy
ok,ok_2701,val,./data/raw/FullLabelled/ok/ok_2701.jpg,./dataset/skeleton_final_v2/ok/ok_2701.npy
ok,ok_4056,val,./data/raw/FullLabelled/ok/ok_4056.jpg,./dataset/skeleton_final_v2/ok/ok_4056.npy
scissors,scissors (384),val,./data/raw/FullLabelled/scissors/scissors (384).jpg,./dataset/skeleton_final_v2/scissors/scissors (384).npy
scissors,scissors-set2 (666),val,./data/raw/FullLabelled/scissors/scissors-set2 (666).jpg,./dataset/skeleton_final_v2/scissors/scissors-set2 (666).npy
scissors,scissors-set2 (322),val,./data/raw/FullLabelled/scissors/scissors-set2 (322).jpg,./dataset/skeleton_final_v2/scissors/scissors-set2 (322).npy
ok,ok_Set2_ (327),val,./data/raw/FullLabelled/ok/ok_Set2_ (327).jpg,./dataset/skeleton_final_v2/ok/ok_Set2_ (327).npy
ok,ok (214),val,./data/raw/FullLabelled/ok/ok (214).jpg,./dataset/skeleton_final_v2/ok/ok (214).npy
paper,paper-set2 (153),val,./data/raw/FullLabelled/paper/paper-set2 (153).jpg,./dataset/skeleton_final_v2/paper/paper-set2 (153).npy
ok,ok_Set2_ (417),val,./data/raw/FullLabelled/ok/ok_Set2_ (417).jpg,./dataset/skeleton_final_v2/ok/ok_Set2_ (417).npy
ok,ok (61),val,./data/raw/FullLabelled/ok/ok (61).jpg,./dataset/skeleton_final_v2/ok/ok (61).npy
scissors,scissors (477),val,./data/raw/FullLabelled/scissors/scissors (477).jpg,./dataset/skeleton_final_v2/scissors/scissors (477).npy
scissors,scissors_2691,val,./data/raw/FullLabelled/scissors/scissors_2691.jpg,./dataset/skeleton_final_v2/scissors/scissors_2691.npy
scissors,scissors (377),val,./data/raw/FullLabelled/scissors/scissors (377).jpg,./dataset/skeleton_final_v2/scissors/scissors (377).npy
paper,paper_6134,val,./data/raw/FullLabelled/paper/paper_6134.jpg,./dataset/skeleton_final_v2/paper/paper_6134.npy
paper,paper-set2 (380),val,./data/raw/FullLabelled/paper/paper-set2 (380).jpg,./dataset/skeleton_final_v2/paper/paper-set2 (380).npy
paper,paper_4570,val,./data/raw/FullLabelled/paper/paper_4570.jpg,./dataset/skeleton_final_v2/paper/paper_4570.npy
ok,ok_1560,val,./data/raw/FullLabelled/ok/ok_1560.jpg,./dataset/skeleton_final_v2/ok/ok_1560.npy
scissors,scissors_7338,val,./data/raw/FullLabelled/scissors/scissors_7338.jpg,./dataset/skeleton_final_v2/scissors/scissors_7338.npy
ok,ok_Set2_ (504),val,./data/raw/FullLabelled/ok/ok_Set2_ (504).jpg,./dataset/skeleton_final_v2/ok/ok_Set2_ (504).npy
ok,ok_Set2_ (210),val,./data/raw/FullLabelled/ok/ok_Set2_ (210).jpg,./dataset/skeleton_final_v2/ok/ok_Set2_ (210).npy
ok,ok_5963,val,./data/raw/FullLabelled/ok/ok_5963.jpg,./dataset/skeleton_final_v2/ok/ok_5963.npy
scissors,scissors-set2 (440),val,./data/raw/FullLabelled/scissors/scissors-set2 (440).jpg,./dataset/skeleton_final_v2/scissors/scissors-set2 (440).npy
the-finger,the-finger-set2 (101),val,./data/raw/FullLabelled/the-finger/the-finger-set2 (101).jpg,./dataset/skeleton_final_v2/the-finger/the-finger-set2 (101).npy
scissors,scissors (42),val,./data/raw/FullLabelled/scissors/scissors (42).jpg,./dataset/skeleton_final_v2/scissors/scissors (42).npy
scissors,scissors-set2 (336),val,./data/raw/FullLabelled/scissors/scissors-set2 (336).jpg,./dataset/skeleton_final_v2/scissors/scissors-set2 (336).npy
scissors,scissors (53),val,./data/raw/FullLabelled/scissors/scissors (53).jpg,./dataset/skeleton_final_v2/scissors/scissors (53).npy
scissors,scissors-set2 (511),val,./data/raw/FullLabelled/scissors/scissors-set2 (511).jpg,./dataset/skeleton_final_v2/scissors/scissors-set2 (511).npy
paper,paper_747,val,./data/raw/FullLabelled/paper/paper_747.jpg,./dataset/skeleton_final_v2/paper/paper_747.npy
scissors,scissors-set2 (167),val,./data/raw/FullLabelled/scissors/scissors-set2 (167).jpg,./dataset/skeleton_final_v2/scissors/scissors-set2 (167).npy
the-finger,the-finger-set2 (190),val,./data/raw/FullLabelled/the-finger/the-finger-set2 (190).jpg,./dataset/skeleton_final_v2/the-finger/the-finger-set2 (190).npy
scissors,scissors (448),val,./data/raw/FullLabelled/scissors/scissors (448).jpg,./dataset/skeleton_final_v2/scissors/scissors (448).npy
paper,paper_6343,val,./data/raw/FullLabelled/paper/paper_6343.jpg,./dataset/skeleton_final_v2/paper/paper_6343.npy
paper,paper (245),val,./data/raw/FullLabelled/paper/paper (245).jpg,./dataset/skeleton_final_v2/paper/paper (245).npy
scissors,scissors_3865,val,./data/raw/FullLabelled/scissors/scissors_3865.jpg,./dataset/skeleton_final_v2/scissors/scissors_3865.npy
the-finger,the-finger (56),val,./data/raw/FullLabelled/the-finger/the-finger (56).jpg,./dataset/skeleton_final_v2/the-finger/the-finger (56).npy
paper,paper-set2 (324),val,./data/raw/FullLabelled/paper/paper-set2 (324).jpg,./dataset/skeleton_final_v2/paper/paper-set2 (324).npy
ok,ok (18),val,./data/raw/FullLabelled/ok/ok (18).jpg,./dataset/skeleton_final_v2/ok/ok (18).npy
rock,rock-set2 (527),val,./data/raw/FullLabelled/rock/rock-set2 (527).jpg,./dataset/skeleton_final_v2/rock/rock-set2 (527).npy
scissors,scissors-set2 (701),val,./data/raw/FullLabelled/scissors/scissors-set2 (701).jpg,./dataset/skeleton_final_v2/scissors/scissors-set2 (701).npy
paper,paper_5895,val,./data/raw/FullLabelled/paper/paper_5895.jpg,./dataset/skeleton_final_v2/paper/paper_5895.npy
ok,ok_Set2_ (495),val,./data/raw/FullLabelled/ok/ok_Set2_ (495).jpg,./dataset/skeleton_final_v2/ok/ok_Set2_ (495).npy
scissors,scissors-set2 (589),val,./data/raw/FullLabelled/scissors/scissors-set2 (589).jpg,./dataset/skeleton_final_v2/scissors/scissors-set2 (589).npy
scissors,scissors-set2 (338),val,./data/raw/FullLabelled/scissors/scissors-set2 (338).jpg,./dataset/skeleton_final_v2/scissors/scissors-set2 (338).npy
the-finger,the-finger-set2 (244),val,./data/raw/FullLabelled/the-finger/the-finger-set2 (244).jpg,./dataset/skeleton_final_v2/the-finger/the-finger-set2 (244).npy
paper,paper-set2 (412),val,./data/raw/FullLabelled/paper/paper-set2 (412).jpg,./dataset/skeleton_final_v2/paper/paper-set2 (412).npy
scissors,scissors_1881,val,./data/raw/FullLabelled/scissors/scissors_1881.jpg,./dataset/skeleton_final_v2/scissors/scissors_1881.npy
paper,paper-set2 (343),val,./data/raw/FullLabelled/paper/paper-set2 (343).jpg,./dataset/skeleton_final_v2/paper/paper-set2 (343).npy
the-finger,the-finger_7500,val,./data/raw/FullLabelled/the-finger/the-finger_7500.jpg,./dataset/skeleton_final_v2/the-finger/the-finger_7500.npy
rock,rock_690,val,./data/raw/FullLabelled/rock/rock_690.jpg,./dataset/skeleton_final_v2/rock/rock_690.npy
paper,paper-set2 (387),val,./data/raw/FullLabelled/paper/paper-set2 (387).jpg,./dataset/skeleton_final_v2/paper/paper-set2 (387).npy
paper,paper_1043,val,./data/raw/FullLabelled/paper/paper_1043.jpg,./dataset/skeleton_final_v2/paper/paper_1043.npy
the-finger,the-finger-set2 (148),val,./data/raw/FullLabelled/the-finger/the-finger-set2 (148).jpg,./dataset/skeleton_final_v2/the-finger/the-finger-set2 (148).npy
ok,ok_1987,val,./data/raw/FullLabelled/ok/ok_1987.jpg,./dataset/skeleton_final_v2/ok/ok_1987.npy
scissors,scissors (10),val,./data/raw/FullLabelled/scissors/scissors (10).jpg,./dataset/skeleton_final_v2/scissors/scissors (10).npy
ok,ok_Set2_ (371),val,./data/raw/FullLabelled/ok/ok_Set2_ (371).jpg,./dataset/skeleton_final_v2/ok/ok_Set2_ (371).npy
scissors,scissors-set2 (83),val,./data/raw/FullLabelled/scissors/scissors-set2 (83).jpg,./dataset/skeleton_final_v2/scissors/scissors-set2 (83).npy
paper,paper (291),val,./data/raw/FullLabelled/paper/paper (291).jpg,./dataset/skeleton_final_v2/paper/paper (291).npy
ok,ok_5562,val,./data/raw/FullLabelled/ok/ok_5562.jpg,./dataset/skeleton_final_v2/ok/ok_5562.npy
paper,paper_1049,val,./data/raw/FullLabelled/paper/paper_1049.jpg,./dataset/skeleton_final_v2/paper/paper_1049.npy
the-finger,the-finger (14),val,./data/raw/FullLabelled/the-finger/the-finger (14).jpg,./dataset/skeleton_final_v2/the-finger/the-finger (14).npy
ok,ok_77,val,./data/raw/FullLabelled/ok/ok_77.jpg,./dataset/skeleton_final_v2/ok/ok_77.npy
paper,paper (246),val,./data/raw/FullLabelled/paper/paper (246).jpg,./dataset/skeleton_final_v2/paper/paper (246).npy
scissors,scissors-set2 (196),val,./data/raw/FullLabelled/scissors/scissors-set2 (196).jpg,./dataset/skeleton_final_v2/scissors/scissors-set2 (196).npy
scissors,scissors_4657,val,./data/raw/FullLabelled/scissors/scissors_4657.jpg,./dataset/skeleton_final_v2/scissors/scissors_4657.npy
rock,rock_7530,val,./data/raw/FullLabelled/rock/rock_7530.jpg,./dataset/skeleton_final_v2/rock/rock_7530.npy
rock,rock-set2 (177),val,./data/raw/FullLabelled/rock/rock-set2 (177).jpg,./dataset/skeleton_final_v2/rock/rock-set2 (177).npy
scissors,scissors (121),val,./data/raw/FullLabelled/scissors/scissors (121).jpg,./dataset/skeleton_final_v2/scissors/scissors (121).npy
paper,paper (80),val,./data/raw/FullLabelled/paper/paper (80).jpg,./dataset/skeleton_final_v2/paper/paper (80).npy
ok,ok_Set2_ (5),val,./data/raw/FullLabelled/ok/ok_Set2_ (5).jpg,./dataset/skeleton_final_v2/ok/ok_Set2_ (5).npy
ok,ok_5774,val,./data/raw/FullLabelled/ok/ok_5774.jpg,./dataset/skeleton_final_v2/ok/ok_5774.npy
scissors,scissors (144),val,./data/raw/FullLabelled/scissors/scissors (144).jpg,./dataset/skeleton_final_v2/scissors/scissors (144).npy
paper,paper_5150,val,./data/raw/FullLabelled/paper/paper_5150.jpg,./dataset/skeleton_final_v2/paper/paper_5150.npy
ok,ok_8042,val,./data/raw/FullLabelled/ok/ok_8042.jpg,./dataset/skeleton_final_v2/ok/ok_8042.npy
paper,paper-set2 (137),val,./data/raw/FullLabelled/paper/paper-set2 (137).jpg,./dataset/skeleton_final_v2/paper/paper-set2 (137).npy
ok,ok_5554,val,./data/raw/FullLabelled/ok/ok_5554.jpg,./dataset/skeleton_final_v2/ok/ok_5554.npy
the-finger,the-finger-set2 (137),val,./data/raw/FullLabelled/the-finger/the-finger-set2 (137).jpg,./dataset/skeleton_final_v2/the-finger/the-finger-set2 (137).npy
paper,paper_3738,val,./data/raw/FullLabelled/paper/paper_3738.jpg,./dataset/skeleton_final_v2/paper/paper_3738.npy
paper,paper (211),val,./data/raw/FullLabelled/paper/paper (211).jpg,./dataset/skeleton_final_v2/paper/paper (211).npy
the-finger,the-finger-set2 (415),val,./data/raw/FullLabelled/the-finger/the-finger-set2 (415).jpg,./dataset/skeleton_final_v2/the-finger/the-finger-set2 (415).npy
ok,ok_Set2_ (339),val,./data/raw/FullLabelled/ok/ok_Set2_ (339).jpg,./dataset/skeleton_final_v2/ok/ok_Set2_ (339).npy
ok,ok_Set2_ (224),val,./data/raw/FullLabelled/ok/ok_Set2_ (224).jpg,./dataset/skeleton_final_v2/ok/ok_Set2_ (224).npy
scissors,scissors_6379,val,./data/raw/FullLabelled/scissors/scissors_6379.jpg,./dataset/skeleton_final_v2/scissors/scissors_6379.npy
scissors,scissors-set2 (308),val,./data/raw/FullLabelled/scissors/scissors-set2 (308).jpg,./dataset/skeleton_final_v2/scissors/scissors-set2 (308).npy
ok,ok_Set2_ (491),val,./data/raw/FullLabelled/ok/ok_Set2_ (491).jpg,./dataset/skeleton_final_v2/ok/ok_Set2_ (491).npy
rock,rock_260,val,./data/raw/FullLabelled/rock/rock_260.jpg,./dataset/skeleton_final_v2/rock/rock_260.npy
the-finger,the-finger-set2 (91),val,./data/raw/FullLabelled/the-finger/the-finger-set2 (91).jpg,./dataset/skeleton_final_v2/the-finger/the-finger-set2 (91).npy
the-finger,the-finger_3454,val,./data/raw/FullLabelled/the-finger/the-finger_3454.jpg,./dataset/skeleton_final_v2/the-finger/the-finger_3454.npy
the-finger,the-finger_3464,val,./data/raw/FullLabelled/the-finger/the-finger_3464.jpg,./dataset/skeleton_final_v2/the-finger/the-finger_3464.npy
scissors,scissors-set2 (542),val,./data/raw/FullLabelled/scissors/scissors-set2 (542).jpg,./dataset/skeleton_final_v2/scissors/scissors-set2 (542).npy
the-finger,the-finger-set2 (87),val,./data/raw/FullLabelled/the-finger/the-finger-set2 (87).jpg,./dataset/skeleton_final_v2/the-finger/the-finger-set2 (87).npy
rock,rock-set2 (146),val,./data/raw/FullLabelled/rock/rock-set2 (146).jpg,./dataset/skeleton_final_v2/rock/rock-set2 (146).npy
scissors,scissors-set2 (478),val,./data/raw/FullLabelled/scissors/scissors-set2 (478).jpg,./dataset/skeleton_final_v2/scissors/scissors-set2 (478).npy
scissors,scissors (463),val,./data/raw/FullLabelled/scissors/scissors (463).jpg,./dataset/skeleton_final_v2/scissors/scissors (463).npy
ok,ok_Set2_ (125),val,./data/raw/FullLabelled/ok/ok_Set2_ (125).jpg,./dataset/skeleton_final_v2/ok/ok_Set2_ (125).npy
ok,ok_1989,val,./data/raw/FullLabelled/ok/ok_1989.jpg,./dataset/skeleton_final_v2/ok/ok_1989.npy
scissors,scissors (96),val,./data/raw/FullLabelled/scissors/scissors (96).jpg,./dataset/skeleton_final_v2/scissors/scissors (96).npy
paper,paper_2477,val,./data/raw/FullLabelled/paper/paper_2477.jpg,./dataset/skeleton_final_v2/paper/paper_2477.npy
ok,ok (133),val,./data/raw/FullLabelled/ok/ok (133).jpg,./dataset/skeleton_final_v2/ok/ok (133).npy
scissors,scissors_7653,val,./data/raw/FullLabelled/scissors/scissors_7653.jpg,./dataset/skeleton_final_v2/scissors/scissors_7653.npy
scissors,scissors-set2 (705),val,./data/raw/FullLabelled/scissors/scissors-set2 (705).jpg,./dataset/skeleton_final_v2/scissors/scissors-set2 (705).npy
ok,ok_2963,val,./data/raw/FullLabelled/ok/ok_2963.jpg,./dataset/skeleton_final_v2/ok/ok_2963.npy
the-finger,the-finger (81),val,./data/raw/FullLabelled/the-finger/the-finger (81).jpg,./dataset/skeleton_final_v2/the-finger/the-finger (81).npy
scissors,scissors-set2 (297),val,./data/raw/FullLabelled/scissors/scissors-set2 (297).jpg,./dataset/skeleton_final_v2/scissors/scissors-set2 (297).npy
paper,paper_7158,val,./data/raw/FullLabelled/paper/paper_7158.jpg,./dataset/skeleton_final_v2/paper/paper_7158.npy
ok,ok_Set2_ (345),val,./data/raw/FullLabelled/ok/ok_Set2_ (345).jpg,./dataset/skeleton_final_v2/ok/ok_Set2_ (345).npy
ok,ok_3976,val,./data/raw/FullLabelled/ok/ok_3976.jpg,./dataset/skeleton_final_v2/ok/ok_3976.npy
paper,paper (268),val,./data/raw/FullLabelled/paper/paper (268).jpg,./dataset/skeleton_final_v2/paper/paper (268).npy
paper,paper (232),val,./data/raw/FullLabelled/paper/paper (232).jpg,./dataset/skeleton_final_v2/paper/paper (232).npy
paper,paper_3648,val,./data/raw/FullLabelled/paper/paper_3648.jpg,./dataset/skeleton_final_v2/paper/paper_3648.npy
scissors,scissors_4649,val,./data/raw/FullLabelled/scissors/scissors_4649.jpg,./dataset/skeleton_final_v2/scissors/scissors_4649.npy
paper,paper_3820,val,./data/raw/FullLabelled/paper/paper_3820.jpg,./dataset/skeleton_final_v2/paper/paper_3820.npy
the-finger,the-finger (157),val,./data/raw/FullLabelled/the-finger/the-finger (157).jpg,./dataset/skeleton_final_v2/the-finger/the-finger (157).npy
scissors,scissors-set2 (431),val,./data/raw/FullLabelled/scissors/scissors-set2 (431).jpg,./dataset/skeleton_final_v2/scissors/scissors-set2 (431).npy
the-finger,the-finger_3519,val,./data/raw/FullLabelled/the-finger/the-finger_3519.jpg,./dataset/skeleton_final_v2/the-finger/the-finger_3519.npy
scissors,scissors (120),val,./data/raw/FullLabelled/scissors/scissors (120).jpg,./dataset/skeleton_final_v2/scissors/scissors (120).npy
ok,ok_Set2_ (455),val,./data/raw/FullLabelled/ok/ok_Set2_ (455).jpg,./dataset/skeleton_final_v2/ok/ok_Set2_ (455).npy
the-finger,the-finger-set2 (427),val,./data/raw/FullLabelled/the-finger/the-finger-set2 (427).jpg,./dataset/skeleton_final_v2/the-finger/the-finger-set2 (427).npy
ok,ok_Set2_ (340),val,./data/raw/FullLabelled/ok/ok_Set2_ (340).jpg,./dataset/skeleton_final_v2/ok/ok_Set2_ (340).npy
scissors,scissors-set2 (507),val,./data/raw/FullLabelled/scissors/scissors-set2 (507).jpg,./dataset/skeleton_final_v2/scissors/scissors-set2 (507).npy
ok,ok_Set2_ (221),val,./data/raw/FullLabelled/ok/ok_Set2_ (221).jpg,./dataset/skeleton_final_v2/ok/ok_Set2_ (221).npy
scissors,scissors_5196,val,./data/raw/FullLabelled/scissors/scissors_5196.jpg,./dataset/skeleton_final_v2/scissors/scissors_5196.npy
ok,ok_87,val,./data/raw/FullLabelled/ok/ok_87.jpg,./dataset/skeleton_final_v2/ok/ok_87.npy
paper,paper-set2 (500),val,./data/raw/FullLabelled/paper/paper-set2 (500).jpg,./dataset/skeleton_final_v2/paper/paper-set2 (500).npy
paper,paper (213),val,./data/raw/FullLabelled/paper/paper (213).jpg,./dataset/skeleton_final_v2/paper/paper (213).npy
ok,ok_Set2_ (304),val,./data/raw/FullLabelled/ok/ok_Set2_ (304).jpg,./dataset/skeleton_final_v2/ok/ok_Set2_ (304).npy
paper,paper_360,val,./data/raw/FullLabelled/paper/paper_360.jpg,./dataset/skeleton_final_v2/paper/paper_360.npy
the-finger,the-finger_7492,val,./data/raw/FullLabelled/the-finger/the-finger_7492.jpg,./dataset/skeleton_final_v2/the-finger/the-finger_7492.npy
the-finger,the-finger_581,val,./data/raw/FullLabelled/the-finger/the-finger_581.jpg,./dataset/skeleton_final_v2/the-finger/the-finger_581.npy
paper,paper_7579,val,./data/raw/FullLabelled/paper/paper_7579.jpg,./dataset/skeleton_final_v2/paper/paper_7579.npy
the-finger,the-finger (93),val,./data/raw/FullLabelled/the-finger/the-finger (93).jpg,./dataset/skeleton_final_v2/the-finger/the-finger (93).npy
scissors,scissors-set2 (3),val,./data/raw/FullLabelled/scissors/scissors-set2 (3).jpg,./dataset/skeleton_final_v2/scissors/scissors-set2 (3).npy
paper,paper (136),val,./data/raw/FullLabelled/paper/paper (136).jpg,./dataset/skeleton_final_v2/paper/paper (136).npy
paper,paper-set2 (79),val,./data/raw/FullLabelled/paper/paper-set2 (79).jpg,./dataset/skeleton_final_v2/paper/paper-set2 (79).npy
scissors,scissors (118),val,./data/raw/FullLabelled/scissors/scissors (118).jpg,./dataset/skeleton_final_v2/scissors/scissors (118).npy
scissors,scissors-set2 (135),val,./data/raw/FullLabelled/scissors/scissors-set2 (135).jpg,./dataset/skeleton_final_v2/scissors/scissors-set2 (135).npy
scissors,scissors (39),val,./data/raw/FullLabelled/scissors/scissors (39).jpg,./dataset/skeleton_final_v2/scissors/scissors (39).npy
scissors,scissors (288),val,./data/raw/FullLabelled/scissors/scissors (288).jpg,./dataset/skeleton_final_v2/scissors/scissors (288).npy
scissors,scissors_6365,val,./data/raw/FullLabelled/scissors/scissors_6365.jpg,./dataset/skeleton_final_v2/scissors/scissors_6365.npy
scissors,scissors (258),val,./data/raw/FullLabelled/scissors/scissors (258).jpg,./dataset/skeleton_final_v2/scissors/scissors (258).npy
scissors,scissors_7331,val,./data/raw/FullLabelled/scissors/scissors_7331.jpg,./dataset/skeleton_final_v2/scissors/scissors_7331.npy
scissors,scissors (402),val,./data/raw/FullLabelled/scissors/scissors (402).jpg,./dataset/skeleton_final_v2/scissors/scissors (402).npy
the-finger,the-finger_5372,val,./data/raw/FullLabelled/the-finger/the-finger_5372.jpg,./dataset/skeleton_final_v2/the-finger/the-finger_5372.npy
paper,paper (202),val,./data/raw/FullLabelled/paper/paper (202).jpg,./dataset/skeleton_final_v2/paper/paper (202).npy
paper,paper_6133,val,./data/raw/FullLabelled/paper/paper_6133.jpg,./dataset/skeleton_final_v2/paper/paper_6133.npy
paper,paper-set2 (105),val,./data/raw/FullLabelled/paper/paper-set2 (105).jpg,./dataset/skeleton_final_v2/paper/paper-set2 (105).npy
the-finger,the-finger-set2 (372),val,./data/raw/FullLabelled/the-finger/the-finger-set2 (372).jpg,./dataset/skeleton_final_v2/the-finger/the-finger-set2 (372).npy
ok,ok (262),val,./data/raw/FullLabelled/ok/ok (262).jpg,./dataset/skeleton_final_v2/ok/ok (262).npy
rock,rock_682,val,./data/raw/FullLabelled/rock/rock_682.jpg,./dataset/skeleton_final_v2/rock/rock_682.npy
paper,paper-set2 (453),val,./data/raw/FullLabelled/paper/paper-set2 (453).jpg,./dataset/skeleton_final_v2/paper/paper-set2 (453).npy
scissors,scissors_7179,val,./data/raw/FullLabelled/scissors/scissors_7179.jpg,./dataset/skeleton_final_v2/scissors/scissors_7179.npy
scissors,scissors (139),val,./data/raw/FullLabelled/scissors/scissors (139).jpg,./dataset/skeleton_final_v2/scissors/scissors (139).npy
scissors,scissors (413),val,./data/raw/FullLabelled/scissors/scissors (413).jpg,./dataset/skeleton_final_v2/scissors/scissors (413).npy
ok,ok (121),val,./data/raw/FullLabelled/ok/ok (121).jpg,./dataset/skeleton_final_v2/ok/ok (121).npy
scissors,scissors-set2 (422),val,./data/raw/FullLabelled/scissors/scissors-set2 (422).jpg,./dataset/skeleton_final_v2/scissors/scissors-set2 (422).npy
the-finger,the-finger_9470,val,./data/raw/FullLabelled/the-finger/the-finger_9470.jpg,./dataset/skeleton_final_v2/the-finger/the-finger_9470.npy
paper,paper_6347,val,./data/raw/FullLabelled/paper/paper_6347.jpg,./dataset/skeleton_final_v2/paper/paper_6347.npy
scissors,scissors-set2 (606),val,./data/raw/FullLabelled/scissors/scissors-set2 (606).jpg,./dataset/skeleton_final_v2/scissors/scissors-set2 (606).npy
scissors,scissors (281),val,./data/raw/FullLabelled/scissors/scissors (281).jpg,./dataset/skeleton_final_v2/scissors/scissors (281).npy
scissors,scissors-set2 (370),val,./data/raw/FullLabelled/scissors/scissors-set2 (370).jpg,./dataset/skeleton_final_v2/scissors/scissors-set2 (370).npy
scissors,scissors-set2 (278),val,./data/raw/FullLabelled/scissors/scissors-set2 (278).jpg,./dataset/skeleton_final_v2/scissors/scissors-set2 (278).npy
paper,paper (5),val,./data/raw/FullLabelled/paper/paper (5).jpg,./dataset/skeleton_final_v2/paper/paper (5).npy
ok,ok_Set2_ (32),val,./data/raw/FullLabelled/ok/ok_Set2_ (32).jpg,./dataset/skeleton_final_v2/ok/ok_Set2_ (32).npy
scissors,scissors-set2 (227),val,./data/raw/FullLabelled/scissors/scissors-set2 (227).jpg,./dataset/skeleton_final_v2/scissors/scissors-set2 (227).npy
rock,rock-set2 (350),val,./data/raw/FullLabelled/rock/rock-set2 (350).jpg,./dataset/skeleton_final_v2/rock/rock-set2 (350).npy
paper,paper_7928,val,./data/raw/FullLabelled/paper/paper_7928.jpg,./dataset/skeleton_final_v2/paper/paper_7928.npy
ok,ok (6),val,./data/raw/FullLabelled/ok/ok (6).jpg,./dataset/skeleton_final_v2/ok/ok (6).npy
paper,paper_1039,val,./data/raw/FullLabelled/paper/paper_1039.jpg,./dataset/skeleton_final_v2/paper/paper_1039.npy
paper,paper-set2 (478),val,./data/raw/FullLabelled/paper/paper-set2 (478).jpg,./dataset/skeleton_final_v2/paper/paper-set2 (478).npy
ok,ok_Set2_ (154),val,./data/raw/FullLabelled/ok/ok_Set2_ (154).jpg,./dataset/skeleton_final_v2/ok/ok_Set2_ (154).npy
ok,ok (208),val,./data/raw/FullLabelled/ok/ok (208).jpg,./dataset/skeleton_final_v2/ok/ok (208).npy
scissors,scissors_763,val,./data/raw/FullLabelled/scissors/scissors_763.jpg,./dataset/skeleton_final_v2/scissors/scissors_763.npy
paper,paper-set2 (179),val,./data/raw/FullLabelled/paper/paper-set2 (179).jpg,./dataset/skeleton_final_v2/paper/paper-set2 (179).npy
ok,ok_Set2_ (54),val,./data/raw/FullLabelled/ok/ok_Set2_ (54).jpg,./dataset/skeleton_final_v2/ok/ok_Set2_ (54).npy
the-finger,the-finger-set2 (28),val,./data/raw/FullLabelled/the-finger/the-finger-set2 (28).jpg,./dataset/skeleton_final_v2/the-finger/the-finger-set2 (28).npy
scissors,scissors-set2 (94),val,./data/raw/FullLabelled/scissors/scissors-set2 (94).jpg,./dataset/skeleton_final_v2/scissors/scissors-set2 (94).npy
ok,ok_Set2_ (159),val,./data/raw/FullLabelled/ok/ok_Set2_ (159).jpg,./dataset/skeleton_final_v2/ok/ok_Set2_ (159).npy
the-finger,the-finger (160),val,./data/raw/FullLabelled/the-finger/the-finger (160).jpg,./dataset/skeleton_final_v2/the-finger/the-finger (160).npy
ok,ok_2908,val,./data/raw/FullLabelled/ok/ok_2908.jpg,./dataset/skeleton_final_v2/ok/ok_2908.npy
rock,rock-set2 (7),val,./data/raw/FullLabelled/rock/rock-set2 (7).jpg,./dataset/skeleton_final_v2/rock/rock-set2 (7).npy
the-finger,the-finger_7100,val,./data/raw/FullLabelled/the-finger/the-finger_7100.jpg,./dataset/skeleton_final_v2/the-finger/the-finger_7100.npy
the-finger,the-finger (115),val,./data/raw/FullLabelled/the-finger/the-finger (115).jpg,./dataset/skeleton_final_v2/the-finger/the-finger (115).npy
paper,paper_3769,val,./data/raw/FullLabelled/paper/paper_3769.jpg,./dataset/skeleton_final_v2/paper/paper_3769.npy
the-finger,the-finger_5851,val,./data/raw/FullLabelled/the-finger/the-finger_5851.jpg,./dataset/skeleton_final_v2/the-finger/the-finger_5851.npy
the-finger,the-finger-set2 (312),val,./data/raw/FullLabelled/the-finger/the-finger-set2 (312).jpg,./dataset/skeleton_final_v2/the-finger/the-finger-set2 (312).npy
paper,paper (289),val,./data/raw/FullLabelled/paper/paper (289).jpg,./dataset/skeleton_final_v2/paper/paper (289).npy
paper,paper_1448,val,./data/raw/FullLabelled/paper/paper_1448.jpg,./dataset/skeleton_final_v2/paper/paper_1448.npy
the-finger,the-finger-set2 (240),val,./data/raw/FullLabelled/the-finger/the-finger-set2 (240).jpg,./dataset/skeleton_final_v2/the-finger/the-finger-set2 (240).npy
rock,rock (84),val,./data/raw/FullLabelled/rock/rock (84).jpg,./dataset/skeleton_final_v2/rock/rock (84).npy
scissors,scissors-set2 (414),val,./data/raw/FullLabelled/scissors/scissors-set2 (414).jpg,./dataset/skeleton_final_v2/scissors/scissors-set2 (414).npy
scissors,scissors-set2 (31),val,./data/raw/FullLabelled/scissors/scissors-set2 (31).jpg,./dataset/skeleton_final_v2/scissors/scissors-set2 (31).npy
paper,paper (132),val,./data/raw/FullLabelled/paper/paper (132).jpg,./dataset/skeleton_final_v2/paper/paper (132).npy
paper,paper-set2 (172),val,./data/raw/FullLabelled/paper/paper-set2 (172).jpg,./dataset/skeleton_final_v2/paper/paper-set2 (172).npy
scissors,scissors_8818,val,./data/raw/FullLabelled/scissors/scissors_8818.jpg,./dataset/skeleton_final_v2/scissors/scissors_8818.npy
scissors,scissors (161),val,./data/raw/FullLabelled/scissors/scissors (161).jpg,./dataset/skeleton_final_v2/scissors/scissors (161).npy
ok,ok_Set2_ (432),val,./data/raw/FullLabelled/ok/ok_Set2_ (432).jpg,./dataset/skeleton_final_v2/ok/ok_Set2_ (432).npy
scissors,scissors_9184,val,./data/raw/FullLabelled/scissors/scissors_9184.jpg,./dataset/skeleton_final_v2/scissors/scissors_9184.npy
the-finger,the-finger-set2 (356),val,./data/raw/FullLabelled/the-finger/the-finger-set2 (356).jpg,./dataset/skeleton_final_v2/the-finger/the-finger-set2 (356).npy
scissors,scissors-set2 (130),val,./data/raw/FullLabelled/scissors/scissors-set2 (130).jpg,./dataset/skeleton_final_v2/scissors/scissors-set2 (130).npy
ok,ok_Set2_ (506),val,./data/raw/FullLabelled/ok/ok_Set2_ (506).jpg,./dataset/skeleton_final_v2/ok/ok_Set2_ (506).npy
scissors,scissors_3892,val,./data/raw/FullLabelled/scissors/scissors_3892.jpg,./dataset/skeleton_final_v2/scissors/scissors_3892.npy
scissors,scissors-set2 (695),val,./data/raw/FullLabelled/scissors/scissors-set2 (695).jpg,./dataset/skeleton_final_v2/scissors/scissors-set2 (695).npy
the-finger,the-finger-set2 (226),val,./data/raw/FullLabelled/the-finger/the-finger-set2 (226).jpg,./dataset/skeleton_final_v2/the-finger/the-finger-set2 (226).npy
the-finger,the-finger (124),val,./data/raw/FullLabelled/the-finger/the-finger (124).jpg,./dataset/skeleton_final_v2/the-finger/the-finger (124).npy
the-finger,the-finger_1752,val,./data/raw/FullLabelled/the-finger/the-finger_1752.jpg,./dataset/skeleton_final_v2/the-finger/the-finger_1752.npy
the-finger,the-finger-set2 (211),val,./data/raw/FullLabelled/the-finger/the-finger-set2 (211).jpg,./dataset/skeleton_final_v2/the-finger/the-finger-set2 (211).npy
paper,paper_3675,val,./data/raw/FullLabelled/paper/paper_3675.jpg,./dataset/skeleton_final_v2/paper/paper_3675.npy
scissors,scissors_3859,val,./data/raw/FullLabelled/scissors/scissors_3859.jpg,./dataset/skeleton_final_v2/scissors/scissors_3859.npy
scissors,scissors-set2 (315),val,./data/raw/FullLabelled/scissors/scissors-set2 (315).jpg,./dataset/skeleton_final_v2/scissors/scissors-set2 (315).npy
scissors,scissors_1482,val,./data/raw/FullLabelled/scissors/scissors_1482.jpg,./dataset/skeleton_final_v2/scissors/scissors_1482.npy
scissors,scissors (320),val,./data/raw/FullLabelled/scissors/scissors (320).jpg,./dataset/skeleton_final_v2/scissors/scissors (320).npy
the-finger,the-finger-set2 (263),val,./data/raw/FullLabelled/the-finger/the-finger-set2 (263).jpg,./dataset/skeleton_final_v2/the-finger/the-finger-set2 (263).npy
ok,ok_1185,val,./data/raw/FullLabelled/ok/ok_1185.jpg,./dataset/skeleton_final_v2/ok/ok_1185.npy
paper,paper_3718,val,./data/raw/FullLabelled/paper/paper_3718.jpg,./dataset/skeleton_final_v2/paper/paper_3718.npy
paper,paper-set2 (58),val,./data/raw/FullLabelled/paper/paper-set2 (58).jpg,./dataset/skeleton_final_v2/paper/paper-set2 (58).npy
ok,ok_Set2_ (131),val,./data/raw/FullLabelled/ok/ok_Set2_ (131).jpg,./dataset/skeleton_final_v2/ok/ok_Set2_ (131).npy
the-finger,the-finger-set2 (361),val,./data/raw/FullLabelled/the-finger/the-finger-set2 (361).jpg,./dataset/skeleton_final_v2/the-finger/the-finger-set2 (361).npy
scissors,scissors-set2 (476),val,./data/raw/FullLabelled/scissors/scissors-set2 (476).jpg,./dataset/skeleton_final_v2/scissors/scissors-set2 (476).npy
the-finger,the-finger (80),val,./data/raw/FullLabelled/the-finger/the-finger (80).jpg,./dataset/skeleton_final_v2/the-finger/the-finger (80).npy
ok,ok_1542,val,./data/raw/FullLabelled/ok/ok_1542.jpg,./dataset/skeleton_final_v2/ok/ok_1542.npy
scissors,scissors-set2 (374),val,./data/raw/FullLabelled/scissors/scissors-set2 (374).jpg,./dataset/skeleton_final_v2/scissors/scissors-set2 (374).npy
ok,ok_Set2_ (451),val,./data/raw/FullLabelled/ok/ok_Set2_ (451).jpg,./dataset/skeleton_final_v2/ok/ok_Set2_ (451).npy
ok,ok_Set2_ (510),val,./data/raw/FullLabelled/ok/ok_Set2_ (510).jpg,./dataset/skeleton_final_v2/ok/ok_Set2_ (510).npy
scissors,scissors-set2 (457),val,./data/raw/FullLabelled/scissors/scissors-set2 (457).jpg,./dataset/skeleton_final_v2/scissors/scissors-set2 (457).npy
the-finger,the-finger_5380,val,./data/raw/FullLabelled/the-finger/the-finger_5380.jpg,./dataset/skeleton_final_v2/the-finger/the-finger_5380.npy
the-finger,the-finger_5840,val,./data/raw/FullLabelled/the-finger/the-finger_5840.jpg,./dataset/skeleton_final_v2/the-finger/the-finger_5840.npy
the-finger,the-finger-set2 (10),val,./data/raw/FullLabelled/the-finger/the-finger-set2 (10).jpg,./dataset/skeleton_final_v2/the-finger/the-finger-set2 (10).npy
rock,rock-set2 (4),val,./data/raw/FullLabelled/rock/rock-set2 (4).jpg,./dataset/skeleton_final_v2/rock/rock-set2 (4).npy
ok,ok_Set2_ (381),val,./data/raw/FullLabelled/ok/ok_Set2_ (381).jpg,./dataset/skeleton_final_v2/ok/ok_Set2_ (381).npy
scissors,scissors_2593,val,./data/raw/FullLabelled/scissors/scissors_2593.jpg,./dataset/skeleton_final_v2/scissors/scissors_2593.npy
ok,ok_Set2_ (559),val,./data/raw/FullLabelled/ok/ok_Set2_ (559).jpg,./dataset/skeleton_final_v2/ok/ok_Set2_ (559).npy
paper,paper_750,val,./data/raw/FullLabelled/paper/paper_750.jpg,./dataset/skeleton_final_v2/paper/paper_750.npy
ok,ok_1606,val,./data/raw/FullLabelled/ok/ok_1606.jpg,./dataset/skeleton_final_v2/ok/ok_1606.npy
scissors,scissors (94),val,./data/raw/FullLabelled/scissors/scissors (94).jpg,./dataset/skeleton_final_v2/scissors/scissors (94).npy
rock,rock (26),val,./data/raw/FullLabelled/rock/rock (26).jpg,./dataset/skeleton_final_v2/rock/rock (26).npy
the-finger,the-finger_6275,val,./data/raw/FullLabelled/the-finger/the-finger_6275.jpg,./dataset/skeleton_final_v2/the-finger/the-finger_6275.npy
rock,rock (14),val,./data/raw/FullLabelled/rock/rock (14).jpg,./dataset/skeleton_final_v2/rock/rock (14).npy
paper,paper (174),val,./data/raw/FullLabelled/paper/paper (174).jpg,./dataset/skeleton_final_v2/paper/paper (174).npy
rock,rock-set2 (421),val,./data/raw/FullLabelled/rock/rock-set2 (421).jpg,./dataset/skeleton_final_v2/rock/rock-set2 (421).npy
scissors,scissors (162),val,./data/raw/FullLabelled/scissors/scissors (162).jpg,./dataset/skeleton_final_v2/scissors/scissors (162).npy
ok,ok_5773,val,./data/raw/FullLabelled/ok/ok_5773.jpg,./dataset/skeleton_final_v2/ok/ok_5773.npy
ok,ok (101),val,./data/raw/FullLabelled/ok/ok (101).jpg,./dataset/skeleton_final_v2/ok/ok (101).npy
paper,paper_6125,val,./data/raw/FullLabelled/paper/paper_6125.jpg,./dataset/skeleton_final_v2/paper/paper_6125.npy
scissors,scissors-set2 (35),val,./data/raw/FullLabelled/scissors/scissors-set2 (35).jpg,./dataset/skeleton_final_v2/scissors/scissors-set2 (35).npy
paper,paper_3729,val,./data/raw/FullLabelled/paper/paper_3729.jpg,./dataset/skeleton_final_v2/paper/paper_3729.npy
paper,paper-set2 (270),val,./data/raw/FullLabelled/paper/paper-set2 (270).jpg,./dataset/skeleton_final_v2/paper/paper-set2 (270).npy
scissors,scissors-set2 (62),val,./data/raw/FullLabelled/scissors/scissors-set2 (62).jpg,./dataset/skeleton_final_v2/scissors/scissors-set2 (62).npy
scissors,scissors-set2 (595),val,./data/raw/FullLabelled/scissors/scissors-set2 (595).jpg,./dataset/skeleton_final_v2/scissors/scissors-set2 (595).npy
ok,ok_6989,val,./data/raw/FullLabelled/ok/ok_6989.jpg,./dataset/skeleton_final_v2/ok/ok_6989.npy
rock,rock-set2 (437),val,./data/raw/FullLabelled/rock/rock-set2 (437).jpg,./dataset/skeleton_final_v2/rock/rock-set2 (437).npy
paper,paper_6703,val,./data/raw/FullLabelled/paper/paper_6703.jpg,./dataset/skeleton_final_v2/paper/paper_6703.npy
scissors,scissors (462),val,./data/raw/FullLabelled/scissors/scissors (462).jpg,./dataset/skeleton_final_v2/scissors/scissors (462).npy
rock,rock-set2 (66),val,./data/raw/FullLabelled/rock/rock-set2 (66).jpg,./dataset/skeleton_final_v2/rock/rock-set2 (66).npy
ok,ok_Set2_ (22),val,./data/raw/FullLabelled/ok/ok_Set2_ (22).jpg,./dataset/skeleton_final_v2/ok/ok_Set2_ (22).npy
ok,ok_1608,val,./data/raw/FullLabelled/ok/ok_1608.jpg,./dataset/skeleton_final_v2/ok/ok_1608.npy
the-finger,the-finger-set2 (68),val,./data/raw/FullLabelled/the-finger/the-finger-set2 (68).jpg,./dataset/skeleton_final_v2/the-finger/the-finger-set2 (68).npy
the-finger,the-finger-set2 (384),val,./data/raw/FullLabelled/the-finger/the-finger-set2 (384).jpg,./dataset/skeleton_final_v2/the-finger/the-finger-set2 (384).npy
scissors,scissors-set2 (349),val,./data/raw/FullLabelled/scissors/scissors-set2 (349).jpg,./dataset/skeleton_final_v2/scissors/scissors-set2 (349).npy
ok,ok_Set2_ (53),val,./data/raw/FullLabelled/ok/ok_Set2_ (53).jpg,./dataset/skeleton_final_v2/ok/ok_Set2_ (53).npy
ok,ok (129),val,./data/raw/FullLabelled/ok/ok (129).jpg,./dataset/skeleton_final_v2/ok/ok (129).npy
scissors,scissors-set2 (724),val,./data/raw/FullLabelled/scissors/scissors-set2 (724).jpg,./dataset/skeleton_final_v2/scissors/scissors-set2 (724).npy
scissors,scissors-set2 (626),val,./data/raw/FullLabelled/scissors/scissors-set2 (626).jpg,./dataset/skeleton_final_v2/scissors/scissors-set2 (626).npy
rock,rock_11,val,./data/raw/FullLabelled/rock/rock_11.jpg,./dataset/skeleton_final_v2/rock/rock_11.npy
scissors,scissors-set2 (696),val,./data/raw/FullLabelled/scissors/scissors-set2 (696).jpg,./dataset/skeleton_final_v2/scissors/scissors-set2 (696).npy
ok,ok_6998,val,./data/raw/FullLabelled/ok/ok_6998.jpg,./dataset/skeleton_final_v2/ok/ok_6998.npy
ok,ok (55),val,./data/raw/FullLabelled/ok/ok (55).jpg,./dataset/skeleton_final_v2/ok/ok (55).npy
the-finger,the-finger_6070,val,./data/raw/FullLabelled/the-finger/the-finger_6070.jpg,./dataset/skeleton_final_v2/the-finger/the-finger_6070.npy
scissors,scissors_1079,val,./data/raw/FullLabelled/scissors/scissors_1079.jpg,./dataset/skeleton_final_v2/scissors/scissors_1079.npy
ok,ok_Set2_ (272),val,./data/raw/FullLabelled/ok/ok_Set2_ (272).jpg,./dataset/skeleton_final_v2/ok/ok_Set2_ (272).npy
ok,ok_2716,val,./data/raw/FullLabelled/ok/ok_2716.jpg,./dataset/skeleton_final_v2/ok/ok_2716.npy
the-finger,the-finger-set2 (8),val,./data/raw/FullLabelled/the-finger/the-finger-set2 (8).jpg,./dataset/skeleton_final_v2/the-finger/the-finger-set2 (8).npy
scissors,scissors_450,val,./data/raw/FullLabelled/scissors/scissors_450.jpg,./dataset/skeleton_final_v2/scissors/scissors_450.npy
ok,ok_Set2_ (377),val,./data/raw/FullLabelled/ok/ok_Set2_ (377).jpg,./dataset/skeleton_final_v2/ok/ok_Set2_ (377).npy
rock,rock-set2 (357),val,./data/raw/FullLabelled/rock/rock-set2 (357).jpg,./dataset/skeleton_final_v2/rock/rock-set2 (357).npy
scissors,scissors-set2 (18),val,./data/raw/FullLabelled/scissors/scissors-set2 (18).jpg,./dataset/skeleton_final_v2/scissors/scissors-set2 (18).npy
paper,paper_6916,val,./data/raw/FullLabelled/paper/paper_6916.jpg,./dataset/skeleton_final_v2/paper/paper_6916.npy
rock,rock_21,val,./data/raw/FullLabelled/rock/rock_21.jpg,./dataset/skeleton_final_v2/rock/rock_21.npy
ok,ok_Set2_ (490),val,./data/raw/FullLabelled/ok/ok_Set2_ (490).jpg,./dataset/skeleton_final_v2/ok/ok_Set2_ (490).npy
paper,paper_2458,val,./data/raw/FullLabelled/paper/paper_2458.jpg,./dataset/skeleton_final_v2/paper/paper_2458.npy
the-finger,the-finger_3532,val,./data/raw/FullLabelled/the-finger/the-finger_3532.jpg,./dataset/skeleton_final_v2/the-finger/the-finger_3532.npy
ok,ok_Set2_ (409),val,./data/raw/FullLabelled/ok/ok_Set2_ (409).jpg,./dataset/skeleton_final_v2/ok/ok_Set2_ (409).npy
paper,paper_3816,val,./data/raw/FullLabelled/paper/paper_3816.jpg,./dataset/skeleton_final_v2/paper/paper_3816.npy
the-finger,the-finger_2276,val,./data/raw/FullLabelled/the-finger/the-finger_2276.jpg,./dataset/skeleton_final_v2/the-finger/the-finger_2276.npy
scissors,scissors_3833,val,./data/raw/FullLabelled/scissors/scissors_3833.jpg,./dataset/skeleton_final_v2/scissors/scissors_3833.npy
paper,paper_6350,val,./data/raw/FullLabelled/paper/paper_6350.jpg,./dataset/skeleton_final_v2/paper/paper_6350.npy
ok,ok_5764,val,./data/raw/FullLabelled/ok/ok_5764.jpg,./dataset/skeleton_final_v2/ok/ok_5764.npy
ok,ok_Set2_ (355),val,./data/raw/FullLabelled/ok/ok_Set2_ (355).jpg,./dataset/skeleton_final_v2/ok/ok_Set2_ (355).npy
the-finger,the-finger_6478,val,./data/raw/FullLabelled/the-finger/the-finger_6478.jpg,./dataset/skeleton_final_v2/the-finger/the-finger_6478.npy
paper,paper-set2 (497),val,./data/raw/FullLabelled/paper/paper-set2 (497).jpg,./dataset/skeleton_final_v2/paper/paper-set2 (497).npy
paper,paper-set2 (123),val,./data/raw/FullLabelled/paper/paper-set2 (123).jpg,./dataset/skeleton_final_v2/paper/paper-set2 (123).npy
scissors,scissors-set2 (455),val,./data/raw/FullLabelled/scissors/scissors-set2 (455).jpg,./dataset/skeleton_final_v2/scissors/scissors-set2 (455).npy
scissors,scissors_5741,val,./data/raw/FullLabelled/scissors/scissors_5741.jpg,./dataset/skeleton_final_v2/scissors/scissors_5741.npy
ok,ok (54),val,./data/raw/FullLabelled/ok/ok (54).jpg,./dataset/skeleton_final_v2/ok/ok (54).npy
the-finger,the-finger_225,val,./data/raw/FullLabelled/the-finger/the-finger_225.jpg,./dataset/skeleton_final_v2/the-finger/the-finger_225.npy
ok,ok_Set2_ (21),val,./data/raw/FullLabelled/ok/ok_Set2_ (21).jpg,./dataset/skeleton_final_v2/ok/ok_Set2_ (21).npy
ok,ok_Set2_ (399),val,./data/raw/FullLabelled/ok/ok_Set2_ (399).jpg,./dataset/skeleton_final_v2/ok/ok_Set2_ (399).npy
the-finger,the-finger_231,val,./data/raw/FullLabelled/the-finger/the-finger_231.jpg,./dataset/skeleton_final_v2/the-finger/the-finger_231.npy
scissors,scissors-set2 (188),val,./data/raw/FullLabelled/scissors/scissors-set2 (188).jpg,./dataset/skeleton_final_v2/scissors/scissors-set2 (188).npy
scissors,scissors-set2 (199),val,./data/raw/FullLabelled/scissors/scissors-set2 (199).jpg,./dataset/skeleton_final_v2/scissors/scissors-set2 (199).npy
rock,rock (178),val,./data/raw/FullLabelled/rock/rock (178).jpg,./dataset/skeleton_final_v2/rock/rock (178).npy
the-finger,the-finger-set2 (368),val,./data/raw/FullLabelled/the-finger/the-finger-set2 (368).jpg,./dataset/skeleton_final_v2/the-finger/the-finger-set2 (368).npy
paper,paper-set2 (349),val,./data/raw/FullLabelled/paper/paper-set2 (349).jpg,./dataset/skeleton_final_v2/paper/paper-set2 (349).npy
rock,rock (150),val,./data/raw/FullLabelled/rock/rock (150).jpg,./dataset/skeleton_final_v2/rock/rock (150).npy
paper,paper (224),val,./data/raw/FullLabelled/paper/paper (224).jpg,./dataset/skeleton_final_v2/paper/paper (224).npy
scissors,scissors-set2 (343),val,./data/raw/FullLabelled/scissors/scissors-set2 (343).jpg,./dataset/skeleton_final_v2/scissors/scissors-set2 (343).npy
scissors,scissors_7659,val,./data/raw/FullLabelled/scissors/scissors_7659.jpg,./dataset/skeleton_final_v2/scissors/scissors_7659.npy
scissors,scissors (179),val,./data/raw/FullLabelled/scissors/scissors (179).jpg,./dataset/skeleton_final_v2/scissors/scissors (179).npy
scissors,scissors-set2 (465),val,./data/raw/FullLabelled/scissors/scissors-set2 (465).jpg,./dataset/skeleton_final_v2/scissors/scissors-set2 (465).npy
ok,ok_1167,val,./data/raw/FullLabelled/ok/ok_1167.jpg,./dataset/skeleton_final_v2/ok/ok_1167.npy
the-finger,the-finger_6458,val,./data/raw/FullLabelled/the-finger/the-finger_6458.jpg,./dataset/skeleton_final_v2/the-finger/the-finger_6458.npy
the-finger,the-finger_7487,val,./data/raw/FullLabelled/the-finger/the-finger_7487.jpg,./dataset/skeleton_final_v2/the-finger/the-finger_7487.npy
scissors,scissors_6146,val,./data/raw/FullLabelled/scissors/scissors_6146.jpg,./dataset/skeleton_final_v2/scissors/scissors_6146.npy
ok,ok_Set2_ (307),val,./data/raw/FullLabelled/ok/ok_Set2_ (307).jpg,./dataset/skeleton_final_v2/ok/ok_Set2_ (307).npy
rock,rock-set2 (165),val,./data/raw/FullLabelled/rock/rock-set2 (165).jpg,./dataset/skeleton_final_v2/rock/rock-set2 (165).npy
the-finger,the-finger_618,val,./data/raw/FullLabelled/the-finger/the-finger_618.jpg,./dataset/skeleton_final_v2/the-finger/the-finger_618.npy
paper,paper_5474,val,./data/raw/FullLabelled/paper/paper_5474.jpg,./dataset/skeleton_final_v2/paper/paper_5474.npy
scissors,scissors-set2 (165),val,./data/raw/FullLabelled/scissors/scissors-set2 (165).jpg,./dataset/skeleton_final_v2/scissors/scissors-set2 (165).npy
ok,ok_6385,val,./data/raw/FullLabelled/ok/ok_6385.jpg,./dataset/skeleton_final_v2/ok/ok_6385.npy
scissors,scissors-set2 (405),val,./data/raw/FullLabelled/scissors/scissors-set2 (405).jpg,./dataset/skeleton_final_v2/scissors/scissors-set2 (405).npy
the-finger,the-finger-set2 (305),val,./data/raw/FullLabelled/the-finger/the-finger-set2 (305).jpg,./dataset/skeleton_final_v2/the-finger/the-finger-set2 (305).npy
ok,ok_6185,val,./data/raw/FullLabelled/ok/ok_6185.jpg,./dataset/skeleton_final_v2/ok/ok_6185.npy
the-finger,the-finger_6066,val,./data/raw/FullLabelled/the-finger/the-finger_6066.jpg,./dataset/skeleton_final_v2/the-finger/the-finger_6066.npy
scissors,scissors_6362,val,./data/raw/FullLabelled/scissors/scissors_6362.jpg,./dataset/skeleton_final_v2/scissors/scissors_6362.npy
scissors,scissors-set2 (378),val,./data/raw/FullLabelled/scissors/scissors-set2 (378).jpg,./dataset/skeleton_final_v2/scissors/scissors-set2 (378).npy
the-finger,the-finger_5858,val,./data/raw/FullLabelled/the-finger/the-finger_5858.jpg,./dataset/skeleton_final_v2/the-finger/the-finger_5858.npy
paper,paper-set2 (480),val,./data/raw/FullLabelled/paper/paper-set2 (480).jpg,./dataset/skeleton_final_v2/paper/paper-set2 (480).npy
scissors,scissors-set2 (631),val,./data/raw/FullLabelled/scissors/scissors-set2 (631).jpg,./dataset/skeleton_final_v2/scissors/scissors-set2 (631).npy
ok,ok_Set2_ (439),val,./data/raw/FullLabelled/ok/ok_Set2_ (439).jpg,./dataset/skeleton_final_v2/ok/ok_Set2_ (439).npy
paper,paper (89),val,./data/raw/FullLabelled/paper/paper (89).jpg,./dataset/skeleton_final_v2/paper/paper (89).npy
ok,ok_Set2_ (564),val,./data/raw/FullLabelled/ok/ok_Set2_ (564).jpg,./dataset/skeleton_final_v2/ok/ok_Set2_ (564).npy
the-finger,the-finger (89),val,./data/raw/FullLabelled/the-finger/the-finger (89).jpg,./dataset/skeleton_final_v2/the-finger/the-finger (89).npy
paper,paper (225),val,./data/raw/FullLabelled/paper/paper (225).jpg,./dataset/skeleton_final_v2/paper/paper (225).npy
ok,ok (174),val,./data/raw/FullLabelled/ok/ok (174).jpg,./dataset/skeleton_final_v2/ok/ok (174).npy
rock,rock-set2 (174),val,./data/raw/FullLabelled/rock/rock-set2 (174).jpg,./dataset/skeleton_final_v2/rock/rock-set2 (174).npy
scissors,scissors-set2 (344),val,./data/raw/FullLabelled/scissors/scissors-set2 (344).jpg,./dataset/skeleton_final_v2/scissors/scissors-set2 (344).npy
paper,paper (263),val,./data/raw/FullLabelled/paper/paper (263).jpg,./dataset/skeleton_final_v2/paper/paper (263).npy
the-finger,the-finger_7087,val,./data/raw/FullLabelled/the-finger/the-finger_7087.jpg,./dataset/skeleton_final_v2/the-finger/the-finger_7087.npy
scissors,scissors-set2 (319),val,./data/raw/FullLabelled/scissors/scissors-set2 (319).jpg,./dataset/skeleton_final_v2/scissors/scissors-set2 (319).npy
ok,ok_2796,val,./data/raw/FullLabelled/ok/ok_2796.jpg,./dataset/skeleton_final_v2/ok/ok_2796.npy
ok,ok_Set2_ (396),val,./data/raw/FullLabelled/ok/ok_Set2_ (396).jpg,./dataset/skeleton_final_v2/ok/ok_Set2_ (396).npy
scissors,scissors_9192,val,./data/raw/FullLabelled/scissors/scissors_9192.jpg,./dataset/skeleton_final_v2/scissors/scissors_9192.npy
paper,paper_6523,val,./data/raw/FullLabelled/paper/paper_6523.jpg,./dataset/skeleton_final_v2/paper/paper_6523.npy
paper,paper_364,val,./data/raw/FullLabelled/paper/paper_364.jpg,./dataset/skeleton_final_v2/paper/paper_364.npy
paper,paper_7926,val,./data/raw/FullLabelled/paper/paper_7926.jpg,./dataset/skeleton_final_v2/paper/paper_7926.npy
paper,paper-set2 (347),val,./data/raw/FullLabelled/paper/paper-set2 (347).jpg,./dataset/skeleton_final_v2/paper/paper-set2 (347).npy
ok,ok (137),val,./data/raw/FullLabelled/ok/ok (137).jpg,./dataset/skeleton_final_v2/ok/ok (137).npy
scissors,scissors_4624,val,./data/raw/FullLabelled/scissors/scissors_4624.jpg,./dataset/skeleton_final_v2/scissors/scissors_4624.npy
rock,rock-set2 (3),val,./data/raw/FullLabelled/rock/rock-set2 (3).jpg,./dataset/skeleton_final_v2/rock/rock-set2 (3).npy
rock,rock_2423,val,./data/raw/FullLabelled/rock/rock_2423.jpg,./dataset/skeleton_final_v2/rock/rock_2423.npy
the-finger,the-finger_246,val,./data/raw/FullLabelled/the-finger/the-finger_246.jpg,./dataset/skeleton_final_v2/the-finger/the-finger_246.npy
ok,ok_Set2_ (425),val,./data/raw/FullLabelled/ok/ok_Set2_ (425).jpg,./dataset/skeleton_final_v2/ok/ok_Set2_ (425).npy
paper,paper_5467,val,./data/raw/FullLabelled/paper/paper_5467.jpg,./dataset/skeleton_final_v2/paper/paper_5467.npy
ok,ok_Set2_ (255),val,./data/raw/FullLabelled/ok/ok_Set2_ (255).jpg,./dataset/skeleton_final_v2/ok/ok_Set2_ (255).npy
rock,rock-set2 (423),val,./data/raw/FullLabelled/rock/rock-set2 (423).jpg,./dataset/skeleton_final_v2/rock/rock-set2 (423).npy
paper,paper-set2 (114),val,./data/raw/FullLabelled/paper/paper-set2 (114).jpg,./dataset/skeleton_final_v2/paper/paper-set2 (114).npy
paper,paper_2465,val,./data/raw/FullLabelled/paper/paper_2465.jpg,./dataset/skeleton_final_v2/paper/paper_2465.npy
the-finger,the-finger (4),val,./data/raw/FullLabelled/the-finger/the-finger (4).jpg,./dataset/skeleton_final_v2/the-finger/the-finger (4).npy
rock,rock (269),val,./data/raw/FullLabelled/rock/rock (269).jpg,./dataset/skeleton_final_v2/rock/rock (269).npy
ok,ok_2884,val,./data/raw/FullLabelled/ok/ok_2884.jpg,./dataset/skeleton_final_v2/ok/ok_2884.npy
paper,paper (119),val,./data/raw/FullLabelled/paper/paper (119).jpg,./dataset/skeleton_final_v2/paper/paper (119).npy
scissors,scissors-set2 (674),val,./data/raw/FullLabelled/scissors/scissors-set2 (674).jpg,./dataset/skeleton_final_v2/scissors/scissors-set2 (674).npy
paper,paper (130),val,./data/raw/FullLabelled/paper/paper (130).jpg,./dataset/skeleton_final_v2/paper/paper (130).npy
scissors,scissors (225),val,./data/raw/FullLabelled/scissors/scissors (225).jpg,./dataset/skeleton_final_v2/scissors/scissors (225).npy
scissors,scissors-set2 (172),val,./data/raw/FullLabelled/scissors/scissors-set2 (172).jpg,./dataset/skeleton_final_v2/scissors/scissors-set2 (172).npy
paper,paper_2539,val,./data/raw/FullLabelled/paper/paper_2539.jpg,./dataset/skeleton_final_v2/paper/paper_2539.npy
paper,paper-set2 (13),val,./data/raw/FullLabelled/paper/paper-set2 (13).jpg,./dataset/skeleton_final_v2/paper/paper-set2 (13).npy
ok,ok_6570,val,./data/raw/FullLabelled/ok/ok_6570.jpg,./dataset/skeleton_final_v2/ok/ok_6570.npy
paper,paper-set2 (104),val,./data/raw/FullLabelled/paper/paper-set2 (104).jpg,./dataset/skeleton_final_v2/paper/paper-set2 (104).npy
paper,paper (32),val,./data/raw/FullLabelled/paper/paper (32).jpg,./dataset/skeleton_final_v2/paper/paper (32).npy
paper,paper_1474,val,./data/raw/FullLabelled/paper/paper_1474.jpg,./dataset/skeleton_final_v2/paper/paper_1474.npy
ok,ok_Set2_ (586),val,./data/raw/FullLabelled/ok/ok_Set2_ (586).jpg,./dataset/skeleton_final_v2/ok/ok_Set2_ (586).npy
paper,paper_712,val,./data/raw/FullLabelled/paper/paper_712.jpg,./dataset/skeleton_final_v2/paper/paper_712.npy
paper,paper_6932,val,./data/raw/FullLabelled/paper/paper_6932.jpg,./dataset/skeleton_final_v2/paper/paper_6932.npy
the-finger,the-finger_1726,val,./data/raw/FullLabelled/the-finger/the-finger_1726.jpg,./dataset/skeleton_final_v2/the-finger/the-finger_1726.npy
scissors,scissors-set2 (688),val,./data/raw/FullLabelled/scissors/scissors-set2 (688).jpg,./dataset/skeleton_final_v2/scissors/scissors-set2 (688).npy
ok,ok_8840,val,./data/raw/FullLabelled/ok/ok_8840.jpg,./dataset/skeleton_final_v2/ok/ok_8840.npy
paper,paper-set2 (339),val,./data/raw/FullLabelled/paper/paper-set2 (339).jpg,./dataset/skeleton_final_v2/paper/paper-set2 (339).npy
the-finger,the-finger-set2 (437),val,./data/raw/FullLabelled/the-finger/the-finger-set2 (437).jpg,./dataset/skeleton_final_v2/the-finger/the-finger-set2 (437).npy
ok,ok_1538,val,./data/raw/FullLabelled/ok/ok_1538.jpg,./dataset/skeleton_final_v2/ok/ok_1538.npy
ok,ok_Set2_ (235),val,./data/raw/FullLabelled/ok/ok_Set2_ (235).jpg,./dataset/skeleton_final_v2/ok/ok_Set2_ (235).npy
scissors,scissors (482),val,./data/raw/FullLabelled/scissors/scissors (482).jpg,./dataset/skeleton_final_v2/scissors/scissors (482).npy
paper,paper (52),val,./data/raw/FullLabelled/paper/paper (52).jpg,./dataset/skeleton_final_v2/paper/paper (52).npy
ok,ok_2855,val,./data/raw/FullLabelled/ok/ok_2855.jpg,./dataset/skeleton_final_v2/ok/ok_2855.npy
ok,ok_Set2_ (503),val,./data/raw/FullLabelled/ok/ok_Set2_ (503).jpg,./dataset/skeleton_final_v2/ok/ok_Set2_ (503).npy
ok,ok_795,val,./data/raw/FullLabelled/ok/ok_795.jpg,./dataset/skeleton_final_v2/ok/ok_795.npy
paper,paper-set2 (490),val,./data/raw/FullLabelled/paper/paper-set2 (490).jpg,./dataset/skeleton_final_v2/paper/paper-set2 (490).npy
ok,ok_1953,val,./data/raw/FullLabelled/ok/ok_1953.jpg,./dataset/skeleton_final_v2/ok/ok_1953.npy
paper,paper_7330,val,./data/raw/FullLabelled/paper/paper_7330.jpg,./dataset/skeleton_final_v2/paper/paper_7330.npy
scissors,scissors_6546,val,./data/raw/FullLabelled/scissors/scissors_6546.jpg,./dataset/skeleton_final_v2/scissors/scissors_6546.npy
the-finger,the-finger_6861,val,./data/raw/FullLabelled/the-finger/the-finger_6861.jpg,./dataset/skeleton_final_v2/the-finger/the-finger_6861.npy
paper,paper (180),val,./data/raw/FullLabelled/paper/paper (180).jpg,./dataset/skeleton_final_v2/paper/paper (180).npy
paper,paper_6912,val,./data/raw/FullLabelled/paper/paper_6912.jpg,./dataset/skeleton_final_v2/paper/paper_6912.npy
the-finger,the-finger (127),val,./data/raw/FullLabelled/the-finger/the-finger (127).jpg,./dataset/skeleton_final_v2/the-finger/the-finger (127).npy
rock,rock_1770,val,./data/raw/FullLabelled/rock/rock_1770.jpg,./dataset/skeleton_final_v2/rock/rock_1770.npy
ok,ok_Set2_ (4),val,./data/raw/FullLabelled/ok/ok_Set2_ (4).jpg,./dataset/skeleton_final_v2/ok/ok_Set2_ (4).npy
scissors,scissors-set2 (381),val,./data/raw/FullLabelled/scissors/scissors-set2 (381).jpg,./dataset/skeleton_final_v2/scissors/scissors-set2 (381).npy
the-finger,the-finger-set2 (175),val,./data/raw/FullLabelled/the-finger/the-finger-set2 (175).jpg,./dataset/skeleton_final_v2/the-finger/the-finger-set2 (175).npy
scissors,scissors_7645,val,./data/raw/FullLabelled/scissors/scissors_7645.jpg,./dataset/skeleton_final_v2/scissors/scissors_7645.npy
paper,paper_6691,val,./data/raw/FullLabelled/paper/paper_6691.jpg,./dataset/skeleton_final_v2/paper/paper_6691.npy
paper,paper_2548,val,./data/raw/FullLabelled/paper/paper_2548.jpg,./dataset/skeleton_final_v2/paper/paper_2548.npy
paper,paper_1862,val,./data/raw/FullLabelled/paper/paper_1862.jpg,./dataset/skeleton_final_v2/paper/paper_1862.npy
the-finger,the-finger_6655,val,./data/raw/FullLabelled/the-finger/the-finger_6655.jpg,./dataset/skeleton_final_v2/the-finger/the-finger_6655.npy
ok,ok_2943,val,./data/raw/FullLabelled/ok/ok_2943.jpg,./dataset/skeleton_final_v2/ok/ok_2943.npy
ok,ok_6984,val,./data/raw/FullLabelled/ok/ok_6984.jpg,./dataset/skeleton_final_v2/ok/ok_6984.npy
paper,paper_1846,val,./data/raw/FullLabelled/paper/paper_1846.jpg,./dataset/skeleton_final_v2/paper/paper_1846.npy
scissors,scissors-set2 (712),val,./data/raw/FullLabelled/scissors/scissors-set2 (712).jpg,./dataset/skeleton_final_v2/scissors/scissors-set2 (712).npy
paper,paper-set2 (2),val,./data/raw/FullLabelled/paper/paper-set2 (2).jpg,./dataset/skeleton_final_v2/paper/paper-set2 (2).npy
scissors,scissors (91),val,./data/raw/FullLabelled/scissors/scissors (91).jpg,./dataset/skeleton_final_v2/scissors/scissors (91).npy
the-finger,the-finger (17),val,./data/raw/FullLabelled/the-finger/the-finger (17).jpg,./dataset/skeleton_final_v2/the-finger/the-finger (17).npy
paper,paper_4608,val,./data/raw/FullLabelled/paper/paper_4608.jpg,./dataset/skeleton_final_v2/paper/paper_4608.npy
ok,ok_3973,val,./data/raw/FullLabelled/ok/ok_3973.jpg,./dataset/skeleton_final_v2/ok/ok_3973.npy
paper,paper-set2 (449),val,./data/raw/FullLabelled/paper/paper-set2 (449).jpg,./dataset/skeleton_final_v2/paper/paper-set2 (449).npy
rock,rock-set2 (46),val,./data/raw/FullLabelled/rock/rock-set2 (46).jpg,./dataset/skeleton_final_v2/rock/rock-set2 (46).npy
the-finger,the-finger_237,val,./data/raw/FullLabelled/the-finger/the-finger_237.jpg,./dataset/skeleton_final_v2/the-finger/the-finger_237.npy
scissors,scissors (501),val,./data/raw/FullLabelled/scissors/scissors (501).jpg,./dataset/skeleton_final_v2/scissors/scissors (501).npy
ok,ok_1532,test,./data/raw/FullLabelled/ok/ok_1532.jpg,./dataset/skeleton_final_v2/ok/ok_1532.npy
paper,paper-set2 (35),test,./data/raw/FullLabelled/paper/paper-set2 (35).jpg,./dataset/skeleton_final_v2/paper/paper-set2 (35).npy
scissors,scissors (272),test,./data/raw/FullLabelled/scissors/scissors (272).jpg,./dataset/skeleton_final_v2/scissors/scissors (272).npy
paper,paper (151),test,./data/raw/FullLabelled/paper/paper (151).jpg,./dataset/skeleton_final_v2/paper/paper (151).npy
scissors,scissors (435),test,./data/raw/FullLabelled/scissors/scissors (435).jpg,./dataset/skeleton_final_v2/scissors/scissors (435).npy
paper,paper-set2 (212),test,./data/raw/FullLabelled/paper/paper-set2 (212).jpg,./dataset/skeleton_final_v2/paper/paper-set2 (212).npy
ok,ok_Set2_ (542),test,./data/raw/FullLabelled/ok/ok_Set2_ (542).jpg,./dataset/skeleton_final_v2/ok/ok_Set2_ (542).npy
ok,ok_Set2_ (456),test,./data/raw/FullLabelled/ok/ok_Set2_ (456).jpg,./dataset/skeleton_final_v2/ok/ok_Set2_ (456).npy
scissors,scissors_3838,test,./data/raw/FullLabelled/scissors/scissors_3838.jpg,./dataset/skeleton_final_v2/scissors/scissors_3838.npy
scissors,scissors-set2 (735),test,./data/raw/FullLabelled/scissors/scissors-set2 (735).jpg,./dataset/skeleton_final_v2/scissors/scissors-set2 (735).npy
rock,rock-set2 (179),test,./data/raw/FullLabelled/rock/rock-set2 (179).jpg,./dataset/skeleton_final_v2/rock/rock-set2 (179).npy
paper,paper-set2 (43),test,./data/raw/FullLabelled/paper/paper-set2 (43).jpg,./dataset/skeleton_final_v2/paper/paper-set2 (43).npy
rock,rock_6325,test,./data/raw/FullLabelled/rock/rock_6325.jpg,./dataset/skeleton_final_v2/rock/rock_6325.npy
scissors,scissors-set2 (38),test,./data/raw/FullLabelled/scissors/scissors-set2 (38).jpg,./dataset/skeleton_final_v2/scissors/scissors-set2 (38).npy
the-finger,the-finger-set2 (309),test,./data/raw/FullLabelled/the-finger/the-finger-set2 (309).jpg,./dataset/skeleton_final_v2/the-finger/the-finger-set2 (309).npy
paper,paper (123),test,./data/raw/FullLabelled/paper/paper (123).jpg,./dataset/skeleton_final_v2/paper/paper (123).npy
ok,ok (263),test,./data/raw/FullLabelled/ok/ok (263).jpg,./dataset/skeleton_final_v2/ok/ok (263).npy
paper,paper-set2 (341),test,./data/raw/FullLabelled/paper/paper-set2 (341).jpg,./dataset/skeleton_final_v2/paper/paper-set2 (341).npy
scissors,scissors_6168,test,./data/raw/FullLabelled/scissors/scissors_6168.jpg,./dataset/skeleton_final_v2/scissors/scissors_6168.npy
scissors,scissors_5744,test,./data/raw/FullLabelled/scissors/scissors_5744.jpg,./dataset/skeleton_final_v2/scissors/scissors_5744.npy
scissors,scissors (473),test,./data/raw/FullLabelled/scissors/scissors (473).jpg,./dataset/skeleton_final_v2/scissors/scissors (473).npy
the-finger,the-finger (135),test,./data/raw/FullLabelled/the-finger/the-finger (135).jpg,./dataset/skeleton_final_v2/the-finger/the-finger (135).npy
paper,paper (124),test,./data/raw/FullLabelled/paper/paper (124).jpg,./dataset/skeleton_final_v2/paper/paper (124).npy
paper,paper-set2 (280),test,./data/raw/FullLabelled/paper/paper-set2 (280).jpg,./dataset/skeleton_final_v2/paper/paper-set2 (280).npy
the-finger,the-finger_2250,test,./data/raw/FullLabelled/the-finger/the-finger_2250.jpg,./dataset/skeleton_final_v2/the-finger/the-finger_2250.npy
ok,ok_Set2_ (38),test,./data/raw/FullLabelled/ok/ok_Set2_ (38).jpg,./dataset/skeleton_final_v2/ok/ok_Set2_ (38).npy
ok,ok_2009,test,./data/raw/FullLabelled/ok/ok_2009.jpg,./dataset/skeleton_final_v2/ok/ok_2009.npy
paper,paper-set2 (23),test,./data/raw/FullLabelled/paper/paper-set2 (23).jpg,./dataset/skeleton_final_v2/paper/paper-set2 (23).npy
ok,ok_Set2_ (264),test,./data/raw/FullLabelled/ok/ok_Set2_ (264).jpg,./dataset/skeleton_final_v2/ok/ok_Set2_ (264).npy
scissors,scissors_6553,test,./data/raw/FullLabelled/scissors/scissors_6553.jpg,./dataset/skeleton_final_v2/scissors/scissors_6553.npy
ok,ok (267),test,./data/raw/FullLabelled/ok/ok (267).jpg,./dataset/skeleton_final_v2/ok/ok (267).npy
scissors,scissors_422,test,./data/raw/FullLabelled/scissors/scissors_422.jpg,./dataset/skeleton_final_v2/scissors/scissors_422.npy
paper,paper_5712,test,./data/raw/FullLabelled/paper/paper_5712.jpg,./dataset/skeleton_final_v2/paper/paper_5712.npy
paper,paper-set2 (318),test,./data/raw/FullLabelled/paper/paper-set2 (318).jpg,./dataset/skeleton_final_v2/paper/paper-set2 (318).npy
scissors,scissors-set2 (149),test,./data/raw/FullLabelled/scissors/scissors-set2 (149).jpg,./dataset/skeleton_final_v2/scissors/scissors-set2 (149).npy
the-finger,the-finger-set2 (92),test,./data/raw/FullLabelled/the-finger/the-finger-set2 (92).jpg,./dataset/skeleton_final_v2/the-finger/the-finger-set2 (92).npy
ok,ok_Set2_ (158),test,./data/raw/FullLabelled/ok/ok_Set2_ (158).jpg,./dataset/skeleton_final_v2/ok/ok_Set2_ (158).npy
ok,ok_81,test,./data/raw/FullLabelled/ok/ok_81.jpg,./dataset/skeleton_final_v2/ok/ok_81.npy
paper,paper-set2 (389),test,./data/raw/FullLabelled/paper/paper-set2 (389).jpg,./dataset/skeleton_final_v2/paper/paper-set2 (389).npy
scissors,scissors (392),test,./data/raw/FullLabelled/scissors/scissors (392).jpg,./dataset/skeleton_final_v2/scissors/scissors (392).npy
ok,ok_1145,test,./data/raw/FullLabelled/ok/ok_1145.jpg,./dataset/skeleton_final_v2/ok/ok_1145.npy
ok,ok_Set2_ (261),test,./data/raw/FullLabelled/ok/ok_Set2_ (261).jpg,./dataset/skeleton_final_v2/ok/ok_Set2_ (261).npy
paper,paper-set2 (253),test,./data/raw/FullLabelled/paper/paper-set2 (253).jpg,./dataset/skeleton_final_v2/paper/paper-set2 (253).npy
ok,ok_Set2_ (281),test,./data/raw/FullLabelled/ok/ok_Set2_ (281).jpg,./dataset/skeleton_final_v2/ok/ok_Set2_ (281).npy
scissors,scissors-set2 (602),test,./data/raw/FullLabelled/scissors/scissors-set2 (602).jpg,./dataset/skeleton_final_v2/scissors/scissors-set2 (602).npy
the-finger,the-finger_6299,test,./data/raw/FullLabelled/the-finger/the-finger_6299.jpg,./dataset/skeleton_final_v2/the-finger/the-finger_6299.npy
scissors,scissors-set2 (334),test,./data/raw/FullLabelled/scissors/scissors-set2 (334).jpg,./dataset/skeleton_final_v2/scissors/scissors-set2 (334).npy
paper,paper-set2 (463),test,./data/raw/FullLabelled/paper/paper-set2 (463).jpg,./dataset/skeleton_final_v2/paper/paper-set2 (463).npy
scissors,scissors_2678,test,./data/raw/FullLabelled/scissors/scissors_2678.jpg,./dataset/skeleton_final_v2/scissors/scissors_2678.npy
scissors,scissors_7970,test,./data/raw/FullLabelled/scissors/scissors_7970.jpg,./dataset/skeleton_final_v2/scissors/scissors_7970.npy
scissors,scissors-set2 (660),test,./data/raw/FullLabelled/scissors/scissors-set2 (660).jpg,./dataset/skeleton_final_v2/scissors/scissors-set2 (660).npy
the-finger,the-finger-set2 (2),test,./data/raw/FullLabelled/the-finger/the-finger-set2 (2).jpg,./dataset/skeleton_final_v2/the-finger/the-finger-set2 (2).npy
paper,paper_368,test,./data/raw/FullLabelled/paper/paper_368.jpg,./dataset/skeleton_final_v2/paper/paper_368.npy
ok,ok_1974,test,./data/raw/FullLabelled/ok/ok_1974.jpg,./dataset/skeleton_final_v2/ok/ok_1974.npy
ok,ok_Set2_ (380),test,./data/raw/FullLabelled/ok/ok_Set2_ (380).jpg,./dataset/skeleton_final_v2/ok/ok_Set2_ (380).npy
ok,ok (253),test,./data/raw/FullLabelled/ok/ok (253).jpg,./dataset/skeleton_final_v2/ok/ok (253).npy
scissors,scissors (106),test,./data/raw/FullLabelled/scissors/scissors (106).jpg,./dataset/skeleton_final_v2/scissors/scissors (106).npy
scissors,scissors (70),test,./data/raw/FullLabelled/scissors/scissors (70).jpg,./dataset/skeleton_final_v2/scissors/scissors (70).npy
paper,paper_5460,test,./data/raw/FullLabelled/paper/paper_5460.jpg,./dataset/skeleton_final_v2/paper/paper_5460.npy
the-finger,the-finger_6068,test,./data/raw/FullLabelled/the-finger/the-finger_6068.jpg,./dataset/skeleton_final_v2/the-finger/the-finger_6068.npy
paper,paper_6128,test,./data/raw/FullLabelled/paper/paper_6128.jpg,./dataset/skeleton_final_v2/paper/paper_6128.npy
rock,rock_6310,test,./data/raw/FullLabelled/rock/rock_6310.jpg,./dataset/skeleton_final_v2/rock/rock_6310.npy
the-finger,the-finger_878,test,./data/raw/FullLabelled/the-finger/the-finger_878.jpg,./dataset/skeleton_final_v2/the-finger/the-finger_878.npy
scissors,scissors (432),test,./data/raw/FullLabelled/scissors/scissors (432).jpg,./dataset/skeleton_final_v2/scissors/scissors (432).npy
ok,ok_7018,test,./data/raw/FullLabelled/ok/ok_7018.jpg,./dataset/skeleton_final_v2/ok/ok_7018.npy
ok,ok_5292,test,./data/raw/FullLabelled/ok/ok_5292.jpg,./dataset/skeleton_final_v2/ok/ok_5292.npy
scissors,scissors (282),test,./data/raw/FullLabelled/scissors/scissors (282).jpg,./dataset/skeleton_final_v2/scissors/scissors (282).npy
scissors,scissors (427),test,./data/raw/FullLabelled/scissors/scissors (427).jpg,./dataset/skeleton_final_v2/scissors/scissors (427).npy
scissors,scissors-set2 (364),test,./data/raw/FullLabelled/scissors/scissors-set2 (364).jpg,./dataset/skeleton_final_v2/scissors/scissors-set2 (364).npy
scissors,scissors-set2 (30),test,./data/raw/FullLabelled/scissors/scissors-set2 (30).jpg,./dataset/skeleton_final_v2/scissors/scissors-set2 (30).npy
scissors,scissors-set2 (638),test,./data/raw/FullLabelled/scissors/scissors-set2 (638).jpg,./dataset/skeleton_final_v2/scissors/scissors-set2 (638).npy
paper,paper (107),test,./data/raw/FullLabelled/paper/paper (107).jpg,./dataset/skeleton_final_v2/paper/paper (107).npy
scissors,scissors (211),test,./data/raw/FullLabelled/scissors/scissors (211).jpg,./dataset/skeleton_final_v2/scissors/scissors (211).npy
paper,paper-set2 (103),test,./data/raw/FullLabelled/paper/paper-set2 (103).jpg,./dataset/skeleton_final_v2/paper/paper-set2 (103).npy
paper,paper_24,test,./data/raw/FullLabelled/paper/paper_24.jpg,./dataset/skeleton_final_v2/paper/paper_24.npy
scissors,scissors-set2 (729),test,./data/raw/FullLabelled/scissors/scissors-set2 (729).jpg,./dataset/skeleton_final_v2/scissors/scissors-set2 (729).npy
paper,paper-set2 (424),test,./data/raw/FullLabelled/paper/paper-set2 (424).jpg,./dataset/skeleton_final_v2/paper/paper-set2 (424).npy
scissors,scissors (267),test,./data/raw/FullLabelled/scissors/scissors (267).jpg,./dataset/skeleton_final_v2/scissors/scissors (267).npy
the-finger,the-finger-set2 (234),test,./data/raw/FullLabelled/the-finger/the-finger-set2 (234).jpg,./dataset/skeleton_final_v2/the-finger/the-finger-set2 (234).npy
scissors,scissors (324),test,./data/raw/FullLabelled/scissors/scissors (324).jpg,./dataset/skeleton_final_v2/scissors/scissors (324).npy
ok,ok_1556,test,./data/raw/FullLabelled/ok/ok_1556.jpg,./dataset/skeleton_final_v2/ok/ok_1556.npy
rock,rock_3152,test,./data/raw/FullLabelled/rock/rock_3152.jpg,./dataset/skeleton_final_v2/rock/rock_3152.npy
ok,ok_Set2_ (474),test,./data/raw/FullLabelled/ok/ok_Set2_ (474).jpg,./dataset/skeleton_final_v2/ok/ok_Set2_ (474).npy
scissors,scissors-set2 (477),test,./data/raw/FullLabelled/scissors/scissors-set2 (477).jpg,./dataset/skeleton_final_v2/scissors/scissors-set2 (477).npy
paper,paper-set2 (402),test,./data/raw/FullLabelled/paper/paper-set2 (402).jpg,./dataset/skeleton_final_v2/paper/paper-set2 (402).npy
scissors,scissors-set2 (576),test,./data/raw/FullLabelled/scissors/scissors-set2 (576).jpg,./dataset/skeleton_final_v2/scissors/scissors-set2 (576).npy
ok,ok (115),test,./data/raw/FullLabelled/ok/ok (115).jpg,./dataset/skeleton_final_v2/ok/ok (115).npy
scissors,scissors_7170,test,./data/raw/FullLabelled/scissors/scissors_7170.jpg,./dataset/skeleton_final_v2/scissors/scissors_7170.npy
paper,paper_3814,test,./data/raw/FullLabelled/paper/paper_3814.jpg,./dataset/skeleton_final_v2/paper/paper_3814.npy
paper,paper-set2 (454),test,./data/raw/FullLabelled/paper/paper-set2 (454).jpg,./dataset/skeleton_final_v2/paper/paper-set2 (454).npy
ok,ok_5777,test,./data/raw/FullLabelled/ok/ok_5777.jpg,./dataset/skeleton_final_v2/ok/ok_5777.npy
paper,paper-set2 (403),test,./data/raw/FullLabelled/paper/paper-set2 (403).jpg,./dataset/skeleton_final_v2/paper/paper-set2 (403).npy
the-finger,the-finger-set2 (371),test,./data/raw/FullLabelled/the-finger/the-finger-set2 (371).jpg,./dataset/skeleton_final_v2/the-finger/the-finger-set2 (371).npy
the-finger,the-finger_7093,test,./data/raw/FullLabelled/the-finger/the-finger_7093.jpg,./dataset/skeleton_final_v2/the-finger/the-finger_7093.npy
the-finger,the-finger_6062,test,./data/raw/FullLabelled/the-finger/the-finger_6062.jpg,./dataset/skeleton_final_v2/the-finger/the-finger_6062.npy
scissors,scissors_6375,test,./data/raw/FullLabelled/scissors/scissors_6375.jpg,./dataset/skeleton_final_v2/scissors/scissors_6375.npy
ok,ok (108),test,./data/raw/FullLabelled/ok/ok (108).jpg,./dataset/skeleton_final_v2/ok/ok (108).npy
the-finger,the-finger (61),test,./data/raw/FullLabelled/the-finger/the-finger (61).jpg,./dataset/skeleton_final_v2/the-finger/the-finger (61).npy
scissors,scissors-set2 (74),test,./data/raw/FullLabelled/scissors/scissors-set2 (74).jpg,./dataset/skeleton_final_v2/scissors/scissors-set2 (74).npy
ok,ok_Set2_ (123),test,./data/raw/FullLabelled/ok/ok_Set2_ (123).jpg,./dataset/skeleton_final_v2/ok/ok_Set2_ (123).npy
the-finger,the-finger_6871,test,./data/raw/FullLabelled/the-finger/the-finger_6871.jpg,./dataset/skeleton_final_v2/the-finger/the-finger_6871.npy
rock,rock-set2 (426),test,./data/raw/FullLabelled/rock/rock-set2 (426).jpg,./dataset/skeleton_final_v2/rock/rock-set2 (426).npy
scissors,scissors_1083,test,./data/raw/FullLabelled/scissors/scissors_1083.jpg,./dataset/skeleton_final_v2/scissors/scissors_1083.npy
paper,paper_2440,test,./data/raw/FullLabelled/paper/paper_2440.jpg,./dataset/skeleton_final_v2/paper/paper_2440.npy
the-finger,the-finger_5363,test,./data/raw/FullLabelled/the-finger/the-finger_5363.jpg,./dataset/skeleton_final_v2/the-finger/the-finger_5363.npy
scissors,scissors_6368,test,./data/raw/FullLabelled/scissors/scissors_6368.jpg,./dataset/skeleton_final_v2/scissors/scissors_6368.npy
scissors,scissors_766,test,./data/raw/FullLabelled/scissors/scissors_766.jpg,./dataset/skeleton_final_v2/scissors/scissors_766.npy
scissors,scissors (259),test,./data/raw/FullLabelled/scissors/scissors (259).jpg,./dataset/skeleton_final_v2/scissors/scissors (259).npy
ok,ok_Set2_ (137),test,./data/raw/FullLabelled/ok/ok_Set2_ (137).jpg,./dataset/skeleton_final_v2/ok/ok_Set2_ (137).npy
paper,paper_5720,test,./data/raw/FullLabelled/paper/paper_5720.jpg,./dataset/skeleton_final_v2/paper/paper_5720.npy
scissors,scissors-set2 (634),test,./data/raw/FullLabelled/scissors/scissors-set2 (634).jpg,./dataset/skeleton_final_v2/scissors/scissors-set2 (634).npy
ok,ok (223),test,./data/raw/FullLabelled/ok/ok (223).jpg,./dataset/skeleton_final_v2/ok/ok (223).npy
rock,rock_5409,test,./data/raw/FullLabelled/rock/rock_5409.jpg,./dataset/skeleton_final_v2/rock/rock_5409.npy
ok,ok_8036,test,./data/raw/FullLabelled/ok/ok_8036.jpg,./dataset/skeleton_final_v2/ok/ok_8036.npy
paper,paper-set2 (364),test,./data/raw/FullLabelled/paper/paper-set2 (364).jpg,./dataset/skeleton_final_v2/paper/paper-set2 (364).npy
scissors,scissors_6145,test,./data/raw/FullLabelled/scissors/scissors_6145.jpg,./dataset/skeleton_final_v2/scissors/scissors_6145.npy
scissors,scissors-set2 (373),test,./data/raw/FullLabelled/scissors/scissors-set2 (373).jpg,./dataset/skeleton_final_v2/scissors/scissors-set2 (373).npy
paper,paper_5908,test,./data/raw/FullLabelled/paper/paper_5908.jpg,./dataset/skeleton_final_v2/paper/paper_5908.npy
rock,rock-set2 (24),test,./data/raw/FullLabelled/rock/rock-set2 (24).jpg,./dataset/skeleton_final_v2/rock/rock-set2 (24).npy
ok,ok_6388,test,./data/raw/FullLabelled/ok/ok_6388.jpg,./dataset/skeleton_final_v2/ok/ok_6388.npy
ok,ok_6993,test,./data/raw/FullLabelled/ok/ok_6993.jpg,./dataset/skeleton_final_v2/ok/ok_6993.npy
ok,ok_Set2_ (497),test,./data/raw/FullLabelled/ok/ok_Set2_ (497).jpg,./dataset/skeleton_final_v2/ok/ok_Set2_ (497).npy
scissors,scissors-set2 (255),test,./data/raw/FullLabelled/scissors/scissors-set2 (255).jpg,./dataset/skeleton_final_v2/scissors/scissors-set2 (255).npy
scissors,scissors-set2 (493),test,./data/raw/FullLabelled/scissors/scissors-set2 (493).jpg,./dataset/skeleton_final_v2/scissors/scissors-set2 (493).npy
scissors,scissors-set2 (66),test,./data/raw/FullLabelled/scissors/scissors-set2 (66).jpg,./dataset/skeleton_final_v2/scissors/scissors-set2 (66).npy
scissors,scissors-set2 (693),test,./data/raw/FullLabelled/scissors/scissors-set2 (693).jpg,./dataset/skeleton_final_v2/scissors/scissors-set2 (693).npy
ok,ok_1945,test,./data/raw/FullLabelled/ok/ok_1945.jpg,./dataset/skeleton_final_v2/ok/ok_1945.npy
ok,ok (74),test,./data/raw/FullLabelled/ok/ok (74).jpg,./dataset/skeleton_final_v2/ok/ok (74).npy
paper,paper_9158,test,./data/raw/FullLabelled/paper/paper_9158.jpg,./dataset/skeleton_final_v2/paper/paper_9158.npy
paper,paper-set2 (85),test,./data/raw/FullLabelled/paper/paper-set2 (85).jpg,./dataset/skeleton_final_v2/paper/paper-set2 (85).npy
paper,paper (59),test,./data/raw/FullLabelled/paper/paper (59).jpg,./dataset/skeleton_final_v2/paper/paper (59).npy
ok,ok (146),test,./data/raw/FullLabelled/ok/ok (146).jpg,./dataset/skeleton_final_v2/ok/ok (146).npy
ok,ok_8538,test,./data/raw/FullLabelled/ok/ok_8538.jpg,./dataset/skeleton_final_v2/ok/ok_8538.npy
rock,rock-set2 (166),test,./data/raw/FullLabelled/rock/rock-set2 (166).jpg,./dataset/skeleton_final_v2/rock/rock-set2 (166).npy
the-finger,the-finger-set2 (239),test,./data/raw/FullLabelled/the-finger/the-finger-set2 (239).jpg,./dataset/skeleton_final_v2/the-finger/the-finger-set2 (239).npy
paper,paper-set2 (94),test,./data/raw/FullLabelled/paper/paper-set2 (94).jpg,./dataset/skeleton_final_v2/paper/paper-set2 (94).npy
paper,paper-set2 (367),test,./data/raw/FullLabelled/paper/paper-set2 (367).jpg,./dataset/skeleton_final_v2/paper/paper-set2 (367).npy
ok,ok_2917,test,./data/raw/FullLabelled/ok/ok_2917.jpg,./dataset/skeleton_final_v2/ok/ok_2917.npy
scissors,scissors-set2 (361),test,./data/raw/FullLabelled/scissors/scissors-set2 (361).jpg,./dataset/skeleton_final_v2/scissors/scissors-set2 (361).npy
ok,ok_Set2_ (71),test,./data/raw/FullLabelled/ok/ok_Set2_ (71).jpg,./dataset/skeleton_final_v2/ok/ok_Set2_ (71).npy
the-finger,the-finger-set2 (79),test,./data/raw/FullLabelled/the-finger/the-finger-set2 (79).jpg,./dataset/skeleton_final_v2/the-finger/the-finger-set2 (79).npy
paper,paper_6531,test,./data/raw/FullLabelled/paper/paper_6531.jpg,./dataset/skeleton_final_v2/paper/paper_6531.npy
paper,paper-set2 (17),test,./data/raw/FullLabelled/paper/paper-set2 (17).jpg,./dataset/skeleton_final_v2/paper/paper-set2 (17).npy
ok,ok_Set2_ (246),test,./data/raw/FullLabelled/ok/ok_Set2_ (246).jpg,./dataset/skeleton_final_v2/ok/ok_Set2_ (246).npy
ok,ok_Set2_ (373),test,./data/raw/FullLabelled/ok/ok_Set2_ (373).jpg,./dataset/skeleton_final_v2/ok/ok_Set2_ (373).npy
paper,paper_7960,test,./data/raw/FullLabelled/paper/paper_7960.jpg,./dataset/skeleton_final_v2/paper/paper_7960.npy
ok,ok_Set2_ (239),test,./data/raw/FullLabelled/ok/ok_Set2_ (239).jpg,./dataset/skeleton_final_v2/ok/ok_Set2_ (239).npy
rock,rock-set2 (603),test,./data/raw/FullLabelled/rock/rock-set2 (603).jpg,./dataset/skeleton_final_v2/rock/rock-set2 (603).npy
ok,ok_Set2_ (487),test,./data/raw/FullLabelled/ok/ok_Set2_ (487).jpg,./dataset/skeleton_final_v2/ok/ok_Set2_ (487).npy
ok,ok_Set2_ (395),test,./data/raw/FullLabelled/ok/ok_Set2_ (395).jpg,./dataset/skeleton_final_v2/ok/ok_Set2_ (395).npy
rock,rock-set2 (54),test,./data/raw/FullLabelled/rock/rock-set2 (54).jpg,./dataset/skeleton_final_v2/rock/rock-set2 (54).npy
the-finger,the-finger_6059,test,./data/raw/FullLabelled/the-finger/the-finger_6059.jpg,./dataset/skeleton_final_v2/the-finger/the-finger_6059.npy
paper,paper_6342,test,./data/raw/FullLabelled/paper/paper_6342.jpg,./dataset/skeleton_final_v2/paper/paper_6342.npy
the-finger,the-finger-set2 (102),test,./data/raw/FullLabelled/the-finger/the-finger-set2 (102).jpg,./dataset/skeleton_final_v2/the-finger/the-finger-set2 (102).npy
scissors,scissors_5749,test,./data/raw/FullLabelled/scissors/scissors_5749.jpg,./dataset/skeleton_final_v2/scissors/scissors_5749.npy
scissors,scissors_6958,test,./data/raw/FullLabelled/scissors/scissors_6958.jpg,./dataset/skeleton_final_v2/scissors/scissors_6958.npy
ok,ok (228),test,./data/raw/FullLabelled/ok/ok (228).jpg,./dataset/skeleton_final_v2/ok/ok (228).npy
ok,ok (66),test,./data/raw/FullLabelled/ok/ok (66).jpg,./dataset/skeleton_final_v2/ok/ok (66).npy
paper,paper_1832,test,./data/raw/FullLabelled/paper/paper_1832.jpg,./dataset/skeleton_final_v2/paper/paper_1832.npy
ok,ok_Set2_ (65),test,./data/raw/FullLabelled/ok/ok_Set2_ (65).jpg,./dataset/skeleton_final_v2/ok/ok_Set2_ (65).npy
ok,ok_1540,test,./data/raw/FullLabelled/ok/ok_1540.jpg,./dataset/skeleton_final_v2/ok/ok_1540.npy
scissors,scissors_6161,test,./data/raw/FullLabelled/scissors/scissors_6161.jpg,./dataset/skeleton_final_v2/scissors/scissors_6161.npy
scissors,scissors_1115,test,./data/raw/FullLabelled/scissors/scissors_1115.jpg,./dataset/skeleton_final_v2/scissors/scissors_1115.npy
scissors,scissors-set2 (399),test,./data/raw/FullLabelled/scissors/scissors-set2 (399).jpg,./dataset/skeleton_final_v2/scissors/scissors-set2 (399).npy
paper,paper_2471,test,./data/raw/FullLabelled/paper/paper_2471.jpg,./dataset/skeleton_final_v2/paper/paper_2471.npy
ok,ok (241),test,./data/raw/FullLabelled/ok/ok (241).jpg,./dataset/skeleton_final_v2/ok/ok (241).npy
paper,paper (122),test,./data/raw/FullLabelled/paper/paper (122).jpg,./dataset/skeleton_final_v2/paper/paper (122).npy
rock,rock-set2 (363),test,./data/raw/FullLabelled/rock/rock-set2 (363).jpg,./dataset/skeleton_final_v2/rock/rock-set2 (363).npy
paper,paper-set2 (382),test,./data/raw/FullLabelled/paper/paper-set2 (382).jpg,./dataset/skeleton_final_v2/paper/paper-set2 (382).npy
paper,paper-set2 (259),test,./data/raw/FullLabelled/paper/paper-set2 (259).jpg,./dataset/skeleton_final_v2/paper/paper-set2 (259).npy
ok,ok_Set2_ (247),test,./data/raw/FullLabelled/ok/ok_Set2_ (247).jpg,./dataset/skeleton_final_v2/ok/ok_Set2_ (247).npy
ok,ok_5958,test,./data/raw/FullLabelled/ok/ok_5958.jpg,./dataset/skeleton_final_v2/ok/ok_5958.npy
the-finger,the-finger-set2 (352),test,./data/raw/FullLabelled/the-finger/the-finger-set2 (352).jpg,./dataset/skeleton_final_v2/the-finger/the-finger-set2 (352).npy
ok,ok_5530,test,./data/raw/FullLabelled/ok/ok_5530.jpg,./dataset/skeleton_final_v2/ok/ok_5530.npy
scissors,scissors-set2 (189),test,./data/raw/FullLabelled/scissors/scissors-set2 (189).jpg,./dataset/skeleton_final_v2/scissors/scissors-set2 (189).npy
ok,ok_6402,test,./data/raw/FullLabelled/ok/ok_6402.jpg,./dataset/skeleton_final_v2/ok/ok_6402.npy
scissors,scissors-set2 (270),test,./data/raw/FullLabelled/scissors/scissors-set2 (270).jpg,./dataset/skeleton_final_v2/scissors/scissors-set2 (270).npy
ok,ok_Set2_ (63),test,./data/raw/FullLabelled/ok/ok_Set2_ (63).jpg,./dataset/skeleton_final_v2/ok/ok_Set2_ (63).npy
ok,ok_6191,test,./data/raw/FullLabelled/ok/ok_6191.jpg,./dataset/skeleton_final_v2/ok/ok_6191.npy
ok,ok (32),test,./data/raw/FullLabelled/ok/ok (32).jpg,./dataset/skeleton_final_v2/ok/ok (32).npy
rock,rock_2,test,./data/raw/FullLabelled/rock/rock_2.jpg,./dataset/skeleton_final_v2/rock/rock_2.npy
scissors,scissors_3847,test,./data/raw/FullLabelled/scissors/scissors_3847.jpg,./dataset/skeleton_final_v2/scissors/scissors_3847.npy
rock,rock-set2 (43),test,./data/raw/FullLabelled/rock/rock-set2 (43).jpg,./dataset/skeleton_final_v2/rock/rock-set2 (43).npy
scissors,scissors-set2 (325),test,./data/raw/FullLabelled/scissors/scissors-set2 (325).jpg,./dataset/skeleton_final_v2/scissors/scissors-set2 (325).npy
ok,ok_Set2_ (454),test,./data/raw/FullLabelled/ok/ok_Set2_ (454).jpg,./dataset/skeleton_final_v2/ok/ok_Set2_ (454).npy
the-finger,the-finger-set2 (133),test,./data/raw/FullLabelled/the-finger/the-finger-set2 (133).jpg,./dataset/skeleton_final_v2/the-finger/the-finger-set2 (133).npy
ok,ok_5542,test,./data/raw/FullLabelled/ok/ok_5542.jpg,./dataset/skeleton_final_v2/ok/ok_5542.npy
paper,paper_1051,test,./data/raw/FullLabelled/paper/paper_1051.jpg,./dataset/skeleton_final_v2/paper/paper_1051.npy
paper,paper (117),test,./data/raw/FullLabelled/paper/paper (117).jpg,./dataset/skeleton_final_v2/paper/paper (117).npy
scissors,scissors-set2 (512),test,./data/raw/FullLabelled/scissors/scissors-set2 (512).jpg,./dataset/skeleton_final_v2/scissors/scissors-set2 (512).npy
ok,ok_Set2_ (532),test,./data/raw/FullLabelled/ok/ok_Set2_ (532).jpg,./dataset/skeleton_final_v2/ok/ok_Set2_ (532).npy
ok,ok_Set2_ (81),test,./data/raw/FullLabelled/ok/ok_Set2_ (81).jpg,./dataset/skeleton_final_v2/ok/ok_Set2_ (81).npy
paper,paper_5160,test,./data/raw/FullLabelled/paper/paper_5160.jpg,./dataset/skeleton_final_v2/paper/paper_5160.npy
scissors,scissors-set2 (702),test,./data/raw/FullLabelled/scissors/scissors-set2 (702).jpg,./dataset/skeleton_final_v2/scissors/scissors-set2 (702).npy
rock,rock-set2 (216),test,./data/raw/FullLabelled/rock/rock-set2 (216).jpg,./dataset/skeleton_final_v2/rock/rock-set2 (216).npy
paper,paper_4600,test,./data/raw/FullLabelled/paper/paper_4600.jpg,./dataset/skeleton_final_v2/paper/paper_4600.npy
ok,ok (2),test,./data/raw/FullLabelled/ok/ok (2).jpg,./dataset/skeleton_final_v2/ok/ok (2).npy
scissors,scissors (358),test,./data/raw/FullLabelled/scissors/scissors (358).jpg,./dataset/skeleton_final_v2/scissors/scissors (358).npy
scissors,scissors (374),test,./data/raw/FullLabelled/scissors/scissors (374).jpg,./dataset/skeleton_final_v2/scissors/scissors (374).npy
ok,ok_Set2_ (122),test,./data/raw/FullLabelled/ok/ok_Set2_ (122).jpg,./dataset/skeleton_final_v2/ok/ok_Set2_ (122).npy
ok,ok_Set2_ (14),test,./data/raw/FullLabelled/ok/ok_Set2_ (14).jpg,./dataset/skeleton_final_v2/ok/ok_Set2_ (14).npy
scissors,scissors (480),test,./data/raw/FullLabelled/scissors/scissors (480).jpg,./dataset/skeleton_final_v2/scissors/scissors (480).npy
scissors,scissors-set2 (294),test,./data/raw/FullLabelled/scissors/scissors-set2 (294).jpg,./dataset/skeleton_final_v2/scissors/scissors-set2 (294).npy
scissors,scissors_6725,test,./data/raw/FullLabelled/scissors/scissors_6725.jpg,./dataset/skeleton_final_v2/scissors/scissors_6725.npy
rock,rock_3583,test,./data/raw/FullLabelled/rock/rock_3583.jpg,./dataset/skeleton_final_v2/rock/rock_3583.npy
scissors,scissors-set2 (681),test,./data/raw/FullLabelled/scissors/scissors-set2 (681).jpg,./dataset/skeleton_final_v2/scissors/scissors-set2 (681).npy
scissors,scissors-set2 (7),test,./data/raw/FullLabelled/scissors/scissors-set2 (7).jpg,./dataset/skeleton_final_v2/scissors/scissors-set2 (7).npy
the-finger,the-finger-set2 (342),test,./data/raw/FullLabelled/the-finger/the-finger-set2 (342).jpg,./dataset/skeleton_final_v2/the-finger/the-finger-set2 (342).npy
paper,paper_6533,test,./data/raw/FullLabelled/paper/paper_6533.jpg,./dataset/skeleton_final_v2/paper/paper_6533.npy
the-finger,the-finger-set2 (201),test,./data/raw/FullLabelled/the-finger/the-finger-set2 (201).jpg,./dataset/skeleton_final_v2/the-finger/the-finger-set2 (201).npy
the-finger,the-finger-set2 (354),test,./data/raw/FullLabelled/the-finger/the-finger-set2 (354).jpg,./dataset/skeleton_final_v2/the-finger/the-finger-set2 (354).npy
paper,paper_1462,test,./data/raw/FullLabelled/paper/paper_1462.jpg,./dataset/skeleton_final_v2/paper/paper_1462.npy
scissors,scissors_5190,test,./data/raw/FullLabelled/scissors/scissors_5190.jpg,./dataset/skeleton_final_v2/scissors/scissors_5190.npy
the-finger,the-finger-set2 (108),test,./data/raw/FullLabelled/the-finger/the-finger-set2 (108).jpg,./dataset/skeleton_final_v2/the-finger/the-finger-set2 (108).npy
ok,ok_3981,test,./data/raw/FullLabelled/ok/ok_3981.jpg,./dataset/skeleton_final_v2/ok/ok_3981.npy
scissors,scissors (61),test,./data/raw/FullLabelled/scissors/scissors (61).jpg,./dataset/skeleton_final_v2/scissors/scissors (61).npy
the-finger,the-finger-set2 (246),test,./data/raw/FullLabelled/the-finger/the-finger-set2 (246).jpg,./dataset/skeleton_final_v2/the-finger/the-finger-set2 (246).npy
the-finger,the-finger-set2 (155),test,./data/raw/FullLabelled/the-finger/the-finger-set2 (155).jpg,./dataset/skeleton_final_v2/the-finger/the-finger-set2 (155).npy
ok,ok_7000,test,./data/raw/FullLabelled/ok/ok_7000.jpg,./dataset/skeleton_final_v2/ok/ok_7000.npy
paper,paper-set2 (158),test,./data/raw/FullLabelled/paper/paper-set2 (158).jpg,./dataset/skeleton_final_v2/paper/paper-set2 (158).npy
scissors,scissors-set2 (249),test,./data/raw/FullLabelled/scissors/scissors-set2 (249).jpg,./dataset/skeleton_final_v2/scissors/scissors-set2 (249).npy
ok,ok (160),test,./data/raw/FullLabelled/ok/ok (160).jpg,./dataset/skeleton_final_v2/ok/ok (160).npy
paper,paper-set2 (437),test,./data/raw/FullLabelled/paper/paper-set2 (437).jpg,./dataset/skeleton_final_v2/paper/paper-set2 (437).npy
the-finger,the-finger (1),test,./data/raw/FullLabelled/the-finger/the-finger (1).jpg,./dataset/skeleton_final_v2/the-finger/the-finger (1).npy
scissors,scissors-set2 (596),test,./data/raw/FullLabelled/scissors/scissors-set2 (596).jpg,./dataset/skeleton_final_v2/scissors/scissors-set2 (596).npy
ok,ok (104),test,./data/raw/FullLabelled/ok/ok (104).jpg,./dataset/skeleton_final_v2/ok/ok (104).npy
scissors,scissors-set2 (392),test,./data/raw/FullLabelled/scissors/scissors-set2 (392).jpg,./dataset/skeleton_final_v2/scissors/scissors-set2 (392).npy
paper,paper_3695,test,./data/raw/FullLabelled/paper/paper_3695.jpg,./dataset/skeleton_final_v2/paper/paper_3695.npy
paper,paper-set2 (440),test,./data/raw/FullLabelled/paper/paper-set2 (440).jpg,./dataset/skeleton_final_v2/paper/paper-set2 (440).npy
the-finger,the-finger_3507,test,./data/raw/FullLabelled/the-finger/the-finger_3507.jpg,./dataset/skeleton_final_v2/the-finger/the-finger_3507.npy
paper,paper_9150,test,./data/raw/FullLabelled/paper/paper_9150.jpg,./dataset/skeleton_final_v2/paper/paper_9150.npy
ok,ok_Set2_ (347),test,./data/raw/FullLabelled/ok/ok_Set2_ (347).jpg,./dataset/skeleton_final_v2/ok/ok_Set2_ (347).npy
scissors,scissors-set2 (209),test,./data/raw/FullLabelled/scissors/scissors-set2 (209).jpg,./dataset/skeleton_final_v2/scissors/scissors-set2 (209).npy
scissors,scissors_434,test,./data/raw/FullLabelled/scissors/scissors_434.jpg,./dataset/skeleton_final_v2/scissors/scissors_434.npy
the-finger,the-finger-set2 (364),test,./data/raw/FullLabelled/the-finger/the-finger-set2 (364).jpg,./dataset/skeleton_final_v2/the-finger/the-finger-set2 (364).npy
paper,paper-set2 (20),test,./data/raw/FullLabelled/paper/paper-set2 (20).jpg,./dataset/skeleton_final_v2/paper/paper-set2 (20).npy
the-finger,the-finger-set2 (229),test,./data/raw/FullLabelled/the-finger/the-finger-set2 (229).jpg,./dataset/skeleton_final_v2/the-finger/the-finger-set2 (229).npy
the-finger,the-finger_3466,test,./data/raw/FullLabelled/the-finger/the-finger_3466.jpg,./dataset/skeleton_final_v2/the-finger/the-finger_3466.npy
scissors,scissors-set2 (311),test,./data/raw/FullLabelled/scissors/scissors-set2 (311).jpg,./dataset/skeleton_final_v2/scissors/scissors-set2 (311).npy
paper,paper (29),test,./data/raw/FullLabelled/paper/paper (29).jpg,./dataset/skeleton_final_v2/paper/paper (29).npy
ok,ok_Set2_ (397),test,./data/raw/FullLabelled/ok/ok_Set2_ (397).jpg,./dataset/skeleton_final_v2/ok/ok_Set2_ (397).npy
paper,paper-set2 (394),test,./data/raw/FullLabelled/paper/paper-set2 (394).jpg,./dataset/skeleton_final_v2/paper/paper-set2 (394).npy
scissors,scissors_4615,test,./data/raw/FullLabelled/scissors/scissors_4615.jpg,./dataset/skeleton_final_v2/scissors/scissors_4615.npy
ok,ok_Set2_ (241),test,./data/raw/FullLabelled/ok/ok_Set2_ (241).jpg,./dataset/skeleton_final_v2/ok/ok_Set2_ (241).npy
ok,ok_Set2_ (413),test,./data/raw/FullLabelled/ok/ok_Set2_ (413).jpg,./dataset/skeleton_final_v2/ok/ok_Set2_ (413).npy
paper,paper_382,test,./data/raw/FullLabelled/paper/paper_382.jpg,./dataset/skeleton_final_v2/paper/paper_382.npy
paper,paper_7577,test,./data/raw/FullLabelled/paper/paper_7577.jpg,./dataset/skeleton_final_v2/paper/paper_7577.npy
paper,paper-set2 (169),test,./data/raw/FullLabelled/paper/paper-set2 (169).jpg,./dataset/skeleton_final_v2/paper/paper-set2 (169).npy
ok,ok_Set2_ (167),test,./data/raw/FullLabelled/ok/ok_Set2_ (167).jpg,./dataset/skeleton_final_v2/ok/ok_Set2_ (167).npy
scissors,scissors-set2 (739),test,./data/raw/FullLabelled/scissors/scissors-set2 (739).jpg,./dataset/skeleton_final_v2/scissors/scissors-set2 (739).npy
paper,paper (210),test,./data/raw/FullLabelled/paper/paper (210).jpg,./dataset/skeleton_final_v2/paper/paper (210).npy
scissors,scissors_1885,test,./data/raw/FullLabelled/scissors/scissors_1885.jpg,./dataset/skeleton_final_v2/scissors/scissors_1885.npy
scissors,scissors (8),test,./data/raw/FullLabelled/scissors/scissors (8).jpg,./dataset/skeleton_final_v2/scissors/scissors (8).npy
paper,paper-set2 (469),test,./data/raw/FullLabelled/paper/paper-set2 (469).jpg,./dataset/skeleton_final_v2/paper/paper-set2 (469).npy
the-finger,the-finger_7264,test,./data/raw/FullLabelled/the-finger/the-finger_7264.jpg,./dataset/skeleton_final_v2/the-finger/the-finger_7264.npy
paper,paper-set2 (450),test,./data/raw/FullLabelled/paper/paper-set2 (450).jpg,./dataset/skeleton_final_v2/paper/paper-set2 (450).npy
ok,ok (123),test,./data/raw/FullLabelled/ok/ok (123).jpg,./dataset/skeleton_final_v2/ok/ok (123).npy
paper,paper_3771,test,./data/raw/FullLabelled/paper/paper_3771.jpg,./dataset/skeleton_final_v2/paper/paper_3771.npy
paper,paper-set2 (304),test,./data/raw/FullLabelled/paper/paper-set2 (304).jpg,./dataset/skeleton_final_v2/paper/paper-set2 (304).npy
ok,ok (219),test,./data/raw/FullLabelled/ok/ok (219).jpg,./dataset/skeleton_final_v2/ok/ok (219).npy
ok,ok_Set2_ (31),test,./data/raw/FullLabelled/ok/ok_Set2_ (31).jpg,./dataset/skeleton_final_v2/ok/ok_Set2_ (31).npy
scissors,scissors-set2 (33),test,./data/raw/FullLabelled/scissors/scissors-set2 (33).jpg,./dataset/skeleton_final_v2/scissors/scissors-set2 (33).npy
scissors,scissors (405),test,./data/raw/FullLabelled/scissors/scissors (405).jpg,./dataset/skeleton_final_v2/scissors/scissors (405).npy
paper,paper (15),test,./data/raw/FullLabelled/paper/paper (15).jpg,./dataset/skeleton_final_v2/paper/paper (15).npy
paper,paper (152),test,./data/raw/FullLabelled/paper/paper (152).jpg,./dataset/skeleton_final_v2/paper/paper (152).npy
scissors,scissors-set2 (396),test,./data/raw/FullLabelled/scissors/scissors-set2 (396).jpg,./dataset/skeleton_final_v2/scissors/scissors-set2 (396).npy
ok,ok_3971,test,./data/raw/FullLabelled/ok/ok_3971.jpg,./dataset/skeleton_final_v2/ok/ok_3971.npy
paper,paper_6123,test,./data/raw/FullLabelled/paper/paper_6123.jpg,./dataset/skeleton_final_v2/paper/paper_6123.npy
scissors,scissors_7166,test,./data/raw/FullLabelled/scissors/scissors_7166.jpg,./dataset/skeleton_final_v2/scissors/scissors_7166.npy
paper,paper (9),test,./data/raw/FullLabelled/paper/paper (9).jpg,./dataset/skeleton_final_v2/paper/paper (9).npy
paper,paper-set2 (421),test,./data/raw/FullLabelled/paper/paper-set2 (421).jpg,./dataset/skeleton_final_v2/paper/paper-set2 (421).npy
scissors,scissors-set2 (541),test,./data/raw/FullLabelled/scissors/scissors-set2 (541).jpg,./dataset/skeleton_final_v2/scissors/scissors-set2 (541).npy
paper,paper-set2 (255),test,./data/raw/FullLabelled/paper/paper-set2 (255).jpg,./dataset/skeleton_final_v2/paper/paper-set2 (255).npy
scissors,scissors-set2 (152),test,./data/raw/FullLabelled/scissors/scissors-set2 (152).jpg,./dataset/skeleton_final_v2/scissors/scissors-set2 (152).npy
scissors,scissors-set2 (711),test,./data/raw/FullLabelled/scissors/scissors-set2 (711).jpg,./dataset/skeleton_final_v2/scissors/scissors-set2 (711).npy
rock,rock_6499,test,./data/raw/FullLabelled/rock/rock_6499.jpg,./dataset/skeleton_final_v2/rock/rock_6499.npy
paper,paper_9164,test,./data/raw/FullLabelled/paper/paper_9164.jpg,./dataset/skeleton_final_v2/paper/paper_9164.npy
paper,paper (88),test,./data/raw/FullLabelled/paper/paper (88).jpg,./dataset/skeleton_final_v2/paper/paper (88).npy
ok,ok_7001,test,./data/raw/FullLabelled/ok/ok_7001.jpg,./dataset/skeleton_final_v2/ok/ok_7001.npy
scissors,scissors (370),test,./data/raw/FullLabelled/scissors/scissors (370).jpg,./dataset/skeleton_final_v2/scissors/scissors (370).npy
rock,rock_704,test,./data/raw/FullLabelled/rock/rock_704.jpg,./dataset/skeleton_final_v2/rock/rock_704.npy
ok,ok (70),test,./data/raw/FullLabelled/ok/ok (70).jpg,./dataset/skeleton_final_v2/ok/ok (70).npy
ok,ok_Set2_ (500),test,./data/raw/FullLabelled/ok/ok_Set2_ (500).jpg,./dataset/skeleton_final_v2/ok/ok_Set2_ (500).npy
ok,ok_Set2_ (367),test,./data/raw/FullLabelled/ok/ok_Set2_ (367).jpg,./dataset/skeleton_final_v2/ok/ok_Set2_ (367).npy
ok,ok_2862,test,./data/raw/FullLabelled/ok/ok_2862.jpg,./dataset/skeleton_final_v2/ok/ok_2862.npy
ok,ok_Set2_ (262),test,./data/raw/FullLabelled/ok/ok_Set2_ (262).jpg,./dataset/skeleton_final_v2/ok/ok_Set2_ (262).npy
paper,paper_7585,test,./data/raw/FullLabelled/paper/paper_7585.jpg,./dataset/skeleton_final_v2/paper/paper_7585.npy
the-finger,the-finger_233,test,./data/raw/FullLabelled/the-finger/the-finger_233.jpg,./dataset/skeleton_final_v2/the-finger/the-finger_233.npy
the-finger,the-finger-set2 (208),test,./data/raw/FullLabelled/the-finger/the-finger-set2 (208).jpg,./dataset/skeleton_final_v2/the-finger/the-finger-set2 (208).npy
ok,ok_Set2_ (270),test,./data/raw/FullLabelled/ok/ok_Set2_ (270).jpg,./dataset/skeleton_final_v2/ok/ok_Set2_ (270).npy
paper,paper-set2 (329),test,./data/raw/FullLabelled/paper/paper-set2 (329).jpg,./dataset/skeleton_final_v2/paper/paper-set2 (329).npy
ok,ok_Set2_ (321),test,./data/raw/FullLabelled/ok/ok_Set2_ (321).jpg,./dataset/skeleton_final_v2/ok/ok_Set2_ (321).npy
paper,paper_4586,test,./data/raw/FullLabelled/paper/paper_4586.jpg,./dataset/skeleton_final_v2/paper/paper_4586.npy
paper,paper (228),test,./data/raw/FullLabelled/paper/paper (228).jpg,./dataset/skeleton_final_v2/paper/paper (228).npy
ok,ok_Set2_ (164),test,./data/raw/FullLabelled/ok/ok_Set2_ (164).jpg,./dataset/skeleton_final_v2/ok/ok_Set2_ (164).npy
ok,ok (254),test,./data/raw/FullLabelled/ok/ok (254).jpg,./dataset/skeleton_final_v2/ok/ok (254).npy
ok,ok_Set2_ (324),test,./data/raw/FullLabelled/ok/ok_Set2_ (324).jpg,./dataset/skeleton_final_v2/ok/ok_Set2_ (324).npy
ok,ok (138),test,./data/raw/FullLabelled/ok/ok (138).jpg,./dataset/skeleton_final_v2/ok/ok (138).npy
rock,rock-set2 (52),test,./data/raw/FullLabelled/rock/rock-set2 (52).jpg,./dataset/skeleton_final_v2/rock/rock-set2 (52).npy
ok,ok_2524,test,./data/raw/FullLabelled/ok/ok_2524.jpg,./dataset/skeleton_final_v2/ok/ok_2524.npy
ok,ok_Set2_ (401),test,./data/raw/FullLabelled/ok/ok_Set2_ (401).jpg,./dataset/skeleton_final_v2/ok/ok_Set2_ (401).npy
ok,ok_Set2_ (37),test,./data/raw/FullLabelled/ok/ok_Set2_ (37).jpg,./dataset/skeleton_final_v2/ok/ok_Set2_ (37).npy
the-finger,the-finger (145),test,./data/raw/FullLabelled/the-finger/the-finger (145).jpg,./dataset/skeleton_final_v2/the-finger/the-finger (145).npy
the-finger,the-finger-set2 (95),test,./data/raw/FullLabelled/the-finger/the-finger-set2 (95).jpg,./dataset/skeleton_final_v2/the-finger/the-finger-set2 (95).npy
scissors,scissors (393),test,./data/raw/FullLabelled/scissors/scissors (393).jpg,./dataset/skeleton_final_v2/scissors/scissors (393).npy
ok,ok_5778,test,./data/raw/FullLabelled/ok/ok_5778.jpg,./dataset/skeleton_final_v2/ok/ok_5778.npy
paper,paper_6518,test,./data/raw/FullLabelled/paper/paper_6518.jpg,./dataset/skeleton_final_v2/paper/paper_6518.npy
the-finger,the-finger_7267,test,./data/raw/FullLabelled/the-finger/the-finger_7267.jpg,./dataset/skeleton_final_v2/the-finger/the-finger_7267.npy
paper,paper (249),test,./data/raw/FullLabelled/paper/paper (249).jpg,./dataset/skeleton_final_v2/paper/paper (249).npy
ok,ok_6194,test,./data/raw/FullLabelled/ok/ok_6194.jpg,./dataset/skeleton_final_v2/ok/ok_6194.npy
scissors,scissors-set2 (598),test,./data/raw/FullLabelled/scissors/scissors-set2 (598).jpg,./dataset/skeleton_final_v2/scissors/scissors-set2 (598).npy
the-finger,the-finger-set2 (1),test,./data/raw/FullLabelled/the-finger/the-finger-set2 (1).jpg,./dataset/skeleton_final_v2/the-finger/the-finger-set2 (1).npy
ok,ok_Set2_ (415),test,./data/raw/FullLabelled/ok/ok_Set2_ (415).jpg,./dataset/skeleton_final_v2/ok/ok_Set2_ (415).npy
scissors,scissors-set2 (113),test,./data/raw/FullLabelled/scissors/scissors-set2 (113).jpg,./dataset/skeleton_final_v2/scissors/scissors-set2 (113).npy
scissors,scissors-set2 (722),test,./data/raw/FullLabelled/scissors/scissors-set2 (722).jpg,./dataset/skeleton_final_v2/scissors/scissors-set2 (722).npy
paper,paper_5154,test,./data/raw/FullLabelled/paper/paper_5154.jpg,./dataset/skeleton_final_v2/paper/paper_5154.npy
ok,ok_Set2_ (6),test,./data/raw/FullLabelled/ok/ok_Set2_ (6).jpg,./dataset/skeleton_final_v2/ok/ok_Set2_ (6).npy
rock,rock-set2 (563),test,./data/raw/FullLabelled/rock/rock-set2 (563).jpg,./dataset/skeleton_final_v2/rock/rock-set2 (563).npy
scissors,scissors-set2 (116),test,./data/raw/FullLabelled/scissors/scissors-set2 (116).jpg,./dataset/skeleton_final_v2/scissors/scissors-set2 (116).npy
rock,rock_678,test,./data/raw/FullLabelled/rock/rock_678.jpg,./dataset/skeleton_final_v2/rock/rock_678.npy
ok,ok_6585,test,./data/raw/FullLabelled/ok/ok_6585.jpg,./dataset/skeleton_final_v2/ok/ok_6585.npy
paper,paper (195),test,./data/raw/FullLabelled/paper/paper (195).jpg,./dataset/skeleton_final_v2/paper/paper (195).npy
ok,ok_Set2_ (335),test,./data/raw/FullLabelled/ok/ok_Set2_ (335).jpg,./dataset/skeleton_final_v2/ok/ok_Set2_ (335).npy
rock,rock-set2 (307),test,./data/raw/FullLabelled/rock/rock-set2 (307).jpg,./dataset/skeleton_final_v2/rock/rock-set2 (307).npy
the-finger,the-finger_6297,test,./data/raw/FullLabelled/the-finger/the-finger_6297.jpg,./dataset/skeleton_final_v2/the-finger/the-finger_6297.npy
scissors,scissors-set2 (554),test,./data/raw/FullLabelled/scissors/scissors-set2 (554).jpg,./dataset/skeleton_final_v2/scissors/scissors-set2 (554).npy
scissors,scissors (186),test,./data/raw/FullLabelled/scissors/scissors (186).jpg,./dataset/skeleton_final_v2/scissors/scissors (186).npy
scissors,scissors-set2 (691),test,./data/raw/FullLabelled/scissors/scissors-set2 (691).jpg,./dataset/skeleton_final_v2/scissors/scissors-set2 (691).npy
ok,ok_Set2_ (434),test,./data/raw/FullLabelled/ok/ok_Set2_ (434).jpg,./dataset/skeleton_final_v2/ok/ok_Set2_ (434).npy
scissors,scissors_3905,test,./data/raw/FullLabelled/scissors/scissors_3905.jpg,./dataset/skeleton_final_v2/scissors/scissors_3905.npy
scissors,scissors (433),test,./data/raw/FullLabelled/scissors/scissors (433).jpg,./dataset/skeleton_final_v2/scissors/scissors (433).npy
the-finger,the-finger (54),test,./data/raw/FullLabelled/the-finger/the-finger (54).jpg,./dataset/skeleton_final_v2/the-finger/the-finger (54).npy
paper,paper_5450,test,./data/raw/FullLabelled/paper/paper_5450.jpg,./dataset/skeleton_final_v2/paper/paper_5450.npy
paper,paper-set2 (316),test,./data/raw/FullLabelled/paper/paper-set2 (316).jpg,./dataset/skeleton_final_v2/paper/paper-set2 (316).npy
rock,rock-set2 (564),test,./data/raw/FullLabelled/rock/rock-set2 (564).jpg,./dataset/skeleton_final_v2/rock/rock-set2 (564).npy
paper,paper-set2 (414),test,./data/raw/FullLabelled/paper/paper-set2 (414).jpg,./dataset/skeleton_final_v2/paper/paper-set2 (414).npy
paper,paper-set2 (356),test,./data/raw/FullLabelled/paper/paper-set2 (356).jpg,./dataset/skeleton_final_v2/paper/paper-set2 (356).npy
ok,ok_Set2_ (573),test,./data/raw/FullLabelled/ok/ok_Set2_ (573).jpg,./dataset/skeleton_final_v2/ok/ok_Set2_ (573).npy
paper,paper_4602,test,./data/raw/FullLabelled/paper/paper_4602.jpg,./dataset/skeleton_final_v2/paper/paper_4602.npy
paper,paper-set2 (416),test,./data/raw/FullLabelled/paper/paper-set2 (416).jpg,./dataset/skeleton_final_v2/paper/paper-set2 (416).npy
scissors,scissors-set2 (508),test,./data/raw/FullLabelled/scissors/scissors-set2 (508).jpg,./dataset/skeleton_final_v2/scissors/scissors-set2 (508).npy
ok,ok_Set2_ (526),test,./data/raw/FullLabelled/ok/ok_Set2_ (526).jpg,./dataset/skeleton_final_v2/ok/ok_Set2_ (526).npy
ok,ok_Set2_ (175),test,./data/raw/FullLabelled/ok/ok_Set2_ (175).jpg,./dataset/skeleton_final_v2/ok/ok_Set2_ (175).npy
paper,paper-set2 (52),test,./data/raw/FullLabelled/paper/paper-set2 (52).jpg,./dataset/skeleton_final_v2/paper/paper-set2 (52).npy
rock,rock (240),test,./data/raw/FullLabelled/rock/rock (240).jpg,./dataset/skeleton_final_v2/rock/rock (240).npy
the-finger,the-finger_2254,test,./data/raw/FullLabelled/the-finger/the-finger_2254.jpg,./dataset/skeleton_final_v2/the-finger/the-finger_2254.npy
paper,paper_7153,test,./data/raw/FullLabelled/paper/paper_7153.jpg,./dataset/skeleton_final_v2/paper/paper_7153.npy
scissors,scissors-set2 (92),test,./data/raw/FullLabelled/scissors/scissors-set2 (92).jpg,./dataset/skeleton_final_v2/scissors/scissors-set2 (92).npy
ok,ok_1173,test,./data/raw/FullLabelled/ok/ok_1173.jpg,./dataset/skeleton_final_v2/ok/ok_1173.npy
the-finger,the-finger-set2 (135),test,./data/raw/FullLabelled/the-finger/the-finger-set2 (135).jpg,./dataset/skeleton_final_v2/the-finger/the-finger-set2 (135).npy
the-finger,the-finger-set2 (316),test,./data/raw/FullLabelled/the-finger/the-finger-set2 (316).jpg,./dataset/skeleton_final_v2/the-finger/the-finger-set2 (316).npy
scissors,scissors-set2 (441),test,./data/raw/FullLabelled/scissors/scissors-set2 (441).jpg,./dataset/skeleton_final_v2/scissors/scissors-set2 (441).npy
paper,paper_5458,test,./data/raw/FullLabelled/paper/paper_5458.jpg,./dataset/skeleton_final_v2/paper/paper_5458.npy
ok,ok_6980,test,./data/raw/FullLabelled/ok/ok_6980.jpg,./dataset/skeleton_final_v2/ok/ok_6980.npy
scissors,scissors-set2 (171),test,./data/raw/FullLabelled/scissors/scissors-set2 (171).jpg,./dataset/skeleton_final_v2/scissors/scissors-set2 (171).npy
ok,ok_8034,test,./data/raw/FullLabelled/ok/ok_8034.jpg,./dataset/skeleton_final_v2/ok/ok_8034.npy
scissors,scissors-set2 (494),test,./data/raw/FullLabelled/scissors/scissors-set2 (494).jpg,./dataset/skeleton_final_v2/scissors/scissors-set2 (494).npy
paper,paper-set2 (348),test,./data/raw/FullLabelled/paper/paper-set2 (348).jpg,./dataset/skeleton_final_v2/paper/paper-set2 (348).npy
scissors,scissors_8010,test,./data/raw/FullLabelled/scissors/scissors_8010.jpg,./dataset/skeleton_final_v2/scissors/scissors_8010.npy
ok,ok_Set2_ (468),test,./data/raw/FullLabelled/ok/ok_Set2_ (468).jpg,./dataset/skeleton_final_v2/ok/ok_Set2_ (468).npy
paper,paper_5156,test,./data/raw/FullLabelled/paper/paper_5156.jpg,./dataset/skeleton_final_v2/paper/paper_5156.npy
the-finger,the-finger (13),test,./data/raw/FullLabelled/the-finger/the-finger (13).jpg,./dataset/skeleton_final_v2/the-finger/the-finger (13).npy
paper,paper_3647,test,./data/raw/FullLabelled/paper/paper_3647.jpg,./dataset/skeleton_final_v2/paper/paper_3647.npy
ok,ok (162),test,./data/raw/FullLabelled/ok/ok (162).jpg,./dataset/skeleton_final_v2/ok/ok (162).npy
paper,paper-set2 (275),test,./data/raw/FullLabelled/paper/paper-set2 (275).jpg,./dataset/skeleton_final_v2/paper/paper-set2 (275).npy
scissors,scissors-set2 (665),test,./data/raw/FullLabelled/scissors/scissors-set2 (665).jpg,./dataset/skeleton_final_v2/scissors/scissors-set2 (665).npy
scissors,scissors-set2 (4),test,./data/raw/FullLabelled/scissors/scissors-set2 (4).jpg,./dataset/skeleton_final_v2/scissors/scissors-set2 (4).npy
scissors,scissors-set2 (657),test,./data/raw/FullLabelled/scissors/scissors-set2 (657).jpg,./dataset/skeleton_final_v2/scissors/scissors-set2 (657).npy
scissors,scissors_6718,test,./data/raw/FullLabelled/scissors/scissors_6718.jpg,./dataset/skeleton_final_v2/scissors/scissors_6718.npy
ok,ok_2526,test,./data/raw/FullLabelled/ok/ok_2526.jpg,./dataset/skeleton_final_v2/ok/ok_2526.npy
ok,ok_Set2_ (36),test,./data/raw/FullLabelled/ok/ok_Set2_ (36).jpg,./dataset/skeleton_final_v2/ok/ok_Set2_ (36).npy
scissors,scissors (325),test,./data/raw/FullLabelled/scissors/scissors (325).jpg,./dataset/skeleton_final_v2/scissors/scissors (325).npy
ok,ok_Set2_ (285),test,./data/raw/FullLabelled/ok/ok_Set2_ (285).jpg,./dataset/skeleton_final_v2/ok/ok_Set2_ (285).npy
the-finger,the-finger-set2 (436),test,./data/raw/FullLabelled/the-finger/the-finger-set2 (436).jpg,./dataset/skeleton_final_v2/the-finger/the-finger-set2 (436).npy
rock,rock (189),test,./data/raw/FullLabelled/rock/rock (189).jpg,./dataset/skeleton_final_v2/rock/rock (189).npy
ok,ok_6403,test,./data/raw/FullLabelled/ok/ok_6403.jpg,./dataset/skeleton_final_v2/ok/ok_6403.npy
paper,paper_7621,test,./data/raw/FullLabelled/paper/paper_7621.jpg,./dataset/skeleton_final_v2/paper/paper_7621.npy
rock,rock-set2 (220),test,./data/raw/FullLabelled/rock/rock-set2 (220).jpg,./dataset/skeleton_final_v2/rock/rock-set2 (220).npy
the-finger,the-finger-set2 (383),test,./data/raw/FullLabelled/the-finger/the-finger-set2 (383).jpg,./dataset/skeleton_final_v2/the-finger/the-finger-set2 (383).npy
ok,ok_5248,test,./data/raw/FullLabelled/ok/ok_5248.jpg,./dataset/skeleton_final_v2/ok/ok_5248.npy
scissors,scissors-set2 (605),test,./data/raw/FullLabelled/scissors/scissors-set2 (605).jpg,./dataset/skeleton_final_v2/scissors/scissors-set2 (605).npy
scissors,scissors-set2 (261),test,./data/raw/FullLabelled/scissors/scissors-set2 (261).jpg,./dataset/skeleton_final_v2/scissors/scissors-set2 (261).npy
the-finger,the-finger-set2 (297),test,./data/raw/FullLabelled/the-finger/the-finger-set2 (297).jpg,./dataset/skeleton_final_v2/the-finger/the-finger-set2 (297).npy
scissors,scissors_6720,test,./data/raw/FullLabelled/scissors/scissors_6720.jpg,./dataset/skeleton_final_v2/scissors/scissors_6720.npy
scissors,scissors-set2 (151),test,./data/raw/FullLabelled/scissors/scissors-set2 (151).jpg,./dataset/skeleton_final_v2/scissors/scissors-set2 (151).npy
ok,ok_Set2_ (354),test,./data/raw/FullLabelled/ok/ok_Set2_ (354).jpg,./dataset/skeleton_final_v2/ok/ok_Set2_ (354).npy
paper,paper (188),test,./data/raw/FullLabelled/paper/paper (188).jpg,./dataset/skeleton_final_v2/paper/paper (188).npy
scissors,scissors (327),test,./data/raw/FullLabelled/scissors/scissors (327).jpg,./dataset/skeleton_final_v2/scissors/scissors (327).npy
ok,ok_5546,test,./data/raw/FullLabelled/ok/ok_5546.jpg,./dataset/skeleton_final_v2/ok/ok_5546.npy
scissors,scissors-set2 (19),test,./data/raw/FullLabelled/scissors/scissors-set2 (19).jpg,./dataset/skeleton_final_v2/scissors/scissors-set2 (19).npy
paper,paper-set2 (266),test,./data/raw/FullLabelled/paper/paper-set2 (266).jpg,./dataset/skeleton_final_v2/paper/paper-set2 (266).npy
the-finger,the-finger (119),test,./data/raw/FullLabelled/the-finger/the-finger (119).jpg,./dataset/skeleton_final_v2/the-finger/the-finger (119).npy
the-finger,the-finger_6274,test,./data/raw/FullLabelled/the-finger/the-finger_6274.jpg,./dataset/skeleton_final_v2/the-finger/the-finger_6274.npy
rock,rock_8418,test,./data/raw/FullLabelled/rock/rock_8418.jpg,./dataset/skeleton_final_v2/rock/rock_8418.npy
ok,ok_71,test,./data/raw/FullLabelled/ok/ok_71.jpg,./dataset/skeleton_final_v2/ok/ok_71.npy
scissors,scissors-set2 (620),test,./data/raw/FullLabelled/scissors/scissors-set2 (620).jpg,./dataset/skeleton_final_v2/scissors/scissors-set2 (620).npy
paper,paper_1013,test,./data/raw/FullLabelled/paper/paper_1013.jpg,./dataset/skeleton_final_v2/paper/paper_1013.npy
paper,paper (67),test,./data/raw/FullLabelled/paper/paper (67).jpg,./dataset/skeleton_final_v2/paper/paper (67).npy
scissors,scissors_6969,test,./data/raw/FullLabelled/scissors/scissors_6969.jpg,./dataset/skeleton_final_v2/scissors/scissors_6969.npy
paper,paper_3687,test,./data/raw/FullLabelled/paper/paper_3687.jpg,./dataset/skeleton_final_v2/paper/paper_3687.npy
ok,ok_Set2_ (323),test,./data/raw/FullLabelled/ok/ok_Set2_ (323).jpg,./dataset/skeleton_final_v2/ok/ok_Set2_ (323).npy
scissors,scissors_2609,test,./data/raw/FullLabelled/scissors/scissors_2609.jpg,./dataset/skeleton_final_v2/scissors/scissors_2609.npy
scissors,scissors_5753,test,./data/raw/FullLabelled/scissors/scissors_5753.jpg,./dataset/skeleton_final_v2/scissors/scissors_5753.npy
ok,ok_Set2_ (26),test,./data/raw/FullLabelled/ok/ok_Set2_ (26).jpg,./dataset/skeleton_final_v2/ok/ok_Set2_ (26).npy
the-finger,the-finger_7270,test,./data/raw/FullLabelled/the-finger/the-finger_7270.jpg,./dataset/skeleton_final_v2/the-finger/the-finger_7270.npy
paper,paper_6709,test,./data/raw/FullLabelled/paper/paper_6709.jpg,./dataset/skeleton_final_v2/paper/paper_6709.npy
the-finger,the-finger (59),test,./data/raw/FullLabelled/the-finger/the-finger (59).jpg,./dataset/skeleton_final_v2/the-finger/the-finger (59).npy
scissors,scissors-set2 (710),test,./data/raw/FullLabelled/scissors/scissors-set2 (710).jpg,./dataset/skeleton_final_v2/scissors/scissors-set2 (710).npy
paper,paper-set2 (360),test,./data/raw/FullLabelled/paper/paper-set2 (360).jpg,./dataset/skeleton_final_v2/paper/paper-set2 (360).npy
the-finger,the-finger_7273,test,./data/raw/FullLabelled/the-finger/the-finger_7273.jpg,./dataset/skeleton_final_v2/the-finger/the-finger_7273.npy
the-finger,the-finger-set2 (71),test,./data/raw/FullLabelled/the-finger/the-finger-set2 (71).jpg,./dataset/skeleton_final_v2/the-finger/the-finger-set2 (71).npy
rock,rock_302,test,./data/raw/FullLabelled/rock/rock_302.jpg,./dataset/skeleton_final_v2/rock/rock_302.npy
paper,paper_3693,test,./data/raw/FullLabelled/paper/paper_3693.jpg,./dataset/skeleton_final_v2/paper/paper_3693.npy
paper,paper-set2 (391),test,./data/raw/FullLabelled/paper/paper-set2 (391).jpg,./dataset/skeleton_final_v2/paper/paper-set2 (391).npy
scissors,scissors (36),test,./data/raw/FullLabelled/scissors/scissors (36).jpg,./dataset/skeleton_final_v2/scissors/scissors (36).npy
ok,ok_791,test,./data/raw/FullLabelled/ok/ok_791.jpg,./dataset/skeleton_final_v2/ok/ok_791.npy
paper,paper-set2 (90),test,./data/raw/FullLabelled/paper/paper-set2 (90).jpg,./dataset/skeleton_final_v2/paper/paper-set2 (90).npy
paper,paper-set2 (486),test,./data/raw/FullLabelled/paper/paper-set2 (486).jpg,./dataset/skeleton_final_v2/paper/paper-set2 (486).npy
rock,rock (99),test,./data/raw/FullLabelled/rock/rock (99).jpg,./dataset/skeleton_final_v2/rock/rock (99).npy
scissors,scissors (24),test,./data/raw/FullLabelled/scissors/scissors (24).jpg,./dataset/skeleton_final_v2/scissors/scissors (24).npy
the-finger,the-finger-set2 (408),test,./data/raw/FullLabelled/the-finger/the-finger-set2 (408).jpg,./dataset/skeleton_final_v2/the-finger/the-finger-set2 (408).npy
ok,ok_Set2_ (509),test,./data/raw/FullLabelled/ok/ok_Set2_ (509).jpg,./dataset/skeleton_final_v2/ok/ok_Set2_ (509).npy
scissors,scissors_8776,test,./data/raw/FullLabelled/scissors/scissors_8776.jpg,./dataset/skeleton_final_v2/scissors/scissors_8776.npy
paper,paper-set2 (226),test,./data/raw/FullLabelled/paper/paper-set2 (226).jpg,./dataset/skeleton_final_v2/paper/paper-set2 (226).npy
paper,paper-set2 (7),test,./data/raw/FullLabelled/paper/paper-set2 (7).jpg,./dataset/skeleton_final_v2/paper/paper-set2 (7).npy
ok,ok_2027,test,./data/raw/FullLabelled/ok/ok_2027.jpg,./dataset/skeleton_final_v2/ok/ok_2027.npy
rock,rock_8372,test,./data/raw/FullLabelled/rock/rock_8372.jpg,./dataset/skeleton_final_v2/rock/rock_8372.npy
the-finger,the-finger-set2 (318),test,./data/raw/FullLabelled/the-finger/the-finger-set2 (318).jpg,./dataset/skeleton_final_v2/the-finger/the-finger-set2 (318).npy
ok,ok_Set2_ (349),test,./data/raw/FullLabelled/ok/ok_Set2_ (349).jpg,./dataset/skeleton_final_v2/ok/ok_Set2_ (349).npy
ok,ok_Set2_ (28),test,./data/raw/FullLabelled/ok/ok_Set2_ (28).jpg,./dataset/skeleton_final_v2/ok/ok_Set2_ (28).npy
scissors,scissors (387),test,./data/raw/FullLabelled/scissors/scissors (387).jpg,./dataset/skeleton_final_v2/scissors/scissors (387).npy
scissors,scissors-set2 (327),test,./data/raw/FullLabelled/scissors/scissors-set2 (327).jpg,./dataset/skeleton_final_v2/scissors/scissors-set2 (327).npy
scissors,scissors_6559,test,./data/raw/FullLabelled/scissors/scissors_6559.jpg,./dataset/skeleton_final_v2/scissors/scissors_6559.npy
the-finger,the-finger (15),test,./data/raw/FullLabelled/the-finger/the-finger (15).jpg,./dataset/skeleton_final_v2/the-finger/the-finger (15).npy
the-finger,the-finger_6471,test,./data/raw/FullLabelled/the-finger/the-finger_6471.jpg,./dataset/skeleton_final_v2/the-finger/the-finger_6471.npy
the-finger,the-finger (71),test,./data/raw/FullLabelled/the-finger/the-finger (71).jpg,./dataset/skeleton_final_v2/the-finger/the-finger (71).npy
the-finger,the-finger-set2 (249),test,./data/raw/FullLabelled/the-finger/the-finger-set2 (249).jpg,./dataset/skeleton_final_v2/the-finger/the-finger-set2 (249).npy
ok,ok_Set2_ (8),test,./data/raw/FullLabelled/ok/ok_Set2_ (8).jpg,./dataset/skeleton_final_v2/ok/ok_Set2_ (8).npy
scissors,scissors-set2 (156),test,./data/raw/FullLabelled/scissors/scissors-set2 (156).jpg,./dataset/skeleton_final_v2/scissors/scissors-set2 (156).npy
paper,paper-set2 (452),test,./data/raw/FullLabelled/paper/paper-set2 (452).jpg,./dataset/skeleton_final_v2/paper/paper-set2 (452).npy
ok,ok_Set2_ (554),test,./data/raw/FullLabelled/ok/ok_Set2_ (554).jpg,./dataset/skeleton_final_v2/ok/ok_Set2_ (554).npy
the-finger,the-finger_7810,test,./data/raw/FullLabelled/the-finger/the-finger_7810.jpg,./dataset/skeleton_final_v2/the-finger/the-finger_7810.npy
the-finger,the-finger-set2 (222),test,./data/raw/FullLabelled/the-finger/the-finger-set2 (222).jpg,./dataset/skeleton_final_v2/the-finger/the-finger-set2 (222).npy
paper,paper (269),test,./data/raw/FullLabelled/paper/paper (269).jpg,./dataset/skeleton_final_v2/paper/paper (269).npy
the-finger,the-finger-set2 (165),test,./data/raw/FullLabelled/the-finger/the-finger-set2 (165).jpg,./dataset/skeleton_final_v2/the-finger/the-finger-set2 (165).npy
scissors,scissors-set2 (636),test,./data/raw/FullLabelled/scissors/scissors-set2 (636).jpg,./dataset/skeleton_final_v2/scissors/scissors-set2 (636).npy
the-finger,the-finger_6877,test,./data/raw/FullLabelled/the-finger/the-finger_6877.jpg,./dataset/skeleton_final_v2/the-finger/the-finger_6877.npy
ok,ok_Set2_ (236),test,./data/raw/FullLabelled/ok/ok_Set2_ (236).jpg,./dataset/skeleton_final_v2/ok/ok_Set2_ (236).npy
paper,paper-set2 (484),test,./data/raw/FullLabelled/paper/paper-set2 (484).jpg,./dataset/skeleton_final_v2/paper/paper-set2 (484).npy
scissors,scissors_5175,test,./data/raw/FullLabelled/scissors/scissors_5175.jpg,./dataset/skeleton_final_v2/scissors/scissors_5175.npy
paper,paper-set2 (87),test,./data/raw/FullLabelled/paper/paper-set2 (87).jpg,./dataset/skeleton_final_v2/paper/paper-set2 (87).npy
the-finger,the-finger_3517,test,./data/raw/FullLabelled/the-finger/the-finger_3517.jpg,./dataset/skeleton_final_v2/the-finger/the-finger_3517.npy
scissors,scissors-set2 (687),test,./data/raw/FullLabelled/scissors/scissors-set2 (687).jpg,./dataset/skeleton_final_v2/scissors/scissors-set2 (687).npy
paper,paper_1444,test,./data/raw/FullLabelled/paper/paper_1444.jpg,./dataset/skeleton_final_v2/paper/paper_1444.npy
scissors,scissors_8810,test,./data/raw/FullLabelled/scissors/scissors_8810.jpg,./dataset/skeleton_final_v2/scissors/scissors_8810.npy
scissors,scissors (289),test,./data/raw/FullLabelled/scissors/scissors (289).jpg,./dataset/skeleton_final_v2/scissors/scissors (289).npy
scissors,scissors-set2 (253),test,./data/raw/FullLabelled/scissors/scissors-set2 (253).jpg,./dataset/skeleton_final_v2/scissors/scissors-set2 (253).npy
rock,rock-set2 (110),test,./data/raw/FullLabelled/rock/rock-set2 (110).jpg,./dataset/skeleton_final_v2/rock/rock-set2 (110).npy
paper,paper (155),test,./data/raw/FullLabelled/paper/paper (155).jpg,./dataset/skeleton_final_v2/paper/paper (155).npy
rock,rock-set2 (576),test,./data/raw/FullLabelled/rock/rock-set2 (576).jpg,./dataset/skeleton_final_v2/rock/rock-set2 (576).npy
the-finger,the-finger-set2 (389),test,./data/raw/FullLabelled/the-finger/the-finger-set2 (389).jpg,./dataset/skeleton_final_v2/the-finger/the-finger-set2 (389).npy
paper,paper_3636,test,./data/raw/FullLabelled/paper/paper_3636.jpg,./dataset/skeleton_final_v2/paper/paper_3636.npy
paper,paper (42),test,./data/raw/FullLabelled/paper/paper (42).jpg,./dataset/skeleton_final_v2/paper/paper (42).npy
scissors,scissors (31),test,./data/raw/FullLabelled/scissors/scissors (31).jpg,./dataset/skeleton_final_v2/scissors/scissors (31).npy
scissors,scissors-set2 (656),test,./data/raw/FullLabelled/scissors/scissors-set2 (656).jpg,./dataset/skeleton_final_v2/scissors/scissors-set2 (656).npy
scissors,scissors-set2 (391),test,./data/raw/FullLabelled/scissors/scissors-set2 (391).jpg,./dataset/skeleton_final_v2/scissors/scissors-set2 (391).npy
ok,ok_Set2_ (83),test,./data/raw/FullLabelled/ok/ok_Set2_ (83).jpg,./dataset/skeleton_final_v2/ok/ok_Set2_ (83).npy
ok,ok_5266,test,./data/raw/FullLabelled/ok/ok_5266.jpg,./dataset/skeleton_final_v2/ok/ok_5266.npy
paper,paper_1858,test,./data/raw/FullLabelled/paper/paper_1858.jpg,./dataset/skeleton_final_v2/paper/paper_1858.npy
the-finger,the-finger-set2 (40),test,./data/raw/FullLabelled/the-finger/the-finger-set2 (40).jpg,./dataset/skeleton_final_v2/the-finger/the-finger-set2 (40).npy
ok,ok_Set2_ (172),test,./data/raw/FullLabelled/ok/ok_Set2_ (172).jpg,./dataset/skeleton_final_v2/ok/ok_Set2_ (172).npy
scissors,scissors-set2 (689),test,./data/raw/FullLabelled/scissors/scissors-set2 (689).jpg,./dataset/skeleton_final_v2/scissors/scissors-set2 (689).npy
scissors,scissors-set2 (345),test,./data/raw/FullLabelled/scissors/scissors-set2 (345).jpg,./dataset/skeleton_final_v2/scissors/scissors-set2 (345).npy
rock,rock-set2 (309),test,./data/raw/FullLabelled/rock/rock-set2 (309).jpg,./dataset/skeleton_final_v2/rock/rock-set2 (309).npy
rock,rock (16),test,./data/raw/FullLabelled/rock/rock (16).jpg,./dataset/skeleton_final_v2/rock/rock (16).npy
scissors,scissors_7178,test,./data/raw/FullLabelled/scissors/scissors_7178.jpg,./dataset/skeleton_final_v2/scissors/scissors_7178.npy
the-finger,the-finger-set2 (177),test,./data/raw/FullLabelled/the-finger/the-finger-set2 (177).jpg,./dataset/skeleton_final_v2/the-finger/the-finger-set2 (177).npy
the-finger,the-finger (70),test,./data/raw/FullLabelled/the-finger/the-finger (70).jpg,./dataset/skeleton_final_v2/the-finger/the-finger (70).npy
scissors,scissors_7972,test,./data/raw/FullLabelled/scissors/scissors_7972.jpg,./dataset/skeleton_final_v2/scissors/scissors_7972.npy
paper,paper_2467,test,./data/raw/FullLabelled/paper/paper_2467.jpg,./dataset/skeleton_final_v2/paper/paper_2467.npy
paper,paper_3806,test,./data/raw/FullLabelled/paper/paper_3806.jpg,./dataset/skeleton_final_v2/paper/paper_3806.npy
ok,ok_5780,test,./data/raw/FullLabelled/ok/ok_5780.jpg,./dataset/skeleton_final_v2/ok/ok_5780.npy
scissors,scissors-set2 (727),test,./data/raw/FullLabelled/scissors/scissors-set2 (727).jpg,./dataset/skeleton_final_v2/scissors/scissors-set2 (727).npy
rock,rock-set2 (148),test,./data/raw/FullLabelled/rock/rock-set2 (148).jpg,./dataset/skeleton_final_v2/rock/rock-set2 (148).npy
rock,rock (200),test,./data/raw/FullLabelled/rock/rock (200).jpg,./dataset/skeleton_final_v2/rock/rock (200).npy
paper,paper (35),test,./data/raw/FullLabelled/paper/paper (35).jpg,./dataset/skeleton_final_v2/paper/paper (35).npy
scissors,scissors-set2 (65),test,./data/raw/FullLabelled/scissors/scissors-set2 (65).jpg,./dataset/skeleton_final_v2/scissors/scissors-set2 (65).npy
ok,ok_5552,test,./data/raw/FullLabelled/ok/ok_5552.jpg,./dataset/skeleton_final_v2/ok/ok_5552.npy
the-finger,the-finger-set2 (90),test,./data/raw/FullLabelled/the-finger/the-finger-set2 (90).jpg,./dataset/skeleton_final_v2/the-finger/the-finger-set2 (90).npy
scissors,scissors_3874,test,./data/raw/FullLabelled/scissors/scissors_3874.jpg,./dataset/skeleton_final_v2/scissors/scissors_3874.npy
rock,rock-set2 (221),test,./data/raw/FullLabelled/rock/rock-set2 (221).jpg,./dataset/skeleton_final_v2/rock/rock-set2 (221).npy
scissors,scissors (465),test,./data/raw/FullLabelled/scissors/scissors (465).jpg,./dataset/skeleton_final_v2/scissors/scissors (465).npy
ok,ok_2750,test,./data/raw/FullLabelled/ok/ok_2750.jpg,./dataset/skeleton_final_v2/ok/ok_2750.npy
paper,paper_716,test,./data/raw/FullLabelled/paper/paper_716.jpg,./dataset/skeleton_final_v2/paper/paper_716.npy
the-finger,the-finger-set2 (178),test,./data/raw/FullLabelled/the-finger/the-finger-set2 (178).jpg,./dataset/skeleton_final_v2/the-finger/the-finger-set2 (178).npy
scissors,scissors (375),test,./data/raw/FullLabelled/scissors/scissors (375).jpg,./dataset/skeleton_final_v2/scissors/scissors (375).npy
paper,paper-set2 (284),test,./data/raw/FullLabelled/paper/paper-set2 (284).jpg,./dataset/skeleton_final_v2/paper/paper-set2 (284).npy
scissors,scissors-set2 (316),test,./data/raw/FullLabelled/scissors/scissors-set2 (316).jpg,./dataset/skeleton_final_v2/scissors/scissors-set2 (316).npy
the-finger,the-finger_7846,test,./data/raw/FullLabelled/the-finger/the-finger_7846.jpg,./dataset/skeleton_final_v2/the-finger/the-finger_7846.npy
scissors,scissors-set2 (204),test,./data/raw/FullLabelled/scissors/scissors-set2 (204).jpg,./dataset/skeleton_final_v2/scissors/scissors-set2 (204).npy
paper,paper_6353,test,./data/raw/FullLabelled/paper/paper_6353.jpg,./dataset/skeleton_final_v2/paper/paper_6353.npy
scissors,scissors-set2 (323),test,./data/raw/FullLabelled/scissors/scissors-set2 (323).jpg,./dataset/skeleton_final_v2/scissors/scissors-set2 (323).npy
paper,paper_8752,test,./data/raw/FullLabelled/paper/paper_8752.jpg,./dataset/skeleton_final_v2/paper/paper_8752.npy
scissors,scissors (200),test,./data/raw/FullLabelled/scissors/scissors (200).jpg,./dataset/skeleton_final_v2/scissors/scissors (200).npy
paper,paper_7944,test,./data/raw/FullLabelled/paper/paper_7944.jpg,./dataset/skeleton_final_v2/paper/paper_7944.npy
paper,paper_7322,test,./data/raw/FullLabelled/paper/paper_7322.jpg,./dataset/skeleton_final_v2/paper/paper_7322.npy
ok,ok (250),test,./data/raw/FullLabelled/ok/ok (250).jpg,./dataset/skeleton_final_v2/ok/ok (250).npy
scissors,scissors_3841,test,./data/raw/FullLabelled/scissors/scissors_3841.jpg,./dataset/skeleton_final_v2/scissors/scissors_3841.npy
scissors,scissors-set2 (64),test,./data/raw/FullLabelled/scissors/scissors-set2 (64).jpg,./dataset/skeleton_final_v2/scissors/scissors-set2 (64).npy
the-finger,the-finger_5366,test,./data/raw/FullLabelled/the-finger/the-finger_5366.jpg,./dataset/skeleton_final_v2/the-finger/the-finger_5366.npy
paper,paper-set2 (370),test,./data/raw/FullLabelled/paper/paper-set2 (370).jpg,./dataset/skeleton_final_v2/paper/paper-set2 (370).npy
scissors,scissors (442),test,./data/raw/FullLabelled/scissors/scissors (442).jpg,./dataset/skeleton_final_v2/scissors/scissors (442).npy
the-finger,the-finger-set2 (423),test,./data/raw/FullLabelled/the-finger/the-finger-set2 (423).jpg,./dataset/skeleton_final_v2/the-finger/the-finger-set2 (423).npy
paper,paper-set2 (204),test,./data/raw/FullLabelled/paper/paper-set2 (204).jpg,./dataset/skeleton_final_v2/paper/paper-set2 (204).npy
paper,paper-set2 (170),test,./data/raw/FullLabelled/paper/paper-set2 (170).jpg,./dataset/skeleton_final_v2/paper/paper-set2 (170).npy
paper,paper (74),test,./data/raw/FullLabelled/paper/paper (74).jpg,./dataset/skeleton_final_v2/paper/paper (74).npy
the-finger,the-finger_7079,test,./data/raw/FullLabelled/the-finger/the-finger_7079.jpg,./dataset/skeleton_final_v2/the-finger/the-finger_7079.npy
scissors,scissors-set2 (524),test,./data/raw/FullLabelled/scissors/scissors-set2 (524).jpg,./dataset/skeleton_final_v2/scissors/scissors-set2 (524).npy
scissors,scissors (371),test,./data/raw/FullLabelled/scissors/scissors (371).jpg,./dataset/skeleton_final_v2/scissors/scissors (371).npy
scissors,scissors (133),test,./data/raw/FullLabelled/scissors/scissors (133).jpg,./dataset/skeleton_final_v2/scissors/scissors (133).npy
scissors,scissors (451),test,./data/raw/FullLabelled/scissors/scissors (451).jpg,./dataset/skeleton_final_v2/scissors/scissors (451).npy
ok,ok_2774,test,./data/raw/FullLabelled/ok/ok_2774.jpg,./dataset/skeleton_final_v2/ok/ok_2774.npy
scissors,scissors-set2 (302),test,./data/raw/FullLabelled/scissors/scissors-set2 (302).jpg,./dataset/skeleton_final_v2/scissors/scissors-set2 (302).npy
ok,ok_Set2_ (552),test,./data/raw/FullLabelled/ok/ok_Set2_ (552).jpg,./dataset/skeleton_final_v2/ok/ok_Set2_ (552).npy
the-finger,the-finger-set2 (262),test,./data/raw/FullLabelled/the-finger/the-finger-set2 (262).jpg,./dataset/skeleton_final_v2/the-finger/the-finger-set2 (262).npy
paper,paper_6348,test,./data/raw/FullLabelled/paper/paper_6348.jpg,./dataset/skeleton_final_v2/paper/paper_6348.npy
ok,ok_Set2_ (156),test,./data/raw/FullLabelled/ok/ok_Set2_ (156).jpg,./dataset/skeleton_final_v2/ok/ok_Set2_ (156).npy
the-finger,the-finger_7258,test,./data/raw/FullLabelled/the-finger/the-finger_7258.jpg,./dataset/skeleton_final_v2/the-finger/the-finger_7258.npy
scissors,scissors-set2 (420),test,./data/raw/FullLabelled/scissors/scissors-set2 (420).jpg,./dataset/skeleton_final_v2/scissors/scissors-set2 (420).npy
the-finger,the-finger-set2 (67),test,./data/raw/FullLabelled/the-finger/the-finger-set2 (67).jpg,./dataset/skeleton_final_v2/the-finger/the-finger-set2 (67).npy
scissors,scissors_6722,test,./data/raw/FullLabelled/scissors/scissors_6722.jpg,./dataset/skeleton_final_v2/scissors/scissors_6722.npy
ok,ok_Set2_ (184),test,./data/raw/FullLabelled/ok/ok_Set2_ (184).jpg,./dataset/skeleton_final_v2/ok/ok_Set2_ (184).npy
the-finger,the-finger_6071,test,./data/raw/FullLabelled/the-finger/the-finger_6071.jpg,./dataset/skeleton_final_v2/the-finger/the-finger_6071.npy
paper,paper_1031,test,./data/raw/FullLabelled/paper/paper_1031.jpg,./dataset/skeleton_final_v2/paper/paper_1031.npy
paper,paper_5902,test,./data/raw/FullLabelled/paper/paper_5902.jpg,./dataset/skeleton_final_v2/paper/paper_5902.npy
paper,paper-set2 (198),test,./data/raw/FullLabelled/paper/paper-set2 (198).jpg,./dataset/skeleton_final_v2/paper/paper-set2 (198).npy
ok,ok_Set2_ (120),test,./data/raw/FullLabelled/ok/ok_Set2_ (120).jpg,./dataset/skeleton_final_v2/ok/ok_Set2_ (120).npy
the-finger,the-finger-set2 (156),test,./data/raw/FullLabelled/the-finger/the-finger-set2 (156).jpg,./dataset/skeleton_final_v2/the-finger/the-finger-set2 (156).npy
paper,paper-set2 (473),test,./data/raw/FullLabelled/paper/paper-set2 (473).jpg,./dataset/skeleton_final_v2/paper/paper-set2 (473).npy
paper,paper_7954,test,./data/raw/FullLabelled/paper/paper_7954.jpg,./dataset/skeleton_final_v2/paper/paper_7954.npy
scissors,scissors-set2 (61),test,./data/raw/FullLabelled/scissors/scissors-set2 (61).jpg,./dataset/skeleton_final_v2/scissors/scissors-set2 (61).npy
the-finger,the-finger_6469,test,./data/raw/FullLabelled/the-finger/the-finger_6469.jpg,./dataset/skeleton_final_v2/the-finger/the-finger_6469.npy
scissors,scissors-set2 (224),test,./data/raw/FullLabelled/scissors/scissors-set2 (224).jpg,./dataset/skeleton_final_v2/scissors/scissors-set2 (224).npy
ok,ok_7688,test,./data/raw/FullLabelled/ok/ok_7688.jpg,./dataset/skeleton_final_v2/ok/ok_7688.npy
scissors,scissors_5193,test,./data/raw/FullLabelled/scissors/scissors_5193.jpg,./dataset/skeleton_final_v2/scissors/scissors_5193.npy
the-finger,the-finger (143),test,./data/raw/FullLabelled/the-finger/the-finger (143).jpg,./dataset/skeleton_final_v2/the-finger/the-finger (143).npy
rock,rock_3155,test,./data/raw/FullLabelled/rock/rock_3155.jpg,./dataset/skeleton_final_v2/rock/rock_3155.npy
the-finger,the-finger_634,test,./data/raw/FullLabelled/the-finger/the-finger_634.jpg,./dataset/skeleton_final_v2/the-finger/the-finger_634.npy
ok,ok_2652,test,./data/raw/FullLabelled/ok/ok_2652.jpg,./dataset/skeleton_final_v2/ok/ok_2652.npy
ok,ok_Set2_ (121),test,./data/raw/FullLabelled/ok/ok_Set2_ (121).jpg,./dataset/skeleton_final_v2/ok/ok_Set2_ (121).npy
paper,paper_5890,test,./data/raw/FullLabelled/paper/paper_5890.jpg,./dataset/skeleton_final_v2/paper/paper_5890.npy
paper,paper_5465,test,./data/raw/FullLabelled/paper/paper_5465.jpg,./dataset/skeleton_final_v2/paper/paper_5465.npy
paper,paper-set2 (187),test,./data/raw/FullLabelled/paper/paper-set2 (187).jpg,./dataset/skeleton_final_v2/paper/paper-set2 (187).npy
the-finger,the-finger-set2 (420),test,./data/raw/FullLabelled/the-finger/the-finger-set2 (420).jpg,./dataset/skeleton_final_v2/the-finger/the-finger-set2 (420).npy
paper,paper_6346,test,./data/raw/FullLabelled/paper/paper_6346.jpg,./dataset/skeleton_final_v2/paper/paper_6346.npy
scissors,scissors-set2 (618),test,./data/raw/FullLabelled/scissors/scissors-set2 (618).jpg,./dataset/skeleton_final_v2/scissors/scissors-set2 (618).npy
the-finger,the-finger (85),test,./data/raw/FullLabelled/the-finger/the-finger (85).jpg,./dataset/skeleton_final_v2/the-finger/the-finger (85).npy
ok,ok (24),test,./data/raw/FullLabelled/ok/ok (24).jpg,./dataset/skeleton_final_v2/ok/ok (24).npy
the-finger,the-finger-set2 (330),test,./data/raw/FullLabelled/the-finger/the-finger-set2 (330).jpg,./dataset/skeleton_final_v2/the-finger/the-finger-set2 (330).npy
ok,ok_6750,test,./data/raw/FullLabelled/ok/ok_6750.jpg,./dataset/skeleton_final_v2/ok/ok_6750.npy
paper,paper_7143,test,./data/raw/FullLabelled/paper/paper_7143.jpg,./dataset/skeleton_final_v2/paper/paper_7143.npy
scissors,scissors-set2 (257),test,./data/raw/FullLabelled/scissors/scissors-set2 (257).jpg,./dataset/skeleton_final_v2/scissors/scissors-set2 (257).npy
paper,paper-set2 (239),test,./data/raw/FullLabelled/paper/paper-set2 (239).jpg,./dataset/skeleton_final_v2/paper/paper-set2 (239).npy
scissors,scissors (188),test,./data/raw/FullLabelled/scissors/scissors (188).jpg,./dataset/skeleton_final_v2/scissors/scissors (188).npy
scissors,scissors-set2 (15),test,./data/raw/FullLabelled/scissors/scissors-set2 (15).jpg,./dataset/skeleton_final_v2/scissors/scissors-set2 (15).npy
scissors,scissors-set2 (207),test,./data/raw/FullLabelled/scissors/scissors-set2 (207).jpg,./dataset/skeleton_final_v2/scissors/scissors-set2 (207).npy
the-finger,the-finger-set2 (387),test,./data/raw/FullLabelled/the-finger/the-finger-set2 (387).jpg,./dataset/skeleton_final_v2/the-finger/the-finger-set2 (387).npy
scissors,scissors_5484,test,./data/raw/FullLabelled/scissors/scissors_5484.jpg,./dataset/skeleton_final_v2/scissors/scissors_5484.npy
the-finger,the-finger_6081,test,./data/raw/FullLabelled/the-finger/the-finger_6081.jpg,./dataset/skeleton_final_v2/the-finger/the-finger_6081.npy
scissors,scissors-set2 (371),test,./data/raw/FullLabelled/scissors/scissors-set2 (371).jpg,./dataset/skeleton_final_v2/scissors/scissors-set2 (371).npy
the-finger,the-finger_1366,test,./data/raw/FullLabelled/the-finger/the-finger_1366.jpg,./dataset/skeleton_final_v2/the-finger/the-finger_1366.npy
ok,ok_Set2_ (562),test,./data/raw/FullLabelled/ok/ok_Set2_ (562).jpg,./dataset/skeleton_final_v2/ok/ok_Set2_ (562).npy
scissors,scissors-set2 (744),test,./data/raw/FullLabelled/scissors/scissors-set2 (744).jpg,./dataset/skeleton_final_v2/scissors/scissors-set2 (744).npy
scissors,scissors-set2 (685),test,./data/raw/FullLabelled/scissors/scissors-set2 (685).jpg,./dataset/skeleton_final_v2/scissors/scissors-set2 (685).npy
rock,rock-set2 (196),test,./data/raw/FullLabelled/rock/rock-set2 (196).jpg,./dataset/skeleton_final_v2/rock/rock-set2 (196).npy
scissors,scissors-set2 (59),test,./data/raw/FullLabelled/scissors/scissors-set2 (59).jpg,./dataset/skeleton_final_v2/scissors/scissors-set2 (59).npy
scissors,scissors-set2 (639),test,./data/raw/FullLabelled/scissors/scissors-set2 (639).jpg,./dataset/skeleton_final_v2/scissors/scissors-set2 (639).npy
scissors,scissors-set2 (105),test,./data/raw/FullLabelled/scissors/scissors-set2 (105).jpg,./dataset/skeleton_final_v2/scissors/scissors-set2 (105).npy
paper,paper_6526,test,./data/raw/FullLabelled/paper/paper_6526.jpg,./dataset/skeleton_final_v2/paper/paper_6526.npy
paper,paper (144),test,./data/raw/FullLabelled/paper/paper (144).jpg,./dataset/skeleton_final_v2/paper/paper (144).npy
ok,ok_Set2_ (433),test,./data/raw/FullLabelled/ok/ok_Set2_ (433).jpg,./dataset/skeleton_final_v2/ok/ok_Set2_ (433).npy
paper,paper (169),test,./data/raw/FullLabelled/paper/paper (169).jpg,./dataset/skeleton_final_v2/paper/paper (169).npy
scissors,scissors-set2 (164),test,./data/raw/FullLabelled/scissors/scissors-set2 (164).jpg,./dataset/skeleton_final_v2/scissors/scissors-set2 (164).npy
scissors,scissors (323),test,./data/raw/FullLabelled/scissors/scissors (323).jpg,./dataset/skeleton_final_v2/scissors/scissors (323).npy
scissors,scissors-set2 (159),test,./data/raw/FullLabelled/scissors/scissors-set2 (159).jpg,./dataset/skeleton_final_v2/scissors/scissors-set2 (159).npy
scissors,scissors-set2 (612),test,./data/raw/FullLabelled/scissors/scissors-set2 (612).jpg,./dataset/skeleton_final_v2/scissors/scissors-set2 (612).npy
the-finger,the-finger-set2 (386),test,./data/raw/FullLabelled/the-finger/the-finger-set2 (386).jpg,./dataset/skeleton_final_v2/the-finger/the-finger-set2 (386).npy
paper,paper (104),test,./data/raw/FullLabelled/paper/paper (104).jpg,./dataset/skeleton_final_v2/paper/paper (104).npy
the-finger,the-finger-set2 (29),test,./data/raw/FullLabelled/the-finger/the-finger-set2 (29).jpg,./dataset/skeleton_final_v2/the-finger/the-finger-set2 (29).npy
paper,paper-set2 (295),test,./data/raw/FullLabelled/paper/paper-set2 (295).jpg,./dataset/skeleton_final_v2/paper/paper-set2 (295).npy
ok,ok_Set2_ (489),test,./data/raw/FullLabelled/ok/ok_Set2_ (489).jpg,./dataset/skeleton_final_v2/ok/ok_Set2_ (489).npy
scissors,scissors-set2 (707),test,./data/raw/FullLabelled/scissors/scissors-set2 (707).jpg,./dataset/skeleton_final_v2/scissors/scissors-set2 (707).npy
scissors,scissors-set2 (359),test,./data/raw/FullLabelled/scissors/scissors-set2 (359).jpg,./dataset/skeleton_final_v2/scissors/scissors-set2 (359).npy
scissors,scissors (38),test,./data/raw/FullLabelled/scissors/scissors (38).jpg,./dataset/skeleton_final_v2/scissors/scissors (38).npy
paper,paper-set2 (459),test,./data/raw/FullLabelled/paper/paper-set2 (459).jpg,./dataset/skeleton_final_v2/paper/paper-set2 (459).npy
ok,ok_Set2_ (521),test,./data/raw/FullLabelled/ok/ok_Set2_ (521).jpg,./dataset/skeleton_final_v2/ok/ok_Set2_ (521).npy
ok,ok_Set2_ (427),test,./data/raw/FullLabelled/ok/ok_Set2_ (427).jpg,./dataset/skeleton_final_v2/ok/ok_Set2_ (427).npy
the-finger,the-finger_7274,test,./data/raw/FullLabelled/the-finger/the-finger_7274.jpg,./dataset/skeleton_final_v2/the-finger/the-finger_7274.npy
paper,paper_9132,test,./data/raw/FullLabelled/paper/paper_9132.jpg,./dataset/skeleton_final_v2/paper/paper_9132.npy
ok,ok_Set2_ (144),test,./data/raw/FullLabelled/ok/ok_Set2_ (144).jpg,./dataset/skeleton_final_v2/ok/ok_Set2_ (144).npy
paper,paper_6926,test,./data/raw/FullLabelled/paper/paper_6926.jpg,./dataset/skeleton_final_v2/paper/paper_6926.npy
scissors,scissors-set2 (533),test,./data/raw/FullLabelled/scissors/scissors-set2 (533).jpg,./dataset/skeleton_final_v2/scissors/scissors-set2 (533).npy
paper,paper_6514,test,./data/raw/FullLabelled/paper/paper_6514.jpg,./dataset/skeleton_final_v2/paper/paper_6514.npy
paper,paper_7310,test,./data/raw/FullLabelled/paper/paper_7310.jpg,./dataset/skeleton_final_v2/paper/paper_7310.npy
the-finger,the-finger_3486,test,./data/raw/FullLabelled/the-finger/the-finger_3486.jpg,./dataset/skeleton_final_v2/the-finger/the-finger_3486.npy
the-finger,the-finger-set2 (254),test,./data/raw/FullLabelled/the-finger/the-finger-set2 (254).jpg,./dataset/skeleton_final_v2/the-finger/the-finger-set2 (254).npy
paper,paper_3660,test,./data/raw/FullLabelled/paper/paper_3660.jpg,./dataset/skeleton_final_v2/paper/paper_3660.npy
the-finger,the-finger-set2 (413),test,./data/raw/FullLabelled/the-finger/the-finger-set2 (413).jpg,./dataset/skeleton_final_v2/the-finger/the-finger-set2 (413).npy
paper,paper (203),test,./data/raw/FullLabelled/paper/paper (203).jpg,./dataset/skeleton_final_v2/paper/paper (203).npy
paper,paper-set2 (489),test,./data/raw/FullLabelled/paper/paper-set2 (489).jpg,./dataset/skeleton_final_v2/paper/paper-set2 (489).npy
ok,ok_Set2_ (436),test,./data/raw/FullLabelled/ok/ok_Set2_ (436).jpg,./dataset/skeleton_final_v2/ok/ok_Set2_ (436).npy
paper,paper (294),test,./data/raw/FullLabelled/paper/paper (294).jpg,./dataset/skeleton_final_v2/paper/paper (294).npy
paper,paper-set2 (474),test,./data/raw/FullLabelled/paper/paper-set2 (474).jpg,./dataset/skeleton_final_v2/paper/paper-set2 (474).npy
ok,ok (205),test,./data/raw/FullLabelled/ok/ok (205).jpg,./dataset/skeleton_final_v2/ok/ok (205).npy
scissors,scissors-set2 (313),test,./data/raw/FullLabelled/scissors/scissors-set2 (313).jpg,./dataset/skeleton_final_v2/scissors/scissors-set2 (313).npy
the-finger,the-finger_6287,test,./data/raw/FullLabelled/the-finger/the-finger_6287.jpg,./dataset/skeleton_final_v2/the-finger/the-finger_6287.npy
the-finger,the-finger-set2 (20),test,./data/raw/FullLabelled/the-finger/the-finger-set2 (20).jpg,./dataset/skeleton_final_v2/the-finger/the-finger-set2 (20).npy
scissors,scissors-set2 (737),test,./data/raw/FullLabelled/scissors/scissors-set2 (737).jpg,./dataset/skeleton_final_v2/scissors/scissors-set2 (737).npy
paper,paper (53),test,./data/raw/FullLabelled/paper/paper (53).jpg,./dataset/skeleton_final_v2/paper/paper (53).npy
paper,paper (68),test,./data/raw/FullLabelled/paper/paper (68).jpg,./dataset/skeleton_final_v2/paper/paper (68).npy
ok,ok_Set2_ (306),test,./data/raw/FullLabelled/ok/ok_Set2_ (306).jpg,./dataset/skeleton_final_v2/ok/ok_Set2_ (306).npy
paper,paper-set2 (371),test,./data/raw/FullLabelled/paper/paper-set2 (371).jpg,./dataset/skeleton_final_v2/paper/paper-set2 (371).npy
scissors,scissors_4627,test,./data/raw/FullLabelled/scissors/scissors_4627.jpg,./dataset/skeleton_final_v2/scissors/scissors_4627.npy
paper,paper (129),test,./data/raw/FullLabelled/paper/paper (129).jpg,./dataset/skeleton_final_v2/paper/paper (129).npy
scissors,scissors-set2 (357),test,./data/raw/FullLabelled/scissors/scissors-set2 (357).jpg,./dataset/skeleton_final_v2/scissors/scissors-set2 (357).npy
rock,rock (230),test,./data/raw/FullLabelled/rock/rock (230).jpg,./dataset/skeleton_final_v2/rock/rock (230).npy
scissors,scissors-set2 (683),test,./data/raw/FullLabelled/scissors/scissors-set2 (683).jpg,./dataset/skeleton_final_v2/scissors/scissors-set2 (683).npy
scissors,scissors_2795,test,./data/raw/FullLabelled/scissors/scissors_2795.jpg,./dataset/skeleton_final_v2/scissors/scissors_2795.npy
rock,rock-set2 (353),test,./data/raw/FullLabelled/rock/rock-set2 (353).jpg,./dataset/skeleton_final_v2/rock/rock-set2 (353).npy
scissors,scissors (293),test,./data/raw/FullLabelled/scissors/scissors (293).jpg,./dataset/skeleton_final_v2/scissors/scissors (293).npy
paper,paper_3650,test,./data/raw/FullLabelled/paper/paper_3650.jpg,./dataset/skeleton_final_v2/paper/paper_3650.npy
the-finger,the-finger_616,test,./data/raw/FullLabelled/the-finger/the-finger_616.jpg,./dataset/skeleton_final_v2/the-finger/the-finger_616.npy
scissors,scissors-set2 (654),test,./data/raw/FullLabelled/scissors/scissors-set2 (654).jpg,./dataset/skeleton_final_v2/scissors/scissors-set2 (654).npy
rock,rock-set2 (425),test,./data/raw/FullLabelled/rock/rock-set2 (425).jpg,./dataset/skeleton_final_v2/rock/rock-set2 (425).npy
paper,paper (274),test,./data/raw/FullLabelled/paper/paper (274).jpg,./dataset/skeleton_final_v2/paper/paper (274).npy
scissors,scissors_5735,test,./data/raw/FullLabelled/scissors/scissors_5735.jpg,./dataset/skeleton_final_v2/scissors/scissors_5735.npy
the-finger,the-finger (60),test,./data/raw/FullLabelled/the-finger/the-finger (60).jpg,./dataset/skeleton_final_v2/the-finger/the-finger (60).npy
the-finger,the-finger-set2 (421),test,./data/raw/FullLabelled/the-finger/the-finger-set2 (421).jpg,./dataset/skeleton_final_v2/the-finger/the-finger-set2 (421).npy
rock,rock_7906,test,./data/raw/FullLabelled/rock/rock_7906.jpg,./dataset/skeleton_final_v2/rock/rock_7906.npy
the-finger,the-finger_6060,test,./data/raw/FullLabelled/the-finger/the-finger_6060.jpg,./dataset/skeleton_final_v2/the-finger/the-finger_6060.npy
paper,paper-set2 (16),test,./data/raw/FullLabelled/paper/paper-set2 (16).jpg,./dataset/skeleton_final_v2/paper/paper-set2 (16).npy
rock,rock_20,test,./data/raw/FullLabelled/rock/rock_20.jpg,./dataset/skeleton_final_v2/rock/rock_20.npy
ok,ok (252),test,./data/raw/FullLabelled/ok/ok (252).jpg,./dataset/skeleton_final_v2/ok/ok (252).npy
scissors,scissors_5229,test,./data/raw/FullLabelled/scissors/scissors_5229.jpg,./dataset/skeleton_final_v2/scissors/scissors_5229.npy
the-finger,the-finger_1345,test,./data/raw/FullLabelled/the-finger/the-finger_1345.jpg,./dataset/skeleton_final_v2/the-finger/the-finger_1345.npy
paper,paper-set2 (28),test,./data/raw/FullLabelled/paper/paper-set2 (28).jpg,./dataset/skeleton_final_v2/paper/paper-set2 (28).npy
scissors,scissors-set2 (437),test,./data/raw/FullLabelled/scissors/scissors-set2 (437).jpg,./dataset/skeleton_final_v2/scissors/scissors-set2 (437).npy
scissors,scissors-set2 (424),test,./data/raw/FullLabelled/scissors/scissors-set2 (424).jpg,./dataset/skeleton_final_v2/scissors/scissors-set2 (424).npy
ok,ok (37),test,./data/raw/FullLabelled/ok/ok (37).jpg,./dataset/skeleton_final_v2/ok/ok (37).npy
ok,ok_Set2_ (333),test,./data/raw/FullLabelled/ok/ok_Set2_ (333).jpg,./dataset/skeleton_final_v2/ok/ok_Set2_ (333).npy
paper,paper_6700,test,./data/raw/FullLabelled/paper/paper_6700.jpg,./dataset/skeleton_final_v2/paper/paper_6700.npy
the-finger,the-finger_6074,test,./data/raw/FullLabelled/the-finger/the-finger_6074.jpg,./dataset/skeleton_final_v2/the-finger/the-finger_6074.npy
scissors,scissors (348),test,./data/raw/FullLabelled/scissors/scissors (348).jpg,./dataset/skeleton_final_v2/scissors/scissors (348).npy
ok,ok_2959,test,./data/raw/FullLabelled/ok/ok_2959.jpg,./dataset/skeleton_final_v2/ok/ok_2959.npy
scissors,scissors-set2 (559),test,./data/raw/FullLabelled/scissors/scissors-set2 (559).jpg,./dataset/skeleton_final_v2/scissors/scissors-set2 (559).npy
ok,ok (45),test,./data/raw/FullLabelled/ok/ok (45).jpg,./dataset/skeleton_final_v2/ok/ok (45).npy
scissors,scissors-set2 (742),test,./data/raw/FullLabelled/scissors/scissors-set2 (742).jpg,./dataset/skeleton_final_v2/scissors/scissors-set2 (742).npy
the-finger,the-finger (5),test,./data/raw/FullLabelled/the-finger/the-finger (5).jpg,./dataset/skeleton_final_v2/the-finger/the-finger (5).npy
scissors,scissors (294),test,./data/raw/FullLabelled/scissors/scissors (294).jpg,./dataset/skeleton_final_v2/scissors/scissors (294).npy
rock,rock-set2 (185),test,./data/raw/FullLabelled/rock/rock-set2 (185).jpg,./dataset/skeleton_final_v2/rock/rock-set2 (185).npy
paper,paper-set2 (171),test,./data/raw/FullLabelled/paper/paper-set2 (171).jpg,./dataset/skeleton_final_v2/paper/paper-set2 (171).npy
the-finger,the-finger_8650,test,./data/raw/FullLabelled/the-finger/the-finger_8650.jpg,./dataset/skeleton_final_v2/the-finger/the-finger_8650.npy
the-finger,the-finger_7091,test,./data/raw/FullLabelled/the-finger/the-finger_7091.jpg,./dataset/skeleton_final_v2/the-finger/the-finger_7091.npy
the-finger,the-finger_6301,test,./data/raw/FullLabelled/the-finger/the-finger_6301.jpg,./dataset/skeleton_final_v2/the-finger/the-finger_6301.npy
scissors,scissors (216),test,./data/raw/FullLabelled/scissors/scissors (216).jpg,./dataset/skeleton_final_v2/scissors/scissors (216).npy
ok,ok_Set2_ (536),test,./data/raw/FullLabelled/ok/ok_Set2_ (536).jpg,./dataset/skeleton_final_v2/ok/ok_Set2_ (536).npy
paper,paper_6696,test,./data/raw/FullLabelled/paper/paper_6696.jpg,./dataset/skeleton_final_v2/paper/paper_6696.npy
scissors,scissors (449),test,./data/raw/FullLabelled/scissors/scissors (449).jpg,./dataset/skeleton_final_v2/scissors/scissors (449).npy
ok,ok_Set2_ (238),test,./data/raw/FullLabelled/ok/ok_Set2_ (238).jpg,./dataset/skeleton_final_v2/ok/ok_Set2_ (238).npy
the-finger,the-finger (64),test,./data/raw/FullLabelled/the-finger/the-finger (64).jpg,./dataset/skeleton_final_v2/the-finger/the-finger (64).npy
paper,paper_1035,test,./data/raw/FullLabelled/paper/paper_1035.jpg,./dataset/skeleton_final_v2/paper/paper_1035.npy
paper,paper (31),test,./data/raw/FullLabelled/paper/paper (31).jpg,./dataset/skeleton_final_v2/paper/paper (31).npy
rock,rock-set2 (341),test,./data/raw/FullLabelled/rock/rock-set2 (341).jpg,./dataset/skeleton_final_v2/rock/rock-set2 (341).npy
rock,rock-set2 (47),test,./data/raw/FullLabelled/rock/rock-set2 (47).jpg,./dataset/skeleton_final_v2/rock/rock-set2 (47).npy
scissors,scissors-set2 (20),test,./data/raw/FullLabelled/scissors/scissors-set2 (20).jpg,./dataset/skeleton_final_v2/scissors/scissors-set2 (20).npy
scissors,scissors (336),test,./data/raw/FullLabelled/scissors/scissors (336).jpg,./dataset/skeleton_final_v2/scissors/scissors (336).npy
paper,paper_7611,test,./data/raw/FullLabelled/paper/paper_7611.jpg,./dataset/skeleton_final_v2/paper/paper_7611.npy
ok,ok_4992,test,./data/raw/FullLabelled/ok/ok_4992.jpg,./dataset/skeleton_final_v2/ok/ok_4992.npy
paper,paper_6712,test,./data/raw/FullLabelled/paper/paper_6712.jpg,./dataset/skeleton_final_v2/paper/paper_6712.npy
scissors,scissors-set2 (643),test,./data/raw/FullLabelled/scissors/scissors-set2 (643).jpg,./dataset/skeleton_final_v2/scissors/scissors-set2 (643).npy
scissors,scissors_8782,test,./data/raw/FullLabelled/scissors/scissors_8782.jpg,./dataset/skeleton_final_v2/scissors/scissors_8782.npy
ok,ok_Set2_ (40),test,./data/raw/FullLabelled/ok/ok_Set2_ (40).jpg,./dataset/skeleton_final_v2/ok/ok_Set2_ (40).npy
scissors,scissors-set2 (355),test,./data/raw/FullLabelled/scissors/scissors-set2 (355).jpg,./dataset/skeleton_final_v2/scissors/scissors-set2 (355).npy
scissors,scissors-set2 (354),test,./data/raw/FullLabelled/scissors/scissors-set2 (354).jpg,./dataset/skeleton_final_v2/scissors/scissors-set2 (354).npy
paper,paper-set2 (116),test,./data/raw/FullLabelled/paper/paper-set2 (116).jpg,./dataset/skeleton_final_v2/paper/paper-set2 (116).npy
paper,paper-set2 (147),test,./data/raw/FullLabelled/paper/paper-set2 (147).jpg,./dataset/skeleton_final_v2/paper/paper-set2 (147).npy
scissors,scissors-set2 (471),test,./data/raw/FullLabelled/scissors/scissors-set2 (471).jpg,./dataset/skeleton_final_v2/scissors/scissors-set2 (471).npy
scissors,scissors_8450,test,./data/raw/FullLabelled/scissors/scissors_8450.jpg,./dataset/skeleton_final_v2/scissors/scissors_8450.npy
ok,ok_5260,test,./data/raw/FullLabelled/ok/ok_5260.jpg,./dataset/skeleton_final_v2/ok/ok_5260.npy
scissors,scissors_4671,test,./data/raw/FullLabelled/scissors/scissors_4671.jpg,./dataset/skeleton_final_v2/scissors/scissors_4671.npy
paper,paper-set2 (230),test,./data/raw/FullLabelled/paper/paper-set2 (230).jpg,./dataset/skeleton_final_v2/paper/paper-set2 (230).npy
scissors,scissors-set2 (274),test,./data/raw/FullLabelled/scissors/scissors-set2 (274).jpg,./dataset/skeleton_final_v2/scissors/scissors-set2 (274).npy
paper,paper-set2 (252),test,./data/raw/FullLabelled/paper/paper-set2 (252).jpg,./dataset/skeleton_final_v2/paper/paper-set2 (252).npy
the-finger,the-finger_9058,test,./data/raw/FullLabelled/the-finger/the-finger_9058.jpg,./dataset/skeleton_final_v2/the-finger/the-finger_9058.npy
scissors,scissors_2721,test,./data/raw/FullLabelled/scissors/scissors_2721.jpg,./dataset/skeleton_final_v2/scissors/scissors_2721.npy
paper,paper (280),test,./data/raw/FullLabelled/paper/paper (280).jpg,./dataset/skeleton_final_v2/paper/paper (280).npy
rock,rock (265),test,./data/raw/FullLabelled/rock/rock (265).jpg,./dataset/skeleton_final_v2/rock/rock (265).npy
scissors,scissors_7186,test,./data/raw/FullLabelled/scissors/scissors_7186.jpg,./dataset/skeleton_final_v2/scissors/scissors_7186.npy
scissors,scissors (210),test,./data/raw/FullLabelled/scissors/scissors (210).jpg,./dataset/skeleton_final_v2/scissors/scissors (210).npy
the-finger,the-finger-set2 (217),test,./data/raw/FullLabelled/the-finger/the-finger-set2 (217).jpg,./dataset/skeleton_final_v2/the-finger/the-finger-set2 (217).npy
paper,paper_6116,test,./data/raw/FullLabelled/paper/paper_6116.jpg,./dataset/skeleton_final_v2/paper/paper_6116.npy
scissors,scissors_2758,test,./data/raw/FullLabelled/scissors/scissors_2758.jpg,./dataset/skeleton_final_v2/scissors/scissors_2758.npy
ok,ok_Set2_ (357),test,./data/raw/FullLabelled/ok/ok_Set2_ (357).jpg,./dataset/skeleton_final_v2/ok/ok_Set2_ (357).npy
ok,ok_Set2_ (212),test,./data/raw/FullLabelled/ok/ok_Set2_ (212).jpg,./dataset/skeleton_final_v2/ok/ok_Set2_ (212).npy
paper,paper-set2 (297),test,./data/raw/FullLabelled/paper/paper-set2 (297).jpg,./dataset/skeleton_final_v2/paper/paper-set2 (297).npy
ok,ok_Set2_ (17),test,./data/raw/FullLabelled/ok/ok_Set2_ (17).jpg,./dataset/skeleton_final_v2/ok/ok_Set2_ (17).npy
scissors,scissors_1121,test,./data/raw/FullLabelled/scissors/scissors_1121.jpg,./dataset/skeleton_final_v2/scissors/scissors_1121.npy
ok,ok_Set2_ (166),test,./data/raw/FullLabelled/ok/ok_Set2_ (166).jpg,./dataset/skeleton_final_v2/ok/ok_Set2_ (166).npy
ok,ok_Set2_ (50),test,./data/raw/FullLabelled/ok/ok_Set2_ (50).jpg,./dataset/skeleton_final_v2/ok/ok_Set2_ (50).npy
the-finger,the-finger_7495,test,./data/raw/FullLabelled/the-finger/the-finger_7495.jpg,./dataset/skeleton_final_v2/the-finger/the-finger_7495.npy
rock,rock_688,test,./data/raw/FullLabelled/rock/rock_688.jpg,./dataset/skeleton_final_v2/rock/rock_688.npy
scissors,scissors-set2 (283),test,./data/raw/FullLabelled/scissors/scissors-set2 (283).jpg,./dataset/skeleton_final_v2/scissors/scissors-set2 (283).npy
the-finger,the-finger-set2 (86),test,./data/raw/FullLabelled/the-finger/the-finger-set2 (86).jpg,./dataset/skeleton_final_v2/the-finger/the-finger-set2 (86).npy
ok,ok_5293,test,./data/raw/FullLabelled/ok/ok_5293.jpg,./dataset/skeleton_final_v2/ok/ok_5293.npy
paper,paper_8734,test,./data/raw/FullLabelled/paper/paper_8734.jpg,./dataset/skeleton_final_v2/paper/paper_8734.npy
rock,rock (13),test,./data/raw/FullLabelled/rock/rock (13).jpg,./dataset/skeleton_final_v2/rock/rock (13).npy
